taper_peak,center_D,sigma_D,D,eta,delta_mu,acceptance_mismatch,refamp_beta_new
-1.0,5.7,0.08,5.627118644067797,0.2,14.001223580246943,0.0,0.0
-1.0,5.7,0.08,5.627118644067797,0.39,14.002086132355359,0.0,0.0
-1.0,5.7,0.08,5.627118644067797,0.5800000000000001,14.002948988771983,0.0,0.0
-1.0,5.7,0.08,5.627118644067797,0.77,14.003811551430914,0.0,0.0
-1.0,5.7,0.08,5.627118644067797,0.96,14.004674348055325,0.0,0.0
-1.0,5.7,0.08,5.627118644067797,1.15,14.00553652542807,0.0,0.0
-1.0,5.7,0.08,5.627118644067797,1.34,14.006398760729752,0.0,0.0
-1.0,5.7,0.08,5.627118644067797,1.53,14.007261300306986,0.0,0.0
-1.0,5.7,0.08,5.627118644067797,1.72,14.008124144250488,0.0,0.0
-1.0,5.7,0.08,5.627118644067797,1.91,14.008987292617093,0.0,0.0
-1.0,5.7,0.08,5.627118644067797,2.1,14.009849425815986,0.0,0.0
-1.0,5.7,0.08,5.627118644067797,2.29,14.010710675461276,0.0,0.0
-1.0,5.7,0.08,5.627118644067797,2.4800000000000004,14.011572229196723,0.0,0.0
-1.0,5.7,0.08,5.627118644067797,2.6700000000000004,14.012434087101632,0.0,0.0
-1.0,5.7,0.08,5.627118644067797,2.8600000000000003,14.013296249246693,0.0,0.0
-1.0,5.7,0.08,5.627118644067797,3.0500000000000003,14.014158715704284,0.0,0.0
-1.0,5.7,0.08,5.627118644067797,3.24,14.015021486542395,0.0,0.0
-1.0,5.7,0.08,5.627118644067797,3.43,14.01588456183822,0.0,0.0
-1.0,5.7,0.08,5.627118644067797,3.62,14.016747941664853,0.0,0.0
-1.0,5.7,0.08,5.627118644067797,3.81,14.017611626092709,0.0,0.0
-1.0,5.7,0.08,5.627118644067797,4.0,14.018475615194689,0.0,0.0
-1.0,5.7,0.08,5.898305084745763,0.2,-11.082530537352007,0.0,0.5180833272273546
-1.0,5.7,0.08,5.898305084745763,0.39,-11.0809713404933,0.0,0.5180833272273546
-1.0,5.7,0.08,5.898305084745763,0.5800000000000001,-11.079411835976074,0.0,0.5180833272273546
-1.0,5.7,0.08,5.898305084745763,0.77,-11.077852582648205,0.0,0.5180833272273546
-1.0,5.7,0.08,5.898305084745763,0.96,-11.076293087516213,0.0,0.5180833272273546
-1.0,5.7,0.08,5.898305084745763,1.15,-11.074734147654077,0.0,0.5180833272273546
-1.0,5.7,0.08,5.898305084745763,1.34,-11.073175130469082,0.0,0.5180833272273546
-1.0,5.7,0.08,5.898305084745763,1.53,-11.071615805788028,0.0,0.5180833272273546
-1.0,5.7,0.08,5.898305084745763,1.72,-11.070056173555514,0.0,0.5180833272273546
-1.0,5.7,0.08,5.898305084745763,1.91,-11.06849623372419,0.0,0.5180833272273546
-1.0,5.7,0.08,5.898305084745763,2.1,-11.066937219109164,0.0,0.5180833272273546
-1.0,5.7,0.08,5.898305084745763,2.29,-11.06537900670564,0.0,0.5180833272273546
-1.0,5.7,0.08,5.898305084745763,2.4800000000000004,-11.06382048703373,0.0,0.5180833272273546
-1.0,5.7,0.08,5.898305084745763,2.6700000000000004,-11.062261660036292,0.0,0.5180833272273546
-1.0,5.7,0.08,5.898305084745763,2.8600000000000003,-11.060702525680384,0.0,0.5180833272273546
-1.0,5.7,0.08,5.898305084745763,3.0500000000000003,-11.059143083896558,0.0,0.5180833272273546
-1.0,5.7,0.08,5.898305084745763,3.24,-11.057583334660912,0.0,0.5180833272273546
-1.0,5.7,0.08,5.898305084745763,3.43,-11.05602327790941,0.0,0.5180833272273546
-1.0,5.7,0.08,5.898305084745763,3.62,-11.054462913605406,0.0,0.5180833272273546
-1.0,5.7,0.08,5.898305084745763,3.81,-11.052902241697069,0.0,0.5180833272273546
-1.0,5.7,0.08,5.898305084745763,4.0,-11.051341262123877,0.0,0.5180833272273546
-1.0,5.7,0.08,6.169491525423729,0.2,-0.6776865015454518,0.0,0.01735301603172707
-1.0,5.7,0.08,6.169491525423729,0.39,-0.6756620424290674,0.0,0.01735301603172707
-1.0,5.7,0.08,6.169491525423729,0.5800000000000001,-0.6736373905668813,0.0,0.01735301603172707
-1.0,5.7,0.08,6.169491525423729,0.77,-0.6716130038363701,0.0,0.01735301603172707
-1.0,5.7,0.08,6.169491525423729,0.96,-0.6695884783087394,0.0,0.01735301603172707
-1.0,5.7,0.08,6.169491525423729,1.15,-0.6675644672226326,0.0,0.01735301603172707
-1.0,5.7,0.08,6.169491525423729,1.34,-0.6655404520867307,0.0,0.01735301603172707
-1.0,5.7,0.08,6.169491525423729,1.53,-0.6635162442491094,0.0,0.01735301603172707
-1.0,5.7,0.08,6.169491525423729,1.72,-0.6614918437516479,0.0,0.01735301603172707
-1.0,5.7,0.08,6.169491525423729,1.91,-0.6594672505552523,0.0,0.01735301603172707
-1.0,5.7,0.08,6.169491525423729,2.1,-0.657443474809611,0.0,0.01735301603172707
-1.0,5.7,0.08,6.169491525423729,2.29,-0.6554204157517205,0.0,0.01735301603172707
-1.0,5.7,0.08,6.169491525423729,2.4800000000000004,-0.653397164169462,0.0,0.01735301603172707
-1.0,5.7,0.08,6.169491525423729,2.6700000000000004,-0.6513737200957337,0.0,0.01735301603172707
-1.0,5.7,0.08,6.169491525423729,2.8600000000000003,-0.6493500834795043,0.0,0.01735301603172707
-1.0,5.7,0.08,6.169491525423729,3.0500000000000003,-0.6473262542959475,0.0,0.01735301603172707
-1.0,5.7,0.08,6.169491525423729,3.24,-0.6453022325297724,0.0,0.01735301603172707
-1.0,5.7,0.08,6.169491525423729,3.43,-0.6432780181578437,0.0,0.01735301603172707
-1.0,5.7,0.08,6.169491525423729,3.62,-0.641253611164629,0.0,0.01735301603172707
-1.0,5.7,0.08,6.169491525423729,3.81,-0.639229011500575,0.0,0.01735301603172707
-1.0,5.7,0.08,6.169491525423729,4.0,-0.6372042191847811,0.0,0.01735301603172707
-1.0,5.7,0.08,6.4406779661016955,0.2,30.244980944223272,0.0,0.00014565889088539912
-1.0,5.7,0.08,6.4406779661016955,0.39,30.245059423095768,0.0,0.00014565889088539912
-1.0,5.7,0.08,6.4406779661016955,0.5800000000000001,30.245137903849724,0.0,0.00014565889088539912
-1.0,5.7,0.08,6.4406779661016955,0.77,30.245216381756286,0.0,0.00014565889088539912
-1.0,5.7,0.08,6.4406779661016955,0.96,30.24529486085016,0.0,0.00014565889088539912
-1.0,5.7,0.08,6.4406779661016955,1.15,30.245373334534406,0.0,0.00014565889088539912
-1.0,5.7,0.08,6.4406779661016955,1.34,30.245451808173954,0.0,0.00014565889088539912
-1.0,5.7,0.08,6.4406779661016955,1.53,30.24553028349321,0.0,0.00014565889088539912
-1.0,5.7,0.08,6.4406779661016955,1.72,30.245608760729965,0.0,0.00014565889088539912
-1.0,5.7,0.08,6.4406779661016955,1.91,30.245687239837004,0.0,0.00014565889088539912
-1.0,5.7,0.08,6.4406779661016955,2.1,30.245765710272565,0.0,0.00014565889088539912
-1.0,5.7,0.08,6.4406779661016955,2.29,30.24584417319776,0.0,0.00014565889088539912
-1.0,5.7,0.08,6.4406779661016955,2.4800000000000004,30.245922637920017,0.0,0.00014565889088539912
-1.0,5.7,0.08,6.4406779661016955,2.6700000000000004,30.246001104505872,0.0,0.00014565889088539912
-1.0,5.7,0.08,6.4406779661016955,2.8600000000000003,30.246079572944744,0.0,0.00014565889088539912
-1.0,5.7,0.08,6.4406779661016955,3.0500000000000003,30.246158043206734,0.0,0.00014565889088539912
-1.0,5.7,0.08,6.4406779661016955,3.24,30.246236515321748,0.0,0.00014565889088539912
-1.0,5.7,0.08,6.4406779661016955,3.43,30.246314989308843,0.0,0.00014565889088539912
-1.0,5.7,0.08,6.4406779661016955,3.62,30.246393465132073,0.0,0.00014565889088539912
-1.0,5.7,0.08,6.4406779661016955,3.81,30.246471942764977,0.0,0.00014565889088539912
-1.0,5.7,0.08,6.4406779661016955,4.0,30.24655042227532,0.0,0.00014565889088539912
-1.0,5.7,0.08,6.711864406779661,0.2,-0.21506689035745552,0.0,1.944616747494886e-07
-1.0,5.7,0.08,6.711864406779661,0.39,-0.21504736030247074,0.0,1.944616747494886e-07
-1.0,5.7,0.08,6.711864406779661,0.5800000000000001,-0.21502782975811385,0.0,1.944616747494886e-07
-1.0,5.7,0.08,6.711864406779661,0.77,-0.2150082997991163,0.0,1.944616747494886e-07
-1.0,5.7,0.08,6.711864406779661,0.96,-0.21498876991786986,0.0,1.944616747494886e-07
-1.0,5.7,0.08,6.711864406779661,1.15,-0.21496924125160888,0.0,1.944616747494886e-07
-1.0,5.7,0.08,6.711864406779661,1.34,-0.2149497127326221,0.0,1.944616747494886e-07
-1.0,5.7,0.08,6.711864406779661,1.53,-0.21493018403095832,0.0,1.944616747494886e-07
-1.0,5.7,0.08,6.711864406779661,1.72,-0.2149106550837736,0.0,1.944616747494886e-07
-1.0,5.7,0.08,6.711864406779661,1.91,-0.2148911258333115,0.0,1.944616747494886e-07
-1.0,5.7,0.08,6.711864406779661,2.1,-0.21487159856048876,0.0,1.944616747494886e-07
-1.0,5.7,0.08,6.711864406779661,2.29,-0.2148520730258774,0.0,1.944616747494886e-07
-1.0,5.7,0.08,6.711864406779661,2.4800000000000004,-0.21483254719030143,0.0,1.944616747494886e-07
-1.0,5.7,0.08,6.711864406779661,2.6700000000000004,-0.2148130211527608,0.0,1.944616747494886e-07
-1.0,5.7,0.08,6.711864406779661,2.8600000000000003,-0.21479349485131038,0.0,1.944616747494886e-07
-1.0,5.7,0.08,6.711864406779661,3.0500000000000003,-0.2147739683180312,0.0,1.944616747494886e-07
-1.0,5.7,0.08,6.711864406779661,3.24,-0.21475444151986167,0.0,1.944616747494886e-07
-1.0,5.7,0.08,6.711864406779661,3.43,-0.2147349144493056,0.0,1.944616747494886e-07
-1.0,5.7,0.08,6.711864406779661,3.62,-0.21471538712178173,0.0,1.944616747494886e-07
-1.0,5.7,0.08,6.711864406779661,3.81,-0.21469585958978854,0.0,1.944616747494886e-07
-1.0,5.7,0.08,6.711864406779661,4.0,-0.21467633176576584,0.0,1.944616747494886e-07
-1.0,5.7,0.12,5.627118644067797,0.2,14.00897388488547,0.0,0.15815834894790604
-1.0,5.7,0.12,5.627118644067797,0.39,14.009836835868796,0.0,0.15815834894790604
-1.0,5.7,0.12,5.627118644067797,0.5800000000000001,14.01070009119639,0.0,0.15815834894790604
-1.0,5.7,0.12,5.627118644067797,0.77,14.011563052722863,0.0,0.15815834894790604
-1.0,5.7,0.12,5.627118644067797,0.96,14.012426248241525,0.0,0.15815834894790604
-1.0,5.7,0.12,5.627118644067797,1.15,14.013288824421785,0.0,0.15815834894790604
-1.0,5.7,0.12,5.627118644067797,1.34,14.0141514585343,0.0,0.15815834894790604
-1.0,5.7,0.12,5.627118644067797,1.53,14.01501439695842,0.0,0.15815834894790604
-1.0,5.7,0.12,5.627118644067797,1.72,14.015877639784875,0.0,0.15815834894790604
-1.0,5.7,0.12,5.627118644067797,1.91,14.016741187070508,0.0,0.15815834894790604
-1.0,5.7,0.12,5.627118644067797,2.1,14.017603719049042,0.0,0.15815834894790604
-1.0,5.7,0.12,5.627118644067797,2.29,14.018465367352107,0.0,0.15815834894790604
-1.0,5.7,0.12,5.627118644067797,2.4800000000000004,14.019327319781382,0.0,0.15815834894790604
-1.0,5.7,0.12,5.627118644067797,2.6700000000000004,14.020189576416122,0.0,0.15815834894790604
-1.0,5.7,0.12,5.627118644067797,2.8600000000000003,14.021052137327047,0.0,0.15815834894790604
-1.0,5.7,0.12,5.627118644067797,3.0500000000000003,14.021915002586553,0.0,0.15815834894790604
-1.0,5.7,0.12,5.627118644067797,3.24,14.02277817226264,0.0,0.15815834894790604
-1.0,5.7,0.12,5.627118644067797,3.43,14.023641646432509,0.0,0.15815834894790604
-1.0,5.7,0.12,5.627118644067797,3.62,14.024505425169252,0.0,0.15815834894790604
-1.0,5.7,0.12,5.627118644067797,3.81,14.025369508543264,0.0,0.15815834894790604
-1.0,5.7,0.12,5.627118644067797,4.0,14.026233896627524,0.0,0.15815834894790604
-1.0,5.7,0.12,5.898305084745763,0.2,-9.206454345434054,0.0,1.0
-1.0,5.7,0.12,5.898305084745763,0.39,-9.204806971672255,0.0,1.0
-1.0,5.7,0.12,5.898305084745763,0.5800000000000001,-9.203159281521366,0.0,1.0
-1.0,5.7,0.12,5.898305084745763,0.77,-9.201511850678628,0.0,1.0
-1.0,5.7,0.12,5.898305084745763,0.96,-9.199864171283053,0.0,1.0
-1.0,5.7,0.12,5.898305084745763,1.15,-9.198217064450034,0.0,1.0
-1.0,5.7,0.12,5.898305084745763,1.34,-9.196569878505997,0.0,1.0
-1.0,5.7,0.12,5.898305084745763,1.53,-9.194922376337445,0.0,1.0
-1.0,5.7,0.12,5.898305084745763,1.72,-9.193274557887449,0.0,1.0
-1.0,5.7,0.12,5.898305084745763,1.91,-9.191626423107309,0.0,1.0
-1.0,5.7,0.12,5.898305084745763,2.1,-9.18997924199084,0.0,1.0
-1.0,5.7,0.12,5.898305084745763,2.29,-9.188332887824956,0.0,1.0
-1.0,5.7,0.12,5.898305084745763,2.4800000000000004,-9.186686217668964,0.0,1.0
-1.0,5.7,0.12,5.898305084745763,2.6700000000000004,-9.185039231464614,0.0,1.0
-1.0,5.7,0.12,5.898305084745763,2.8600000000000003,-9.183391929177304,0.0,1.0
-1.0,5.7,0.12,5.898305084745763,3.0500000000000003,-9.181744310736391,0.0,1.0
-1.0,5.7,0.12,5.898305084745763,3.24,-9.180096376116396,0.0,1.0
-1.0,5.7,0.12,5.898305084745763,3.43,-9.17844812525233,0.0,1.0
-1.0,5.7,0.12,5.898305084745763,3.62,-9.176799558105657,0.0,1.0
-1.0,5.7,0.12,5.898305084745763,3.81,-9.175150674623339,0.0,1.0
-1.0,5.7,0.12,5.898305084745763,4.0,-9.173501474743603,0.0,1.0
-1.0,5.7,0.12,6.169491525423729,0.2,-0.6577505408311168,0.0,0.02041253269413721
-1.0,5.7,0.12,6.169491525423729,0.39,-0.6557253835674999,0.0,0.02041253269413721
-1.0,5.7,0.12,6.169491525423729,0.5800000000000001,-0.6537000335060839,0.0,0.02041253269413721
-1.0,5.7,0.12,6.169491525423729,0.77,-0.651674948650836,0.0,0.02041253269413721
-1.0,5.7,0.12,6.169491525423729,0.96,-0.6496497249612503,0.0,0.02041253269413721
-1.0,5.7,0.12,6.169491525423729,1.15,-0.6476250158565904,0.0,0.02041253269413721
-1.0,5.7,0.12,6.169491525423729,1.34,-0.6456003027021495,0.0,0.02041253269413721
-1.0,5.7,0.12,6.169491525423729,1.53,-0.6435753967940343,0.0,0.02041253269413721
-1.0,5.7,0.12,6.169491525423729,1.72,-0.6415502981740389,0.0,0.02041253269413721
-1.0,5.7,0.12,6.169491525423729,1.91,-0.639525006803126,0.0,0.02041253269413721
-1.0,5.7,0.12,6.169491525423729,2.1,-0.6375005331099572,0.0,0.02041253269413721
-1.0,5.7,0.12,6.169491525423729,2.29,-0.6354767763036904,0.0,0.02041253269413721
-1.0,5.7,0.12,6.169491525423729,2.4800000000000004,-0.6334528269211148,0.0,0.02041253269413721
-1.0,5.7,0.12,6.169491525423729,2.6700000000000004,-0.6314286849950719,0.0,0.02041253269413721
-1.0,5.7,0.12,6.169491525423729,2.8600000000000003,-0.6294043504745872,0.0,0.02041253269413721
-1.0,5.7,0.12,6.169491525423729,3.0500000000000003,-0.6273798233348202,0.0,0.02041253269413721
-1.0,5.7,0.12,6.169491525423729,3.24,-0.6253551035604232,0.0,0.02041253269413721
-1.0,5.7,0.12,6.169491525423729,3.43,-0.623330191128332,0.0,0.02041253269413721
-1.0,5.7,0.12,6.169491525423729,3.62,-0.6213050860229004,0.0,0.02041253269413721
-1.0,5.7,0.12,6.169491525423729,3.81,-0.6192797881946746,0.0,0.02041253269413721
-1.0,5.7,0.12,6.169491525423729,4.0,-0.6172542976627255,0.0,0.02041253269413721
-1.0,5.7,0.12,6.4406779661016955,0.2,30.244981323185712,0.0,0.00014571319474252596
-1.0,5.7,0.12,6.4406779661016955,0.39,30.24505980205916,0.0,0.00014571319474252596
-1.0,5.7,0.12,6.4406779661016955,0.5800000000000001,30.245138282814125,0.0,0.00014571319474252596
-1.0,5.7,0.12,6.4406779661016955,0.77,30.245216760721654,0.0,0.00014571319474252596
-1.0,5.7,0.12,6.4406779661016955,0.96,30.24529523981652,0.0,0.00014571319474252596
-1.0,5.7,0.12,6.4406779661016955,1.15,30.245373713501763,0.0,0.00014571319474252596
-1.0,5.7,0.12,6.4406779661016955,1.34,30.245452187142277,0.0,0.00014571319474252596
-1.0,5.7,0.12,6.4406779661016955,1.53,30.245530662462542,0.0,0.00014571319474252596
-1.0,5.7,0.12,6.4406779661016955,1.72,30.245609139700264,0.0,0.00014571319474252596
-1.0,5.7,0.12,6.4406779661016955,1.91,30.24568761880831,0.0,0.00014571319474252596
-1.0,5.7,0.12,6.4406779661016955,2.1,30.24576608924488,0.0,0.00014571319474252596
-1.0,5.7,0.12,6.4406779661016955,2.29,30.245844552171015,0.0,0.00014571319474252596
-1.0,5.7,0.12,6.4406779661016955,2.4800000000000004,30.245923016894267,0.0,0.00014571319474252596
-1.0,5.7,0.12,6.4406779661016955,2.6700000000000004,30.246001483481116,0.0,0.00014571319474252596
-1.0,5.7,0.12,6.4406779661016955,2.8600000000000003,30.246079951920983,0.0,0.00014571319474252596
-1.0,5.7,0.12,6.4406779661016955,3.0500000000000003,30.246158422183953,0.0,0.00014571319474252596
-1.0,5.7,0.12,6.4406779661016955,3.24,30.246236894299933,0.0,0.00014571319474252596
-1.0,5.7,0.12,6.4406779661016955,3.43,30.246315368288023,0.0,0.00014571319474252596
-1.0,5.7,0.12,6.4406779661016955,3.62,30.24639384411222,0.0,0.00014571319474252596
-1.0,5.7,0.12,6.4406779661016955,3.81,30.246472321746104,0.0,0.00014571319474252596
-1.0,5.7,0.12,6.4406779661016955,4.0,30.24655080125747,0.0,0.00014571319474252596
-1.0,5.7,0.12,6.711864406779661,0.2,-0.21506689035745552,0.0,1.9446167980160632e-07
-1.0,5.7,0.12,6.711864406779661,0.39,-0.21504736030247074,0.0,1.9446167980160632e-07
-1.0,5.7,0.12,6.711864406779661,0.5800000000000001,-0.21502782975811385,0.0,1.9446167980160632e-07
-1.0,5.7,0.12,6.711864406779661,0.77,-0.2150082997991163,0.0,1.9446167980160632e-07
-1.0,5.7,0.12,6.711864406779661,0.96,-0.21498876991786986,0.0,1.9446167980160632e-07
-1.0,5.7,0.12,6.711864406779661,1.15,-0.21496924125160888,0.0,1.9446167980160632e-07
-1.0,5.7,0.12,6.711864406779661,1.34,-0.2149497127326221,0.0,1.9446167980160632e-07
-1.0,5.7,0.12,6.711864406779661,1.53,-0.21493018403095832,0.0,1.9446167980160632e-07
-1.0,5.7,0.12,6.711864406779661,1.72,-0.2149106550837736,0.0,1.9446167980160632e-07
-1.0,5.7,0.12,6.711864406779661,1.91,-0.2148911258333115,0.0,1.9446167980160632e-07
-1.0,5.7,0.12,6.711864406779661,2.1,-0.21487159856048876,0.0,1.9446167980160632e-07
-1.0,5.7,0.12,6.711864406779661,2.29,-0.2148520730258774,0.0,1.9446167980160632e-07
-1.0,5.7,0.12,6.711864406779661,2.4800000000000004,-0.21483254719030143,0.0,1.9446167980160632e-07
-1.0,5.7,0.12,6.711864406779661,2.6700000000000004,-0.2148130211527608,0.0,1.9446167980160632e-07
-1.0,5.7,0.12,6.711864406779661,2.8600000000000003,-0.21479349485131038,0.0,1.9446167980160632e-07
-1.0,5.7,0.12,6.711864406779661,3.0500000000000003,-0.2147739683180312,0.0,1.9446167980160632e-07
-1.0,5.7,0.12,6.711864406779661,3.24,-0.21475444151986167,0.0,1.9446167980160632e-07
-1.0,5.7,0.12,6.711864406779661,3.43,-0.2147349144493056,0.0,1.9446167980160632e-07
-1.0,5.7,0.12,6.711864406779661,3.62,-0.21471538712178173,0.0,1.9446167980160632e-07
-1.0,5.7,0.12,6.711864406779661,3.81,-0.21469585958978854,0.0,1.9446167980160632e-07
-1.0,5.7,0.12,6.711864406779661,4.0,-0.21467633176576584,0.0,1.9446167980160632e-07
-1.0,5.7,0.16,5.627118644067797,0.2,14.016604319117441,0.0,0.3138499976189648
-1.0,5.7,0.16,5.627118644067797,0.39,14.017467662806446,0.0,0.3138499976189648
-1.0,5.7,0.16,5.627118644067797,0.5800000000000001,14.018331310875261,0.0,0.3138499976189648
-1.0,5.7,0.16,5.627118644067797,0.77,14.019194665100152,0.0,0.3138499976189648
-1.0,5.7,0.16,5.627118644067797,0.96,14.020058253343542,0.0,0.3138499976189648
-1.0,5.7,0.16,5.627118644067797,1.15,14.020921222163146,0.0,0.3138499976189648
-1.0,5.7,0.16,5.627118644067797,1.34,14.021784248918266,0.0,0.3138499976189648
-1.0,5.7,0.16,5.627118644067797,1.53,14.022647580020497,0.0,0.3138499976189648
-1.0,5.7,0.16,5.627118644067797,1.72,14.023511215560575,0.0,0.3138499976189648
-1.0,5.7,0.16,5.627118644067797,1.91,14.024375155595315,0.0,0.3138499976189648
-1.0,5.7,0.16,5.627118644067797,2.1,14.025238080185787,0.0,0.3138499976189648
-1.0,5.7,0.16,5.627118644067797,2.29,14.026100120980779,0.0,0.3138499976189648
-1.0,5.7,0.16,5.627118644067797,2.4800000000000004,14.026962465937423,0.0,0.3138499976189648
-1.0,5.7,0.16,5.627118644067797,2.6700000000000004,14.027825115135037,0.0,0.3138499976189648
-1.0,5.7,0.16,5.627118644067797,2.8600000000000003,14.028688068644314,0.0,0.3138499976189648
-1.0,5.7,0.16,5.627118644067797,3.0500000000000003,14.029551326537643,0.0,0.3138499976189648
-1.0,5.7,0.16,5.627118644067797,3.24,14.030414888883051,0.0,0.3138499976189648
-1.0,5.7,0.16,5.627118644067797,3.43,14.03127875575776,0.0,0.3138499976189648
-1.0,5.7,0.16,5.627118644067797,3.62,14.032142927234837,0.0,0.3138499976189648
-1.0,5.7,0.16,5.627118644067797,3.81,14.033007403384723,0.0,0.3138499976189648
-1.0,5.7,0.16,5.627118644067797,4.0,14.033872184280376,0.0,0.3138499976189648
-1.0,5.7,0.16,5.898305084745763,0.2,-9.206454345434054,0.0,1.0
-1.0,5.7,0.16,5.898305084745763,0.39,-9.204806971672255,0.0,1.0
-1.0,5.7,0.16,5.898305084745763,0.5800000000000001,-9.203159281521366,0.0,1.0
-1.0,5.7,0.16,5.898305084745763,0.77,-9.201511850678628,0.0,1.0
-1.0,5.7,0.16,5.898305084745763,0.96,-9.199864171283053,0.0,1.0
-1.0,5.7,0.16,5.898305084745763,1.15,-9.198217064450034,0.0,1.0
-1.0,5.7,0.16,5.898305084745763,1.34,-9.196569878505997,0.0,1.0
-1.0,5.7,0.16,5.898305084745763,1.53,-9.194922376337445,0.0,1.0
-1.0,5.7,0.16,5.898305084745763,1.72,-9.193274557887449,0.0,1.0
-1.0,5.7,0.16,5.898305084745763,1.91,-9.191626423107309,0.0,1.0
-1.0,5.7,0.16,5.898305084745763,2.1,-9.18997924199084,0.0,1.0
-1.0,5.7,0.16,5.898305084745763,2.29,-9.188332887824956,0.0,1.0
-1.0,5.7,0.16,5.898305084745763,2.4800000000000004,-9.186686217668964,0.0,1.0
-1.0,5.7,0.16,5.898305084745763,2.6700000000000004,-9.185039231464614,0.0,1.0
-1.0,5.7,0.16,5.898305084745763,2.8600000000000003,-9.183391929177304,0.0,1.0
-1.0,5.7,0.16,5.898305084745763,3.0500000000000003,-9.181744310736391,0.0,1.0
-1.0,5.7,0.16,5.898305084745763,3.24,-9.180096376116396,0.0,1.0
-1.0,5.7,0.16,5.898305084745763,3.43,-9.17844812525233,0.0,1.0
-1.0,5.7,0.16,5.898305084745763,3.62,-9.176799558105657,0.0,1.0
-1.0,5.7,0.16,5.898305084745763,3.81,-9.175150674623339,0.0,1.0
-1.0,5.7,0.16,5.898305084745763,4.0,-9.173501474743603,0.0,1.0
-1.0,5.7,0.16,6.169491525423729,0.2,-0.25094309851135677,0.0,0.08266032067028467
-1.0,5.7,0.16,6.169491525423729,0.39,-0.24890369505770593,0.0,0.08266032067028467
-1.0,5.7,0.16,6.169491525423729,0.5800000000000001,-0.2468640977445773,0.0,0.08266032067028467
-1.0,5.7,0.16,6.169491525423729,0.77,-0.24482476715790824,0.0,0.08266032067028467
-1.0,5.7,0.16,6.169491525423729,0.96,-0.24278529697856754,0.0,0.08266032067028467
-1.0,5.7,0.16,6.169491525423729,1.15,-0.24074634430868969,0.0,0.08266032067028467
-1.0,5.7,0.16,6.169491525423729,1.34,-0.23870738759066512,0.0,0.08266032067028467
-1.0,5.7,0.16,6.169491525423729,1.53,-0.23666823705795537,0.0,0.08266032067028467
-1.0,5.7,0.16,6.169491525423729,1.72,-0.23462889275187138,0.0,0.08266032067028467
-1.0,5.7,0.16,6.169491525423729,1.91,-0.23258935463351804,0.0,0.08266032067028467
-1.0,5.7,0.16,6.169491525423729,2.1,-0.23055063882529225,0.0,0.08266032067028467
-1.0,5.7,0.16,6.169491525423729,2.29,-0.2285126439676617,0.0,0.08266032067028467
-1.0,5.7,0.16,6.169491525423729,2.4800000000000004,-0.22647445547359268,0.0,0.08266032067028467
-1.0,5.7,0.16,6.169491525423729,2.6700000000000004,-0.22443607337578442,0.0,0.08266032067028467
-1.0,5.7,0.16,6.169491525423729,2.8600000000000003,-0.2223974976230778,0.0,0.08266032067028467
-1.0,5.7,0.16,6.169491525423729,3.0500000000000003,-0.22035872819060387,0.0,0.08266032067028467
-1.0,5.7,0.16,6.169491525423729,3.24,-0.2183197650627875,0.0,0.08266032067028467
-1.0,5.7,0.16,6.169491525423729,3.43,-0.21628060821652184,0.0,0.08266032067028467
-1.0,5.7,0.16,6.169491525423729,3.62,-0.214241257635976,0.0,0.08266032067028467
-1.0,5.7,0.16,6.169491525423729,3.81,-0.21220171327162518,0.0,0.08266032067028467
-1.0,5.7,0.16,6.169491525423729,4.0,-0.21016197514236978,0.0,0.08266032067028467
-1.0,5.7,0.16,6.4406779661016955,0.2,30.246163973331008,0.0,0.0003151810660131589
-1.0,5.7,0.16,6.4406779661016955,0.39,30.2462424552793,0.0,0.0003151810660131589
-1.0,5.7,0.16,6.4406779661016955,0.5800000000000001,30.246320939109097,0.0,0.0003151810660131589
-1.0,5.7,0.16,6.4406779661016955,0.77,30.246399420091457,0.0,0.0003151810660131589
-1.0,5.7,0.16,6.4406779661016955,0.96,30.246477902261084,0.0,0.0003151810660131589
-1.0,5.7,0.16,6.4406779661016955,1.15,30.246556379021087,0.0,0.0003151810660131589
-1.0,5.7,0.16,6.4406779661016955,1.34,30.24663485573629,0.0,0.0003151810660131589
-1.0,5.7,0.16,6.4406779661016955,1.53,30.24671333413127,0.0,0.0003151810660131589
-1.0,5.7,0.16,6.4406779661016955,1.72,30.246791814443768,0.0,0.0003151810660131589
-1.0,5.7,0.16,6.4406779661016955,1.91,30.246870296626547,0.0,0.0003151810660131589
-1.0,5.7,0.16,6.4406779661016955,2.1,30.246948770137735,0.0,0.0003151810660131589
-1.0,5.7,0.16,6.4406779661016955,2.29,30.247027236138358,0.0,0.0003151810660131589
-1.0,5.7,0.16,6.4406779661016955,2.4800000000000004,30.24710570393613,0.0,0.0003151810660131589
-1.0,5.7,0.16,6.4406779661016955,2.6700000000000004,30.247184173597525,0.0,0.0003151810660131589
-1.0,5.7,0.16,6.4406779661016955,2.8600000000000003,30.24726264511191,0.0,0.0003151810660131589
-1.0,5.7,0.16,6.4406779661016955,3.0500000000000003,30.24734111844947,0.0,0.0003151810660131589
-1.0,5.7,0.16,6.4406779661016955,3.24,30.247419593640053,0.0,0.0003151810660131589
-1.0,5.7,0.16,6.4406779661016955,3.43,30.24749807070272,0.0,0.0003151810660131589
-1.0,5.7,0.16,6.4406779661016955,3.62,30.24757654960156,0.0,0.0003151810660131589
-1.0,5.7,0.16,6.4406779661016955,3.81,30.247655030310092,0.0,0.0003151810660131589
-1.0,5.7,0.16,6.4406779661016955,4.0,30.24773351289612,0.0,0.0003151810660131589
-1.0,5.7,0.16,6.711864406779661,0.2,-0.21506684863181036,0.0,2.160076532706125e-07
-1.0,5.7,0.16,6.711864406779661,0.39,-0.21504731857675097,0.0,2.160076532706125e-07
-1.0,5.7,0.16,6.711864406779661,0.5800000000000001,-0.21502778803231237,0.0,2.160076532706125e-07
-1.0,5.7,0.16,6.711864406779661,0.77,-0.2150082580732331,0.0,2.160076532706125e-07
-1.0,5.7,0.16,6.711864406779661,0.96,-0.2149887281919156,0.0,2.160076532706125e-07
-1.0,5.7,0.16,6.711864406779661,1.15,-0.2149691995255658,0.0,2.160076532706125e-07
-1.0,5.7,0.16,6.711864406779661,1.34,-0.21494967100650442,0.0,2.160076532706125e-07
-1.0,5.7,0.16,6.711864406779661,1.53,-0.21493014230476604,0.0,2.160076532706125e-07
-1.0,5.7,0.16,6.711864406779661,1.72,-0.21491061335750317,0.0,2.160076532706125e-07
-1.0,5.7,0.16,6.711864406779661,1.91,-0.21489108410695934,0.0,2.160076532706125e-07
-1.0,5.7,0.16,6.711864406779661,2.1,-0.21487155683405135,0.0,2.160076532706125e-07
-1.0,5.7,0.16,6.711864406779661,2.29,-0.2148520312993618,0.0,2.160076532706125e-07
-1.0,5.7,0.16,6.711864406779661,2.4800000000000004,-0.21483250546371124,0.0,2.160076532706125e-07
-1.0,5.7,0.16,6.711864406779661,2.6700000000000004,-0.2148129794260889,0.0,2.160076532706125e-07
-1.0,5.7,0.16,6.711864406779661,2.8600000000000003,-0.21479345312456033,0.0,2.160076532706125e-07
-1.0,5.7,0.16,6.711864406779661,3.0500000000000003,-0.21477392659120653,0.0,2.160076532706125e-07
-1.0,5.7,0.16,6.711864406779661,3.24,-0.21475439979295885,0.0,2.160076532706125e-07
-1.0,5.7,0.16,6.711864406779661,3.43,-0.21473487272232106,0.0,2.160076532706125e-07
-1.0,5.7,0.16,6.711864406779661,3.62,-0.21471534539471904,0.0,2.160076532706125e-07
-1.0,5.7,0.16,6.711864406779661,3.81,-0.21469581786264058,0.0,2.160076532706125e-07
-1.0,5.7,0.16,6.711864406779661,4.0,-0.21467629003854327,0.0,2.160076532706125e-07
-1.0,5.76,0.08,5.627118644067797,0.2,14.016000751675712,0.0,0.3015355283496133
-1.0,5.76,0.08,5.627118644067797,0.39,14.0168640643017,0.0,0.3015355283496133
-1.0,5.76,0.08,5.627118644067797,0.5800000000000001,14.017727681304677,0.0,0.3015355283496133
-1.0,5.76,0.08,5.627118644067797,0.77,14.018591004467126,0.0,0.3015355283496133
-1.0,5.76,0.08,5.627118644067797,0.96,14.019454561645972,0.0,0.3015355283496133
-1.0,5.76,0.08,5.627118644067797,1.15,14.020317499407803,0.0,0.3015355283496133
-1.0,5.76,0.08,5.627118644067797,1.34,14.021180495104886,0.0,0.3015355283496133
-1.0,5.76,0.08,5.627118644067797,1.53,14.022043795146281,0.0,0.3015355283496133
-1.0,5.76,0.08,5.627118644067797,1.72,14.022907399622696,0.0,0.3015355283496133
-1.0,5.76,0.08,5.627118644067797,1.91,14.023771308590987,0.0,0.3015355283496133
-1.0,5.76,0.08,5.627118644067797,2.1,14.024634202125846,0.0,0.3015355283496133
-1.0,5.76,0.08,5.627118644067797,2.29,14.025496211874717,0.0,0.3015355283496133
-1.0,5.76,0.08,5.627118644067797,2.4800000000000004,14.026358525782442,0.0,0.3015355283496133
-1.0,5.76,0.08,5.627118644067797,2.6700000000000004,14.027221143928344,0.0,0.3015355283496133
-1.0,5.76,0.08,5.627118644067797,2.8600000000000003,14.02808406638308,0.0,0.3015355283496133
-1.0,5.76,0.08,5.627118644067797,3.0500000000000003,14.028947293219069,0.0,0.3015355283496133
-1.0,5.76,0.08,5.627118644067797,3.24,14.029810824504331,0.0,0.3015355283496133
-1.0,5.76,0.08,5.627118644067797,3.43,14.030674660316066,0.0,0.3015355283496133
-1.0,5.76,0.08,5.627118644067797,3.62,14.03153880072739,0.0,0.3015355283496133
-1.0,5.76,0.08,5.627118644067797,3.81,14.032403245808695,0.0,0.3015355283496133
-1.0,5.76,0.08,5.627118644067797,4.0,14.033267995632961,0.0,0.3015355283496133
-1.0,5.76,0.08,5.898305084745763,0.2,-9.331337809309332,0.0,0.9683616454187511
-1.0,5.76,0.08,5.898305084745763,0.39,-9.32969630515835,0.0,0.9683616454187511
-1.0,5.76,0.08,5.898305084745763,0.5800000000000001,-9.328054485199416,0.0,0.9683616454187511
-1.0,5.76,0.08,5.898305084745763,0.77,-9.326412924008203,0.0,0.9683616454187511
-1.0,5.76,0.08,5.898305084745763,0.96,-9.324771114713421,0.0,0.9683616454187511
-1.0,5.76,0.08,5.898305084745763,1.15,-9.323129876830073,0.0,0.9683616454187511
-1.0,5.76,0.08,5.898305084745763,1.34,-9.321488559954702,0.0,0.9683616454187511
-1.0,5.76,0.08,5.898305084745763,1.53,-9.319846927435876,0.0,0.9683616454187511
-1.0,5.76,0.08,5.898305084745763,1.72,-9.318204979216702,0.0,0.9683616454187511
-1.0,5.76,0.08,5.898305084745763,1.91,-9.316562715248594,0.0,0.9683616454187511
-1.0,5.76,0.08,5.898305084745763,2.1,-9.314921403050548,0.0,0.9683616454187511
-1.0,5.76,0.08,5.898305084745763,2.29,-9.31328091615628,0.0,0.9683616454187511
-1.0,5.76,0.08,5.898305084745763,2.4800000000000004,-9.311640113852498,0.0,0.9683616454187511
-1.0,5.76,0.08,5.898305084745763,2.6700000000000004,-9.309998996080964,0.0,0.9683616454187511
-1.0,5.76,0.08,5.898305084745763,2.8600000000000003,-9.308357562807245,0.0,0.9683616454187511
-1.0,5.76,0.08,5.898305084745763,3.0500000000000003,-9.306715813960764,0.0,0.9683616454187511
-1.0,5.76,0.08,5.898305084745763,3.24,-9.305073749516168,0.0,0.9683616454187511
-1.0,5.76,0.08,5.898305084745763,3.43,-9.303431369408457,0.0,0.9683616454187511
-1.0,5.76,0.08,5.898305084745763,3.62,-9.30178867359929,0.0,0.9683616454187511
-1.0,5.76,0.08,5.898305084745763,3.81,-9.300145662035703,0.0,0.9683616454187511
-1.0,5.76,0.08,5.898305084745763,4.0,-9.298502334655979,0.0,0.9683616454187511
-1.0,5.76,0.08,6.169491525423729,0.2,-0.6775761714683171,0.0,0.01736995040827285
-1.0,5.76,0.08,6.169491525423729,0.39,-0.6755517084882143,0.0,0.01736995040827285
-1.0,5.76,0.08,6.169491525423729,0.5800000000000001,-0.6735270527620543,0.0,0.01736995040827285
-1.0,5.76,0.08,6.169491525423729,0.77,-0.6715026621679812,0.0,0.01736995040827285
-1.0,5.76,0.08,6.169491525423729,0.96,-0.6694781327765327,0.0,0.01736995040827285
-1.0,5.76,0.08,6.169491525423729,1.15,-0.6674541178274467,0.0,0.01736995040827285
-1.0,5.76,0.08,6.169491525423729,1.34,-0.6654300988285513,0.0,0.01736995040827285
-1.0,5.76,0.08,6.169491525423729,1.53,-0.6634058871276522,0.0,0.01736995040827285
-1.0,5.76,0.08,6.169491525423729,1.72,-0.6613814827666147,0.0,0.01736995040827285
-1.0,5.76,0.08,6.169491525423729,1.91,-0.6593568857063588,0.0,0.01736995040827285
-1.0,5.76,0.08,6.169491525423729,2.1,-0.6573331060981502,0.0,0.01736995040827285
-1.0,5.76,0.08,6.169491525423729,2.29,-0.6553100431787442,0.0,0.01736995040827285
-1.0,5.76,0.08,6.169491525423729,2.4800000000000004,-0.6532867877347144,0.0,0.01736995040827285
-1.0,5.76,0.08,6.169491525423729,2.6700000000000004,-0.651263339798902,0.0,0.01736995040827285
-1.0,5.76,0.08,6.169491525423729,2.8600000000000003,-0.6492396993203045,0.0,0.01736995040827285
-1.0,5.76,0.08,6.169491525423729,3.0500000000000003,-0.6472158662741379,0.0,0.01736995040827285
-1.0,5.76,0.08,6.169491525423729,3.24,-0.6451918406450261,0.0,0.01736995040827285
-1.0,5.76,0.08,6.169491525423729,3.43,-0.6431676224098624,0.0,0.01736995040827285
-1.0,5.76,0.08,6.169491525423729,3.62,-0.6411432115531142,0.0,0.01736995040827285
-1.0,5.76,0.08,6.169491525423729,3.81,-0.6391186080252993,0.0,0.01736995040827285
-1.0,5.76,0.08,6.169491525423729,4.0,-0.6370938118454177,0.0,0.01736995040827285
-1.0,5.76,0.08,6.4406779661016955,0.2,30.244980944223272,0.0,0.00014565889088806726
-1.0,5.76,0.08,6.4406779661016955,0.39,30.245059423095768,0.0,0.00014565889088806726
-1.0,5.76,0.08,6.4406779661016955,0.5800000000000001,30.245137903849724,0.0,0.00014565889088806726
-1.0,5.76,0.08,6.4406779661016955,0.77,30.245216381756286,0.0,0.00014565889088806726
-1.0,5.76,0.08,6.4406779661016955,0.96,30.24529486085016,0.0,0.00014565889088806726
-1.0,5.76,0.08,6.4406779661016955,1.15,30.245373334534406,0.0,0.00014565889088806726
-1.0,5.76,0.08,6.4406779661016955,1.34,30.245451808173954,0.0,0.00014565889088806726
-1.0,5.76,0.08,6.4406779661016955,1.53,30.24553028349321,0.0,0.00014565889088806726
-1.0,5.76,0.08,6.4406779661016955,1.72,30.245608760729965,0.0,0.00014565889088806726
-1.0,5.76,0.08,6.4406779661016955,1.91,30.245687239837004,0.0,0.00014565889088806726
-1.0,5.76,0.08,6.4406779661016955,2.1,30.245765710272565,0.0,0.00014565889088806726
-1.0,5.76,0.08,6.4406779661016955,2.29,30.24584417319776,0.0,0.00014565889088806726
-1.0,5.76,0.08,6.4406779661016955,2.4800000000000004,30.245922637920017,0.0,0.00014565889088806726
-1.0,5.76,0.08,6.4406779661016955,2.6700000000000004,30.246001104505872,0.0,0.00014565889088806726
-1.0,5.76,0.08,6.4406779661016955,2.8600000000000003,30.246079572944744,0.0,0.00014565889088806726
-1.0,5.76,0.08,6.4406779661016955,3.0500000000000003,30.246158043206734,0.0,0.00014565889088806726
-1.0,5.76,0.08,6.4406779661016955,3.24,30.246236515321748,0.0,0.00014565889088806726
-1.0,5.76,0.08,6.4406779661016955,3.43,30.246314989308843,0.0,0.00014565889088806726
-1.0,5.76,0.08,6.4406779661016955,3.62,30.246393465132073,0.0,0.00014565889088806726
-1.0,5.76,0.08,6.4406779661016955,3.81,30.246471942764977,0.0,0.00014565889088806726
-1.0,5.76,0.08,6.4406779661016955,4.0,30.24655042227532,0.0,0.00014565889088806726
-1.0,5.76,0.08,6.711864406779661,0.2,-0.21506689035745552,0.0,1.944616747494886e-07
-1.0,5.76,0.08,6.711864406779661,0.39,-0.21504736030247074,0.0,1.944616747494886e-07
-1.0,5.76,0.08,6.711864406779661,0.5800000000000001,-0.21502782975811385,0.0,1.944616747494886e-07
-1.0,5.76,0.08,6.711864406779661,0.77,-0.2150082997991163,0.0,1.944616747494886e-07
-1.0,5.76,0.08,6.711864406779661,0.96,-0.21498876991786986,0.0,1.944616747494886e-07
-1.0,5.76,0.08,6.711864406779661,1.15,-0.21496924125160888,0.0,1.944616747494886e-07
-1.0,5.76,0.08,6.711864406779661,1.34,-0.2149497127326221,0.0,1.944616747494886e-07
-1.0,5.76,0.08,6.711864406779661,1.53,-0.21493018403095832,0.0,1.944616747494886e-07
-1.0,5.76,0.08,6.711864406779661,1.72,-0.2149106550837736,0.0,1.944616747494886e-07
-1.0,5.76,0.08,6.711864406779661,1.91,-0.2148911258333115,0.0,1.944616747494886e-07
-1.0,5.76,0.08,6.711864406779661,2.1,-0.21487159856048876,0.0,1.944616747494886e-07
-1.0,5.76,0.08,6.711864406779661,2.29,-0.2148520730258774,0.0,1.944616747494886e-07
-1.0,5.76,0.08,6.711864406779661,2.4800000000000004,-0.21483254719030143,0.0,1.944616747494886e-07
-1.0,5.76,0.08,6.711864406779661,2.6700000000000004,-0.2148130211527608,0.0,1.944616747494886e-07
-1.0,5.76,0.08,6.711864406779661,2.8600000000000003,-0.21479349485131038,0.0,1.944616747494886e-07
-1.0,5.76,0.08,6.711864406779661,3.0500000000000003,-0.2147739683180312,0.0,1.944616747494886e-07
-1.0,5.76,0.08,6.711864406779661,3.24,-0.21475444151986167,0.0,1.944616747494886e-07
-1.0,5.76,0.08,6.711864406779661,3.43,-0.2147349144493056,0.0,1.944616747494886e-07
-1.0,5.76,0.08,6.711864406779661,3.62,-0.21471538712178173,0.0,1.944616747494886e-07
-1.0,5.76,0.08,6.711864406779661,3.81,-0.21469585958978854,0.0,1.944616747494886e-07
-1.0,5.76,0.08,6.711864406779661,4.0,-0.21467633176576584,0.0,1.944616747494886e-07
-1.0,5.76,0.12,5.627118644067797,0.2,14.001318085625869,0.0,0.0019286720774863708
-1.0,5.76,0.12,5.627118644067797,0.39,14.00218064259807,0.0,0.0019286720774863708
-1.0,5.76,0.12,5.627118644067797,0.5800000000000001,14.00304350387892,0.0,0.0019286720774863708
-1.0,5.76,0.12,5.627118644067797,0.77,14.003906071401545,0.0,0.0019286720774863708
-1.0,5.76,0.12,5.627118644067797,0.96,14.004768872889983,0.0,0.0019286720774863708
-1.0,5.76,0.12,5.627118644067797,1.15,14.005631055125683,0.0,0.0019286720774863708
-1.0,5.76,0.12,5.627118644067797,1.34,14.006493295290376,0.0,0.0019286720774863708
-1.0,5.76,0.12,5.627118644067797,1.53,14.007355839731062,0.0,0.0019286720774863708
-1.0,5.76,0.12,5.627118644067797,1.72,14.008218688538449,0.0,0.0019286720774863708
-1.0,5.76,0.12,5.627118644067797,1.91,14.009081841769365,0.0,0.0019286720774863708
-1.0,5.76,0.12,5.627118644067797,2.1,14.0099439798309,0.0,0.0019286720774863708
-1.0,5.76,0.12,5.627118644067797,2.29,14.010805234337319,0.0,0.0019286720774863708
-1.0,5.76,0.12,5.627118644067797,2.4800000000000004,14.01166679293435,0.0,0.0019286720774863708
-1.0,5.76,0.12,5.627118644067797,2.6700000000000004,14.012528655701281,0.0,0.0019286720774863708
-1.0,5.76,0.12,5.627118644067797,2.8600000000000003,14.013390822708779,0.0,0.0019286720774863708
-1.0,5.76,0.12,5.627118644067797,3.0500000000000003,14.014253294029267,0.0,0.0019286720774863708
-1.0,5.76,0.12,5.627118644067797,3.24,14.01511606973071,0.0,0.0019286720774863708
-1.0,5.76,0.12,5.627118644067797,3.43,14.01597914989032,0.0,0.0019286720774863708
-1.0,5.76,0.12,5.627118644067797,3.62,14.01684253458118,0.0,0.0019286720774863708
-1.0,5.76,0.12,5.627118644067797,3.81,14.017706223873667,0.0,0.0019286720774863708
-1.0,5.76,0.12,5.627118644067797,4.0,14.018570217840761,0.0,0.0019286720774863708
-1.0,5.76,0.12,5.898305084745763,0.2,-9.206454345434054,0.0,1.0
-1.0,5.76,0.12,5.898305084745763,0.39,-9.204806971672255,0.0,1.0
-1.0,5.76,0.12,5.898305084745763,0.5800000000000001,-9.203159281521366,0.0,1.0
-1.0,5.76,0.12,5.898305084745763,0.77,-9.201511850678628,0.0,1.0
-1.0,5.76,0.12,5.898305084745763,0.96,-9.199864171283053,0.0,1.0
-1.0,5.76,0.12,5.898305084745763,1.15,-9.198217064450034,0.0,1.0
-1.0,5.76,0.12,5.898305084745763,1.34,-9.196569878505997,0.0,1.0
-1.0,5.76,0.12,5.898305084745763,1.53,-9.194922376337445,0.0,1.0
-1.0,5.76,0.12,5.898305084745763,1.72,-9.193274557887449,0.0,1.0
-1.0,5.76,0.12,5.898305084745763,1.91,-9.191626423107309,0.0,1.0
-1.0,5.76,0.12,5.898305084745763,2.1,-9.18997924199084,0.0,1.0
-1.0,5.76,0.12,5.898305084745763,2.29,-9.188332887824956,0.0,1.0
-1.0,5.76,0.12,5.898305084745763,2.4800000000000004,-9.186686217668964,0.0,1.0
-1.0,5.76,0.12,5.898305084745763,2.6700000000000004,-9.185039231464614,0.0,1.0
-1.0,5.76,0.12,5.898305084745763,2.8600000000000003,-9.183391929177304,0.0,1.0
-1.0,5.76,0.12,5.898305084745763,3.0500000000000003,-9.181744310736391,0.0,1.0
-1.0,5.76,0.12,5.898305084745763,3.24,-9.180096376116396,0.0,1.0
-1.0,5.76,0.12,5.898305084745763,3.43,-9.17844812525233,0.0,1.0
-1.0,5.76,0.12,5.898305084745763,3.62,-9.176799558105657,0.0,1.0
-1.0,5.76,0.12,5.898305084745763,3.81,-9.175150674623339,0.0,1.0
-1.0,5.76,0.12,5.898305084745763,4.0,-9.173501474743603,0.0,1.0
-1.0,5.76,0.12,6.169491525423729,0.2,-0.5690828199942075,0.0,0.034009895677681284
-1.0,5.76,0.12,6.169491525423729,0.39,-0.567054557632062,0.0,0.034009895677681284
-1.0,5.76,0.12,6.169491525423729,0.5800000000000001,-0.5650261022406511,0.0,0.034009895677681284
-1.0,5.76,0.12,6.169491525423729,0.77,-0.5629979123868338,0.0,0.034009895677681284
-1.0,5.76,0.12,6.169491525423729,0.96,-0.5609695835333923,0.0,0.034009895677681284
-1.0,5.76,0.12,6.169491525423729,1.15,-0.5589417699022476,0.0,0.034009895677681284
-1.0,5.76,0.12,6.169491525423729,1.34,-0.5569139522217057,0.0,0.034009895677681284
-1.0,5.76,0.12,6.169491525423729,1.53,-0.5548859415562504,0.0,0.034009895677681284
-1.0,5.76,0.12,6.169491525423729,1.72,-0.5528577379475337,0.0,0.034009895677681284
-1.0,5.76,0.12,6.169491525423729,1.91,-0.5508293413565752,0.0,0.034009895677681284
-1.0,5.76,0.12,6.169491525423729,2.1,-0.5488017634530422,0.0,0.034009895677681284
-1.0,5.76,0.12,6.169491525423729,2.29,-0.546774903322131,0.0,0.034009895677681284
-1.0,5.76,0.12,6.169491525423729,2.4800000000000004,-0.5447478503838425,0.0,0.034009895677681284
-1.0,5.76,0.12,6.169491525423729,2.6700000000000004,-0.5427206046709898,0.0,0.034009895677681284
-1.0,5.76,0.12,6.169491525423729,2.8600000000000003,-0.5406931661325416,0.0,0.034009895677681284
-1.0,5.76,0.12,6.169491525423729,3.0500000000000003,-0.5386655347436715,0.0,0.034009895677681284
-1.0,5.76,0.12,6.169491525423729,3.24,-0.5366377104890176,0.0,0.034009895677681284
-1.0,5.76,0.12,6.169491525423729,3.43,-0.5346096933454163,0.0,0.034009895677681284
-1.0,5.76,0.12,6.169491525423729,3.62,-0.532581483297264,0.0,0.034009895677681284
-1.0,5.76,0.12,6.169491525423729,3.81,-0.5305530802950642,0.0,0.034009895677681284
-1.0,5.76,0.12,6.169491525423729,4.0,-0.5285244843578027,0.0,0.034009895677681284
-1.0,5.76,0.12,6.4406779661016955,0.2,30.24498767279927,0.0,0.00014662306975183804
-1.0,5.76,0.12,6.4406779661016955,0.39,30.2450661516892,0.0,0.00014662306975183804
-1.0,5.76,0.12,6.4406779661016955,0.5800000000000001,30.245144632460693,0.0,0.00014662306975183804
-1.0,5.76,0.12,6.4406779661016955,0.77,30.245223110384735,0.0,0.00014662306975183804
-1.0,5.76,0.12,6.4406779661016955,0.96,30.2453015894961,0.0,0.00014662306975183804
-1.0,5.76,0.12,6.4406779661016955,1.15,30.24538006319787,0.0,0.00014662306975183804
-1.0,5.76,0.12,6.4406779661016955,1.34,30.24545853685487,0.0,0.00014662306975183804
-1.0,5.76,0.12,6.4406779661016955,1.53,30.24553701219162,0.0,0.00014662306975183804
-1.0,5.76,0.12,6.4406779661016955,1.72,30.245615489445896,0.0,0.00014662306975183804
-1.0,5.76,0.12,6.4406779661016955,1.91,30.24569396857043,0.0,0.00014662306975183804
-1.0,5.76,0.12,6.4406779661016955,2.1,30.245772439023483,0.0,0.00014662306975183804
-1.0,5.76,0.12,6.4406779661016955,2.29,30.245850901966158,0.0,0.00014662306975183804
-1.0,5.76,0.12,6.4406779661016955,2.4800000000000004,30.24592936670591,0.0,0.00014662306975183804
-1.0,5.76,0.12,6.4406779661016955,2.6700000000000004,30.246007833309257,0.0,0.00014662306975183804
-1.0,5.76,0.12,6.4406779661016955,2.8600000000000003,30.246086301765637,0.0,0.00014662306975183804
-1.0,5.76,0.12,6.4406779661016955,3.0500000000000003,30.24616477204509,0.0,0.00014662306975183804
-1.0,5.76,0.12,6.4406779661016955,3.24,30.246243244177627,0.0,0.00014662306975183804
-1.0,5.76,0.12,6.4406779661016955,3.43,30.246321718182216,0.0,0.00014662306975183804
-1.0,5.76,0.12,6.4406779661016955,3.62,30.246400194022925,0.0,0.00014662306975183804
-1.0,5.76,0.12,6.4406779661016955,3.81,30.24647867167331,0.0,0.00014662306975183804
-1.0,5.76,0.12,6.4406779661016955,4.0,30.24655715120116,0.0,0.00014662306975183804
-1.0,5.76,0.12,6.711864406779661,0.2,-0.2150668903568551,0.0,1.9446195897896803e-07
-1.0,5.76,0.12,6.711864406779661,0.39,-0.21504736030186677,0.0,1.9446195897896803e-07
-1.0,5.76,0.12,6.711864406779661,0.5800000000000001,-0.21502782975750634,0.0,1.9446195897896803e-07
-1.0,5.76,0.12,6.711864406779661,0.77,-0.21500829979851233,0.0,1.9446195897896803e-07
-1.0,5.76,0.12,6.711864406779661,0.96,-0.21498876991726945,0.0,1.9446195897896803e-07
-1.0,5.76,0.12,6.711864406779661,1.15,-0.21496924125100136,0.0,1.9446195897896803e-07
-1.0,5.76,0.12,6.711864406779661,1.34,-0.21494971273201813,0.0,1.9446195897896803e-07
-1.0,5.76,0.12,6.711864406779661,1.53,-0.21493018403035435,0.0,1.9446195897896803e-07
-1.0,5.76,0.12,6.711864406779661,1.72,-0.21491065508316964,0.0,1.9446195897896803e-07
-1.0,5.76,0.12,6.711864406779661,1.91,-0.21489112583270398,0.0,1.9446195897896803e-07
-1.0,5.76,0.12,6.711864406779661,2.1,-0.21487159855988835,0.0,1.9446195897896803e-07
-1.0,5.76,0.12,6.711864406779661,2.29,-0.21485207302526987,0.0,1.9446195897896803e-07
-1.0,5.76,0.12,6.711864406779661,2.4800000000000004,-0.2148325471896939,0.0,1.9446195897896803e-07
-1.0,5.76,0.12,6.711864406779661,2.6700000000000004,-0.21481302115215328,0.0,1.9446195897896803e-07
-1.0,5.76,0.12,6.711864406779661,2.8600000000000003,-0.21479349485070642,0.0,1.9446195897896803e-07
-1.0,5.76,0.12,6.711864406779661,3.0500000000000003,-0.21477396831742368,0.0,1.9446195897896803e-07
-1.0,5.76,0.12,6.711864406779661,3.24,-0.21475444151925416,0.0,1.9446195897896803e-07
-1.0,5.76,0.12,6.711864406779661,3.43,-0.21473491444869808,0.0,1.9446195897896803e-07
-1.0,5.76,0.12,6.711864406779661,3.62,-0.21471538712117777,0.0,1.9446195897896803e-07
-1.0,5.76,0.12,6.711864406779661,3.81,-0.21469585958918103,0.0,1.9446195897896803e-07
-1.0,5.76,0.12,6.711864406779661,4.0,-0.21467633176516188,0.0,1.9446195897896803e-07
-1.0,5.76,0.16,5.627118644067797,0.2,14.002251395472726,0.0,0.020975553773994293
-1.0,5.76,0.16,5.627118644067797,0.39,14.003114000478377,0.0,0.020975553773994293
-1.0,5.76,0.16,5.627118644067797,0.5800000000000001,14.003976909797025,0.0,0.020975553773994293
-1.0,5.76,0.16,5.627118644067797,0.77,14.00483952535221,0.0,0.020975553773994293
-1.0,5.76,0.16,5.627118644067797,0.96,14.005702374876428,0.0,0.020975553773994293
-1.0,5.76,0.16,5.627118644067797,1.15,14.006564605137463,0.0,0.020975553773994293
-1.0,5.76,0.16,5.627118644067797,1.34,14.007426893327889,0.0,0.020975553773994293
-1.0,5.76,0.16,5.627118644067797,1.53,14.008289485798656,0.0,0.020975553773994293
-1.0,5.76,0.16,5.627118644067797,1.72,14.009152382640458,0.0,0.020975553773994293
-1.0,5.76,0.16,5.627118644067797,1.91,14.010015583910153,0.0,0.020975553773994293
-1.0,5.76,0.16,5.627118644067797,2.1,14.010877769993655,0.0,0.020975553773994293
-1.0,5.76,0.16,5.627118644067797,2.29,14.011739072507382,0.0,0.020975553773994293
-1.0,5.76,0.16,5.627118644067797,2.4800000000000004,14.012600679116055,0.0,0.020975553773994293
-1.0,5.76,0.16,5.627118644067797,2.6700000000000004,14.013462589898957,0.0,0.020975553773994293
-1.0,5.76,0.16,5.627118644067797,2.8600000000000003,14.01432480492678,0.0,0.020975553773994293
-1.0,5.76,0.16,5.627118644067797,3.0500000000000003,14.015187324271935,0.0,0.020975553773994293
-1.0,5.76,0.16,5.627118644067797,3.24,14.016050148002378,0.0,0.020975553773994293
-1.0,5.76,0.16,5.627118644067797,3.43,14.01691327619534,0.0,0.020975553773994293
-1.0,5.76,0.16,5.627118644067797,3.62,14.017776708923876,0.0,0.020975553773994293
-1.0,5.76,0.16,5.627118644067797,3.81,14.018640446258402,0.0,0.020975553773994293
-1.0,5.76,0.16,5.627118644067797,4.0,14.019504488271878,0.0,0.020975553773994293
-1.0,5.76,0.16,5.898305084745763,0.2,-9.206454345434054,0.0,1.0
-1.0,5.76,0.16,5.898305084745763,0.39,-9.204806971672255,0.0,1.0
-1.0,5.76,0.16,5.898305084745763,0.5800000000000001,-9.203159281521366,0.0,1.0
-1.0,5.76,0.16,5.898305084745763,0.77,-9.201511850678628,0.0,1.0
-1.0,5.76,0.16,5.898305084745763,0.96,-9.199864171283053,0.0,1.0
-1.0,5.76,0.16,5.898305084745763,1.15,-9.198217064450034,0.0,1.0
-1.0,5.76,0.16,5.898305084745763,1.34,-9.196569878505997,0.0,1.0
-1.0,5.76,0.16,5.898305084745763,1.53,-9.194922376337445,0.0,1.0
-1.0,5.76,0.16,5.898305084745763,1.72,-9.193274557887449,0.0,1.0
-1.0,5.76,0.16,5.898305084745763,1.91,-9.191626423107309,0.0,1.0
-1.0,5.76,0.16,5.898305084745763,2.1,-9.18997924199084,0.0,1.0
-1.0,5.76,0.16,5.898305084745763,2.29,-9.188332887824956,0.0,1.0
-1.0,5.76,0.16,5.898305084745763,2.4800000000000004,-9.186686217668964,0.0,1.0
-1.0,5.76,0.16,5.898305084745763,2.6700000000000004,-9.185039231464614,0.0,1.0
-1.0,5.76,0.16,5.898305084745763,2.8600000000000003,-9.183391929177304,0.0,1.0
-1.0,5.76,0.16,5.898305084745763,3.0500000000000003,-9.181744310736391,0.0,1.0
-1.0,5.76,0.16,5.898305084745763,3.24,-9.180096376116396,0.0,1.0
-1.0,5.76,0.16,5.898305084745763,3.43,-9.17844812525233,0.0,1.0
-1.0,5.76,0.16,5.898305084745763,3.62,-9.176799558105657,0.0,1.0
-1.0,5.76,0.16,5.898305084745763,3.81,-9.175150674623339,0.0,1.0
-1.0,5.76,0.16,5.898305084745763,4.0,-9.173501474743603,0.0,1.0
-1.0,5.76,0.16,6.169491525423729,0.2,0.3694044573822879,0.0,0.17691477033520922
-1.0,5.76,0.16,6.169491525423729,0.39,0.3714655850922952,0.0,0.17691477033520922
-1.0,5.76,0.16,6.169491525423729,0.5800000000000001,0.37352690828075197,0.0,0.17691477033520922
-1.0,5.76,0.16,6.169491525423729,0.77,0.37558796242446135,0.0,0.17691477033520922
-1.0,5.76,0.16,6.169491525423729,0.96,0.3776491573172649,0.0,0.17691477033520922
-1.0,5.76,0.16,6.169491525423729,1.15,0.3797098302408557,0.0,0.17691477033520922
-1.0,5.76,0.16,6.169491525423729,1.34,0.3817705072101347,0.0,0.17691477033520922
-1.0,5.76,0.16,6.169491525423729,1.53,0.3838313796120332,0.0,0.17691477033520922
-1.0,5.76,0.16,6.169491525423729,1.72,0.3858924474060075,0.0,0.17691477033520922
-1.0,5.76,0.16,6.169491525423729,1.91,0.38795371063072537,0.0,0.17691477033520922
-1.0,5.76,0.16,6.169491525423729,2.1,0.3900141444812988,0.0,0.17691477033520922
-1.0,5.76,0.16,6.169491525423729,2.29,0.39207385118457694,0.0,0.17691477033520922
-1.0,5.76,0.16,6.169491525423729,2.4800000000000004,0.3941337531407356,0.0,0.17691477033520922
-1.0,5.76,0.16,6.169491525423729,2.6700000000000004,0.39619385031760146,0.0,0.17691477033520922
-1.0,5.76,0.16,6.169491525423729,2.8600000000000003,0.3982541427663904,0.0,0.17691477033520922
-1.0,5.76,0.16,6.169491525423729,3.0500000000000003,0.4003146305121419,0.0,0.17691477033520922
-1.0,5.76,0.16,6.169491525423729,3.24,0.4023753135707011,0.0,0.17691477033520922
-1.0,5.76,0.16,6.169491525423729,3.43,0.404436191965317,0.0,0.17691477033520922
-1.0,5.76,0.16,6.169491525423729,3.62,0.4064972657120052,0.0,0.17691477033520922
-1.0,5.76,0.16,6.169491525423729,3.81,0.40855853486053206,0.0,0.17691477033520922
-1.0,5.76,0.16,6.169491525423729,4.0,0.4106199993920967,0.0,0.17691477033520922
-1.0,5.76,0.16,6.4406779661016955,0.2,30.250731422907464,0.0,0.000969649061776964
-1.0,5.76,0.16,6.4406779661016955,0.39,30.250809916730887,0.0,0.000969649061776964
-1.0,5.76,0.16,6.4406779661016955,0.5800000000000001,30.250888412435913,0.0,0.000969649061776964
-1.0,5.76,0.16,6.4406779661016955,0.77,30.25096690529329,0.0,0.000969649061776964
-1.0,5.76,0.16,6.4406779661016955,0.96,30.251045399338018,0.0,0.000969649061776964
-1.0,5.76,0.16,6.4406779661016955,1.15,30.251123887972682,0.0,0.000969649061776964
-1.0,5.76,0.16,6.4406779661016955,1.34,30.25120237656256,0.0,0.000969649061776964
-1.0,5.76,0.16,6.4406779661016955,1.53,30.251280866832232,0.0,0.000969649061776964
-1.0,5.76,0.16,6.4406779661016955,1.72,30.251359359019546,0.0,0.000969649061776964
-1.0,5.76,0.16,6.4406779661016955,1.91,30.2514378530772,0.0,0.000969649061776964
-1.0,5.76,0.16,6.4406779661016955,2.1,30.251516338462707,0.0,0.000969649061776964
-1.0,5.76,0.16,6.4406779661016955,2.29,30.25159481633718,0.0,0.000969649061776964
-1.0,5.76,0.16,6.4406779661016955,2.4800000000000004,30.25167329600886,0.0,0.000969649061776964
-1.0,5.76,0.16,6.4406779661016955,2.6700000000000004,30.251751777544193,0.0,0.000969649061776964
-1.0,5.76,0.16,6.4406779661016955,2.8600000000000003,30.25183026093267,0.0,0.000969649061776964
-1.0,5.76,0.16,6.4406779661016955,3.0500000000000003,30.251908746144338,0.0,0.000969649061776964
-1.0,5.76,0.16,6.4406779661016955,3.24,30.251987233209142,0.0,0.000969649061776964
-1.0,5.76,0.16,6.4406779661016955,3.43,30.2520657221461,0.0,0.000969649061776964
-1.0,5.76,0.16,6.4406779661016955,3.62,30.25214421291929,0.0,0.000969649061776964
-1.0,5.76,0.16,6.4406779661016955,3.81,30.252222705502255,0.0,0.000969649061776964
-1.0,5.76,0.16,6.4406779661016955,4.0,30.25230119996276,0.0,0.000969649061776964
-1.0,5.76,0.16,6.711864406779661,0.2,-0.21506649836792135,0.0,3.968739593616746e-07
-1.0,5.76,0.16,6.711864406779661,0.39,-0.2150469683121976,0.0,3.968739593616746e-07
-1.0,5.76,0.16,6.711864406779661,0.5800000000000001,-0.2150274377670982,0.0,3.968739593616746e-07
-1.0,5.76,0.16,6.711864406779661,0.77,-0.21500790780735457,0.0,3.968739593616746e-07
-1.0,5.76,0.16,6.711864406779661,0.96,-0.21498837792537628,0.0,3.968739593616746e-07
-1.0,5.76,0.16,6.711864406779661,1.15,-0.21496884925836568,0.0,3.968739593616746e-07
-1.0,5.76,0.16,6.711864406779661,1.34,-0.21494932073864348,0.0,3.968739593616746e-07
-1.0,5.76,0.16,6.711864406779661,1.53,-0.2149297920362372,0.0,3.968739593616746e-07
-1.0,5.76,0.16,6.711864406779661,1.72,-0.2149102630883064,0.0,3.968739593616746e-07
-1.0,5.76,0.16,6.711864406779661,1.91,-0.21489073383710533,0.0,3.968739593616746e-07
-1.0,5.76,0.16,6.711864406779661,2.1,-0.21487120656354008,0.0,3.968739593616746e-07
-1.0,5.76,0.16,6.711864406779661,2.29,-0.2148516810281791,0.0,3.968739593616746e-07
-1.0,5.76,0.16,6.711864406779661,2.4800000000000004,-0.2148321551918606,0.0,3.968739593616746e-07
-1.0,5.76,0.16,6.711864406779661,2.6700000000000004,-0.2148126291535739,0.0,3.968739593616746e-07
-1.0,5.76,0.16,6.711864406779661,2.8600000000000003,-0.21479310285139164,0.0,3.968739593616746e-07
-1.0,5.76,0.16,6.711864406779661,3.0500000000000003,-0.21477357631737348,0.0,3.968739593616746e-07
-1.0,5.76,0.16,6.711864406779661,3.24,-0.21475404951845434,0.0,3.968739593616746e-07
-1.0,5.76,0.16,6.711864406779661,3.43,-0.21473452244716285,0.0,3.968739593616746e-07
-1.0,5.76,0.16,6.711864406779661,3.62,-0.21471499511890002,0.0,3.968739593616746e-07
-1.0,5.76,0.16,6.711864406779661,3.81,-0.2146954675861572,0.0,3.968739593616746e-07
-1.0,5.76,0.16,6.711864406779661,4.0,-0.21467593976138843,0.0,3.968739593616746e-07
-1.0,5.82,0.08,5.627118644067797,0.2,14.039139721076182,0.0,0.7735442229772237
-1.0,5.82,0.08,5.627118644067797,0.39,14.040004224565607,0.0,0.7735442229772237
-1.0,5.82,0.08,5.627118644067797,0.5800000000000001,14.040869032539675,0.0,0.7735442229772237
-1.0,5.82,0.08,5.627118644067797,0.77,14.041733546543526,0.0,0.7735442229772237
-1.0,5.82,0.08,5.627118644067797,0.96,14.04259829464354,0.0,0.7735442229772237
-1.0,5.82,0.08,5.627118644067797,1.15,14.043462423067602,0.0,0.7735442229772237
-1.0,5.82,0.08,5.627118644067797,1.34,14.044326609436808,0.0,0.7735442229772237
-1.0,5.82,0.08,5.627118644067797,1.53,14.045191100257945,0.0,0.7735442229772237
-1.0,5.82,0.08,5.627118644067797,1.72,14.046055895621805,0.0,0.7735442229772237
-1.0,5.82,0.08,5.627118644067797,1.91,14.046920995585225,0.0,0.7735442229772237
-1.0,5.82,0.08,5.627118644067797,2.1,14.047785079699118,0.0,0.7735442229772237
-1.0,5.82,0.08,5.627118644067797,2.29,14.048648279663176,0.0,0.7735442229772237
-1.0,5.82,0.08,5.627118644067797,2.4800000000000004,14.049511783893628,0.0,0.7735442229772237
-1.0,5.82,0.08,5.627118644067797,2.6700000000000004,14.050375592469813,0.0,0.7735442229772237
-1.0,5.82,0.08,5.627118644067797,2.8600000000000003,14.051239705462429,0.0,0.7735442229772237
-1.0,5.82,0.08,5.627118644067797,3.0500000000000003,14.052104122943945,0.0,0.7735442229772237
-1.0,5.82,0.08,5.627118644067797,3.24,14.052968844982352,0.0,0.7735442229772237
-1.0,5.82,0.08,5.627118644067797,3.43,14.05383387165491,0.0,0.7735442229772237
-1.0,5.82,0.08,5.627118644067797,3.62,14.054699203034723,0.0,0.7735442229772237
-1.0,5.82,0.08,5.627118644067797,3.81,14.055564839192243,0.0,0.7735442229772237
-1.0,5.82,0.08,5.627118644067797,4.0,14.056430780200436,0.0,0.7735442229772237
-1.0,5.82,0.08,5.898305084745763,0.2,-9.206454345434054,0.0,1.0
-1.0,5.82,0.08,5.898305084745763,0.39,-9.204806971672255,0.0,1.0
-1.0,5.82,0.08,5.898305084745763,0.5800000000000001,-9.203159281521366,0.0,1.0
-1.0,5.82,0.08,5.898305084745763,0.77,-9.201511850678628,0.0,1.0
-1.0,5.82,0.08,5.898305084745763,0.96,-9.199864171283053,0.0,1.0
-1.0,5.82,0.08,5.898305084745763,1.15,-9.198217064450034,0.0,1.0
-1.0,5.82,0.08,5.898305084745763,1.34,-9.196569878505997,0.0,1.0
-1.0,5.82,0.08,5.898305084745763,1.53,-9.194922376337445,0.0,1.0
-1.0,5.82,0.08,5.898305084745763,1.72,-9.193274557887449,0.0,1.0
-1.0,5.82,0.08,5.898305084745763,1.91,-9.191626423107309,0.0,1.0
-1.0,5.82,0.08,5.898305084745763,2.1,-9.18997924199084,0.0,1.0
-1.0,5.82,0.08,5.898305084745763,2.29,-9.188332887824956,0.0,1.0
-1.0,5.82,0.08,5.898305084745763,2.4800000000000004,-9.186686217668964,0.0,1.0
-1.0,5.82,0.08,5.898305084745763,2.6700000000000004,-9.185039231464614,0.0,1.0
-1.0,5.82,0.08,5.898305084745763,2.8600000000000003,-9.183391929177304,0.0,1.0
-1.0,5.82,0.08,5.898305084745763,3.0500000000000003,-9.181744310736391,0.0,1.0
-1.0,5.82,0.08,5.898305084745763,3.24,-9.180096376116396,0.0,1.0
-1.0,5.82,0.08,5.898305084745763,3.43,-9.17844812525233,0.0,1.0
-1.0,5.82,0.08,5.898305084745763,3.62,-9.176799558105657,0.0,1.0
-1.0,5.82,0.08,5.898305084745763,3.81,-9.175150674623339,0.0,1.0
-1.0,5.82,0.08,5.898305084745763,4.0,-9.173501474743603,0.0,1.0
-1.0,5.82,0.08,6.169491525423729,0.2,-0.6743222219546681,0.0,0.017869381965297002
-1.0,5.82,0.08,6.169491525423729,0.39,-0.6722976450228941,0.0,0.017869381965297002
-1.0,5.82,0.08,6.169491525423729,0.5800000000000001,-0.670272875336579,0.0,0.017869381965297002
-1.0,5.82,0.08,6.169491525423729,0.77,-0.6682483707945011,0.0,0.017869381965297002
-1.0,5.82,0.08,6.169491525423729,0.96,-0.6662237274490224,0.0,0.017869381965297002
-1.0,5.82,0.08,6.169491525423729,1.15,-0.6641995985692688,0.0,0.017869381965297002
-1.0,5.82,0.08,6.169491525423729,1.34,-0.6621754656396917,0.0,0.017869381965297002
-1.0,5.82,0.08,6.169491525423729,1.53,-0.6601511399996554,0.0,0.017869381965297002
-1.0,5.82,0.08,6.169491525423729,1.72,-0.6581266216909967,0.0,0.017869381965297002
-1.0,5.82,0.08,6.169491525423729,1.91,-0.65610191067465,0.0,0.017869381965297002
-1.0,5.82,0.08,6.169491525423729,2.1,-0.6540780171473415,0.0,0.017869381965297002
-1.0,5.82,0.08,6.169491525423729,2.29,-0.652054840341421,0.0,0.017869381965297002
-1.0,5.82,0.08,6.169491525423729,2.4800000000000004,-0.6500314710023218,0.0,0.017869381965297002
-1.0,5.82,0.08,6.169491525423729,2.6700000000000004,-0.6480079091629989,0.0,0.017869381965297002
-1.0,5.82,0.08,6.169491525423729,2.8600000000000003,-0.6459841547723784,0.0,0.017869381965297002
-1.0,5.82,0.08,6.169491525423729,3.0500000000000003,-0.6439602078057192,0.0,0.017869381965297002
-1.0,5.82,0.08,6.169491525423729,3.24,-0.6419360682476594,0.0,0.017869381965297002
-1.0,5.82,0.08,6.169491525423729,3.43,-0.6399117360750353,0.0,0.017869381965297002
-1.0,5.82,0.08,6.169491525423729,3.62,-0.6378872112723712,0.0,0.017869381965297002
-1.0,5.82,0.08,6.169491525423729,3.81,-0.6358624937901141,0.0,0.017869381965297002
-1.0,5.82,0.08,6.169491525423729,4.0,-0.6338375836473205,0.0,0.017869381965297002
-1.0,5.82,0.08,6.4406779661016955,0.2,30.244980944230832,0.0,0.0001456588919717666
-1.0,5.82,0.08,6.4406779661016955,0.39,30.2450594231033,0.0,0.0001456588919717666
-1.0,5.82,0.08,6.4406779661016955,0.5800000000000001,30.245137903857255,0.0,0.0001456588919717666
-1.0,5.82,0.08,6.4406779661016955,0.77,30.245216381763818,0.0,0.0001456588919717666
-1.0,5.82,0.08,6.4406779661016955,0.96,30.245294860857676,0.0,0.0001456588919717666
-1.0,5.82,0.08,6.4406779661016955,1.15,30.245373334541966,0.0,0.0001456588919717666
-1.0,5.82,0.08,6.4406779661016955,1.34,30.24545180818147,0.0,0.0001456588919717666
-1.0,5.82,0.08,6.4406779661016955,1.53,30.245530283500727,0.0,0.0001456588919717666
-1.0,5.82,0.08,6.4406779661016955,1.72,30.245608760737525,0.0,0.0001456588919717666
-1.0,5.82,0.08,6.4406779661016955,1.91,30.245687239844564,0.0,0.0001456588919717666
-1.0,5.82,0.08,6.4406779661016955,2.1,30.245765710280125,0.0,0.0001456588919717666
-1.0,5.82,0.08,6.4406779661016955,2.29,30.245844173205278,0.0,0.0001456588919717666
-1.0,5.82,0.08,6.4406779661016955,2.4800000000000004,30.24592263792755,0.0,0.0001456588919717666
-1.0,5.82,0.08,6.4406779661016955,2.6700000000000004,30.246001104513432,0.0,0.0001456588919717666
-1.0,5.82,0.08,6.4406779661016955,2.8600000000000003,30.246079572952304,0.0,0.0001456588919717666
-1.0,5.82,0.08,6.4406779661016955,3.0500000000000003,30.246158043214265,0.0,0.0001456588919717666
-1.0,5.82,0.08,6.4406779661016955,3.24,30.246236515329308,0.0,0.0001456588919717666
-1.0,5.82,0.08,6.4406779661016955,3.43,30.246314989316403,0.0,0.0001456588919717666
-1.0,5.82,0.08,6.4406779661016955,3.62,30.246393465139633,0.0,0.0001456588919717666
-1.0,5.82,0.08,6.4406779661016955,3.81,30.24647194277251,0.0,0.0001456588919717666
-1.0,5.82,0.08,6.4406779661016955,4.0,30.24655042228288,0.0,0.0001456588919717666
-1.0,5.82,0.08,6.711864406779661,0.2,-0.21506689035745552,0.0,1.944616747494886e-07
-1.0,5.82,0.08,6.711864406779661,0.39,-0.21504736030247074,0.0,1.944616747494886e-07
-1.0,5.82,0.08,6.711864406779661,0.5800000000000001,-0.21502782975811385,0.0,1.944616747494886e-07
-1.0,5.82,0.08,6.711864406779661,0.77,-0.2150082997991163,0.0,1.944616747494886e-07
-1.0,5.82,0.08,6.711864406779661,0.96,-0.21498876991786986,0.0,1.944616747494886e-07
-1.0,5.82,0.08,6.711864406779661,1.15,-0.21496924125160888,0.0,1.944616747494886e-07
-1.0,5.82,0.08,6.711864406779661,1.34,-0.2149497127326221,0.0,1.944616747494886e-07
-1.0,5.82,0.08,6.711864406779661,1.53,-0.21493018403095832,0.0,1.944616747494886e-07
-1.0,5.82,0.08,6.711864406779661,1.72,-0.2149106550837736,0.0,1.944616747494886e-07
-1.0,5.82,0.08,6.711864406779661,1.91,-0.2148911258333115,0.0,1.944616747494886e-07
-1.0,5.82,0.08,6.711864406779661,2.1,-0.21487159856048876,0.0,1.944616747494886e-07
-1.0,5.82,0.08,6.711864406779661,2.29,-0.2148520730258774,0.0,1.944616747494886e-07
-1.0,5.82,0.08,6.711864406779661,2.4800000000000004,-0.21483254719030143,0.0,1.944616747494886e-07
-1.0,5.82,0.08,6.711864406779661,2.6700000000000004,-0.2148130211527608,0.0,1.944616747494886e-07
-1.0,5.82,0.08,6.711864406779661,2.8600000000000003,-0.21479349485131038,0.0,1.944616747494886e-07
-1.0,5.82,0.08,6.711864406779661,3.0500000000000003,-0.2147739683180312,0.0,1.944616747494886e-07
-1.0,5.82,0.08,6.711864406779661,3.24,-0.21475444151986167,0.0,1.944616747494886e-07
-1.0,5.82,0.08,6.711864406779661,3.43,-0.2147349144493056,0.0,1.944616747494886e-07
-1.0,5.82,0.08,6.711864406779661,3.62,-0.21471538712178173,0.0,1.944616747494886e-07
-1.0,5.82,0.08,6.711864406779661,3.81,-0.21469585958978854,0.0,1.944616747494886e-07
-1.0,5.82,0.08,6.711864406779661,4.0,-0.21467633176576584,0.0,1.944616747494886e-07
-1.0,5.82,0.12,5.627118644067797,0.2,14.014095417036657,0.0,0.26266051949226177
-1.0,5.82,0.12,5.627118644067797,0.39,14.01495863160325,0.0,0.26266051949226177
-1.0,5.82,0.12,5.627118644067797,0.5800000000000001,14.01582215053795,0.0,0.26266051949226177
-1.0,5.82,0.12,5.627118644067797,0.77,14.016685375642822,0.0,0.26266051949226177
-1.0,5.82,0.12,5.627118644067797,0.96,14.017548834757534,0.0,0.26266051949226177
-1.0,5.82,0.12,5.627118644067797,1.15,14.018411674476532,0.0,0.26266051949226177
-1.0,5.82,0.12,5.627118644067797,1.34,14.01927457212998,0.0,0.26266051949226177
-1.0,5.82,0.12,5.627118644067797,1.53,14.020137774118858,0.0,0.26266051949226177
-1.0,5.82,0.12,5.627118644067797,1.72,14.021001280533909,0.0,0.26266051949226177
-1.0,5.82,0.12,5.627118644067797,1.91,14.021865091431955,0.0,0.26266051949226177
-1.0,5.82,0.12,5.627118644067797,2.1,14.02272788693083,0.0,0.26266051949226177
-1.0,5.82,0.12,5.627118644067797,2.29,14.02358979867369,0.0,0.26266051949226177
-1.0,5.82,0.12,5.627118644067797,2.4800000000000004,14.024452014566556,0.0,0.26266051949226177
-1.0,5.82,0.12,5.627118644067797,2.6700000000000004,14.025314534688711,0.0,0.26266051949226177
-1.0,5.82,0.12,5.627118644067797,2.8600000000000003,14.026177359110854,0.0,0.26266051949226177
-1.0,5.82,0.12,5.627118644067797,3.0500000000000003,14.027040487905396,0.0,0.26266051949226177
-1.0,5.82,0.12,5.627118644067797,3.24,14.02790392114035,0.0,0.26266051949226177
-1.0,5.82,0.12,5.627118644067797,3.43,14.02876765889291,0.0,0.26266051949226177
-1.0,5.82,0.12,5.627118644067797,3.62,14.029631701236177,0.0,0.26266051949226177
-1.0,5.82,0.12,5.627118644067797,3.81,14.030496048240579,0.0,0.26266051949226177
-1.0,5.82,0.12,5.627118644067797,4.0,14.031360699979054,0.0,0.26266051949226177
-1.0,5.82,0.12,5.898305084745763,0.2,-9.206454345434054,0.0,1.0
-1.0,5.82,0.12,5.898305084745763,0.39,-9.204806971672255,0.0,1.0
-1.0,5.82,0.12,5.898305084745763,0.5800000000000001,-9.203159281521366,0.0,1.0
-1.0,5.82,0.12,5.898305084745763,0.77,-9.201511850678628,0.0,1.0
-1.0,5.82,0.12,5.898305084745763,0.96,-9.199864171283053,0.0,1.0
-1.0,5.82,0.12,5.898305084745763,1.15,-9.198217064450034,0.0,1.0
-1.0,5.82,0.12,5.898305084745763,1.34,-9.196569878505997,0.0,1.0
-1.0,5.82,0.12,5.898305084745763,1.53,-9.194922376337445,0.0,1.0
-1.0,5.82,0.12,5.898305084745763,1.72,-9.193274557887449,0.0,1.0
-1.0,5.82,0.12,5.898305084745763,1.91,-9.191626423107309,0.0,1.0
-1.0,5.82,0.12,5.898305084745763,2.1,-9.18997924199084,0.0,1.0
-1.0,5.82,0.12,5.898305084745763,2.29,-9.188332887824956,0.0,1.0
-1.0,5.82,0.12,5.898305084745763,2.4800000000000004,-9.186686217668964,0.0,1.0
-1.0,5.82,0.12,5.898305084745763,2.6700000000000004,-9.185039231464614,0.0,1.0
-1.0,5.82,0.12,5.898305084745763,2.8600000000000003,-9.183391929177304,0.0,1.0
-1.0,5.82,0.12,5.898305084745763,3.0500000000000003,-9.181744310736391,0.0,1.0
-1.0,5.82,0.12,5.898305084745763,3.24,-9.180096376116396,0.0,1.0
-1.0,5.82,0.12,5.898305084745763,3.43,-9.17844812525233,0.0,1.0
-1.0,5.82,0.12,5.898305084745763,3.62,-9.176799558105657,0.0,1.0
-1.0,5.82,0.12,5.898305084745763,3.81,-9.175150674623339,0.0,1.0
-1.0,5.82,0.12,5.898305084745763,4.0,-9.173501474743603,0.0,1.0
-1.0,5.82,0.12,6.169491525423729,0.2,-0.22605512792357274,0.0,0.0864572331283753
-1.0,5.82,0.12,6.169491525423729,0.39,-0.22401485290583878,0.0,0.0864572331283753
-1.0,5.82,0.12,6.169491525423729,0.5800000000000001,-0.2219743839636692,0.0,0.0864572331283753
-1.0,5.82,0.12,6.169491525423729,0.77,-0.21993418184095503,0.0,0.0864572331283753
-1.0,5.82,0.12,6.169491525423729,0.96,-0.2178938400791708,0.0,0.0864572331283753
-1.0,5.82,0.12,6.169491525423729,1.15,-0.21585401600579246,0.0,0.0864572331283753
-1.0,5.82,0.12,6.169491525423729,1.34,-0.2138141878843669,0.0,0.0864572331283753
-1.0,5.82,0.12,6.169491525423729,1.53,-0.21177416588334097,0.0,0.0864572331283753
-1.0,5.82,0.12,6.169491525423729,1.72,-0.209733950043983,0.0,0.0864572331283753
-1.0,5.82,0.12,6.169491525423729,1.91,-0.20769354032744047,0.0,0.0864572331283753
-1.0,5.82,0.12,6.169491525423729,2.1,-0.20565395320443258,0.0,0.0864572331283753
-1.0,5.82,0.12,6.169491525423729,2.29,-0.2036150872806104,0.0,0.0864572331283753
-1.0,5.82,0.12,6.169491525423729,2.4800000000000004,-0.20157602765551985,0.0,0.0864572331283753
-1.0,5.82,0.12,6.169491525423729,2.6700000000000004,-0.1995367743618175,0.0,0.0864572331283753
-1.0,5.82,0.12,6.169491525423729,2.8600000000000003,-0.19749732734831582,0.0,0.0864572331283753
-1.0,5.82,0.12,6.169491525423729,3.0500000000000003,-0.1954576865902169,0.0,0.0864572331283753
-1.0,5.82,0.12,6.169491525423729,3.24,-0.19341785207184614,0.0,0.0864572331283753
-1.0,5.82,0.12,6.169491525423729,3.43,-0.19137782377011092,0.0,0.0864572331283753
-1.0,5.82,0.12,6.169491525423729,3.62,-0.1893376016692372,0.0,0.0864572331283753
-1.0,5.82,0.12,6.169491525423729,3.81,-0.18729718571960063,0.0,0.0864572331283753
-1.0,5.82,0.12,6.169491525423729,4.0,-0.18525657594015854,0.0,0.0864572331283753
-1.0,5.82,0.12,6.4406779661016955,0.2,30.245073262796268,0.0,0.00015888777726189954
-1.0,5.82,0.12,6.4406779661016955,0.39,30.245151741908757,0.0,0.00015888777726189954
-1.0,5.82,0.12,6.4406779661016955,0.5800000000000001,30.245230222902748,0.0,0.00015888777726189954
-1.0,5.82,0.12,6.4406779661016955,0.77,30.245308701049332,0.0,0.00015888777726189954
-1.0,5.82,0.12,6.4406779661016955,0.96,30.245387180383197,0.0,0.00015888777726189954
-1.0,5.82,0.12,6.4406779661016955,1.15,30.245465654307523,0.0,0.00015888777726189954
-1.0,5.82,0.12,6.4406779661016955,1.34,30.24554412818705,0.0,0.00015888777726189954
-1.0,5.82,0.12,6.4406779661016955,1.53,30.24562260374634,0.0,0.00015888777726189954
-1.0,5.82,0.12,6.4406779661016955,1.72,30.245701081223118,0.0,0.00015888777726189954
-1.0,5.82,0.12,6.4406779661016955,1.91,30.24577956057015,0.0,0.00015888777726189954
-1.0,5.82,0.12,6.4406779661016955,2.1,30.24585803124573,0.0,0.00015888777726189954
-1.0,5.82,0.12,6.4406779661016955,2.29,30.24593649441089,0.0,0.00015888777726189954
-1.0,5.82,0.12,6.4406779661016955,2.4800000000000004,30.24601495937317,0.0,0.00015888777726189954
-1.0,5.82,0.12,6.4406779661016955,2.6700000000000004,30.24609342619903,0.0,0.00015888777726189954
-1.0,5.82,0.12,6.4406779661016955,2.8600000000000003,30.24617189487791,0.0,0.00015888777726189954
-1.0,5.82,0.12,6.4406779661016955,3.0500000000000003,30.246250365379893,0.0,0.00015888777726189954
-1.0,5.82,0.12,6.4406779661016955,3.24,30.24632883773493,0.0,0.00015888777726189954
-1.0,5.82,0.12,6.4406779661016955,3.43,30.246407311962002,0.0,0.00015888777726189954
-1.0,5.82,0.12,6.4406779661016955,3.62,30.246485788025254,0.0,0.00015888777726189954
-1.0,5.82,0.12,6.4406779661016955,3.81,30.246564265898165,0.0,0.00015888777726189954
-1.0,5.82,0.12,6.4406779661016955,4.0,30.246642745648515,0.0,0.00015888777726189954
-1.0,5.82,0.12,6.711864406779661,0.2,-0.21506689033347826,0.0,1.9447407876026386e-07
-1.0,5.82,0.12,6.711864406779661,0.39,-0.21504736027849347,0.0,1.9447407876026386e-07
-1.0,5.82,0.12,6.711864406779661,0.5800000000000001,-0.2150278297341437,0.0,1.9447407876026386e-07
-1.0,5.82,0.12,6.711864406779661,0.77,-0.21500829977514258,0.0,1.9447407876026386e-07
-1.0,5.82,0.12,6.711864406779661,0.96,-0.21498876989390325,0.0,1.9447407876026386e-07
-1.0,5.82,0.12,6.711864406779661,1.15,-0.2149692412276316,0.0,1.9447407876026386e-07
-1.0,5.82,0.12,6.711864406779661,1.34,-0.21494971270865548,0.0,1.9447407876026386e-07
-1.0,5.82,0.12,6.711864406779661,1.53,-0.2149301840069917,0.0,1.9447407876026386e-07
-1.0,5.82,0.12,6.711864406779661,1.72,-0.214910655059807,0.0,1.9447407876026386e-07
-1.0,5.82,0.12,6.711864406779661,1.91,-0.21489112580934133,0.0,1.9447407876026386e-07
-1.0,5.82,0.12,6.711864406779661,2.1,-0.2148715985365115,0.0,1.9447407876026386e-07
-1.0,5.82,0.12,6.711864406779661,2.29,-0.21485207300190012,0.0,1.9447407876026386e-07
-1.0,5.82,0.12,6.711864406779661,2.4800000000000004,-0.21483254716633127,0.0,1.9447407876026386e-07
-1.0,5.82,0.12,6.711864406779661,2.6700000000000004,-0.21481302112878353,0.0,1.9447407876026386e-07
-1.0,5.82,0.12,6.711864406779661,2.8600000000000003,-0.21479349482733312,0.0,1.9447407876026386e-07
-1.0,5.82,0.12,6.711864406779661,3.0500000000000003,-0.21477396829406104,0.0,1.9447407876026386e-07
-1.0,5.82,0.12,6.711864406779661,3.24,-0.2147544414958915,0.0,1.9447407876026386e-07
-1.0,5.82,0.12,6.711864406779661,3.43,-0.21473491442533543,0.0,1.9447407876026386e-07
-1.0,5.82,0.12,6.711864406779661,3.62,-0.21471538709781512,0.0,1.9447407876026386e-07
-1.0,5.82,0.12,6.711864406779661,3.81,-0.21469585956581838,0.0,1.9447407876026386e-07
-1.0,5.82,0.12,6.711864406779661,4.0,-0.21467633174178857,0.0,1.9447407876026386e-07
-1.0,5.82,0.16,5.627118644067797,0.2,14.002683539980715,0.0,0.02979460668974221
-1.0,5.82,0.16,5.627118644067797,0.39,14.003546167226986,0.0,0.02979460668974221
-1.0,5.82,0.16,5.627118644067797,0.5800000000000001,14.004409098788258,0.0,0.02979460668974221
-1.0,5.82,0.16,5.627118644067797,0.77,14.00527173658368,0.0,0.02979460668974221
-1.0,5.82,0.16,5.627118644067797,0.96,14.006134608349576,0.0,0.02979460668974221
-1.0,5.82,0.16,5.627118644067797,1.15,14.006996860847487,0.0,0.02979460668974221
-1.0,5.82,0.16,5.627118644067797,1.34,14.007859171274951,0.0,0.02979460668974221
-1.0,5.82,0.16,5.627118644067797,1.53,14.008721785984775,0.0,0.02979460668974221
-1.0,5.82,0.16,5.627118644067797,1.72,14.009584705067667,0.0,0.02979460668974221
-1.0,5.82,0.16,5.627118644067797,1.91,14.01044792858044,0.0,0.02979460668974221
-1.0,5.82,0.16,5.627118644067797,2.1,14.011310136899255,0.0,0.02979460668974221
-1.0,5.82,0.16,5.627118644067797,2.29,14.012171461641486,0.0,0.02979460668974221
-1.0,5.82,0.16,5.627118644067797,2.4800000000000004,14.01303309048069,0.0,0.02979460668974221
-1.0,5.82,0.16,5.627118644067797,2.6700000000000004,14.01389502349614,0.0,0.02979460668974221
-1.0,5.82,0.16,5.627118644067797,2.8600000000000003,14.014757260758508,0.0,0.02979460668974221
-1.0,5.82,0.16,5.627118644067797,3.0500000000000003,14.015619802340204,0.0,0.02979460668974221
-1.0,5.82,0.16,5.627118644067797,3.24,14.016482648309214,0.0,0.02979460668974221
-1.0,5.82,0.16,5.627118644067797,3.43,14.017345798742745,0.0,0.02979460668974221
-1.0,5.82,0.16,5.627118644067797,3.62,14.018209253713863,0.0,0.02979460668974221
-1.0,5.82,0.16,5.627118644067797,3.81,14.019073013293003,0.0,0.02979460668974221
-1.0,5.82,0.16,5.627118644067797,4.0,14.019937077553081,0.0,0.02979460668974221
-1.0,5.82,0.16,5.898305084745763,0.2,-9.206454345434054,0.0,1.0
-1.0,5.82,0.16,5.898305084745763,0.39,-9.204806971672255,0.0,1.0
-1.0,5.82,0.16,5.898305084745763,0.5800000000000001,-9.203159281521366,0.0,1.0
-1.0,5.82,0.16,5.898305084745763,0.77,-9.201511850678628,0.0,1.0
-1.0,5.82,0.16,5.898305084745763,0.96,-9.199864171283053,0.0,1.0
-1.0,5.82,0.16,5.898305084745763,1.15,-9.198217064450034,0.0,1.0
-1.0,5.82,0.16,5.898305084745763,1.34,-9.196569878505997,0.0,1.0
-1.0,5.82,0.16,5.898305084745763,1.53,-9.194922376337445,0.0,1.0
-1.0,5.82,0.16,5.898305084745763,1.72,-9.193274557887449,0.0,1.0
-1.0,5.82,0.16,5.898305084745763,1.91,-9.191626423107309,0.0,1.0
-1.0,5.82,0.16,5.898305084745763,2.1,-9.18997924199084,0.0,1.0
-1.0,5.82,0.16,5.898305084745763,2.29,-9.188332887824956,0.0,1.0
-1.0,5.82,0.16,5.898305084745763,2.4800000000000004,-9.186686217668964,0.0,1.0
-1.0,5.82,0.16,5.898305084745763,2.6700000000000004,-9.185039231464614,0.0,1.0
-1.0,5.82,0.16,5.898305084745763,2.8600000000000003,-9.183391929177304,0.0,1.0
-1.0,5.82,0.16,5.898305084745763,3.0500000000000003,-9.181744310736391,0.0,1.0
-1.0,5.82,0.16,5.898305084745763,3.24,-9.180096376116396,0.0,1.0
-1.0,5.82,0.16,5.898305084745763,3.43,-9.17844812525233,0.0,1.0
-1.0,5.82,0.16,5.898305084745763,3.62,-9.176799558105657,0.0,1.0
-1.0,5.82,0.16,5.898305084745763,3.81,-9.175150674623339,0.0,1.0
-1.0,5.82,0.16,5.898305084745763,4.0,-9.173501474743603,0.0,1.0
-1.0,5.82,0.16,6.169491525423729,0.2,1.514279224230748,0.0,0.34878692962690183
-1.0,5.82,0.16,6.169491525423729,0.39,1.5163804448736755,0.0,0.34878692962690183
-1.0,5.82,0.16,6.169491525423729,0.5800000000000001,1.5184818639829274,0.0,0.34878692962690183
-1.0,5.82,0.16,6.169491525423729,0.77,1.5205830097688846,0.0,0.34878692962690183
-1.0,5.82,0.16,6.169491525423729,0.96,1.522684298438179,0.0,0.34878692962690183
-1.0,5.82,0.16,6.169491525423729,1.15,1.5247850569075752,0.0,0.34878692962690183
-1.0,5.82,0.16,6.169491525423729,1.34,1.5268858194182684,0.0,0.34878692962690183
-1.0,5.82,0.16,6.169491525423729,1.53,1.5289867803474095,0.0,0.34878692962690183
-1.0,5.82,0.16,6.169491525423729,1.72,1.5310879396560892,0.0,0.34878692962690183
-1.0,5.82,0.16,6.169491525423729,1.91,1.5331892973824353,0.0,0.34878692962690183
-1.0,5.82,0.16,6.169491525423729,2.1,1.535289812697755,0.0,0.34878692962690183
-1.0,5.82,0.16,6.169491525423729,2.29,1.5373895894293952,0.0,0.34878692962690183
-1.0,5.82,0.16,6.169491525423729,2.4800000000000004,1.539489564397286,0.0,0.34878692962690183
-1.0,5.82,0.16,6.169491525423729,2.6700000000000004,1.5415897375699643,0.0,0.34878692962690183
-1.0,5.82,0.16,6.169491525423729,2.8600000000000003,1.543690108998888,0.0,0.34878692962690183
-1.0,5.82,0.16,6.169491525423729,3.0500000000000003,1.5457906787093378,0.0,0.34878692962690183
-1.0,5.82,0.16,6.169491525423729,3.24,1.5478914467177418,0.0,0.34878692962690183
-1.0,5.82,0.16,6.169491525423729,3.43,1.549992413047491,0.0,0.34878692962690183
-1.0,5.82,0.16,6.169491525423729,3.62,1.5520935777151266,0.0,0.34878692962690183
-1.0,5.82,0.16,6.169491525423729,3.81,1.5541949407706,0.0,0.34878692962690183
-1.0,5.82,0.16,6.169491525423729,4.0,1.5562965021954938,0.0,0.34878692962690183
-1.0,5.82,0.16,6.4406779661016955,0.2,30.269079535039964,0.0,0.0035983462387651974
-1.0,5.82,0.16,6.4406779661016955,0.39,30.269158076567564,0.0,0.0035983462387651974
-1.0,5.82,0.16,6.4406779661016955,0.5800000000000001,30.269236619977107,0.0,0.0035983462387651974
-1.0,5.82,0.16,6.4406779661016955,0.77,30.269315160538206,0.0,0.0035983462387651974
-1.0,5.82,0.16,6.4406779661016955,0.96,30.2693937022868,0.0,0.0035983462387651974
-1.0,5.82,0.16,6.4406779661016955,1.15,30.269472238623862,0.0,0.0035983462387651974
-1.0,5.82,0.16,6.4406779661016955,1.34,30.269550774915956,0.0,0.0035983462387651974
-1.0,5.82,0.16,6.4406779661016955,1.53,30.26962931288817,0.0,0.0035983462387651974
-1.0,5.82,0.16,6.4406779661016955,1.72,30.269707852778282,0.0,0.0035983462387651974
-1.0,5.82,0.16,6.4406779661016955,1.91,30.269786394539047,0.0,0.0035983462387651974
-1.0,5.82,0.16,6.4406779661016955,2.1,30.26986492762542,0.0,0.0035983462387651974
-1.0,5.82,0.16,6.4406779661016955,2.29,30.269943453198813,0.0,0.0035983462387651974
-1.0,5.82,0.16,6.4406779661016955,2.4800000000000004,30.27002198056971,0.0,0.0035983462387651974
-1.0,5.82,0.16,6.4406779661016955,2.6700000000000004,30.27010050980457,0.0,0.0035983462387651974
-1.0,5.82,0.16,6.4406779661016955,2.8600000000000003,30.270179040892863,0.0,0.0035983462387651974
-1.0,5.82,0.16,6.4406779661016955,3.0500000000000003,30.270257573804628,0.0,0.0035983462387651974
-1.0,5.82,0.16,6.4406779661016955,3.24,30.27033610856983,0.0,0.0035983462387651974
-1.0,5.82,0.16,6.4406779661016955,3.43,30.270414645207495,0.0,0.0035983462387651974
-1.0,5.82,0.16,6.4406779661016955,3.62,30.27049318368168,0.0,0.0035983462387651974
-1.0,5.82,0.16,6.4406779661016955,3.81,30.27057172396595,0.0,0.0035983462387651974
-1.0,5.82,0.16,6.4406779661016955,4.0,30.270650266128072,0.0,0.0035983462387651974
-1.0,5.82,0.16,6.711864406779661,0.2,-0.21506370364071614,0.0,1.8399917567336878e-06
-1.0,5.82,0.16,6.711864406779661,0.39,-0.2150441735796953,0.0,1.8399917567336878e-06
-1.0,5.82,0.16,6.711864406779661,0.5800000000000001,-0.2150246430293059,0.0,1.8399917567336878e-06
-1.0,5.82,0.16,6.711864406779661,0.77,-0.2150051130642865,0.0,1.8399917567336878e-06
-1.0,5.82,0.16,6.711864406779661,0.96,-0.2149855831770111,0.0,1.8399917567336878e-06
-1.0,5.82,0.16,6.711864406779661,1.15,-0.21496605450471407,0.0,1.8399917567336878e-06
-1.0,5.82,0.16,6.711864406779661,1.34,-0.21494652597969832,0.0,1.8399917567336878e-06
-1.0,5.82,0.16,6.711864406779661,1.53,-0.2149269972720056,0.0,1.8399917567336878e-06
-1.0,5.82,0.16,6.711864406779661,1.72,-0.21490746831878837,0.0,1.8399917567336878e-06
-1.0,5.82,0.16,6.711864406779661,1.91,-0.2148879390622973,0.0,1.8399917567336878e-06
-1.0,5.82,0.16,6.711864406779661,2.1,-0.21486841178344207,0.0,1.8399917567336878e-06
-1.0,5.82,0.16,6.711864406779661,2.29,-0.21484888624278753,0.0,1.8399917567336878e-06
-1.0,5.82,0.16,6.711864406779661,2.4800000000000004,-0.21482936040118616,0.0,1.8399917567336878e-06
-1.0,5.82,0.16,6.711864406779661,2.6700000000000004,-0.21480983435762013,0.0,1.8399917567336878e-06
-1.0,5.82,0.16,6.711864406779661,2.8600000000000003,-0.2147903080501372,0.0,1.8399917567336878e-06
-1.0,5.82,0.16,6.711864406779661,3.0500000000000003,-0.21477078151083262,0.0,1.8399917567336878e-06
-1.0,5.82,0.16,6.711864406779661,3.24,-0.21475125470663414,0.0,1.8399917567336878e-06
-1.0,5.82,0.16,6.711864406779661,3.43,-0.2147317276300491,0.0,1.8399917567336878e-06
-1.0,5.82,0.16,6.711864406779661,3.62,-0.21471220029649274,0.0,1.8399917567336878e-06
-1.0,5.82,0.16,6.711864406779661,3.81,-0.2146926727584706,0.0,1.8399917567336878e-06
-1.0,5.82,0.16,6.711864406779661,4.0,-0.21467314492840828,0.0,1.8399917567336878e-06
-0.75,5.7,0.08,5.627118644067797,0.2,14.01332551653207,0.0,0.2469516907485788
-0.75,5.7,0.08,5.627118644067797,0.39,14.014188691475198,0.0,0.2469516907485788
-0.75,5.7,0.08,5.627118644067797,0.5800000000000001,14.015052170782837,0.0,0.2469516907485788
-0.75,5.7,0.08,5.627118644067797,0.77,14.015915356264955,0.0,0.2469516907485788
-0.75,5.7,0.08,5.627118644067797,0.96,14.016778775754275,0.0,0.2469516907485788
-0.75,5.7,0.08,5.627118644067797,1.15,14.017641575856494,0.0,0.2469516907485788
-0.75,5.7,0.08,5.627118644067797,1.34,14.01850443389283,0.0,0.2469516907485788
-0.75,5.7,0.08,5.627118644067797,1.53,14.019367596261027,0.0,0.2469516907485788
-0.75,5.7,0.08,5.627118644067797,1.72,14.02023106305181,0.0,0.2469516907485788
-0.75,5.7,0.08,5.627118644067797,1.91,14.021094834321993,0.0,0.2469516907485788
-0.75,5.7,0.08,5.627118644067797,2.1,14.02195759020686,0.0,0.2469516907485788
-0.75,5.7,0.08,5.627118644067797,2.29,14.022819462347819,0.0,0.2469516907485788
-0.75,5.7,0.08,5.627118644067797,2.4800000000000004,14.023681638635182,0.0,0.2469516907485788
-0.75,5.7,0.08,5.627118644067797,2.6700000000000004,14.024544119148281,0.0,0.2469516907485788
-0.75,5.7,0.08,5.627118644067797,2.8600000000000003,14.025406903957787,0.0,0.2469516907485788
-0.75,5.7,0.08,5.627118644067797,3.0500000000000003,14.026269993136111,0.0,0.2469516907485788
-0.75,5.7,0.08,5.627118644067797,3.24,14.027133386751252,0.0,0.2469516907485788
-0.75,5.7,0.08,5.627118644067797,3.43,14.027997084880425,0.0,0.2469516907485788
-0.75,5.7,0.08,5.627118644067797,3.62,14.028861087596724,0.0,0.2469516907485788
-0.75,5.7,0.08,5.627118644067797,3.81,14.02972539497057,0.0,0.2469516907485788
-0.75,5.7,0.08,5.627118644067797,4.0,14.030590007074913,0.0,0.2469516907485788
-0.75,5.7,0.08,5.898305084745763,0.2,-11.263766088817157,0.0,0.47076098056947435
-0.75,5.7,0.08,5.898305084745763,0.39,-11.262215410157069,0.0,0.47076098056947435
-0.75,5.7,0.08,5.898305084745763,0.5800000000000001,-11.260664424681892,0.0,0.47076098056947435
-0.75,5.7,0.08,5.898305084745763,0.77,-11.259113689611752,0.0,0.47076098056947435
-0.75,5.7,0.08,5.898305084745763,0.96,-11.257562713389447,0.0,0.47076098056947435
-0.75,5.7,0.08,5.898305084745763,1.15,-11.25601229076645,0.0,0.47076098056947435
-0.75,5.7,0.08,5.898305084745763,1.34,-11.254461790993354,0.0,0.47076098056947435
-0.75,5.7,0.08,5.898305084745763,1.53,-11.252910984567393,0.0,0.47076098056947435
-0.75,5.7,0.08,5.898305084745763,1.72,-11.251359871433323,0.0,0.47076098056947435
-0.75,5.7,0.08,5.898305084745763,1.91,-11.249808451543906,0.0,0.47076098056947435
-0.75,5.7,0.08,5.898305084745763,2.1,-11.248257954122671,0.0,0.47076098056947435
-0.75,5.7,0.08,5.898305084745763,2.29,-11.246708256523078,0.0,0.47076098056947435
-0.75,5.7,0.08,5.898305084745763,2.4800000000000004,-11.24515825249761,0.0,0.47076098056947435
-0.75,5.7,0.08,5.898305084745763,2.6700000000000004,-11.24360794198931,0.0,0.47076098056947435
-0.75,5.7,0.08,5.898305084745763,2.8600000000000003,-11.242057324965337,0.0,0.47076098056947435
-0.75,5.7,0.08,5.898305084745763,3.0500000000000003,-11.240506401356384,0.0,0.47076098056947435
-0.75,5.7,0.08,5.898305084745763,3.24,-11.238955171138699,0.0,0.47076098056947435
-0.75,5.7,0.08,5.898305084745763,3.43,-11.237403634248317,0.0,0.47076098056947435
-0.75,5.7,0.08,5.898305084745763,3.62,-11.235851790648802,0.0,0.47076098056947435
-0.75,5.7,0.08,5.898305084745763,3.81,-11.234299640288448,0.0,0.47076098056947435
-0.75,5.7,0.08,5.898305084745763,4.0,-11.23274718310681,0.0,0.47076098056947435
-0.75,5.7,0.08,6.169491525423729,0.2,-0.6776870248861826,0.0,0.017352935704912736
-0.75,5.7,0.08,6.169491525423729,0.39,-0.6756625657881159,0.0,0.017352935704912736
-0.75,5.7,0.08,6.169491525423729,0.5800000000000001,-0.6736379139442619,0.0,0.017352935704912736
-0.75,5.7,0.08,6.169491525423729,0.77,-0.6716135272320969,0.0,0.017352935704912736
-0.75,5.7,0.08,6.169491525423729,0.96,-0.6695890017227697,0.0,0.017352935704912736
-0.75,5.7,0.08,6.169491525423729,1.15,-0.667564990654995,0.0,0.017352935704912736
-0.75,5.7,0.08,6.169491525423729,1.34,-0.6655409755373967,0.0,0.017352935704912736
-0.75,5.7,0.08,6.169491525423729,1.53,-0.6635167677181215,0.0,0.017352935704912736
-0.75,5.7,0.08,6.169491525423729,1.72,-0.6614923672389637,0.0,0.017352935704912736
-0.75,5.7,0.08,6.169491525423729,1.91,-0.6594677740609143,0.0,0.017352935704912736
-0.75,5.7,0.08,6.169491525423729,2.1,-0.6574439983335907,0.0,0.017352935704912736
-0.75,5.7,0.08,6.169491525423729,2.29,-0.6554209392940322,0.0,0.017352935704912736
-0.75,5.7,0.08,6.169491525423729,2.4800000000000004,-0.6533976877300915,0.0,0.017352935704912736
-0.75,5.7,0.08,6.169491525423729,2.6700000000000004,-0.6513742436746668,0.0,0.017352935704912736
-0.75,5.7,0.08,6.169491525423729,2.8600000000000003,-0.649350607076741,0.0,0.017352935704912736
-0.75,5.7,0.08,6.169491525423729,3.0500000000000003,-0.6473267779115446,0.0,0.017352935704912736
-0.75,5.7,0.08,6.169491525423729,3.24,-0.645302756163673,0.0,0.017352935704912736
-0.75,5.7,0.08,6.169491525423729,3.43,-0.6432785418100906,0.0,0.017352935704912736
-0.75,5.7,0.08,6.169491525423729,3.62,-0.6412541348351795,0.0,0.017352935704912736
-0.75,5.7,0.08,6.169491525423729,3.81,-0.6392295351894717,0.0,0.017352935704912736
-0.75,5.7,0.08,6.169491525423729,4.0,-0.6372047428920098,0.0,0.017352935704912736
-0.75,5.7,0.08,6.4406779661016955,0.2,30.244980944223272,0.0,0.0001456588908853982
-0.75,5.7,0.08,6.4406779661016955,0.39,30.245059423095768,0.0,0.0001456588908853982
-0.75,5.7,0.08,6.4406779661016955,0.5800000000000001,30.245137903849724,0.0,0.0001456588908853982
-0.75,5.7,0.08,6.4406779661016955,0.77,30.245216381756286,0.0,0.0001456588908853982
-0.75,5.7,0.08,6.4406779661016955,0.96,30.24529486085016,0.0,0.0001456588908853982
-0.75,5.7,0.08,6.4406779661016955,1.15,30.245373334534406,0.0,0.0001456588908853982
-0.75,5.7,0.08,6.4406779661016955,1.34,30.245451808173954,0.0,0.0001456588908853982
-0.75,5.7,0.08,6.4406779661016955,1.53,30.24553028349321,0.0,0.0001456588908853982
-0.75,5.7,0.08,6.4406779661016955,1.72,30.245608760729965,0.0,0.0001456588908853982
-0.75,5.7,0.08,6.4406779661016955,1.91,30.245687239837004,0.0,0.0001456588908853982
-0.75,5.7,0.08,6.4406779661016955,2.1,30.245765710272565,0.0,0.0001456588908853982
-0.75,5.7,0.08,6.4406779661016955,2.29,30.24584417319776,0.0,0.0001456588908853982
-0.75,5.7,0.08,6.4406779661016955,2.4800000000000004,30.245922637920017,0.0,0.0001456588908853982
-0.75,5.7,0.08,6.4406779661016955,2.6700000000000004,30.246001104505872,0.0,0.0001456588908853982
-0.75,5.7,0.08,6.4406779661016955,2.8600000000000003,30.246079572944744,0.0,0.0001456588908853982
-0.75,5.7,0.08,6.4406779661016955,3.0500000000000003,30.246158043206734,0.0,0.0001456588908853982
-0.75,5.7,0.08,6.4406779661016955,3.24,30.246236515321748,0.0,0.0001456588908853982
-0.75,5.7,0.08,6.4406779661016955,3.43,30.246314989308843,0.0,0.0001456588908853982
-0.75,5.7,0.08,6.4406779661016955,3.62,30.246393465132073,0.0,0.0001456588908853982
-0.75,5.7,0.08,6.4406779661016955,3.81,30.246471942764977,0.0,0.0001456588908853982
-0.75,5.7,0.08,6.4406779661016955,4.0,30.24655042227532,0.0,0.0001456588908853982
-0.75,5.7,0.08,6.711864406779661,0.2,-0.21506689035745552,0.0,1.944616747494886e-07
-0.75,5.7,0.08,6.711864406779661,0.39,-0.21504736030247074,0.0,1.944616747494886e-07
-0.75,5.7,0.08,6.711864406779661,0.5800000000000001,-0.21502782975811385,0.0,1.944616747494886e-07
-0.75,5.7,0.08,6.711864406779661,0.77,-0.2150082997991163,0.0,1.944616747494886e-07
-0.75,5.7,0.08,6.711864406779661,0.96,-0.21498876991786986,0.0,1.944616747494886e-07
-0.75,5.7,0.08,6.711864406779661,1.15,-0.21496924125160888,0.0,1.944616747494886e-07
-0.75,5.7,0.08,6.711864406779661,1.34,-0.2149497127326221,0.0,1.944616747494886e-07
-0.75,5.7,0.08,6.711864406779661,1.53,-0.21493018403095832,0.0,1.944616747494886e-07
-0.75,5.7,0.08,6.711864406779661,1.72,-0.2149106550837736,0.0,1.944616747494886e-07
-0.75,5.7,0.08,6.711864406779661,1.91,-0.2148911258333115,0.0,1.944616747494886e-07
-0.75,5.7,0.08,6.711864406779661,2.1,-0.21487159856048876,0.0,1.944616747494886e-07
-0.75,5.7,0.08,6.711864406779661,2.29,-0.2148520730258774,0.0,1.944616747494886e-07
-0.75,5.7,0.08,6.711864406779661,2.4800000000000004,-0.21483254719030143,0.0,1.944616747494886e-07
-0.75,5.7,0.08,6.711864406779661,2.6700000000000004,-0.2148130211527608,0.0,1.944616747494886e-07
-0.75,5.7,0.08,6.711864406779661,2.8600000000000003,-0.21479349485131038,0.0,1.944616747494886e-07
-0.75,5.7,0.08,6.711864406779661,3.0500000000000003,-0.2147739683180312,0.0,1.944616747494886e-07
-0.75,5.7,0.08,6.711864406779661,3.24,-0.21475444151986167,0.0,1.944616747494886e-07
-0.75,5.7,0.08,6.711864406779661,3.43,-0.2147349144493056,0.0,1.944616747494886e-07
-0.75,5.7,0.08,6.711864406779661,3.62,-0.21471538712178173,0.0,1.944616747494886e-07
-0.75,5.7,0.08,6.711864406779661,3.81,-0.21469585958978854,0.0,1.944616747494886e-07
-0.75,5.7,0.08,6.711864406779661,4.0,-0.21467633176576584,0.0,1.944616747494886e-07
-0.75,5.7,0.12,5.627118644067797,0.2,14.01917663857268,0.0,0.36633110259730683
-0.75,5.7,0.12,5.627118644067797,0.39,14.02004011464794,0.0,0.36633110259730683
-0.75,5.7,0.12,5.627118644067797,0.5800000000000001,14.020903895114962,0.0,0.36633110259730683
-0.75,5.7,0.12,5.627118644067797,0.77,14.021767381723649,0.0,0.36633110259730683
-0.75,5.7,0.12,5.627118644067797,0.96,14.02263110235969,0.0,0.36633110259730683
-0.75,5.7,0.12,5.627118644067797,1.15,14.02349420354318,0.0,0.36633110259730683
-0.75,5.7,0.12,5.627118644067797,1.34,14.024357362663274,0.0,0.36633110259730683
-0.75,5.7,0.12,5.627118644067797,1.53,14.025220826142437,0.0,0.36633110259730683
-0.75,5.7,0.12,5.627118644067797,1.72,14.02608459407142,0.0,0.36633110259730683
-0.75,5.7,0.12,5.627118644067797,1.91,14.026948666507046,0.0,0.36633110259730683
-0.75,5.7,0.12,5.627118644067797,2.1,14.027811723452139,0.0,0.36633110259730683
-0.75,5.7,0.12,5.627118644067797,2.29,14.028673896561308,0.0,0.36633110259730683
-0.75,5.7,0.12,5.627118644067797,2.4800000000000004,14.029536373844088,0.0,0.36633110259730683
-0.75,5.7,0.12,5.627118644067797,2.6700000000000004,14.030399155379783,0.0,0.36633110259730683
-0.75,5.7,0.12,5.627118644067797,2.8600000000000003,14.031262241239112,0.0,0.36633110259730683
-0.75,5.7,0.12,5.627118644067797,3.0500000000000003,14.03212563149446,0.0,0.36633110259730683
-0.75,5.7,0.12,5.627118644067797,3.24,14.032989326213851,0.0,0.36633110259730683
-0.75,5.7,0.12,5.627118644067797,3.43,14.033853325474496,0.0,0.36633110259730683
-0.75,5.7,0.12,5.627118644067797,3.62,14.034717629349508,0.0,0.36633110259730683
-0.75,5.7,0.12,5.627118644067797,3.81,14.035582237909274,0.0,0.36633110259730683
-0.75,5.7,0.12,5.627118644067797,4.0,14.036447151226803,0.0,0.36633110259730683
-0.75,5.7,0.12,5.898305084745763,0.2,-9.794760730817067,0.0,0.8504142744894074
-0.75,5.7,0.12,5.898305084745763,0.39,-9.793141007869956,0.0,0.8504142744894074
-0.75,5.7,0.12,5.898305084745763,0.5800000000000001,-9.791520971271524,0.0,0.8504142744894074
-0.75,5.7,0.12,5.898305084745763,0.77,-9.78990119143532,0.0,0.8504142744894074
-0.75,5.7,0.12,5.898305084745763,0.96,-9.788281165162566,0.0,0.8504142744894074
-0.75,5.7,0.12,5.898305084745763,1.15,-9.786661706029669,0.0,0.8504142744894074
-0.75,5.7,0.12,5.898305084745763,1.34,-9.785042168346472,0.0,0.8504142744894074
-0.75,5.7,0.12,5.898305084745763,1.53,-9.783422317175884,0.0,0.8504142744894074
-0.75,5.7,0.12,5.898305084745763,1.72,-9.781802152461417,0.0,0.8504142744894074
-0.75,5.7,0.12,5.898305084745763,1.91,-9.780181674154804,0.0,0.8504142744894074
-0.75,5.7,0.12,5.898305084745763,2.1,-9.77856214059124,0.0,0.8504142744894074
-0.75,5.7,0.12,5.898305084745763,2.29,-9.776943426220505,0.0,0.8504142744894074
-0.75,5.7,0.12,5.898305084745763,2.4800000000000004,-9.775324398594648,0.0,0.8504142744894074
-0.75,5.7,0.12,5.898305084745763,2.6700000000000004,-9.773705057655768,0.0,0.8504142744894074
-0.75,5.7,0.12,5.898305084745763,2.8600000000000003,-9.772085403369758,0.0,0.8504142744894074
-0.75,5.7,0.12,5.898305084745763,3.0500000000000003,-9.770465435666395,0.0,0.8504142744894074
-0.75,5.7,0.12,5.898305084745763,3.24,-9.76884515452069,0.0,0.8504142744894074
-0.75,5.7,0.12,5.898305084745763,3.43,-9.767224559867913,0.0,0.8504142744894074
-0.75,5.7,0.12,5.898305084745763,3.62,-9.765603651670148,0.0,0.8504142744894074
-0.75,5.7,0.12,5.898305084745763,3.81,-9.763982429874751,0.0,0.8504142744894074
-0.75,5.7,0.12,5.898305084745763,4.0,-9.762360894420297,0.0,0.8504142744894074
-0.75,5.7,0.12,6.169491525423729,0.2,-0.6627355706167748,0.0,0.01964757320172034
-0.75,5.7,0.12,6.169491525423729,0.39,-0.6607105879263742,0.0,0.01964757320172034
-0.75,5.7,0.12,6.169491525423729,0.5800000000000001,-0.6586854124511632,0.0,0.01964757320172034
-0.75,5.7,0.12,6.169491525423729,0.77,-0.6566605021635326,0.0,0.01964757320172034
-0.75,5.7,0.12,6.169491525423729,0.96,-0.6546354530508296,0.0,0.01964757320172034
-0.75,5.7,0.12,6.169491525423729,1.15,-0.6526109184871842,0.0,0.01964757320172034
-0.75,5.7,0.12,6.169491525423729,1.34,-0.6505863798738005,0.0,0.01964757320172034
-0.75,5.7,0.12,6.169491525423729,1.53,-0.6485616485197028,0.0,0.01964757320172034
-0.75,5.7,0.12,6.169491525423729,1.72,-0.6465367244667277,0.0,0.01964757320172034
-0.75,5.7,0.12,6.169491525423729,1.91,-0.6445116076758666,0.0,0.01964757320172034
-0.75,5.7,0.12,6.169491525423729,2.1,-0.6424873085059915,0.0,0.01964757320172034
-0.75,5.7,0.12,6.169491525423729,2.29,-0.6404637261732091,0.0,0.01964757320172034
-0.75,5.7,0.12,6.169491525423729,2.4800000000000004,-0.6384399512770926,0.0,0.01964757320172034
-0.75,5.7,0.12,6.169491525423729,2.6700000000000004,-0.6364159838505259,0.0,0.01964757320172034
-0.75,5.7,0.12,6.169491525423729,2.8600000000000003,-0.6343918238424635,0.0,0.01964757320172034
-0.75,5.7,0.12,6.169491525423729,3.0500000000000003,-0.6323674712281644,0.0,0.01964757320172034
-0.75,5.7,0.12,6.169491525423729,3.24,-0.6303429259922382,0.0,0.01964757320172034
-0.75,5.7,0.12,6.169491525423729,3.43,-0.628318188111578,0.0,0.01964757320172034
-0.75,5.7,0.12,6.169491525423729,3.62,-0.6262932575706088,0.0,0.01964757320172034
-0.75,5.7,0.12,6.169491525423729,3.81,-0.6242681343198484,0.0,0.01964757320172034
-0.75,5.7,0.12,6.169491525423729,4.0,-0.6222428183783393,0.0,0.01964757320172034
-0.75,5.7,0.12,6.4406779661016955,0.2,30.244981228445184,0.0,0.00014569961877824333
-0.75,5.7,0.12,6.4406779661016955,0.39,30.245059707318376,0.0,0.00014569961877824333
-0.75,5.7,0.12,6.4406779661016955,0.5800000000000001,30.24513818807307,0.0,0.00014569961877824333
-0.75,5.7,0.12,6.4406779661016955,0.77,30.245216665980372,0.0,0.00014569961877824333
-0.75,5.7,0.12,6.4406779661016955,0.96,30.245295145074984,0.0,0.00014569961877824333
-0.75,5.7,0.12,6.4406779661016955,1.15,30.24537361876,0.0,0.00014569961877824333
-0.75,5.7,0.12,6.4406779661016955,1.34,30.245452092400257,0.0,0.00014569961877824333
-0.75,5.7,0.12,6.4406779661016955,1.53,30.245530567720266,0.0,0.00014569961877824333
-0.75,5.7,0.12,6.4406779661016955,1.72,30.24560904495776,0.0,0.00014569961877824333
-0.75,5.7,0.12,6.4406779661016955,1.91,30.245687524065524,0.0,0.00014569961877824333
-0.75,5.7,0.12,6.4406779661016955,2.1,30.245765994501852,0.0,0.00014569961877824333
-0.75,5.7,0.12,6.4406779661016955,2.29,30.245844457427744,0.0,0.00014569961877824333
-0.75,5.7,0.12,6.4406779661016955,2.4800000000000004,30.24592292215077,0.0,0.00014569961877824333
-0.75,5.7,0.12,6.4406779661016955,2.6700000000000004,30.246001388737376,0.0,0.00014569961877824333
-0.75,5.7,0.12,6.4406779661016955,2.8600000000000003,30.246079857176987,0.0,0.00014569961877824333
-0.75,5.7,0.12,6.4406779661016955,3.0500000000000003,30.2461583274397,0.0,0.00014569961877824333
-0.75,5.7,0.12,6.4406779661016955,3.24,30.246236799555454,0.0,0.00014569961877824333
-0.75,5.7,0.12,6.4406779661016955,3.43,30.246315273543274,0.0,0.00014569961877824333
-0.75,5.7,0.12,6.4406779661016955,3.62,30.246393749367243,0.0,0.00014569961877824333
-0.75,5.7,0.12,6.4406779661016955,3.81,30.246472227000886,0.0,0.00014569961877824333
-0.75,5.7,0.12,6.4406779661016955,4.0,30.246550706511982,0.0,0.00014569961877824333
-0.75,5.7,0.12,6.711864406779661,0.2,-0.21506689035745552,0.0,1.9446167853857688e-07
-0.75,5.7,0.12,6.711864406779661,0.39,-0.21504736030247074,0.0,1.9446167853857688e-07
-0.75,5.7,0.12,6.711864406779661,0.5800000000000001,-0.21502782975811385,0.0,1.9446167853857688e-07
-0.75,5.7,0.12,6.711864406779661,0.77,-0.2150082997991163,0.0,1.9446167853857688e-07
-0.75,5.7,0.12,6.711864406779661,0.96,-0.21498876991786986,0.0,1.9446167853857688e-07
-0.75,5.7,0.12,6.711864406779661,1.15,-0.21496924125160888,0.0,1.9446167853857688e-07
-0.75,5.7,0.12,6.711864406779661,1.34,-0.2149497127326221,0.0,1.9446167853857688e-07
-0.75,5.7,0.12,6.711864406779661,1.53,-0.21493018403095832,0.0,1.9446167853857688e-07
-0.75,5.7,0.12,6.711864406779661,1.72,-0.2149106550837736,0.0,1.9446167853857688e-07
-0.75,5.7,0.12,6.711864406779661,1.91,-0.2148911258333115,0.0,1.9446167853857688e-07
-0.75,5.7,0.12,6.711864406779661,2.1,-0.21487159856048876,0.0,1.9446167853857688e-07
-0.75,5.7,0.12,6.711864406779661,2.29,-0.2148520730258774,0.0,1.9446167853857688e-07
-0.75,5.7,0.12,6.711864406779661,2.4800000000000004,-0.21483254719030143,0.0,1.9446167853857688e-07
-0.75,5.7,0.12,6.711864406779661,2.6700000000000004,-0.2148130211527608,0.0,1.9446167853857688e-07
-0.75,5.7,0.12,6.711864406779661,2.8600000000000003,-0.21479349485131038,0.0,1.9446167853857688e-07
-0.75,5.7,0.12,6.711864406779661,3.0500000000000003,-0.2147739683180312,0.0,1.9446167853857688e-07
-0.75,5.7,0.12,6.711864406779661,3.24,-0.21475444151986167,0.0,1.9446167853857688e-07
-0.75,5.7,0.12,6.711864406779661,3.43,-0.2147349144493056,0.0,1.9446167853857688e-07
-0.75,5.7,0.12,6.711864406779661,3.62,-0.21471538712178173,0.0,1.9446167853857688e-07
-0.75,5.7,0.12,6.711864406779661,3.81,-0.21469585958978854,0.0,1.9446167853857688e-07
-0.75,5.7,0.12,6.711864406779661,4.0,-0.21467633176576584,0.0,1.9446167853857688e-07
-0.75,5.7,0.16,5.627118644067797,0.2,14.02490037208078,0.0,0.48309983910060095
-0.75,5.7,0.16,5.627118644067797,0.39,14.025764142732008,0.0,0.48309983910060095
-0.75,5.7,0.16,5.627118644067797,0.5800000000000001,14.026628217801672,0.0,0.48309983910060095
-0.75,5.7,0.16,5.627118644067797,0.77,14.0274919989809,0.0,0.48309983910060095
-0.75,5.7,0.16,5.627118644067797,0.96,14.028356014207219,0.0,0.48309983910060095
-0.75,5.7,0.16,5.627118644067797,1.15,14.029219409916927,0.0,0.48309983910060095
-0.75,5.7,0.16,5.627118644067797,1.34,14.030082863565688,0.0,0.48309983910060095
-0.75,5.7,0.16,5.627118644067797,1.53,14.030946621600158,0.0,0.48309983910060095
-0.75,5.7,0.16,5.627118644067797,1.72,14.031810684111079,0.0,0.48309983910060095
-0.75,5.7,0.16,5.627118644067797,1.91,14.032675051155266,0.0,0.48309983910060095
-0.75,5.7,0.16,5.627118644067797,2.1,14.03353840260602,0.0,0.48309983910060095
-0.75,5.7,0.16,5.627118644067797,2.29,14.034400870130817,0.0,0.48309983910060095
-0.75,5.7,0.16,5.627118644067797,2.4800000000000004,14.035263641855835,0.0,0.48309983910060095
-0.75,5.7,0.16,5.627118644067797,2.6700000000000004,14.036126717860391,0.0,0.48309983910060095
-0.75,5.7,0.16,5.627118644067797,2.8600000000000003,14.036990098215185,0.0,0.48309983910060095
-0.75,5.7,0.16,5.627118644067797,3.0500000000000003,14.037853782992627,0.0,0.48309983910060095
-0.75,5.7,0.16,5.627118644067797,3.24,14.038717772260725,0.0,0.48309983910060095
-0.75,5.7,0.16,5.627118644067797,3.43,14.03958206609672,0.0,0.48309983910060095
-0.75,5.7,0.16,5.627118644067797,3.62,14.040446664573722,0.0,0.48309983910060095
-0.75,5.7,0.16,5.627118644067797,3.81,14.041311567762115,0.0,0.48309983910060095
-0.75,5.7,0.16,5.627118644067797,4.0,14.042176775734916,0.0,0.48309983910060095
-0.75,5.7,0.16,5.898305084745763,0.2,-9.206454345434054,0.0,1.0
-0.75,5.7,0.16,5.898305084745763,0.39,-9.204806971672255,0.0,1.0
-0.75,5.7,0.16,5.898305084745763,0.5800000000000001,-9.203159281521366,0.0,1.0
-0.75,5.7,0.16,5.898305084745763,0.77,-9.201511850678628,0.0,1.0
-0.75,5.7,0.16,5.898305084745763,0.96,-9.199864171283053,0.0,1.0
-0.75,5.7,0.16,5.898305084745763,1.15,-9.198217064450034,0.0,1.0
-0.75,5.7,0.16,5.898305084745763,1.34,-9.196569878505997,0.0,1.0
-0.75,5.7,0.16,5.898305084745763,1.53,-9.194922376337445,0.0,1.0
-0.75,5.7,0.16,5.898305084745763,1.72,-9.193274557887449,0.0,1.0
-0.75,5.7,0.16,5.898305084745763,1.91,-9.191626423107309,0.0,1.0
-0.75,5.7,0.16,5.898305084745763,2.1,-9.18997924199084,0.0,1.0
-0.75,5.7,0.16,5.898305084745763,2.29,-9.188332887824956,0.0,1.0
-0.75,5.7,0.16,5.898305084745763,2.4800000000000004,-9.186686217668964,0.0,1.0
-0.75,5.7,0.16,5.898305084745763,2.6700000000000004,-9.185039231464614,0.0,1.0
-0.75,5.7,0.16,5.898305084745763,2.8600000000000003,-9.183391929177304,0.0,1.0
-0.75,5.7,0.16,5.898305084745763,3.0500000000000003,-9.181744310736391,0.0,1.0
-0.75,5.7,0.16,5.898305084745763,3.24,-9.180096376116396,0.0,1.0
-0.75,5.7,0.16,5.898305084745763,3.43,-9.17844812525233,0.0,1.0
-0.75,5.7,0.16,5.898305084745763,3.62,-9.176799558105657,0.0,1.0
-0.75,5.7,0.16,5.898305084745763,3.81,-9.175150674623339,0.0,1.0
-0.75,5.7,0.16,5.898305084745763,4.0,-9.173501474743603,0.0,1.0
-0.75,5.7,0.16,6.169491525423729,0.2,-0.3578654270137491,0.0,0.06633341418383093
-0.75,5.7,0.16,6.169491525423729,0.39,-0.35582976792576915,0.0,0.06633341418383093
-0.75,5.7,0.16,6.169491525423729,0.5800000000000001,-0.3537939152573273,0.0,0.06633341418383093
-0.75,5.7,0.16,6.169491525423729,0.77,-0.3517583289157642,0.0,0.06633341418383093
-0.75,5.7,0.16,6.169491525423729,0.96,-0.3497226031808225,0.0,0.06633341418383093
-0.75,5.7,0.16,6.169491525423729,1.15,-0.3476873941867069,0.0,0.06633341418383093
-0.75,5.7,0.16,6.169491525423729,1.34,-0.3456521811440041,0.0,0.06633341418383093
-0.75,5.7,0.16,6.169491525423729,1.53,-0.3436167745654899,0.0,0.06633341418383093
-0.75,5.7,0.16,6.169491525423729,1.72,-0.34158117449258896,0.0,0.06633341418383093
-0.75,5.7,0.16,6.169491525423729,1.91,-0.33954538088639197,0.0,0.06633341418383093
-0.75,5.7,0.16,6.169491525423729,2.1,-0.3375104083727791,0.0,0.06633341418383093
-0.75,5.7,0.16,6.169491525423729,2.29,-0.3354761557416879,0.0,0.06633341418383093
-0.75,5.7,0.16,6.169491525423729,2.4800000000000004,-0.3334417097527904,0.0,0.06633341418383093
-0.75,5.7,0.16,6.169491525423729,2.6700000000000004,-0.33140707043884277,0.0,0.06633341418383093
-0.75,5.7,0.16,6.169491525423729,2.8600000000000003,-0.32937223774867164,0.0,0.06633341418383093
-0.75,5.7,0.16,6.169491525423729,3.0500000000000003,-0.3273372116575075,0.0,0.06633341418383093
-0.75,5.7,0.16,6.169491525423729,3.24,-0.3253019921497895,0.0,0.06633341418383093
-0.75,5.7,0.16,6.169491525423729,3.43,-0.32326657920238233,0.0,0.06633341418383093
-0.75,5.7,0.16,6.169491525423729,3.62,-0.32123097279962565,0.0,0.06633341418383093
-0.75,5.7,0.16,6.169491525423729,3.81,-0.3191951728918525,0.0,0.06633341418383093
-0.75,5.7,0.16,6.169491525423729,4.0,-0.31715917949810546,0.0,0.06633341418383093
-0.75,5.7,0.16,6.4406779661016955,0.2,30.245868214327288,0.0,0.00027280052223121803
-0.75,5.7,0.16,6.4406779661016955,0.39,30.245946695506603,0.0,0.00027280052223121803
-0.75,5.7,0.16,6.4406779661016955,0.5800000000000001,30.246025178567436,0.0,0.00027280052223121803
-0.75,5.7,0.16,6.4406779661016955,0.77,30.246103658780832,0.0,0.00027280052223121803
-0.75,5.7,0.16,6.4406779661016955,0.96,30.246182140181524,0.0,0.00027280052223121803
-0.75,5.7,0.16,6.4406779661016955,1.15,30.246260616172577,0.0,0.00027280052223121803
-0.75,5.7,0.16,6.4406779661016955,1.34,30.246339092118873,0.0,0.00027280052223121803
-0.75,5.7,0.16,6.4406779661016955,1.53,30.246417569744906,0.0,0.00027280052223121803
-0.75,5.7,0.16,6.4406779661016955,1.72,30.24649604928848,0.0,0.00027280052223121803
-0.75,5.7,0.16,6.4406779661016955,1.91,30.24657453070231,0.0,0.00027280052223121803
-0.75,5.7,0.16,6.4406779661016955,2.1,30.246653003444592,0.0,0.00027280052223121803
-0.75,5.7,0.16,6.4406779661016955,2.29,30.24673146867638,0.0,0.00027280052223121803
-0.75,5.7,0.16,6.4406779661016955,2.4800000000000004,30.24680993570523,0.0,0.00027280052223121803
-0.75,5.7,0.16,6.4406779661016955,2.6700000000000004,30.246888404597733,0.0,0.00027280052223121803
-0.75,5.7,0.16,6.4406779661016955,2.8600000000000003,30.24696687534327,0.0,0.00027280052223121803
-0.75,5.7,0.16,6.4406779661016955,3.0500000000000003,30.247045347911907,0.0,0.00027280052223121803
-0.75,5.7,0.16,6.4406779661016955,3.24,30.2471238223336,0.0,0.00027280052223121803
-0.75,5.7,0.16,6.4406779661016955,3.43,30.24720229862737,0.0,0.00027280052223121803
-0.75,5.7,0.16,6.4406779661016955,3.62,30.24728077675732,0.0,0.00027280052223121803
-0.75,5.7,0.16,6.4406779661016955,3.81,30.24735925669693,0.0,0.00027280052223121803
-0.75,5.7,0.16,6.4406779661016955,4.0,30.247437738514023,0.0,0.00027280052223121803
-0.75,5.7,0.16,6.711864406779661,0.2,-0.21506685906320655,0.0,2.1062115864033153e-07
-0.75,5.7,0.16,6.711864406779661,0.39,-0.21504732900816137,0.0,2.1062115864033153e-07
-0.75,5.7,0.16,6.711864406779661,0.5800000000000001,-0.2150277984637441,0.0,2.1062115864033153e-07
-0.75,5.7,0.16,6.711864406779661,0.77,-0.21500826850468258,0.0,2.1062115864033153e-07
-0.75,5.7,0.16,6.711864406779661,0.96,-0.21498873862338996,0.0,2.1062115864033153e-07
-0.75,5.7,0.16,6.711864406779661,1.15,-0.21496920995705793,0.0,2.1062115864033153e-07
-0.75,5.7,0.16,6.711864406779661,1.34,-0.2149496814380143,0.0,2.1062115864033153e-07
-0.75,5.7,0.16,6.711864406779661,1.53,-0.21493015273629723,0.0,2.1062115864033153e-07
-0.75,5.7,0.16,6.711864406779661,1.72,-0.21491062378905212,0.0,2.1062115864033153e-07
-0.75,5.7,0.16,6.711864406779661,1.91,-0.21489109453853317,0.0,2.1062115864033153e-07
-0.75,5.7,0.16,6.711864406779661,2.1,-0.21487156726564294,0.0,2.1062115864033153e-07
-0.75,5.7,0.16,6.711864406779661,2.29,-0.21485204173097117,0.0,2.1062115864033153e-07
-0.75,5.7,0.16,6.711864406779661,2.4800000000000004,-0.2148325158953348,0.0,2.1062115864033153e-07
-0.75,5.7,0.16,6.711864406779661,2.6700000000000004,-0.21481298985773378,0.0,2.1062115864033153e-07
-0.75,5.7,0.16,6.711864406779661,2.8600000000000003,-0.21479346355623008,0.0,2.1062115864033153e-07
-0.75,5.7,0.16,6.711864406779661,3.0500000000000003,-0.2147739370228905,0.0,2.1062115864033153e-07
-0.75,5.7,0.16,6.711864406779661,3.24,-0.21475441022466057,0.0,2.1062115864033153e-07
-0.75,5.7,0.16,6.711864406779661,3.43,-0.2147348831540441,0.0,2.1062115864033153e-07
-0.75,5.7,0.16,6.711864406779661,3.62,-0.2147153558264634,0.0,2.1062115864033153e-07
-0.75,5.7,0.16,6.711864406779661,3.81,-0.21469582829441336,0.0,2.1062115864033153e-07
-0.75,5.7,0.16,6.711864406779661,4.0,-0.2146763004703267,0.0,2.1062115864033153e-07
-0.75,5.76,0.08,5.627118644067797,0.2,14.02444763151005,0.0,0.47386398714858724
-0.75,5.76,0.08,5.627118644067797,0.39,14.025311378860685,0.0,0.47386398714858724
-0.75,5.76,0.08,5.627118644067797,0.5800000000000001,14.026175430627617,0.0,0.47386398714858724
-0.75,5.76,0.08,5.627118644067797,0.77,14.027039188506656,0.0,0.47386398714858724
-0.75,5.76,0.08,5.627118644067797,0.96,14.027903180431238,0.0,0.47386398714858724
-0.75,5.76,0.08,5.627118644067797,1.15,14.028766552844274,0.0,0.47386398714858724
-0.75,5.76,0.08,5.627118644067797,1.34,14.029629983196159,0.0,0.47386398714858724
-0.75,5.76,0.08,5.627118644067797,1.53,14.030493717931641,0.0,0.47386398714858724
-0.75,5.76,0.08,5.627118644067797,1.72,14.031357757141478,0.0,0.47386398714858724
-0.75,5.76,0.08,5.627118644067797,1.91,14.032222100882493,0.0,0.47386398714858724
-0.75,5.76,0.08,5.627118644067797,2.1,14.03308542903818,0.0,0.47386398714858724
-0.75,5.76,0.08,5.627118644067797,2.29,14.033947873275046,0.0,0.47386398714858724
-0.75,5.76,0.08,5.627118644067797,2.4800000000000004,14.034810621710037,0.0,0.47386398714858724
-0.75,5.76,0.08,5.627118644067797,2.6700000000000004,14.035673674422455,0.0,0.47386398714858724
-0.75,5.76,0.08,5.627118644067797,2.8600000000000003,14.036537031483007,0.0,0.47386398714858724
-0.75,5.76,0.08,5.627118644067797,3.0500000000000003,14.037400692964098,0.0,0.47386398714858724
-0.75,5.76,0.08,5.627118644067797,3.24,14.038264658933755,0.0,0.47386398714858724
-0.75,5.76,0.08,5.627118644067797,3.43,14.039128929469179,0.0,0.47386398714858724
-0.75,5.76,0.08,5.627118644067797,3.62,14.039993504643498,0.0,0.47386398714858724
-0.75,5.76,0.08,5.627118644067797,3.81,14.040858384527134,0.0,0.47386398714858724
-0.75,5.76,0.08,5.627118644067797,4.0,14.041723569193032,0.0,0.47386398714858724
-0.75,5.76,0.08,5.898305084745763,0.2,-9.958752983996334,0.0,0.8084697192130217
-0.75,5.76,0.08,5.898305084745763,0.39,-9.95714096880068,0.0,0.8084697192130217
-0.75,5.76,0.08,5.898305084745763,0.5800000000000001,-9.955528640716878,0.0,0.8084697192130217
-0.75,5.76,0.08,5.898305084745763,0.77,-9.9539165686856,0.0,0.8084697192130217
-0.75,5.76,0.08,5.898305084745763,0.96,-9.952304250807721,0.0,0.8084697192130217
-0.75,5.76,0.08,5.898305084745763,1.15,-9.950692498558098,0.0,0.8084697192130217
-0.75,5.76,0.08,5.898305084745763,1.34,-9.949080667914473,0.0,0.8084697192130217
-0.75,5.76,0.08,5.898305084745763,1.53,-9.947468524546444,0.0,0.8084697192130217
-0.75,5.76,0.08,5.898305084745763,1.72,-9.945856068397632,0.0,0.8084697192130217
-0.75,5.76,0.08,5.898305084745763,1.91,-9.944243299419888,0.0,0.8084697192130217
-0.75,5.76,0.08,5.898305084745763,2.1,-9.942631472698565,0.0,0.8084697192130217
-0.75,5.76,0.08,5.898305084745763,2.29,-9.941020463007554,0.0,0.8084697192130217
-0.75,5.76,0.08,5.898305084745763,2.4800000000000004,-9.93940914082382,0.0,0.8084697192130217
-0.75,5.76,0.08,5.898305084745763,2.6700000000000004,-9.937797506089531,0.0,0.8084697192130217
-0.75,5.76,0.08,5.898305084745763,2.8600000000000003,-9.936185558770752,0.0,0.8084697192130217
-0.75,5.76,0.08,5.898305084745763,3.0500000000000003,-9.93457329879736,0.0,0.8084697192130217
-0.75,5.76,0.08,5.898305084745763,3.24,-9.932960726144486,0.0,0.8084697192130217
-0.75,5.76,0.08,5.898305084745763,3.43,-9.931347840747492,0.0,0.8084697192130217
-0.75,5.76,0.08,5.898305084745763,3.62,-9.929734642568626,0.0,0.8084697192130217
-0.75,5.76,0.08,5.898305084745763,3.81,-9.928121131555365,0.0,0.8084697192130217
-0.75,5.76,0.08,5.898305084745763,4.0,-9.926507307646375,0.0,0.8084697192130217
-0.75,5.76,0.08,6.169491525423729,0.2,-0.6776042773448552,0.0,0.017365636487322072
-0.75,5.76,0.08,6.169491525423729,0.39,-0.6755798153490247,0.0,0.017365636487322072
-0.75,5.76,0.08,6.169491525423729,0.5800000000000001,-0.6735551606071795,0.0,0.017365636487322072
-0.75,5.76,0.08,6.169491525423729,0.77,-0.6715307709973359,0.0,0.017365636487322072
-0.75,5.76,0.08,6.169491525423729,0.96,-0.6695062425901597,0.0,0.017365636487322072
-0.75,5.76,0.08,6.169491525423729,1.15,-0.667482228625147,0.0,0.017365636487322072
-0.75,5.76,0.08,6.169491525423729,1.34,-0.6654582106102822,0.0,0.017365636487322072
-0.75,5.76,0.08,6.169491525423729,1.53,-0.6634339998935559,0.0,0.017365636487322072
-0.75,5.76,0.08,6.169491525423729,1.72,-0.6614095965167479,0.0,0.017365636487322072
-0.75,5.76,0.08,6.169491525423729,1.91,-0.6593850004408068,0.0,0.017365636487322072
-0.75,5.76,0.08,6.169491525423729,2.1,-0.6573612218165295,0.0,0.017365636487322072
-0.75,5.76,0.08,6.169491525423729,2.29,-0.6553381598808414,0.0,0.017365636487322072
-0.75,5.76,0.08,6.169491525423729,2.4800000000000004,-0.653314905420558,0.0,0.017365636487322072
-0.75,5.76,0.08,6.169491525423729,2.6700000000000004,-0.6512914584685916,0.0,0.017365636487322072
-0.75,5.76,0.08,6.169491525423729,2.8600000000000003,-0.6492678189738967,0.0,0.017365636487322072
-0.75,5.76,0.08,6.169491525423729,3.0500000000000003,-0.6472439869116897,0.0,0.017365636487322072
-0.75,5.76,0.08,6.169491525423729,3.24,-0.6452199622666512,0.0,0.017365636487322072
-0.75,5.76,0.08,6.169491525423729,3.43,-0.6431957450156318,0.0,0.017365636487322072
-0.75,5.76,0.08,6.169491525423729,3.62,-0.641171335143099,0.0,0.017365636487322072
-0.75,5.76,0.08,6.169491525423729,3.81,-0.6391467325995421,0.0,0.017365636487322072
-0.75,5.76,0.08,6.169491525423729,4.0,-0.6371219374040322,0.0,0.017365636487322072
-0.75,5.76,0.08,6.4406779661016955,0.2,30.244980944223272,0.0,0.0001456588908873993
-0.75,5.76,0.08,6.4406779661016955,0.39,30.245059423095768,0.0,0.0001456588908873993
-0.75,5.76,0.08,6.4406779661016955,0.5800000000000001,30.245137903849724,0.0,0.0001456588908873993
-0.75,5.76,0.08,6.4406779661016955,0.77,30.245216381756286,0.0,0.0001456588908873993
-0.75,5.76,0.08,6.4406779661016955,0.96,30.24529486085016,0.0,0.0001456588908873993
-0.75,5.76,0.08,6.4406779661016955,1.15,30.245373334534406,0.0,0.0001456588908873993
-0.75,5.76,0.08,6.4406779661016955,1.34,30.245451808173954,0.0,0.0001456588908873993
-0.75,5.76,0.08,6.4406779661016955,1.53,30.24553028349321,0.0,0.0001456588908873993
-0.75,5.76,0.08,6.4406779661016955,1.72,30.245608760729965,0.0,0.0001456588908873993
-0.75,5.76,0.08,6.4406779661016955,1.91,30.245687239837004,0.0,0.0001456588908873993
-0.75,5.76,0.08,6.4406779661016955,2.1,30.245765710272565,0.0,0.0001456588908873993
-0.75,5.76,0.08,6.4406779661016955,2.29,30.24584417319776,0.0,0.0001456588908873993
-0.75,5.76,0.08,6.4406779661016955,2.4800000000000004,30.245922637920017,0.0,0.0001456588908873993
-0.75,5.76,0.08,6.4406779661016955,2.6700000000000004,30.246001104505872,0.0,0.0001456588908873993
-0.75,5.76,0.08,6.4406779661016955,2.8600000000000003,30.246079572944744,0.0,0.0001456588908873993
-0.75,5.76,0.08,6.4406779661016955,3.0500000000000003,30.246158043206734,0.0,0.0001456588908873993
-0.75,5.76,0.08,6.4406779661016955,3.24,30.246236515321748,0.0,0.0001456588908873993
-0.75,5.76,0.08,6.4406779661016955,3.43,30.246314989308843,0.0,0.0001456588908873993
-0.75,5.76,0.08,6.4406779661016955,3.62,30.246393465132073,0.0,0.0001456588908873993
-0.75,5.76,0.08,6.4406779661016955,3.81,30.246471942764977,0.0,0.0001456588908873993
-0.75,5.76,0.08,6.4406779661016955,4.0,30.24655042227532,0.0,0.0001456588908873993
-0.75,5.76,0.08,6.711864406779661,0.2,-0.21506689035745552,0.0,1.944616747494886e-07
-0.75,5.76,0.08,6.711864406779661,0.39,-0.21504736030247074,0.0,1.944616747494886e-07
-0.75,5.76,0.08,6.711864406779661,0.5800000000000001,-0.21502782975811385,0.0,1.944616747494886e-07
-0.75,5.76,0.08,6.711864406779661,0.77,-0.2150082997991163,0.0,1.944616747494886e-07
-0.75,5.76,0.08,6.711864406779661,0.96,-0.21498876991786986,0.0,1.944616747494886e-07
-0.75,5.76,0.08,6.711864406779661,1.15,-0.21496924125160888,0.0,1.944616747494886e-07
-0.75,5.76,0.08,6.711864406779661,1.34,-0.2149497127326221,0.0,1.944616747494886e-07
-0.75,5.76,0.08,6.711864406779661,1.53,-0.21493018403095832,0.0,1.944616747494886e-07
-0.75,5.76,0.08,6.711864406779661,1.72,-0.2149106550837736,0.0,1.944616747494886e-07
-0.75,5.76,0.08,6.711864406779661,1.91,-0.2148911258333115,0.0,1.944616747494886e-07
-0.75,5.76,0.08,6.711864406779661,2.1,-0.21487159856048876,0.0,1.944616747494886e-07
-0.75,5.76,0.08,6.711864406779661,2.29,-0.2148520730258774,0.0,1.944616747494886e-07
-0.75,5.76,0.08,6.711864406779661,2.4800000000000004,-0.21483254719030143,0.0,1.944616747494886e-07
-0.75,5.76,0.08,6.711864406779661,2.6700000000000004,-0.2148130211527608,0.0,1.944616747494886e-07
-0.75,5.76,0.08,6.711864406779661,2.8600000000000003,-0.21479349485131038,0.0,1.944616747494886e-07
-0.75,5.76,0.08,6.711864406779661,3.0500000000000003,-0.2147739683180312,0.0,1.944616747494886e-07
-0.75,5.76,0.08,6.711864406779661,3.24,-0.21475444151986167,0.0,1.944616747494886e-07
-0.75,5.76,0.08,6.711864406779661,3.43,-0.2147349144493056,0.0,1.944616747494886e-07
-0.75,5.76,0.08,6.711864406779661,3.62,-0.21471538712178173,0.0,1.944616747494886e-07
-0.75,5.76,0.08,6.711864406779661,3.81,-0.21469585958978854,0.0,1.944616747494886e-07
-0.75,5.76,0.08,6.711864406779661,4.0,-0.21467633176576584,0.0,1.944616747494886e-07
-0.75,5.76,0.12,5.627118644067797,0.2,14.013433690063913,0.0,0.24915884494449214
-0.75,5.76,0.12,5.627118644067797,0.39,14.014296870574256,0.0,0.24915884494449214
-0.75,5.76,0.12,5.627118644067797,0.5800000000000001,14.01516035544963,0.0,0.24915884494449214
-0.75,5.76,0.12,5.627118644067797,0.77,14.016023546498893,0.0,0.24915884494449214
-0.75,5.76,0.12,5.627118644067797,0.96,14.016886971555692,0.0,0.24915884494449214
-0.75,5.76,0.12,5.627118644067797,1.15,14.017749777224203,0.0,0.24915884494449214
-0.75,5.76,0.12,5.627118644067797,1.34,14.01861264082688,0.0,0.24915884494449214
-0.75,5.76,0.12,5.627118644067797,1.53,14.019475808761904,0.0,0.24915884494449214
-0.75,5.76,0.12,5.627118644067797,1.72,14.020339281120016,0.0,0.24915884494449214
-0.75,5.76,0.12,5.627118644067797,1.91,14.021203057958047,0.0,0.24915884494449214
-0.75,5.76,0.12,5.627118644067797,2.1,14.022065819408823,0.0,0.24915884494449214
-0.75,5.76,0.12,5.627118644067797,2.29,14.022927697113964,0.0,0.24915884494449214
-0.75,5.76,0.12,5.627118644067797,2.4800000000000004,14.02378987896605,0.0,0.24915884494449214
-0.75,5.76,0.12,5.627118644067797,2.6700000000000004,14.024652365044332,0.0,0.24915884494449214
-0.75,5.76,0.12,5.627118644067797,2.8600000000000003,14.02551515541954,0.0,0.24915884494449214
-0.75,5.76,0.12,5.627118644067797,3.0500000000000003,14.026378250164086,0.0,0.24915884494449214
-0.75,5.76,0.12,5.627118644067797,3.24,14.027241649345932,0.0,0.24915884494449214
-0.75,5.76,0.12,5.627118644067797,3.43,14.028105353042314,0.0,0.24915884494449214
-0.75,5.76,0.12,5.627118644067797,3.62,14.028969361326347,0.0,0.24915884494449214
-0.75,5.76,0.12,5.627118644067797,3.81,14.02983367426841,0.0,0.24915884494449214
-0.75,5.76,0.12,5.627118644067797,4.0,14.030698291941462,0.0,0.24915884494449214
-0.75,5.76,0.12,5.898305084745763,0.2,-9.206454345434054,0.0,1.0
-0.75,5.76,0.12,5.898305084745763,0.39,-9.204806971672255,0.0,1.0
-0.75,5.76,0.12,5.898305084745763,0.5800000000000001,-9.203159281521366,0.0,1.0
-0.75,5.76,0.12,5.898305084745763,0.77,-9.201511850678628,0.0,1.0
-0.75,5.76,0.12,5.898305084745763,0.96,-9.199864171283053,0.0,1.0
-0.75,5.76,0.12,5.898305084745763,1.15,-9.198217064450034,0.0,1.0
-0.75,5.76,0.12,5.898305084745763,1.34,-9.196569878505997,0.0,1.0
-0.75,5.76,0.12,5.898305084745763,1.53,-9.194922376337445,0.0,1.0
-0.75,5.76,0.12,5.898305084745763,1.72,-9.193274557887449,0.0,1.0
-0.75,5.76,0.12,5.898305084745763,1.91,-9.191626423107309,0.0,1.0
-0.75,5.76,0.12,5.898305084745763,2.1,-9.18997924199084,0.0,1.0
-0.75,5.76,0.12,5.898305084745763,2.29,-9.188332887824956,0.0,1.0
-0.75,5.76,0.12,5.898305084745763,2.4800000000000004,-9.186686217668964,0.0,1.0
-0.75,5.76,0.12,5.898305084745763,2.6700000000000004,-9.185039231464614,0.0,1.0
-0.75,5.76,0.12,5.898305084745763,2.8600000000000003,-9.183391929177304,0.0,1.0
-0.75,5.76,0.12,5.898305084745763,3.0500000000000003,-9.181744310736391,0.0,1.0
-0.75,5.76,0.12,5.898305084745763,3.24,-9.180096376116396,0.0,1.0
-0.75,5.76,0.12,5.898305084745763,3.43,-9.17844812525233,0.0,1.0
-0.75,5.76,0.12,5.898305084745763,3.62,-9.176799558105657,0.0,1.0
-0.75,5.76,0.12,5.898305084745763,3.81,-9.175150674623339,0.0,1.0
-0.75,5.76,0.12,5.898305084745763,4.0,-9.173501474743603,0.0,1.0
-0.75,5.76,0.12,6.169491525423729,0.2,-0.5962495742991223,0.0,0.029845595439378394
-0.75,5.76,0.12,6.169491525423729,0.39,-0.594222263302882,0.0,0.029845595439378394
-0.75,5.76,0.12,6.169491525423729,0.5800000000000001,-0.5921947593483594,0.0,0.029845595439378394
-0.75,5.76,0.12,6.169491525423729,0.77,-0.5901675208298087,0.0,0.029845595439378394
-0.75,5.76,0.12,6.169491525423729,0.96,-0.5881401433623381,0.0,0.029845595439378394
-0.75,5.76,0.12,6.169491525423729,1.15,-0.5861132809218361,0.0,0.029845595439378394
-0.75,5.76,0.12,6.169491525423729,1.34,-0.5840864144318516,0.0,0.029845595439378394
-0.75,5.76,0.12,6.169491525423729,1.53,-0.582059355027809,0.0,0.029845595439378394
-0.75,5.76,0.12,6.169491525423729,1.72,-0.5800321027513746,0.0,0.029845595439378394
-0.75,5.76,0.12,6.169491525423729,1.91,-0.578004657563568,0.0,0.029845595439378394
-0.75,5.76,0.12,6.169491525423729,2.1,-0.5759780307538591,0.0,0.029845595439378394
-0.75,5.76,0.12,6.169491525423729,2.29,-0.5739521214453731,0.0,0.029845595439378394
-0.75,5.76,0.12,6.169491525423729,2.4800000000000004,-0.5719260194002942,0.0,0.029845595439378394
-0.75,5.76,0.12,6.169491525423729,2.6700000000000004,-0.5698997246514921,0.0,0.029845595439378394
-0.75,5.76,0.12,6.169491525423729,2.8600000000000003,-0.5678732371479072,0.0,0.029845595439378394
-0.75,5.76,0.12,6.169491525423729,3.0500000000000003,-0.5658465568647273,0.0,0.029845595439378394
-0.75,5.76,0.12,6.169491525423729,3.24,-0.5638196837865621,0.0,0.029845595439378394
-0.75,5.76,0.12,6.169491525423729,3.43,-0.5617926178903048,0.0,0.029845595439378394
-0.75,5.76,0.12,6.169491525423729,3.62,-0.5597653591603517,0.0,0.029845595439378394
-0.75,5.76,0.12,6.169491525423729,3.81,-0.5577379075472066,0.0,0.029845595439378394
-0.75,5.76,0.12,6.169491525423729,4.0,-0.5557102630698694,0.0,0.029845595439378394
-0.75,5.76,0.12,6.4406779661016955,0.2,30.244985990655024,0.0,0.00014638202503522739
-0.75,5.76,0.12,6.4406779661016955,0.39,30.245064469540594,0.0,0.00014638202503522739
-0.75,5.76,0.12,6.4406779661016955,0.5800000000000001,30.24514295030768,0.0,0.00014638202503522739
-0.75,5.76,0.12,6.4406779661016955,0.77,30.24522142822736,0.0,0.00014638202503522739
-0.75,5.76,0.12,6.4406779661016955,0.96,30.24529990733435,0.0,0.00014638202503522739
-0.75,5.76,0.12,6.4406779661016955,1.15,30.245378381031728,0.0,0.00014638202503522739
-0.75,5.76,0.12,6.4406779661016955,1.34,30.245456854684363,0.0,0.00014638202503522739
-0.75,5.76,0.12,6.4406779661016955,1.53,30.24553533001675,0.0,0.00014638202503522739
-0.75,5.76,0.12,6.4406779661016955,1.72,30.245613807266665,0.0,0.00014638202503522739
-0.75,5.76,0.12,6.4406779661016955,1.91,30.24569228638679,0.0,0.00014638202503522739
-0.75,5.76,0.12,6.4406779661016955,2.1,30.245770756835498,0.0,0.00014638202503522739
-0.75,5.76,0.12,6.4406779661016955,2.29,30.245849219773795,0.0,0.00014638202503522739
-0.75,5.76,0.12,6.4406779661016955,2.4800000000000004,30.245927684509155,0.0,0.00014638202503522739
-0.75,5.76,0.12,6.4406779661016955,2.6700000000000004,30.24600615110817,0.0,0.00014638202503522739
-0.75,5.76,0.12,6.4406779661016955,2.8600000000000003,30.246084619560158,0.0,0.00014638202503522739
-0.75,5.76,0.12,6.4406779661016955,3.0500000000000003,30.24616308983525,0.0,0.00014638202503522739
-0.75,5.76,0.12,6.4406779661016955,3.24,30.24624156196338,0.0,0.00014638202503522739
-0.75,5.76,0.12,6.4406779661016955,3.43,30.246320035963592,0.0,0.00014638202503522739
-0.75,5.76,0.12,6.4406779661016955,3.62,30.246398511799967,0.0,0.00014638202503522739
-0.75,5.76,0.12,6.4406779661016955,3.81,30.24647698944596,0.0,0.00014638202503522739
-0.75,5.76,0.12,6.4406779661016955,4.0,30.24655546896946,0.0,0.00014638202503522739
-0.75,5.76,0.12,6.711864406779661,0.2,-0.21506689035707538,0.0,1.9446188792159818e-07
-0.75,5.76,0.12,6.711864406779661,0.39,-0.2150473603020906,0.0,1.9446188792159818e-07
-0.75,5.76,0.12,6.711864406779661,0.5800000000000001,-0.2150278297577337,0.0,1.9446188792159818e-07
-0.75,5.76,0.12,6.711864406779661,0.77,-0.2150082997987397,0.0,1.9446188792159818e-07
-0.75,5.76,0.12,6.711864406779661,0.96,-0.21498876991749327,0.0,1.9446188792159818e-07
-0.75,5.76,0.12,6.711864406779661,1.15,-0.21496924125122874,0.0,1.9446188792159818e-07
-0.75,5.76,0.12,6.711864406779661,1.34,-0.2149497127322455,0.0,1.9446188792159818e-07
-0.75,5.76,0.12,6.711864406779661,1.53,-0.21493018403058173,0.0,1.9446188792159818e-07
-0.75,5.76,0.12,6.711864406779661,1.72,-0.21491065508339702,0.0,1.9446188792159818e-07
-0.75,5.76,0.12,6.711864406779661,1.91,-0.21489112583293135,0.0,1.9446188792159818e-07
-0.75,5.76,0.12,6.711864406779661,2.1,-0.21487159856010152,0.0,1.9446188792159818e-07
-0.75,5.76,0.12,6.711864406779661,2.29,-0.21485207302549725,0.0,1.9446188792159818e-07
-0.75,5.76,0.12,6.711864406779661,2.4800000000000004,-0.21483254718992129,0.0,1.9446188792159818e-07
-0.75,5.76,0.12,6.711864406779661,2.6700000000000004,-0.21481302115238066,0.0,1.9446188792159818e-07
-0.75,5.76,0.12,6.711864406779661,2.8600000000000003,-0.2147934948509338,0.0,1.9446188792159818e-07
-0.75,5.76,0.12,6.711864406779661,3.0500000000000003,-0.21477396831765105,0.0,1.9446188792159818e-07
-0.75,5.76,0.12,6.711864406779661,3.24,-0.21475444151948153,0.0,1.9446188792159818e-07
-0.75,5.76,0.12,6.711864406779661,3.43,-0.21473491444892545,0.0,1.9446188792159818e-07
-0.75,5.76,0.12,6.711864406779661,3.62,-0.21471538712140514,0.0,1.9446188792159818e-07
-0.75,5.76,0.12,6.711864406779661,3.81,-0.2146958595894084,0.0,1.9446188792159818e-07
-0.75,5.76,0.12,6.711864406779661,4.0,-0.21467633176538214,0.0,1.9446188792159818e-07
-0.75,5.76,0.16,5.627118644067797,0.2,14.014133816526275,0.0,0.26344400621687303
-0.75,5.76,0.16,5.627118644067797,0.39,14.014997033069129,0.0,0.26344400621687303
-0.75,5.76,0.16,5.627118644067797,0.5800000000000001,14.015860553980268,0.0,0.26344400621687303
-0.75,5.76,0.16,5.627118644067797,0.77,14.016723781061359,0.0,0.26344400621687303
-0.75,5.76,0.16,5.627118644067797,0.96,14.017587242152416,0.0,0.26344400621687303
-0.75,5.76,0.16,5.627118644067797,1.15,14.018450083847355,0.0,0.26344400621687303
-0.75,5.76,0.16,5.627118644067797,1.34,14.019312983476738,0.0,0.26344400621687303
-0.75,5.76,0.16,5.627118644067797,1.53,14.02017618744172,0.0,0.26344400621687303
-0.75,5.76,0.16,5.627118644067797,1.72,14.021039695833075,0.0,0.26344400621687303
-0.75,5.76,0.16,5.627118644067797,1.91,14.021903508707602,0.0,0.26344400621687303
-0.75,5.76,0.16,5.627118644067797,2.1,14.02276630618227,0.0,0.26344400621687303
-0.75,5.76,0.16,5.627118644067797,2.29,14.023628219900303,0.0,0.26344400621687303
-0.75,5.76,0.16,5.627118644067797,2.4800000000000004,14.02449043776852,0.0,0.26344400621687303
-0.75,5.76,0.16,5.627118644067797,2.6700000000000004,14.025352959866204,0.0,0.26344400621687303
-0.75,5.76,0.16,5.627118644067797,2.8600000000000003,14.026215786264075,0.0,0.26344400621687303
-0.75,5.76,0.16,5.627118644067797,3.0500000000000003,14.02707891703453,0.0,0.26344400621687303
-0.75,5.76,0.16,5.627118644067797,3.24,14.027942352245546,0.0,0.26344400621687303
-0.75,5.76,0.16,5.627118644067797,3.43,14.028806091974346,0.0,0.26344400621687303
-0.75,5.76,0.16,5.627118644067797,3.62,14.029670136294051,0.0,0.26344400621687303
-0.75,5.76,0.16,5.627118644067797,3.81,14.030534485275055,0.0,0.26344400621687303
-0.75,5.76,0.16,5.627118644067797,4.0,14.03139913899033,0.0,0.26344400621687303
-0.75,5.76,0.16,5.898305084745763,0.2,-9.206454345434054,0.0,1.0
-0.75,5.76,0.16,5.898305084745763,0.39,-9.204806971672255,0.0,1.0
-0.75,5.76,0.16,5.898305084745763,0.5800000000000001,-9.203159281521366,0.0,1.0
-0.75,5.76,0.16,5.898305084745763,0.77,-9.201511850678628,0.0,1.0
-0.75,5.76,0.16,5.898305084745763,0.96,-9.199864171283053,0.0,1.0
-0.75,5.76,0.16,5.898305084745763,1.15,-9.198217064450034,0.0,1.0
-0.75,5.76,0.16,5.898305084745763,1.34,-9.196569878505997,0.0,1.0
-0.75,5.76,0.16,5.898305084745763,1.53,-9.194922376337445,0.0,1.0
-0.75,5.76,0.16,5.898305084745763,1.72,-9.193274557887449,0.0,1.0
-0.75,5.76,0.16,5.898305084745763,1.91,-9.191626423107309,0.0,1.0
-0.75,5.76,0.16,5.898305084745763,2.1,-9.18997924199084,0.0,1.0
-0.75,5.76,0.16,5.898305084745763,2.29,-9.188332887824956,0.0,1.0
-0.75,5.76,0.16,5.898305084745763,2.4800000000000004,-9.186686217668964,0.0,1.0
-0.75,5.76,0.16,5.898305084745763,2.6700000000000004,-9.185039231464614,0.0,1.0
-0.75,5.76,0.16,5.898305084745763,2.8600000000000003,-9.183391929177304,0.0,1.0
-0.75,5.76,0.16,5.898305084745763,3.0500000000000003,-9.181744310736391,0.0,1.0
-0.75,5.76,0.16,5.898305084745763,3.24,-9.180096376116396,0.0,1.0
-0.75,5.76,0.16,5.898305084745763,3.43,-9.17844812525233,0.0,1.0
-0.75,5.76,0.16,5.898305084745763,3.62,-9.176799558105657,0.0,1.0
-0.75,5.76,0.16,5.898305084745763,3.81,-9.175150674623339,0.0,1.0
-0.75,5.76,0.16,5.898305084745763,4.0,-9.173501474743603,0.0,1.0
-0.75,5.76,0.16,6.169491525423729,0.2,0.10621567216203687,0.0,0.13702425143252434
-0.75,5.76,0.16,6.169491525423729,0.39,0.10826758313444884,0.0,0.13702425143252434
-0.75,5.76,0.16,6.169491525423729,0.5800000000000001,0.110319688898457,0.0,0.13702425143252434
-0.75,5.76,0.16,6.169491525423729,0.77,0.11237152660126526,0.0,0.13702425143252434
-0.75,5.76,0.16,6.169491525423729,0.96,0.11442350456253791,0.0,0.13702425143252434
-0.75,5.76,0.16,6.169491525423729,1.15,0.11647496244668787,0.0,0.13702425143252434
-0.75,5.76,0.16,6.169491525423729,1.34,0.11852642437760608,0.0,0.13702425143252434
-0.75,5.76,0.16,6.169491525423729,1.53,0.12057808105464574,0.0,0.13702425143252434
-0.75,5.76,0.16,6.169491525423729,1.72,0.12262993243709275,0.0,0.13702425143252434
-0.75,5.76,0.16,6.169491525423729,1.91,0.12468197856358643,0.0,0.13702425143252434
-0.75,5.76,0.16,6.169491525423729,2.1,0.12673319831291963,0.0,0.13702425143252434
-0.75,5.76,0.16,6.169491525423729,2.29,0.1287836935439799,0.0,0.13702425143252434
-0.75,5.76,0.16,6.169491525423729,2.4800000000000004,0.13083438334210484,0.0,0.13702425143252434
-0.75,5.76,0.16,6.169491525423729,2.6700000000000004,0.13288526767495057,0.0,0.13702425143252434
-0.75,5.76,0.16,6.169491525423729,2.8600000000000003,0.13493634659366194,0.0,0.13702425143252434
-0.75,5.76,0.16,6.169491525423729,3.0500000000000003,0.13698762012320742,0.0,0.13702425143252434
-0.75,5.76,0.16,6.169491525423729,3.24,0.13903908827936107,0.0,0.13702425143252434
-0.75,5.76,0.16,6.169491525423729,3.43,0.14109075108528657,0.0,0.13702425143252434
-0.75,5.76,0.16,6.169491525423729,3.62,0.14314260855694272,0.0,0.13702425143252434
-0.75,5.76,0.16,6.169491525423729,3.81,0.1451946607439254,0.0,0.13702425143252434
-0.75,5.76,0.16,6.169491525423729,4.0,0.14724690762746206,0.0,0.13702425143252434
-0.75,5.76,0.16,6.4406779661016955,0.2,30.24929376243722,0.0,0.0007636515190540719
-0.75,5.76,0.16,6.4406779661016955,0.39,30.249372252522818,0.0,0.0007636515190540719
-0.75,5.76,0.16,6.4406779661016955,0.5800000000000001,30.24945074448999,0.0,0.0007636515190540719
-0.75,5.76,0.16,6.4406779661016955,0.77,30.249529233609557,0.0,0.0007636515190540719
-0.75,5.76,0.16,6.4406779661016955,0.96,30.249607723916448,0.0,0.0007636515190540719
-0.75,5.76,0.16,6.4406779661016955,1.15,30.24968620881343,0.0,0.0007636515190540719
-0.75,5.76,0.16,6.4406779661016955,1.34,30.249764693665597,0.0,0.0007636515190540719
-0.75,5.76,0.16,6.4406779661016955,1.53,30.24984318019756,0.0,0.0007636515190540719
-0.75,5.76,0.16,6.4406779661016955,1.72,30.249921668647133,0.0,0.0007636515190540719
-0.75,5.76,0.16,6.4406779661016955,1.91,30.250000158967033,0.0,0.0007636515190540719
-0.75,5.76,0.16,6.4406779661016955,2.1,30.25007864061496,0.0,0.0007636515190540719
-0.75,5.76,0.16,6.4406779661016955,2.29,30.250157114751964,0.0,0.0007636515190540719
-0.75,5.76,0.16,6.4406779661016955,2.4800000000000004,30.250235590686188,0.0,0.0007636515190540719
-0.75,5.76,0.16,6.4406779661016955,2.6700000000000004,30.250314068484066,0.0,0.0007636515190540719
-0.75,5.76,0.16,6.4406779661016955,2.8600000000000003,30.250392548135032,0.0,0.0007636515190540719
-0.75,5.76,0.16,6.4406779661016955,3.0500000000000003,30.250471029609187,0.0,0.0007636515190540719
-0.75,5.76,0.16,6.4406779661016955,3.24,30.250549512936423,0.0,0.0007636515190540719
-0.75,5.76,0.16,6.4406779661016955,3.43,30.250627998135798,0.0,0.0007636515190540719
-0.75,5.76,0.16,6.4406779661016955,3.62,30.250706485171392,0.0,0.0007636515190540719
-0.75,5.76,0.16,6.4406779661016955,3.81,30.250784974016746,0.0,0.0007636515190540719
-0.75,5.76,0.16,6.4406779661016955,4.0,30.250863464739595,0.0,0.0007636515190540719
-0.75,5.76,0.16,6.711864406779661,0.2,-0.21506659636525072,0.0,3.4627088820862806e-07
-0.75,5.76,0.16,6.711864406779661,0.39,-0.21504706630970816,0.0,3.4627088820862806e-07
-0.75,5.76,0.16,6.711864406779661,0.5800000000000001,-0.21502753576479705,0.0,3.4627088820862806e-07
-0.75,5.76,0.16,6.711864406779661,0.77,-0.2150080058052417,0.0,3.4627088820862806e-07
-0.75,5.76,0.16,6.711864406779661,0.96,-0.2149884759234446,0.0,3.4627088820862806e-07
-0.75,5.76,0.16,6.711864406779661,1.15,-0.2149689472566223,0.0,3.4627088820862806e-07
-0.75,5.76,0.16,6.711864406779661,1.34,-0.21494941873707774,0.0,3.4627088820862806e-07
-0.75,5.76,0.16,6.711864406779661,1.53,-0.21492989003485974,0.0,3.4627088820862806e-07
-0.75,5.76,0.16,6.711864406779661,1.72,-0.21491036108711725,0.0,3.4627088820862806e-07
-0.75,5.76,0.16,6.711864406779661,1.91,-0.21489083183610447,0.0,3.4627088820862806e-07
-0.75,5.76,0.16,6.711864406779661,2.1,-0.2148713045627204,0.0,3.4627088820862806e-07
-0.75,5.76,0.16,6.711864406779661,2.29,-0.21485177902754415,0.0,3.4627088820862806e-07
-0.75,5.76,0.16,6.711864406779661,2.4800000000000004,-0.21483225319141752,0.0,3.4627088820862806e-07
-0.75,5.76,0.16,6.711864406779661,2.6700000000000004,-0.21481272715331556,0.0,3.4627088820862806e-07
-0.75,5.76,0.16,6.711864406779661,2.8600000000000003,-0.21479320085131093,0.0,3.4627088820862806e-07
-0.75,5.76,0.16,6.711864406779661,3.0500000000000003,-0.21477367431748107,0.0,3.4627088820862806e-07
-0.75,5.76,0.16,6.711864406779661,3.24,-0.21475414751875732,0.0,3.4627088820862806e-07
-0.75,5.76,0.16,6.711864406779661,3.43,-0.21473462044764347,0.0,3.4627088820862806e-07
-0.75,5.76,0.16,6.711864406779661,3.62,-0.21471509311956893,0.0,3.4627088820862806e-07
-0.75,5.76,0.16,6.711864406779661,3.81,-0.21469556558701441,0.0,3.4627088820862806e-07
-0.75,5.76,0.16,6.711864406779661,4.0,-0.21467603776242683,0.0,3.4627088820862806e-07
-0.75,5.82,0.08,5.627118644067797,0.2,14.041803511710171,0.0,0.8278705081192952
-0.75,5.82,0.08,5.627118644067797,0.39,14.042668152293452,0.0,0.8278705081192952
-0.75,5.82,0.08,5.627118644067797,0.5800000000000001,14.043533097373796,0.0,0.8278705081192952
-0.75,5.82,0.08,5.627118644067797,0.77,14.044397748468974,0.0,0.8278705081192952
-0.75,5.82,0.08,5.627118644067797,0.96,14.045262633669495,0.0,0.8278705081192952
-0.75,5.82,0.08,5.627118644067797,1.15,14.046126899164285,0.0,0.8278705081192952
-0.75,5.82,0.08,5.627118644067797,1.34,14.046991222605314,0.0,0.8278705081192952
-0.75,5.82,0.08,5.627118644067797,1.53,14.047855850510693,0.0,0.8278705081192952
-0.75,5.82,0.08,5.627118644067797,1.72,14.048720782971195,0.0,0.8278705081192952
-0.75,5.82,0.08,5.627118644067797,1.91,14.049586020043634,0.0,0.8278705081192952
-0.75,5.82,0.08,5.627118644067797,2.1,14.050450241218677,0.0,0.8278705081192952
-0.75,5.82,0.08,5.627118644067797,2.29,14.051313578201963,0.0,0.8278705081192952
-0.75,5.82,0.08,5.627118644067797,2.4800000000000004,14.052177219464042,0.0,0.8278705081192952
-0.75,5.82,0.08,5.627118644067797,2.6700000000000004,14.053041165084231,0.0,0.8278705081192952
-0.75,5.82,0.08,5.627118644067797,2.8600000000000003,14.053905415133258,0.0,0.8278705081192952
-0.75,5.82,0.08,5.627118644067797,3.0500000000000003,14.05476996968354,0.0,0.8278705081192952
-0.75,5.82,0.08,5.627118644067797,3.24,14.055634828803122,0.0,0.8278705081192952
-0.75,5.82,0.08,5.627118644067797,3.43,14.056499992569243,0.0,0.8278705081192952
-0.75,5.82,0.08,5.627118644067797,3.62,14.05736546105502,0.0,0.8278705081192952
-0.75,5.82,0.08,5.627118644067797,3.81,14.058231234330904,0.0,0.8278705081192952
-0.75,5.82,0.08,5.627118644067797,4.0,14.059097312469873,0.0,0.8278705081192952
-0.75,5.82,0.08,5.898305084745763,0.2,-9.206454345434054,0.0,1.0
-0.75,5.82,0.08,5.898305084745763,0.39,-9.204806971672255,0.0,1.0
-0.75,5.82,0.08,5.898305084745763,0.5800000000000001,-9.203159281521366,0.0,1.0
-0.75,5.82,0.08,5.898305084745763,0.77,-9.201511850678628,0.0,1.0
-0.75,5.82,0.08,5.898305084745763,0.96,-9.199864171283053,0.0,1.0
-0.75,5.82,0.08,5.898305084745763,1.15,-9.198217064450034,0.0,1.0
-0.75,5.82,0.08,5.898305084745763,1.34,-9.196569878505997,0.0,1.0
-0.75,5.82,0.08,5.898305084745763,1.53,-9.194922376337445,0.0,1.0
-0.75,5.82,0.08,5.898305084745763,1.72,-9.193274557887449,0.0,1.0
-0.75,5.82,0.08,5.898305084745763,1.91,-9.191626423107309,0.0,1.0
-0.75,5.82,0.08,5.898305084745763,2.1,-9.18997924199084,0.0,1.0
-0.75,5.82,0.08,5.898305084745763,2.29,-9.188332887824956,0.0,1.0
-0.75,5.82,0.08,5.898305084745763,2.4800000000000004,-9.186686217668964,0.0,1.0
-0.75,5.82,0.08,5.898305084745763,2.6700000000000004,-9.185039231464614,0.0,1.0
-0.75,5.82,0.08,5.898305084745763,2.8600000000000003,-9.183391929177304,0.0,1.0
-0.75,5.82,0.08,5.898305084745763,3.0500000000000003,-9.181744310736391,0.0,1.0
-0.75,5.82,0.08,5.898305084745763,3.24,-9.180096376116396,0.0,1.0
-0.75,5.82,0.08,5.898305084745763,3.43,-9.17844812525233,0.0,1.0
-0.75,5.82,0.08,5.898305084745763,3.62,-9.176799558105657,0.0,1.0
-0.75,5.82,0.08,5.898305084745763,3.81,-9.175150674623339,0.0,1.0
-0.75,5.82,0.08,5.898305084745763,4.0,-9.173501474743603,0.0,1.0
-0.75,5.82,0.08,6.169491525423729,0.2,-0.6751638299125631,0.0,0.017740210155090183
-0.75,5.82,0.08,6.169491525423729,0.39,-0.6731392824534908,0.0,0.017740210155090183
-0.75,5.82,0.08,6.169491525423729,0.5800000000000001,-0.6711145422420515,0.0,0.017740210155090183
-0.75,5.82,0.08,6.169491525423729,0.77,-0.6690900671717088,0.0,0.017740210155090183
-0.75,5.82,0.08,6.169491525423729,0.96,-0.6670654532995428,0.0,0.017740210155090183
-0.75,5.82,0.08,6.169491525423729,1.15,-0.6650413538870197,0.0,0.017740210155090183
-0.75,5.82,0.08,6.169491525423729,1.34,-0.6630172504247156,0.0,0.017740210155090183
-0.75,5.82,0.08,6.169491525423729,1.53,-0.6609929542541266,0.0,0.017740210155090183
-0.75,5.82,0.08,6.169491525423729,1.72,-0.6589684654170895,0.0,0.017740210155090183
-0.75,5.82,0.08,6.169491525423729,1.91,-0.6569437838745813,0.0,0.017740210155090183
-0.75,5.82,0.08,6.169491525423729,2.1,-0.6549199198115474,0.0,0.017740210155090183
-0.75,5.82,0.08,6.169491525423729,2.29,-0.6528967724614461,0.0,0.017740210155090183
-0.75,5.82,0.08,6.169491525423729,2.4800000000000004,-0.6508734325804113,0.0,0.017740210155090183
-0.75,5.82,0.08,6.169491525423729,2.6700000000000004,-0.6488499002012986,0.0,0.017740210155090183
-0.75,5.82,0.08,6.169491525423729,2.8600000000000003,-0.6468261752731195,0.0,0.017740210155090183
-0.75,5.82,0.08,6.169491525423729,3.0500000000000003,-0.6448022577710759,0.0,0.017740210155090183
-0.75,5.82,0.08,6.169491525423729,3.24,-0.6427781476798202,0.0,0.017740210155090183
-0.75,5.82,0.08,6.169491525423729,3.43,-0.6407538449762313,0.0,0.017740210155090183
-0.75,5.82,0.08,6.169491525423729,3.62,-0.6387293496447484,0.0,0.017740210155090183
-0.75,5.82,0.08,6.169491525423729,3.81,-0.6367046616359033,0.0,0.017740210155090183
-0.75,5.82,0.08,6.169491525423729,4.0,-0.6346797809687104,0.0,0.017740210155090183
-0.75,5.82,0.08,6.4406779661016955,0.2,30.244980944228942,0.0,0.00014565889170017383
-0.75,5.82,0.08,6.4406779661016955,0.39,30.245059423101395,0.0,0.00014565889170017383
-0.75,5.82,0.08,6.4406779661016955,0.5800000000000001,30.245137903855394,0.0,0.00014565889170017383
-0.75,5.82,0.08,6.4406779661016955,0.77,30.245216381761942,0.0,0.00014565889170017383
-0.75,5.82,0.08,6.4406779661016955,0.96,30.245294860855815,0.0,0.00014565889170017383
-0.75,5.82,0.08,6.4406779661016955,1.15,30.245373334540076,0.0,0.00014565889170017383
-0.75,5.82,0.08,6.4406779661016955,1.34,30.24545180817961,0.0,0.00014565889170017383
-0.75,5.82,0.08,6.4406779661016955,1.53,30.245530283498866,0.0,0.00014565889170017383
-0.75,5.82,0.08,6.4406779661016955,1.72,30.24560876073562,0.0,0.00014565889170017383
-0.75,5.82,0.08,6.4406779661016955,1.91,30.24568723984266,0.0,0.00014565889170017383
-0.75,5.82,0.08,6.4406779661016955,2.1,30.24576571027822,0.0,0.00014565889170017383
-0.75,5.82,0.08,6.4406779661016955,2.29,30.245844173203416,0.0,0.00014565889170017383
-0.75,5.82,0.08,6.4406779661016955,2.4800000000000004,30.245922637925645,0.0,0.00014565889170017383
-0.75,5.82,0.08,6.4406779661016955,2.6700000000000004,30.246001104511528,0.0,0.00014565889170017383
-0.75,5.82,0.08,6.4406779661016955,2.8600000000000003,30.2460795729504,0.0,0.00014565889170017383
-0.75,5.82,0.08,6.4406779661016955,3.0500000000000003,30.24615804321239,0.0,0.00014565889170017383
-0.75,5.82,0.08,6.4406779661016955,3.24,30.246236515327404,0.0,0.00014565889170017383
-0.75,5.82,0.08,6.4406779661016955,3.43,30.246314989314513,0.0,0.00014565889170017383
-0.75,5.82,0.08,6.4406779661016955,3.62,30.24639346513773,0.0,0.00014565889170017383
-0.75,5.82,0.08,6.4406779661016955,3.81,30.246471942770633,0.0,0.00014565889170017383
-0.75,5.82,0.08,6.4406779661016955,4.0,30.246550422280976,0.0,0.00014565889170017383
-0.75,5.82,0.08,6.711864406779661,0.2,-0.21506689035745552,0.0,1.944616747494886e-07
-0.75,5.82,0.08,6.711864406779661,0.39,-0.21504736030247074,0.0,1.944616747494886e-07
-0.75,5.82,0.08,6.711864406779661,0.5800000000000001,-0.21502782975811385,0.0,1.944616747494886e-07
-0.75,5.82,0.08,6.711864406779661,0.77,-0.2150082997991163,0.0,1.944616747494886e-07
-0.75,5.82,0.08,6.711864406779661,0.96,-0.21498876991786986,0.0,1.944616747494886e-07
-0.75,5.82,0.08,6.711864406779661,1.15,-0.21496924125160888,0.0,1.944616747494886e-07
-0.75,5.82,0.08,6.711864406779661,1.34,-0.2149497127326221,0.0,1.944616747494886e-07
-0.75,5.82,0.08,6.711864406779661,1.53,-0.21493018403095832,0.0,1.944616747494886e-07
-0.75,5.82,0.08,6.711864406779661,1.72,-0.2149106550837736,0.0,1.944616747494886e-07
-0.75,5.82,0.08,6.711864406779661,1.91,-0.2148911258333115,0.0,1.944616747494886e-07
-0.75,5.82,0.08,6.711864406779661,2.1,-0.21487159856048876,0.0,1.944616747494886e-07
-0.75,5.82,0.08,6.711864406779661,2.29,-0.2148520730258774,0.0,1.944616747494886e-07
-0.75,5.82,0.08,6.711864406779661,2.4800000000000004,-0.21483254719030143,0.0,1.944616747494886e-07
-0.75,5.82,0.08,6.711864406779661,2.6700000000000004,-0.2148130211527608,0.0,1.944616747494886e-07
-0.75,5.82,0.08,6.711864406779661,2.8600000000000003,-0.21479349485131038,0.0,1.944616747494886e-07
-0.75,5.82,0.08,6.711864406779661,3.0500000000000003,-0.2147739683180312,0.0,1.944616747494886e-07
-0.75,5.82,0.08,6.711864406779661,3.24,-0.21475444151986167,0.0,1.944616747494886e-07
-0.75,5.82,0.08,6.711864406779661,3.43,-0.2147349144493056,0.0,1.944616747494886e-07
-0.75,5.82,0.08,6.711864406779661,3.62,-0.21471538712178173,0.0,1.944616747494886e-07
-0.75,5.82,0.08,6.711864406779661,3.81,-0.21469585958978854,0.0,1.944616747494886e-07
-0.75,5.82,0.08,6.711864406779661,4.0,-0.21467633176576584,0.0,1.944616747494886e-07
-0.75,5.82,0.12,5.627118644067797,0.2,14.023018417685925,0.0,0.44470773050557366
-0.75,5.82,0.12,5.627118644067797,0.39,14.023882091481049,0.0,0.44470773050557366
-0.75,5.82,0.12,5.627118644067797,0.5800000000000001,14.024746069685833,0.0,0.44470773050557366
-0.75,5.82,0.12,5.627118644067797,0.77,14.025609754010738,0.0,0.44470773050557366
-0.75,5.82,0.12,5.627118644067797,0.96,14.026473672376248,0.0,0.44470773050557366
-0.75,5.82,0.12,5.627118644067797,1.15,14.027336971246214,0.0,0.44470773050557366
-0.75,5.82,0.12,5.627118644067797,1.34,14.028200328054417,0.0,0.44470773050557366
-0.75,5.82,0.12,5.627118644067797,1.53,14.02906398923956,0.0,0.44470773050557366
-0.75,5.82,0.12,5.627118644067797,1.72,14.029927954892422,0.0,0.44470773050557366
-0.75,5.82,0.12,5.627118644067797,1.91,14.030792225069796,0.0,0.44470773050557366
-0.75,5.82,0.12,5.627118644067797,2.1,14.031655479687537,0.0,0.44470773050557366
-0.75,5.82,0.12,5.627118644067797,2.29,14.032517850408965,0.0,0.44470773050557366
-0.75,5.82,0.12,5.627118644067797,2.4800000000000004,14.033380525321846,0.0,0.44470773050557366
-0.75,5.82,0.12,5.627118644067797,2.6700000000000004,14.034243504505518,0.0,0.44470773050557366
-0.75,5.82,0.12,5.627118644067797,2.8600000000000003,14.035106788030674,0.0,0.44470773050557366
-0.75,5.82,0.12,5.627118644067797,3.0500000000000003,14.035970375969718,0.0,0.44470773050557366
-0.75,5.82,0.12,5.627118644067797,3.24,14.036834268390685,0.0,0.44470773050557366
-0.75,5.82,0.12,5.627118644067797,3.43,14.037698465370767,0.0,0.44470773050557366
-0.75,5.82,0.12,5.627118644067797,3.62,14.038562966983108,0.0,0.44470773050557366
-0.75,5.82,0.12,5.627118644067797,3.81,14.039427773298087,0.0,0.44470773050557366
-0.75,5.82,0.12,5.627118644067797,4.0,14.040292884388698,0.0,0.44470773050557366
-0.75,5.82,0.12,5.898305084745763,0.2,-9.281666841922515,0.0,0.9809528313516946
-0.75,5.82,0.12,5.898305084745763,0.39,-9.280023003201066,0.0,0.9809528313516946
-0.75,5.82,0.12,5.898305084745763,0.5800000000000001,-9.278378848440525,0.0,0.9809528313516946
-0.75,5.82,0.12,5.898305084745763,0.77,-9.276734952662622,0.0,0.9809528313516946
-0.75,5.82,0.12,5.898305084745763,0.96,-9.2750908086025,0.0,0.9809528313516946
-0.75,5.82,0.12,5.898305084745763,1.15,-9.273447236411656,0.0,0.9809528313516946
-0.75,5.82,0.12,5.898305084745763,1.34,-9.27180358518143,0.0,0.9809528313516946
-0.75,5.82,0.12,5.898305084745763,1.53,-9.270159618076661,0.0,0.9809528313516946
-0.75,5.82,0.12,5.898305084745763,1.72,-9.268515335040405,0.0,0.9809528313516946
-0.75,5.82,0.12,5.898305084745763,1.91,-9.26687073602406,0.0,0.9809528313516946
-0.75,5.82,0.12,5.898305084745763,2.1,-9.265227089530924,0.0,0.9809528313516946
-0.75,5.82,0.12,5.898305084745763,2.29,-9.263584268996581,0.0,0.9809528313516946
-0.75,5.82,0.12,5.898305084745763,2.4800000000000004,-9.261941132821775,0.0,0.9809528313516946
-0.75,5.82,0.12,5.898305084745763,2.6700000000000004,-9.260297680948327,0.0,0.9809528313516946
-0.75,5.82,0.12,5.898305084745763,2.8600000000000003,-9.25865391334166,0.0,0.9809528313516946
-0.75,5.82,0.12,5.898305084745763,3.0500000000000003,-9.25700982993122,0.0,0.9809528313516946
-0.75,5.82,0.12,5.898305084745763,3.24,-9.255365430691583,0.0,0.9809528313516946
-0.75,5.82,0.12,5.898305084745763,3.43,-9.25372071555779,0.0,0.9809528313516946
-0.75,5.82,0.12,5.898305084745763,3.62,-9.252075684491373,0.0,0.9809528313516946
-0.75,5.82,0.12,5.898305084745763,3.81,-9.250430337439369,0.0,0.9809528313516946
-0.75,5.82,0.12,5.898305084745763,4.0,-9.24878467434003,0.0,0.9809528313516946
-0.75,5.82,0.12,6.169491525423729,0.2,-0.3392277357270217,0.0,0.0691810985273989
-0.75,5.82,0.12,6.169491525423729,0.39,-0.3371914239565257,0.0,0.0691810985273989
-0.75,5.82,0.12,6.169491525423729,0.5800000000000001,-0.33515491855695245,0.0,0.0691810985273989
-0.75,5.82,0.12,6.169491525423729,0.77,-0.3331186795539054,0.0,0.0691810985273989
-0.75,5.82,0.12,6.169491525423729,0.96,-0.3310823011227768,0.0,0.0691810985273989
-0.75,5.82,0.12,6.169491525423729,1.15,-0.3290464395664259,0.0,0.0691810985273989
-0.75,5.82,0.12,6.169491525423729,1.34,-0.32701057396157296,0.0,0.0691810985273989
-0.75,5.82,0.12,6.169491525423729,1.53,-0.32497451477229333,0.0,0.0691810985273989
-0.75,5.82,0.12,6.169491525423729,1.72,-0.3229382620399974,0.0,0.0691810985273989
-0.75,5.82,0.12,6.169491525423729,1.91,-0.3209018157257475,0.0,0.0691810985273989
-0.75,5.82,0.12,6.169491525423729,2.1,-0.31886619071636346,0.0,0.0691810985273989
-0.75,5.82,0.12,6.169491525423729,2.29,-0.316831285775649,0.0,0.0691810985273989
-0.75,5.82,0.12,6.169491525423729,2.4800000000000004,-0.3147961874285983,0.0,0.0691810985273989
-0.75,5.82,0.12,6.169491525423729,2.6700000000000004,-0.3127608957078536,0.0,0.0691810985273989
-0.75,5.82,0.12,6.169491525423729,2.8600000000000003,-0.31072541056235536,0.0,0.0691810985273989
-0.75,5.82,0.12,6.169491525423729,3.0500000000000003,-0.308689731967263,0.0,0.0691810985273989
-0.75,5.82,0.12,6.169491525423729,3.24,-0.30665385990701566,0.0,0.0691810985273989
-0.75,5.82,0.12,6.169491525423729,3.43,-0.30461779435849223,0.0,0.0691810985273989
-0.75,5.82,0.12,6.169491525423729,3.62,-0.30258153530598975,0.0,0.0691810985273989
-0.75,5.82,0.12,6.169491525423729,3.81,-0.3005450826998839,0.0,0.0691810985273989
-0.75,5.82,0.12,6.169491525423729,4.0,-0.2985084365591746,0.0,0.0691810985273989
-0.75,5.82,0.12,6.4406779661016955,0.2,30.245050183142553,0.0,0.0001555805556677735
-0.75,5.82,0.12,6.4406779661016955,0.39,30.245128662195043,0.0,0.0001555805556677735
-0.75,5.82,0.12,6.4406779661016955,0.5800000000000001,30.245207143129022,0.0,0.0001555805556677735
-0.75,5.82,0.12,6.4406779661016955,0.77,30.245285621215622,0.0,0.0001555805556677735
-0.75,5.82,0.12,6.4406779661016955,0.96,30.24536410048949,0.0,0.0001555805556677735
-0.75,5.82,0.12,6.4406779661016955,1.15,30.245442574353774,0.0,0.0001555805556677735
-0.75,5.82,0.12,6.4406779661016955,1.34,30.245521048173316,0.0,0.0001555805556677735
-0.75,5.82,0.12,6.4406779661016955,1.53,30.24559952367258,0.0,0.0001555805556677735
-0.75,5.82,0.12,6.4406779661016955,1.72,30.245678001089374,0.0,0.0001555805556677735
-0.75,5.82,0.12,6.4406779661016955,1.91,30.24575648037642,0.0,0.0001555805556677735
-0.75,5.82,0.12,6.4406779661016955,2.1,30.245834950991977,0.0,0.0001555805556677735
-0.75,5.82,0.12,6.4406779661016955,2.29,30.245913414097153,0.0,0.0001555805556677735
-0.75,5.82,0.12,6.4406779661016955,2.4800000000000004,30.24599187899942,0.0,0.0001555805556677735
-0.75,5.82,0.12,6.4406779661016955,2.6700000000000004,30.246070345765297,0.0,0.0001555805556677735
-0.75,5.82,0.12,6.4406779661016955,2.8600000000000003,30.246148814384163,0.0,0.0001555805556677735
-0.75,5.82,0.12,6.4406779661016955,3.0500000000000003,30.246227284826148,0.0,0.0001555805556677735
-0.75,5.82,0.12,6.4406779661016955,3.24,30.246305757121156,0.0,0.0001555805556677735
-0.75,5.82,0.12,6.4406779661016955,3.43,30.24638423128829,0.0,0.0001555805556677735
-0.75,5.82,0.12,6.4406779661016955,3.62,30.2464627072915,0.0,0.0001555805556677735
-0.75,5.82,0.12,6.4406779661016955,3.81,30.246541185104427,0.0,0.0001555805556677735
-0.75,5.82,0.12,6.4406779661016955,4.0,30.246619664794764,0.0,0.0001555805556677735
-0.75,5.82,0.12,6.711864406779661,0.2,-0.21506689033939708,0.0,1.9447097775757006e-07
-0.75,5.82,0.12,6.711864406779661,0.39,-0.2150473602844123,0.0,1.9447097775757006e-07
-0.75,5.82,0.12,6.711864406779661,0.5800000000000001,-0.21502782974006251,0.0,1.9447097775757006e-07
-0.75,5.82,0.12,6.711864406779661,0.77,-0.2150082997810614,0.0,1.9447097775757006e-07
-0.75,5.82,0.12,6.711864406779661,0.96,-0.21498876989982207,0.0,1.9447097775757006e-07
-0.75,5.82,0.12,6.711864406779661,1.15,-0.21496924123355043,0.0,1.9447097775757006e-07
-0.75,5.82,0.12,6.711864406779661,1.34,-0.2149497127145672,0.0,1.9447097775757006e-07
-0.75,5.82,0.12,6.711864406779661,1.53,-0.21493018401290698,0.0,1.9447097775757006e-07
-0.75,5.82,0.12,6.711864406779661,1.72,-0.21491065506572227,0.0,1.9447097775757006e-07
-0.75,5.82,0.12,6.711864406779661,1.91,-0.21489112581526015,0.0,1.9447097775757006e-07
-0.75,5.82,0.12,6.711864406779661,2.1,-0.21487159854243032,0.0,1.9447097775757006e-07
-0.75,5.82,0.12,6.711864406779661,2.29,-0.21485207300781894,0.0,1.9447097775757006e-07
-0.75,5.82,0.12,6.711864406779661,2.4800000000000004,-0.21483254717223943,0.0,1.9447097775757006e-07
-0.75,5.82,0.12,6.711864406779661,2.6700000000000004,-0.21481302113470235,0.0,1.9447097775757006e-07
-0.75,5.82,0.12,6.711864406779661,2.8600000000000003,-0.2147934948332555,0.0,1.9447097775757006e-07
-0.75,5.82,0.12,6.711864406779661,3.0500000000000003,-0.21477396829997986,0.0,1.9447097775757006e-07
-0.75,5.82,0.12,6.711864406779661,3.24,-0.21475444150181033,0.0,1.9447097775757006e-07
-0.75,5.82,0.12,6.711864406779661,3.43,-0.21473491443125425,0.0,1.9447097775757006e-07
-0.75,5.82,0.12,6.711864406779661,3.62,-0.2147153871037304,0.0,1.9447097775757006e-07
-0.75,5.82,0.12,6.711864406779661,3.81,-0.2146958595717372,0.0,1.9447097775757006e-07
-0.75,5.82,0.12,6.711864406779661,4.0,-0.21467633174770384,0.0,1.9447097775757006e-07
-0.75,5.82,0.16,5.627118644067797,0.2,14.014457990669442,0.0,0.270058295903684
-0.75,5.82,0.16,5.627118644067797,0.39,14.015321223896144,0.0,0.270058295903684
-0.75,5.82,0.16,5.627118644067797,0.5800000000000001,14.016184761492653,0.0,0.270058295903684
-0.75,5.82,0.16,5.627118644067797,0.77,14.017048005257287,0.0,0.270058295903684
-0.75,5.82,0.16,5.627118644067797,0.96,14.017911483032997,0.0,0.270058295903684
-0.75,5.82,0.16,5.627118644067797,1.15,14.018774341408971,0.0,0.270058295903684
-0.75,5.82,0.16,5.627118644067797,1.34,14.01963725771951,0.0,0.270058295903684
-0.75,5.82,0.16,5.627118644067797,1.53,14.02050047836719,0.0,0.270058295903684
-0.75,5.82,0.16,5.627118644067797,1.72,14.021364003442727,0.0,0.270058295903684
-0.75,5.82,0.16,5.627118644067797,1.91,14.022227833002944,0.0,0.270058295903684
-0.75,5.82,0.16,5.627118644067797,2.1,14.023090647157474,0.0,0.270058295903684
-0.75,5.82,0.16,5.627118644067797,2.29,14.023952577550276,0.0,0.270058295903684
-0.75,5.82,0.16,5.627118644067797,2.4800000000000004,14.024814812094775,0.0,0.270058295903684
-0.75,5.82,0.16,5.627118644067797,2.6700000000000004,14.025677350870254,0.0,0.270058295903684
-0.75,5.82,0.16,5.627118644067797,2.8600000000000003,14.026540193947412,0.0,0.270058295903684
-0.75,5.82,0.16,5.627118644067797,3.0500000000000003,14.027403341398646,0.0,0.270058295903684
-0.75,5.82,0.16,5.627118644067797,3.24,14.028266793291984,0.0,0.270058295903684
-0.75,5.82,0.16,5.627118644067797,3.43,14.029130549704604,0.0,0.270058295903684
-0.75,5.82,0.16,5.627118644067797,3.62,14.029994610709636,0.0,0.270058295903684
-0.75,5.82,0.16,5.627118644067797,3.81,14.030858976377473,0.0,0.270058295903684
-0.75,5.82,0.16,5.627118644067797,4.0,14.031723646781089,0.0,0.270058295903684
-0.75,5.82,0.16,5.898305084745763,0.2,-9.735040778508903,0.0,0.8656620368244683
-0.75,5.82,0.16,5.898305084745763,0.39,-9.733418248681964,0.0,0.8656620368244683
-0.75,5.82,0.16,5.898305084745763,0.5800000000000001,-9.73179540492577,0.0,0.8656620368244683
-0.75,5.82,0.16,5.898305084745763,0.77,-9.730172818190233,0.0,0.8656620368244683
-0.75,5.82,0.16,5.898305084745763,0.96,-9.728549984803344,0.0,0.8656620368244683
-0.75,5.82,0.16,5.898305084745763,1.15,-9.726927719106762,0.0,0.8656620368244683
-0.75,5.82,0.16,5.898305084745763,1.34,-9.725305374802986,0.0,0.8656620368244683
-0.75,5.82,0.16,5.898305084745763,1.53,-9.72368271673394,0.0,0.8656620368244683
-0.75,5.82,0.16,5.898305084745763,1.72,-9.722059744843143,0.0,0.8656620368244683
-0.75,5.82,0.16,5.898305084745763,1.91,-9.720436459082237,0.0,0.8656620368244683
-0.75,5.82,0.16,5.898305084745763,2.1,-9.718814118969952,0.0,0.8656620368244683
-0.75,5.82,0.16,5.898305084745763,2.29,-9.717192598837975,0.0,0.8656620368244683
-0.75,5.82,0.16,5.898305084745763,2.4800000000000004,-9.715570765173254,0.0,0.8656620368244683
-0.75,5.82,0.16,5.898305084745763,2.6700000000000004,-9.713948617917836,0.0,0.8656620368244683
-0.75,5.82,0.16,5.898305084745763,2.8600000000000003,-9.71232615703758,0.0,0.8656620368244683
-0.75,5.82,0.16,5.898305084745763,3.0500000000000003,-9.71070338246222,0.0,0.8656620368244683
-0.75,5.82,0.16,5.898305084745763,3.24,-9.709080294166682,0.0,0.8656620368244683
-0.75,5.82,0.16,5.898305084745763,3.43,-9.707456892086235,0.0,0.8656620368244683
-0.75,5.82,0.16,5.898305084745763,3.62,-9.705833176182914,0.0,0.8656620368244683
-0.75,5.82,0.16,5.898305084745763,3.81,-9.704209146404025,0.0,0.8656620368244683
-0.75,5.82,0.16,5.898305084745763,4.0,-9.702584802688094,0.0,0.8656620368244683
-0.75,5.82,0.16,6.169491525423729,0.2,0.9601243143243465,0.0,0.2659283709012938
-0.75,5.82,0.16,6.169491525423729,0.39,0.9622061287437731,0.0,0.2659283709012938
-0.75,5.82,0.16,6.169491525423729,0.5800000000000001,0.9642881401832568,0.0,0.2659283709012938
-0.75,5.82,0.16,6.169491525423729,0.77,0.9663698803704364,0.0,0.2659283709012938
-0.75,5.82,0.16,6.169491525423729,0.96,0.9684517624078808,0.0,0.2659283709012938
-0.75,5.82,0.16,6.169491525423729,1.15,0.9705331182293406,0.0,0.2659283709012938
-0.75,5.82,0.16,6.169491525423729,1.34,0.9726144780942576,0.0,0.2659283709012938
-0.75,5.82,0.16,6.169491525423729,1.53,0.9746960349323501,0.0,0.2659283709012938
-0.75,5.82,0.16,6.169491525423729,1.72,0.9767777887039841,0.0,0.2659283709012938
-0.75,5.82,0.16,6.169491525423729,1.91,0.9788597394475147,0.0,0.2659283709012938
-0.75,5.82,0.16,6.169491525423729,2.1,0.9809408540902353,0.0,0.2659283709012938
-0.75,5.82,0.16,6.169491525423729,2.29,0.9830212356848591,0.0,0.2659283709012938
-0.75,5.82,0.16,6.169491525423729,2.4800000000000004,0.9851018140717116,0.0,0.2659283709012938
-0.75,5.82,0.16,6.169491525423729,2.6700000000000004,0.9871825892189463,0.0,0.2659283709012938
-0.75,5.82,0.16,6.169491525423729,2.8600000000000003,0.9892635611779355,0.0,0.2659283709012938
-0.75,5.82,0.16,6.169491525423729,3.0500000000000003,0.9913447299738181,0.0,0.2659283709012938
-0.75,5.82,0.16,6.169491525423729,3.24,0.9934260956227519,0.0,0.2659283709012938
-0.75,5.82,0.16,6.169491525423729,3.43,0.9955076581480427,0.0,0.2659283709012938
-0.75,5.82,0.16,6.169491525423729,3.62,0.9975894175660329,0.0,0.2659283709012938
-0.75,5.82,0.16,6.169491525423729,3.81,0.9996713739265459,0.0,0.2659283709012938
-0.75,5.82,0.16,6.169491525423729,4.0,1.0017535272109512,0.0,0.2659283709012938
-0.75,5.82,0.16,6.4406779661016955,0.2,30.26305417089283,0.0,0.0027351744017952468
-0.75,5.82,0.16,6.4406779661016955,0.39,30.263132696754766,0.0,0.0027351744017952468
-0.75,5.82,0.16,6.4406779661016955,0.5800000000000001,30.26321122449859,0.0,0.0027351744017952468
-0.75,5.82,0.16,6.4406779661016955,0.77,30.263289749394183,0.0,0.0027351744017952468
-0.75,5.82,0.16,6.4406779661016955,0.96,30.263368275477198,0.0,0.0027351744017952468
-0.75,5.82,0.16,6.4406779661016955,1.15,30.26344679614921,0.0,0.0027351744017952468
-0.75,5.82,0.16,6.4406779661016955,1.34,30.26352531677631,0.0,0.0027351744017952468
-0.75,5.82,0.16,6.4406779661016955,1.53,30.2636038390834,0.0,0.0027351744017952468
-0.75,5.82,0.16,6.4406779661016955,1.72,30.263682363308348,0.0,0.0027351744017952468
-0.75,5.82,0.16,6.4406779661016955,1.91,30.263760889403805,0.0,0.0027351744017952468
-0.75,5.82,0.16,6.4406779661016955,2.1,30.26383940682564,0.0,0.0027351744017952468
-0.75,5.82,0.16,6.4406779661016955,2.29,30.263917916735103,0.0,0.0027351744017952468
-0.75,5.82,0.16,6.4406779661016955,2.4800000000000004,30.26399642844197,0.0,0.0027351744017952468
-0.75,5.82,0.16,6.4406779661016955,2.6700000000000004,30.26407494201272,0.0,0.0027351744017952468
-0.75,5.82,0.16,6.4406779661016955,2.8600000000000003,30.26415345743677,0.0,0.0027351744017952468
-0.75,5.82,0.16,6.4406779661016955,3.0500000000000003,30.264231974684236,0.0,0.0027351744017952468
-0.75,5.82,0.16,6.4406779661016955,3.24,30.26431049378504,0.0,0.0027351744017952468
-0.75,5.82,0.16,6.4406779661016955,3.43,30.26438901475818,0.0,0.0027351744017952468
-0.75,5.82,0.16,6.4406779661016955,3.62,30.264467537567782,0.0,0.0027351744017952468
-0.75,5.82,0.16,6.4406779661016955,3.81,30.264546062187343,0.0,0.0027351744017952468
-0.75,5.82,0.16,6.4406779661016955,4.0,30.26462458868467,0.0,0.0027351744017952468
-0.75,5.82,0.16,6.711864406779661,0.2,-0.2150645003199969,0.0,1.428609236237638e-06
-0.75,5.82,0.16,6.711864406779661,0.39,-0.21504497026048952,0.0,1.428609236237638e-06
-0.75,5.82,0.16,6.711864406779661,0.5800000000000001,-0.21502543971161003,0.0,1.428609236237638e-06
-0.75,5.82,0.16,6.711864406779661,0.77,-0.2150059097480863,0.0,1.428609236237638e-06
-0.75,5.82,0.16,6.711864406779661,0.96,-0.21498637986232083,0.0,1.428609236237638e-06
-0.75,5.82,0.16,6.711864406779661,1.15,-0.21496685119153724,0.0,1.428609236237638e-06
-0.75,5.82,0.16,6.711864406779661,1.34,-0.2149473226680314,0.0,1.428609236237638e-06
-0.75,5.82,0.16,6.711864406779661,1.53,-0.21492779396184503,0.0,1.428609236237638e-06
-0.75,5.82,0.16,6.711864406779661,1.72,-0.2149082650101306,0.0,1.428609236237638e-06
-0.75,5.82,0.16,6.711864406779661,1.91,-0.21488873575514944,0.0,1.428609236237638e-06
-0.75,5.82,0.16,6.711864406779661,2.1,-0.21486920847780056,0.0,1.428609236237638e-06
-0.75,5.82,0.16,6.711864406779661,2.29,-0.21484968293866658,0.0,1.428609236237638e-06
-0.75,5.82,0.16,6.711864406779661,2.4800000000000004,-0.21483015709856446,0.0,1.428609236237638e-06
-0.75,5.82,0.16,6.711864406779661,2.6700000000000004,-0.21481063105649767,0.0,1.428609236237638e-06
-0.75,5.82,0.16,6.711864406779661,2.8600000000000003,-0.2147911047505282,0.0,1.428609236237638e-06
-0.75,5.82,0.16,6.711864406779661,3.0500000000000003,-0.21477157821272996,0.0,1.428609236237638e-06
-0.75,5.82,0.16,6.711864406779661,3.24,-0.2147520514100414,0.0,1.428609236237638e-06
-0.75,5.82,0.16,6.711864406779661,3.43,-0.2147325243349627,0.0,1.428609236237638e-06
-0.75,5.82,0.16,6.711864406779661,3.62,-0.2147129970029127,0.0,1.428609236237638e-06
-0.75,5.82,0.16,6.711864406779661,3.81,-0.2146934694663969,0.0,1.428609236237638e-06
-0.75,5.82,0.16,6.711864406779661,4.0,-0.21467394163784448,0.0,1.428609236237638e-06
-0.5,5.7,0.08,5.627118644067797,0.2,14.025479681806608,0.0,0.494917581680889
-0.5,5.7,0.08,5.627118644067797,0.39,14.02634348227243,0.0,0.494917581680889
-0.5,5.7,0.08,5.627118644067797,0.5800000000000001,14.027207587159367,0.0,0.494917581680889
-0.5,5.7,0.08,5.627118644067797,0.77,14.028071398152633,0.0,0.494917581680889
-0.5,5.7,0.08,5.627118644067797,0.96,14.028935443194968,0.0,0.494917581680889
-0.5,5.7,0.08,5.627118644067797,1.15,14.02979886871423,0.0,0.494917581680889
-0.5,5.7,0.08,5.627118644067797,1.34,14.030662352172797,0.0,0.494917581680889
-0.5,5.7,0.08,5.627118644067797,1.53,14.031526140019743,0.0,0.494917581680889
-0.5,5.7,0.08,5.627118644067797,1.72,14.03239023234584,0.0,0.494917581680889
-0.5,5.7,0.08,5.627118644067797,1.91,14.033254629207924,0.0,0.494917581680889
-0.5,5.7,0.08,5.627118644067797,2.1,14.03411801046613,0.0,0.494917581680889
-0.5,5.7,0.08,5.627118644067797,2.29,14.034980507789285,0.0,0.494917581680889
-0.5,5.7,0.08,5.627118644067797,2.4800000000000004,14.03584330931536,0.0,0.494917581680889
-0.5,5.7,0.08,5.627118644067797,2.6700000000000004,14.036706415123653,0.0,0.494917581680889
-0.5,5.7,0.08,5.627118644067797,2.8600000000000003,14.03756982528489,0.0,0.494917581680889
-0.5,5.7,0.08,5.627118644067797,3.0500000000000003,14.038433539871455,0.0,0.494917581680889
-0.5,5.7,0.08,5.627118644067797,3.24,14.03929755895139,0.0,0.494917581680889
-0.5,5.7,0.08,5.627118644067797,3.43,14.0401618826019,0.0,0.494917581680889
-0.5,5.7,0.08,5.627118644067797,3.62,14.041026510896103,0.0,0.494917581680889
-0.5,5.7,0.08,5.627118644067797,3.81,14.041891443904426,0.0,0.494917581680889
-0.5,5.7,0.08,5.627118644067797,4.0,14.042756681699835,0.0,0.494917581680889
-0.5,5.7,0.08,5.898305084745763,0.2,-11.444473626364804,0.0,0.4234386339115942
-0.5,5.7,0.08,5.898305084745763,0.39,-11.44293144108633,0.0,0.4234386339115942
-0.5,5.7,0.08,5.898305084745763,0.5800000000000001,-11.441388949833716,0.0,0.4234386339115942
-0.5,5.7,0.08,5.898305084745763,0.77,-11.4398467082041,0.0,0.4234386339115942
-0.5,5.7,0.08,5.898305084745763,0.96,-11.438304226072383,0.0,0.4234386339115942
-0.5,5.7,0.08,5.898305084745763,1.15,-11.436762295874317,0.0,0.4234386339115942
-0.5,5.7,0.08,5.898305084745763,1.34,-11.435220288698382,0.0,0.4234386339115942
-0.5,5.7,0.08,5.898305084745763,1.53,-11.433677975710296,0.0,0.4234386339115942
-0.5,5.7,0.08,5.898305084745763,1.72,-11.432135356855035,0.0,0.4234386339115942
-0.5,5.7,0.08,5.898305084745763,1.91,-11.430592432085426,0.0,0.4234386339115942
-0.5,5.7,0.08,5.898305084745763,2.1,-11.429050427043897,0.0,0.4234386339115942
-0.5,5.7,0.08,5.898305084745763,2.29,-11.427509219441077,0.0,0.4234386339115942
-0.5,5.7,0.08,5.898305084745763,2.4800000000000004,-11.425967706252493,0.0,0.4234386339115942
-0.5,5.7,0.08,5.898305084745763,2.6700000000000004,-11.424425887421265,0.0,0.4234386339115942
-0.5,5.7,0.08,5.898305084745763,2.8600000000000003,-11.422883762914736,0.0,0.4234386339115942
-0.5,5.7,0.08,5.898305084745763,3.0500000000000003,-11.421341332663694,0.0,0.4234386339115942
-0.5,5.7,0.08,5.898305084745763,3.24,-11.419798596644547,0.0,0.4234386339115942
-0.5,5.7,0.08,5.898305084745763,3.43,-11.418255554793419,0.0,0.4234386339115942
-0.5,5.7,0.08,5.898305084745763,3.62,-11.41671220707407,0.0,0.4234386339115942
-0.5,5.7,0.08,5.898305084745763,3.81,-11.415168553434903,0.0,0.4234386339115942
-0.5,5.7,0.08,5.898305084745763,4.0,-11.413624593815591,0.0,0.4234386339115942
-0.5,5.7,0.08,6.169491525423729,0.2,-0.6776875482276807,0.0,0.0173528553780984
-0.5,5.7,0.08,6.169491525423729,0.39,-0.6756630891479602,0.0,0.0173528553780984
-0.5,5.7,0.08,6.169491525423729,0.5800000000000001,-0.673638437322424,0.0,0.0173528553780984
-0.5,5.7,0.08,6.169491525423729,0.77,-0.6716140506285768,0.0,0.0173528553780984
-0.5,5.7,0.08,6.169491525423729,0.96,-0.6695895251375816,0.0,0.0173528553780984
-0.5,5.7,0.08,6.169491525423729,1.15,-0.6675655140881247,0.0,0.0173528553780984
-0.5,5.7,0.08,6.169491525423729,1.34,-0.6655414989888726,0.0,0.0173528553780984
-0.5,5.7,0.08,6.169491525423729,1.53,-0.663517291187901,0.0,0.0173528553780984
-0.5,5.7,0.08,6.169491525423729,1.72,-0.6614928907270752,0.0,0.0173528553780984
-0.5,5.7,0.08,6.169491525423729,1.91,-0.6594682975673436,0.0,0.0173528553780984
-0.5,5.7,0.08,6.169491525423729,2.1,-0.657444521858352,0.0,0.0173528553780984
-0.5,5.7,0.08,6.169491525423729,2.29,-0.6554214628371255,0.0,0.0173528553780984
-0.5,5.7,0.08,6.169491525423729,2.4800000000000004,-0.6533982112914885,0.0,0.0173528553780984
-0.5,5.7,0.08,6.169491525423729,2.6700000000000004,-0.6513747672543957,0.0,0.0173528553780984
-0.5,5.7,0.08,6.169491525423729,2.8600000000000003,-0.6493511306747735,0.0,0.0173528553780984
-0.5,5.7,0.08,6.169491525423729,3.0500000000000003,-0.6473273015278949,0.0,0.0173528553780984
-0.5,5.7,0.08,6.169491525423729,3.24,-0.6453032797983838,0.0,0.0173528553780984
-0.5,5.7,0.08,6.169491525423729,3.43,-0.6432790654630764,0.0,0.0173528553780984
-0.5,5.7,0.08,6.169491525423729,3.62,-0.6412546585065257,0.0,0.0173528553780984
-0.5,5.7,0.08,6.169491525423729,3.81,-0.6392300588791215,0.0,0.0173528553780984
-0.5,5.7,0.08,6.169491525423729,4.0,-0.6372052666000059,0.0,0.0173528553780984
-0.5,5.7,0.08,6.4406779661016955,0.2,30.244980944223272,0.0,0.00014565889088539728
-0.5,5.7,0.08,6.4406779661016955,0.39,30.245059423095768,0.0,0.00014565889088539728
-0.5,5.7,0.08,6.4406779661016955,0.5800000000000001,30.245137903849724,0.0,0.00014565889088539728
-0.5,5.7,0.08,6.4406779661016955,0.77,30.245216381756286,0.0,0.00014565889088539728
-0.5,5.7,0.08,6.4406779661016955,0.96,30.24529486085016,0.0,0.00014565889088539728
-0.5,5.7,0.08,6.4406779661016955,1.15,30.245373334534406,0.0,0.00014565889088539728
-0.5,5.7,0.08,6.4406779661016955,1.34,30.245451808173954,0.0,0.00014565889088539728
-0.5,5.7,0.08,6.4406779661016955,1.53,30.24553028349321,0.0,0.00014565889088539728
-0.5,5.7,0.08,6.4406779661016955,1.72,30.245608760729965,0.0,0.00014565889088539728
-0.5,5.7,0.08,6.4406779661016955,1.91,30.245687239837004,0.0,0.00014565889088539728
-0.5,5.7,0.08,6.4406779661016955,2.1,30.245765710272565,0.0,0.00014565889088539728
-0.5,5.7,0.08,6.4406779661016955,2.29,30.24584417319776,0.0,0.00014565889088539728
-0.5,5.7,0.08,6.4406779661016955,2.4800000000000004,30.245922637920017,0.0,0.00014565889088539728
-0.5,5.7,0.08,6.4406779661016955,2.6700000000000004,30.246001104505872,0.0,0.00014565889088539728
-0.5,5.7,0.08,6.4406779661016955,2.8600000000000003,30.246079572944744,0.0,0.00014565889088539728
-0.5,5.7,0.08,6.4406779661016955,3.0500000000000003,30.246158043206734,0.0,0.00014565889088539728
-0.5,5.7,0.08,6.4406779661016955,3.24,30.246236515321748,0.0,0.00014565889088539728
-0.5,5.7,0.08,6.4406779661016955,3.43,30.246314989308843,0.0,0.00014565889088539728
-0.5,5.7,0.08,6.4406779661016955,3.62,30.246393465132073,0.0,0.00014565889088539728
-0.5,5.7,0.08,6.4406779661016955,3.81,30.246471942764977,0.0,0.00014565889088539728
-0.5,5.7,0.08,6.4406779661016955,4.0,30.24655042227532,0.0,0.00014565889088539728
-0.5,5.7,0.08,6.711864406779661,0.2,-0.21506689035745552,0.0,1.944616747494886e-07
-0.5,5.7,0.08,6.711864406779661,0.39,-0.21504736030247074,0.0,1.944616747494886e-07
-0.5,5.7,0.08,6.711864406779661,0.5800000000000001,-0.21502782975811385,0.0,1.944616747494886e-07
-0.5,5.7,0.08,6.711864406779661,0.77,-0.2150082997991163,0.0,1.944616747494886e-07
-0.5,5.7,0.08,6.711864406779661,0.96,-0.21498876991786986,0.0,1.944616747494886e-07
-0.5,5.7,0.08,6.711864406779661,1.15,-0.21496924125160888,0.0,1.944616747494886e-07
-0.5,5.7,0.08,6.711864406779661,1.34,-0.2149497127326221,0.0,1.944616747494886e-07
-0.5,5.7,0.08,6.711864406779661,1.53,-0.21493018403095832,0.0,1.944616747494886e-07
-0.5,5.7,0.08,6.711864406779661,1.72,-0.2149106550837736,0.0,1.944616747494886e-07
-0.5,5.7,0.08,6.711864406779661,1.91,-0.2148911258333115,0.0,1.944616747494886e-07
-0.5,5.7,0.08,6.711864406779661,2.1,-0.21487159856048876,0.0,1.944616747494886e-07
-0.5,5.7,0.08,6.711864406779661,2.29,-0.2148520730258774,0.0,1.944616747494886e-07
-0.5,5.7,0.08,6.711864406779661,2.4800000000000004,-0.21483254719030143,0.0,1.944616747494886e-07
-0.5,5.7,0.08,6.711864406779661,2.6700000000000004,-0.2148130211527608,0.0,1.944616747494886e-07
-0.5,5.7,0.08,6.711864406779661,2.8600000000000003,-0.21479349485131038,0.0,1.944616747494886e-07
-0.5,5.7,0.08,6.711864406779661,3.0500000000000003,-0.2147739683180312,0.0,1.944616747494886e-07
-0.5,5.7,0.08,6.711864406779661,3.24,-0.21475444151986167,0.0,1.944616747494886e-07
-0.5,5.7,0.08,6.711864406779661,3.43,-0.2147349144493056,0.0,1.944616747494886e-07
-0.5,5.7,0.08,6.711864406779661,3.62,-0.21471538712178173,0.0,1.944616747494886e-07
-0.5,5.7,0.08,6.711864406779661,3.81,-0.21469585958978854,0.0,1.944616747494886e-07
-0.5,5.7,0.08,6.711864406779661,4.0,-0.21467633176576584,0.0,1.944616747494886e-07
-0.5,5.7,0.12,5.627118644067797,0.2,14.029381177694027,0.0,0.5745038562467077
-0.5,5.7,0.12,5.627118644067797,0.39,14.030245178953095,0.0,0.5745038562467077
-0.5,5.7,0.12,5.627118644067797,0.5800000000000001,14.03110948465143,0.0,0.5745038562467077
-0.5,5.7,0.12,5.627118644067797,0.77,14.031973496434219,0.0,0.5745038562467077
-0.5,5.7,0.12,5.627118644067797,0.96,14.032837742279554,0.0,0.5745038562467077
-0.5,5.7,0.12,5.627118644067797,1.15,14.033701368558127,0.0,0.5745038562467077
-0.5,5.7,0.12,5.627118644067797,1.34,14.03456505277768,0.0,0.5745038562467077
-0.5,5.7,0.12,5.627118644067797,1.53,14.035429041403766,0.0,0.5745038562467077
-0.5,5.7,0.12,5.627118644067797,1.72,14.036293334527159,0.0,0.5745038562467077
-0.5,5.7,0.12,5.627118644067797,1.91,14.037157932204686,0.0,0.5745038562467077
-0.5,5.7,0.12,5.627118644067797,2.1,14.038021514208197,0.0,0.5745038562467077
-0.5,5.7,0.12,5.627118644067797,2.29,14.0388842122153,0.0,0.5745038562467077
-0.5,5.7,0.12,5.627118644067797,2.4800000000000004,14.039747214443459,0.0,0.5745038562467077
-0.5,5.7,0.12,5.627118644067797,2.6700000000000004,14.040610520971967,0.0,0.5745038562467077
-0.5,5.7,0.12,5.627118644067797,2.8600000000000003,14.041474131871531,0.0,0.5745038562467077
-0.5,5.7,0.12,5.627118644067797,3.0500000000000003,14.042338047214606,0.0,0.5745038562467077
-0.5,5.7,0.12,5.627118644067797,3.24,14.043202267069198,0.0,0.5745038562467077
-0.5,5.7,0.12,5.627118644067797,3.43,14.044066791512506,0.0,0.5745038562467077
-0.5,5.7,0.12,5.627118644067797,3.62,14.044931620617682,0.0,0.5745038562467077
-0.5,5.7,0.12,5.627118644067797,3.81,14.045796754455118,0.0,0.5745038562467077
-0.5,5.7,0.12,5.627118644067797,4.0,14.04666219309781,0.0,0.5745038562467077
-0.5,5.7,0.12,5.898305084745763,0.2,-10.471804366635048,0.0,0.6765408298582162
-0.5,5.7,0.12,5.898305084745763,0.39,-10.470216465215927,0.0,0.6765408298582162
-0.5,5.7,0.12,5.898305084745763,0.5800000000000001,-10.468628253296217,0.0,0.6765408298582162
-0.5,5.7,0.12,5.898305084745763,0.77,-10.467040295208776,0.0,0.6765408298582162
-0.5,5.7,0.12,5.898305084745763,0.96,-10.465452093120298,0.0,0.6765408298582162
-0.5,5.7,0.12,5.898305084745763,1.15,-10.463864451931038,0.0,0.6765408298582162
-0.5,5.7,0.12,5.898305084745763,1.34,-10.462276732836784,0.0,0.6765408298582162
-0.5,5.7,0.12,5.898305084745763,1.53,-10.460688703405111,0.0,0.6765408298582162
-0.5,5.7,0.12,5.898305084745763,1.72,-10.459100363580028,0.0,0.6765408298582162
-0.5,5.7,0.12,5.898305084745763,1.91,-10.457511713313814,0.0,0.6765408298582162
-0.5,5.7,0.12,5.898305084745763,2.1,-10.455923997524465,0.0,0.6765408298582162
-0.5,5.7,0.12,5.898305084745763,2.29,-10.454337092000031,0.0,0.6765408298582162
-0.5,5.7,0.12,5.898305084745763,2.4800000000000004,-10.45274987636801,0.0,0.6765408298582162
-0.5,5.7,0.12,5.898305084745763,2.6700000000000004,-10.451162350570868,0.0,0.6765408298582162
-0.5,5.7,0.12,5.898305084745763,2.8600000000000003,-10.44957451457514,0.0,0.6765408298582162
-0.5,5.7,0.12,5.898305084745763,3.0500000000000003,-10.447986368310993,0.0,0.6765408298582162
-0.5,5.7,0.12,5.898305084745763,3.24,-10.446397911754012,0.0,0.6765408298582162
-0.5,5.7,0.12,5.898305084745763,3.43,-10.444809144839851,0.0,0.6765408298582162
-0.5,5.7,0.12,5.898305084745763,3.62,-10.443220067531229,0.0,0.6765408298582162
-0.5,5.7,0.12,5.898305084745763,3.81,-10.441630679775947,0.0,0.6765408298582162
-0.5,5.7,0.12,5.898305084745763,4.0,-10.44004098151305,0.0,0.6765408298582162
-0.5,5.7,0.12,6.169491525423729,0.2,-0.6677202562091082,0.0,0.01888261370930347
-0.5,5.7,0.12,6.169491525423729,0.39,-0.6656954480798731,0.0,0.01888261370930347
-0.5,5.7,0.12,6.169491525423729,0.5800000000000001,-0.6636704471788448,0.0,0.01888261370930347
-0.5,5.7,0.12,6.169491525423729,0.77,-0.6616457114467238,0.0,0.01888261370930347
-0.5,5.7,0.12,6.169491525423729,0.96,-0.6596208368988812,0.0,0.01888261370930347
-0.5,5.7,0.12,6.169491525423729,1.15,-0.6575964768642137,0.0,0.01888261370930347
-0.5,5.7,0.12,6.169491525423729,1.34,-0.6555721127797938,0.0,0.01888261370930347
-0.5,5.7,0.12,6.169491525423729,1.53,-0.6535475559676769,0.0,0.01888261370930347
-0.5,5.7,0.12,6.169491525423729,1.72,-0.651522806469714,0.0,0.01888261370930347
-0.5,5.7,0.12,6.169491525423729,1.91,-0.6494978642468112,0.0,0.01888261370930347
-0.5,5.7,0.12,6.169491525423729,2.1,-0.6474737395881647,0.0,0.01888261370930347
-0.5,5.7,0.12,6.169491525423729,2.29,-0.6454503317168303,0.0,0.01888261370930347
-0.5,5.7,0.12,6.169491525423729,2.4800000000000004,-0.6434267312951221,0.0,0.01888261370930347
-0.5,5.7,0.12,6.169491525423729,2.6700000000000004,-0.6414029383559949,0.0,0.01888261370930347
-0.5,5.7,0.12,6.169491525423729,2.8600000000000003,-0.6393789528483325,0.0,0.01888261370930347
-0.5,5.7,0.12,6.169491525423729,3.0500000000000003,-0.6373547747474362,0.0,0.01888261370930347
-0.5,5.7,0.12,6.169491525423729,3.24,-0.6353304040379015,0.0,0.01888261370930347
-0.5,5.7,0.12,6.169491525423729,3.43,-0.6333058406966359,0.0,0.01888261370930347
-0.5,5.7,0.12,6.169491525423729,3.62,-0.6312810847080783,0.0,0.01888261370930347
-0.5,5.7,0.12,6.169491525423729,3.81,-0.6292561360227182,0.0,0.01888261370930347
-0.5,5.7,0.12,6.169491525423729,4.0,-0.627230994659584,0.0,0.01888261370930347
-0.5,5.7,0.12,6.4406779661016955,0.2,30.24498113370437,0.0,0.0001456860428139607
-0.5,5.7,0.12,6.4406779661016955,0.39,30.24505961257732,0.0,0.0001456860428139607
-0.5,5.7,0.12,6.4406779661016955,0.5800000000000001,30.24513809333179,0.0,0.0001456860428139607
-0.5,5.7,0.12,6.4406779661016955,0.77,30.24521657123885,0.0,0.0001456860428139607
-0.5,5.7,0.12,6.4406779661016955,0.96,30.245295050333176,0.0,0.0001456860428139607
-0.5,5.7,0.12,6.4406779661016955,1.15,30.245373524017964,0.0,0.0001456860428139607
-0.5,5.7,0.12,6.4406779661016955,1.34,30.24545199765798,0.0,0.0001456860428139607
-0.5,5.7,0.12,6.4406779661016955,1.53,30.245530472977734,0.0,0.0001456860428139607
-0.5,5.7,0.12,6.4406779661016955,1.72,30.245608950214987,0.0,0.0001456860428139607
-0.5,5.7,0.12,6.4406779661016955,1.91,30.245687429322523,0.0,0.0001456860428139607
-0.5,5.7,0.12,6.4406779661016955,2.1,30.24576589975861,0.0,0.0001456860428139607
-0.5,5.7,0.12,6.4406779661016955,2.29,30.24584436268426,0.0,0.0001456860428139607
-0.5,5.7,0.12,6.4406779661016955,2.4800000000000004,30.245922827406986,0.0,0.0001456860428139607
-0.5,5.7,0.12,6.4406779661016955,2.6700000000000004,30.24600129399338,0.0,0.0001456860428139607
-0.5,5.7,0.12,6.4406779661016955,2.8600000000000003,30.246079762432736,0.0,0.0001456860428139607
-0.5,5.7,0.12,6.4406779661016955,3.0500000000000003,30.24615823269521,0.0,0.0001456860428139607
-0.5,5.7,0.12,6.4406779661016955,3.24,30.24623670481072,0.0,0.0001456860428139607
-0.5,5.7,0.12,6.4406779661016955,3.43,30.246315178798312,0.0,0.0001456860428139607
-0.5,5.7,0.12,6.4406779661016955,3.62,30.24639365462201,0.0,0.0001456860428139607
-0.5,5.7,0.12,6.4406779661016955,3.81,30.246472132255427,0.0,0.0001456860428139607
-0.5,5.7,0.12,6.4406779661016955,4.0,30.246550611766267,0.0,0.0001456860428139607
-0.5,5.7,0.12,6.711864406779661,0.2,-0.21506689035745552,0.0,1.9446167727554745e-07
-0.5,5.7,0.12,6.711864406779661,0.39,-0.21504736030247074,0.0,1.9446167727554745e-07
-0.5,5.7,0.12,6.711864406779661,0.5800000000000001,-0.21502782975811385,0.0,1.9446167727554745e-07
-0.5,5.7,0.12,6.711864406779661,0.77,-0.2150082997991163,0.0,1.9446167727554745e-07
-0.5,5.7,0.12,6.711864406779661,0.96,-0.21498876991786986,0.0,1.9446167727554745e-07
-0.5,5.7,0.12,6.711864406779661,1.15,-0.21496924125160888,0.0,1.9446167727554745e-07
-0.5,5.7,0.12,6.711864406779661,1.34,-0.2149497127326221,0.0,1.9446167727554745e-07
-0.5,5.7,0.12,6.711864406779661,1.53,-0.21493018403095832,0.0,1.9446167727554745e-07
-0.5,5.7,0.12,6.711864406779661,1.72,-0.2149106550837736,0.0,1.9446167727554745e-07
-0.5,5.7,0.12,6.711864406779661,1.91,-0.2148911258333115,0.0,1.9446167727554745e-07
-0.5,5.7,0.12,6.711864406779661,2.1,-0.21487159856048876,0.0,1.9446167727554745e-07
-0.5,5.7,0.12,6.711864406779661,2.29,-0.2148520730258774,0.0,1.9446167727554745e-07
-0.5,5.7,0.12,6.711864406779661,2.4800000000000004,-0.21483254719030143,0.0,1.9446167727554745e-07
-0.5,5.7,0.12,6.711864406779661,2.6700000000000004,-0.2148130211527608,0.0,1.9446167727554745e-07
-0.5,5.7,0.12,6.711864406779661,2.8600000000000003,-0.21479349485131038,0.0,1.9446167727554745e-07
-0.5,5.7,0.12,6.711864406779661,3.0500000000000003,-0.2147739683180312,0.0,1.9446167727554745e-07
-0.5,5.7,0.12,6.711864406779661,3.24,-0.21475444151986167,0.0,1.9446167727554745e-07
-0.5,5.7,0.12,6.711864406779661,3.43,-0.2147349144493056,0.0,1.9446167727554745e-07
-0.5,5.7,0.12,6.711864406779661,3.62,-0.21471538712178173,0.0,1.9446167727554745e-07
-0.5,5.7,0.12,6.711864406779661,3.81,-0.21469585958978854,0.0,1.9446167727554745e-07
-0.5,5.7,0.12,6.711864406779661,4.0,-0.21467633176576584,0.0,1.9446167727554745e-07
-0.5,5.7,0.16,5.627118644067797,0.2,14.033197605351987,0.0,0.6523496805822371
-0.5,5.7,0.16,5.627118644067797,0.39,14.034061803026212,0.0,0.6523496805822371
-0.5,5.7,0.16,5.627118644067797,0.5800000000000001,14.034926305157448,0.0,0.6523496805822371
-0.5,5.7,0.16,5.627118644067797,0.77,14.035790513351763,0.0,0.6523496805822371
-0.5,5.7,0.16,5.627118644067797,0.96,14.036654955621763,0.0,0.6523496805822371
-0.5,5.7,0.16,5.627118644067797,1.15,14.037518778282305,0.0,0.6523496805822371
-0.5,5.7,0.16,5.627118644067797,1.34,14.038382658885453,0.0,0.6523496805822371
-0.5,5.7,0.16,5.627118644067797,1.53,14.039246843912885,0.0,0.6523496805822371
-0.5,5.7,0.16,5.627118644067797,1.72,14.040111333455393,0.0,0.6523496805822371
-0.5,5.7,0.16,5.627118644067797,1.91,14.040976127569799,0.0,0.6523496805822371
-0.5,5.7,0.16,5.627118644067797,2.1,14.041839905941536,0.0,0.6523496805822371
-0.5,5.7,0.16,5.627118644067797,2.29,14.042702800256869,0.0,0.6523496805822371
-0.5,5.7,0.16,5.627118644067797,2.4800000000000004,14.04356599881099,0.0,0.6523496805822371
-0.5,5.7,0.16,5.627118644067797,2.6700000000000004,14.044429501683204,0.0,0.6523496805822371
-0.5,5.7,0.16,5.627118644067797,2.8600000000000003,14.045293308944245,0.0,0.6523496805822371
-0.5,5.7,0.16,5.627118644067797,3.0500000000000003,14.046157420666525,0.0,0.6523496805822371
-0.5,5.7,0.16,5.627118644067797,3.24,14.047021836918063,0.0,0.6523496805822371
-0.5,5.7,0.16,5.627118644067797,3.43,14.047886557776103,0.0,0.6523496805822371
-0.5,5.7,0.16,5.627118644067797,3.62,14.048751583313752,0.0,0.6523496805822371
-0.5,5.7,0.16,5.627118644067797,3.81,14.04961691360144,0.0,0.6523496805822371
-0.5,5.7,0.16,5.627118644067797,4.0,14.050482548712132,0.0,0.6523496805822371
-0.5,5.7,0.16,5.898305084745763,0.2,-9.98096848843614,0.0,0.8027792731954537
-0.5,5.7,0.16,5.898305084745763,0.39,-9.979357517384848,0.0,0.8027792731954537
-0.5,5.7,0.16,5.898305084745763,0.5800000000000001,-9.977746233548793,0.0,0.8027792731954537
-0.5,5.7,0.16,5.898305084745763,0.77,-9.97613520566913,0.0,0.8027792731954537
-0.5,5.7,0.16,5.898305084745763,0.96,-9.97452393202277,0.0,0.8027792731954537
-0.5,5.7,0.16,5.898305084745763,1.15,-9.972913223799885,0.0,0.8027792731954537
-0.5,5.7,0.16,5.898305084745763,1.34,-9.971302437204209,0.0,0.8027792731954537
-0.5,5.7,0.16,5.898305084745763,1.53,-9.969691337987435,0.0,0.8027792731954537
-0.5,5.7,0.16,5.898305084745763,1.72,-9.968079926093296,0.0,0.8027792731954537
-0.5,5.7,0.16,5.898305084745763,1.91,-9.966468201473624,0.0,0.8027792731954537
-0.5,5.7,0.16,5.898305084745763,2.1,-9.964857418773484,0.0,0.8027792731954537
-0.5,5.7,0.16,5.898305084745763,2.29,-9.963247452810727,0.0,0.8027792731954537
-0.5,5.7,0.16,5.898305084745763,2.4800000000000004,-9.961637174458495,0.0,0.8027792731954537
-0.5,5.7,0.16,5.898305084745763,2.6700000000000004,-9.96002658365903,0.0,0.8027792731954537
-0.5,5.7,0.16,5.898305084745763,2.8600000000000003,-9.958415680378387,0.0,0.8027792731954537
-0.5,5.7,0.16,5.898305084745763,3.0500000000000003,-9.956804464546437,0.0,0.8027792731954537
-0.5,5.7,0.16,5.898305084745763,3.24,-9.955192936138346,0.0,0.8027792731954537
-0.5,5.7,0.16,5.898305084745763,3.43,-9.953581095089511,0.0,0.8027792731954537
-0.5,5.7,0.16,5.898305084745763,3.62,-9.951968941362168,0.0,0.8027792731954537
-0.5,5.7,0.16,5.898305084745763,3.81,-9.950356474903828,0.0,0.8027792731954537
-0.5,5.7,0.16,5.898305084745763,4.0,-9.948743695653171,0.0,0.8027792731954537
-0.5,5.7,0.16,6.169491525423729,0.2,-0.4646302980530237,0.0,0.050006507697377196
-0.5,5.7,0.16,6.169491525423729,0.39,-0.4625983778166045,0.0,0.050006507697377196
-0.5,5.7,0.16,6.169491525423729,0.5800000000000001,-0.46056626427834146,0.0,0.050006507697377196
-0.5,5.7,0.16,6.169491525423729,0.77,-0.45853441666798744,0.0,0.050006507697377196
-0.5,5.7,0.16,6.169491525423729,0.96,-0.45650242986329204,0.0,0.050006507697377196
-0.5,5.7,0.16,6.169491525423729,1.15,-0.4544709590318661,0.0,0.050006507697377196
-0.5,5.7,0.16,6.169491525423729,1.34,-0.45243948415142654,0.0,0.050006507697377196
-0.5,5.7,0.16,6.169491525423729,1.53,-0.4504078160136231,0.0,0.050006507697377196
-0.5,5.7,0.16,6.169491525423729,1.72,-0.44837595466003677,0.0,0.050006507697377196
-0.5,5.7,0.16,6.169491525423729,1.91,-0.4463439000516871,0.0,0.050006507697377196
-0.5,5.7,0.16,6.169491525423729,2.1,-0.444312665320183,0.0,0.050006507697377196
-0.5,5.7,0.16,6.169491525423729,2.29,-0.4422821494046758,0.0,0.050006507697377196
-0.5,5.7,0.16,6.169491525423729,2.4800000000000004,-0.44025144040961095,0.0,0.050006507697377196
-0.5,5.7,0.16,6.169491525423729,2.6700000000000004,-0.43822053836774444,0.0,0.050006507697377196
-0.5,5.7,0.16,6.169491525423729,2.8600000000000003,-0.43618944322801667,0.0,0.050006507697377196
-0.5,5.7,0.16,6.169491525423729,3.0500000000000003,-0.43415815496557286,0.0,0.050006507697377196
-0.5,5.7,0.16,6.169491525423729,3.24,-0.4321266735649658,0.0,0.050006507697377196
-0.5,5.7,0.16,6.169491525423729,3.43,-0.43009499900306025,0.0,0.050006507697377196
-0.5,5.7,0.16,6.169491525423729,3.62,-0.42806313126421003,0.0,0.050006507697377196
-0.5,5.7,0.16,6.169491525423729,3.81,-0.4260310702988477,0.0,0.050006507697377196
-0.5,5.7,0.16,6.169491525423729,4.0,-0.42399881612600154,0.0,0.050006507697377196
-0.5,5.7,0.16,6.4406779661016955,0.2,30.245572456474747,0.0,0.00023041997844927716
-0.5,5.7,0.16,6.4406779661016955,0.39,30.2456509368851,0.0,0.00023041997844927716
-0.5,5.7,0.16,6.4406779661016955,0.5800000000000001,30.245729419176953,0.0,0.00023041997844927716
-0.5,5.7,0.16,6.4406779661016955,0.77,30.245807898621415,0.0,0.00023041997844927716
-0.5,5.7,0.16,6.4406779661016955,0.96,30.24588637925317,0.0,0.00023041997844927716
-0.5,5.7,0.16,6.4406779661016955,1.15,30.245964854475304,0.0,0.00023041997844927716
-0.5,5.7,0.16,6.4406779661016955,1.34,30.24604332965265,0.0,0.00023041997844927716
-0.5,5.7,0.16,6.4406779661016955,1.53,30.246121806509763,0.0,0.00023041997844927716
-0.5,5.7,0.16,6.4406779661016955,1.72,30.246200285284402,0.0,0.00023041997844927716
-0.5,5.7,0.16,6.4406779661016955,1.91,30.24627876592931,0.0,0.00023041997844927716
-0.5,5.7,0.16,6.4406779661016955,2.1,30.246357237902686,0.0,0.00023041997844927716
-0.5,5.7,0.16,6.4406779661016955,2.29,30.24643570236558,0.0,0.00023041997844927716
-0.5,5.7,0.16,6.4406779661016955,2.4800000000000004,30.246514168625566,0.0,0.00023041997844927716
-0.5,5.7,0.16,6.4406779661016955,2.6700000000000004,30.24659263674919,0.0,0.00023041997844927716
-0.5,5.7,0.16,6.4406779661016955,2.8600000000000003,30.246671106725834,0.0,0.00023041997844927716
-0.5,5.7,0.16,6.4406779661016955,3.0500000000000003,30.24674957852558,0.0,0.00023041997844927716
-0.5,5.7,0.16,6.4406779661016955,3.24,30.246828052178394,0.0,0.00023041997844927716
-0.5,5.7,0.16,6.4406779661016955,3.43,30.24690652770326,0.0,0.00023041997844927716
-0.5,5.7,0.16,6.4406779661016955,3.62,30.246985005064303,0.0,0.00023041997844927716
-0.5,5.7,0.16,6.4406779661016955,3.81,30.24706348423502,0.0,0.00023041997844927716
-0.5,5.7,0.16,6.4406779661016955,4.0,30.247141965283205,0.0,0.00023041997844927716
-0.5,5.7,0.16,6.711864406779661,0.2,-0.2150668694945992,0.0,2.0523466401005055e-07
-0.5,5.7,0.16,6.711864406779661,0.39,-0.21504733943957177,0.0,2.0523466401005055e-07
-0.5,5.7,0.16,6.711864406779661,0.5800000000000001,-0.2150278088951758,0.0,2.0523466401005055e-07
-0.5,5.7,0.16,6.711864406779661,0.77,-0.21500827893613206,0.0,2.0523466401005055e-07
-0.5,5.7,0.16,6.711864406779661,0.96,-0.21498874905485366,0.0,2.0523466401005055e-07
-0.5,5.7,0.16,6.711864406779661,1.15,-0.21496922038855004,0.0,2.0523466401005055e-07
-0.5,5.7,0.16,6.711864406779661,1.34,-0.21494969186952773,0.0,2.0523466401005055e-07
-0.5,5.7,0.16,6.711864406779661,1.53,-0.21493016316782132,0.0,2.0523466401005055e-07
-0.5,5.7,0.16,6.711864406779661,1.72,-0.21491063422060463,0.0,2.0523466401005055e-07
-0.5,5.7,0.16,6.711864406779661,1.91,-0.21489110497009634,0.0,2.0523466401005055e-07
-0.5,5.7,0.16,6.711864406779661,2.1,-0.21487157769722742,0.0,2.0523466401005055e-07
-0.5,5.7,0.16,6.711864406779661,2.29,-0.21485205216257697,0.0,2.0523466401005055e-07
-0.5,5.7,0.16,6.711864406779661,2.4800000000000004,-0.21483252632696193,0.0,2.0523466401005055e-07
-0.5,5.7,0.16,6.711864406779661,2.6700000000000004,-0.21481300028937866,0.0,2.0523466401005055e-07
-0.5,5.7,0.16,6.711864406779661,2.8600000000000003,-0.21479347398789628,0.0,2.0523466401005055e-07
-0.5,5.7,0.16,6.711864406779661,3.0500000000000003,-0.21477394745457445,0.0,2.0523466401005055e-07
-0.5,5.7,0.16,6.711864406779661,3.24,-0.21475442065636585,0.0,2.0523466401005055e-07
-0.5,5.7,0.16,6.711864406779661,3.43,-0.2147348935857707,0.0,2.0523466401005055e-07
-0.5,5.7,0.16,6.711864406779661,3.62,-0.21471536625821486,0.0,2.0523466401005055e-07
-0.5,5.7,0.16,6.711864406779661,3.81,-0.21469583872617903,0.0,2.0523466401005055e-07
-0.5,5.7,0.16,6.711864406779661,4.0,-0.2146763109021137,0.0,2.0523466401005055e-07
-0.5,5.76,0.08,5.627118644067797,0.2,14.032895734972364,0.0,0.6461924459475613
-0.5,5.76,0.08,5.627118644067797,0.39,14.033759917110622,0.0,0.6461924459475613
-0.5,5.76,0.08,5.627118644067797,0.5800000000000001,14.034624403704484,0.0,0.6461924459475613
-0.5,5.76,0.08,5.627118644067797,0.77,14.035488596363116,0.0,0.6461924459475613
-0.5,5.76,0.08,5.627118644067797,0.96,14.036353023096375,0.0,0.6461924459475613
-0.5,5.76,0.08,5.627118644067797,1.15,14.03721683022357,0.0,0.6461924459475613
-0.5,5.76,0.08,5.627118644067797,1.34,14.038080695293239,0.0,0.6461924459475613
-0.5,5.76,0.08,5.627118644067797,1.53,14.038944864785798,0.0,0.6461924459475613
-0.5,5.76,0.08,5.627118644067797,1.72,14.039809338792026,0.0,0.6461924459475613
-0.5,5.76,0.08,5.627118644067797,1.91,14.04067411736873,0.0,0.6461924459475613
-0.5,5.76,0.08,5.627118644067797,2.1,14.04153788020821,0.0,0.6461924459475613
-0.5,5.76,0.08,5.627118644067797,2.29,14.042400758996038,0.0,0.6461924459475613
-0.5,5.76,0.08,5.627118644067797,2.4800000000000004,14.043263942021234,0.0,0.6461924459475613
-0.5,5.76,0.08,5.627118644067797,2.6700000000000004,14.044127429363144,0.0,0.6461924459475613
-0.5,5.76,0.08,5.627118644067797,2.8600000000000003,14.044991221092452,0.0,0.6461924459475613
-0.5,5.76,0.08,5.627118644067797,3.0500000000000003,14.0458553172816,0.0,0.6461924459475613
-0.5,5.76,0.08,5.627118644067797,3.24,14.046719717998599,0.0,0.6461924459475613
-0.5,5.76,0.08,5.627118644067797,3.43,14.0475844233207,0.0,0.6461924459475613
-0.5,5.76,0.08,5.627118644067797,3.62,14.04844943332101,0.0,0.6461924459475613
-0.5,5.76,0.08,5.627118644067797,3.81,14.049314748069932,0.0,0.6461924459475613
-0.5,5.76,0.08,5.627118644067797,4.0,14.050180367640493,0.0,0.6461924459475613
-0.5,5.76,0.08,5.898305084745763,0.2,-10.580013389754761,0.0,0.6485777930072925
-0.5,5.76,0.08,5.898305084745763,0.39,-10.578430574235973,0.0,0.6485777930072925
-0.5,5.76,0.08,5.898305084745763,0.5800000000000001,-10.576847448720173,0.0,0.6485777930072925
-0.5,5.76,0.08,5.898305084745763,0.77,-10.575264576568365,0.0,0.6485777930072925
-0.5,5.76,0.08,5.898305084745763,0.96,-10.573681460804771,0.0,0.6485777930072925
-0.5,5.76,0.08,5.898305084745763,1.15,-10.572098904942969,0.0,0.6485777930072925
-0.5,5.76,0.08,5.898305084745763,1.34,-10.570516271279331,0.0,0.6485777930072925
-0.5,5.76,0.08,5.898305084745763,1.53,-10.568933327781679,0.0,0.6485777930072925
-0.5,5.76,0.08,5.898305084745763,1.72,-10.567350074394199,0.0,0.6485777930072925
-0.5,5.76,0.08,5.898305084745763,1.91,-10.565766511069171,0.0,0.6485777930072925
-0.5,5.76,0.08,5.898305084745763,2.1,-10.56418388058021,0.0,0.6485777930072925
-0.5,5.76,0.08,5.898305084745763,2.29,-10.562602058929272,0.0,0.6485777930072925
-0.5,5.76,0.08,5.898305084745763,2.4800000000000004,-10.561019927673776,0.0,0.6485777930072925
-0.5,5.76,0.08,5.898305084745763,2.6700000000000004,-10.55943748675628,0.0,0.6485777930072925
-0.5,5.76,0.08,5.898305084745763,2.8600000000000003,-10.557854736143426,0.0,0.6485777930072925
-0.5,5.76,0.08,5.898305084745763,3.0500000000000003,-10.556271675765444,0.0,0.6485777930072925
-0.5,5.76,0.08,5.898305084745763,3.24,-10.554688305597978,0.0,0.6485777930072925
-0.5,5.76,0.08,5.898305084745763,3.43,-10.553104625576765,0.0,0.6485777930072925
-0.5,5.76,0.08,5.898305084745763,3.62,-10.55152063566463,0.0,0.6485777930072925
-0.5,5.76,0.08,5.898305084745763,3.81,-10.549936335809463,0.0,0.6485777930072925
-0.5,5.76,0.08,5.898305084745763,4.0,-10.548351725950361,0.0,0.6485777930072925
-0.5,5.76,0.08,6.169491525423729,0.2,-0.6776323832107494,0.0,0.01736132256637129
-0.5,5.76,0.08,6.169491525423729,0.39,-0.6756079221991769,0.0,0.01736132256637129
-0.5,5.76,0.08,6.169491525423729,0.5800000000000001,-0.6735832684416607,0.0,0.01736132256637129
-0.5,5.76,0.08,6.169491525423729,0.77,-0.6715588798160184,0.0,0.01736132256637129
-0.5,5.76,0.08,6.169491525423729,0.96,-0.6695343523931427,0.0,0.01736132256637129
-0.5,5.76,0.08,6.169491525423729,1.15,-0.6675103394121891,0.0,0.01736132256637129
-0.5,5.76,0.08,6.169491525423729,1.34,-0.6654863223814118,0.0,0.01736132256637129
-0.5,5.76,0.08,6.169491525423729,1.53,-0.6634621126488014,0.0,0.01736132256637129
-0.5,5.76,0.08,6.169491525423729,1.72,-0.6614377102562088,0.0,0.01736132256637129
-0.5,5.76,0.08,6.169491525423729,1.91,-0.6594131151645684,0.0,0.01736132256637129
-0.5,5.76,0.08,6.169491525423729,2.1,-0.657389337524279,0.0,0.01736132256637129
-0.5,5.76,0.08,6.169491525423729,2.29,-0.6553662765722947,0.0,0.01736132256637129
-0.5,5.76,0.08,6.169491525423729,2.4800000000000004,-0.6533430230957578,0.0,0.01736132256637129
-0.5,5.76,0.08,6.169491525423729,2.6700000000000004,-0.651319577127623,0.0,0.01736132256637129
-0.5,5.76,0.08,6.169491525423729,2.8600000000000003,-0.6492959386168451,0.0,0.01736132256637129
-0.5,5.76,0.08,6.169491525423729,3.0500000000000003,-0.6472721075386261,0.0,0.01736132256637129
-0.5,5.76,0.08,6.169491525423729,3.24,-0.6452480838776324,0.0,0.01736132256637129
-0.5,5.76,0.08,6.169491525423729,3.43,-0.6432238676107431,0.0,0.01736132256637129
-0.5,5.76,0.08,6.169491525423729,3.62,-0.6411994587224257,0.0,0.01736132256637129
-0.5,5.76,0.08,6.169491525423729,3.81,-0.639174857163141,0.0,0.01736132256637129
-0.5,5.76,0.08,6.169491525423729,4.0,-0.6371500629519602,0.0,0.01736132256637129
-0.5,5.76,0.08,6.4406779661016955,0.2,30.244980944223272,0.0,0.00014565889088673134
-0.5,5.76,0.08,6.4406779661016955,0.39,30.245059423095768,0.0,0.00014565889088673134
-0.5,5.76,0.08,6.4406779661016955,0.5800000000000001,30.245137903849724,0.0,0.00014565889088673134
-0.5,5.76,0.08,6.4406779661016955,0.77,30.245216381756286,0.0,0.00014565889088673134
-0.5,5.76,0.08,6.4406779661016955,0.96,30.24529486085016,0.0,0.00014565889088673134
-0.5,5.76,0.08,6.4406779661016955,1.15,30.245373334534406,0.0,0.00014565889088673134
-0.5,5.76,0.08,6.4406779661016955,1.34,30.245451808173954,0.0,0.00014565889088673134
-0.5,5.76,0.08,6.4406779661016955,1.53,30.24553028349321,0.0,0.00014565889088673134
-0.5,5.76,0.08,6.4406779661016955,1.72,30.245608760729965,0.0,0.00014565889088673134
-0.5,5.76,0.08,6.4406779661016955,1.91,30.245687239837004,0.0,0.00014565889088673134
-0.5,5.76,0.08,6.4406779661016955,2.1,30.245765710272565,0.0,0.00014565889088673134
-0.5,5.76,0.08,6.4406779661016955,2.29,30.24584417319776,0.0,0.00014565889088673134
-0.5,5.76,0.08,6.4406779661016955,2.4800000000000004,30.245922637920017,0.0,0.00014565889088673134
-0.5,5.76,0.08,6.4406779661016955,2.6700000000000004,30.246001104505872,0.0,0.00014565889088673134
-0.5,5.76,0.08,6.4406779661016955,2.8600000000000003,30.246079572944744,0.0,0.00014565889088673134
-0.5,5.76,0.08,6.4406779661016955,3.0500000000000003,30.246158043206734,0.0,0.00014565889088673134
-0.5,5.76,0.08,6.4406779661016955,3.24,30.246236515321748,0.0,0.00014565889088673134
-0.5,5.76,0.08,6.4406779661016955,3.43,30.246314989308843,0.0,0.00014565889088673134
-0.5,5.76,0.08,6.4406779661016955,3.62,30.246393465132073,0.0,0.00014565889088673134
-0.5,5.76,0.08,6.4406779661016955,3.81,30.246471942764977,0.0,0.00014565889088673134
-0.5,5.76,0.08,6.4406779661016955,4.0,30.24655042227532,0.0,0.00014565889088673134
-0.5,5.76,0.08,6.711864406779661,0.2,-0.21506689035745552,0.0,1.944616747494886e-07
-0.5,5.76,0.08,6.711864406779661,0.39,-0.21504736030247074,0.0,1.944616747494886e-07
-0.5,5.76,0.08,6.711864406779661,0.5800000000000001,-0.21502782975811385,0.0,1.944616747494886e-07
-0.5,5.76,0.08,6.711864406779661,0.77,-0.2150082997991163,0.0,1.944616747494886e-07
-0.5,5.76,0.08,6.711864406779661,0.96,-0.21498876991786986,0.0,1.944616747494886e-07
-0.5,5.76,0.08,6.711864406779661,1.15,-0.21496924125160888,0.0,1.944616747494886e-07
-0.5,5.76,0.08,6.711864406779661,1.34,-0.2149497127326221,0.0,1.944616747494886e-07
-0.5,5.76,0.08,6.711864406779661,1.53,-0.21493018403095832,0.0,1.944616747494886e-07
-0.5,5.76,0.08,6.711864406779661,1.72,-0.2149106550837736,0.0,1.944616747494886e-07
-0.5,5.76,0.08,6.711864406779661,1.91,-0.2148911258333115,0.0,1.944616747494886e-07
-0.5,5.76,0.08,6.711864406779661,2.1,-0.21487159856048876,0.0,1.944616747494886e-07
-0.5,5.76,0.08,6.711864406779661,2.29,-0.2148520730258774,0.0,1.944616747494886e-07
-0.5,5.76,0.08,6.711864406779661,2.4800000000000004,-0.21483254719030143,0.0,1.944616747494886e-07
-0.5,5.76,0.08,6.711864406779661,2.6700000000000004,-0.2148130211527608,0.0,1.944616747494886e-07
-0.5,5.76,0.08,6.711864406779661,2.8600000000000003,-0.21479349485131038,0.0,1.944616747494886e-07
-0.5,5.76,0.08,6.711864406779661,3.0500000000000003,-0.2147739683180312,0.0,1.944616747494886e-07
-0.5,5.76,0.08,6.711864406779661,3.24,-0.21475444151986167,0.0,1.944616747494886e-07
-0.5,5.76,0.08,6.711864406779661,3.43,-0.2147349144493056,0.0,1.944616747494886e-07
-0.5,5.76,0.08,6.711864406779661,3.62,-0.21471538712178173,0.0,1.944616747494886e-07
-0.5,5.76,0.08,6.711864406779661,3.81,-0.21469585958978854,0.0,1.944616747494886e-07
-0.5,5.76,0.08,6.711864406779661,4.0,-0.21467633176576584,0.0,1.944616747494886e-07
-0.5,5.76,0.12,5.627118644067797,0.2,14.025551812504837,0.0,0.49638901781149786
-0.5,5.76,0.12,5.627118644067797,0.39,14.026415616682925,0.0,0.49638901781149786
-0.5,5.76,0.12,5.627118644067797,0.5800000000000001,14.02727972528244,0.0,0.49638901781149786
-0.5,5.76,0.12,5.627118644067797,0.77,14.028143539987902,0.0,0.49638901781149786
-0.5,5.76,0.12,5.627118644067797,0.96,14.02900758874268,0.0,0.49638901781149786
-0.5,5.76,0.12,5.627118644067797,1.15,14.029871017973576,0.0,0.49638901781149786
-0.5,5.76,0.12,5.627118644067797,1.34,14.03073450514379,0.0,0.49638901781149786
-0.5,5.76,0.12,5.627118644067797,1.53,14.031598296702754,0.0,0.49638901781149786
-0.5,5.76,0.12,5.627118644067797,1.72,14.032462392741174,0.0,0.49638901781149786
-0.5,5.76,0.12,5.627118644067797,1.91,14.033326793315936,0.0,0.49638901781149786
-0.5,5.76,0.12,5.627118644067797,2.1,14.034190178285499,0.0,0.49638901781149786
-0.5,5.76,0.12,5.627118644067797,2.29,14.035052679318902,0.0,0.49638901781149786
-0.5,5.76,0.12,5.627118644067797,2.4800000000000004,14.035915484555545,0.0,0.49638901781149786
-0.5,5.76,0.12,5.627118644067797,2.6700000000000004,14.03677859407474,0.0,0.49638901781149786
-0.5,5.76,0.12,5.627118644067797,2.8600000000000003,14.037642007947213,0.0,0.49638901781149786
-0.5,5.76,0.12,5.627118644067797,3.0500000000000003,14.038505726245369,0.0,0.49638901781149786
-0.5,5.76,0.12,5.627118644067797,3.24,14.039369749037206,0.0,0.49638901781149786
-0.5,5.76,0.12,5.627118644067797,3.43,14.040234076399962,0.0,0.49638901781149786
-0.5,5.76,0.12,5.627118644067797,3.62,14.041098708406764,0.0,0.49638901781149786
-0.5,5.76,0.12,5.627118644067797,3.81,14.041963645128,0.0,0.49638901781149786
-0.5,5.76,0.12,5.627118644067797,4.0,14.042828886636663,0.0,0.49638901781149786
-0.5,5.76,0.12,5.898305084745763,0.2,-9.922260027347853,0.0,0.8178129677477906
-0.5,5.76,0.12,5.898305084745763,0.39,-9.920646296957521,0.0,0.8178129677477906
-0.5,5.76,0.12,5.898305084745763,0.5800000000000001,-9.91903225350923,0.0,0.8178129677477906
-0.5,5.76,0.12,5.898305084745763,0.77,-9.917418466271364,0.0,0.8178129677477906
-0.5,5.76,0.12,5.898305084745763,0.96,-9.915804433055634,0.0,0.8178129677477906
-0.5,5.76,0.12,5.898305084745763,1.15,-9.914190965804522,0.0,0.8178129677477906
-0.5,5.76,0.12,5.898305084745763,1.34,-9.912577420124641,0.0,0.8178129677477906
-0.5,5.76,0.12,5.898305084745763,1.53,-9.91096356155056,0.0,0.8178129677477906
-0.5,5.76,0.12,5.898305084745763,1.72,-9.909349390025895,0.0,0.8178129677477906
-0.5,5.76,0.12,5.898305084745763,1.91,-9.907734905502465,0.0,0.8178129677477906
-0.5,5.76,0.12,5.898305084745763,2.1,-9.906121363788785,0.0,0.8178129677477906
-0.5,5.76,0.12,5.898305084745763,2.29,-9.904508639586645,0.0,0.8178129677477906
-0.5,5.76,0.12,5.898305084745763,2.4800000000000004,-9.902895602722118,0.0,0.8178129677477906
-0.5,5.76,0.12,5.898305084745763,2.6700000000000004,-9.901282253137389,0.0,0.8178129677477906
-0.5,5.76,0.12,5.898305084745763,2.8600000000000003,-9.899668590798427,0.0,0.8178129677477906
-0.5,5.76,0.12,5.898305084745763,3.0500000000000003,-9.898054615635132,0.0,0.8178129677477906
-0.5,5.76,0.12,5.898305084745763,3.24,-9.8964403276226,0.0,0.8178129677477906
-0.5,5.76,0.12,5.898305084745763,3.43,-9.894825726696183,0.0,0.8178129677477906
-0.5,5.76,0.12,5.898305084745763,3.62,-9.893210812818076,0.0,0.8178129677477906
-0.5,5.76,0.12,5.898305084745763,3.81,-9.891595585935718,0.0,0.8178129677477906
-0.5,5.76,0.12,5.898305084745763,4.0,-9.889980045987791,0.0,0.8178129677477906
-0.5,5.76,0.12,6.169491525423729,0.2,-0.6234061189957316,0.0,0.025681295201075503
-0.5,5.76,0.12,6.169491525423729,0.39,-0.6213797590079224,0.0,0.025681295201075503
-0.5,5.76,0.12,6.169491525423729,0.5800000000000001,-0.6193532061326437,0.0,0.025681295201075503
-0.5,5.76,0.12,6.169491525423729,0.77,-0.6173269185919281,0.0,0.025681295201075503
-0.5,5.76,0.12,6.169491525423729,0.96,-0.6153004921528265,0.0,0.025681295201075503
-0.5,5.76,0.12,6.169491525423729,1.15,-0.6132745805455357,0.0,0.025681295201075503
-0.5,5.76,0.12,6.169491525423729,1.34,-0.6112486648886346,0.0,0.025681295201075503
-0.5,5.76,0.12,6.169491525423729,1.53,-0.6092225563884597,0.0,0.025681295201075503
-0.5,5.76,0.12,6.169491525423729,1.72,-0.6071962550868051,0.0,0.025681295201075503
-0.5,5.76,0.12,6.169491525423729,1.91,-0.6051697609446052,0.0,0.025681295201075503
-0.5,5.76,0.12,6.169491525423729,2.1,-0.6031440848712748,0.0,0.025681295201075503
-0.5,5.76,0.12,6.169491525423729,2.29,-0.6011191260279105,0.0,0.025681295201075503
-0.5,5.76,0.12,6.169491525423729,2.4800000000000004,-0.5990939745187092,0.0,0.025681295201075503
-0.5,5.76,0.12,6.169491525423729,2.6700000000000004,-0.5970686303765405,0.0,0.025681295201075503
-0.5,5.76,0.12,6.169491525423729,2.8600000000000003,-0.5950430935504016,0.0,0.025681295201075503
-0.5,5.76,0.12,6.169491525423729,3.0500000000000003,-0.5930173640154379,0.0,0.025681295201075503
-0.5,5.76,0.12,6.169491525423729,3.24,-0.59099144175633,0.0,0.025681295201075503
-0.5,5.76,0.12,6.169491525423729,3.43,-0.5889653267499426,0.0,0.025681295201075503
-0.5,5.76,0.12,6.169491525423729,3.62,-0.5869390189806865,0.0,0.025681295201075503
-0.5,5.76,0.12,6.169491525423729,3.81,-0.5849125183990225,0.0,0.025681295201075503
-0.5,5.76,0.12,6.169491525423729,4.0,-0.5828858250240216,0.0,0.025681295201075503
-0.5,5.76,0.12,6.4406779661016955,0.2,30.244984308511093,0.0,0.0001461409803186167
-0.5,5.76,0.12,6.4406779661016955,0.39,30.2450627873923,0.0,0.0001461409803186167
-0.5,5.76,0.12,6.4406779661016955,0.5800000000000001,30.245141268154995,0.0,0.0001461409803186167
-0.5,5.76,0.12,6.4406779661016955,0.77,30.245219746070312,0.0,0.0001461409803186167
-0.5,5.76,0.12,6.4406779661016955,0.96,30.245298225172895,0.0,0.0001461409803186167
-0.5,5.76,0.12,6.4406779661016955,1.15,30.245376698865954,0.0,0.0001461409803186167
-0.5,5.76,0.12,6.4406779661016955,1.34,30.245455172514227,0.0,0.0001461409803186167
-0.5,5.76,0.12,6.4406779661016955,1.53,30.24553364784221,0.0,0.0001461409803186167
-0.5,5.76,0.12,6.4406779661016955,1.72,30.245612125087717,0.0,0.0001461409803186167
-0.5,5.76,0.12,6.4406779661016955,1.91,30.24569060420351,0.0,0.0001461409803186167
-0.5,5.76,0.12,6.4406779661016955,2.1,30.245769074647825,0.0,0.0001461409803186167
-0.5,5.76,0.12,6.4406779661016955,2.29,30.24584753758176,0.0,0.0001461409803186167
-0.5,5.76,0.12,6.4406779661016955,2.4800000000000004,30.245926002312757,0.0,0.0001461409803186167
-0.5,5.76,0.12,6.4406779661016955,2.6700000000000004,30.24600446890738,0.0,0.0001461409803186167
-0.5,5.76,0.12,6.4406779661016955,2.8600000000000003,30.24608293735499,0.0,0.0001461409803186167
-0.5,5.76,0.12,6.4406779661016955,3.0500000000000003,30.24616140762572,0.0,0.0001461409803186167
-0.5,5.76,0.12,6.4406779661016955,3.24,30.24623987974949,0.0,0.0001461409803186167
-0.5,5.76,0.12,6.4406779661016955,3.43,30.246318353745323,0.0,0.0001461409803186167
-0.5,5.76,0.12,6.4406779661016955,3.62,30.246396829577307,0.0,0.0001461409803186167
-0.5,5.76,0.12,6.4406779661016955,3.81,30.24647530721895,0.0,0.0001461409803186167
-0.5,5.76,0.12,6.4406779661016955,4.0,30.246553786738048,0.0,0.0001461409803186167
-0.5,5.76,0.12,6.711864406779661,0.2,-0.21506689035715,0.0,1.9446181686422833e-07
-0.5,5.76,0.12,6.711864406779661,0.39,-0.2150473603021652,0.0,1.9446181686422833e-07
-0.5,5.76,0.12,6.711864406779661,0.5800000000000001,-0.21502782975780121,0.0,1.9446181686422833e-07
-0.5,5.76,0.12,6.711864406779661,0.77,-0.21500829979881075,0.0,1.9446181686422833e-07
-0.5,5.76,0.12,6.711864406779661,0.96,-0.21498876991756433,0.0,1.9446181686422833e-07
-0.5,5.76,0.12,6.711864406779661,1.15,-0.21496924125130334,0.0,1.9446181686422833e-07
-0.5,5.76,0.12,6.711864406779661,1.34,-0.21494971273231656,0.0,1.9446181686422833e-07
-0.5,5.76,0.12,6.711864406779661,1.53,-0.2149301840306599,0.0,1.9446181686422833e-07
-0.5,5.76,0.12,6.711864406779661,1.72,-0.21491065508346452,0.0,1.9446181686422833e-07
-0.5,5.76,0.12,6.711864406779661,1.91,-0.21489112583300596,0.0,1.9446181686422833e-07
-0.5,5.76,0.12,6.711864406779661,2.1,-0.21487159856018323,0.0,1.9446181686422833e-07
-0.5,5.76,0.12,6.711864406779661,2.29,-0.2148520730255683,0.0,1.9446181686422833e-07
-0.5,5.76,0.12,6.711864406779661,2.4800000000000004,-0.21483254718999234,0.0,1.9446181686422833e-07
-0.5,5.76,0.12,6.711864406779661,2.6700000000000004,-0.21481302115245526,0.0,1.9446181686422833e-07
-0.5,5.76,0.12,6.711864406779661,2.8600000000000003,-0.2147934948510084,0.0,1.9446181686422833e-07
-0.5,5.76,0.12,6.711864406779661,3.0500000000000003,-0.21477396831772566,0.0,1.9446181686422833e-07
-0.5,5.76,0.12,6.711864406779661,3.24,-0.21475444151954903,0.0,1.9446181686422833e-07
-0.5,5.76,0.12,6.711864406779661,3.43,-0.21473491444900006,0.0,1.9446181686422833e-07
-0.5,5.76,0.12,6.711864406779661,3.62,-0.21471538712147265,0.0,1.9446181686422833e-07
-0.5,5.76,0.12,6.711864406779661,3.81,-0.214695859589483,0.0,1.9446181686422833e-07
-0.5,5.76,0.12,6.711864406779661,4.0,-0.21467633176545675,0.0,1.9446181686422833e-07
-0.5,5.76,0.16,5.627118644067797,0.2,14.026018659550857,0.0,0.5059124586597519
-0.5,5.76,0.16,5.627118644067797,0.39,14.026882487755564,0.0,0.5059124586597519
-0.5,5.76,0.16,5.627118644067797,0.5800000000000001,14.027746620383873,0.0,0.5059124586597519
-0.5,5.76,0.16,5.627118644067797,0.77,14.028610459115491,0.0,0.5059124586597519
-0.5,5.76,0.16,5.627118644067797,0.96,14.029474531898074,0.0,0.5059124586597519
-0.5,5.76,0.16,5.627118644067797,1.15,14.030337985151498,0.0,0.5059124586597519
-0.5,5.76,0.16,5.627118644067797,1.34,14.031201496344472,0.0,0.5059124586597519
-0.5,5.76,0.16,5.627118644067797,1.53,14.03206531192835,0.0,0.5059124586597519
-0.5,5.76,0.16,5.627118644067797,1.72,14.032929431993885,0.0,0.5059124586597519
-0.5,5.76,0.16,5.627118644067797,1.91,14.033793856597903,0.0,0.5059124586597519
-0.5,5.76,0.16,5.627118644067797,2.1,14.034657265588358,0.0,0.5059124586597519
-0.5,5.76,0.16,5.627118644067797,2.29,14.035519790635284,0.0,0.5059124586597519
-0.5,5.76,0.16,5.627118644067797,2.4800000000000004,14.03638261988764,0.0,0.5059124586597519
-0.5,5.76,0.16,5.627118644067797,2.6700000000000004,14.037245753424713,0.0,0.5059124586597519
-0.5,5.76,0.16,5.627118644067797,2.8600000000000003,14.038109191317233,0.0,0.5059124586597519
-0.5,5.76,0.16,5.627118644067797,3.0500000000000003,14.038972933637602,0.0,0.5059124586597519
-0.5,5.76,0.16,5.627118644067797,3.24,14.039836980453828,0.0,0.5059124586597519
-0.5,5.76,0.16,5.627118644067797,3.43,14.040701331843145,0.0,0.5059124586597519
-0.5,5.76,0.16,5.627118644067797,3.62,14.041565987878677,0.0,0.5059124586597519
-0.5,5.76,0.16,5.627118644067797,3.81,14.042430948630809,0.0,0.5059124586597519
-0.5,5.76,0.16,5.627118644067797,4.0,14.04329621417255,0.0,0.5059124586597519
-0.5,5.76,0.16,5.898305084745763,0.2,-9.91672001684973,0.0,0.8192308996392254
-0.5,5.76,0.16,5.898305084745763,0.39,-9.915106026075016,0.0,0.8192308996392254
-0.5,5.76,0.16,5.898305084745763,0.5800000000000001,-9.91349172221652,0.0,0.8192308996392254
-0.5,5.76,0.16,5.898305084745763,0.77,-9.91187767459246,0.0,0.8192308996392254
-0.5,5.76,0.16,5.898305084745763,0.96,-9.910263380970605,0.0,0.8192308996392254
-0.5,5.76,0.16,5.898305084745763,1.15,-9.90864965336442,0.0,0.8192308996392254
-0.5,5.76,0.16,5.898305084745763,1.34,-9.907035847324202,0.0,0.8192308996392254
-0.5,5.76,0.16,5.898305084745763,1.53,-9.90542172836399,0.0,0.8192308996392254
-0.5,5.76,0.16,5.898305084745763,1.72,-9.903807296427402,0.0,0.8192308996392254
-0.5,5.76,0.16,5.898305084745763,1.91,-9.9021925514663,0.0,0.8192308996392254
-0.5,5.76,0.16,5.898305084745763,2.1,-9.900578749398939,0.0,0.8192308996392254
-0.5,5.76,0.16,5.898305084745763,2.29,-9.898965764916177,0.0,0.8192308996392254
-0.5,5.76,0.16,5.898305084745763,2.4800000000000004,-9.89735246774525,0.0,0.8192308996392254
-0.5,5.76,0.16,5.898305084745763,2.6700000000000004,-9.895738857828377,0.0,0.8192308996392254
-0.5,5.76,0.16,5.898305084745763,2.8600000000000003,-9.894124935131536,0.0,0.8192308996392254
-0.5,5.76,0.16,5.898305084745763,3.0500000000000003,-9.89251069958457,0.0,0.8192308996392254
-0.5,5.76,0.16,5.898305084745763,3.24,-9.8908961511626,0.0,0.8192308996392254
-0.5,5.76,0.16,5.898305084745763,3.43,-9.889281289800955,0.0,0.8192308996392254
-0.5,5.76,0.16,5.898305084745763,3.62,-9.887666115461847,0.0,0.8192308996392254
-0.5,5.76,0.16,5.898305084745763,3.81,-9.886050628092704,0.0,0.8192308996392254
-0.5,5.76,0.16,5.898305084745763,4.0,-9.884434827632205,0.0,0.8192308996392254
-0.5,5.76,0.16,6.169491525423729,0.2,-0.15602716706756325,0.0,0.09713373252983948
-0.5,5.76,0.16,6.169491525423729,0.39,-0.1539844397061927,0.0,0.09713373252983948
-0.5,5.76,0.16,6.169491525423729,0.5800000000000001,-0.15194151823764912,0.0,0.09713373252983948
-0.5,5.76,0.16,6.169491525423729,0.77,-0.14989886385025386,0.0,0.09713373252983948
-0.5,5.76,0.16,6.169491525423729,0.96,-0.1478560696932334,0.0,0.09713373252983948
-0.5,5.76,0.16,6.169491525423729,1.15,-0.145813793728081,0.0,0.09713373252983948
-0.5,5.76,0.16,6.169491525423729,1.34,-0.1437715137151372,0.0,0.09713373252983948
-0.5,5.76,0.16,6.169491525423729,1.53,-0.1417290396399835,0.0,0.09713373252983948
-0.5,5.76,0.16,6.169491525423729,1.72,-0.1396863715437462,0.0,0.09713373252983948
-0.5,5.76,0.16,6.169491525423729,1.91,-0.13764350938761538,0.0,0.09713373252983948
-0.5,5.76,0.16,6.169491525423729,2.1,-0.1356014706224613,0.0,0.09713373252983948
-0.5,5.76,0.16,6.169491525423729,2.29,-0.13356015375599384,0.0,0.09713373252983948
-0.5,5.76,0.16,6.169491525423729,2.4800000000000004,-0.13151864300580485,0.0,0.09713373252983948
-0.5,5.76,0.16,6.169491525423729,2.6700000000000004,-0.1294769384044372,0.0,0.09713373252983948
-0.5,5.76,0.16,6.169491525423729,2.8600000000000003,-0.12743503990076022,0.0,0.09713373252983948
-0.5,5.76,0.16,6.169491525423729,3.0500000000000003,-0.12539294746990493,0.0,0.09713373252983948
-0.5,5.76,0.16,6.169491525423729,3.24,-0.12335066109621096,0.0,0.09713373252983948
-0.5,5.76,0.16,6.169491525423729,3.43,-0.12130818075654304,0.0,0.09713373252983948
-0.5,5.76,0.16,6.169491525423729,3.62,-0.11926550643511291,0.0,0.09713373252983948
-0.5,5.76,0.16,6.169491525423729,3.81,-0.11722263808226785,0.0,0.09713373252983948
-0.5,5.76,0.16,6.169491525423729,4.0,-0.11517957571695092,0.0,0.09713373252983948
-0.5,5.76,0.16,6.4406779661016955,0.2,30.24785612916672,0.0,0.0005576539763311797
-0.5,5.76,0.16,6.4406779661016955,0.39,30.247934615514524,0.0,0.0005576539763311797
-0.5,5.76,0.16,6.4406779661016955,0.5800000000000001,30.248013103743858,0.0,0.0005576539763311797
-0.5,5.76,0.16,6.4406779661016955,0.77,30.2480915891257,0.0,0.0005576539763311797
-0.5,5.76,0.16,6.4406779661016955,0.96,30.248170075694837,0.0,0.0005576539763311797
-0.5,5.76,0.16,6.4406779661016955,1.15,30.248248556854207,0.0,0.0005576539763311797
-0.5,5.76,0.16,6.4406779661016955,1.34,30.248327037968735,0.0,0.0005576539763311797
-0.5,5.76,0.16,6.4406779661016955,1.53,30.24840552076307,0.0,0.0005576539763311797
-0.5,5.76,0.16,6.4406779661016955,1.72,30.248484005474964,0.0,0.0005576539763311797
-0.5,5.76,0.16,6.4406779661016955,1.91,30.248562492057168,0.0,0.0005576539763311797
-0.5,5.76,0.16,6.4406779661016955,2.1,30.248640969967596,0.0,0.0005576539763311797
-0.5,5.76,0.16,6.4406779661016955,2.29,30.248719440367246,0.0,0.0005576539763311797
-0.5,5.76,0.16,6.4406779661016955,2.4800000000000004,30.248797912564086,0.0,0.0005576539763311797
-0.5,5.76,0.16,6.4406779661016955,2.6700000000000004,30.248876386624538,0.0,0.0005576539763311797
-0.5,5.76,0.16,6.4406779661016955,2.8600000000000003,30.248954862538078,0.0,0.0005576539763311797
-0.5,5.76,0.16,6.4406779661016955,3.0500000000000003,30.249033340274764,0.0,0.0005576539763311797
-0.5,5.76,0.16,6.4406779661016955,3.24,30.249111819864517,0.0,0.0005576539763311797
-0.5,5.76,0.16,6.4406779661016955,3.43,30.249190301326394,0.0,0.0005576539763311797
-0.5,5.76,0.16,6.4406779661016955,3.62,30.24926878462449,0.0,0.0005576539763311797
-0.5,5.76,0.16,6.4406779661016955,3.81,30.24934726973226,0.0,0.0005576539763311797
-0.5,5.76,0.16,6.4406779661016955,4.0,30.249425756717557,0.0,0.0005576539763311797
-0.5,5.76,0.16,6.711864406779661,0.2,-0.21506669436264758,0.0,2.956678170555816e-07
-0.5,5.76,0.16,6.711864406779661,0.39,-0.21504716430728976,0.0,2.956678170555816e-07
-0.5,5.76,0.16,6.711864406779661,0.5800000000000001,-0.2150276337625634,0.0,2.956678170555816e-07
-0.5,5.76,0.16,6.711864406779661,0.77,-0.21500810380319635,0.0,2.956678170555816e-07
-0.5,5.76,0.16,6.711864406779661,0.96,-0.21498857392158754,0.0,2.956678170555816e-07
-0.5,5.76,0.16,6.711864406779661,1.15,-0.21496904525493932,0.0,2.956678170555816e-07
-0.5,5.76,0.16,6.711864406779661,1.34,-0.2149495167355937,0.0,2.956678170555816e-07
-0.5,5.76,0.16,6.711864406779661,1.53,-0.214929988033564,0.0,2.956678170555816e-07
-0.5,5.76,0.16,6.711864406779661,1.72,-0.2149104590860027,0.0,2.956678170555816e-07
-0.5,5.76,0.16,6.711864406779661,1.91,-0.2148909298351711,0.0,2.956678170555816e-07
-0.5,5.76,0.16,6.711864406779661,2.1,-0.21487140256197534,0.0,2.956678170555816e-07
-0.5,5.76,0.16,6.711864406779661,2.29,-0.21485187702698738,0.0,2.956678170555816e-07
-0.5,5.76,0.16,6.711864406779661,2.4800000000000004,-0.2148323511910455,0.0,2.956678170555816e-07
-0.5,5.76,0.16,6.711864406779661,2.6700000000000004,-0.21481282515313183,0.0,2.956678170555816e-07
-0.5,5.76,0.16,6.711864406779661,2.8600000000000003,-0.21479329885131193,0.0,2.956678170555816e-07
-0.5,5.76,0.16,6.711864406779661,3.0500000000000003,-0.2147737723176668,0.0,2.956678170555816e-07
-0.5,5.76,0.16,6.711864406779661,3.24,-0.2147542455191207,0.0,2.956678170555816e-07
-0.5,5.76,0.16,6.711864406779661,3.43,-0.21473471844819159,0.0,2.956678170555816e-07
-0.5,5.76,0.16,6.711864406779661,3.62,-0.21471519112030535,0.0,2.956678170555816e-07
-0.5,5.76,0.16,6.711864406779661,3.81,-0.21469566358793912,0.0,2.956678170555816e-07
-0.5,5.76,0.16,6.711864406779661,4.0,-0.21467613576354339,0.0,2.956678170555816e-07
-0.5,5.82,0.08,5.627118644067797,0.2,14.044467423986859,0.0,0.8821967932613666
-0.5,5.82,0.08,5.627118644067797,0.39,14.045332201670277,0.0,0.8821967932613666
-0.5,5.82,0.08,5.627118644067797,0.5800000000000001,14.046197283863158,0.0,0.8821967932613666
-0.5,5.82,0.08,5.627118644067797,0.77,14.047062072055922,0.0,0.8821967932613666
-0.5,5.82,0.08,5.627118644067797,0.96,14.047927094363224,0.0,0.8821967932613666
-0.5,5.82,0.08,5.627118644067797,1.15,14.048791496934967,0.0,0.8821967932613666
-0.5,5.82,0.08,5.627118644067797,1.34,14.049655957454114,0.0,0.8821967932613666
-0.5,5.82,0.08,5.627118644067797,1.53,14.050520722449996,0.0,0.8821967932613666
-0.5,5.82,0.08,5.627118644067797,1.72,14.051385792013377,0.0,0.8821967932613666
-0.5,5.82,0.08,5.627118644067797,1.91,14.052251166201117,0.0,0.8821967932613666
-0.5,5.82,0.08,5.627118644067797,2.1,14.05311552444352,0.0,0.8821967932613666
-0.5,5.82,0.08,5.627118644067797,2.29,14.053978998452322,0.0,0.8821967932613666
-0.5,5.82,0.08,5.627118644067797,2.4800000000000004,14.054842776752281,0.0,0.8821967932613666
-0.5,5.82,0.08,5.627118644067797,2.6700000000000004,14.055706859422742,0.0,0.8821967932613666
-0.5,5.82,0.08,5.627118644067797,2.8600000000000003,14.056571246534418,0.0,0.8821967932613666
-0.5,5.82,0.08,5.627118644067797,3.0500000000000003,14.057435938159742,0.0,0.8821967932613666
-0.5,5.82,0.08,5.627118644067797,3.24,14.058300934366756,0.0,0.8821967932613666
-0.5,5.82,0.08,5.627118644067797,3.43,14.05916623523271,0.0,0.8821967932613666
-0.5,5.82,0.08,5.627118644067797,3.62,14.060031840830717,0.0,0.8821967932613666
-0.5,5.82,0.08,5.627118644067797,3.81,14.060897751231224,0.0,0.8821967932613666
-0.5,5.82,0.08,5.627118644067797,4.0,14.061763966507215,0.0,0.8821967932613666
-0.5,5.82,0.08,5.898305084745763,0.2,-9.880227077732684,0.0,0.8285679484536013
-0.5,5.82,0.08,5.898305084745763,0.39,-9.878611371764109,0.0,0.8285679484536013
-0.5,5.82,0.08,5.898305084745763,0.5800000000000001,-9.876995352541933,0.0,0.8285679484536013
-0.5,5.82,0.08,5.898305084745763,0.77,-9.875379589712118,0.0,0.8285679484536013
-0.5,5.82,0.08,5.898305084745763,0.96,-9.87376358075322,0.0,0.8285679484536013
-0.5,5.82,0.08,5.898305084745763,1.15,-9.872148138146386,0.0,0.8285679484536013
-0.5,5.82,0.08,5.898305084745763,1.34,-9.870532617070715,0.0,0.8285679484536013
-0.5,5.82,0.08,5.898305084745763,1.53,-9.868916782905288,0.0,0.8285679484536013
-0.5,5.82,0.08,5.898305084745763,1.72,-9.867300635593672,0.0,0.8285679484536013
-0.5,5.82,0.08,5.898305084745763,1.91,-9.865684175087686,0.0,0.8285679484536013
-0.5,5.82,0.08,5.898305084745763,2.1,-9.864068658028806,0.0,0.8285679484536013
-0.5,5.82,0.08,5.898305084745763,2.29,-9.862453959035726,0.0,0.8285679484536013
-0.5,5.82,0.08,5.898305084745763,2.4800000000000004,-9.86083894718486,0.0,0.8285679484536013
-0.5,5.82,0.08,5.898305084745763,2.6700000000000004,-9.859223622418341,0.0,0.8285679484536013
-0.5,5.82,0.08,5.898305084745763,2.8600000000000003,-9.857607984702156,0.0,0.8285679484536013
-0.5,5.82,0.08,5.898305084745763,3.0500000000000003,-9.855992033966118,0.0,0.8285679484536013
-0.5,5.82,0.08,5.898305084745763,3.24,-9.854375770185335,0.0,0.8285679484536013
-0.5,5.82,0.08,5.898305084745763,3.43,-9.852759193295071,0.0,0.8285679484536013
-0.5,5.82,0.08,5.898305084745763,3.62,-9.851142303257546,0.0,0.8285679484536013
-0.5,5.82,0.08,5.898305084745763,3.81,-9.849525100020138,0.0,0.8285679484536013
-0.5,5.82,0.08,5.898305084745763,4.0,-9.847907583521518,0.0,0.8285679484536013
-0.5,5.82,0.08,6.169491525423729,0.2,-0.6760054280573371,0.0,0.017611038344883364
-0.5,5.82,0.08,6.169491525423729,0.39,-0.6739809100706253,0.0,0.017611038344883364
-0.5,5.82,0.08,6.169491525423729,0.5800000000000001,-0.6719561993337066,0.0,0.017611038344883364
-0.5,5.82,0.08,6.169491525423729,0.77,-0.6699317537347866,0.0,0.017611038344883364
-0.5,5.82,0.08,6.169491525423729,0.96,-0.6679071693355354,0.0,0.017611038344883364
-0.5,5.82,0.08,6.169491525423729,1.15,-0.6658830993899585,0.0,0.017611038344883364
-0.5,5.82,0.08,6.169491525423729,1.34,-0.6638590253945438,0.0,0.017611038344883364
-0.5,5.82,0.08,6.169491525423729,1.53,-0.6618347586930469,0.0,0.017611038344883364
-0.5,5.82,0.08,6.169491525423729,1.72,-0.6598102993273187,0.0,0.017611038344883364
-0.5,5.82,0.08,6.169491525423729,1.91,-0.6577856472583079,0.0,0.017611038344883364
-0.5,5.82,0.08,6.169491525423729,2.1,-0.6557618126591507,0.0,0.017611038344883364
-0.5,5.82,0.08,6.169491525423729,2.29,-0.6537386947645842,0.0,0.017611038344883364
-0.5,5.82,0.08,6.169491525423729,2.4800000000000004,-0.6517153843412302,0.0,0.017611038344883364
-0.5,5.82,0.08,6.169491525423729,2.6700000000000004,-0.6496918814220152,0.0,0.017611038344883364
-0.5,5.82,0.08,6.169491525423729,2.8600000000000003,-0.6476681859559079,0.0,0.017611038344883364
-0.5,5.82,0.08,6.169491525423729,3.0500000000000003,-0.6456442979181531,0.0,0.017611038344883364
-0.5,5.82,0.08,6.169491525423729,3.24,-0.6436202172933747,0.0,0.017611038344883364
-0.5,5.82,0.08,6.169491525423729,3.43,-0.6415959440584373,0.0,0.017611038344883364
-0.5,5.82,0.08,6.169491525423729,3.62,-0.6395714781978228,0.0,0.017611038344883364
-0.5,5.82,0.08,6.169491525423729,3.81,-0.6375468196620062,0.0,0.017611038344883364
-0.5,5.82,0.08,6.169491525423729,4.0,-0.6355219684700728,0.0,0.017611038344883364
-0.5,5.82,0.08,6.4406779661016955,0.2,30.244980944227052,0.0,0.00014565889142858102
-0.5,5.82,0.08,6.4406779661016955,0.39,30.245059423099534,0.0,0.00014565889142858102
-0.5,5.82,0.08,6.4406779661016955,0.5800000000000001,30.245137903853504,0.0,0.00014565889142858102
-0.5,5.82,0.08,6.4406779661016955,0.77,30.245216381760066,0.0,0.00014565889142858102
-0.5,5.82,0.08,6.4406779661016955,0.96,30.24529486085391,0.0,0.00014565889142858102
-0.5,5.82,0.08,6.4406779661016955,1.15,30.2453733345382,0.0,0.00014565889142858102
-0.5,5.82,0.08,6.4406779661016955,1.34,30.245451808177705,0.0,0.00014565889142858102
-0.5,5.82,0.08,6.4406779661016955,1.53,30.245530283496976,0.0,0.00014565889142858102
-0.5,5.82,0.08,6.4406779661016955,1.72,30.24560876073376,0.0,0.00014565889142858102
-0.5,5.82,0.08,6.4406779661016955,1.91,30.245687239840784,0.0,0.00014565889142858102
-0.5,5.82,0.08,6.4406779661016955,2.1,30.245765710276373,0.0,0.00014565889142858102
-0.5,5.82,0.08,6.4406779661016955,2.29,30.24584417320151,0.0,0.00014565889142858102
-0.5,5.82,0.08,6.4406779661016955,2.4800000000000004,30.245922637923783,0.0,0.00014565889142858102
-0.5,5.82,0.08,6.4406779661016955,2.6700000000000004,30.246001104509638,0.0,0.00014565889142858102
-0.5,5.82,0.08,6.4406779661016955,2.8600000000000003,30.246079572948524,0.0,0.00014565889142858102
-0.5,5.82,0.08,6.4406779661016955,3.0500000000000003,30.2461580432105,0.0,0.00014565889142858102
-0.5,5.82,0.08,6.4406779661016955,3.24,30.246236515325556,0.0,0.00014565889142858102
-0.5,5.82,0.08,6.4406779661016955,3.43,30.246314989312637,0.0,0.00014565889142858102
-0.5,5.82,0.08,6.4406779661016955,3.62,30.246393465135824,0.0,0.00014565889142858102
-0.5,5.82,0.08,6.4406779661016955,3.81,30.246471942768757,0.0,0.00014565889142858102
-0.5,5.82,0.08,6.4406779661016955,4.0,30.246550422279114,0.0,0.00014565889142858102
-0.5,5.82,0.08,6.711864406779661,0.2,-0.21506689035745552,0.0,1.944616747494886e-07
-0.5,5.82,0.08,6.711864406779661,0.39,-0.21504736030247074,0.0,1.944616747494886e-07
-0.5,5.82,0.08,6.711864406779661,0.5800000000000001,-0.21502782975811385,0.0,1.944616747494886e-07
-0.5,5.82,0.08,6.711864406779661,0.77,-0.2150082997991163,0.0,1.944616747494886e-07
-0.5,5.82,0.08,6.711864406779661,0.96,-0.21498876991786986,0.0,1.944616747494886e-07
-0.5,5.82,0.08,6.711864406779661,1.15,-0.21496924125160888,0.0,1.944616747494886e-07
-0.5,5.82,0.08,6.711864406779661,1.34,-0.2149497127326221,0.0,1.944616747494886e-07
-0.5,5.82,0.08,6.711864406779661,1.53,-0.21493018403095832,0.0,1.944616747494886e-07
-0.5,5.82,0.08,6.711864406779661,1.72,-0.2149106550837736,0.0,1.944616747494886e-07
-0.5,5.82,0.08,6.711864406779661,1.91,-0.2148911258333115,0.0,1.944616747494886e-07
-0.5,5.82,0.08,6.711864406779661,2.1,-0.21487159856048876,0.0,1.944616747494886e-07
-0.5,5.82,0.08,6.711864406779661,2.29,-0.2148520730258774,0.0,1.944616747494886e-07
-0.5,5.82,0.08,6.711864406779661,2.4800000000000004,-0.21483254719030143,0.0,1.944616747494886e-07
-0.5,5.82,0.08,6.711864406779661,2.6700000000000004,-0.2148130211527608,0.0,1.944616747494886e-07
-0.5,5.82,0.08,6.711864406779661,2.8600000000000003,-0.21479349485131038,0.0,1.944616747494886e-07
-0.5,5.82,0.08,6.711864406779661,3.0500000000000003,-0.2147739683180312,0.0,1.944616747494886e-07
-0.5,5.82,0.08,6.711864406779661,3.24,-0.21475444151986167,0.0,1.944616747494886e-07
-0.5,5.82,0.08,6.711864406779661,3.43,-0.2147349144493056,0.0,1.944616747494886e-07
-0.5,5.82,0.08,6.711864406779661,3.62,-0.21471538712178173,0.0,1.944616747494886e-07
-0.5,5.82,0.08,6.711864406779661,3.81,-0.21469585958978854,0.0,1.944616747494886e-07
-0.5,5.82,0.08,6.711864406779661,4.0,-0.21467633176576584,0.0,1.944616747494886e-07
-0.5,5.82,0.12,5.627118644067797,0.2,14.031942783838403,0.0,0.6267549415188856
-0.5,5.82,0.12,5.627118644067797,0.39,14.032806916932351,0.0,0.6267549415188856
-0.5,5.82,0.12,5.627118644067797,0.5800000000000001,14.03367135447747,0.0,0.6267549415188856
-0.5,5.82,0.12,5.627118644067797,0.77,14.034535498092694,0.0,0.6267549415188856
-0.5,5.82,0.12,5.627118644067797,0.96,14.035399875779277,0.0,0.6267549415188856
-0.5,5.82,0.12,5.627118644067797,1.15,14.036263633870462,0.0,0.6267549415188856
-0.5,5.82,0.12,5.627118644067797,1.34,14.037127449903693,0.0,0.6267549415188856
-0.5,5.82,0.12,5.627118644067797,1.53,14.037991570355402,0.0,0.6267549415188856
-0.5,5.82,0.12,5.627118644067797,1.72,14.038855995316332,0.0,0.6267549415188856
-0.5,5.82,0.12,5.627118644067797,1.91,14.039720724843313,0.0,0.6267549415188856
-0.5,5.82,0.12,5.627118644067797,2.1,14.040584438650207,0.0,0.6267549415188856
-0.5,5.82,0.12,5.627118644067797,2.29,14.041447268420413,0.0,0.6267549415188856
-0.5,5.82,0.12,5.627118644067797,2.4800000000000004,14.042310402423574,0.0,0.6267549415188856
-0.5,5.82,0.12,5.627118644067797,2.6700000000000004,14.043173840739009,0.0,0.6267549415188856
-0.5,5.82,0.12,5.627118644067797,2.8600000000000003,14.044037583437422,0.0,0.6267549415188856
-0.5,5.82,0.12,5.627118644067797,3.0500000000000003,14.044901630591255,0.0,0.6267549415188856
-0.5,5.82,0.12,5.627118644067797,3.24,14.045765982268499,0.0,0.6267549415188856
-0.5,5.82,0.12,5.627118644067797,3.43,14.04663063854639,0.0,0.6267549415188856
-0.5,5.82,0.12,5.627118644067797,3.62,14.04749559949807,0.0,0.6267549415188856
-0.5,5.82,0.12,5.627118644067797,3.81,14.04836086519392,0.0,0.6267549415188856
-0.5,5.82,0.12,5.627118644067797,4.0,14.049226435706977,0.0,0.6267549415188856
-0.5,5.82,0.12,5.898305084745763,0.2,-10.13384331467136,0.0,0.7635665344330744
-0.5,5.82,0.12,5.898305084745763,0.39,-10.132239528844636,0.0,0.7635665344330744
-0.5,5.82,0.12,5.898305084745763,0.5800000000000001,-10.130635430944558,0.0,0.7635665344330744
-0.5,5.82,0.12,5.898305084745763,0.77,-10.129031588339323,0.0,0.7635665344330744
-0.5,5.82,0.12,5.898305084745763,0.96,-10.127427500517307,0.0,0.7635665344330744
-0.5,5.82,0.12,5.898305084745763,1.15,-10.125823976709647,0.0,0.7635665344330744
-0.5,5.82,0.12,5.898305084745763,1.34,-10.124220374674891,0.0,0.7635665344330744
-0.5,5.82,0.12,5.898305084745763,1.53,-10.122616460730313,0.0,0.7635665344330744
-0.5,5.82,0.12,5.898305084745763,1.72,-10.12101223481973,0.0,0.7635665344330744
-0.5,5.82,0.12,5.898305084745763,1.91,-10.119407696895102,0.0,0.7635665344330744
-0.5,5.82,0.12,5.898305084745763,2.1,-10.117804098571938,0.0,0.7635665344330744
-0.5,5.82,0.12,5.898305084745763,2.29,-10.11620131497024,0.0,0.7635665344330744
-0.5,5.82,0.12,5.898305084745763,2.4800000000000004,-10.114598219689782,0.0,0.7635665344330744
-0.5,5.82,0.12,5.898305084745763,2.6700000000000004,-10.112994812672888,0.0,0.7635665344330744
-0.5,5.82,0.12,5.898305084745763,2.8600000000000003,-10.111391093885743,0.0,0.7635665344330744
-0.5,5.82,0.12,5.898305084745763,3.0500000000000003,-10.109787063258302,0.0,0.7635665344330744
-0.5,5.82,0.12,5.898305084745763,3.24,-10.108182720765889,0.0,0.7635665344330744
-0.5,5.82,0.12,5.898305084745763,3.43,-10.10657806634395,0.0,0.7635665344330744
-0.5,5.82,0.12,5.898305084745763,3.62,-10.104973099954918,0.0,0.7635665344330744
-0.5,5.82,0.12,5.898305084745763,3.81,-10.103367821546328,0.0,0.7635665344330744
-0.5,5.82,0.12,5.898305084745763,4.0,-10.10176223105703,0.0,0.7635665344330744
-0.5,5.82,0.12,6.169491525423729,0.2,-0.4522239997135955,0.0,0.051904963926422513
-0.5,5.82,0.12,6.169491525423729,0.39,-0.45019164501489684,0.0,0.051904963926422513
-0.5,5.82,0.12,6.169491525423729,0.5800000000000001,-0.4481590969819962,0.0,0.051904963926422513
-0.5,5.82,0.12,6.169491525423729,0.77,-0.44612681492336037,0.0,0.051904963926422513
-0.5,5.82,0.12,6.169491525423729,0.96,-0.4440943936472479,0.0,0.051904963926422513
-0.5,5.82,0.12,6.169491525423729,1.15,-0.442062488433578,0.0,0.051904963926422513
-0.5,5.82,0.12,6.169491525423729,1.34,-0.440030579170994,0.0,0.051904963926422513
-0.5,5.82,0.12,6.169491525423729,1.53,-0.43799847661867375,0.0,0.051904963926422513
-0.5,5.82,0.12,6.169491525423729,1.72,-0.43596618081818406,0.0,0.051904963926422513
-0.5,5.82,0.12,6.169491525423729,1.91,-0.43393369173055873,0.0,0.051904963926422513
-0.5,5.82,0.12,6.169491525423729,2.1,-0.43190202266106326,0.0,0.051904963926422513
-0.5,5.82,0.12,6.169491525423729,2.29,-0.4298710725314976,0.0,0.051904963926422513
-0.5,5.82,0.12,6.169491525423729,2.4800000000000004,-0.42783992929004455,0.0,0.051904963926422513
-0.5,5.82,0.12,6.169491525423729,2.6700000000000004,-0.42580859296946016,0.0,0.051904963926422513
-0.5,5.82,0.12,6.169491525423729,2.8600000000000003,-0.4237770635186422,0.0,0.051904963926422513
-0.5,5.82,0.12,6.169491525423729,3.0500000000000003,-0.4217453409127927,0.0,0.051904963926422513
-0.5,5.82,0.12,6.169491525423729,3.24,-0.41971342513642185,0.0,0.051904963926422513
-0.5,5.82,0.12,6.169491525423729,3.43,-0.41768131616639437,0.0,0.051904963926422513
-0.5,5.82,0.12,6.169491525423729,3.62,-0.4156490139870783,0.0,0.051904963926422513
-0.5,5.82,0.12,6.169491525423729,3.81,-0.41361651854892045,0.0,0.051904963926422513
-0.5,5.82,0.12,6.169491525423729,4.0,-0.41158382987087805,0.0,0.051904963926422513
-0.5,5.82,0.12,6.4406779661016955,0.2,30.24502710349563,0.0,0.00015227333407364746
-0.5,5.82,0.12,6.4406779661016955,0.39,30.245105582488094,0.0,0.00015227333407364746
-0.5,5.82,0.12,6.4406779661016955,0.5800000000000001,30.245184063362075,0.0,0.00015227333407364746
-0.5,5.82,0.12,6.4406779661016955,0.77,30.245262541388648,0.0,0.00015227333407364746
-0.5,5.82,0.12,6.4406779661016955,0.96,30.24534102060253,0.0,0.00015227333407364746
-0.5,5.82,0.12,6.4406779661016955,1.15,30.24541949440679,0.0,0.00015227333407364746
-0.5,5.82,0.12,6.4406779661016955,1.34,30.24549796816632,0.0,0.00015227333407364746
-0.5,5.82,0.12,6.4406779661016955,1.53,30.245576443605586,0.0,0.00015227333407364746
-0.5,5.82,0.12,6.4406779661016955,1.72,30.24565492096238,0.0,0.00015227333407364746
-0.5,5.82,0.12,6.4406779661016955,1.91,30.245733400189415,0.0,0.00015227333407364746
-0.5,5.82,0.12,6.4406779661016955,2.1,30.245811870744987,0.0,0.00015227333407364746
-0.5,5.82,0.12,6.4406779661016955,2.29,30.24589033379018,0.0,0.00015227333407364746
-0.5,5.82,0.12,6.4406779661016955,2.4800000000000004,30.245968798632404,0.0,0.00015227333407364746
-0.5,5.82,0.12,6.4406779661016955,2.6700000000000004,30.246047265338298,0.0,0.00015227333407364746
-0.5,5.82,0.12,6.4406779661016955,2.8600000000000003,30.24612573389718,0.0,0.00015227333407364746
-0.5,5.82,0.12,6.4406779661016955,3.0500000000000003,30.246204204279138,0.0,0.00015227333407364746
-0.5,5.82,0.12,6.4406779661016955,3.24,30.246282676514177,0.0,0.00015227333407364746
-0.5,5.82,0.12,6.4406779661016955,3.43,30.246361150621283,0.0,0.00015227333407364746
-0.5,5.82,0.12,6.4406779661016955,3.62,30.24643962656451,0.0,0.00015227333407364746
-0.5,5.82,0.12,6.4406779661016955,3.81,30.24651810431741,0.0,0.00015227333407364746
-0.5,5.82,0.12,6.4406779661016955,4.0,30.24659658394779,0.0,0.00015227333407364746
-0.5,5.82,0.12,6.711864406779661,0.2,-0.21506689034546866,0.0,1.9446787675487623e-07
-0.5,5.82,0.12,6.711864406779661,0.39,-0.21504736029048388,0.0,1.9446787675487623e-07
-0.5,5.82,0.12,6.711864406779661,0.5800000000000001,-0.21502782974612344,0.0,1.9446787675487623e-07
-0.5,5.82,0.12,6.711864406779661,0.77,-0.21500829978712588,0.0,1.9446787675487623e-07
-0.5,5.82,0.12,6.711864406779661,0.96,-0.214988769905883,0.0,1.9446787675487623e-07
-0.5,5.82,0.12,6.711864406779661,1.15,-0.21496924123962202,0.0,1.9446787675487623e-07
-0.5,5.82,0.12,6.711864406779661,1.34,-0.21494971272063879,0.0,1.9446787675487623e-07
-0.5,5.82,0.12,6.711864406779661,1.53,-0.2149301840189679,0.0,1.9446787675487623e-07
-0.5,5.82,0.12,6.711864406779661,1.72,-0.2149106550717832,0.0,1.9446787675487623e-07
-0.5,5.82,0.12,6.711864406779661,1.91,-0.21489112582132464,0.0,1.9446787675487623e-07
-0.5,5.82,0.12,6.711864406779661,2.1,-0.2148715985485019,0.0,1.9446787675487623e-07
-0.5,5.82,0.12,6.711864406779661,2.29,-0.21485207301388698,0.0,1.9446787675487623e-07
-0.5,5.82,0.12,6.711864406779661,2.4800000000000004,-0.21483254717831102,0.0,1.9446787675487623e-07
-0.5,5.82,0.12,6.711864406779661,2.6700000000000004,-0.21481302114077394,0.0,1.9446787675487623e-07
-0.5,5.82,0.12,6.711864406779661,2.8600000000000003,-0.21479349483932708,0.0,1.9446787675487623e-07
-0.5,5.82,0.12,6.711864406779661,3.0500000000000003,-0.21477396830604434,0.0,1.9446787675487623e-07
-0.5,5.82,0.12,6.711864406779661,3.24,-0.2147544415078677,0.0,1.9446787675487623e-07
-0.5,5.82,0.12,6.711864406779661,3.43,-0.21473491443731874,0.0,1.9446787675487623e-07
-0.5,5.82,0.12,6.711864406779661,3.62,-0.21471538710979132,0.0,1.9446787675487623e-07
-0.5,5.82,0.12,6.711864406779661,3.81,-0.21469585957780168,0.0,1.9446787675487623e-07
-0.5,5.82,0.12,6.711864406779661,4.0,-0.21467633175377543,0.0,1.9446787675487623e-07
-0.5,5.82,0.16,5.627118644067797,0.2,14.026234819496537,0.0,0.5103219851176257
-0.5,5.82,0.16,5.627118644067797,0.39,14.027098658826063,0.0,0.5103219851176257
-0.5,5.82,0.16,5.627118644067797,0.5800000000000001,14.027962802580205,0.0,0.5103219851176257
-0.5,5.82,0.16,5.627118644067797,0.77,14.028826652436436,0.0,0.5103219851176257
-0.5,5.82,0.16,5.627118644067797,0.96,14.029690736344364,0.0,0.5103219851176257
-0.5,5.82,0.16,5.627118644067797,1.15,14.030554200720758,0.0,0.5103219851176257
-0.5,5.82,0.16,5.627118644067797,1.34,14.03141772303676,0.0,0.5103219851176257
-0.5,5.82,0.16,5.627118644067797,1.53,14.032281549744695,0.0,0.5103219851176257
-0.5,5.82,0.16,5.627118644067797,1.72,14.033145680935277,0.0,0.5103219851176257
-0.5,5.82,0.16,5.627118644067797,1.91,14.034010116665335,0.0,0.5103219851176257
-0.5,5.82,0.16,5.627118644067797,2.1,14.034873536777958,0.0,0.5103219851176257
-0.5,5.82,0.16,5.627118644067797,2.29,14.035736072943664,0.0,0.5103219851176257
-0.5,5.82,0.16,5.627118644067797,2.4800000000000004,14.036598913315785,0.0,0.5103219851176257
-0.5,5.82,0.16,5.627118644067797,2.6700000000000004,14.037462057973634,0.0,0.5103219851176257
-0.5,5.82,0.16,5.627118644067797,2.8600000000000003,14.038325506987931,0.0,0.5103219851176257
-0.5,5.82,0.16,5.627118644067797,3.0500000000000003,14.039189260431094,0.0,0.5103219851176257
-0.5,5.82,0.16,5.627118644067797,3.24,14.040053318371115,0.0,0.5103219851176257
-0.5,5.82,0.16,5.627118644067797,3.43,14.04091768088523,0.0,0.5103219851176257
-0.5,5.82,0.16,5.627118644067797,3.62,14.041782348046567,0.0,0.5103219851176257
-0.5,5.82,0.16,5.627118644067797,3.81,14.042647319925528,0.0,0.5103219851176257
-0.5,5.82,0.16,5.627118644067797,4.0,14.043512596595086,0.0,0.5103219851176257
-0.5,5.82,0.16,5.898305084745763,0.2,-10.432421763479326,0.0,0.6867060047482568
-0.5,5.82,0.16,5.898305084745763,0.39,-10.430832011050114,0.0,0.6867060047482568
-0.5,5.82,0.16,5.898305084745763,0.5800000000000001,-10.42924194793703,0.0,0.6867060047482568
-0.5,5.82,0.16,5.898305084745763,0.77,-10.427652138826652,0.0,0.6867060047482568
-0.5,5.82,0.16,5.898305084745763,0.96,-10.426062085573548,0.0,0.6867060047482568
-0.5,5.82,0.16,5.898305084745763,1.15,-10.424472593582685,0.0,0.6867060047482568
-0.5,5.82,0.16,5.898305084745763,1.34,-10.422883023649305,0.0,0.6867060047482568
-0.5,5.82,0.16,5.898305084745763,1.53,-10.421293143195236,0.0,0.6867060047482568
-0.5,5.82,0.16,5.898305084745763,1.72,-10.419702952164542,0.0,0.6867060047482568
-0.5,5.82,0.16,5.898305084745763,1.91,-10.418112450509398,0.0,0.6867060047482568
-0.5,5.82,0.16,5.898305084745763,2.1,-10.416522883928309,0.0,0.6867060047482568
-0.5,5.82,0.16,5.898305084745763,2.29,-10.41493412813145,0.0,0.6867060047482568
-0.5,5.82,0.16,5.898305084745763,2.4800000000000004,-10.41334506204391,0.0,0.6867060047482568
-0.5,5.82,0.16,5.898305084745763,2.6700000000000004,-10.41175568560815,0.0,0.6867060047482568
-0.5,5.82,0.16,5.898305084745763,2.8600000000000003,-10.410165998790653,0.0,0.6867060047482568
-0.5,5.82,0.16,5.898305084745763,3.0500000000000003,-10.408576001521567,0.0,0.6867060047482568
-0.5,5.82,0.16,5.898305084745763,3.24,-10.406985693776456,0.0,0.6867060047482568
-0.5,5.82,0.16,5.898305084745763,3.43,-10.405395075490915,0.0,0.6867060047482568
-0.5,5.82,0.16,5.898305084745763,3.62,-10.403804146627678,0.0,0.6867060047482568
-0.5,5.82,0.16,5.898305084745763,3.81,-10.402212907134484,0.0,0.6867060047482568
-0.5,5.82,0.16,5.898305084745763,4.0,-10.400621356950374,0.0,0.6867060047482568
-0.5,5.82,0.16,6.169491525423729,0.2,0.4100985141256217,0.0,0.1830698121756858
-0.5,5.82,0.16,6.169491525423729,0.39,0.4121610669208309,0.0,0.1830698121756858
-0.5,5.82,0.16,6.169491525423729,0.5800000000000001,0.4142238153007014,0.0,0.1830698121756858
-0.5,5.82,0.16,6.169491525423729,0.77,0.41628629448374,0.0,0.1830698121756858
-0.5,5.82,0.16,6.169491525423729,0.96,0.4183489144917303,0.0,0.1830698121756858
-0.5,5.82,0.16,6.169491525423729,1.15,0.42041101223792054,0.0,0.1830698121756858
-0.5,5.82,0.16,6.169491525423729,1.34,0.42247311402969956,0.0,0.1830698121756858
-0.5,5.82,0.16,6.169491525423729,1.53,0.424535411360182,0.0,0.1830698121756858
-0.5,5.82,0.16,6.169491525423729,1.72,0.4265979041889665,0.0,0.1830698121756858
-0.5,5.82,0.16,6.169491525423729,1.91,0.4286605925546496,0.0,0.1830698121756858
-0.5,5.82,0.16,6.169491525423729,2.1,0.4307224510828007,0.0,0.1830698121756858
-0.5,5.82,0.16,6.169491525423729,2.29,0.4327835820571124,0.0,0.1830698121756858
-0.5,5.82,0.16,6.169491525423729,2.4800000000000004,0.4348449083904029,0.0,0.1830698121756858
-0.5,5.82,0.16,6.169491525423729,2.6700000000000004,0.43690643005044194,0.0,0.1830698121756858
-0.5,5.82,0.16,6.169491525423729,2.8600000000000003,0.43896814708847387,0.0,0.1830698121756858
-0.5,5.82,0.16,6.169491525423729,3.0500000000000003,0.44103005952956664,0.0,0.1830698121756858
-0.5,5.82,0.16,6.169491525423729,3.24,0.44309216738956536,0.0,0.1830698121756858
-0.5,5.82,0.16,6.169491525423729,3.43,0.4451544706917474,0.0,0.1830698121756858
-0.5,5.82,0.16,6.169491525423729,3.62,0.4472169694521426,0.0,0.1830698121756858
-0.5,5.82,0.16,6.169491525423729,3.81,0.4492796637204748,0.0,0.1830698121756858
-0.5,5.82,0.16,6.169491525423729,4.0,0.451342553478014,0.0,0.1830698121756858
-0.5,5.82,0.16,6.4406779661016955,0.2,30.257029284399565,0.0,0.0018720025648252966
-0.5,5.82,0.16,6.4406779661016955,0.39,30.25710779459712,0.0,0.0018720025648252966
-0.5,5.82,0.16,6.4406779661016955,0.5800000000000001,30.257186306676374,0.0,0.0018720025648252966
-0.5,5.82,0.16,6.4406779661016955,0.77,30.25726481590774,0.0,0.0018720025648252966
-0.5,5.82,0.16,6.4406779661016955,0.96,30.257343326326485,0.0,0.0018720025648252966
-0.5,5.82,0.16,6.4406779661016955,1.15,30.257421831334682,0.0,0.0018720025648252966
-0.5,5.82,0.16,6.4406779661016955,1.34,30.257500336297994,0.0,0.0018720025648252966
-0.5,5.82,0.16,6.4406779661016955,1.53,30.257578842941257,0.0,0.0018720025648252966
-0.5,5.82,0.16,6.4406779661016955,1.72,30.25765735150219,0.0,0.0018720025648252966
-0.5,5.82,0.16,6.4406779661016955,1.91,30.257735861933618,0.0,0.0018720025648252966
-0.5,5.82,0.16,6.4406779661016955,2.1,30.257814363692106,0.0,0.0018720025648252966
-0.5,5.82,0.16,6.4406779661016955,2.29,30.257892857938906,0.0,0.0018720025648252966
-0.5,5.82,0.16,6.4406779661016955,2.4800000000000004,30.25797135398298,0.0,0.0018720025648252966
-0.5,5.82,0.16,6.4406779661016955,2.6700000000000004,30.258049851890867,0.0,0.0018720025648252966
-0.5,5.82,0.16,6.4406779661016955,2.8600000000000003,30.258128351651955,0.0,0.0018720025648252966
-0.5,5.82,0.16,6.4406779661016955,3.0500000000000003,30.25820685323636,0.0,0.0018720025648252966
-0.5,5.82,0.16,6.4406779661016955,3.24,30.258285356673973,0.0,0.0018720025648252966
-0.5,5.82,0.16,6.4406779661016955,3.43,30.258363861983895,0.0,0.0018720025648252966
-0.5,5.82,0.16,6.4406779661016955,3.62,30.25844236913011,0.0,0.0018720025648252966
-0.5,5.82,0.16,6.4406779661016955,3.81,30.258520878086195,0.0,0.0018720025648252966
-0.5,5.82,0.16,6.4406779661016955,4.0,30.258599388919976,0.0,0.0018720025648252966
-0.5,5.82,0.16,6.711864406779661,0.2,-0.21506529699918175,0.0,1.0172267157415882e-06
-0.5,5.82,0.16,6.711864406779661,0.39,-0.21504576694118072,0.0,1.0172267157415882e-06
-0.5,5.82,0.16,6.711864406779661,0.5800000000000001,-0.21502623639380403,0.0,1.0172267157415882e-06
-0.5,5.82,0.16,6.711864406779661,0.77,-0.2150067064317902,0.0,1.0172267157415882e-06
-0.5,5.82,0.16,6.711864406779661,0.96,-0.21498717654753818,0.0,1.0172267157415882e-06
-0.5,5.82,0.16,6.711864406779661,1.15,-0.21496764787825384,0.0,1.0172267157415882e-06
-0.5,5.82,0.16,6.711864406779661,1.34,-0.21494811935625435,0.0,1.0172267157415882e-06
-0.5,5.82,0.16,6.711864406779661,1.53,-0.21492859065157788,0.0,1.0172267157415882e-06
-0.5,5.82,0.16,6.711864406779661,1.72,-0.2149090617013769,0.0,1.0172267157415882e-06
-0.5,5.82,0.16,6.711864406779661,1.91,-0.2148895324479021,0.0,1.0172267157415882e-06
-0.5,5.82,0.16,6.711864406779661,2.1,-0.21487000517205956,0.0,1.0172267157415882e-06
-0.5,5.82,0.16,6.711864406779661,2.29,-0.21485047963443193,0.0,1.0172267157415882e-06
-0.5,5.82,0.16,6.711864406779661,2.4800000000000004,-0.21483095379583972,0.0,1.0172267157415882e-06
-0.5,5.82,0.16,6.711864406779661,2.6700000000000004,-0.21481142775527928,0.0,1.0172267157415882e-06
-0.5,5.82,0.16,6.711864406779661,2.8600000000000003,-0.21479190145081972,0.0,1.0172267157415882e-06
-0.5,5.82,0.16,6.711864406779661,3.0500000000000003,-0.21477237491452073,0.0,1.0172267157415882e-06
-0.5,5.82,0.16,6.711864406779661,3.24,-0.2147528481133385,0.0,1.0172267157415882e-06
-0.5,5.82,0.16,6.711864406779661,3.43,-0.21473332103977327,0.0,1.0172267157415882e-06
-0.5,5.82,0.16,6.711864406779661,3.62,-0.21471379370923316,0.0,1.0172267157415882e-06
-0.5,5.82,0.16,6.711864406779661,3.81,-0.21469426617422727,0.0,1.0172267157415882e-06
-0.5,5.82,0.16,6.711864406779661,4.0,-0.2146747383471812,0.0,1.0172267157415882e-06
-0.25,5.7,0.08,5.627118644067797,0.2,14.037636380616455,0.0,0.7428834726131992
-0.25,5.7,0.08,5.627118644067797,0.39,14.038500806735378,0.0,0.7428834726131992
-0.25,5.7,0.08,5.627118644067797,0.5800000000000001,14.039365537331996,0.0,0.7428834726131992
-0.25,5.7,0.08,5.627118644067797,0.77,14.040229973966788,0.0,0.7428834726131992
-0.25,5.7,0.08,5.627118644067797,0.96,14.041094644692556,0.0,0.7428834726131992
-0.25,5.7,0.08,5.627118644067797,1.15,14.041958695759234,0.0,0.7428834726131992
-0.25,5.7,0.08,5.627118644067797,1.34,14.042822804770374,0.0,0.7428834726131992
-0.25,5.7,0.08,5.627118644067797,1.53,14.043687218226466,0.0,0.7428834726131992
-0.25,5.7,0.08,5.627118644067797,1.72,14.04455193621829,0.0,0.7428834726131992
-0.25,5.7,0.08,5.627118644067797,1.91,14.045416958802662,0.0,0.7428834726131992
-0.25,5.7,0.08,5.627118644067797,2.1,14.04628096556457,0.0,0.7428834726131992
-0.25,5.7,0.08,5.627118644067797,2.29,14.047144088200255,0.0,0.7428834726131992
-0.25,5.7,0.08,5.627118644067797,2.4800000000000004,14.048007515095364,0.0,0.7428834726131992
-0.25,5.7,0.08,5.627118644067797,2.6700000000000004,14.048871246329192,0.0,0.7428834726131992
-0.25,5.7,0.08,5.627118644067797,2.8600000000000003,14.049735281972502,0.0,0.7428834726131992
-0.25,5.7,0.08,5.627118644067797,3.0500000000000003,14.050599622097685,0.0,0.7428834726131992
-0.25,5.7,0.08,5.627118644067797,3.24,14.051464266772783,0.0,0.7428834726131992
-0.25,5.7,0.08,5.627118644067797,3.43,14.052329216075016,0.0,0.7428834726131992
-0.25,5.7,0.08,5.627118644067797,3.62,14.053194470077536,0.0,0.7428834726131992
-0.25,5.7,0.08,5.627118644067797,3.81,14.054060028850742,0.0,0.7428834726131992
-0.25,5.7,0.08,5.627118644067797,4.0,14.054925892467637,0.0,0.7428834726131992
-0.25,5.7,0.08,5.898305084745763,0.2,-11.624654688317328,0.0,0.37611628725371404
-0.25,5.7,0.08,5.898305084745763,0.39,-11.623120971675732,0.0,0.37611628725371404
-0.25,5.7,0.08,5.898305084745763,0.5800000000000001,-11.6215869498985,0.0,0.37611628725371404
-0.25,5.7,0.08,5.898305084745763,0.77,-11.620053176964511,0.0,0.37611628725371404
-0.25,5.7,0.08,5.898305084745763,0.96,-11.618519164176611,0.0,0.37611628725371404
-0.25,5.7,0.08,5.898305084745763,1.15,-11.61698570166152,0.0,0.37611628725371404
-0.25,5.7,0.08,5.898305084745763,1.34,-11.615452162340311,0.0,0.37611628725371404
-0.25,5.7,0.08,5.898305084745763,1.53,-11.61391831804525,0.0,0.37611628725371404
-0.25,5.7,0.08,5.898305084745763,1.72,-11.612384168721398,0.0,0.37611628725371404
-0.25,5.7,0.08,5.898305084745763,1.91,-11.610849714321844,0.0,0.37611628725371404
-0.25,5.7,0.08,5.898305084745763,2.1,-11.609316176918213,0.0,0.37611628725371404
-0.25,5.7,0.08,5.898305084745763,2.29,-11.607783434577307,0.0,0.37611628725371404
-0.25,5.7,0.08,5.898305084745763,2.4800000000000004,-11.606250387488274,0.0,0.37611628725371404
-0.25,5.7,0.08,5.898305084745763,2.6700000000000004,-11.60471703559437,0.0,0.37611628725371404
-0.25,5.7,0.08,5.898305084745763,2.8600000000000003,-11.603183378863072,0.0,0.37611628725371404
-0.25,5.7,0.08,5.898305084745763,3.0500000000000003,-11.601649417225296,0.0,0.37611628725371404
-0.25,5.7,0.08,5.898305084745763,3.24,-11.60011515065758,0.0,0.37611628725371404
-0.25,5.7,0.08,5.898305084745763,3.43,-11.598580579096172,0.0,0.37611628725371404
-0.25,5.7,0.08,5.898305084745763,3.62,-11.597045702504978,0.0,0.37611628725371404
-0.25,5.7,0.08,5.898305084745763,3.81,-11.595510520832534,0.0,0.37611628725371404
-0.25,5.7,0.08,5.898305084745763,4.0,-11.593975034018634,0.0,0.37611628725371404
-0.25,5.7,0.08,6.169491525423729,0.2,-0.6776880715689515,0.0,0.017352775051284065
-0.25,5.7,0.08,6.169491525423729,0.39,-0.6756636125075488,0.0,0.017352775051284065
-0.25,5.7,0.08,6.169491525423729,0.5800000000000001,-0.6736389607003446,0.0,0.017352775051284065
-0.25,5.7,0.08,6.169491525423729,0.77,-0.6716145740248436,0.0,0.017352775051284065
-0.25,5.7,0.08,6.169491525423729,0.96,-0.6695900485521804,0.0,0.017352775051284065
-0.25,5.7,0.08,6.169491525423729,1.15,-0.6675660375210271,0.0,0.017352775051284065
-0.25,5.7,0.08,6.169491525423729,1.34,-0.6655420224400928,0.0,0.017352775051284065
-0.25,5.7,0.08,6.169491525423729,1.53,-0.663517814657439,0.0,0.017352775051284065
-0.25,5.7,0.08,6.169491525423729,1.72,-0.6614934142149309,0.0,0.017352775051284065
-0.25,5.7,0.08,6.169491525423729,1.91,-0.6594688210735598,0.0,0.017352775051284065
-0.25,5.7,0.08,6.169491525423729,2.1,-0.657445045382886,0.0,0.017352775051284065
-0.25,5.7,0.08,6.169491525423729,2.29,-0.6554219863799489,0.0,0.017352775051284065
-0.25,5.7,0.08,6.169491525423729,2.4800000000000004,-0.653398734852658,0.0,0.017352775051284065
-0.25,5.7,0.08,6.169491525423729,2.6700000000000004,-0.6513752908338688,0.0,0.017352775051284065
-0.25,5.7,0.08,6.169491525423729,2.8600000000000003,-0.6493516542725786,0.0,0.017352775051284065
-0.25,5.7,0.08,6.169491525423729,3.0500000000000003,-0.6473278251440178,0.0,0.017352775051284065
-0.25,5.7,0.08,6.169491525423729,3.24,-0.6453038034328102,0.0,0.017352775051284065
-0.25,5.7,0.08,6.169491525423729,3.43,-0.6432795891158634,0.0,0.017352775051284065
-0.25,5.7,0.08,6.169491525423729,3.62,-0.6412551821776162,0.0,0.017352775051284065
-0.25,5.7,0.08,6.169491525423729,3.81,-0.6392305825685582,0.0,0.017352775051284065
-0.25,5.7,0.08,6.169491525423729,4.0,-0.6372057903077604,0.0,0.017352775051284065
-0.25,5.7,0.08,6.4406779661016955,0.2,30.244980944223272,0.0,0.00014565889088539633
-0.25,5.7,0.08,6.4406779661016955,0.39,30.245059423095768,0.0,0.00014565889088539633
-0.25,5.7,0.08,6.4406779661016955,0.5800000000000001,30.245137903849724,0.0,0.00014565889088539633
-0.25,5.7,0.08,6.4406779661016955,0.77,30.245216381756286,0.0,0.00014565889088539633
-0.25,5.7,0.08,6.4406779661016955,0.96,30.24529486085016,0.0,0.00014565889088539633
-0.25,5.7,0.08,6.4406779661016955,1.15,30.245373334534406,0.0,0.00014565889088539633
-0.25,5.7,0.08,6.4406779661016955,1.34,30.245451808173954,0.0,0.00014565889088539633
-0.25,5.7,0.08,6.4406779661016955,1.53,30.24553028349321,0.0,0.00014565889088539633
-0.25,5.7,0.08,6.4406779661016955,1.72,30.245608760729965,0.0,0.00014565889088539633
-0.25,5.7,0.08,6.4406779661016955,1.91,30.245687239837004,0.0,0.00014565889088539633
-0.25,5.7,0.08,6.4406779661016955,2.1,30.245765710272565,0.0,0.00014565889088539633
-0.25,5.7,0.08,6.4406779661016955,2.29,30.24584417319776,0.0,0.00014565889088539633
-0.25,5.7,0.08,6.4406779661016955,2.4800000000000004,30.245922637920017,0.0,0.00014565889088539633
-0.25,5.7,0.08,6.4406779661016955,2.6700000000000004,30.246001104505872,0.0,0.00014565889088539633
-0.25,5.7,0.08,6.4406779661016955,2.8600000000000003,30.246079572944744,0.0,0.00014565889088539633
-0.25,5.7,0.08,6.4406779661016955,3.0500000000000003,30.246158043206734,0.0,0.00014565889088539633
-0.25,5.7,0.08,6.4406779661016955,3.24,30.246236515321748,0.0,0.00014565889088539633
-0.25,5.7,0.08,6.4406779661016955,3.43,30.246314989308843,0.0,0.00014565889088539633
-0.25,5.7,0.08,6.4406779661016955,3.62,30.246393465132073,0.0,0.00014565889088539633
-0.25,5.7,0.08,6.4406779661016955,3.81,30.246471942764977,0.0,0.00014565889088539633
-0.25,5.7,0.08,6.4406779661016955,4.0,30.24655042227532,0.0,0.00014565889088539633
-0.25,5.7,0.08,6.711864406779661,0.2,-0.21506689035745552,0.0,1.944616747494886e-07
-0.25,5.7,0.08,6.711864406779661,0.39,-0.21504736030247074,0.0,1.944616747494886e-07
-0.25,5.7,0.08,6.711864406779661,0.5800000000000001,-0.21502782975811385,0.0,1.944616747494886e-07
-0.25,5.7,0.08,6.711864406779661,0.77,-0.2150082997991163,0.0,1.944616747494886e-07
-0.25,5.7,0.08,6.711864406779661,0.96,-0.21498876991786986,0.0,1.944616747494886e-07
-0.25,5.7,0.08,6.711864406779661,1.15,-0.21496924125160888,0.0,1.944616747494886e-07
-0.25,5.7,0.08,6.711864406779661,1.34,-0.2149497127326221,0.0,1.944616747494886e-07
-0.25,5.7,0.08,6.711864406779661,1.53,-0.21493018403095832,0.0,1.944616747494886e-07
-0.25,5.7,0.08,6.711864406779661,1.72,-0.2149106550837736,0.0,1.944616747494886e-07
-0.25,5.7,0.08,6.711864406779661,1.91,-0.2148911258333115,0.0,1.944616747494886e-07
-0.25,5.7,0.08,6.711864406779661,2.1,-0.21487159856048876,0.0,1.944616747494886e-07
-0.25,5.7,0.08,6.711864406779661,2.29,-0.2148520730258774,0.0,1.944616747494886e-07
-0.25,5.7,0.08,6.711864406779661,2.4800000000000004,-0.21483254719030143,0.0,1.944616747494886e-07
-0.25,5.7,0.08,6.711864406779661,2.6700000000000004,-0.2148130211527608,0.0,1.944616747494886e-07
-0.25,5.7,0.08,6.711864406779661,2.8600000000000003,-0.21479349485131038,0.0,1.944616747494886e-07
-0.25,5.7,0.08,6.711864406779661,3.0500000000000003,-0.2147739683180312,0.0,1.944616747494886e-07
-0.25,5.7,0.08,6.711864406779661,3.24,-0.21475444151986167,0.0,1.944616747494886e-07
-0.25,5.7,0.08,6.711864406779661,3.43,-0.2147349144493056,0.0,1.944616747494886e-07
-0.25,5.7,0.08,6.711864406779661,3.62,-0.21471538712178173,0.0,1.944616747494886e-07
-0.25,5.7,0.08,6.711864406779661,3.81,-0.21469585958978854,0.0,1.944616747494886e-07
-0.25,5.7,0.08,6.711864406779661,4.0,-0.21467633176576584,0.0,1.944616747494886e-07
-0.25,5.7,0.12,5.627118644067797,0.2,14.039587502561915,0.0,0.7826766098961085
-0.25,5.7,0.12,5.627118644067797,0.39,14.04045202909672,0.0,0.7826766098961085
-0.25,5.7,0.12,5.627118644067797,0.5800000000000001,14.041316860118286,0.0,0.7826766098961085
-0.25,5.7,0.12,5.627118644067797,0.77,14.042181397167084,0.0,0.7826766098961085
-0.25,5.7,0.12,5.627118644067797,0.96,14.043046168313602,0.0,0.7826766098961085
-0.25,5.7,0.12,5.627118644067797,1.15,14.043910319779172,0.0,0.7826766098961085
-0.25,5.7,0.12,5.627118644067797,1.34,14.044774529190057,0.0,0.7826766098961085
-0.25,5.7,0.12,5.627118644067797,1.53,14.045639043054976,0.0,0.7826766098961085
-0.25,5.7,0.12,5.627118644067797,1.72,14.046503861464686,0.0,0.7826766098961085
-0.25,5.7,0.12,5.627118644067797,1.91,14.047368984476051,0.0,0.7826766098961085
-0.25,5.7,0.12,5.627118644067797,2.1,14.048233091629825,0.0,0.7826766098961085
-0.25,5.7,0.12,5.627118644067797,2.29,14.04909631462673,0.0,0.7826766098961085
-0.25,5.7,0.12,5.627118644067797,2.4800000000000004,14.049959841892104,0.0,0.7826766098961085
-0.25,5.7,0.12,5.627118644067797,2.6700000000000004,14.050823673505299,0.0,0.7826766098961085
-0.25,5.7,0.12,5.627118644067797,2.8600000000000003,14.051687809537022,0.0,0.7826766098961085
-0.25,5.7,0.12,5.627118644067797,3.0500000000000003,14.052552250059705,0.0,0.7826766098961085
-0.25,5.7,0.12,5.627118644067797,3.24,14.053416995141369,0.0,0.7826766098961085
-0.25,5.7,0.12,5.627118644067797,3.43,14.054282044859264,0.0,0.7826766098961085
-0.25,5.7,0.12,5.627118644067797,3.62,14.055147399286497,0.0,0.7826766098961085
-0.25,5.7,0.12,5.627118644067797,3.81,14.05601305849352,0.0,0.7826766098961085
-0.25,5.7,0.12,5.627118644067797,4.0,14.056879022553318,0.0,0.7826766098961085
-0.25,5.7,0.12,5.898305084745763,0.2,-11.141628733010933,0.0,0.502667385227025
-0.25,5.7,0.12,5.898305084745763,0.39,-11.140072313809064,0.0,0.502667385227025
-0.25,5.7,0.12,5.898305084745763,0.5800000000000001,-11.138515587223715,0.0,0.502667385227025
-0.25,5.7,0.12,5.898305084745763,0.77,-11.13695911157194,0.0,0.502667385227025
-0.25,5.7,0.12,5.898305084745763,0.96,-11.13540239432865,0.0,0.502667385227025
-0.25,5.7,0.12,5.898305084745763,1.15,-11.13384623181048,0.0,0.502667385227025
-0.25,5.7,0.12,5.898305084745763,1.34,-11.132289992025804,0.0,0.502667385227025
-0.25,5.7,0.12,5.898305084745763,1.53,-11.130733445019985,0.0,0.502667385227025
-0.25,5.7,0.12,5.898305084745763,1.72,-11.129176590737742,0.0,0.502667385227025
-0.25,5.7,0.12,5.898305084745763,1.91,-11.127619429131705,0.0,0.502667385227025
-0.25,5.7,0.12,5.898305084745763,2.1,-11.126063191845851,0.0,0.502667385227025
-0.25,5.7,0.12,5.898305084745763,2.29,-11.124507755992212,0.0,0.502667385227025
-0.25,5.7,0.12,5.898305084745763,2.4800000000000004,-11.122952013144896,0.0,0.502667385227025
-0.25,5.7,0.12,5.898305084745763,2.6700000000000004,-11.121395963246862,0.0,0.502667385227025
-0.25,5.7,0.12,5.898305084745763,2.8600000000000003,-11.119839606265188,0.0,0.502667385227025
-0.25,5.7,0.12,5.898305084745763,3.0500000000000003,-11.118282942130456,0.0,0.502667385227025
-0.25,5.7,0.12,5.898305084745763,3.24,-11.116725970818827,0.0,0.502667385227025
-0.25,5.7,0.12,5.898305084745763,3.43,-11.115168692266266,0.0,0.502667385227025
-0.25,5.7,0.12,5.898305084745763,3.62,-11.113611106436238,0.0,0.502667385227025
-0.25,5.7,0.12,5.898305084745763,3.81,-11.112053213276909,0.0,0.502667385227025
-0.25,5.7,0.12,5.898305084745763,4.0,-11.11049501272781,0.0,0.502667385227025
-0.25,5.7,0.12,6.169491525423729,0.2,-0.6727045976321762,0.0,0.0181176542168866
-0.25,5.7,0.12,6.169491525423729,0.39,-0.6706799640520273,0.0,0.0181176542168866
-0.25,5.7,0.12,6.169491525423729,0.5800000000000001,-0.6686551377130883,0.0,0.0181176542168866
-0.25,5.7,0.12,6.169491525423729,0.77,-0.6666305765244829,0.0,0.0181176542168866
-0.25,5.7,0.12,6.169491525423729,0.96,-0.6646058765294072,0.0,0.0181176542168866
-0.25,5.7,0.12,6.169491525423729,1.15,-0.6625816910116953,0.0,0.0181176542168866
-0.25,5.7,0.12,6.169491525423729,1.34,-0.6605575014441882,0.0,0.0181176542168866
-0.25,5.7,0.12,6.169491525423729,1.53,-0.6585331191620156,0.0,0.0181176542168866
-0.25,5.7,0.12,6.169491525423729,1.72,-0.6565085442069716,0.0,0.0181176542168866
-0.25,5.7,0.12,6.169491525423729,1.91,-0.6544837765400047,0.0,0.0181176542168866
-0.25,5.7,0.12,6.169491525423729,2.1,-0.6524598263805501,0.0,0.0181176542168866
-0.25,5.7,0.12,6.169491525423729,2.29,-0.6504365929585845,0.0,0.0181176542168866
-0.25,5.7,0.12,6.169491525423729,2.4800000000000004,-0.6484131669992763,0.0,0.0181176542168866
-0.25,5.7,0.12,6.169491525423729,2.6700000000000004,-0.6463895485354811,0.0,0.0181176542168866
-0.25,5.7,0.12,6.169491525423729,2.8600000000000003,-0.6443657375161962,0.0,0.0181176542168866
-0.25,5.7,0.12,6.169491525423729,3.0500000000000003,-0.642341733916652,0.0,0.0181176542168866
-0.25,5.7,0.12,6.169491525423729,3.24,-0.6403175377214723,0.0,0.0181176542168866
-0.25,5.7,0.12,6.169491525423729,3.43,-0.6382931489075361,0.0,0.0181176542168866
-0.25,5.7,0.12,6.169491525423729,3.62,-0.6362685674593394,0.0,0.0181176542168866
-0.25,5.7,0.12,6.169491525423729,3.81,-0.6342437933273004,0.0,0.0181176542168866
-0.25,5.7,0.12,6.169491525423729,4.0,-0.6322188265305613,0.0,0.0181176542168866
-0.25,5.7,0.12,6.4406779661016955,0.2,30.244981038963815,0.0,0.00014567246684967804
-0.25,5.7,0.12,6.4406779661016955,0.39,30.24505951783651,0.0,0.00014567246684967804
-0.25,5.7,0.12,6.4406779661016955,0.5800000000000001,30.245137998590735,0.0,0.00014567246684967804
-0.25,5.7,0.12,6.4406779661016955,0.77,30.24521647649754,0.0,0.00014567246684967804
-0.25,5.7,0.12,6.4406779661016955,0.96,30.245294955591653,0.0,0.00014567246684967804
-0.25,5.7,0.12,6.4406779661016955,1.15,30.2453734292762,0.0,0.00014567246684967804
-0.25,5.7,0.12,6.4406779661016955,1.34,30.245451902915946,0.0,0.00014567246684967804
-0.25,5.7,0.12,6.4406779661016955,1.53,30.245530378235458,0.0,0.00014567246684967804
-0.25,5.7,0.12,6.4406779661016955,1.72,30.245608855472454,0.0,0.00014567246684967804
-0.25,5.7,0.12,6.4406779661016955,1.91,30.24568733457975,0.0,0.00014567246684967804
-0.25,5.7,0.12,6.4406779661016955,2.1,30.245765805015566,0.0,0.00014567246684967804
-0.25,5.7,0.12,6.4406779661016955,2.29,30.245844267941003,0.0,0.00014567246684967804
-0.25,5.7,0.12,6.4406779661016955,2.4800000000000004,30.245922732663487,0.0,0.00014567246684967804
-0.25,5.7,0.12,6.4406779661016955,2.6700000000000004,30.246001199249626,0.0,0.00014567246684967804
-0.25,5.7,0.12,6.4406779661016955,2.8600000000000003,30.24607966768874,0.0,0.00014567246684967804
-0.25,5.7,0.12,6.4406779661016955,3.0500000000000003,30.246158137950957,0.0,0.00014567246684967804
-0.25,5.7,0.12,6.4406779661016955,3.24,30.246236610066227,0.0,0.00014567246684967804
-0.25,5.7,0.12,6.4406779661016955,3.43,30.246315084053563,0.0,0.00014567246684967804
-0.25,5.7,0.12,6.4406779661016955,3.62,30.246393559877035,0.0,0.00014567246684967804
-0.25,5.7,0.12,6.4406779661016955,3.81,30.24647203751018,0.0,0.00014567246684967804
-0.25,5.7,0.12,6.4406779661016955,4.0,30.24655051702078,0.0,0.00014567246684967804
-0.25,5.7,0.12,6.711864406779661,0.2,-0.21506689035745552,0.0,1.9446167601251804e-07
-0.25,5.7,0.12,6.711864406779661,0.39,-0.21504736030247074,0.0,1.9446167601251804e-07
-0.25,5.7,0.12,6.711864406779661,0.5800000000000001,-0.21502782975811385,0.0,1.9446167601251804e-07
-0.25,5.7,0.12,6.711864406779661,0.77,-0.2150082997991163,0.0,1.9446167601251804e-07
-0.25,5.7,0.12,6.711864406779661,0.96,-0.21498876991786986,0.0,1.9446167601251804e-07
-0.25,5.7,0.12,6.711864406779661,1.15,-0.21496924125160888,0.0,1.9446167601251804e-07
-0.25,5.7,0.12,6.711864406779661,1.34,-0.2149497127326221,0.0,1.9446167601251804e-07
-0.25,5.7,0.12,6.711864406779661,1.53,-0.21493018403095832,0.0,1.9446167601251804e-07
-0.25,5.7,0.12,6.711864406779661,1.72,-0.2149106550837736,0.0,1.9446167601251804e-07
-0.25,5.7,0.12,6.711864406779661,1.91,-0.2148911258333115,0.0,1.9446167601251804e-07
-0.25,5.7,0.12,6.711864406779661,2.1,-0.21487159856048876,0.0,1.9446167601251804e-07
-0.25,5.7,0.12,6.711864406779661,2.29,-0.2148520730258774,0.0,1.9446167601251804e-07
-0.25,5.7,0.12,6.711864406779661,2.4800000000000004,-0.21483254719030143,0.0,1.9446167601251804e-07
-0.25,5.7,0.12,6.711864406779661,2.6700000000000004,-0.2148130211527608,0.0,1.9446167601251804e-07
-0.25,5.7,0.12,6.711864406779661,2.8600000000000003,-0.21479349485131038,0.0,1.9446167601251804e-07
-0.25,5.7,0.12,6.711864406779661,3.0500000000000003,-0.2147739683180312,0.0,1.9446167601251804e-07
-0.25,5.7,0.12,6.711864406779661,3.24,-0.21475444151986167,0.0,1.9446167601251804e-07
-0.25,5.7,0.12,6.711864406779661,3.43,-0.2147349144493056,0.0,1.9446167601251804e-07
-0.25,5.7,0.12,6.711864406779661,3.62,-0.21471538712178173,0.0,1.9446167601251804e-07
-0.25,5.7,0.12,6.711864406779661,3.81,-0.21469585958978854,0.0,1.9446167601251804e-07
-0.25,5.7,0.12,6.711864406779661,4.0,-0.21467633176576584,0.0,1.9446167601251804e-07
-0.25,5.7,0.16,5.627118644067797,0.2,14.041496019098766,0.0,0.8215995220638732
-0.25,5.7,0.16,5.627118644067797,0.39,14.042360643856718,0.0,0.8215995220638732
-0.25,5.7,0.16,5.627118644067797,0.5800000000000001,14.04322557311032,0.0,0.8215995220638732
-0.25,5.7,0.16,5.627118644067797,0.77,14.04409020838046,0.0,0.8215995220638732
-0.25,5.7,0.16,5.627118644067797,0.96,14.0449550777549,0.0,0.8215995220638732
-0.25,5.7,0.16,5.627118644067797,1.15,14.045819327427019,0.0,0.8215995220638732
-0.25,5.7,0.16,5.627118644067797,1.34,14.046683635045284,0.0,0.8215995220638732
-0.25,5.7,0.16,5.627118644067797,1.53,14.047548247126443,0.0,0.8215995220638732
-0.25,5.7,0.16,5.627118644067797,1.72,14.048413163761303,0.0,0.8215995220638732
-0.25,5.7,0.16,5.627118644067797,1.91,14.049278385006666,0.0,0.8215995220638732
-0.25,5.7,0.16,5.627118644067797,2.1,14.050142590360146,0.0,0.8215995220638732
-0.25,5.7,0.16,5.627118644067797,2.29,14.051005911526737,0.0,0.8215995220638732
-0.25,5.7,0.16,5.627118644067797,2.4800000000000004,14.05186953697067,0.0,0.8215995220638732
-0.25,5.7,0.16,5.627118644067797,2.6700000000000004,14.052733466771294,0.0,0.8215995220638732
-0.25,5.7,0.16,5.627118644067797,2.8600000000000003,14.053597700999319,0.0,0.8215995220638732
-0.25,5.7,0.16,5.627118644067797,3.0500000000000003,14.05446223972718,0.0,0.8215995220638732
-0.25,5.7,0.16,5.627118644067797,3.24,14.055327083022895,0.0,0.8215995220638732
-0.25,5.7,0.16,5.627118644067797,3.43,14.056192230963724,0.0,0.8215995220638732
-0.25,5.7,0.16,5.627118644067797,3.62,14.057057683622794,0.0,0.8215995220638732
-0.25,5.7,0.16,5.627118644067797,3.81,14.057923441070514,0.0,0.8215995220638732
-0.25,5.7,0.16,5.627118644067797,4.0,14.058789503379899,0.0,0.8215995220638732
-0.25,5.7,0.16,5.898305084745763,0.2,-10.899300112907007,0.0,0.5657866068956439
-0.25,5.7,0.16,5.898305084745763,0.39,-10.897732304089203,0.0,0.5657866068956439
-0.25,5.7,0.16,5.898305084745763,0.5800000000000001,-10.896164186760245,0.0,0.5657866068956439
-0.25,5.7,0.16,5.898305084745763,0.77,-10.89459632141353,0.0,0.5657866068956439
-0.25,5.7,0.16,5.898305084745763,0.96,-10.8930282136036,0.0,0.5657866068956439
-0.25,5.7,0.16,5.898305084745763,1.15,-10.89146066275243,0.0,0.5657866068956439
-0.25,5.7,0.16,5.898305084745763,1.34,-10.889893034403777,0.0,0.5657866068956439
-0.25,5.7,0.16,5.898305084745763,1.53,-10.88832509770657,0.0,0.5657866068956439
-0.25,5.7,0.16,5.898305084745763,1.72,-10.886756852605266,0.0,0.5657866068956439
-0.25,5.7,0.16,5.898305084745763,1.91,-10.885188299052423,0.0,0.5657866068956439
-0.25,5.7,0.16,5.898305084745763,2.1,-10.883620673494207,0.0,0.5657866068956439
-0.25,5.7,0.16,5.898305084745763,2.29,-10.8820538525637,0.0,0.5657866068956439
-0.25,5.7,0.16,5.898305084745763,2.4800000000000004,-10.880486723512966,0.0,0.5657866068956439
-0.25,5.7,0.16,5.898305084745763,2.6700000000000004,-10.878919286284798,0.0,0.5657866068956439
-0.25,5.7,0.16,5.898305084745763,2.8600000000000003,-10.87735154084605,0.0,0.5657866068956439
-0.25,5.7,0.16,5.898305084745763,3.0500000000000003,-10.875783487127187,0.0,0.5657866068956439
-0.25,5.7,0.16,5.898305084745763,3.24,-10.87421512510413,0.0,0.5657866068956439
-0.25,5.7,0.16,5.898305084745763,3.43,-10.872646454712758,0.0,0.5657866068956439
-0.25,5.7,0.16,5.898305084745763,3.62,-10.871077475916238,0.0,0.5657866068956439
-0.25,5.7,0.16,5.898305084745763,3.81,-10.869508188662643,0.0,0.5657866068956439
-0.25,5.7,0.16,5.898305084745763,4.0,-10.867938592891306,0.0,0.5657866068956439
-0.25,5.7,0.16,6.169491525423729,0.2,-0.5712379435066737,0.0,0.03367960121092346
-0.25,5.7,0.16,6.169491525423729,0.39,-0.569209756615848,0.0,0.03367960121092346
-0.25,5.7,0.16,6.169491525423729,0.5800000000000001,-0.5671813767014271,0.0,0.03367960121092346
-0.25,5.7,0.16,6.169491525423729,0.77,-0.5651532623164854,0.0,0.03367960121092346
-0.25,5.7,0.16,6.169491525423729,0.96,-0.5631250089359554,0.0,0.03367960121092346
-0.25,5.7,0.16,6.169491525423729,1.15,-0.5610972707622324,0.0,0.03367960121092346
-0.25,5.7,0.16,6.169491525423729,1.34,-0.5590695285391405,0.0,0.03367960121092346
-0.25,5.7,0.16,6.169491525423729,1.53,-0.5570415933367059,0.0,0.03367960121092346
-0.25,5.7,0.16,6.169491525423729,1.72,-0.5550134651966516,0.0,0.03367960121092346
-0.25,5.7,0.16,6.169491525423729,1.91,-0.5529851440799689,0.0,0.03367960121092346
-0.25,5.7,0.16,6.169491525423729,2.1,-0.5509576416261837,0.0,0.03367960121092346
-0.25,5.7,0.16,6.169491525423729,2.29,-0.5489308569234908,0.0,0.03367960121092346
-0.25,5.7,0.16,6.169491525423729,2.4800000000000004,-0.5469038794190055,0.0,0.03367960121092346
-0.25,5.7,0.16,6.169491525423729,2.6700000000000004,-0.5448767091456261,0.0,0.03367960121092346
-0.25,5.7,0.16,6.169491525423729,2.8600000000000003,-0.5428493460522361,0.0,0.03367960121092346
-0.25,5.7,0.16,6.169491525423729,3.0500000000000003,-0.5408217901140517,0.0,0.03367960121092346
-0.25,5.7,0.16,6.169491525423729,3.24,-0.5387940413156969,0.0,0.03367960121092346
-0.25,5.7,0.16,6.169491525423729,3.43,-0.536766099634022,0.0,0.03367960121092346
-0.25,5.7,0.16,6.169491525423729,3.62,-0.5347379650534378,0.0,0.03367960121092346
-0.25,5.7,0.16,6.169491525423729,3.81,-0.5327096375243769,0.0,0.03367960121092346
-0.25,5.7,0.16,6.169491525423729,4.0,-0.5306811170659245,0.0,0.03367960121092346
-0.25,5.7,0.16,6.4406779661016955,0.2,30.245276699773157,0.0,0.00018803943466733628
-0.25,5.7,0.16,6.4406779661016955,0.39,30.245355179414545,0.0,0.00018803943466733628
-0.25,5.7,0.16,6.4406779661016955,0.5800000000000001,30.24543366093748,0.0,0.00018803943466733628
-0.25,5.7,0.16,6.4406779661016955,0.77,30.24551213961299,0.0,0.00018803943466733628
-0.25,5.7,0.16,6.4406779661016955,0.96,30.245590619475784,0.0,0.00018803943466733628
-0.25,5.7,0.16,6.4406779661016955,1.15,30.24566909392898,0.0,0.00018803943466733628
-0.25,5.7,0.16,6.4406779661016955,1.34,30.24574756833742,0.0,0.00018803943466733628
-0.25,5.7,0.16,6.4406779661016955,1.53,30.245826044425613,0.0,0.00018803943466733628
-0.25,5.7,0.16,6.4406779661016955,1.72,30.24590452243129,0.0,0.00018803943466733628
-0.25,5.7,0.16,6.4406779661016955,1.91,30.245983002307277,0.0,0.00018803943466733628
-0.25,5.7,0.16,6.4406779661016955,2.1,30.246061473511745,0.0,0.00018803943466733628
-0.25,5.7,0.16,6.4406779661016955,2.29,30.24613993720576,0.0,0.00018803943466733628
-0.25,5.7,0.16,6.4406779661016955,2.4800000000000004,30.246218402696897,0.0,0.00018803943466733628
-0.25,5.7,0.16,6.4406779661016955,2.6700000000000004,30.24629687005166,0.0,0.00018803943466733628
-0.25,5.7,0.16,6.4406779661016955,2.8600000000000003,30.246375339259423,0.0,0.00018803943466733628
-0.25,5.7,0.16,6.4406779661016955,3.0500000000000003,30.246453810290262,0.0,0.00018803943466733628
-0.25,5.7,0.16,6.4406779661016955,3.24,30.246532283174183,0.0,0.00018803943466733628
-0.25,5.7,0.16,6.4406779661016955,3.43,30.24661075793017,0.0,0.00018803943466733628
-0.25,5.7,0.16,6.4406779661016955,3.62,30.24668923452228,0.0,0.00018803943466733628
-0.25,5.7,0.16,6.4406779661016955,3.81,30.24676771292409,0.0,0.00018803943466733628
-0.25,5.7,0.16,6.4406779661016955,4.0,30.246846193203368,0.0,0.00018803943466733628
-0.25,5.7,0.16,6.711864406779661,0.2,-0.21506687992598827,0.0,1.9984816937976959e-07
-0.25,5.7,0.16,6.711864406779661,0.39,-0.21504734987097507,0.0,1.9984816937976959e-07
-0.25,5.7,0.16,6.711864406779661,0.5800000000000001,-0.21502781932659687,0.0,1.9984816937976959e-07
-0.25,5.7,0.16,6.711864406779661,0.77,-0.21500828936758865,0.0,1.9984816937976959e-07
-0.25,5.7,0.16,6.711864406779661,0.96,-0.21498875948632445,0.0,1.9984816937976959e-07
-0.25,5.7,0.16,6.711864406779661,1.15,-0.2149692308200386,0.0,1.9984816937976959e-07
-0.25,5.7,0.16,6.711864406779661,1.34,-0.21494970230103405,0.0,1.9984816937976959e-07
-0.25,5.7,0.16,6.711864406779661,1.53,-0.21493017359935251,0.0,1.9984816937976959e-07
-0.25,5.7,0.16,6.711864406779661,1.72,-0.21491064465214293,0.0,1.9984816937976959e-07
-0.25,5.7,0.16,6.711864406779661,1.91,-0.21489111540166306,0.0,1.9984816937976959e-07
-0.25,5.7,0.16,6.711864406779661,2.1,-0.214871588128819,0.0,1.9984816937976959e-07
-0.25,5.7,0.16,6.711864406779661,2.29,-0.21485206259418632,0.0,1.9984816937976959e-07
-0.25,5.7,0.16,6.711864406779661,2.4800000000000004,-0.2148325367585926,0.0,1.9984816937976959e-07
-0.25,5.7,0.16,6.711864406779661,2.6700000000000004,-0.21481301072103065,0.0,1.9984816937976959e-07
-0.25,5.7,0.16,6.711864406779661,2.8600000000000003,-0.21479348441956247,0.0,1.9984816937976959e-07
-0.25,5.7,0.16,6.711864406779661,3.0500000000000003,-0.21477395788626907,0.0,1.9984816937976959e-07
-0.25,5.7,0.16,6.711864406779661,3.24,-0.21475443108807113,0.0,1.9984816937976959e-07
-0.25,5.7,0.16,6.711864406779661,3.43,-0.21473490401749729,0.0,1.9984816937976959e-07
-0.25,5.7,0.16,6.711864406779661,3.62,-0.21471537668995566,0.0,1.9984816937976959e-07
-0.25,5.7,0.16,6.711864406779661,3.81,-0.2146958491579376,0.0,1.9984816937976959e-07
-0.25,5.7,0.16,6.711864406779661,4.0,-0.21467632133389714,0.0,1.9984816937976959e-07
-0.25,5.76,0.08,5.627118644067797,0.2,14.041345062239479,0.0,0.8185209047465354
-0.25,5.76,0.08,5.627118644067797,0.39,14.042209679228321,0.0,0.8185209047465354
-0.25,5.76,0.08,5.627118644067797,0.5800000000000001,14.04307460071211,0.0,0.8185209047465354
-0.25,5.76,0.08,5.627118644067797,0.77,14.043939228213297,0.0,0.8185209047465354
-0.25,5.76,0.08,5.627118644067797,0.96,14.044804089818257,0.0,0.8185209047465354
-0.25,5.76,0.08,5.627118644067797,1.15,14.045668331722602,0.0,0.8185209047465354
-0.25,5.76,0.08,5.627118644067797,1.34,14.046532631573001,0.0,0.8185209047465354
-0.25,5.76,0.08,5.627118644067797,1.53,14.047397235885619,0.0,0.8185209047465354
-0.25,5.76,0.08,5.627118644067797,1.72,14.048262144751192,0.0,0.8185209047465354
-0.25,5.76,0.08,5.627118644067797,1.91,14.04912735822662,0.0,0.8185209047465354
-0.25,5.76,0.08,5.627118644067797,2.1,14.049991555812852,0.0,0.8185209047465354
-0.25,5.76,0.08,5.627118644067797,2.29,14.050854869214554,0.0,0.8185209047465354
-0.25,5.76,0.08,5.627118644067797,2.4800000000000004,14.051718486892923,0.0,0.8185209047465354
-0.25,5.76,0.08,5.627118644067797,2.6700000000000004,14.052582408927265,0.0,0.8185209047465354
-0.25,5.76,0.08,5.627118644067797,2.8600000000000003,14.053446635388319,0.0,0.8185209047465354
-0.25,5.76,0.08,5.627118644067797,3.0500000000000003,14.05431116634849,0.0,0.8185209047465354
-0.25,5.76,0.08,5.627118644067797,3.24,14.055176001875843,0.0,0.8185209047465354
-0.25,5.76,0.08,5.627118644067797,3.43,14.056041142047583,0.0,0.8185209047465354
-0.25,5.76,0.08,5.627118644067797,3.62,14.056906586936861,0.0,0.8185209047465354
-0.25,5.76,0.08,5.627118644067797,3.81,14.0577723366141,0.0,0.8185209047465354
-0.25,5.76,0.08,5.627118644067797,4.0,14.058638391152286,0.0,0.8185209047465354
-0.25,5.76,0.08,5.898305084745763,0.2,-11.195179403161312,0.0,0.4886858668015631
-0.25,5.76,0.08,5.898305084745763,0.39,-11.193625500878674,0.0,0.4886858668015631
-0.25,5.76,0.08,5.898305084745763,0.5800000000000001,-11.192071291461765,0.0,0.4886858668015631
-0.25,5.76,0.08,5.898305084745763,0.77,-11.190517332746687,0.0,0.4886858668015631
-0.25,5.76,0.08,5.898305084745763,0.96,-11.188963132632743,0.0,0.4886858668015631
-0.25,5.76,0.08,5.898305084745763,1.15,-11.187409486750305,0.0,0.4886858668015631
-0.25,5.76,0.08,5.898305084745763,1.34,-11.185855763652384,0.0,0.4886858668015631
-0.25,5.76,0.08,5.898305084745763,1.53,-11.184301733582487,0.0,0.4886858668015631
-0.25,5.76,0.08,5.898305084745763,1.72,-11.18274739648534,0.0,0.4886858668015631
-0.25,5.76,0.08,5.898305084745763,1.91,-11.181192752313649,0.0,0.4886858668015631
-0.25,5.76,0.08,5.898305084745763,2.1,-11.179639031650119,0.0,0.4886858668015631
-0.25,5.76,0.08,5.898305084745763,2.29,-11.178086111712659,0.0,0.4886858668015631
-0.25,5.76,0.08,5.898305084745763,2.4800000000000004,-11.176532885030483,0.0,0.4886858668015631
-0.25,5.76,0.08,5.898305084745763,2.6700000000000004,-11.174979351546561,0.0,0.4886858668015631
-0.25,5.76,0.08,5.898305084745763,2.8600000000000003,-11.173425511228018,0.0,0.4886858668015631
-0.25,5.76,0.08,5.898305084745763,3.0500000000000003,-11.171871364005504,0.0,0.4886858668015631
-0.25,5.76,0.08,5.898305084745763,3.24,-11.17031690985521,0.0,0.4886858668015631
-0.25,5.76,0.08,5.898305084745763,3.43,-11.1687621487131,0.0,0.4886858668015631
-0.25,5.76,0.08,5.898305084745763,3.62,-11.167207080542724,0.0,0.4886858668015631
-0.25,5.76,0.08,5.898305084745763,3.81,-11.16565170529229,0.0,0.4886858668015631
-0.25,5.76,0.08,5.898305084745763,4.0,-11.164096022901312,0.0,0.4886858668015631
-0.25,5.76,0.08,6.169491525423729,0.2,-0.6776604890659286,0.0,0.01735700864542051
-0.25,5.76,0.08,6.169491525423729,0.39,-0.6756360290386141,0.0,0.01735700864542051
-0.25,5.76,0.08,6.169491525423729,0.5800000000000001,-0.6736113762654128,0.0,0.01735700864542051
-0.25,5.76,0.08,6.169491525423729,0.77,-0.6715869886240142,0.0,0.01735700864542051
-0.25,5.76,0.08,6.169491525423729,0.96,-0.6695624621853682,0.0,0.01735700864542051
-0.25,5.76,0.08,6.169491525423729,1.15,-0.6675384501885162,0.0,0.01735700864542051
-0.25,5.76,0.08,6.169491525423729,1.34,-0.6655144341418122,0.0,0.01735700864542051
-0.25,5.76,0.08,6.169491525423729,1.53,-0.6634902253933603,0.0,0.01735700864542051
-0.25,5.76,0.08,6.169491525423729,1.72,-0.6614658239849689,0.0,0.01735700864542051
-0.25,5.76,0.08,6.169491525423729,1.91,-0.6594412298776149,0.0,0.01735700864542051
-0.25,5.76,0.08,6.169491525423729,2.1,-0.6574174532212993,0.0,0.01735700864542051
-0.25,5.76,0.08,6.169491525423729,2.29,-0.6553943932529904,0.0,0.01735700864542051
-0.25,5.76,0.08,6.169491525423729,2.4800000000000004,-0.6533711407602425,0.0,0.01735700864542051
-0.25,5.76,0.08,6.169491525423729,2.6700000000000004,-0.6513476957759394,0.0,0.01735700864542051
-0.25,5.76,0.08,6.169491525423729,2.8600000000000003,-0.6493240582490785,0.0,0.01735700864542051
-0.25,5.76,0.08,6.169491525423729,3.0500000000000003,-0.6473002281548332,0.0,0.01735700864542051
-0.25,5.76,0.08,6.169491525423729,3.24,-0.6452762054778987,0.0,0.01735700864542051
-0.25,5.76,0.08,6.169491525423729,3.43,-0.6432519901951537,0.0,0.01735700864542051
-0.25,5.76,0.08,6.169491525423729,3.62,-0.641227582291009,0.0,0.01735700864542051
-0.25,5.76,0.08,6.169491525423729,3.81,-0.6392029817160108,0.0,0.01735700864542051
-0.25,5.76,0.08,6.169491525423729,4.0,-0.6371781884892016,0.0,0.01735700864542051
-0.25,5.76,0.08,6.4406779661016955,0.2,30.244980944223272,0.0,0.00014565889088606336
-0.25,5.76,0.08,6.4406779661016955,0.39,30.245059423095768,0.0,0.00014565889088606336
-0.25,5.76,0.08,6.4406779661016955,0.5800000000000001,30.245137903849724,0.0,0.00014565889088606336
-0.25,5.76,0.08,6.4406779661016955,0.77,30.245216381756286,0.0,0.00014565889088606336
-0.25,5.76,0.08,6.4406779661016955,0.96,30.24529486085016,0.0,0.00014565889088606336
-0.25,5.76,0.08,6.4406779661016955,1.15,30.245373334534406,0.0,0.00014565889088606336
-0.25,5.76,0.08,6.4406779661016955,1.34,30.245451808173954,0.0,0.00014565889088606336
-0.25,5.76,0.08,6.4406779661016955,1.53,30.24553028349321,0.0,0.00014565889088606336
-0.25,5.76,0.08,6.4406779661016955,1.72,30.245608760729965,0.0,0.00014565889088606336
-0.25,5.76,0.08,6.4406779661016955,1.91,30.245687239837004,0.0,0.00014565889088606336
-0.25,5.76,0.08,6.4406779661016955,2.1,30.245765710272565,0.0,0.00014565889088606336
-0.25,5.76,0.08,6.4406779661016955,2.29,30.24584417319776,0.0,0.00014565889088606336
-0.25,5.76,0.08,6.4406779661016955,2.4800000000000004,30.245922637920017,0.0,0.00014565889088606336
-0.25,5.76,0.08,6.4406779661016955,2.6700000000000004,30.246001104505872,0.0,0.00014565889088606336
-0.25,5.76,0.08,6.4406779661016955,2.8600000000000003,30.246079572944744,0.0,0.00014565889088606336
-0.25,5.76,0.08,6.4406779661016955,3.0500000000000003,30.246158043206734,0.0,0.00014565889088606336
-0.25,5.76,0.08,6.4406779661016955,3.24,30.246236515321748,0.0,0.00014565889088606336
-0.25,5.76,0.08,6.4406779661016955,3.43,30.246314989308843,0.0,0.00014565889088606336
-0.25,5.76,0.08,6.4406779661016955,3.62,30.246393465132073,0.0,0.00014565889088606336
-0.25,5.76,0.08,6.4406779661016955,3.81,30.246471942764977,0.0,0.00014565889088606336
-0.25,5.76,0.08,6.4406779661016955,4.0,30.24655042227532,0.0,0.00014565889088606336
-0.25,5.76,0.08,6.711864406779661,0.2,-0.21506689035745552,0.0,1.944616747494886e-07
-0.25,5.76,0.08,6.711864406779661,0.39,-0.21504736030247074,0.0,1.944616747494886e-07
-0.25,5.76,0.08,6.711864406779661,0.5800000000000001,-0.21502782975811385,0.0,1.944616747494886e-07
-0.25,5.76,0.08,6.711864406779661,0.77,-0.2150082997991163,0.0,1.944616747494886e-07
-0.25,5.76,0.08,6.711864406779661,0.96,-0.21498876991786986,0.0,1.944616747494886e-07
-0.25,5.76,0.08,6.711864406779661,1.15,-0.21496924125160888,0.0,1.944616747494886e-07
-0.25,5.76,0.08,6.711864406779661,1.34,-0.2149497127326221,0.0,1.944616747494886e-07
-0.25,5.76,0.08,6.711864406779661,1.53,-0.21493018403095832,0.0,1.944616747494886e-07
-0.25,5.76,0.08,6.711864406779661,1.72,-0.2149106550837736,0.0,1.944616747494886e-07
-0.25,5.76,0.08,6.711864406779661,1.91,-0.2148911258333115,0.0,1.944616747494886e-07
-0.25,5.76,0.08,6.711864406779661,2.1,-0.21487159856048876,0.0,1.944616747494886e-07
-0.25,5.76,0.08,6.711864406779661,2.29,-0.2148520730258774,0.0,1.944616747494886e-07
-0.25,5.76,0.08,6.711864406779661,2.4800000000000004,-0.21483254719030143,0.0,1.944616747494886e-07
-0.25,5.76,0.08,6.711864406779661,2.6700000000000004,-0.2148130211527608,0.0,1.944616747494886e-07
-0.25,5.76,0.08,6.711864406779661,2.8600000000000003,-0.21479349485131038,0.0,1.944616747494886e-07
-0.25,5.76,0.08,6.711864406779661,3.0500000000000003,-0.2147739683180312,0.0,1.944616747494886e-07
-0.25,5.76,0.08,6.711864406779661,3.24,-0.21475444151986167,0.0,1.944616747494886e-07
-0.25,5.76,0.08,6.711864406779661,3.43,-0.2147349144493056,0.0,1.944616747494886e-07
-0.25,5.76,0.08,6.711864406779661,3.62,-0.21471538712178173,0.0,1.944616747494886e-07
-0.25,5.76,0.08,6.711864406779661,3.81,-0.21469585958978854,0.0,1.944616747494886e-07
-0.25,5.76,0.08,6.711864406779661,4.0,-0.21467633176576584,0.0,1.944616747494886e-07
-0.25,5.76,0.12,5.627118644067797,0.2,14.037672453472041,0.0,0.7436191906785036
-0.25,5.76,0.12,5.627118644067797,0.39,14.038536881447477,0.0,0.7436191906785036
-0.25,5.76,0.12,5.627118644067797,0.5800000000000001,14.039401613900772,0.0,0.7436191906785036
-0.25,5.76,0.12,5.627118644067797,0.77,14.040266052392042,0.0,0.7436191906785036
-0.25,5.76,0.12,5.627118644067797,0.96,14.04113072497443,0.0,0.7436191906785036
-0.25,5.76,0.12,5.627118644067797,1.15,14.041994777897294,0.0,0.7436191906785036
-0.25,5.76,0.12,5.627118644067797,1.34,14.042858888764655,0.0,0.7436191906785036
-0.25,5.76,0.12,5.627118644067797,1.53,14.04372330407714,0.0,0.7436191906785036
-0.25,5.76,0.12,5.627118644067797,1.72,14.044588023925506,0.0,0.7436191906785036
-0.25,5.76,0.12,5.627118644067797,1.91,14.045453048366618,0.0,0.7436191906785036
-0.25,5.76,0.12,5.627118644067797,2.1,14.046317056984577,0.0,0.7436191906785036
-0.25,5.76,0.12,5.627118644067797,2.29,14.047180181475767,0.0,0.7436191906785036
-0.25,5.76,0.12,5.627118644067797,2.4800000000000004,14.04804361022655,0.0,0.7436191906785036
-0.25,5.76,0.12,5.627118644067797,2.6700000000000004,14.048907343316216,0.0,0.7436191906785036
-0.25,5.76,0.12,5.627118644067797,2.8600000000000003,14.049771380815535,0.0,0.7436191906785036
-0.25,5.76,0.12,5.627118644067797,3.0500000000000003,14.050635722796898,0.0,0.7436191906785036
-0.25,5.76,0.12,5.627118644067797,3.24,14.05150036932833,0.0,0.7436191906785036
-0.25,5.76,0.12,5.627118644067797,3.43,14.052365320487084,0.0,0.7436191906785036
-0.25,5.76,0.12,5.627118644067797,3.62,14.053230576346266,0.0,0.7436191906785036
-0.25,5.76,0.12,5.627118644067797,3.81,14.054096136976334,0.0,0.7436191906785036
-0.25,5.76,0.12,5.627118644067797,4.0,14.054962002450232,0.0,0.7436191906785036
-0.25,5.76,0.12,5.898305084745763,0.2,-10.870378385845719,0.0,0.5733034541718122
-0.25,5.76,0.12,5.898305084745763,0.39,-10.868809217686398,0.0,0.5733034541718122
-0.25,5.76,0.12,5.898305084745763,0.5800000000000001,-10.867239740881281,0.0,0.5733034541718122
-0.25,5.76,0.12,5.898305084745763,0.77,-10.86567051618357,0.0,0.5733034541718122
-0.25,5.76,0.12,5.898305084745763,0.96,-10.864101048918613,0.0,0.5733034541718122
-0.25,5.76,0.12,5.898305084745763,1.15,-10.862532138879018,0.0,0.5733034541718122
-0.25,5.76,0.12,5.898305084745763,1.34,-10.860963151314351,0.0,0.5733034541718122
-0.25,5.76,0.12,5.898305084745763,1.53,-10.859393855266596,0.0,0.5733034541718122
-0.25,5.76,0.12,5.898305084745763,1.72,-10.857824250680153,0.0,0.5733034541718122
-0.25,5.76,0.12,5.898305084745763,1.91,-10.856254337507536,0.0,0.5733034541718122
-0.25,5.76,0.12,5.898305084745763,2.1,-10.854685352768144,0.0,0.5733034541718122
-0.25,5.76,0.12,5.898305084745763,2.29,-10.853117173037809,0.0,0.5733034541718122
-0.25,5.76,0.12,5.898305084745763,2.4800000000000004,-10.851548685052798,0.0,0.5733034541718122
-0.25,5.76,0.12,5.898305084745763,2.6700000000000004,-10.849979888755875,0.0,0.5733034541718122
-0.25,5.76,0.12,5.898305084745763,2.8600000000000003,-10.848410784113888,0.0,0.5733034541718122
-0.25,5.76,0.12,5.898305084745763,3.0500000000000003,-10.846841371057259,0.0,0.5733034541718122
-0.25,5.76,0.12,5.898305084745763,3.24,-10.845271649561916,0.0,0.5733034541718122
-0.25,5.76,0.12,5.898305084745763,3.43,-10.843701619563682,0.0,0.5733034541718122
-0.25,5.76,0.12,5.898305084745763,3.62,-10.842131281025736,0.0,0.5733034541718122
-0.25,5.76,0.12,5.898305084745763,3.81,-10.840560633896096,0.0,0.5733034541718122
-0.25,5.76,0.12,5.898305084745763,4.0,-10.838989678114075,0.0,0.5733034541718122
-0.25,5.76,0.12,6.169491525423729,0.2,-0.6505524579206678,0.0,0.021516994962772616
-0.25,5.76,0.12,6.169491525423729,0.39,-0.6485270485838726,0.0,0.021516994962772616
-0.25,5.76,0.12,6.169491525423729,0.5800000000000001,-0.6465014464304488,0.0,0.021516994962772616
-0.25,5.76,0.12,6.169491525423729,0.77,-0.6444761095101086,0.0,0.021516994962772616
-0.25,5.76,0.12,6.169491525423729,0.96,-0.6424506337420297,0.0,0.021516994962772616
-0.25,5.76,0.12,6.169491525423729,1.15,-0.6404256726105899,0.0,0.021516994962772616
-0.25,5.76,0.12,6.169491525423729,1.34,-0.638400707429426,0.0,0.021516994962772616
-0.25,5.76,0.12,6.169491525423729,1.53,-0.636375549475801,0.0,0.021516994962772616
-0.25,5.76,0.12,6.169491525423729,1.72,-0.634350198791509,0.0,0.021516994962772616
-0.25,5.76,0.12,6.169491525423729,1.91,-0.632324655337527,0.0,0.021516994962772616
-0.25,5.76,0.12,6.169491525423729,2.1,-0.6302999296432716,0.0,0.021516994962772616
-0.25,5.76,0.12,6.169491525423729,2.29,-0.6282759209077966,0.0,0.021516994962772616
-0.25,5.76,0.12,6.169491525423729,2.4800000000000004,-0.6262517195772546,0.0,0.021516994962772616
-0.25,5.76,0.12,6.169491525423729,2.6700000000000004,-0.6242273256845152,0.0,0.021516994962772616
-0.25,5.76,0.12,6.169491525423729,2.8600000000000003,-0.6222027391785048,0.0,0.021516994962772616
-0.25,5.76,0.12,6.169491525423729,3.0500000000000003,-0.6201779600344963,0.0,0.021516994962772616
-0.25,5.76,0.12,6.169491525423729,3.24,-0.6181529882371137,0.0,0.021516994962772616
-0.25,5.76,0.12,6.169491525423729,3.43,-0.6161278237631933,0.0,0.021516994962772616
-0.25,5.76,0.12,6.169491525423729,3.62,-0.6141024665972168,0.0,0.021516994962772616
-0.25,5.76,0.12,6.169491525423729,3.81,-0.6120769166896736,0.0,0.021516994962772616
-0.25,5.76,0.12,6.169491525423729,4.0,-0.6100511740596062,0.0,0.021516994962772616
-0.25,5.76,0.12,6.4406779661016955,0.2,30.244982626367147,0.0,0.00014589993560200606
-0.25,5.76,0.12,6.4406779661016955,0.39,30.24506110524399,0.0,0.00014589993560200606
-0.25,5.76,0.12,6.4406779661016955,0.5800000000000001,30.24513958600231,0.0,0.00014589993560200606
-0.25,5.76,0.12,6.4406779661016955,0.77,30.245218063913278,0.0,0.00014589993560200606
-0.25,5.76,0.12,6.4406779661016955,0.96,30.245296543011513,0.0,0.00014589993560200606
-0.25,5.76,0.12,6.4406779661016955,1.15,30.245375016700166,0.0,0.00014589993560200606
-0.25,5.76,0.12,6.4406779661016955,1.34,30.24545349034406,0.0,0.00014589993560200606
-0.25,5.76,0.12,6.4406779661016955,1.53,30.24553196566768,0.0,0.00014589993560200606
-0.25,5.76,0.12,6.4406779661016955,1.72,30.24561044290884,0.0,0.00014589993560200606
-0.25,5.76,0.12,6.4406779661016955,1.91,30.245688922020243,0.0,0.00014589993560200606
-0.25,5.76,0.12,6.4406779661016955,2.1,30.245767392460166,0.0,0.00014589993560200606
-0.25,5.76,0.12,6.4406779661016955,2.29,30.245845855389724,0.0,0.00014589993560200606
-0.25,5.76,0.12,6.4406779661016955,2.4800000000000004,30.24592432011636,0.0,0.00014589993560200606
-0.25,5.76,0.12,6.4406779661016955,2.6700000000000004,30.246002786706605,0.0,0.00014589993560200606
-0.25,5.76,0.12,6.4406779661016955,2.8600000000000003,30.24608125514984,0.0,0.00014589993560200606
-0.25,5.76,0.12,6.4406779661016955,3.0500000000000003,30.24615972541619,0.0,0.00014589993560200606
-0.25,5.76,0.12,6.4406779661016955,3.24,30.246238197535597,0.0,0.00014589993560200606
-0.25,5.76,0.12,6.4406779661016955,3.43,30.246316671527055,0.0,0.00014589993560200606
-0.25,5.76,0.12,6.4406779661016955,3.62,30.24639514735466,0.0,0.00014589993560200606
-0.25,5.76,0.12,6.4406779661016955,3.81,30.24647362499193,0.0,0.00014589993560200606
-0.25,5.76,0.12,6.4406779661016955,4.0,30.246552104506662,0.0,0.00014589993560200606
-0.25,5.76,0.12,6.711864406779661,0.2,-0.21506689035737736,0.0,1.9446174580685845e-07
-0.25,5.76,0.12,6.711864406779661,0.39,-0.21504736030239258,0.0,1.9446174580685845e-07
-0.25,5.76,0.12,6.711864406779661,0.5800000000000001,-0.21502782975803925,0.0,1.9446174580685845e-07
-0.25,5.76,0.12,6.711864406779661,0.77,-0.21500829979903457,0.0,1.9446174580685845e-07
-0.25,5.76,0.12,6.711864406779661,0.96,-0.21498876991780236,0.0,1.9446174580685845e-07
-0.25,5.76,0.12,6.711864406779661,1.15,-0.21496924125153072,0.0,1.9446174580685845e-07
-0.25,5.76,0.12,6.711864406779661,1.34,-0.21494971273254748,0.0,1.9446174580685845e-07
-0.25,5.76,0.12,6.711864406779661,1.53,-0.2149301840308837,0.0,1.9446174580685845e-07
-0.25,5.76,0.12,6.711864406779661,1.72,-0.214910655083699,0.0,1.9446174580685845e-07
-0.25,5.76,0.12,6.711864406779661,1.91,-0.21489112583324044,0.0,1.9446174580685845e-07
-0.25,5.76,0.12,6.711864406779661,2.1,-0.2148715985604106,0.0,1.9446174580685845e-07
-0.25,5.76,0.12,6.711864406779661,2.29,-0.21485207302579212,0.0,1.9446174580685845e-07
-0.25,5.76,0.12,6.711864406779661,2.4800000000000004,-0.21483254719022682,0.0,1.9446174580685845e-07
-0.25,5.76,0.12,6.711864406779661,2.6700000000000004,-0.21481302115267553,0.0,1.9446174580685845e-07
-0.25,5.76,0.12,6.711864406779661,2.8600000000000003,-0.21479349485122867,0.0,1.9446174580685845e-07
-0.25,5.76,0.12,6.711864406779661,3.0500000000000003,-0.21477396831796014,0.0,1.9446174580685845e-07
-0.25,5.76,0.12,6.711864406779661,3.24,-0.21475444151978706,0.0,1.9446174580685845e-07
-0.25,5.76,0.12,6.711864406779661,3.43,-0.21473491444923454,0.0,1.9446174580685845e-07
-0.25,5.76,0.12,6.711864406779661,3.62,-0.21471538712170712,0.0,1.9446174580685845e-07
-0.25,5.76,0.12,6.711864406779661,3.81,-0.21469585958971749,0.0,1.9446174580685845e-07
-0.25,5.76,0.12,6.711864406779661,4.0,-0.21467633176568413,0.0,1.9446174580685845e-07
-0.25,5.76,0.16,5.627118644067797,0.2,14.03790592504076,0.0,0.7483809111026306
-0.25,5.76,0.16,5.627118644067797,0.39,14.038770365031986,0.0,0.7483809111026306
-0.25,5.76,0.16,5.627118644067797,0.5800000000000001,14.039635109502129,0.0,0.7483809111026306
-0.25,5.76,0.16,5.627118644067797,0.77,14.040499560008975,0.0,0.7483809111026306
-0.25,5.76,0.16,5.627118644067797,0.96,14.04136424460772,0.0,0.7483809111026306
-0.25,5.76,0.16,5.627118644067797,1.15,14.042228309544328,0.0,0.7483809111026306
-0.25,5.76,0.16,5.627118644067797,1.34,14.043092432425539,0.0,0.7483809111026306
-0.25,5.76,0.16,5.627118644067797,1.53,14.043956859752967,0.0,0.7483809111026306
-0.25,5.76,0.16,5.627118644067797,1.72,14.04482159161735,0.0,0.7483809111026306
-0.25,5.76,0.16,5.627118644067797,1.91,14.04568662807555,0.0,0.7483809111026306
-0.25,5.76,0.16,5.627118644067797,2.1,14.046550648706443,0.0,0.7483809111026306
-0.25,5.76,0.16,5.627118644067797,2.29,14.047413785206864,0.0,0.7483809111026306
-0.25,5.76,0.16,5.627118644067797,2.4800000000000004,14.04827722596798,0.0,0.7483809111026306
-0.25,5.76,0.16,5.627118644067797,2.6700000000000004,14.049140971069058,0.0,0.7483809111026306
-0.25,5.76,0.16,5.627118644067797,2.8600000000000003,14.050005020580862,0.0,0.7483809111026306
-0.25,5.76,0.16,5.627118644067797,3.0500000000000003,14.050869374575804,0.0,0.7483809111026306
-0.25,5.76,0.16,5.627118644067797,3.24,14.05173403312191,0.0,0.7483809111026306
-0.25,5.76,0.16,5.627118644067797,3.43,14.052598996296418,0.0,0.7483809111026306
-0.25,5.76,0.16,5.627118644067797,3.62,14.053464264172447,0.0,0.7483809111026306
-0.25,5.76,0.16,5.627118644067797,3.81,14.054329836820415,0.0,0.7483809111026306
-0.25,5.76,0.16,5.627118644067797,4.0,14.055195714313342,0.0,0.7483809111026306
-0.25,5.76,0.16,5.898305084745763,0.2,-10.867649885601686,0.0,0.5740124201175296
-0.25,5.76,0.16,5.898305084745763,0.39,-10.866080589200912,0.0,0.5740124201175296
-0.25,5.76,0.16,5.898305084745763,0.5800000000000001,-10.864510984141646,0.0,0.5740124201175296
-0.25,5.76,0.16,5.898305084745763,0.77,-10.86294163120165,0.0,0.5740124201175296
-0.25,5.76,0.16,5.898305084745763,0.96,-10.861372035684546,0.0,0.5740124201175296
-0.25,5.76,0.16,5.898305084745763,1.15,-10.859802997417958,0.0,0.5740124201175296
-0.25,5.76,0.16,5.898305084745763,1.34,-10.858233881623697,0.0,0.5740124201175296
-0.25,5.76,0.16,5.898305084745763,1.53,-10.85666445733365,0.0,0.5740124201175296
-0.25,5.76,0.16,5.898305084745763,1.72,-10.85509472449224,0.0,0.5740124201175296
-0.25,5.76,0.16,5.898305084745763,1.91,-10.853524683051951,0.0,0.5740124201175296
-0.25,5.76,0.16,5.898305084745763,2.1,-10.851955570086233,0.0,0.5740124201175296
-0.25,5.76,0.16,5.898305084745763,2.29,-10.850387262165576,0.0,0.5740124201175296
-0.25,5.76,0.16,5.898305084745763,2.4800000000000004,-10.848818645977559,0.0,0.5740124201175296
-0.25,5.76,0.16,5.898305084745763,2.6700000000000004,-10.847249721464955,0.0,0.5740124201175296
-0.25,5.76,0.16,5.898305084745763,2.8600000000000003,-10.845680488594567,0.0,0.5740124201175296
-0.25,5.76,0.16,5.898305084745763,3.0500000000000003,-10.844110947296862,0.0,0.5740124201175296
-0.25,5.76,0.16,5.898305084745763,3.24,-10.842541097547738,0.0,0.5740124201175296
-0.25,5.76,0.16,5.898305084745763,3.43,-10.840970939283032,0.0,0.5740124201175296
-0.25,5.76,0.16,5.898305084745763,3.62,-10.83940047246594,0.0,0.5740124201175296
-0.25,5.76,0.16,5.898305084745763,3.81,-10.837829697044441,0.0,0.5740124201175296
-0.25,5.76,0.16,5.898305084745763,4.0,-10.83625861295787,0.0,0.5740124201175296
-0.25,5.76,0.16,6.169491525423729,0.2,-0.41732746020043976,0.0,0.0572432136271546
-0.25,5.76,0.16,6.169491525423729,0.39,-0.4152938834426436,0.0,0.0572432136271546
-0.25,5.76,0.16,6.169491525423729,0.5800000000000001,-0.41326011325959655,0.0,0.0572432136271546
-0.25,5.76,0.16,6.169491525423729,0.77,-0.4112266091811847,0.0,0.0572432136271546
-0.25,5.76,0.16,6.169491525423729,0.96,-0.40919296582029574,0.0,0.0572432136271546
-0.25,5.76,0.16,6.169491525423729,1.15,-0.40715983877269935,0.0,0.0572432136271546
-0.25,5.76,0.16,6.169491525423729,1.34,-0.40512670767630254,0.0,0.0572432136271546
-0.25,5.76,0.16,6.169491525423729,1.53,-0.4030933831991774,0.0,0.0572432136271546
-0.25,5.76,0.16,6.169491525423729,1.72,-0.4010598653828197,0.0,0.0572432136271546
-0.25,5.76,0.16,6.169491525423729,1.91,-0.3990261541883058,0.0,0.0572432136271546
-0.25,5.76,0.16,6.169491525423729,2.1,-0.3969932634092572,0.0,0.0572432136271546
-0.25,5.76,0.16,6.169491525423729,2.29,-0.39496109191875917,0.0,0.0572432136271546
-0.25,5.76,0.16,6.169491525423729,2.4800000000000004,-0.39292872722542427,0.0,0.0572432136271546
-0.25,5.76,0.16,6.169491525423729,2.6700000000000004,-0.39089616936199434,0.0,0.0572432136271546
-0.25,5.76,0.16,6.169491525423729,2.8600000000000003,-0.38886341827738136,0.0,0.0572432136271546
-0.25,5.76,0.16,6.169491525423729,3.0500000000000003,-0.38683047394673054,0.0,0.0572432136271546
-0.25,5.76,0.16,6.169491525423729,3.24,-0.3847973363546373,0.0,0.0572432136271546
-0.25,5.76,0.16,6.169491525423729,3.43,-0.3827640054778527,0.0,0.0572432136271546
-0.25,5.76,0.16,6.169491525423729,3.62,-0.38073048130075904,0.0,0.0572432136271546
-0.25,5.76,0.16,6.169491525423729,3.81,-0.3786967637738172,0.0,0.0572432136271546
-0.25,5.76,0.16,6.169491525423729,4.0,-0.37666285291595614,0.0,0.0572432136271546
-0.25,5.76,0.16,6.4406779661016955,0.2,30.246418523095926,0.0,0.00035165643360828756
-0.25,5.76,0.16,6.4406779661016955,0.39,30.246497005706033,0.0,0.00035165643360828756
-0.25,5.76,0.16,6.4406779661016955,0.5800000000000001,30.246575490197657,0.0,0.00035165643360828756
-0.25,5.76,0.16,6.4406779661016955,0.77,30.246653971841802,0.0,0.00035165643360828756
-0.25,5.76,0.16,6.4406779661016955,0.96,30.246732454673285,0.0,0.00035165643360828756
-0.25,5.76,0.16,6.4406779661016955,1.15,30.24681093209506,0.0,0.00035165643360828756
-0.25,5.76,0.16,6.4406779661016955,1.34,30.246889409472033,0.0,0.00035165643360828756
-0.25,5.76,0.16,6.4406779661016955,1.53,30.24696788852883,0.0,0.00035165643360828756
-0.25,5.76,0.16,6.4406779661016955,1.72,30.24704636950311,0.0,0.00035165643360828756
-0.25,5.76,0.16,6.4406779661016955,1.91,30.24712485234769,0.0,0.00035165643360828756
-0.25,5.76,0.16,6.4406779661016955,2.1,30.247203326520648,0.0,0.00035165643360828756
-0.25,5.76,0.16,6.4406779661016955,2.29,30.247281793183028,0.0,0.00035165643360828756
-0.25,5.76,0.16,6.4406779661016955,2.4800000000000004,30.24736026164254,0.0,0.00035165643360828756
-0.25,5.76,0.16,6.4406779661016955,2.6700000000000004,30.24743873196568,0.0,0.00035165643360828756
-0.25,5.76,0.16,6.4406779661016955,2.8600000000000003,30.247517204141822,0.0,0.00035165643360828756
-0.25,5.76,0.16,6.4406779661016955,3.0500000000000003,30.24759567814114,0.0,0.00035165643360828756
-0.25,5.76,0.16,6.4406779661016955,3.24,30.247674153993508,0.0,0.00035165643360828756
-0.25,5.76,0.16,6.4406779661016955,3.43,30.247752631717958,0.0,0.00035165643360828756
-0.25,5.76,0.16,6.4406779661016955,3.62,30.247831111278572,0.0,0.00035165643360828756
-0.25,5.76,0.16,6.4406779661016955,3.81,30.24790959264886,0.0,0.00035165643360828756
-0.25,5.76,0.16,6.4406779661016955,4.0,30.247988075896657,0.0,0.00035165643360828756
-0.25,5.76,0.16,6.711864406779661,0.2,-0.2150667923600551,0.0,2.450647459025351e-07
-0.25,5.76,0.16,6.711864406779661,0.39,-0.21504726230488203,0.0,2.450647459025351e-07
-0.25,5.76,0.16,6.711864406779661,0.5800000000000001,-0.2150277317603333,0.0,2.450647459025351e-07
-0.25,5.76,0.16,6.711864406779661,0.77,-0.21500820180115454,0.0,2.450647459025351e-07
-0.25,5.76,0.16,6.711864406779661,0.96,-0.21498867191972693,0.0,2.450647459025351e-07
-0.25,5.76,0.16,6.711864406779661,1.15,-0.21496914325327054,0.0,2.450647459025351e-07
-0.25,5.76,0.16,6.711864406779661,1.34,-0.21494961473410612,0.0,2.450647459025351e-07
-0.25,5.76,0.16,6.711864406779661,1.53,-0.21493008603225405,0.0,2.450647459025351e-07
-0.25,5.76,0.16,6.711864406779661,1.72,-0.2149105570848846,0.0,2.450647459025351e-07
-0.25,5.76,0.16,6.711864406779661,1.91,-0.2148910278342342,0.0,2.450647459025351e-07
-0.25,5.76,0.16,6.711864406779661,2.1,-0.21487150056122672,0.0,2.450647459025351e-07
-0.25,5.76,0.16,6.711864406779661,2.29,-0.21485197502642706,0.0,2.450647459025351e-07
-0.25,5.76,0.16,6.711864406779661,2.4800000000000004,-0.2148324491906628,0.0,2.450647459025351e-07
-0.25,5.76,0.16,6.711864406779661,2.6700000000000004,-0.21481292315293388,0.0,2.450647459025351e-07
-0.25,5.76,0.16,6.711864406779661,2.8600000000000003,-0.21479339685130583,0.0,2.450647459025351e-07
-0.25,5.76,0.16,6.711864406779661,3.0500000000000003,-0.21477387031784545,0.0,2.450647459025351e-07
-0.25,5.76,0.16,6.711864406779661,3.24,-0.21475434351948763,0.0,2.450647459025351e-07
-0.25,5.76,0.16,6.711864406779661,3.43,-0.21473481644874326,0.0,2.450647459025351e-07
-0.25,5.76,0.16,6.711864406779661,3.62,-0.21471528912104176,0.0,2.450647459025351e-07
-0.25,5.76,0.16,6.711864406779661,3.81,-0.21469576158886383,0.0,2.450647459025351e-07
-0.25,5.76,0.16,6.711864406779661,4.0,-0.21467623376464573,0.0,2.450647459025351e-07
-0.25,5.82,0.08,5.627118644067797,0.2,14.047131457911185,0.0,0.936523078403438
-0.25,5.82,0.08,5.627118644067797,0.39,14.047996372700986,0.0,0.936523078403438
-0.25,5.82,0.08,5.627118644067797,0.5800000000000001,14.048861592012642,0.0,0.936523078403438
-0.25,5.82,0.08,5.627118644067797,0.77,14.049726517309274,0.0,0.936523078403438
-0.25,5.82,0.08,5.627118644067797,0.96,14.05059167672961,0.0,0.936523078403438
-0.25,5.82,0.08,5.627118644067797,1.15,14.05145621638458,0.0,0.936523078403438
-0.25,5.82,0.08,5.627118644067797,1.34,14.052320813988082,0.0,0.936523078403438
-0.25,5.82,0.08,5.627118644067797,1.53,14.05318571608072,0.0,0.936523078403438
-0.25,5.82,0.08,5.627118644067797,1.72,14.05405092275327,0.0,0.936523078403438
-0.25,5.82,0.08,5.627118644067797,1.91,14.054916434062555,0.0,0.936523078403438
-0.25,5.82,0.08,5.627118644067797,2.1,14.055780929378614,0.0,0.936523078403438
-0.25,5.82,0.08,5.627118644067797,2.29,14.056644540419171,0.0,0.936523078403438
-0.25,5.82,0.08,5.627118644067797,2.4800000000000004,14.057508455763262,0.0,0.936523078403438
-0.25,5.82,0.08,5.627118644067797,2.6700000000000004,14.058372675490247,0.0,0.936523078403438
-0.25,5.82,0.08,5.627118644067797,2.8600000000000003,14.059237199670825,0.0,0.936523078403438
-0.25,5.82,0.08,5.627118644067797,3.0500000000000003,14.060102028377464,0.0,0.936523078403438
-0.25,5.82,0.08,5.627118644067797,3.24,14.060967161678164,0.0,0.936523078403438
-0.25,5.82,0.08,5.627118644067797,3.43,14.061832599650216,0.0,0.936523078403438
-0.25,5.82,0.08,5.627118644067797,3.62,14.062698342366701,0.0,0.936523078403438
-0.25,5.82,0.08,5.627118644067797,3.81,14.06356438989809,0.0,0.936523078403438
-0.25,5.82,0.08,5.627118644067797,4.0,14.064430742317384,0.0,0.936523078403438
-0.25,5.82,0.08,5.898305084745763,0.2,-10.849679795598,0.0,0.5786809445247175
-0.25,5.82,0.08,5.898305084745763,0.39,-10.848109654590353,0.0,0.5786809445247175
-0.25,5.82,0.08,5.898305084745763,0.5800000000000001,-10.846539204840575,0.0,0.5786809445247175
-0.25,5.82,0.08,5.898305084745763,0.77,-10.844969007287794,0.0,0.5786809445247175
-0.25,5.82,0.08,5.898305084745763,0.96,-10.84339856709331,0.0,0.5786809445247175
-0.25,5.82,0.08,5.898305084745763,1.15,-10.841828684314969,0.0,0.5786809445247175
-0.25,5.82,0.08,5.898305084745763,1.34,-10.840258723991816,0.0,0.5786809445247175
-0.25,5.82,0.08,5.898305084745763,1.53,-10.838688455089283,0.0,0.5786809445247175
-0.25,5.82,0.08,5.898305084745763,1.72,-10.837117877551762,0.0,0.5786809445247175
-0.25,5.82,0.08,5.898305084745763,1.91,-10.835546991331718,0.0,0.5786809445247175
-0.25,5.82,0.08,5.898305084745763,2.1,-10.833977033858744,0.0,0.5786809445247175
-0.25,5.82,0.08,5.898305084745763,2.29,-10.832407881667791,0.0,0.5786809445247175
-0.25,5.82,0.08,5.898305084745763,2.4800000000000004,-10.830838421125947,0.0,0.5786809445247175
-0.25,5.82,0.08,5.898305084745763,2.6700000000000004,-10.829268652175926,0.0,0.5786809445247175
-0.25,5.82,0.08,5.898305084745763,2.8600000000000003,-10.827698574784598,0.0,0.5786809445247175
-0.25,5.82,0.08,5.898305084745763,3.0500000000000003,-10.82612818888235,0.0,0.5786809445247175
-0.25,5.82,0.08,5.898305084745763,3.24,-10.82455749444511,0.0,0.5786809445247175
-0.25,5.82,0.08,5.898305084745763,3.43,-10.822986491408663,0.0,0.5786809445247175
-0.25,5.82,0.08,5.898305084745763,3.62,-10.821415179736206,0.0,0.5786809445247175
-0.25,5.82,0.08,5.898305084745763,3.81,-10.819843559375713,0.0,0.5786809445247175
-0.25,5.82,0.08,5.898305084745763,4.0,-10.818271630266509,0.0,0.5786809445247175
-0.25,5.82,0.08,6.169491525423729,0.2,-0.6768470163898428,0.0,0.017481866534676548
-0.25,5.82,0.08,6.169491525423729,0.39,-0.6748225278751079,0.0,0.017481866534676548
-0.25,5.82,0.08,6.169491525423729,0.5800000000000001,-0.6727978466123972,0.0,0.017481866534676548
-0.25,5.82,0.08,6.169491525423729,0.77,-0.6707734304845019,0.0,0.017481866534676548
-0.25,5.82,0.08,6.169491525423729,0.96,-0.6687488755578812,0.0,0.017481866534676548
-0.25,5.82,0.08,6.169491525423729,1.15,-0.6667248350788384,0.0,0.017481866534676548
-0.25,5.82,0.08,6.169491525423729,1.34,-0.6647007905500146,0.0,0.017481866534676548
-0.25,5.82,0.08,6.169491525423729,1.53,-0.6626765533172687,0.0,0.017481866534676548
-0.25,5.82,0.08,6.169491525423729,1.72,-0.6606521234224942,0.0,0.017481866534676548
-0.25,5.82,0.08,6.169491525423729,1.91,-0.6586275008266114,0.0,0.017481866534676548
-0.25,5.82,0.08,6.169491525423729,2.1,-0.6566036956910608,0.0,0.017481866534676548
-0.25,5.82,0.08,6.169491525423729,2.29,-0.6545806072516314,0.0,0.017481866534676548
-0.25,5.82,0.08,6.169491525423729,2.4800000000000004,-0.6525573262856454,0.0,0.017481866534676548
-0.25,5.82,0.08,6.169491525423729,2.6700000000000004,-0.6505338528259585,0.0,0.017481866534676548
-0.25,5.82,0.08,6.169491525423729,2.8600000000000003,-0.6485101868216105,0.0,0.017481866534676548
-0.25,5.82,0.08,6.169491525423729,3.0500000000000003,-0.6464863282477751,0.0,0.017481866534676548
-0.25,5.82,0.08,6.169491525423729,3.24,-0.6444622770890902,0.0,0.017481866534676548
-0.25,5.82,0.08,6.169491525423729,3.43,-0.6424380333225059,0.0,0.017481866534676548
-0.25,5.82,0.08,6.169491525423729,3.62,-0.6404135969324045,0.0,0.017481866534676548
-0.25,5.82,0.08,6.169491525423729,3.81,-0.6383889678693038,0.0,0.017481866534676548
-0.25,5.82,0.08,6.169491525423729,4.0,-0.6363641461522747,0.0,0.017481866534676548
-0.25,5.82,0.08,6.4406779661016955,0.2,30.244980944225176,0.0,0.00014565889115698822
-0.25,5.82,0.08,6.4406779661016955,0.39,30.245059423097644,0.0,0.00014565889115698822
-0.25,5.82,0.08,6.4406779661016955,0.5800000000000001,30.2451379038516,0.0,0.00014565889115698822
-0.25,5.82,0.08,6.4406779661016955,0.77,30.245216381758162,0.0,0.00014565889115698822
-0.25,5.82,0.08,6.4406779661016955,0.96,30.24529486085202,0.0,0.00014565889115698822
-0.25,5.82,0.08,6.4406779661016955,1.15,30.24537333453631,0.0,0.00014565889115698822
-0.25,5.82,0.08,6.4406779661016955,1.34,30.245451808175815,0.0,0.00014565889115698822
-0.25,5.82,0.08,6.4406779661016955,1.53,30.2455302834951,0.0,0.00014565889115698822
-0.25,5.82,0.08,6.4406779661016955,1.72,30.245608760731855,0.0,0.00014565889115698822
-0.25,5.82,0.08,6.4406779661016955,1.91,30.245687239838908,0.0,0.00014565889115698822
-0.25,5.82,0.08,6.4406779661016955,2.1,30.24576571027447,0.0,0.00014565889115698822
-0.25,5.82,0.08,6.4406779661016955,2.29,30.24584417319965,0.0,0.00014565889115698822
-0.25,5.82,0.08,6.4406779661016955,2.4800000000000004,30.24592263792188,0.0,0.00014565889115698822
-0.25,5.82,0.08,6.4406779661016955,2.6700000000000004,30.246001104507776,0.0,0.00014565889115698822
-0.25,5.82,0.08,6.4406779661016955,2.8600000000000003,30.24607957294665,0.0,0.00014565889115698822
-0.25,5.82,0.08,6.4406779661016955,3.0500000000000003,30.246158043208638,0.0,0.00014565889115698822
-0.25,5.82,0.08,6.4406779661016955,3.24,30.246236515323652,0.0,0.00014565889115698822
-0.25,5.82,0.08,6.4406779661016955,3.43,30.246314989310733,0.0,0.00014565889115698822
-0.25,5.82,0.08,6.4406779661016955,3.62,30.246393465133977,0.0,0.00014565889115698822
-0.25,5.82,0.08,6.4406779661016955,3.81,30.246471942766853,0.0,0.00014565889115698822
-0.25,5.82,0.08,6.4406779661016955,4.0,30.246550422277224,0.0,0.00014565889115698822
-0.25,5.82,0.08,6.711864406779661,0.2,-0.21506689035745552,0.0,1.944616747494886e-07
-0.25,5.82,0.08,6.711864406779661,0.39,-0.21504736030247074,0.0,1.944616747494886e-07
-0.25,5.82,0.08,6.711864406779661,0.5800000000000001,-0.21502782975811385,0.0,1.944616747494886e-07
-0.25,5.82,0.08,6.711864406779661,0.77,-0.2150082997991163,0.0,1.944616747494886e-07
-0.25,5.82,0.08,6.711864406779661,0.96,-0.21498876991786986,0.0,1.944616747494886e-07
-0.25,5.82,0.08,6.711864406779661,1.15,-0.21496924125160888,0.0,1.944616747494886e-07
-0.25,5.82,0.08,6.711864406779661,1.34,-0.2149497127326221,0.0,1.944616747494886e-07
-0.25,5.82,0.08,6.711864406779661,1.53,-0.21493018403095832,0.0,1.944616747494886e-07
-0.25,5.82,0.08,6.711864406779661,1.72,-0.2149106550837736,0.0,1.944616747494886e-07
-0.25,5.82,0.08,6.711864406779661,1.91,-0.2148911258333115,0.0,1.944616747494886e-07
-0.25,5.82,0.08,6.711864406779661,2.1,-0.21487159856048876,0.0,1.944616747494886e-07
-0.25,5.82,0.08,6.711864406779661,2.29,-0.2148520730258774,0.0,1.944616747494886e-07
-0.25,5.82,0.08,6.711864406779661,2.4800000000000004,-0.21483254719030143,0.0,1.944616747494886e-07
-0.25,5.82,0.08,6.711864406779661,2.6700000000000004,-0.2148130211527608,0.0,1.944616747494886e-07
-0.25,5.82,0.08,6.711864406779661,2.8600000000000003,-0.21479349485131038,0.0,1.944616747494886e-07
-0.25,5.82,0.08,6.711864406779661,3.0500000000000003,-0.2147739683180312,0.0,1.944616747494886e-07
-0.25,5.82,0.08,6.711864406779661,3.24,-0.21475444151986167,0.0,1.944616747494886e-07
-0.25,5.82,0.08,6.711864406779661,3.43,-0.2147349144493056,0.0,1.944616747494886e-07
-0.25,5.82,0.08,6.711864406779661,3.62,-0.21471538712178173,0.0,1.944616747494886e-07
-0.25,5.82,0.08,6.711864406779661,3.81,-0.21469585958978854,0.0,1.944616747494886e-07
-0.25,5.82,0.08,6.711864406779661,4.0,-0.21467633176576584,0.0,1.944616747494886e-07
-0.25,5.82,0.12,5.627118644067797,0.2,14.040868515703245,0.0,0.8088021525321974
-0.25,5.82,0.12,5.627118644067797,0.39,14.04173310816629,0.0,0.8088021525321974
-0.25,5.82,0.12,5.627118644067797,0.5800000000000001,14.042598005122073,0.0,0.8088021525321974
-0.25,5.82,0.12,5.627118644067797,0.77,14.043462608097897,0.0,0.8088021525321974
-0.25,5.82,0.12,5.627118644067797,0.96,14.044327445175874,0.0,0.8088021525321974
-0.25,5.82,0.12,5.627118644067797,1.15,14.045191662558544,0.0,0.8088021525321974
-0.25,5.82,0.12,5.627118644067797,1.34,14.046055937887068,0.0,0.8088021525321974
-0.25,5.82,0.12,5.627118644067797,1.53,14.046920517675602,0.0,0.8088021525321974
-0.25,5.82,0.12,5.627118644067797,1.72,14.047785402014902,0.0,0.8088021525321974
-0.25,5.82,0.12,5.627118644067797,1.91,14.048650590961792,0.0,0.8088021525321974
-0.25,5.82,0.12,5.627118644067797,2.1,14.049514764028082,0.0,0.8088021525321974
-0.25,5.82,0.12,5.627118644067797,2.29,14.050378052917338,0.0,0.8088021525321974
-0.25,5.82,0.12,5.627118644067797,2.4800000000000004,14.051241646081039,0.0,0.8088021525321974
-0.25,5.82,0.12,5.627118644067797,2.6700000000000004,14.0521055435985,0.0,0.8088021525321974
-0.25,5.82,0.12,5.627118644067797,2.8600000000000003,14.052969745540437,0.0,0.8088021525321974
-0.25,5.82,0.12,5.627118644067797,3.0500000000000003,14.053834251979296,0.0,0.8088021525321974
-0.25,5.82,0.12,5.627118644067797,3.24,14.054699062983126,0.0,0.8088021525321974
-0.25,5.82,0.12,5.627118644067797,3.43,14.055564178629112,0.0,0.8088021525321974
-0.25,5.82,0.12,5.627118644067797,3.62,14.056429598990412,0.0,0.8088021525321974
-0.25,5.82,0.12,5.627118644067797,3.81,14.05729532413747,0.0,0.8088021525321974
-0.25,5.82,0.12,5.627118644067797,4.0,14.058161354143252,0.0,0.8088021525321974
-0.25,5.82,0.12,5.898305084745763,0.2,-10.974674287213574,0.0,0.5461802375144541
-0.25,5.82,0.12,5.898305084745763,0.39,-10.97311002103509,0.0,0.5461802375144541
-0.25,5.82,0.12,5.898305084745763,0.5800000000000001,-10.971545446696197,0.0,0.5461802375144541
-0.25,5.82,0.12,5.898305084745763,0.77,-10.96998112401338,0.0,0.5461802375144541
-0.25,5.82,0.12,5.898305084745763,0.96,-10.968416559138468,0.0,0.5461802375144541
-0.25,5.82,0.12,5.898305084745763,1.15,-10.966852550527577,0.0,0.5461802375144541
-0.25,5.82,0.12,5.898305084745763,1.34,-10.965288464491024,0.0,0.5461802375144541
-0.25,5.82,0.12,5.898305084745763,1.53,-10.963724070456614,0.0,0.5461802375144541
-0.25,5.82,0.12,5.898305084745763,1.72,-10.962159368368837,0.0,0.5461802375144541
-0.25,5.82,0.12,5.898305084745763,1.91,-10.960594358180302,0.0,0.5461802375144541
-0.25,5.82,0.12,5.898305084745763,2.1,-10.959030274843514,0.0,0.5461802375144541
-0.25,5.82,0.12,5.898305084745763,2.29,-10.957466995140472,0.0,0.5461802375144541
-0.25,5.82,0.12,5.898305084745763,2.4800000000000004,-10.955903407667627,0.0,0.5461802375144541
-0.25,5.82,0.12,5.898305084745763,2.6700000000000004,-10.954339512367802,0.0,0.5461802375144541
-0.25,5.82,0.12,5.898305084745763,2.8600000000000003,-10.952775309207908,0.0,0.5461802375144541
-0.25,5.82,0.12,5.898305084745763,3.0500000000000003,-10.951210798118467,0.0,0.5461802375144541
-0.25,5.82,0.12,5.898305084745763,3.24,-10.949645979075463,0.0,0.5461802375144541
-0.25,5.82,0.12,5.898305084745763,3.43,-10.948080852014805,0.0,0.5461802375144541
-0.25,5.82,0.12,5.898305084745763,3.62,-10.946515416899778,0.0,0.5461802375144541
-0.25,5.82,0.12,5.898305084745763,3.81,-10.944949673678451,0.0,0.5461802375144541
-0.25,5.82,0.12,5.898305084745763,4.0,-10.943383622290206,0.0,0.5461802375144541
-0.25,5.82,0.12,6.169491525423729,0.2,-0.5650441946585545,0.0,0.03462882932544612
-0.25,5.82,0.12,6.169491525423729,0.39,-0.5630157908657907,0.0,0.03462882932544612
-0.25,5.82,0.12,6.169491525423729,0.5800000000000001,-0.5609871940332312,0.0,0.03462882932544612
-0.25,5.82,0.12,6.169491525423729,0.77,-0.5589588627533573,0.0,0.03462882932544612
-0.25,5.82,0.12,6.169491525423729,0.96,-0.5569303924663132,0.0,0.03462882932544612
-0.25,5.82,0.12,6.169491525423729,1.15,-0.5549024374306413,0.0,0.03462882932544612
-0.25,5.82,0.12,6.169491525423729,1.34,-0.5528744783455721,0.0,0.03462882932544612
-0.25,5.82,0.12,6.169491525423729,1.53,-0.5508463262650309,0.0,0.03462882932544612
-0.25,5.82,0.12,6.169491525423729,1.72,-0.5488179812307266,0.0,0.03462882932544612
-0.25,5.82,0.12,6.169491525423729,1.91,-0.5467894432036218,0.0,0.03462882932544612
-0.25,5.82,0.12,6.169491525423729,2.1,-0.5447617239099571,0.0,0.03462882932544612
-0.25,5.82,0.12,6.169491525423729,2.29,-0.5427347224292163,0.0,0.03462882932544612
-0.25,5.82,0.12,6.169491525423729,2.4800000000000004,-0.5407075281305822,0.0,0.03462882932544612
-0.25,5.82,0.12,6.169491525423729,2.6700000000000004,-0.5386801410468678,0.0,0.03462882932544612
-0.25,5.82,0.12,6.169491525423729,2.8600000000000003,-0.5366525611270276,0.0,0.03462882932544612
-0.25,5.82,0.12,6.169491525423729,3.0500000000000003,-0.5346247883462638,0.0,0.03462882932544612
-0.25,5.82,0.12,6.169491525423729,3.24,-0.5325968226891433,0.0,0.03462882932544612
-0.25,5.82,0.12,6.169491525423729,3.43,-0.5305686641325451,0.0,0.03462882932544612
-0.25,5.82,0.12,6.169491525423729,3.62,-0.5285403126609083,0.0,0.03462882932544612
-0.25,5.82,0.12,6.169491525423729,3.81,-0.5265117682246512,0.0,0.03462882932544612
-0.25,5.82,0.12,6.169491525423729,4.0,-0.5244830308428163,0.0,0.03462882932544612
-0.25,5.82,0.12,6.4406779661016955,0.2,30.245004023855955,0.0,0.00014896611247952143
-0.25,5.82,0.12,6.4406779661016955,0.39,30.245082502788406,0.0,0.00014896611247952143
-0.25,5.82,0.12,6.4406779661016955,0.5800000000000001,30.24516098360239,0.0,0.00014896611247952143
-0.25,5.82,0.12,6.4406779661016955,0.77,30.245239461568936,0.0,0.00014896611247952143
-0.25,5.82,0.12,6.4406779661016955,0.96,30.24531794072282,0.0,0.00014896611247952143
-0.25,5.82,0.12,6.4406779661016955,1.15,30.24539641446711,0.0,0.00014896611247952143
-0.25,5.82,0.12,6.4406779661016955,1.34,30.24547488816664,0.0,0.00014896611247952143
-0.25,5.82,0.12,6.4406779661016955,1.53,30.24555336354588,0.0,0.00014896611247952143
-0.25,5.82,0.12,6.4406779661016955,1.72,30.245631840842663,0.0,0.00014896611247952143
-0.25,5.82,0.12,6.4406779661016955,1.91,30.2457103200097,0.0,0.00014896611247952143
-0.25,5.82,0.12,6.4406779661016955,2.1,30.245788790505287,0.0,0.00014896611247952143
-0.25,5.82,0.12,6.4406779661016955,2.29,30.245867253490452,0.0,0.00014896611247952143
-0.25,5.82,0.12,6.4406779661016955,2.4800000000000004,30.245945718272694,0.0,0.00014896611247952143
-0.25,5.82,0.12,6.4406779661016955,2.6700000000000004,30.246024184918575,0.0,0.00014896611247952143
-0.25,5.82,0.12,6.4406779661016955,2.8600000000000003,30.24610265341746,0.0,0.00014896611247952143
-0.25,5.82,0.12,6.4406779661016955,3.0500000000000003,30.246181123739447,0.0,0.00014896611247952143
-0.25,5.82,0.12,6.4406779661016955,3.24,30.246259595914445,0.0,0.00014896611247952143
-0.25,5.82,0.12,6.4406779661016955,3.43,30.246338069961567,0.0,0.00014896611247952143
-0.25,5.82,0.12,6.4406779661016955,3.62,30.24641654584478,0.0,0.00014896611247952143
-0.25,5.82,0.12,6.4406779661016955,3.81,30.246495023537683,0.0,0.00014896611247952143
-0.25,5.82,0.12,6.4406779661016955,4.0,30.246573503108053,0.0,0.00014896611247952143
-0.25,5.82,0.12,6.711864406779661,0.2,-0.21506689035138749,0.0,1.9446477575218243e-07
-0.25,5.82,0.12,6.711864406779661,0.39,-0.2150473602964027,0.0,1.9446477575218243e-07
-0.25,5.82,0.12,6.711864406779661,0.5800000000000001,-0.21502782975204227,0.0,1.9446477575218243e-07
-0.25,5.82,0.12,6.711864406779661,0.77,-0.2150082997930447,0.0,1.9446477575218243e-07
-0.25,5.82,0.12,6.711864406779661,0.96,-0.21498876991180538,0.0,1.9446477575218243e-07
-0.25,5.82,0.12,6.711864406779661,1.15,-0.21496924124552663,0.0,1.9446477575218243e-07
-0.25,5.82,0.12,6.711864406779661,1.34,-0.2149497127265505,0.0,1.9446477575218243e-07
-0.25,5.82,0.12,6.711864406779661,1.53,-0.21493018402488673,0.0,1.9446477575218243e-07
-0.25,5.82,0.12,6.711864406779661,1.72,-0.21491065507770202,0.0,1.9446477575218243e-07
-0.25,5.82,0.12,6.711864406779661,1.91,-0.2148911258272399,0.0,1.9446477575218243e-07
-0.25,5.82,0.12,6.711864406779661,2.1,-0.21487159855441007,0.0,1.9446477575218243e-07
-0.25,5.82,0.12,6.711864406779661,2.29,-0.2148520730198058,0.0,1.9446477575218243e-07
-0.25,5.82,0.12,6.711864406779661,2.4800000000000004,-0.21483254718422984,0.0,1.9446477575218243e-07
-0.25,5.82,0.12,6.711864406779661,2.6700000000000004,-0.2148130211466892,0.0,1.9446477575218243e-07
-0.25,5.82,0.12,6.711864406779661,2.8600000000000003,-0.2147934948452317,0.0,1.9446477575218243e-07
-0.25,5.82,0.12,6.711864406779661,3.0500000000000003,-0.2147739683119596,0.0,1.9446477575218243e-07
-0.25,5.82,0.12,6.711864406779661,3.24,-0.21475444151379008,0.0,1.9446477575218243e-07
-0.25,5.82,0.12,6.711864406779661,3.43,-0.214734914443234,0.0,1.9446477575218243e-07
-0.25,5.82,0.12,6.711864406779661,3.62,-0.21471538711571014,0.0,1.9446477575218243e-07
-0.25,5.82,0.12,6.711864406779661,3.81,-0.21469585958371695,0.0,1.9446477575218243e-07
-0.25,5.82,0.12,6.711864406779661,4.0,-0.21467633175969425,0.0,1.9446477575218243e-07
-0.25,5.82,0.16,5.627118644067797,0.2,14.038014026943152,0.0,0.7505856743315675
-0.25,5.82,0.16,5.627118644067797,0.39,14.038878472497927,0.0,0.7505856743315675
-0.25,5.82,0.16,5.627118644067797,0.5800000000000001,14.039743222532117,0.0,0.7505856743315675
-0.25,5.82,0.16,5.627118644067797,0.77,14.040607678602392,0.0,0.7505856743315675
-0.25,5.82,0.16,5.627118644067797,0.96,14.04147236876495,0.0,0.7505856743315675
-0.25,5.82,0.16,5.627118644067797,1.15,14.042336439264169,0.0,0.7505856743315675
-0.25,5.82,0.16,5.627118644067797,1.34,14.04320056770802,0.0,0.7505856743315675
-0.25,5.82,0.16,5.627118644067797,1.53,14.044065000598593,0.0,0.7505856743315675
-0.25,5.82,0.16,5.627118644067797,1.72,14.044929738026639,0.0,0.7505856743315675
-0.25,5.82,0.16,5.627118644067797,1.91,14.045794780049,0.0,0.7505856743315675
-0.25,5.82,0.16,5.627118644067797,2.1,14.046658806242085,0.0,0.7505856743315675
-0.25,5.82,0.16,5.627118644067797,2.29,14.047521948303036,0.0,0.7505856743315675
-0.25,5.82,0.16,5.627118644067797,2.4800000000000004,14.048385394625157,0.0,0.7505856743315675
-0.25,5.82,0.16,5.627118644067797,2.6700000000000004,14.049249145287767,0.0,0.7505856743315675
-0.25,5.82,0.16,5.627118644067797,2.8600000000000003,14.05011320036158,0.0,0.7505856743315675
-0.25,5.82,0.16,5.627118644067797,3.0500000000000003,14.05097755991904,0.0,0.7505856743315675
-0.25,5.82,0.16,5.627118644067797,3.24,14.05184222402817,0.0,0.7505856743315675
-0.25,5.82,0.16,5.627118644067797,3.43,14.052707192766206,0.0,0.7505856743315675
-0.25,5.82,0.16,5.627118644067797,3.62,14.053572466206262,0.0,0.7505856743315675
-0.25,5.82,0.16,5.627118644067797,3.81,14.054438044418795,0.0,0.7505856743315675
-0.25,5.82,0.16,5.627118644067797,4.0,14.055303927476764,0.0,0.7505856743315675
-0.25,5.82,0.16,5.898305084745763,0.2,-11.122150450827853,0.0,0.5077499726720454
-0.25,5.82,0.16,5.898305084745763,0.39,-11.120593116132994,0.0,0.5077499726720454
-0.25,5.82,0.16,5.898305084745763,0.5800000000000001,-11.119035473964004,0.0,0.5077499726720454
-0.25,5.82,0.16,5.898305084745763,0.77,-11.117478082812887,0.0,0.5077499726720454
-0.25,5.82,0.16,5.898305084745763,0.96,-11.115920450000203,0.0,0.5077499726720454
-0.25,5.82,0.16,5.898305084745763,1.15,-11.114363372092164,0.0,0.5077499726720454
-0.25,5.82,0.16,5.898305084745763,1.34,-11.112806216899045,0.0,0.5077499726720454
-0.25,5.82,0.16,5.898305084745763,1.53,-11.111248754394175,0.0,0.5077499726720454
-0.25,5.82,0.16,5.898305084745763,1.72,-11.109690984522217,0.0,0.5077499726720454
-0.25,5.82,0.16,5.898305084745763,1.91,-11.108132907235856,0.0,0.5077499726720454
-0.25,5.82,0.16,5.898305084745763,2.1,-11.106575754565007,0.0,0.5077499726720454
-0.25,5.82,0.16,5.898305084745763,2.29,-11.105019403583228,0.0,0.5077499726720454
-0.25,5.82,0.16,5.898305084745763,2.4800000000000004,-11.10346274551722,0.0,0.5077499726720454
-0.25,5.82,0.16,5.898305084745763,2.6700000000000004,-11.101905780309927,0.0,0.5077499726720454
-0.25,5.82,0.16,5.898305084745763,2.8600000000000003,-11.100348507928395,0.0,0.5077499726720454
-0.25,5.82,0.16,5.898305084745763,3.0500000000000003,-11.098790928303245,0.0,0.5077499726720454
-0.25,5.82,0.16,5.898305084745763,3.24,-11.097233041410554,0.0,0.5077499726720454
-0.25,5.82,0.16,5.898305084745763,3.43,-11.095674847186345,0.0,0.5077499726720454
-0.25,5.82,0.16,5.898305084745763,3.62,-11.094116345594003,0.0,0.5077499726720454
-0.25,5.82,0.16,5.898305084745763,3.81,-11.092557536581708,0.0,0.5077499726720454
-0.25,5.82,0.16,5.898305084745763,4.0,-11.090998420089008,0.0,0.5077499726720454
-0.25,5.82,0.16,6.169491525423729,0.2,-0.13582894311768712,0.0,0.10021125345007775
-0.25,5.82,0.16,6.169491525423729,0.39,-0.1337855084247792,0.0,0.10021125345007775
-0.25,5.82,0.16,6.169491525423729,0.5800000000000001,-0.13174187957197603,0.0,0.10021125345007775
-0.25,5.82,0.16,6.169491525423729,0.77,-0.1296985178757808,0.0,0.10021125345007775
-0.25,5.82,0.16,6.169491525423729,0.96,-0.12765501637237264,0.0,0.10021125345007775
-0.25,5.82,0.16,6.169491525423729,1.15,-0.12561203320598224,0.0,0.10021125345007775
-0.25,5.82,0.16,6.169491525423729,1.34,-0.12356904599188567,0.0,0.10021125345007775
-0.25,5.82,0.16,6.169491525423729,1.53,-0.12152586466291382,0.0,0.10021125345007775
-0.25,5.82,0.16,6.169491525423729,1.72,-0.11948248926016447,0.0,0.10021125345007775
-0.25,5.82,0.16,6.169491525423729,1.91,-0.11743891974479936,0.0,0.10021125345007775
-0.25,5.82,0.16,6.169491525423729,2.1,-0.11539617385041367,0.0,0.10021125345007775
-0.25,5.82,0.16,6.169491525423729,2.29,-0.11335415005650873,0.0,0.10021125345007775
-0.25,5.82,0.16,6.169491525423729,2.4800000000000004,-0.11131193232623104,0.0,0.10021125345007775
-0.25,5.82,0.16,6.169491525423729,2.6700000000000004,-0.10926952069210927,0.0,0.10021125345007775
-0.25,5.82,0.16,6.169491525423729,2.8600000000000003,-0.1072269151030838,0.0,0.10021125345007775
-0.25,5.82,0.16,6.169491525423729,3.0500000000000003,-0.10518411553415774,0.0,0.10021125345007775
-0.25,5.82,0.16,6.169491525423729,3.24,-0.10314112196977021,0.0,0.10021125345007775
-0.25,5.82,0.16,6.169491525423729,3.43,-0.1010979343867291,0.0,0.10021125345007775
-0.25,5.82,0.16,6.169491525423729,3.62,-0.09905455276924613,0.0,0.10021125345007775
-0.25,5.82,0.16,6.169491525423729,3.81,-0.09701097706769701,0.0,0.10021125345007775
-0.25,5.82,0.16,6.169491525423729,4.0,-0.09496720730095376,0.0,0.10021125345007775
-0.25,5.82,0.16,6.4406779661016955,0.2,30.251004875522582,0.0,0.001008830727855346
-0.25,5.82,0.16,6.4406779661016955,0.39,30.251083370056975,0.0,0.001008830727855346
-0.25,5.82,0.16,6.4406779661016955,0.5800000000000001,30.251161866472984,0.0,0.001008830727855346
-0.25,5.82,0.16,6.4406779661016955,0.77,30.251240360041315,0.0,0.001008830727855346
-0.25,5.82,0.16,6.4406779661016955,0.96,30.251318854796985,0.0,0.001008830727855346
-0.25,5.82,0.16,6.4406779661016955,1.15,30.251397344142603,0.0,0.001008830727855346
-0.25,5.82,0.16,6.4406779661016955,1.34,30.251475833443394,0.0,0.001008830727855346
-0.25,5.82,0.16,6.4406779661016955,1.53,30.25155432442405,0.0,0.001008830727855346
-0.25,5.82,0.16,6.4406779661016955,1.72,30.251632817322303,0.0,0.001008830727855346
-0.25,5.82,0.16,6.4406779661016955,1.91,30.251711312090883,0.0,0.001008830727855346
-0.25,5.82,0.16,6.4406779661016955,2.1,30.251789798187318,0.0,0.001008830727855346
-0.25,5.82,0.16,6.4406779661016955,2.29,30.251868276772676,0.0,0.001008830727855346
-0.25,5.82,0.16,6.4406779661016955,2.4800000000000004,30.25194675715521,0.0,0.001008830727855346
-0.25,5.82,0.16,6.4406779661016955,2.6700000000000004,30.252025239401483,0.0,0.001008830727855346
-0.25,5.82,0.16,6.4406779661016955,2.8600000000000003,30.252103723500817,0.0,0.001008830727855346
-0.25,5.82,0.16,6.4406779661016955,3.0500000000000003,30.25218220942341,0.0,0.001008830727855346
-0.25,5.82,0.16,6.4406779661016955,3.24,30.252260697199112,0.0,0.001008830727855346
-0.25,5.82,0.16,6.4406779661016955,3.43,30.252339186846996,0.0,0.001008830727855346
-0.25,5.82,0.16,6.4406779661016955,3.62,30.252417678331085,0.0,0.001008830727855346
-0.25,5.82,0.16,6.4406779661016955,3.81,30.252496171624948,0.0,0.001008830727855346
-0.25,5.82,0.16,6.4406779661016955,4.0,30.25257466679639,0.0,0.001008830727855346
-0.25,5.82,0.16,6.711864406779661,0.2,-0.21506609367833107,0.0,6.058441952455384e-07
-0.25,5.82,0.16,6.711864406779661,0.39,-0.21504656362183994,0.0,6.058441952455384e-07
-0.25,5.82,0.16,6.711864406779661,0.5800000000000001,-0.2150270330759696,0.0,6.058441952455384e-07
-0.25,5.82,0.16,6.711864406779661,0.77,-0.2150075031154728,0.0,6.058441952455384e-07
-0.25,5.82,0.16,6.711864406779661,0.96,-0.21498797323272,0.0,6.058441952455384e-07
-0.25,5.82,0.16,6.711864406779661,1.15,-0.21496844456493847,0.0,6.058441952455384e-07
-0.25,5.82,0.16,6.711864406779661,1.34,-0.21494891604445598,0.0,6.058441952455384e-07
-0.25,5.82,0.16,6.711864406779661,1.53,-0.21492938734128586,0.0,6.058441952455384e-07
-0.25,5.82,0.16,6.711864406779661,1.72,-0.2149098583925948,0.0,6.058441952455384e-07
-0.25,5.82,0.16,6.711864406779661,1.91,-0.21489032914062278,0.0,6.058441952455384e-07
-0.25,5.82,0.16,6.711864406779661,2.1,-0.2148708018662866,0.0,6.058441952455384e-07
-0.25,5.82,0.16,6.711864406779661,2.29,-0.21485127633016532,0.0,6.058441952455384e-07
-0.25,5.82,0.16,6.711864406779661,2.4800000000000004,-0.214831750493083,0.0,6.058441952455384e-07
-0.25,5.82,0.16,6.711864406779661,2.6700000000000004,-0.21481222445403603,0.0,6.058441952455384e-07
-0.25,5.82,0.16,6.711864406779661,2.8600000000000003,-0.21479269815107926,0.0,6.058441952455384e-07
-0.25,5.82,0.16,6.711864406779661,3.0500000000000003,-0.21477317161629728,0.0,6.058441952455384e-07
-0.25,5.82,0.16,6.711864406779661,3.24,-0.2147536448166143,0.0,6.058441952455384e-07
-0.25,5.82,0.16,6.711864406779661,3.43,-0.21473411774455542,0.0,6.058441952455384e-07
-0.25,5.82,0.16,6.711864406779661,3.62,-0.21471459041552166,0.0,6.058441952455384e-07
-0.25,5.82,0.16,6.711864406779661,3.81,-0.21469506288202567,0.0,6.058441952455384e-07
-0.25,5.82,0.16,6.711864406779661,4.0,-0.21467553505648596,0.0,6.058441952455384e-07
0.0,5.7,0.08,5.627118644067797,0.2,14.049795613489096,0.0,0.9908493635455093
0.0,5.7,0.08,5.627118644067797,0.39,14.050660665391554,0.0,0.9908493635455093
0.0,5.7,0.08,5.627118644067797,0.5800000000000001,14.051526021828252,0.0,0.9908493635455093
0.0,5.7,0.08,5.627118644067797,0.77,14.05239108423499,0.0,0.9908493635455093
0.0,5.7,0.08,5.627118644067797,0.96,14.053256380774627,0.0,0.9908493635455093
0.0,5.7,0.08,5.627118644067797,1.15,14.05412105751909,0.0,0.9908493635455093
0.0,5.7,0.08,5.627118644067797,1.34,14.05498579221323,0.0,0.9908493635455093
0.0,5.7,0.08,5.627118644067797,1.53,14.055850831408868,0.0,0.9908493635455093
0.0,5.7,0.08,5.627118644067797,1.72,14.056716175196833,0.0,0.9908493635455093
0.0,5.7,0.08,5.627118644067797,1.91,14.057581823633939,0.0,0.9908493635455093
0.0,5.7,0.08,5.627118644067797,2.1,14.058446456029905,0.0,0.9908493635455093
0.0,5.7,0.08,5.627118644067797,2.29,14.05931020410847,0.0,0.9908493635455093
0.0,5.7,0.08,5.627118644067797,2.4800000000000004,14.060174256502961,0.0,0.9908493635455093
0.0,5.7,0.08,5.627118644067797,2.6700000000000004,14.06103861329273,0.0,0.9908493635455093
0.0,5.7,0.08,5.627118644067797,2.8600000000000003,14.061903274548484,0.0,0.9908493635455093
0.0,5.7,0.08,5.627118644067797,3.0500000000000003,14.06276824034267,0.0,0.9908493635455093
0.0,5.7,0.08,5.627118644067797,3.24,14.063633510743337,0.0,0.9908493635455093
0.0,5.7,0.08,5.627118644067797,3.43,14.064499085827734,0.0,0.9908493635455093
0.0,5.7,0.08,5.627118644067797,3.62,14.065364965668962,0.0,0.9908493635455093
0.0,5.7,0.08,5.627118644067797,3.81,14.066231150337508,0.0,0.9908493635455093
0.0,5.7,0.08,5.627118644067797,4.0,14.06709763990635,0.0,0.9908493635455093
0.0,5.7,0.08,5.898305084745763,0.2,-11.804310808515261,0.0,0.32879394059583383
0.0,5.7,0.08,5.898305084745763,0.39,-11.802785535837927,0.0,0.32879394059583383
0.0,5.7,0.08,5.898305084745763,0.5800000000000001,-11.801259958860996,0.0,0.32879394059583383
0.0,5.7,0.08,5.898305084745763,0.77,-11.799734629949867,0.0,0.32879394059583383
0.0,5.7,0.08,5.898305084745763,0.96,-11.798209061831038,0.0,0.32879394059583383
0.0,5.7,0.08,5.898305084745763,1.15,-11.796684042329083,0.0,0.32879394059583383
0.0,5.7,0.08,5.898305084745763,1.34,-11.795158946192238,0.0,0.32879394059583383
0.0,5.7,0.08,5.898305084745763,1.53,-11.793633545917395,0.0,0.32879394059583383
0.0,5.7,0.08,5.898305084745763,1.72,-11.792107841449784,0.0,0.32879394059583383
0.0,5.7,0.08,5.898305084745763,1.91,-11.79058183274256,0.0,0.32879394059583383
0.0,5.7,0.08,5.898305084745763,2.1,-11.789056738307096,0.0,0.32879394059583383
0.0,5.7,0.08,5.898305084745763,2.29,-11.787532436565307,0.0,0.32879394059583383
0.0,5.7,0.08,5.898305084745763,2.4800000000000004,-11.786007830910599,0.0,0.32879394059583383
0.0,5.7,0.08,5.898305084745763,2.6700000000000004,-11.78448292128634,0.0,0.32879394059583383
0.0,5.7,0.08,5.898305084745763,2.8600000000000003,-11.782957707660138,0.0,0.32879394059583383
0.0,5.7,0.08,5.898305084745763,3.0500000000000003,-11.781432189963056,0.0,0.32879394059583383
0.0,5.7,0.08,5.898305084745763,3.24,-11.779906368171787,0.0,0.32879394059583383
0.0,5.7,0.08,5.898305084745763,3.43,-11.778380242222646,0.0,0.32879394059583383
0.0,5.7,0.08,5.898305084745763,3.62,-11.776853812079715,0.0,0.32879394059583383
0.0,5.7,0.08,5.898305084745763,3.81,-11.775327077691642,0.0,0.32879394059583383
0.0,5.7,0.08,5.898305084745763,4.0,-11.773800038998395,0.0,0.32879394059583383
0.0,5.7,0.08,6.169491525423729,0.2,-0.677688594909938,0.0,0.01735269472446973
0.0,5.7,0.08,6.169491525423729,0.39,-0.6756641358668674,0.0,0.01735269472446973
0.0,5.7,0.08,6.169491525423729,0.5800000000000001,-0.6736394840779951,0.0,0.01735269472446973
0.0,5.7,0.08,6.169491525423729,0.77,-0.6716150974207977,0.0,0.01735269472446973
0.0,5.7,0.08,6.169491525423729,0.96,-0.6695905719664523,0.0,0.01735269472446973
0.0,5.7,0.08,6.169491525423729,1.15,-0.6675665609536594,0.0,0.01735269472446973
0.0,5.7,0.08,6.169491525423729,1.34,-0.6655425458910287,0.0,0.01735269472446973
0.0,5.7,0.08,6.169491525423729,1.53,-0.6635183381267069,0.0,0.01735269472446973
0.0,5.7,0.08,6.169491525423729,1.72,-0.661493937702545,0.0,0.01735269472446973
0.0,5.7,0.08,6.169491525423729,1.91,-0.6594693445794775,0.0,0.01735269472446973
0.0,5.7,0.08,6.169491525423729,2.1,-0.6574455689071357,0.0,0.01735269472446973
0.0,5.7,0.08,6.169491525423729,2.29,-0.6554225099225306,0.0,0.01735269472446973
0.0,5.7,0.08,6.169491525423729,2.4800000000000004,-0.6533992584135291,0.0,0.01735269472446973
0.0,5.7,0.08,6.169491525423729,2.6700000000000004,-0.6513758144130719,0.0,0.01735269472446973
0.0,5.7,0.08,6.169491525423729,2.8600000000000003,-0.6493521778700853,0.0,0.01735269472446973
0.0,5.7,0.08,6.169491525423729,3.0500000000000003,-0.6473283487598565,0.0,0.01735269472446973
0.0,5.7,0.08,6.169491525423729,3.24,-0.6453043270669809,0.0,0.01735269472446973
0.0,5.7,0.08,6.169491525423729,3.43,-0.6432801127683376,0.0,0.01735269472446973
0.0,5.7,0.08,6.169491525423729,3.62,-0.6412557058484225,0.0,0.01735269472446973
0.0,5.7,0.08,6.169491525423729,3.81,-0.6392311062577107,0.0,0.01735269472446973
0.0,5.7,0.08,6.169491525423729,4.0,-0.6372063140152164,0.0,0.01735269472446973
0.0,5.7,0.08,6.4406779661016955,0.2,30.244980944223272,0.0,0.0001456588908853954
0.0,5.7,0.08,6.4406779661016955,0.39,30.245059423095768,0.0,0.0001456588908853954
0.0,5.7,0.08,6.4406779661016955,0.5800000000000001,30.245137903849724,0.0,0.0001456588908853954
0.0,5.7,0.08,6.4406779661016955,0.77,30.245216381756286,0.0,0.0001456588908853954
0.0,5.7,0.08,6.4406779661016955,0.96,30.24529486085016,0.0,0.0001456588908853954
0.0,5.7,0.08,6.4406779661016955,1.15,30.245373334534406,0.0,0.0001456588908853954
0.0,5.7,0.08,6.4406779661016955,1.34,30.245451808173954,0.0,0.0001456588908853954
0.0,5.7,0.08,6.4406779661016955,1.53,30.24553028349321,0.0,0.0001456588908853954
0.0,5.7,0.08,6.4406779661016955,1.72,30.245608760729965,0.0,0.0001456588908853954
0.0,5.7,0.08,6.4406779661016955,1.91,30.245687239837004,0.0,0.0001456588908853954
0.0,5.7,0.08,6.4406779661016955,2.1,30.245765710272565,0.0,0.0001456588908853954
0.0,5.7,0.08,6.4406779661016955,2.29,30.24584417319776,0.0,0.0001456588908853954
0.0,5.7,0.08,6.4406779661016955,2.4800000000000004,30.245922637920017,0.0,0.0001456588908853954
0.0,5.7,0.08,6.4406779661016955,2.6700000000000004,30.246001104505872,0.0,0.0001456588908853954
0.0,5.7,0.08,6.4406779661016955,2.8600000000000003,30.246079572944744,0.0,0.0001456588908853954
0.0,5.7,0.08,6.4406779661016955,3.0500000000000003,30.246158043206734,0.0,0.0001456588908853954
0.0,5.7,0.08,6.4406779661016955,3.24,30.246236515321748,0.0,0.0001456588908853954
0.0,5.7,0.08,6.4406779661016955,3.43,30.246314989308843,0.0,0.0001456588908853954
0.0,5.7,0.08,6.4406779661016955,3.62,30.246393465132073,0.0,0.0001456588908853954
0.0,5.7,0.08,6.4406779661016955,3.81,30.246471942764977,0.0,0.0001456588908853954
0.0,5.7,0.08,6.4406779661016955,4.0,30.24655042227532,0.0,0.0001456588908853954
0.0,5.7,0.08,6.711864406779661,0.2,-0.21506689035745552,0.0,1.944616747494886e-07
0.0,5.7,0.08,6.711864406779661,0.39,-0.21504736030247074,0.0,1.944616747494886e-07
0.0,5.7,0.08,6.711864406779661,0.5800000000000001,-0.21502782975811385,0.0,1.944616747494886e-07
0.0,5.7,0.08,6.711864406779661,0.77,-0.2150082997991163,0.0,1.944616747494886e-07
0.0,5.7,0.08,6.711864406779661,0.96,-0.21498876991786986,0.0,1.944616747494886e-07
0.0,5.7,0.08,6.711864406779661,1.15,-0.21496924125160888,0.0,1.944616747494886e-07
0.0,5.7,0.08,6.711864406779661,1.34,-0.2149497127326221,0.0,1.944616747494886e-07
0.0,5.7,0.08,6.711864406779661,1.53,-0.21493018403095832,0.0,1.944616747494886e-07
0.0,5.7,0.08,6.711864406779661,1.72,-0.2149106550837736,0.0,1.944616747494886e-07
0.0,5.7,0.08,6.711864406779661,1.91,-0.2148911258333115,0.0,1.944616747494886e-07
0.0,5.7,0.08,6.711864406779661,2.1,-0.21487159856048876,0.0,1.944616747494886e-07
0.0,5.7,0.08,6.711864406779661,2.29,-0.2148520730258774,0.0,1.944616747494886e-07
0.0,5.7,0.08,6.711864406779661,2.4800000000000004,-0.21483254719030143,0.0,1.944616747494886e-07
0.0,5.7,0.08,6.711864406779661,2.6700000000000004,-0.2148130211527608,0.0,1.944616747494886e-07
0.0,5.7,0.08,6.711864406779661,2.8600000000000003,-0.21479349485131038,0.0,1.944616747494886e-07
0.0,5.7,0.08,6.711864406779661,3.0500000000000003,-0.2147739683180312,0.0,1.944616747494886e-07
0.0,5.7,0.08,6.711864406779661,3.24,-0.21475444151986167,0.0,1.944616747494886e-07
0.0,5.7,0.08,6.711864406779661,3.43,-0.2147349144493056,0.0,1.944616747494886e-07
0.0,5.7,0.08,6.711864406779661,3.62,-0.21471538712178173,0.0,1.944616747494886e-07
0.0,5.7,0.08,6.711864406779661,3.81,-0.21469585958978854,0.0,1.944616747494886e-07
0.0,5.7,0.08,6.711864406779661,4.0,-0.21467633176576584,0.0,1.944616747494886e-07
0.0,5.7,0.12,5.627118644067797,0.2,14.049795613489096,0.0,0.9908493635455093
0.0,5.7,0.12,5.627118644067797,0.39,14.050660665391554,0.0,0.9908493635455093
0.0,5.7,0.12,5.627118644067797,0.5800000000000001,14.051526021828252,0.0,0.9908493635455093
0.0,5.7,0.12,5.627118644067797,0.77,14.05239108423499,0.0,0.9908493635455093
0.0,5.7,0.12,5.627118644067797,0.96,14.053256380774627,0.0,0.9908493635455093
0.0,5.7,0.12,5.627118644067797,1.15,14.05412105751909,0.0,0.9908493635455093
0.0,5.7,0.12,5.627118644067797,1.34,14.05498579221323,0.0,0.9908493635455093
0.0,5.7,0.12,5.627118644067797,1.53,14.055850831408868,0.0,0.9908493635455093
0.0,5.7,0.12,5.627118644067797,1.72,14.056716175196833,0.0,0.9908493635455093
0.0,5.7,0.12,5.627118644067797,1.91,14.057581823633939,0.0,0.9908493635455093
0.0,5.7,0.12,5.627118644067797,2.1,14.058446456029905,0.0,0.9908493635455093
0.0,5.7,0.12,5.627118644067797,2.29,14.05931020410847,0.0,0.9908493635455093
0.0,5.7,0.12,5.627118644067797,2.4800000000000004,14.060174256502961,0.0,0.9908493635455093
0.0,5.7,0.12,5.627118644067797,2.6700000000000004,14.06103861329273,0.0,0.9908493635455093
0.0,5.7,0.12,5.627118644067797,2.8600000000000003,14.061903274548484,0.0,0.9908493635455093
0.0,5.7,0.12,5.627118644067797,3.0500000000000003,14.06276824034267,0.0,0.9908493635455093
0.0,5.7,0.12,5.627118644067797,3.24,14.063633510743337,0.0,0.9908493635455093
0.0,5.7,0.12,5.627118644067797,3.43,14.064499085827734,0.0,0.9908493635455093
0.0,5.7,0.12,5.627118644067797,3.62,14.065364965668962,0.0,0.9908493635455093
0.0,5.7,0.12,5.627118644067797,3.81,14.066231150337508,0.0,0.9908493635455093
0.0,5.7,0.12,5.627118644067797,4.0,14.06709763990635,0.0,0.9908493635455093
0.0,5.7,0.12,5.898305084745763,0.2,-11.804310808515261,0.0,0.32879394059583383
0.0,5.7,0.12,5.898305084745763,0.39,-11.802785535837927,0.0,0.32879394059583383
0.0,5.7,0.12,5.898305084745763,0.5800000000000001,-11.801259958860996,0.0,0.32879394059583383
0.0,5.7,0.12,5.898305084745763,0.77,-11.799734629949867,0.0,0.32879394059583383
0.0,5.7,0.12,5.898305084745763,0.96,-11.798209061831038,0.0,0.32879394059583383
0.0,5.7,0.12,5.898305084745763,1.15,-11.796684042329083,0.0,0.32879394059583383
0.0,5.7,0.12,5.898305084745763,1.34,-11.795158946192238,0.0,0.32879394059583383
0.0,5.7,0.12,5.898305084745763,1.53,-11.793633545917395,0.0,0.32879394059583383
0.0,5.7,0.12,5.898305084745763,1.72,-11.792107841449784,0.0,0.32879394059583383
0.0,5.7,0.12,5.898305084745763,1.91,-11.79058183274256,0.0,0.32879394059583383
0.0,5.7,0.12,5.898305084745763,2.1,-11.789056738307096,0.0,0.32879394059583383
0.0,5.7,0.12,5.898305084745763,2.29,-11.787532436565307,0.0,0.32879394059583383
0.0,5.7,0.12,5.898305084745763,2.4800000000000004,-11.786007830910599,0.0,0.32879394059583383
0.0,5.7,0.12,5.898305084745763,2.6700000000000004,-11.78448292128634,0.0,0.32879394059583383
0.0,5.7,0.12,5.898305084745763,2.8600000000000003,-11.782957707660138,0.0,0.32879394059583383
0.0,5.7,0.12,5.898305084745763,3.0500000000000003,-11.781432189963056,0.0,0.32879394059583383
0.0,5.7,0.12,5.898305084745763,3.24,-11.779906368171787,0.0,0.32879394059583383
0.0,5.7,0.12,5.898305084745763,3.43,-11.778380242222646,0.0,0.32879394059583383
0.0,5.7,0.12,5.898305084745763,3.62,-11.776853812079715,0.0,0.32879394059583383
0.0,5.7,0.12,5.898305084745763,3.81,-11.775327077691642,0.0,0.32879394059583383
0.0,5.7,0.12,5.898305084745763,4.0,-11.773800038998395,0.0,0.32879394059583383
0.0,5.7,0.12,6.169491525423729,0.2,-0.677688594909938,0.0,0.01735269472446973
0.0,5.7,0.12,6.169491525423729,0.39,-0.6756641358668674,0.0,0.01735269472446973
0.0,5.7,0.12,6.169491525423729,0.5800000000000001,-0.6736394840779951,0.0,0.01735269472446973
0.0,5.7,0.12,6.169491525423729,0.77,-0.6716150974207977,0.0,0.01735269472446973
0.0,5.7,0.12,6.169491525423729,0.96,-0.6695905719664523,0.0,0.01735269472446973
0.0,5.7,0.12,6.169491525423729,1.15,-0.6675665609536594,0.0,0.01735269472446973
0.0,5.7,0.12,6.169491525423729,1.34,-0.6655425458910287,0.0,0.01735269472446973
0.0,5.7,0.12,6.169491525423729,1.53,-0.6635183381267069,0.0,0.01735269472446973
0.0,5.7,0.12,6.169491525423729,1.72,-0.661493937702545,0.0,0.01735269472446973
0.0,5.7,0.12,6.169491525423729,1.91,-0.6594693445794775,0.0,0.01735269472446973
0.0,5.7,0.12,6.169491525423729,2.1,-0.6574455689071357,0.0,0.01735269472446973
0.0,5.7,0.12,6.169491525423729,2.29,-0.6554225099225306,0.0,0.01735269472446973
0.0,5.7,0.12,6.169491525423729,2.4800000000000004,-0.6533992584135291,0.0,0.01735269472446973
0.0,5.7,0.12,6.169491525423729,2.6700000000000004,-0.6513758144130719,0.0,0.01735269472446973
0.0,5.7,0.12,6.169491525423729,2.8600000000000003,-0.6493521778700853,0.0,0.01735269472446973
0.0,5.7,0.12,6.169491525423729,3.0500000000000003,-0.6473283487598565,0.0,0.01735269472446973
0.0,5.7,0.12,6.169491525423729,3.24,-0.6453043270669809,0.0,0.01735269472446973
0.0,5.7,0.12,6.169491525423729,3.43,-0.6432801127683376,0.0,0.01735269472446973
0.0,5.7,0.12,6.169491525423729,3.62,-0.6412557058484225,0.0,0.01735269472446973
0.0,5.7,0.12,6.169491525423729,3.81,-0.6392311062577107,0.0,0.01735269472446973
0.0,5.7,0.12,6.169491525423729,4.0,-0.6372063140152164,0.0,0.01735269472446973
0.0,5.7,0.12,6.4406779661016955,0.2,30.244980944223272,0.0,0.0001456588908853954
0.0,5.7,0.12,6.4406779661016955,0.39,30.245059423095768,0.0,0.0001456588908853954
0.0,5.7,0.12,6.4406779661016955,0.5800000000000001,30.245137903849724,0.0,0.0001456588908853954
0.0,5.7,0.12,6.4406779661016955,0.77,30.245216381756286,0.0,0.0001456588908853954
0.0,5.7,0.12,6.4406779661016955,0.96,30.24529486085016,0.0,0.0001456588908853954
0.0,5.7,0.12,6.4406779661016955,1.15,30.245373334534406,0.0,0.0001456588908853954
0.0,5.7,0.12,6.4406779661016955,1.34,30.245451808173954,0.0,0.0001456588908853954
0.0,5.7,0.12,6.4406779661016955,1.53,30.24553028349321,0.0,0.0001456588908853954
0.0,5.7,0.12,6.4406779661016955,1.72,30.245608760729965,0.0,0.0001456588908853954
0.0,5.7,0.12,6.4406779661016955,1.91,30.245687239837004,0.0,0.0001456588908853954
0.0,5.7,0.12,6.4406779661016955,2.1,30.245765710272565,0.0,0.0001456588908853954
0.0,5.7,0.12,6.4406779661016955,2.29,30.24584417319776,0.0,0.0001456588908853954
0.0,5.7,0.12,6.4406779661016955,2.4800000000000004,30.245922637920017,0.0,0.0001456588908853954
0.0,5.7,0.12,6.4406779661016955,2.6700000000000004,30.246001104505872,0.0,0.0001456588908853954
0.0,5.7,0.12,6.4406779661016955,2.8600000000000003,30.246079572944744,0.0,0.0001456588908853954
0.0,5.7,0.12,6.4406779661016955,3.0500000000000003,30.246158043206734,0.0,0.0001456588908853954
0.0,5.7,0.12,6.4406779661016955,3.24,30.246236515321748,0.0,0.0001456588908853954
0.0,5.7,0.12,6.4406779661016955,3.43,30.246314989308843,0.0,0.0001456588908853954
0.0,5.7,0.12,6.4406779661016955,3.62,30.246393465132073,0.0,0.0001456588908853954
0.0,5.7,0.12,6.4406779661016955,3.81,30.246471942764977,0.0,0.0001456588908853954
0.0,5.7,0.12,6.4406779661016955,4.0,30.24655042227532,0.0,0.0001456588908853954
0.0,5.7,0.12,6.711864406779661,0.2,-0.21506689035745552,0.0,1.944616747494886e-07
0.0,5.7,0.12,6.711864406779661,0.39,-0.21504736030247074,0.0,1.944616747494886e-07
0.0,5.7,0.12,6.711864406779661,0.5800000000000001,-0.21502782975811385,0.0,1.944616747494886e-07
0.0,5.7,0.12,6.711864406779661,0.77,-0.2150082997991163,0.0,1.944616747494886e-07
0.0,5.7,0.12,6.711864406779661,0.96,-0.21498876991786986,0.0,1.944616747494886e-07
0.0,5.7,0.12,6.711864406779661,1.15,-0.21496924125160888,0.0,1.944616747494886e-07
0.0,5.7,0.12,6.711864406779661,1.34,-0.2149497127326221,0.0,1.944616747494886e-07
0.0,5.7,0.12,6.711864406779661,1.53,-0.21493018403095832,0.0,1.944616747494886e-07
0.0,5.7,0.12,6.711864406779661,1.72,-0.2149106550837736,0.0,1.944616747494886e-07
0.0,5.7,0.12,6.711864406779661,1.91,-0.2148911258333115,0.0,1.944616747494886e-07
0.0,5.7,0.12,6.711864406779661,2.1,-0.21487159856048876,0.0,1.944616747494886e-07
0.0,5.7,0.12,6.711864406779661,2.29,-0.2148520730258774,0.0,1.944616747494886e-07
0.0,5.7,0.12,6.711864406779661,2.4800000000000004,-0.21483254719030143,0.0,1.944616747494886e-07
0.0,5.7,0.12,6.711864406779661,2.6700000000000004,-0.2148130211527608,0.0,1.944616747494886e-07
0.0,5.7,0.12,6.711864406779661,2.8600000000000003,-0.21479349485131038,0.0,1.944616747494886e-07
0.0,5.7,0.12,6.711864406779661,3.0500000000000003,-0.2147739683180312,0.0,1.944616747494886e-07
0.0,5.7,0.12,6.711864406779661,3.24,-0.21475444151986167,0.0,1.944616747494886e-07
0.0,5.7,0.12,6.711864406779661,3.43,-0.2147349144493056,0.0,1.944616747494886e-07
0.0,5.7,0.12,6.711864406779661,3.62,-0.21471538712178173,0.0,1.944616747494886e-07
0.0,5.7,0.12,6.711864406779661,3.81,-0.21469585958978854,0.0,1.944616747494886e-07
0.0,5.7,0.12,6.711864406779661,4.0,-0.21467633176576584,0.0,1.944616747494886e-07
0.0,5.7,0.16,5.627118644067797,0.2,14.049795613489096,0.0,0.9908493635455093
0.0,5.7,0.16,5.627118644067797,0.39,14.050660665391554,0.0,0.9908493635455093
0.0,5.7,0.16,5.627118644067797,0.5800000000000001,14.051526021828252,0.0,0.9908493635455093
0.0,5.7,0.16,5.627118644067797,0.77,14.05239108423499,0.0,0.9908493635455093
0.0,5.7,0.16,5.627118644067797,0.96,14.053256380774627,0.0,0.9908493635455093
0.0,5.7,0.16,5.627118644067797,1.15,14.05412105751909,0.0,0.9908493635455093
0.0,5.7,0.16,5.627118644067797,1.34,14.05498579221323,0.0,0.9908493635455093
0.0,5.7,0.16,5.627118644067797,1.53,14.055850831408868,0.0,0.9908493635455093
0.0,5.7,0.16,5.627118644067797,1.72,14.056716175196833,0.0,0.9908493635455093
0.0,5.7,0.16,5.627118644067797,1.91,14.057581823633939,0.0,0.9908493635455093
0.0,5.7,0.16,5.627118644067797,2.1,14.058446456029905,0.0,0.9908493635455093
0.0,5.7,0.16,5.627118644067797,2.29,14.05931020410847,0.0,0.9908493635455093
0.0,5.7,0.16,5.627118644067797,2.4800000000000004,14.060174256502961,0.0,0.9908493635455093
0.0,5.7,0.16,5.627118644067797,2.6700000000000004,14.06103861329273,0.0,0.9908493635455093
0.0,5.7,0.16,5.627118644067797,2.8600000000000003,14.061903274548484,0.0,0.9908493635455093
0.0,5.7,0.16,5.627118644067797,3.0500000000000003,14.06276824034267,0.0,0.9908493635455093
0.0,5.7,0.16,5.627118644067797,3.24,14.063633510743337,0.0,0.9908493635455093
0.0,5.7,0.16,5.627118644067797,3.43,14.064499085827734,0.0,0.9908493635455093
0.0,5.7,0.16,5.627118644067797,3.62,14.065364965668962,0.0,0.9908493635455093
0.0,5.7,0.16,5.627118644067797,3.81,14.066231150337508,0.0,0.9908493635455093
0.0,5.7,0.16,5.627118644067797,4.0,14.06709763990635,0.0,0.9908493635455093
0.0,5.7,0.16,5.898305084745763,0.2,-11.804310808515261,0.0,0.32879394059583383
0.0,5.7,0.16,5.898305084745763,0.39,-11.802785535837927,0.0,0.32879394059583383
0.0,5.7,0.16,5.898305084745763,0.5800000000000001,-11.801259958860996,0.0,0.32879394059583383
0.0,5.7,0.16,5.898305084745763,0.77,-11.799734629949867,0.0,0.32879394059583383
0.0,5.7,0.16,5.898305084745763,0.96,-11.798209061831038,0.0,0.32879394059583383
0.0,5.7,0.16,5.898305084745763,1.15,-11.796684042329083,0.0,0.32879394059583383
0.0,5.7,0.16,5.898305084745763,1.34,-11.795158946192238,0.0,0.32879394059583383
0.0,5.7,0.16,5.898305084745763,1.53,-11.793633545917395,0.0,0.32879394059583383
0.0,5.7,0.16,5.898305084745763,1.72,-11.792107841449784,0.0,0.32879394059583383
0.0,5.7,0.16,5.898305084745763,1.91,-11.79058183274256,0.0,0.32879394059583383
0.0,5.7,0.16,5.898305084745763,2.1,-11.789056738307096,0.0,0.32879394059583383
0.0,5.7,0.16,5.898305084745763,2.29,-11.787532436565307,0.0,0.32879394059583383
0.0,5.7,0.16,5.898305084745763,2.4800000000000004,-11.786007830910599,0.0,0.32879394059583383
0.0,5.7,0.16,5.898305084745763,2.6700000000000004,-11.78448292128634,0.0,0.32879394059583383
0.0,5.7,0.16,5.898305084745763,2.8600000000000003,-11.782957707660138,0.0,0.32879394059583383
0.0,5.7,0.16,5.898305084745763,3.0500000000000003,-11.781432189963056,0.0,0.32879394059583383
0.0,5.7,0.16,5.898305084745763,3.24,-11.779906368171787,0.0,0.32879394059583383
0.0,5.7,0.16,5.898305084745763,3.43,-11.778380242222646,0.0,0.32879394059583383
0.0,5.7,0.16,5.898305084745763,3.62,-11.776853812079715,0.0,0.32879394059583383
0.0,5.7,0.16,5.898305084745763,3.81,-11.775327077691642,0.0,0.32879394059583383
0.0,5.7,0.16,5.898305084745763,4.0,-11.773800038998395,0.0,0.32879394059583383
0.0,5.7,0.16,6.169491525423729,0.2,-0.677688594909938,0.0,0.01735269472446973
0.0,5.7,0.16,6.169491525423729,0.39,-0.6756641358668674,0.0,0.01735269472446973
0.0,5.7,0.16,6.169491525423729,0.5800000000000001,-0.6736394840779951,0.0,0.01735269472446973
0.0,5.7,0.16,6.169491525423729,0.77,-0.6716150974207977,0.0,0.01735269472446973
0.0,5.7,0.16,6.169491525423729,0.96,-0.6695905719664523,0.0,0.01735269472446973
0.0,5.7,0.16,6.169491525423729,1.15,-0.6675665609536594,0.0,0.01735269472446973
0.0,5.7,0.16,6.169491525423729,1.34,-0.6655425458910287,0.0,0.01735269472446973
0.0,5.7,0.16,6.169491525423729,1.53,-0.6635183381267069,0.0,0.01735269472446973
0.0,5.7,0.16,6.169491525423729,1.72,-0.661493937702545,0.0,0.01735269472446973
0.0,5.7,0.16,6.169491525423729,1.91,-0.6594693445794775,0.0,0.01735269472446973
0.0,5.7,0.16,6.169491525423729,2.1,-0.6574455689071357,0.0,0.01735269472446973
0.0,5.7,0.16,6.169491525423729,2.29,-0.6554225099225306,0.0,0.01735269472446973
0.0,5.7,0.16,6.169491525423729,2.4800000000000004,-0.6533992584135291,0.0,0.01735269472446973
0.0,5.7,0.16,6.169491525423729,2.6700000000000004,-0.6513758144130719,0.0,0.01735269472446973
0.0,5.7,0.16,6.169491525423729,2.8600000000000003,-0.6493521778700853,0.0,0.01735269472446973
0.0,5.7,0.16,6.169491525423729,3.0500000000000003,-0.6473283487598565,0.0,0.01735269472446973
0.0,5.7,0.16,6.169491525423729,3.24,-0.6453043270669809,0.0,0.01735269472446973
0.0,5.7,0.16,6.169491525423729,3.43,-0.6432801127683376,0.0,0.01735269472446973
0.0,5.7,0.16,6.169491525423729,3.62,-0.6412557058484225,0.0,0.01735269472446973
0.0,5.7,0.16,6.169491525423729,3.81,-0.6392311062577107,0.0,0.01735269472446973
0.0,5.7,0.16,6.169491525423729,4.0,-0.6372063140152164,0.0,0.01735269472446973
0.0,5.7,0.16,6.4406779661016955,0.2,30.244980944223272,0.0,0.0001456588908853954
0.0,5.7,0.16,6.4406779661016955,0.39,30.245059423095768,0.0,0.0001456588908853954
0.0,5.7,0.16,6.4406779661016955,0.5800000000000001,30.245137903849724,0.0,0.0001456588908853954
0.0,5.7,0.16,6.4406779661016955,0.77,30.245216381756286,0.0,0.0001456588908853954
0.0,5.7,0.16,6.4406779661016955,0.96,30.24529486085016,0.0,0.0001456588908853954
0.0,5.7,0.16,6.4406779661016955,1.15,30.245373334534406,0.0,0.0001456588908853954
0.0,5.7,0.16,6.4406779661016955,1.34,30.245451808173954,0.0,0.0001456588908853954
0.0,5.7,0.16,6.4406779661016955,1.53,30.24553028349321,0.0,0.0001456588908853954
0.0,5.7,0.16,6.4406779661016955,1.72,30.245608760729965,0.0,0.0001456588908853954
0.0,5.7,0.16,6.4406779661016955,1.91,30.245687239837004,0.0,0.0001456588908853954
0.0,5.7,0.16,6.4406779661016955,2.1,30.245765710272565,0.0,0.0001456588908853954
0.0,5.7,0.16,6.4406779661016955,2.29,30.24584417319776,0.0,0.0001456588908853954
0.0,5.7,0.16,6.4406779661016955,2.4800000000000004,30.245922637920017,0.0,0.0001456588908853954
0.0,5.7,0.16,6.4406779661016955,2.6700000000000004,30.246001104505872,0.0,0.0001456588908853954
0.0,5.7,0.16,6.4406779661016955,2.8600000000000003,30.246079572944744,0.0,0.0001456588908853954
0.0,5.7,0.16,6.4406779661016955,3.0500000000000003,30.246158043206734,0.0,0.0001456588908853954
0.0,5.7,0.16,6.4406779661016955,3.24,30.246236515321748,0.0,0.0001456588908853954
0.0,5.7,0.16,6.4406779661016955,3.43,30.246314989308843,0.0,0.0001456588908853954
0.0,5.7,0.16,6.4406779661016955,3.62,30.246393465132073,0.0,0.0001456588908853954
0.0,5.7,0.16,6.4406779661016955,3.81,30.246471942764977,0.0,0.0001456588908853954
0.0,5.7,0.16,6.4406779661016955,4.0,30.24655042227532,0.0,0.0001456588908853954
0.0,5.7,0.16,6.711864406779661,0.2,-0.21506689035745552,0.0,1.944616747494886e-07
0.0,5.7,0.16,6.711864406779661,0.39,-0.21504736030247074,0.0,1.944616747494886e-07
0.0,5.7,0.16,6.711864406779661,0.5800000000000001,-0.21502782975811385,0.0,1.944616747494886e-07
0.0,5.7,0.16,6.711864406779661,0.77,-0.2150082997991163,0.0,1.944616747494886e-07
0.0,5.7,0.16,6.711864406779661,0.96,-0.21498876991786986,0.0,1.944616747494886e-07
0.0,5.7,0.16,6.711864406779661,1.15,-0.21496924125160888,0.0,1.944616747494886e-07
0.0,5.7,0.16,6.711864406779661,1.34,-0.2149497127326221,0.0,1.944616747494886e-07
0.0,5.7,0.16,6.711864406779661,1.53,-0.21493018403095832,0.0,1.944616747494886e-07
0.0,5.7,0.16,6.711864406779661,1.72,-0.2149106550837736,0.0,1.944616747494886e-07
0.0,5.7,0.16,6.711864406779661,1.91,-0.2148911258333115,0.0,1.944616747494886e-07
0.0,5.7,0.16,6.711864406779661,2.1,-0.21487159856048876,0.0,1.944616747494886e-07
0.0,5.7,0.16,6.711864406779661,2.29,-0.2148520730258774,0.0,1.944616747494886e-07
0.0,5.7,0.16,6.711864406779661,2.4800000000000004,-0.21483254719030143,0.0,1.944616747494886e-07
0.0,5.7,0.16,6.711864406779661,2.6700000000000004,-0.2148130211527608,0.0,1.944616747494886e-07
0.0,5.7,0.16,6.711864406779661,2.8600000000000003,-0.21479349485131038,0.0,1.944616747494886e-07
0.0,5.7,0.16,6.711864406779661,3.0500000000000003,-0.2147739683180312,0.0,1.944616747494886e-07
0.0,5.7,0.16,6.711864406779661,3.24,-0.21475444151986167,0.0,1.944616747494886e-07
0.0,5.7,0.16,6.711864406779661,3.43,-0.2147349144493056,0.0,1.944616747494886e-07
0.0,5.7,0.16,6.711864406779661,3.62,-0.21471538712178173,0.0,1.944616747494886e-07
0.0,5.7,0.16,6.711864406779661,3.81,-0.21469585958978854,0.0,1.944616747494886e-07
0.0,5.7,0.16,6.711864406779661,4.0,-0.21467633176576584,0.0,1.944616747494886e-07
0.0,5.76,0.08,5.627118644067797,0.2,14.049795613489096,0.0,0.9908493635455093
0.0,5.76,0.08,5.627118644067797,0.39,14.050660665391554,0.0,0.9908493635455093
0.0,5.76,0.08,5.627118644067797,0.5800000000000001,14.051526021828252,0.0,0.9908493635455093
0.0,5.76,0.08,5.627118644067797,0.77,14.05239108423499,0.0,0.9908493635455093
0.0,5.76,0.08,5.627118644067797,0.96,14.053256380774627,0.0,0.9908493635455093
0.0,5.76,0.08,5.627118644067797,1.15,14.05412105751909,0.0,0.9908493635455093
0.0,5.76,0.08,5.627118644067797,1.34,14.05498579221323,0.0,0.9908493635455093
0.0,5.76,0.08,5.627118644067797,1.53,14.055850831408868,0.0,0.9908493635455093
0.0,5.76,0.08,5.627118644067797,1.72,14.056716175196833,0.0,0.9908493635455093
0.0,5.76,0.08,5.627118644067797,1.91,14.057581823633939,0.0,0.9908493635455093
0.0,5.76,0.08,5.627118644067797,2.1,14.058446456029905,0.0,0.9908493635455093
0.0,5.76,0.08,5.627118644067797,2.29,14.05931020410847,0.0,0.9908493635455093
0.0,5.76,0.08,5.627118644067797,2.4800000000000004,14.060174256502961,0.0,0.9908493635455093
0.0,5.76,0.08,5.627118644067797,2.6700000000000004,14.06103861329273,0.0,0.9908493635455093
0.0,5.76,0.08,5.627118644067797,2.8600000000000003,14.061903274548484,0.0,0.9908493635455093
0.0,5.76,0.08,5.627118644067797,3.0500000000000003,14.06276824034267,0.0,0.9908493635455093
0.0,5.76,0.08,5.627118644067797,3.24,14.063633510743337,0.0,0.9908493635455093
0.0,5.76,0.08,5.627118644067797,3.43,14.064499085827734,0.0,0.9908493635455093
0.0,5.76,0.08,5.627118644067797,3.62,14.065364965668962,0.0,0.9908493635455093
0.0,5.76,0.08,5.627118644067797,3.81,14.066231150337508,0.0,0.9908493635455093
0.0,5.76,0.08,5.627118644067797,4.0,14.06709763990635,0.0,0.9908493635455093
0.0,5.76,0.08,5.898305084745763,0.2,-11.804310808515261,0.0,0.32879394059583383
0.0,5.76,0.08,5.898305084745763,0.39,-11.802785535837927,0.0,0.32879394059583383
0.0,5.76,0.08,5.898305084745763,0.5800000000000001,-11.801259958860996,0.0,0.32879394059583383
0.0,5.76,0.08,5.898305084745763,0.77,-11.799734629949867,0.0,0.32879394059583383
0.0,5.76,0.08,5.898305084745763,0.96,-11.798209061831038,0.0,0.32879394059583383
0.0,5.76,0.08,5.898305084745763,1.15,-11.796684042329083,0.0,0.32879394059583383
0.0,5.76,0.08,5.898305084745763,1.34,-11.795158946192238,0.0,0.32879394059583383
0.0,5.76,0.08,5.898305084745763,1.53,-11.793633545917395,0.0,0.32879394059583383
0.0,5.76,0.08,5.898305084745763,1.72,-11.792107841449784,0.0,0.32879394059583383
0.0,5.76,0.08,5.898305084745763,1.91,-11.79058183274256,0.0,0.32879394059583383
0.0,5.76,0.08,5.898305084745763,2.1,-11.789056738307096,0.0,0.32879394059583383
0.0,5.76,0.08,5.898305084745763,2.29,-11.787532436565307,0.0,0.32879394059583383
0.0,5.76,0.08,5.898305084745763,2.4800000000000004,-11.786007830910599,0.0,0.32879394059583383
0.0,5.76,0.08,5.898305084745763,2.6700000000000004,-11.78448292128634,0.0,0.32879394059583383
0.0,5.76,0.08,5.898305084745763,2.8600000000000003,-11.782957707660138,0.0,0.32879394059583383
0.0,5.76,0.08,5.898305084745763,3.0500000000000003,-11.781432189963056,0.0,0.32879394059583383
0.0,5.76,0.08,5.898305084745763,3.24,-11.779906368171787,0.0,0.32879394059583383
0.0,5.76,0.08,5.898305084745763,3.43,-11.778380242222646,0.0,0.32879394059583383
0.0,5.76,0.08,5.898305084745763,3.62,-11.776853812079715,0.0,0.32879394059583383
0.0,5.76,0.08,5.898305084745763,3.81,-11.775327077691642,0.0,0.32879394059583383
0.0,5.76,0.08,5.898305084745763,4.0,-11.773800038998395,0.0,0.32879394059583383
0.0,5.76,0.08,6.169491525423729,0.2,-0.677688594909938,0.0,0.01735269472446973
0.0,5.76,0.08,6.169491525423729,0.39,-0.6756641358668674,0.0,0.01735269472446973
0.0,5.76,0.08,6.169491525423729,0.5800000000000001,-0.6736394840779951,0.0,0.01735269472446973
0.0,5.76,0.08,6.169491525423729,0.77,-0.6716150974207977,0.0,0.01735269472446973
0.0,5.76,0.08,6.169491525423729,0.96,-0.6695905719664523,0.0,0.01735269472446973
0.0,5.76,0.08,6.169491525423729,1.15,-0.6675665609536594,0.0,0.01735269472446973
0.0,5.76,0.08,6.169491525423729,1.34,-0.6655425458910287,0.0,0.01735269472446973
0.0,5.76,0.08,6.169491525423729,1.53,-0.6635183381267069,0.0,0.01735269472446973
0.0,5.76,0.08,6.169491525423729,1.72,-0.661493937702545,0.0,0.01735269472446973
0.0,5.76,0.08,6.169491525423729,1.91,-0.6594693445794775,0.0,0.01735269472446973
0.0,5.76,0.08,6.169491525423729,2.1,-0.6574455689071357,0.0,0.01735269472446973
0.0,5.76,0.08,6.169491525423729,2.29,-0.6554225099225306,0.0,0.01735269472446973
0.0,5.76,0.08,6.169491525423729,2.4800000000000004,-0.6533992584135291,0.0,0.01735269472446973
0.0,5.76,0.08,6.169491525423729,2.6700000000000004,-0.6513758144130719,0.0,0.01735269472446973
0.0,5.76,0.08,6.169491525423729,2.8600000000000003,-0.6493521778700853,0.0,0.01735269472446973
0.0,5.76,0.08,6.169491525423729,3.0500000000000003,-0.6473283487598565,0.0,0.01735269472446973
0.0,5.76,0.08,6.169491525423729,3.24,-0.6453043270669809,0.0,0.01735269472446973
0.0,5.76,0.08,6.169491525423729,3.43,-0.6432801127683376,0.0,0.01735269472446973
0.0,5.76,0.08,6.169491525423729,3.62,-0.6412557058484225,0.0,0.01735269472446973
0.0,5.76,0.08,6.169491525423729,3.81,-0.6392311062577107,0.0,0.01735269472446973
0.0,5.76,0.08,6.169491525423729,4.0,-0.6372063140152164,0.0,0.01735269472446973
0.0,5.76,0.08,6.4406779661016955,0.2,30.244980944223272,0.0,0.0001456588908853954
0.0,5.76,0.08,6.4406779661016955,0.39,30.245059423095768,0.0,0.0001456588908853954
0.0,5.76,0.08,6.4406779661016955,0.5800000000000001,30.245137903849724,0.0,0.0001456588908853954
0.0,5.76,0.08,6.4406779661016955,0.77,30.245216381756286,0.0,0.0001456588908853954
0.0,5.76,0.08,6.4406779661016955,0.96,30.24529486085016,0.0,0.0001456588908853954
0.0,5.76,0.08,6.4406779661016955,1.15,30.245373334534406,0.0,0.0001456588908853954
0.0,5.76,0.08,6.4406779661016955,1.34,30.245451808173954,0.0,0.0001456588908853954
0.0,5.76,0.08,6.4406779661016955,1.53,30.24553028349321,0.0,0.0001456588908853954
0.0,5.76,0.08,6.4406779661016955,1.72,30.245608760729965,0.0,0.0001456588908853954
0.0,5.76,0.08,6.4406779661016955,1.91,30.245687239837004,0.0,0.0001456588908853954
0.0,5.76,0.08,6.4406779661016955,2.1,30.245765710272565,0.0,0.0001456588908853954
0.0,5.76,0.08,6.4406779661016955,2.29,30.24584417319776,0.0,0.0001456588908853954
0.0,5.76,0.08,6.4406779661016955,2.4800000000000004,30.245922637920017,0.0,0.0001456588908853954
0.0,5.76,0.08,6.4406779661016955,2.6700000000000004,30.246001104505872,0.0,0.0001456588908853954
0.0,5.76,0.08,6.4406779661016955,2.8600000000000003,30.246079572944744,0.0,0.0001456588908853954
0.0,5.76,0.08,6.4406779661016955,3.0500000000000003,30.246158043206734,0.0,0.0001456588908853954
0.0,5.76,0.08,6.4406779661016955,3.24,30.246236515321748,0.0,0.0001456588908853954
0.0,5.76,0.08,6.4406779661016955,3.43,30.246314989308843,0.0,0.0001456588908853954
0.0,5.76,0.08,6.4406779661016955,3.62,30.246393465132073,0.0,0.0001456588908853954
0.0,5.76,0.08,6.4406779661016955,3.81,30.246471942764977,0.0,0.0001456588908853954
0.0,5.76,0.08,6.4406779661016955,4.0,30.24655042227532,0.0,0.0001456588908853954
0.0,5.76,0.08,6.711864406779661,0.2,-0.21506689035745552,0.0,1.944616747494886e-07
0.0,5.76,0.08,6.711864406779661,0.39,-0.21504736030247074,0.0,1.944616747494886e-07
0.0,5.76,0.08,6.711864406779661,0.5800000000000001,-0.21502782975811385,0.0,1.944616747494886e-07
0.0,5.76,0.08,6.711864406779661,0.77,-0.2150082997991163,0.0,1.944616747494886e-07
0.0,5.76,0.08,6.711864406779661,0.96,-0.21498876991786986,0.0,1.944616747494886e-07
0.0,5.76,0.08,6.711864406779661,1.15,-0.21496924125160888,0.0,1.944616747494886e-07
0.0,5.76,0.08,6.711864406779661,1.34,-0.2149497127326221,0.0,1.944616747494886e-07
0.0,5.76,0.08,6.711864406779661,1.53,-0.21493018403095832,0.0,1.944616747494886e-07
0.0,5.76,0.08,6.711864406779661,1.72,-0.2149106550837736,0.0,1.944616747494886e-07
0.0,5.76,0.08,6.711864406779661,1.91,-0.2148911258333115,0.0,1.944616747494886e-07
0.0,5.76,0.08,6.711864406779661,2.1,-0.21487159856048876,0.0,1.944616747494886e-07
0.0,5.76,0.08,6.711864406779661,2.29,-0.2148520730258774,0.0,1.944616747494886e-07
0.0,5.76,0.08,6.711864406779661,2.4800000000000004,-0.21483254719030143,0.0,1.944616747494886e-07
0.0,5.76,0.08,6.711864406779661,2.6700000000000004,-0.2148130211527608,0.0,1.944616747494886e-07
0.0,5.76,0.08,6.711864406779661,2.8600000000000003,-0.21479349485131038,0.0,1.944616747494886e-07
0.0,5.76,0.08,6.711864406779661,3.0500000000000003,-0.2147739683180312,0.0,1.944616747494886e-07
0.0,5.76,0.08,6.711864406779661,3.24,-0.21475444151986167,0.0,1.944616747494886e-07
0.0,5.76,0.08,6.711864406779661,3.43,-0.2147349144493056,0.0,1.944616747494886e-07
0.0,5.76,0.08,6.711864406779661,3.62,-0.21471538712178173,0.0,1.944616747494886e-07
0.0,5.76,0.08,6.711864406779661,3.81,-0.21469585958978854,0.0,1.944616747494886e-07
0.0,5.76,0.08,6.711864406779661,4.0,-0.21467633176576584,0.0,1.944616747494886e-07
0.0,5.76,0.12,5.627118644067797,0.2,14.049795613489096,0.0,0.9908493635455093
0.0,5.76,0.12,5.627118644067797,0.39,14.050660665391554,0.0,0.9908493635455093
0.0,5.76,0.12,5.627118644067797,0.5800000000000001,14.051526021828252,0.0,0.9908493635455093
0.0,5.76,0.12,5.627118644067797,0.77,14.05239108423499,0.0,0.9908493635455093
0.0,5.76,0.12,5.627118644067797,0.96,14.053256380774627,0.0,0.9908493635455093
0.0,5.76,0.12,5.627118644067797,1.15,14.05412105751909,0.0,0.9908493635455093
0.0,5.76,0.12,5.627118644067797,1.34,14.05498579221323,0.0,0.9908493635455093
0.0,5.76,0.12,5.627118644067797,1.53,14.055850831408868,0.0,0.9908493635455093
0.0,5.76,0.12,5.627118644067797,1.72,14.056716175196833,0.0,0.9908493635455093
0.0,5.76,0.12,5.627118644067797,1.91,14.057581823633939,0.0,0.9908493635455093
0.0,5.76,0.12,5.627118644067797,2.1,14.058446456029905,0.0,0.9908493635455093
0.0,5.76,0.12,5.627118644067797,2.29,14.05931020410847,0.0,0.9908493635455093
0.0,5.76,0.12,5.627118644067797,2.4800000000000004,14.060174256502961,0.0,0.9908493635455093
0.0,5.76,0.12,5.627118644067797,2.6700000000000004,14.06103861329273,0.0,0.9908493635455093
0.0,5.76,0.12,5.627118644067797,2.8600000000000003,14.061903274548484,0.0,0.9908493635455093
0.0,5.76,0.12,5.627118644067797,3.0500000000000003,14.06276824034267,0.0,0.9908493635455093
0.0,5.76,0.12,5.627118644067797,3.24,14.063633510743337,0.0,0.9908493635455093
0.0,5.76,0.12,5.627118644067797,3.43,14.064499085827734,0.0,0.9908493635455093
0.0,5.76,0.12,5.627118644067797,3.62,14.065364965668962,0.0,0.9908493635455093
0.0,5.76,0.12,5.627118644067797,3.81,14.066231150337508,0.0,0.9908493635455093
0.0,5.76,0.12,5.627118644067797,4.0,14.06709763990635,0.0,0.9908493635455093
0.0,5.76,0.12,5.898305084745763,0.2,-11.804310808515261,0.0,0.32879394059583383
0.0,5.76,0.12,5.898305084745763,0.39,-11.802785535837927,0.0,0.32879394059583383
0.0,5.76,0.12,5.898305084745763,0.5800000000000001,-11.801259958860996,0.0,0.32879394059583383
0.0,5.76,0.12,5.898305084745763,0.77,-11.799734629949867,0.0,0.32879394059583383
0.0,5.76,0.12,5.898305084745763,0.96,-11.798209061831038,0.0,0.32879394059583383
0.0,5.76,0.12,5.898305084745763,1.15,-11.796684042329083,0.0,0.32879394059583383
0.0,5.76,0.12,5.898305084745763,1.34,-11.795158946192238,0.0,0.32879394059583383
0.0,5.76,0.12,5.898305084745763,1.53,-11.793633545917395,0.0,0.32879394059583383
0.0,5.76,0.12,5.898305084745763,1.72,-11.792107841449784,0.0,0.32879394059583383
0.0,5.76,0.12,5.898305084745763,1.91,-11.79058183274256,0.0,0.32879394059583383
0.0,5.76,0.12,5.898305084745763,2.1,-11.789056738307096,0.0,0.32879394059583383
0.0,5.76,0.12,5.898305084745763,2.29,-11.787532436565307,0.0,0.32879394059583383
0.0,5.76,0.12,5.898305084745763,2.4800000000000004,-11.786007830910599,0.0,0.32879394059583383
0.0,5.76,0.12,5.898305084745763,2.6700000000000004,-11.78448292128634,0.0,0.32879394059583383
0.0,5.76,0.12,5.898305084745763,2.8600000000000003,-11.782957707660138,0.0,0.32879394059583383
0.0,5.76,0.12,5.898305084745763,3.0500000000000003,-11.781432189963056,0.0,0.32879394059583383
0.0,5.76,0.12,5.898305084745763,3.24,-11.779906368171787,0.0,0.32879394059583383
0.0,5.76,0.12,5.898305084745763,3.43,-11.778380242222646,0.0,0.32879394059583383
0.0,5.76,0.12,5.898305084745763,3.62,-11.776853812079715,0.0,0.32879394059583383
0.0,5.76,0.12,5.898305084745763,3.81,-11.775327077691642,0.0,0.32879394059583383
0.0,5.76,0.12,5.898305084745763,4.0,-11.773800038998395,0.0,0.32879394059583383
0.0,5.76,0.12,6.169491525423729,0.2,-0.677688594909938,0.0,0.01735269472446973
0.0,5.76,0.12,6.169491525423729,0.39,-0.6756641358668674,0.0,0.01735269472446973
0.0,5.76,0.12,6.169491525423729,0.5800000000000001,-0.6736394840779951,0.0,0.01735269472446973
0.0,5.76,0.12,6.169491525423729,0.77,-0.6716150974207977,0.0,0.01735269472446973
0.0,5.76,0.12,6.169491525423729,0.96,-0.6695905719664523,0.0,0.01735269472446973
0.0,5.76,0.12,6.169491525423729,1.15,-0.6675665609536594,0.0,0.01735269472446973
0.0,5.76,0.12,6.169491525423729,1.34,-0.6655425458910287,0.0,0.01735269472446973
0.0,5.76,0.12,6.169491525423729,1.53,-0.6635183381267069,0.0,0.01735269472446973
0.0,5.76,0.12,6.169491525423729,1.72,-0.661493937702545,0.0,0.01735269472446973
0.0,5.76,0.12,6.169491525423729,1.91,-0.6594693445794775,0.0,0.01735269472446973
0.0,5.76,0.12,6.169491525423729,2.1,-0.6574455689071357,0.0,0.01735269472446973
0.0,5.76,0.12,6.169491525423729,2.29,-0.6554225099225306,0.0,0.01735269472446973
0.0,5.76,0.12,6.169491525423729,2.4800000000000004,-0.6533992584135291,0.0,0.01735269472446973
0.0,5.76,0.12,6.169491525423729,2.6700000000000004,-0.6513758144130719,0.0,0.01735269472446973
0.0,5.76,0.12,6.169491525423729,2.8600000000000003,-0.6493521778700853,0.0,0.01735269472446973
0.0,5.76,0.12,6.169491525423729,3.0500000000000003,-0.6473283487598565,0.0,0.01735269472446973
0.0,5.76,0.12,6.169491525423729,3.24,-0.6453043270669809,0.0,0.01735269472446973
0.0,5.76,0.12,6.169491525423729,3.43,-0.6432801127683376,0.0,0.01735269472446973
0.0,5.76,0.12,6.169491525423729,3.62,-0.6412557058484225,0.0,0.01735269472446973
0.0,5.76,0.12,6.169491525423729,3.81,-0.6392311062577107,0.0,0.01735269472446973
0.0,5.76,0.12,6.169491525423729,4.0,-0.6372063140152164,0.0,0.01735269472446973
0.0,5.76,0.12,6.4406779661016955,0.2,30.244980944223272,0.0,0.0001456588908853954
0.0,5.76,0.12,6.4406779661016955,0.39,30.245059423095768,0.0,0.0001456588908853954
0.0,5.76,0.12,6.4406779661016955,0.5800000000000001,30.245137903849724,0.0,0.0001456588908853954
0.0,5.76,0.12,6.4406779661016955,0.77,30.245216381756286,0.0,0.0001456588908853954
0.0,5.76,0.12,6.4406779661016955,0.96,30.24529486085016,0.0,0.0001456588908853954
0.0,5.76,0.12,6.4406779661016955,1.15,30.245373334534406,0.0,0.0001456588908853954
0.0,5.76,0.12,6.4406779661016955,1.34,30.245451808173954,0.0,0.0001456588908853954
0.0,5.76,0.12,6.4406779661016955,1.53,30.24553028349321,0.0,0.0001456588908853954
0.0,5.76,0.12,6.4406779661016955,1.72,30.245608760729965,0.0,0.0001456588908853954
0.0,5.76,0.12,6.4406779661016955,1.91,30.245687239837004,0.0,0.0001456588908853954
0.0,5.76,0.12,6.4406779661016955,2.1,30.245765710272565,0.0,0.0001456588908853954
0.0,5.76,0.12,6.4406779661016955,2.29,30.24584417319776,0.0,0.0001456588908853954
0.0,5.76,0.12,6.4406779661016955,2.4800000000000004,30.245922637920017,0.0,0.0001456588908853954
0.0,5.76,0.12,6.4406779661016955,2.6700000000000004,30.246001104505872,0.0,0.0001456588908853954
0.0,5.76,0.12,6.4406779661016955,2.8600000000000003,30.246079572944744,0.0,0.0001456588908853954
0.0,5.76,0.12,6.4406779661016955,3.0500000000000003,30.246158043206734,0.0,0.0001456588908853954
0.0,5.76,0.12,6.4406779661016955,3.24,30.246236515321748,0.0,0.0001456588908853954
0.0,5.76,0.12,6.4406779661016955,3.43,30.246314989308843,0.0,0.0001456588908853954
0.0,5.76,0.12,6.4406779661016955,3.62,30.246393465132073,0.0,0.0001456588908853954
0.0,5.76,0.12,6.4406779661016955,3.81,30.246471942764977,0.0,0.0001456588908853954
0.0,5.76,0.12,6.4406779661016955,4.0,30.24655042227532,0.0,0.0001456588908853954
0.0,5.76,0.12,6.711864406779661,0.2,-0.21506689035745552,0.0,1.944616747494886e-07
0.0,5.76,0.12,6.711864406779661,0.39,-0.21504736030247074,0.0,1.944616747494886e-07
0.0,5.76,0.12,6.711864406779661,0.5800000000000001,-0.21502782975811385,0.0,1.944616747494886e-07
0.0,5.76,0.12,6.711864406779661,0.77,-0.2150082997991163,0.0,1.944616747494886e-07
0.0,5.76,0.12,6.711864406779661,0.96,-0.21498876991786986,0.0,1.944616747494886e-07
0.0,5.76,0.12,6.711864406779661,1.15,-0.21496924125160888,0.0,1.944616747494886e-07
0.0,5.76,0.12,6.711864406779661,1.34,-0.2149497127326221,0.0,1.944616747494886e-07
0.0,5.76,0.12,6.711864406779661,1.53,-0.21493018403095832,0.0,1.944616747494886e-07
0.0,5.76,0.12,6.711864406779661,1.72,-0.2149106550837736,0.0,1.944616747494886e-07
0.0,5.76,0.12,6.711864406779661,1.91,-0.2148911258333115,0.0,1.944616747494886e-07
0.0,5.76,0.12,6.711864406779661,2.1,-0.21487159856048876,0.0,1.944616747494886e-07
0.0,5.76,0.12,6.711864406779661,2.29,-0.2148520730258774,0.0,1.944616747494886e-07
0.0,5.76,0.12,6.711864406779661,2.4800000000000004,-0.21483254719030143,0.0,1.944616747494886e-07
0.0,5.76,0.12,6.711864406779661,2.6700000000000004,-0.2148130211527608,0.0,1.944616747494886e-07
0.0,5.76,0.12,6.711864406779661,2.8600000000000003,-0.21479349485131038,0.0,1.944616747494886e-07
0.0,5.76,0.12,6.711864406779661,3.0500000000000003,-0.2147739683180312,0.0,1.944616747494886e-07
0.0,5.76,0.12,6.711864406779661,3.24,-0.21475444151986167,0.0,1.944616747494886e-07
0.0,5.76,0.12,6.711864406779661,3.43,-0.2147349144493056,0.0,1.944616747494886e-07
0.0,5.76,0.12,6.711864406779661,3.62,-0.21471538712178173,0.0,1.944616747494886e-07
0.0,5.76,0.12,6.711864406779661,3.81,-0.21469585958978854,0.0,1.944616747494886e-07
0.0,5.76,0.12,6.711864406779661,4.0,-0.21467633176576584,0.0,1.944616747494886e-07
0.0,5.76,0.16,5.627118644067797,0.2,14.049795613489096,0.0,0.9908493635455093
0.0,5.76,0.16,5.627118644067797,0.39,14.050660665391554,0.0,0.9908493635455093
0.0,5.76,0.16,5.627118644067797,0.5800000000000001,14.051526021828252,0.0,0.9908493635455093
0.0,5.76,0.16,5.627118644067797,0.77,14.05239108423499,0.0,0.9908493635455093
0.0,5.76,0.16,5.627118644067797,0.96,14.053256380774627,0.0,0.9908493635455093
0.0,5.76,0.16,5.627118644067797,1.15,14.05412105751909,0.0,0.9908493635455093
0.0,5.76,0.16,5.627118644067797,1.34,14.05498579221323,0.0,0.9908493635455093
0.0,5.76,0.16,5.627118644067797,1.53,14.055850831408868,0.0,0.9908493635455093
0.0,5.76,0.16,5.627118644067797,1.72,14.056716175196833,0.0,0.9908493635455093
0.0,5.76,0.16,5.627118644067797,1.91,14.057581823633939,0.0,0.9908493635455093
0.0,5.76,0.16,5.627118644067797,2.1,14.058446456029905,0.0,0.9908493635455093
0.0,5.76,0.16,5.627118644067797,2.29,14.05931020410847,0.0,0.9908493635455093
0.0,5.76,0.16,5.627118644067797,2.4800000000000004,14.060174256502961,0.0,0.9908493635455093
0.0,5.76,0.16,5.627118644067797,2.6700000000000004,14.06103861329273,0.0,0.9908493635455093
0.0,5.76,0.16,5.627118644067797,2.8600000000000003,14.061903274548484,0.0,0.9908493635455093
0.0,5.76,0.16,5.627118644067797,3.0500000000000003,14.06276824034267,0.0,0.9908493635455093
0.0,5.76,0.16,5.627118644067797,3.24,14.063633510743337,0.0,0.9908493635455093
0.0,5.76,0.16,5.627118644067797,3.43,14.064499085827734,0.0,0.9908493635455093
0.0,5.76,0.16,5.627118644067797,3.62,14.065364965668962,0.0,0.9908493635455093
0.0,5.76,0.16,5.627118644067797,3.81,14.066231150337508,0.0,0.9908493635455093
0.0,5.76,0.16,5.627118644067797,4.0,14.06709763990635,0.0,0.9908493635455093
0.0,5.76,0.16,5.898305084745763,0.2,-11.804310808515261,0.0,0.32879394059583383
0.0,5.76,0.16,5.898305084745763,0.39,-11.802785535837927,0.0,0.32879394059583383
0.0,5.76,0.16,5.898305084745763,0.5800000000000001,-11.801259958860996,0.0,0.32879394059583383
0.0,5.76,0.16,5.898305084745763,0.77,-11.799734629949867,0.0,0.32879394059583383
0.0,5.76,0.16,5.898305084745763,0.96,-11.798209061831038,0.0,0.32879394059583383
0.0,5.76,0.16,5.898305084745763,1.15,-11.796684042329083,0.0,0.32879394059583383
0.0,5.76,0.16,5.898305084745763,1.34,-11.795158946192238,0.0,0.32879394059583383
0.0,5.76,0.16,5.898305084745763,1.53,-11.793633545917395,0.0,0.32879394059583383
0.0,5.76,0.16,5.898305084745763,1.72,-11.792107841449784,0.0,0.32879394059583383
0.0,5.76,0.16,5.898305084745763,1.91,-11.79058183274256,0.0,0.32879394059583383
0.0,5.76,0.16,5.898305084745763,2.1,-11.789056738307096,0.0,0.32879394059583383
0.0,5.76,0.16,5.898305084745763,2.29,-11.787532436565307,0.0,0.32879394059583383
0.0,5.76,0.16,5.898305084745763,2.4800000000000004,-11.786007830910599,0.0,0.32879394059583383
0.0,5.76,0.16,5.898305084745763,2.6700000000000004,-11.78448292128634,0.0,0.32879394059583383
0.0,5.76,0.16,5.898305084745763,2.8600000000000003,-11.782957707660138,0.0,0.32879394059583383
0.0,5.76,0.16,5.898305084745763,3.0500000000000003,-11.781432189963056,0.0,0.32879394059583383
0.0,5.76,0.16,5.898305084745763,3.24,-11.779906368171787,0.0,0.32879394059583383
0.0,5.76,0.16,5.898305084745763,3.43,-11.778380242222646,0.0,0.32879394059583383
0.0,5.76,0.16,5.898305084745763,3.62,-11.776853812079715,0.0,0.32879394059583383
0.0,5.76,0.16,5.898305084745763,3.81,-11.775327077691642,0.0,0.32879394059583383
0.0,5.76,0.16,5.898305084745763,4.0,-11.773800038998395,0.0,0.32879394059583383
0.0,5.76,0.16,6.169491525423729,0.2,-0.677688594909938,0.0,0.01735269472446973
0.0,5.76,0.16,6.169491525423729,0.39,-0.6756641358668674,0.0,0.01735269472446973
0.0,5.76,0.16,6.169491525423729,0.5800000000000001,-0.6736394840779951,0.0,0.01735269472446973
0.0,5.76,0.16,6.169491525423729,0.77,-0.6716150974207977,0.0,0.01735269472446973
0.0,5.76,0.16,6.169491525423729,0.96,-0.6695905719664523,0.0,0.01735269472446973
0.0,5.76,0.16,6.169491525423729,1.15,-0.6675665609536594,0.0,0.01735269472446973
0.0,5.76,0.16,6.169491525423729,1.34,-0.6655425458910287,0.0,0.01735269472446973
0.0,5.76,0.16,6.169491525423729,1.53,-0.6635183381267069,0.0,0.01735269472446973
0.0,5.76,0.16,6.169491525423729,1.72,-0.661493937702545,0.0,0.01735269472446973
0.0,5.76,0.16,6.169491525423729,1.91,-0.6594693445794775,0.0,0.01735269472446973
0.0,5.76,0.16,6.169491525423729,2.1,-0.6574455689071357,0.0,0.01735269472446973
0.0,5.76,0.16,6.169491525423729,2.29,-0.6554225099225306,0.0,0.01735269472446973
0.0,5.76,0.16,6.169491525423729,2.4800000000000004,-0.6533992584135291,0.0,0.01735269472446973
0.0,5.76,0.16,6.169491525423729,2.6700000000000004,-0.6513758144130719,0.0,0.01735269472446973
0.0,5.76,0.16,6.169491525423729,2.8600000000000003,-0.6493521778700853,0.0,0.01735269472446973
0.0,5.76,0.16,6.169491525423729,3.0500000000000003,-0.6473283487598565,0.0,0.01735269472446973
0.0,5.76,0.16,6.169491525423729,3.24,-0.6453043270669809,0.0,0.01735269472446973
0.0,5.76,0.16,6.169491525423729,3.43,-0.6432801127683376,0.0,0.01735269472446973
0.0,5.76,0.16,6.169491525423729,3.62,-0.6412557058484225,0.0,0.01735269472446973
0.0,5.76,0.16,6.169491525423729,3.81,-0.6392311062577107,0.0,0.01735269472446973
0.0,5.76,0.16,6.169491525423729,4.0,-0.6372063140152164,0.0,0.01735269472446973
0.0,5.76,0.16,6.4406779661016955,0.2,30.244980944223272,0.0,0.0001456588908853954
0.0,5.76,0.16,6.4406779661016955,0.39,30.245059423095768,0.0,0.0001456588908853954
0.0,5.76,0.16,6.4406779661016955,0.5800000000000001,30.245137903849724,0.0,0.0001456588908853954
0.0,5.76,0.16,6.4406779661016955,0.77,30.245216381756286,0.0,0.0001456588908853954
0.0,5.76,0.16,6.4406779661016955,0.96,30.24529486085016,0.0,0.0001456588908853954
0.0,5.76,0.16,6.4406779661016955,1.15,30.245373334534406,0.0,0.0001456588908853954
0.0,5.76,0.16,6.4406779661016955,1.34,30.245451808173954,0.0,0.0001456588908853954
0.0,5.76,0.16,6.4406779661016955,1.53,30.24553028349321,0.0,0.0001456588908853954
0.0,5.76,0.16,6.4406779661016955,1.72,30.245608760729965,0.0,0.0001456588908853954
0.0,5.76,0.16,6.4406779661016955,1.91,30.245687239837004,0.0,0.0001456588908853954
0.0,5.76,0.16,6.4406779661016955,2.1,30.245765710272565,0.0,0.0001456588908853954
0.0,5.76,0.16,6.4406779661016955,2.29,30.24584417319776,0.0,0.0001456588908853954
0.0,5.76,0.16,6.4406779661016955,2.4800000000000004,30.245922637920017,0.0,0.0001456588908853954
0.0,5.76,0.16,6.4406779661016955,2.6700000000000004,30.246001104505872,0.0,0.0001456588908853954
0.0,5.76,0.16,6.4406779661016955,2.8600000000000003,30.246079572944744,0.0,0.0001456588908853954
0.0,5.76,0.16,6.4406779661016955,3.0500000000000003,30.246158043206734,0.0,0.0001456588908853954
0.0,5.76,0.16,6.4406779661016955,3.24,30.246236515321748,0.0,0.0001456588908853954
0.0,5.76,0.16,6.4406779661016955,3.43,30.246314989308843,0.0,0.0001456588908853954
0.0,5.76,0.16,6.4406779661016955,3.62,30.246393465132073,0.0,0.0001456588908853954
0.0,5.76,0.16,6.4406779661016955,3.81,30.246471942764977,0.0,0.0001456588908853954
0.0,5.76,0.16,6.4406779661016955,4.0,30.24655042227532,0.0,0.0001456588908853954
0.0,5.76,0.16,6.711864406779661,0.2,-0.21506689035745552,0.0,1.944616747494886e-07
0.0,5.76,0.16,6.711864406779661,0.39,-0.21504736030247074,0.0,1.944616747494886e-07
0.0,5.76,0.16,6.711864406779661,0.5800000000000001,-0.21502782975811385,0.0,1.944616747494886e-07
0.0,5.76,0.16,6.711864406779661,0.77,-0.2150082997991163,0.0,1.944616747494886e-07
0.0,5.76,0.16,6.711864406779661,0.96,-0.21498876991786986,0.0,1.944616747494886e-07
0.0,5.76,0.16,6.711864406779661,1.15,-0.21496924125160888,0.0,1.944616747494886e-07
0.0,5.76,0.16,6.711864406779661,1.34,-0.2149497127326221,0.0,1.944616747494886e-07
0.0,5.76,0.16,6.711864406779661,1.53,-0.21493018403095832,0.0,1.944616747494886e-07
0.0,5.76,0.16,6.711864406779661,1.72,-0.2149106550837736,0.0,1.944616747494886e-07
0.0,5.76,0.16,6.711864406779661,1.91,-0.2148911258333115,0.0,1.944616747494886e-07
0.0,5.76,0.16,6.711864406779661,2.1,-0.21487159856048876,0.0,1.944616747494886e-07
0.0,5.76,0.16,6.711864406779661,2.29,-0.2148520730258774,0.0,1.944616747494886e-07
0.0,5.76,0.16,6.711864406779661,2.4800000000000004,-0.21483254719030143,0.0,1.944616747494886e-07
0.0,5.76,0.16,6.711864406779661,2.6700000000000004,-0.2148130211527608,0.0,1.944616747494886e-07
0.0,5.76,0.16,6.711864406779661,2.8600000000000003,-0.21479349485131038,0.0,1.944616747494886e-07
0.0,5.76,0.16,6.711864406779661,3.0500000000000003,-0.2147739683180312,0.0,1.944616747494886e-07
0.0,5.76,0.16,6.711864406779661,3.24,-0.21475444151986167,0.0,1.944616747494886e-07
0.0,5.76,0.16,6.711864406779661,3.43,-0.2147349144493056,0.0,1.944616747494886e-07
0.0,5.76,0.16,6.711864406779661,3.62,-0.21471538712178173,0.0,1.944616747494886e-07
0.0,5.76,0.16,6.711864406779661,3.81,-0.21469585958978854,0.0,1.944616747494886e-07
0.0,5.76,0.16,6.711864406779661,4.0,-0.21467633176576584,0.0,1.944616747494886e-07
0.0,5.82,0.08,5.627118644067797,0.2,14.049795613489096,0.0,0.9908493635455093
0.0,5.82,0.08,5.627118644067797,0.39,14.050660665391554,0.0,0.9908493635455093
0.0,5.82,0.08,5.627118644067797,0.5800000000000001,14.051526021828252,0.0,0.9908493635455093
0.0,5.82,0.08,5.627118644067797,0.77,14.05239108423499,0.0,0.9908493635455093
0.0,5.82,0.08,5.627118644067797,0.96,14.053256380774627,0.0,0.9908493635455093
0.0,5.82,0.08,5.627118644067797,1.15,14.05412105751909,0.0,0.9908493635455093
0.0,5.82,0.08,5.627118644067797,1.34,14.05498579221323,0.0,0.9908493635455093
0.0,5.82,0.08,5.627118644067797,1.53,14.055850831408868,0.0,0.9908493635455093
0.0,5.82,0.08,5.627118644067797,1.72,14.056716175196833,0.0,0.9908493635455093
0.0,5.82,0.08,5.627118644067797,1.91,14.057581823633939,0.0,0.9908493635455093
0.0,5.82,0.08,5.627118644067797,2.1,14.058446456029905,0.0,0.9908493635455093
0.0,5.82,0.08,5.627118644067797,2.29,14.05931020410847,0.0,0.9908493635455093
0.0,5.82,0.08,5.627118644067797,2.4800000000000004,14.060174256502961,0.0,0.9908493635455093
0.0,5.82,0.08,5.627118644067797,2.6700000000000004,14.06103861329273,0.0,0.9908493635455093
0.0,5.82,0.08,5.627118644067797,2.8600000000000003,14.061903274548484,0.0,0.9908493635455093
0.0,5.82,0.08,5.627118644067797,3.0500000000000003,14.06276824034267,0.0,0.9908493635455093
0.0,5.82,0.08,5.627118644067797,3.24,14.063633510743337,0.0,0.9908493635455093
0.0,5.82,0.08,5.627118644067797,3.43,14.064499085827734,0.0,0.9908493635455093
0.0,5.82,0.08,5.627118644067797,3.62,14.065364965668962,0.0,0.9908493635455093
0.0,5.82,0.08,5.627118644067797,3.81,14.066231150337508,0.0,0.9908493635455093
0.0,5.82,0.08,5.627118644067797,4.0,14.06709763990635,0.0,0.9908493635455093
0.0,5.82,0.08,5.898305084745763,0.2,-11.804310808515261,0.0,0.32879394059583383
0.0,5.82,0.08,5.898305084745763,0.39,-11.802785535837927,0.0,0.32879394059583383
0.0,5.82,0.08,5.898305084745763,0.5800000000000001,-11.801259958860996,0.0,0.32879394059583383
0.0,5.82,0.08,5.898305084745763,0.77,-11.799734629949867,0.0,0.32879394059583383
0.0,5.82,0.08,5.898305084745763,0.96,-11.798209061831038,0.0,0.32879394059583383
0.0,5.82,0.08,5.898305084745763,1.15,-11.796684042329083,0.0,0.32879394059583383
0.0,5.82,0.08,5.898305084745763,1.34,-11.795158946192238,0.0,0.32879394059583383
0.0,5.82,0.08,5.898305084745763,1.53,-11.793633545917395,0.0,0.32879394059583383
0.0,5.82,0.08,5.898305084745763,1.72,-11.792107841449784,0.0,0.32879394059583383
0.0,5.82,0.08,5.898305084745763,1.91,-11.79058183274256,0.0,0.32879394059583383
0.0,5.82,0.08,5.898305084745763,2.1,-11.789056738307096,0.0,0.32879394059583383
0.0,5.82,0.08,5.898305084745763,2.29,-11.787532436565307,0.0,0.32879394059583383
0.0,5.82,0.08,5.898305084745763,2.4800000000000004,-11.786007830910599,0.0,0.32879394059583383
0.0,5.82,0.08,5.898305084745763,2.6700000000000004,-11.78448292128634,0.0,0.32879394059583383
0.0,5.82,0.08,5.898305084745763,2.8600000000000003,-11.782957707660138,0.0,0.32879394059583383
0.0,5.82,0.08,5.898305084745763,3.0500000000000003,-11.781432189963056,0.0,0.32879394059583383
0.0,5.82,0.08,5.898305084745763,3.24,-11.779906368171787,0.0,0.32879394059583383
0.0,5.82,0.08,5.898305084745763,3.43,-11.778380242222646,0.0,0.32879394059583383
0.0,5.82,0.08,5.898305084745763,3.62,-11.776853812079715,0.0,0.32879394059583383
0.0,5.82,0.08,5.898305084745763,3.81,-11.775327077691642,0.0,0.32879394059583383
0.0,5.82,0.08,5.898305084745763,4.0,-11.773800038998395,0.0,0.32879394059583383
0.0,5.82,0.08,6.169491525423729,0.2,-0.677688594909938,0.0,0.01735269472446973
0.0,5.82,0.08,6.169491525423729,0.39,-0.6756641358668674,0.0,0.01735269472446973
0.0,5.82,0.08,6.169491525423729,0.5800000000000001,-0.6736394840779951,0.0,0.01735269472446973
0.0,5.82,0.08,6.169491525423729,0.77,-0.6716150974207977,0.0,0.01735269472446973
0.0,5.82,0.08,6.169491525423729,0.96,-0.6695905719664523,0.0,0.01735269472446973
0.0,5.82,0.08,6.169491525423729,1.15,-0.6675665609536594,0.0,0.01735269472446973
0.0,5.82,0.08,6.169491525423729,1.34,-0.6655425458910287,0.0,0.01735269472446973
0.0,5.82,0.08,6.169491525423729,1.53,-0.6635183381267069,0.0,0.01735269472446973
0.0,5.82,0.08,6.169491525423729,1.72,-0.661493937702545,0.0,0.01735269472446973
0.0,5.82,0.08,6.169491525423729,1.91,-0.6594693445794775,0.0,0.01735269472446973
0.0,5.82,0.08,6.169491525423729,2.1,-0.6574455689071357,0.0,0.01735269472446973
0.0,5.82,0.08,6.169491525423729,2.29,-0.6554225099225306,0.0,0.01735269472446973
0.0,5.82,0.08,6.169491525423729,2.4800000000000004,-0.6533992584135291,0.0,0.01735269472446973
0.0,5.82,0.08,6.169491525423729,2.6700000000000004,-0.6513758144130719,0.0,0.01735269472446973
0.0,5.82,0.08,6.169491525423729,2.8600000000000003,-0.6493521778700853,0.0,0.01735269472446973
0.0,5.82,0.08,6.169491525423729,3.0500000000000003,-0.6473283487598565,0.0,0.01735269472446973
0.0,5.82,0.08,6.169491525423729,3.24,-0.6453043270669809,0.0,0.01735269472446973
0.0,5.82,0.08,6.169491525423729,3.43,-0.6432801127683376,0.0,0.01735269472446973
0.0,5.82,0.08,6.169491525423729,3.62,-0.6412557058484225,0.0,0.01735269472446973
0.0,5.82,0.08,6.169491525423729,3.81,-0.6392311062577107,0.0,0.01735269472446973
0.0,5.82,0.08,6.169491525423729,4.0,-0.6372063140152164,0.0,0.01735269472446973
0.0,5.82,0.08,6.4406779661016955,0.2,30.244980944223272,0.0,0.0001456588908853954
0.0,5.82,0.08,6.4406779661016955,0.39,30.245059423095768,0.0,0.0001456588908853954
0.0,5.82,0.08,6.4406779661016955,0.5800000000000001,30.245137903849724,0.0,0.0001456588908853954
0.0,5.82,0.08,6.4406779661016955,0.77,30.245216381756286,0.0,0.0001456588908853954
0.0,5.82,0.08,6.4406779661016955,0.96,30.24529486085016,0.0,0.0001456588908853954
0.0,5.82,0.08,6.4406779661016955,1.15,30.245373334534406,0.0,0.0001456588908853954
0.0,5.82,0.08,6.4406779661016955,1.34,30.245451808173954,0.0,0.0001456588908853954
0.0,5.82,0.08,6.4406779661016955,1.53,30.24553028349321,0.0,0.0001456588908853954
0.0,5.82,0.08,6.4406779661016955,1.72,30.245608760729965,0.0,0.0001456588908853954
0.0,5.82,0.08,6.4406779661016955,1.91,30.245687239837004,0.0,0.0001456588908853954
0.0,5.82,0.08,6.4406779661016955,2.1,30.245765710272565,0.0,0.0001456588908853954
0.0,5.82,0.08,6.4406779661016955,2.29,30.24584417319776,0.0,0.0001456588908853954
0.0,5.82,0.08,6.4406779661016955,2.4800000000000004,30.245922637920017,0.0,0.0001456588908853954
0.0,5.82,0.08,6.4406779661016955,2.6700000000000004,30.246001104505872,0.0,0.0001456588908853954
0.0,5.82,0.08,6.4406779661016955,2.8600000000000003,30.246079572944744,0.0,0.0001456588908853954
0.0,5.82,0.08,6.4406779661016955,3.0500000000000003,30.246158043206734,0.0,0.0001456588908853954
0.0,5.82,0.08,6.4406779661016955,3.24,30.246236515321748,0.0,0.0001456588908853954
0.0,5.82,0.08,6.4406779661016955,3.43,30.246314989308843,0.0,0.0001456588908853954
0.0,5.82,0.08,6.4406779661016955,3.62,30.246393465132073,0.0,0.0001456588908853954
0.0,5.82,0.08,6.4406779661016955,3.81,30.246471942764977,0.0,0.0001456588908853954
0.0,5.82,0.08,6.4406779661016955,4.0,30.24655042227532,0.0,0.0001456588908853954
0.0,5.82,0.08,6.711864406779661,0.2,-0.21506689035745552,0.0,1.944616747494886e-07
0.0,5.82,0.08,6.711864406779661,0.39,-0.21504736030247074,0.0,1.944616747494886e-07
0.0,5.82,0.08,6.711864406779661,0.5800000000000001,-0.21502782975811385,0.0,1.944616747494886e-07
0.0,5.82,0.08,6.711864406779661,0.77,-0.2150082997991163,0.0,1.944616747494886e-07
0.0,5.82,0.08,6.711864406779661,0.96,-0.21498876991786986,0.0,1.944616747494886e-07
0.0,5.82,0.08,6.711864406779661,1.15,-0.21496924125160888,0.0,1.944616747494886e-07
0.0,5.82,0.08,6.711864406779661,1.34,-0.2149497127326221,0.0,1.944616747494886e-07
0.0,5.82,0.08,6.711864406779661,1.53,-0.21493018403095832,0.0,1.944616747494886e-07
0.0,5.82,0.08,6.711864406779661,1.72,-0.2149106550837736,0.0,1.944616747494886e-07
0.0,5.82,0.08,6.711864406779661,1.91,-0.2148911258333115,0.0,1.944616747494886e-07
0.0,5.82,0.08,6.711864406779661,2.1,-0.21487159856048876,0.0,1.944616747494886e-07
0.0,5.82,0.08,6.711864406779661,2.29,-0.2148520730258774,0.0,1.944616747494886e-07
0.0,5.82,0.08,6.711864406779661,2.4800000000000004,-0.21483254719030143,0.0,1.944616747494886e-07
0.0,5.82,0.08,6.711864406779661,2.6700000000000004,-0.2148130211527608,0.0,1.944616747494886e-07
0.0,5.82,0.08,6.711864406779661,2.8600000000000003,-0.21479349485131038,0.0,1.944616747494886e-07
0.0,5.82,0.08,6.711864406779661,3.0500000000000003,-0.2147739683180312,0.0,1.944616747494886e-07
0.0,5.82,0.08,6.711864406779661,3.24,-0.21475444151986167,0.0,1.944616747494886e-07
0.0,5.82,0.08,6.711864406779661,3.43,-0.2147349144493056,0.0,1.944616747494886e-07
0.0,5.82,0.08,6.711864406779661,3.62,-0.21471538712178173,0.0,1.944616747494886e-07
0.0,5.82,0.08,6.711864406779661,3.81,-0.21469585958978854,0.0,1.944616747494886e-07
0.0,5.82,0.08,6.711864406779661,4.0,-0.21467633176576584,0.0,1.944616747494886e-07
0.0,5.82,0.12,5.627118644067797,0.2,14.049795613489096,0.0,0.9908493635455093
0.0,5.82,0.12,5.627118644067797,0.39,14.050660665391554,0.0,0.9908493635455093
0.0,5.82,0.12,5.627118644067797,0.5800000000000001,14.051526021828252,0.0,0.9908493635455093
0.0,5.82,0.12,5.627118644067797,0.77,14.05239108423499,0.0,0.9908493635455093
0.0,5.82,0.12,5.627118644067797,0.96,14.053256380774627,0.0,0.9908493635455093
0.0,5.82,0.12,5.627118644067797,1.15,14.05412105751909,0.0,0.9908493635455093
0.0,5.82,0.12,5.627118644067797,1.34,14.05498579221323,0.0,0.9908493635455093
0.0,5.82,0.12,5.627118644067797,1.53,14.055850831408868,0.0,0.9908493635455093
0.0,5.82,0.12,5.627118644067797,1.72,14.056716175196833,0.0,0.9908493635455093
0.0,5.82,0.12,5.627118644067797,1.91,14.057581823633939,0.0,0.9908493635455093
0.0,5.82,0.12,5.627118644067797,2.1,14.058446456029905,0.0,0.9908493635455093
0.0,5.82,0.12,5.627118644067797,2.29,14.05931020410847,0.0,0.9908493635455093
0.0,5.82,0.12,5.627118644067797,2.4800000000000004,14.060174256502961,0.0,0.9908493635455093
0.0,5.82,0.12,5.627118644067797,2.6700000000000004,14.06103861329273,0.0,0.9908493635455093
0.0,5.82,0.12,5.627118644067797,2.8600000000000003,14.061903274548484,0.0,0.9908493635455093
0.0,5.82,0.12,5.627118644067797,3.0500000000000003,14.06276824034267,0.0,0.9908493635455093
0.0,5.82,0.12,5.627118644067797,3.24,14.063633510743337,0.0,0.9908493635455093
0.0,5.82,0.12,5.627118644067797,3.43,14.064499085827734,0.0,0.9908493635455093
0.0,5.82,0.12,5.627118644067797,3.62,14.065364965668962,0.0,0.9908493635455093
0.0,5.82,0.12,5.627118644067797,3.81,14.066231150337508,0.0,0.9908493635455093
0.0,5.82,0.12,5.627118644067797,4.0,14.06709763990635,0.0,0.9908493635455093
0.0,5.82,0.12,5.898305084745763,0.2,-11.804310808515261,0.0,0.32879394059583383
0.0,5.82,0.12,5.898305084745763,0.39,-11.802785535837927,0.0,0.32879394059583383
0.0,5.82,0.12,5.898305084745763,0.5800000000000001,-11.801259958860996,0.0,0.32879394059583383
0.0,5.82,0.12,5.898305084745763,0.77,-11.799734629949867,0.0,0.32879394059583383
0.0,5.82,0.12,5.898305084745763,0.96,-11.798209061831038,0.0,0.32879394059583383
0.0,5.82,0.12,5.898305084745763,1.15,-11.796684042329083,0.0,0.32879394059583383
0.0,5.82,0.12,5.898305084745763,1.34,-11.795158946192238,0.0,0.32879394059583383
0.0,5.82,0.12,5.898305084745763,1.53,-11.793633545917395,0.0,0.32879394059583383
0.0,5.82,0.12,5.898305084745763,1.72,-11.792107841449784,0.0,0.32879394059583383
0.0,5.82,0.12,5.898305084745763,1.91,-11.79058183274256,0.0,0.32879394059583383
0.0,5.82,0.12,5.898305084745763,2.1,-11.789056738307096,0.0,0.32879394059583383
0.0,5.82,0.12,5.898305084745763,2.29,-11.787532436565307,0.0,0.32879394059583383
0.0,5.82,0.12,5.898305084745763,2.4800000000000004,-11.786007830910599,0.0,0.32879394059583383
0.0,5.82,0.12,5.898305084745763,2.6700000000000004,-11.78448292128634,0.0,0.32879394059583383
0.0,5.82,0.12,5.898305084745763,2.8600000000000003,-11.782957707660138,0.0,0.32879394059583383
0.0,5.82,0.12,5.898305084745763,3.0500000000000003,-11.781432189963056,0.0,0.32879394059583383
0.0,5.82,0.12,5.898305084745763,3.24,-11.779906368171787,0.0,0.32879394059583383
0.0,5.82,0.12,5.898305084745763,3.43,-11.778380242222646,0.0,0.32879394059583383
0.0,5.82,0.12,5.898305084745763,3.62,-11.776853812079715,0.0,0.32879394059583383
0.0,5.82,0.12,5.898305084745763,3.81,-11.775327077691642,0.0,0.32879394059583383
0.0,5.82,0.12,5.898305084745763,4.0,-11.773800038998395,0.0,0.32879394059583383
0.0,5.82,0.12,6.169491525423729,0.2,-0.677688594909938,0.0,0.01735269472446973
0.0,5.82,0.12,6.169491525423729,0.39,-0.6756641358668674,0.0,0.01735269472446973
0.0,5.82,0.12,6.169491525423729,0.5800000000000001,-0.6736394840779951,0.0,0.01735269472446973
0.0,5.82,0.12,6.169491525423729,0.77,-0.6716150974207977,0.0,0.01735269472446973
0.0,5.82,0.12,6.169491525423729,0.96,-0.6695905719664523,0.0,0.01735269472446973
0.0,5.82,0.12,6.169491525423729,1.15,-0.6675665609536594,0.0,0.01735269472446973
0.0,5.82,0.12,6.169491525423729,1.34,-0.6655425458910287,0.0,0.01735269472446973
0.0,5.82,0.12,6.169491525423729,1.53,-0.6635183381267069,0.0,0.01735269472446973
0.0,5.82,0.12,6.169491525423729,1.72,-0.661493937702545,0.0,0.01735269472446973
0.0,5.82,0.12,6.169491525423729,1.91,-0.6594693445794775,0.0,0.01735269472446973
0.0,5.82,0.12,6.169491525423729,2.1,-0.6574455689071357,0.0,0.01735269472446973
0.0,5.82,0.12,6.169491525423729,2.29,-0.6554225099225306,0.0,0.01735269472446973
0.0,5.82,0.12,6.169491525423729,2.4800000000000004,-0.6533992584135291,0.0,0.01735269472446973
0.0,5.82,0.12,6.169491525423729,2.6700000000000004,-0.6513758144130719,0.0,0.01735269472446973
0.0,5.82,0.12,6.169491525423729,2.8600000000000003,-0.6493521778700853,0.0,0.01735269472446973
0.0,5.82,0.12,6.169491525423729,3.0500000000000003,-0.6473283487598565,0.0,0.01735269472446973
0.0,5.82,0.12,6.169491525423729,3.24,-0.6453043270669809,0.0,0.01735269472446973
0.0,5.82,0.12,6.169491525423729,3.43,-0.6432801127683376,0.0,0.01735269472446973
0.0,5.82,0.12,6.169491525423729,3.62,-0.6412557058484225,0.0,0.01735269472446973
0.0,5.82,0.12,6.169491525423729,3.81,-0.6392311062577107,0.0,0.01735269472446973
0.0,5.82,0.12,6.169491525423729,4.0,-0.6372063140152164,0.0,0.01735269472446973
0.0,5.82,0.12,6.4406779661016955,0.2,30.244980944223272,0.0,0.0001456588908853954
0.0,5.82,0.12,6.4406779661016955,0.39,30.245059423095768,0.0,0.0001456588908853954
0.0,5.82,0.12,6.4406779661016955,0.5800000000000001,30.245137903849724,0.0,0.0001456588908853954
0.0,5.82,0.12,6.4406779661016955,0.77,30.245216381756286,0.0,0.0001456588908853954
0.0,5.82,0.12,6.4406779661016955,0.96,30.24529486085016,0.0,0.0001456588908853954
0.0,5.82,0.12,6.4406779661016955,1.15,30.245373334534406,0.0,0.0001456588908853954
0.0,5.82,0.12,6.4406779661016955,1.34,30.245451808173954,0.0,0.0001456588908853954
0.0,5.82,0.12,6.4406779661016955,1.53,30.24553028349321,0.0,0.0001456588908853954
0.0,5.82,0.12,6.4406779661016955,1.72,30.245608760729965,0.0,0.0001456588908853954
0.0,5.82,0.12,6.4406779661016955,1.91,30.245687239837004,0.0,0.0001456588908853954
0.0,5.82,0.12,6.4406779661016955,2.1,30.245765710272565,0.0,0.0001456588908853954
0.0,5.82,0.12,6.4406779661016955,2.29,30.24584417319776,0.0,0.0001456588908853954
0.0,5.82,0.12,6.4406779661016955,2.4800000000000004,30.245922637920017,0.0,0.0001456588908853954
0.0,5.82,0.12,6.4406779661016955,2.6700000000000004,30.246001104505872,0.0,0.0001456588908853954
0.0,5.82,0.12,6.4406779661016955,2.8600000000000003,30.246079572944744,0.0,0.0001456588908853954
0.0,5.82,0.12,6.4406779661016955,3.0500000000000003,30.246158043206734,0.0,0.0001456588908853954
0.0,5.82,0.12,6.4406779661016955,3.24,30.246236515321748,0.0,0.0001456588908853954
0.0,5.82,0.12,6.4406779661016955,3.43,30.246314989308843,0.0,0.0001456588908853954
0.0,5.82,0.12,6.4406779661016955,3.62,30.246393465132073,0.0,0.0001456588908853954
0.0,5.82,0.12,6.4406779661016955,3.81,30.246471942764977,0.0,0.0001456588908853954
0.0,5.82,0.12,6.4406779661016955,4.0,30.24655042227532,0.0,0.0001456588908853954
0.0,5.82,0.12,6.711864406779661,0.2,-0.21506689035745552,0.0,1.944616747494886e-07
0.0,5.82,0.12,6.711864406779661,0.39,-0.21504736030247074,0.0,1.944616747494886e-07
0.0,5.82,0.12,6.711864406779661,0.5800000000000001,-0.21502782975811385,0.0,1.944616747494886e-07
0.0,5.82,0.12,6.711864406779661,0.77,-0.2150082997991163,0.0,1.944616747494886e-07
0.0,5.82,0.12,6.711864406779661,0.96,-0.21498876991786986,0.0,1.944616747494886e-07
0.0,5.82,0.12,6.711864406779661,1.15,-0.21496924125160888,0.0,1.944616747494886e-07
0.0,5.82,0.12,6.711864406779661,1.34,-0.2149497127326221,0.0,1.944616747494886e-07
0.0,5.82,0.12,6.711864406779661,1.53,-0.21493018403095832,0.0,1.944616747494886e-07
0.0,5.82,0.12,6.711864406779661,1.72,-0.2149106550837736,0.0,1.944616747494886e-07
0.0,5.82,0.12,6.711864406779661,1.91,-0.2148911258333115,0.0,1.944616747494886e-07
0.0,5.82,0.12,6.711864406779661,2.1,-0.21487159856048876,0.0,1.944616747494886e-07
0.0,5.82,0.12,6.711864406779661,2.29,-0.2148520730258774,0.0,1.944616747494886e-07
0.0,5.82,0.12,6.711864406779661,2.4800000000000004,-0.21483254719030143,0.0,1.944616747494886e-07
0.0,5.82,0.12,6.711864406779661,2.6700000000000004,-0.2148130211527608,0.0,1.944616747494886e-07
0.0,5.82,0.12,6.711864406779661,2.8600000000000003,-0.21479349485131038,0.0,1.944616747494886e-07
0.0,5.82,0.12,6.711864406779661,3.0500000000000003,-0.2147739683180312,0.0,1.944616747494886e-07
0.0,5.82,0.12,6.711864406779661,3.24,-0.21475444151986167,0.0,1.944616747494886e-07
0.0,5.82,0.12,6.711864406779661,3.43,-0.2147349144493056,0.0,1.944616747494886e-07
0.0,5.82,0.12,6.711864406779661,3.62,-0.21471538712178173,0.0,1.944616747494886e-07
0.0,5.82,0.12,6.711864406779661,3.81,-0.21469585958978854,0.0,1.944616747494886e-07
0.0,5.82,0.12,6.711864406779661,4.0,-0.21467633176576584,0.0,1.944616747494886e-07
0.0,5.82,0.16,5.627118644067797,0.2,14.049795613489096,0.0,0.9908493635455093
0.0,5.82,0.16,5.627118644067797,0.39,14.050660665391554,0.0,0.9908493635455093
0.0,5.82,0.16,5.627118644067797,0.5800000000000001,14.051526021828252,0.0,0.9908493635455093
0.0,5.82,0.16,5.627118644067797,0.77,14.05239108423499,0.0,0.9908493635455093
0.0,5.82,0.16,5.627118644067797,0.96,14.053256380774627,0.0,0.9908493635455093
0.0,5.82,0.16,5.627118644067797,1.15,14.05412105751909,0.0,0.9908493635455093
0.0,5.82,0.16,5.627118644067797,1.34,14.05498579221323,0.0,0.9908493635455093
0.0,5.82,0.16,5.627118644067797,1.53,14.055850831408868,0.0,0.9908493635455093
0.0,5.82,0.16,5.627118644067797,1.72,14.056716175196833,0.0,0.9908493635455093
0.0,5.82,0.16,5.627118644067797,1.91,14.057581823633939,0.0,0.9908493635455093
0.0,5.82,0.16,5.627118644067797,2.1,14.058446456029905,0.0,0.9908493635455093
0.0,5.82,0.16,5.627118644067797,2.29,14.05931020410847,0.0,0.9908493635455093
0.0,5.82,0.16,5.627118644067797,2.4800000000000004,14.060174256502961,0.0,0.9908493635455093
0.0,5.82,0.16,5.627118644067797,2.6700000000000004,14.06103861329273,0.0,0.9908493635455093
0.0,5.82,0.16,5.627118644067797,2.8600000000000003,14.061903274548484,0.0,0.9908493635455093
0.0,5.82,0.16,5.627118644067797,3.0500000000000003,14.06276824034267,0.0,0.9908493635455093
0.0,5.82,0.16,5.627118644067797,3.24,14.063633510743337,0.0,0.9908493635455093
0.0,5.82,0.16,5.627118644067797,3.43,14.064499085827734,0.0,0.9908493635455093
0.0,5.82,0.16,5.627118644067797,3.62,14.065364965668962,0.0,0.9908493635455093
0.0,5.82,0.16,5.627118644067797,3.81,14.066231150337508,0.0,0.9908493635455093
0.0,5.82,0.16,5.627118644067797,4.0,14.06709763990635,0.0,0.9908493635455093
0.0,5.82,0.16,5.898305084745763,0.2,-11.804310808515261,0.0,0.32879394059583383
0.0,5.82,0.16,5.898305084745763,0.39,-11.802785535837927,0.0,0.32879394059583383
0.0,5.82,0.16,5.898305084745763,0.5800000000000001,-11.801259958860996,0.0,0.32879394059583383
0.0,5.82,0.16,5.898305084745763,0.77,-11.799734629949867,0.0,0.32879394059583383
0.0,5.82,0.16,5.898305084745763,0.96,-11.798209061831038,0.0,0.32879394059583383
0.0,5.82,0.16,5.898305084745763,1.15,-11.796684042329083,0.0,0.32879394059583383
0.0,5.82,0.16,5.898305084745763,1.34,-11.795158946192238,0.0,0.32879394059583383
0.0,5.82,0.16,5.898305084745763,1.53,-11.793633545917395,0.0,0.32879394059583383
0.0,5.82,0.16,5.898305084745763,1.72,-11.792107841449784,0.0,0.32879394059583383
0.0,5.82,0.16,5.898305084745763,1.91,-11.79058183274256,0.0,0.32879394059583383
0.0,5.82,0.16,5.898305084745763,2.1,-11.789056738307096,0.0,0.32879394059583383
0.0,5.82,0.16,5.898305084745763,2.29,-11.787532436565307,0.0,0.32879394059583383
0.0,5.82,0.16,5.898305084745763,2.4800000000000004,-11.786007830910599,0.0,0.32879394059583383
0.0,5.82,0.16,5.898305084745763,2.6700000000000004,-11.78448292128634,0.0,0.32879394059583383
0.0,5.82,0.16,5.898305084745763,2.8600000000000003,-11.782957707660138,0.0,0.32879394059583383
0.0,5.82,0.16,5.898305084745763,3.0500000000000003,-11.781432189963056,0.0,0.32879394059583383
0.0,5.82,0.16,5.898305084745763,3.24,-11.779906368171787,0.0,0.32879394059583383
0.0,5.82,0.16,5.898305084745763,3.43,-11.778380242222646,0.0,0.32879394059583383
0.0,5.82,0.16,5.898305084745763,3.62,-11.776853812079715,0.0,0.32879394059583383
0.0,5.82,0.16,5.898305084745763,3.81,-11.775327077691642,0.0,0.32879394059583383
0.0,5.82,0.16,5.898305084745763,4.0,-11.773800038998395,0.0,0.32879394059583383
0.0,5.82,0.16,6.169491525423729,0.2,-0.677688594909938,0.0,0.01735269472446973
0.0,5.82,0.16,6.169491525423729,0.39,-0.6756641358668674,0.0,0.01735269472446973
0.0,5.82,0.16,6.169491525423729,0.5800000000000001,-0.6736394840779951,0.0,0.01735269472446973
0.0,5.82,0.16,6.169491525423729,0.77,-0.6716150974207977,0.0,0.01735269472446973
0.0,5.82,0.16,6.169491525423729,0.96,-0.6695905719664523,0.0,0.01735269472446973
0.0,5.82,0.16,6.169491525423729,1.15,-0.6675665609536594,0.0,0.01735269472446973
0.0,5.82,0.16,6.169491525423729,1.34,-0.6655425458910287,0.0,0.01735269472446973
0.0,5.82,0.16,6.169491525423729,1.53,-0.6635183381267069,0.0,0.01735269472446973
0.0,5.82,0.16,6.169491525423729,1.72,-0.661493937702545,0.0,0.01735269472446973
0.0,5.82,0.16,6.169491525423729,1.91,-0.6594693445794775,0.0,0.01735269472446973
0.0,5.82,0.16,6.169491525423729,2.1,-0.6574455689071357,0.0,0.01735269472446973
0.0,5.82,0.16,6.169491525423729,2.29,-0.6554225099225306,0.0,0.01735269472446973
0.0,5.82,0.16,6.169491525423729,2.4800000000000004,-0.6533992584135291,0.0,0.01735269472446973
0.0,5.82,0.16,6.169491525423729,2.6700000000000004,-0.6513758144130719,0.0,0.01735269472446973
0.0,5.82,0.16,6.169491525423729,2.8600000000000003,-0.6493521778700853,0.0,0.01735269472446973
0.0,5.82,0.16,6.169491525423729,3.0500000000000003,-0.6473283487598565,0.0,0.01735269472446973
0.0,5.82,0.16,6.169491525423729,3.24,-0.6453043270669809,0.0,0.01735269472446973
0.0,5.82,0.16,6.169491525423729,3.43,-0.6432801127683376,0.0,0.01735269472446973
0.0,5.82,0.16,6.169491525423729,3.62,-0.6412557058484225,0.0,0.01735269472446973
0.0,5.82,0.16,6.169491525423729,3.81,-0.6392311062577107,0.0,0.01735269472446973
0.0,5.82,0.16,6.169491525423729,4.0,-0.6372063140152164,0.0,0.01735269472446973
0.0,5.82,0.16,6.4406779661016955,0.2,30.244980944223272,0.0,0.0001456588908853954
0.0,5.82,0.16,6.4406779661016955,0.39,30.245059423095768,0.0,0.0001456588908853954
0.0,5.82,0.16,6.4406779661016955,0.5800000000000001,30.245137903849724,0.0,0.0001456588908853954
0.0,5.82,0.16,6.4406779661016955,0.77,30.245216381756286,0.0,0.0001456588908853954
0.0,5.82,0.16,6.4406779661016955,0.96,30.24529486085016,0.0,0.0001456588908853954
0.0,5.82,0.16,6.4406779661016955,1.15,30.245373334534406,0.0,0.0001456588908853954
0.0,5.82,0.16,6.4406779661016955,1.34,30.245451808173954,0.0,0.0001456588908853954
0.0,5.82,0.16,6.4406779661016955,1.53,30.24553028349321,0.0,0.0001456588908853954
0.0,5.82,0.16,6.4406779661016955,1.72,30.245608760729965,0.0,0.0001456588908853954
0.0,5.82,0.16,6.4406779661016955,1.91,30.245687239837004,0.0,0.0001456588908853954
0.0,5.82,0.16,6.4406779661016955,2.1,30.245765710272565,0.0,0.0001456588908853954
0.0,5.82,0.16,6.4406779661016955,2.29,30.24584417319776,0.0,0.0001456588908853954
0.0,5.82,0.16,6.4406779661016955,2.4800000000000004,30.245922637920017,0.0,0.0001456588908853954
0.0,5.82,0.16,6.4406779661016955,2.6700000000000004,30.246001104505872,0.0,0.0001456588908853954
0.0,5.82,0.16,6.4406779661016955,2.8600000000000003,30.246079572944744,0.0,0.0001456588908853954
0.0,5.82,0.16,6.4406779661016955,3.0500000000000003,30.246158043206734,0.0,0.0001456588908853954
0.0,5.82,0.16,6.4406779661016955,3.24,30.246236515321748,0.0,0.0001456588908853954
0.0,5.82,0.16,6.4406779661016955,3.43,30.246314989308843,0.0,0.0001456588908853954
0.0,5.82,0.16,6.4406779661016955,3.62,30.246393465132073,0.0,0.0001456588908853954
0.0,5.82,0.16,6.4406779661016955,3.81,30.246471942764977,0.0,0.0001456588908853954
0.0,5.82,0.16,6.4406779661016955,4.0,30.24655042227532,0.0,0.0001456588908853954
0.0,5.82,0.16,6.711864406779661,0.2,-0.21506689035745552,0.0,1.944616747494886e-07
0.0,5.82,0.16,6.711864406779661,0.39,-0.21504736030247074,0.0,1.944616747494886e-07
0.0,5.82,0.16,6.711864406779661,0.5800000000000001,-0.21502782975811385,0.0,1.944616747494886e-07
0.0,5.82,0.16,6.711864406779661,0.77,-0.2150082997991163,0.0,1.944616747494886e-07
0.0,5.82,0.16,6.711864406779661,0.96,-0.21498876991786986,0.0,1.944616747494886e-07
0.0,5.82,0.16,6.711864406779661,1.15,-0.21496924125160888,0.0,1.944616747494886e-07
0.0,5.82,0.16,6.711864406779661,1.34,-0.2149497127326221,0.0,1.944616747494886e-07
0.0,5.82,0.16,6.711864406779661,1.53,-0.21493018403095832,0.0,1.944616747494886e-07
0.0,5.82,0.16,6.711864406779661,1.72,-0.2149106550837736,0.0,1.944616747494886e-07
0.0,5.82,0.16,6.711864406779661,1.91,-0.2148911258333115,0.0,1.944616747494886e-07
0.0,5.82,0.16,6.711864406779661,2.1,-0.21487159856048876,0.0,1.944616747494886e-07
0.0,5.82,0.16,6.711864406779661,2.29,-0.2148520730258774,0.0,1.944616747494886e-07
0.0,5.82,0.16,6.711864406779661,2.4800000000000004,-0.21483254719030143,0.0,1.944616747494886e-07
0.0,5.82,0.16,6.711864406779661,2.6700000000000004,-0.2148130211527608,0.0,1.944616747494886e-07
0.0,5.82,0.16,6.711864406779661,2.8600000000000003,-0.21479349485131038,0.0,1.944616747494886e-07
0.0,5.82,0.16,6.711864406779661,3.0500000000000003,-0.2147739683180312,0.0,1.944616747494886e-07
0.0,5.82,0.16,6.711864406779661,3.24,-0.21475444151986167,0.0,1.944616747494886e-07
0.0,5.82,0.16,6.711864406779661,3.43,-0.2147349144493056,0.0,1.944616747494886e-07
0.0,5.82,0.16,6.711864406779661,3.62,-0.21471538712178173,0.0,1.944616747494886e-07
0.0,5.82,0.16,6.711864406779661,3.81,-0.21469585958978854,0.0,1.944616747494886e-07
0.0,5.82,0.16,6.711864406779661,4.0,-0.21467633176576584,0.0,1.944616747494886e-07
0.25,5.7,0.08,5.627118644067797,0.2,14.050244371755156,0.0,1.0
0.25,5.7,0.08,5.627118644067797,0.39,14.051109446753273,0.0,1.0
0.25,5.7,0.08,5.627118644067797,0.5800000000000001,14.05197482628774,0.0,1.0
0.25,5.7,0.08,5.627118644067797,0.77,14.052839911789711,0.0,1.0
0.25,5.7,0.08,5.627118644067797,0.96,14.053705231426115,0.0,1.0
0.25,5.7,0.08,5.627118644067797,1.15,14.054569931262343,0.0,1.0
0.25,5.7,0.08,5.627118644067797,1.34,14.055434689048418,0.0,1.0
0.25,5.7,0.08,5.627118644067797,1.53,14.05629975133813,0.0,1.0
0.25,5.7,0.08,5.627118644067797,1.72,14.057165118222201,0.0,1.0
0.25,5.7,0.08,5.627118644067797,1.91,14.058030789757524,0.0,1.0
0.25,5.7,0.08,5.627118644067797,2.1,14.058895445243635,0.0,1.0
0.25,5.7,0.08,5.627118644067797,2.29,14.059759216405297,0.0,1.0
0.25,5.7,0.08,5.627118644067797,2.4800000000000004,14.060623291884966,0.0,1.0
0.25,5.7,0.08,5.627118644067797,2.6700000000000004,14.061487671761988,0.0,1.0
0.25,5.7,0.08,5.627118644067797,2.8600000000000003,14.062352356107077,0.0,1.0
0.25,5.7,0.08,5.627118644067797,3.0500000000000003,14.063217344992708,0.0,1.0
0.25,5.7,0.08,5.627118644067797,3.24,14.064082638486894,0.0,1.0
0.25,5.7,0.08,5.627118644067797,3.43,14.064948236666893,0.0,1.0
0.25,5.7,0.08,5.627118644067797,3.62,14.065814139605834,0.0,1.0
0.25,5.7,0.08,5.627118644067797,3.81,14.066680347374167,0.0,1.0
0.25,5.7,0.08,5.627118644067797,4.0,14.067546860044892,0.0,1.0
0.25,5.7,0.08,5.898305084745763,0.2,-11.983443516330489,0.0,0.2814715939379536
0.25,5.7,0.08,5.898305084745763,0.39,-11.981926663016644,0.0,0.2814715939379536
0.25,5.7,0.08,5.898305084745763,0.5800000000000001,-11.980409506236839,0.0,0.2814715939379536
0.25,5.7,0.08,5.898305084745763,0.77,-11.978892596747613,0.0,0.2814715939379536
0.25,5.7,0.08,5.898305084745763,0.96,-11.9773754486951,0.0,0.2814715939379536
0.25,5.7,0.08,5.898305084745763,1.15,-11.975858847608293,0.0,0.2814715939379536
0.25,5.7,0.08,5.898305084745763,1.34,-11.974342170057334,0.0,0.2814715939379536
0.25,5.7,0.08,5.898305084745763,1.53,-11.972825189201785,0.0,0.2814715939379536
0.25,5.7,0.08,5.898305084745763,1.72,-11.971307904987036,0.0,0.2814715939379536
0.25,5.7,0.08,5.898305084745763,1.91,-11.96979031736636,0.0,0.2814715939379536
0.25,5.7,0.08,5.898305084745763,2.1,-11.968273641301238,0.0,0.2814715939379536
0.25,5.7,0.08,5.898305084745763,2.29,-11.96675775556762,0.0,0.2814715939379536
0.25,5.7,0.08,5.898305084745763,2.4800000000000004,-11.965241566753868,0.0,0.2814715939379536
0.25,5.7,0.08,5.898305084745763,2.6700000000000004,-11.96372507480342,0.0,0.2814715939379536
0.25,5.7,0.08,5.898305084745763,2.8600000000000003,-11.962208279684098,0.0,0.2814715939379536
0.25,5.7,0.08,5.898305084745763,3.0500000000000003,-11.960691181327022,0.0,0.2814715939379536
0.25,5.7,0.08,5.898305084745763,3.24,-11.959173779709069,0.0,0.2814715939379536
0.25,5.7,0.08,5.898305084745763,3.43,-11.95765607476661,0.0,0.2814715939379536
0.25,5.7,0.08,5.898305084745763,3.62,-11.956138066463971,0.0,0.2814715939379536
0.25,5.7,0.08,5.898305084745763,3.81,-11.954619754749892,0.0,0.2814715939379536
0.25,5.7,0.08,5.898305084745763,4.0,-11.95310113956441,0.0,0.2814715939379536
0.25,5.7,0.08,6.169491525423729,0.2,-0.6776891182511804,0.0,0.017352614397655394
0.25,5.7,0.08,6.169491525423729,0.39,-0.6756646592264275,0.0,0.017352614397655394
0.25,5.7,0.08,6.169491525423729,0.5800000000000001,-0.673640007455873,0.0,0.017352614397655394
0.25,5.7,0.08,6.169491525423729,0.77,-0.6716156208170077,0.0,0.017352614397655394
0.25,5.7,0.08,6.169491525423729,0.96,-0.6695910953809943,0.0,0.017352614397655394
0.25,5.7,0.08,6.169491525423729,1.15,-0.6675670843865333,0.0,0.017352614397655394
0.25,5.7,0.08,6.169491525423729,1.34,-0.6655430693422204,0.0,0.017352614397655394
0.25,5.7,0.08,6.169491525423729,1.53,-0.6635188615962306,0.0,0.017352614397655394
0.25,5.7,0.08,6.169491525423729,1.72,-0.6614944611904008,0.0,0.017352614397655394
0.25,5.7,0.08,6.169491525423729,1.91,-0.659469868085651,0.0,0.017352614397655394
0.25,5.7,0.08,6.169491525423729,2.1,-0.6574460924316128,0.0,0.017352614397655394
0.25,5.7,0.08,6.169491525423729,2.29,-0.6554230334653397,0.0,0.017352614397655394
0.25,5.7,0.08,6.169491525423729,2.4800000000000004,-0.653399781974656,0.0,0.017352614397655394
0.25,5.7,0.08,6.169491525423729,2.6700000000000004,-0.6513763379925166,0.0,0.017352614397655394
0.25,5.7,0.08,6.169491525423729,2.8600000000000003,-0.6493527014678762,0.0,0.017352614397655394
0.25,5.7,0.08,6.169491525423729,3.0500000000000003,-0.6473288723759509,0.0,0.017352614397655394
0.25,5.7,0.08,6.169491525423729,3.24,-0.645304850701379,0.0,0.017352614397655394
0.25,5.7,0.08,6.169491525423729,3.43,-0.6432806364210819,0.0,0.017352614397655394
0.25,5.7,0.08,6.169491525423729,3.62,-0.6412562295194988,0.0,0.017352614397655394
0.25,5.7,0.08,6.169491525423729,3.81,-0.6392316299470906,0.0,0.017352614397655394
0.25,5.7,0.08,6.169491525423729,4.0,-0.6372068377229567,0.0,0.017352614397655394
0.25,5.7,0.08,6.4406779661016955,0.2,30.244980944223272,0.0,0.0001456588908853945
0.25,5.7,0.08,6.4406779661016955,0.39,30.245059423095768,0.0,0.0001456588908853945
0.25,5.7,0.08,6.4406779661016955,0.5800000000000001,30.245137903849724,0.0,0.0001456588908853945
0.25,5.7,0.08,6.4406779661016955,0.77,30.245216381756286,0.0,0.0001456588908853945
0.25,5.7,0.08,6.4406779661016955,0.96,30.24529486085016,0.0,0.0001456588908853945
0.25,5.7,0.08,6.4406779661016955,1.15,30.245373334534406,0.0,0.0001456588908853945
0.25,5.7,0.08,6.4406779661016955,1.34,30.245451808173954,0.0,0.0001456588908853945
0.25,5.7,0.08,6.4406779661016955,1.53,30.24553028349321,0.0,0.0001456588908853945
0.25,5.7,0.08,6.4406779661016955,1.72,30.245608760729965,0.0,0.0001456588908853945
0.25,5.7,0.08,6.4406779661016955,1.91,30.245687239837004,0.0,0.0001456588908853945
0.25,5.7,0.08,6.4406779661016955,2.1,30.245765710272565,0.0,0.0001456588908853945
0.25,5.7,0.08,6.4406779661016955,2.29,30.24584417319776,0.0,0.0001456588908853945
0.25,5.7,0.08,6.4406779661016955,2.4800000000000004,30.245922637920017,0.0,0.0001456588908853945
0.25,5.7,0.08,6.4406779661016955,2.6700000000000004,30.246001104505872,0.0,0.0001456588908853945
0.25,5.7,0.08,6.4406779661016955,2.8600000000000003,30.246079572944744,0.0,0.0001456588908853945
0.25,5.7,0.08,6.4406779661016955,3.0500000000000003,30.246158043206734,0.0,0.0001456588908853945
0.25,5.7,0.08,6.4406779661016955,3.24,30.246236515321748,0.0,0.0001456588908853945
0.25,5.7,0.08,6.4406779661016955,3.43,30.246314989308843,0.0,0.0001456588908853945
0.25,5.7,0.08,6.4406779661016955,3.62,30.246393465132073,0.0,0.0001456588908853945
0.25,5.7,0.08,6.4406779661016955,3.81,30.246471942764977,0.0,0.0001456588908853945
0.25,5.7,0.08,6.4406779661016955,4.0,30.24655042227532,0.0,0.0001456588908853945
0.25,5.7,0.08,6.711864406779661,0.2,-0.21506689035745552,0.0,1.944616747494886e-07
0.25,5.7,0.08,6.711864406779661,0.39,-0.21504736030247074,0.0,1.944616747494886e-07
0.25,5.7,0.08,6.711864406779661,0.5800000000000001,-0.21502782975811385,0.0,1.944616747494886e-07
0.25,5.7,0.08,6.711864406779661,0.77,-0.2150082997991163,0.0,1.944616747494886e-07
0.25,5.7,0.08,6.711864406779661,0.96,-0.21498876991786986,0.0,1.944616747494886e-07
0.25,5.7,0.08,6.711864406779661,1.15,-0.21496924125160888,0.0,1.944616747494886e-07
0.25,5.7,0.08,6.711864406779661,1.34,-0.2149497127326221,0.0,1.944616747494886e-07
0.25,5.7,0.08,6.711864406779661,1.53,-0.21493018403095832,0.0,1.944616747494886e-07
0.25,5.7,0.08,6.711864406779661,1.72,-0.2149106550837736,0.0,1.944616747494886e-07
0.25,5.7,0.08,6.711864406779661,1.91,-0.2148911258333115,0.0,1.944616747494886e-07
0.25,5.7,0.08,6.711864406779661,2.1,-0.21487159856048876,0.0,1.944616747494886e-07
0.25,5.7,0.08,6.711864406779661,2.29,-0.2148520730258774,0.0,1.944616747494886e-07
0.25,5.7,0.08,6.711864406779661,2.4800000000000004,-0.21483254719030143,0.0,1.944616747494886e-07
0.25,5.7,0.08,6.711864406779661,2.6700000000000004,-0.2148130211527608,0.0,1.944616747494886e-07
0.25,5.7,0.08,6.711864406779661,2.8600000000000003,-0.21479349485131038,0.0,1.944616747494886e-07
0.25,5.7,0.08,6.711864406779661,3.0500000000000003,-0.2147739683180312,0.0,1.944616747494886e-07
0.25,5.7,0.08,6.711864406779661,3.24,-0.21475444151986167,0.0,1.944616747494886e-07
0.25,5.7,0.08,6.711864406779661,3.43,-0.2147349144493056,0.0,1.944616747494886e-07
0.25,5.7,0.08,6.711864406779661,3.62,-0.21471538712178173,0.0,1.944616747494886e-07
0.25,5.7,0.08,6.711864406779661,3.81,-0.21469585958978854,0.0,1.944616747494886e-07
0.25,5.7,0.08,6.711864406779661,4.0,-0.21467633176576584,0.0,1.944616747494886e-07
0.25,5.7,0.12,5.627118644067797,0.2,14.050244371755156,0.0,1.0
0.25,5.7,0.12,5.627118644067797,0.39,14.051109446753273,0.0,1.0
0.25,5.7,0.12,5.627118644067797,0.5800000000000001,14.05197482628774,0.0,1.0
0.25,5.7,0.12,5.627118644067797,0.77,14.052839911789711,0.0,1.0
0.25,5.7,0.12,5.627118644067797,0.96,14.053705231426115,0.0,1.0
0.25,5.7,0.12,5.627118644067797,1.15,14.054569931262343,0.0,1.0
0.25,5.7,0.12,5.627118644067797,1.34,14.055434689048418,0.0,1.0
0.25,5.7,0.12,5.627118644067797,1.53,14.05629975133813,0.0,1.0
0.25,5.7,0.12,5.627118644067797,1.72,14.057165118222201,0.0,1.0
0.25,5.7,0.12,5.627118644067797,1.91,14.058030789757524,0.0,1.0
0.25,5.7,0.12,5.627118644067797,2.1,14.058895445243635,0.0,1.0
0.25,5.7,0.12,5.627118644067797,2.29,14.059759216405297,0.0,1.0
0.25,5.7,0.12,5.627118644067797,2.4800000000000004,14.060623291884966,0.0,1.0
0.25,5.7,0.12,5.627118644067797,2.6700000000000004,14.061487671761988,0.0,1.0
0.25,5.7,0.12,5.627118644067797,2.8600000000000003,14.062352356107077,0.0,1.0
0.25,5.7,0.12,5.627118644067797,3.0500000000000003,14.063217344992708,0.0,1.0
0.25,5.7,0.12,5.627118644067797,3.24,14.064082638486894,0.0,1.0
0.25,5.7,0.12,5.627118644067797,3.43,14.064948236666893,0.0,1.0
0.25,5.7,0.12,5.627118644067797,3.62,14.065814139605834,0.0,1.0
0.25,5.7,0.12,5.627118644067797,3.81,14.066680347374167,0.0,1.0
0.25,5.7,0.12,5.627118644067797,4.0,14.067546860044892,0.0,1.0
0.25,5.7,0.12,5.898305084745763,0.2,-12.459926750901403,0.0,0.15492049596464266
0.25,5.7,0.12,5.898305084745763,0.39,-12.458432292635365,0.0,0.15492049596464266
0.25,5.7,0.12,5.898305084745763,0.5800000000000001,-12.456937533120758,0.0,0.15492049596464266
0.25,5.7,0.12,5.898305084745763,0.77,-12.4554430188347,0.0,0.15492049596464266
0.25,5.7,0.12,5.898305084745763,0.96,-12.453948267699388,0.0,0.15492049596464266
0.25,5.7,0.12,5.898305084745763,1.15,-12.452454059137828,0.0,0.15492049596464266
0.25,5.7,0.12,5.898305084745763,1.34,-12.450959774566243,0.0,0.15492049596464266
0.25,5.7,0.12,5.898305084745763,1.53,-12.44946518890692,0.0,0.15492049596464266
0.25,5.7,0.12,5.898305084745763,1.72,-12.447970302105645,0.0,0.15492049596464266
0.25,5.7,0.12,5.898305084745763,1.91,-12.446475114115998,0.0,0.15492049596464266
0.25,5.7,0.12,5.898305084745763,2.1,-12.44498083045687,0.0,0.15492049596464266
0.25,5.7,0.12,5.898305084745763,2.29,-12.443487330846068,0.0,0.15492049596464266
0.25,5.7,0.12,5.898305084745763,2.4800000000000004,-12.441993530370247,0.0,0.15492049596464266
0.25,5.7,0.12,5.898305084745763,2.6700000000000004,-12.440499428973169,0.0,0.15492049596464266
0.25,5.7,0.12,5.898305084745763,2.8600000000000003,-12.439005026623022,0.0,0.15492049596464266
0.25,5.7,0.12,5.898305084745763,3.0500000000000003,-12.43751032325126,0.0,0.15492049596464266
0.25,5.7,0.12,5.898305084745763,3.24,-12.43601531883516,0.0,0.15492049596464266
0.25,5.7,0.12,5.898305084745763,3.43,-12.434520013311356,0.0,0.15492049596464266
0.25,5.7,0.12,5.898305084745763,3.62,-12.433024406644641,0.0,0.15492049596464266
0.25,5.7,0.12,5.898305084745763,3.81,-12.43152849878399,0.0,0.15492049596464266
0.25,5.7,0.12,5.898305084745763,4.0,-12.430032289669875,0.0,0.15492049596464266
0.25,5.7,0.12,6.169491525423729,0.2,-0.6826722480656571,0.0,0.01658773523205286
0.25,5.7,0.12,6.169491525423729,0.39,-0.6806479635475853,0.0,0.01658773523205286
0.25,5.7,0.12,6.169491525423729,0.5800000000000001,-0.6786234862967291,0.0,0.01658773523205286
0.25,5.7,0.12,6.169491525423729,0.77,-0.6765992741589315,0.0,0.01658773523205286
0.25,5.7,0.12,6.169491525423729,0.96,-0.6745749232332798,0.0,0.01658773523205286
0.25,5.7,0.12,6.169491525423729,1.15,-0.6725510867132982,0.0,0.01658773523205286
0.25,5.7,0.12,6.169491525423729,1.34,-0.6705272461435072,0.0,0.01658773523205286
0.25,5.7,0.12,6.169491525423729,1.53,-0.6685032128849997,0.0,0.01658773523205286
0.25,5.7,0.12,6.169491525423729,1.72,-0.6664789869796692,0.0,0.01658773523205286
0.25,5.7,0.12,6.169491525423729,1.91,-0.664454568388436,0.0,0.01658773523205286
0.25,5.7,0.12,6.169491525423729,2.1,-0.6624309671911703,0.0,0.01658773523205286
0.25,5.7,0.12,6.169491525423729,2.29,-0.6604080826318608,0.0,0.01658773523205286
0.25,5.7,0.12,6.169491525423729,2.4800000000000004,-0.6583850055611435,0.0,0.01658773523205286
0.25,5.7,0.12,6.169491525423729,2.6700000000000004,-0.6563617360119736,0.0,0.01658773523205286
0.25,5.7,0.12,6.169491525423729,2.8600000000000003,-0.6543382739332628,0.0,0.01658773523205286
0.25,5.7,0.12,6.169491525423729,3.0500000000000003,-0.6523146193002844,0.0,0.01658773523205286
0.25,5.7,0.12,6.169491525423729,3.24,-0.6502907720976481,0.0,0.01658773523205286
0.25,5.7,0.12,6.169491525423729,3.43,-0.6482667323022753,0.0,0.01658773523205286
0.25,5.7,0.12,6.169491525423729,3.62,-0.646242499898591,0.0,0.01658773523205286
0.25,5.7,0.12,6.169491525423729,3.81,-0.6442180748371271,0.0,0.01658773523205286
0.25,5.7,0.12,6.169491525423729,4.0,-0.6421934571368837,0.0,0.01658773523205286
0.25,5.7,0.12,6.4406779661016955,0.2,30.244980849482488,0.0,0.00014564531492111278
0.25,5.7,0.12,6.4406779661016955,0.39,30.245059328354685,0.0,0.00014564531492111278
0.25,5.7,0.12,6.4406779661016955,0.5800000000000001,30.2451378091084,0.0,0.00014564531492111278
0.25,5.7,0.12,6.4406779661016955,0.77,30.245216287014735,0.0,0.00014564531492111278
0.25,5.7,0.12,6.4406779661016955,0.96,30.245294766108337,0.0,0.00014564531492111278
0.25,5.7,0.12,6.4406779661016955,1.15,30.245373239792386,0.0,0.00014564531492111278
0.25,5.7,0.12,6.4406779661016955,1.34,30.24545171343165,0.0,0.00014564531492111278
0.25,5.7,0.12,6.4406779661016955,1.53,30.24553018875065,0.0,0.00014564531492111278
0.25,5.7,0.12,6.4406779661016955,1.72,30.24560866598719,0.0,0.00014564531492111278
0.25,5.7,0.12,6.4406779661016955,1.91,30.245687145093974,0.0,0.00014564531492111278
0.25,5.7,0.12,6.4406779661016955,2.1,30.245765615529294,0.0,0.00014564531492111278
0.25,5.7,0.12,6.4406779661016955,2.29,30.245844078454233,0.0,0.00014564531492111278
0.25,5.7,0.12,6.4406779661016955,2.4800000000000004,30.24592254317625,0.0,0.00014564531492111278
0.25,5.7,0.12,6.4406779661016955,2.6700000000000004,30.246001009761848,0.0,0.00014564531492111278
0.25,5.7,0.12,6.4406779661016955,2.8600000000000003,30.246079478200492,0.0,0.00014564531492111278
0.25,5.7,0.12,6.4406779661016955,3.0500000000000003,30.246157948462212,0.0,0.00014564531492111278
0.25,5.7,0.12,6.4406779661016955,3.24,30.246236420577,0.0,0.00014564531492111278
0.25,5.7,0.12,6.4406779661016955,3.43,30.246314894563852,0.0,0.00014564531492111278
0.25,5.7,0.12,6.4406779661016955,3.62,30.24639337038684,0.0,0.00014564531492111278
0.25,5.7,0.12,6.4406779661016955,3.81,30.24647184801949,0.0,0.00014564531492111278
0.25,5.7,0.12,6.4406779661016955,4.0,30.246550327529576,0.0,0.00014564531492111278
0.25,5.7,0.12,6.711864406779661,0.2,-0.21506689035745552,0.0,1.9446167348645916e-07
0.25,5.7,0.12,6.711864406779661,0.39,-0.21504736030247074,0.0,1.9446167348645916e-07
0.25,5.7,0.12,6.711864406779661,0.5800000000000001,-0.21502782975811385,0.0,1.9446167348645916e-07
0.25,5.7,0.12,6.711864406779661,0.77,-0.2150082997991163,0.0,1.9446167348645916e-07
0.25,5.7,0.12,6.711864406779661,0.96,-0.21498876991786986,0.0,1.9446167348645916e-07
0.25,5.7,0.12,6.711864406779661,1.15,-0.21496924125160888,0.0,1.9446167348645916e-07
0.25,5.7,0.12,6.711864406779661,1.34,-0.2149497127326221,0.0,1.9446167348645916e-07
0.25,5.7,0.12,6.711864406779661,1.53,-0.21493018403095832,0.0,1.9446167348645916e-07
0.25,5.7,0.12,6.711864406779661,1.72,-0.2149106550837736,0.0,1.9446167348645916e-07
0.25,5.7,0.12,6.711864406779661,1.91,-0.2148911258333115,0.0,1.9446167348645916e-07
0.25,5.7,0.12,6.711864406779661,2.1,-0.21487159856048876,0.0,1.9446167348645916e-07
0.25,5.7,0.12,6.711864406779661,2.29,-0.2148520730258774,0.0,1.9446167348645916e-07
0.25,5.7,0.12,6.711864406779661,2.4800000000000004,-0.21483254719030143,0.0,1.9446167348645916e-07
0.25,5.7,0.12,6.711864406779661,2.6700000000000004,-0.2148130211527608,0.0,1.9446167348645916e-07
0.25,5.7,0.12,6.711864406779661,2.8600000000000003,-0.21479349485131038,0.0,1.9446167348645916e-07
0.25,5.7,0.12,6.711864406779661,3.0500000000000003,-0.2147739683180312,0.0,1.9446167348645916e-07
0.25,5.7,0.12,6.711864406779661,3.24,-0.21475444151986167,0.0,1.9446167348645916e-07
0.25,5.7,0.12,6.711864406779661,3.43,-0.2147349144493056,0.0,1.9446167348645916e-07
0.25,5.7,0.12,6.711864406779661,3.62,-0.21471538712178173,0.0,1.9446167348645916e-07
0.25,5.7,0.12,6.711864406779661,3.81,-0.21469585958978854,0.0,1.9446167348645916e-07
0.25,5.7,0.12,6.711864406779661,4.0,-0.21467633176576584,0.0,1.9446167348645916e-07
0.25,5.7,0.16,5.627118644067797,0.2,14.050244371755156,0.0,1.0
0.25,5.7,0.16,5.627118644067797,0.39,14.051109446753273,0.0,1.0
0.25,5.7,0.16,5.627118644067797,0.5800000000000001,14.05197482628774,0.0,1.0
0.25,5.7,0.16,5.627118644067797,0.77,14.052839911789711,0.0,1.0
0.25,5.7,0.16,5.627118644067797,0.96,14.053705231426115,0.0,1.0
0.25,5.7,0.16,5.627118644067797,1.15,14.054569931262343,0.0,1.0
0.25,5.7,0.16,5.627118644067797,1.34,14.055434689048418,0.0,1.0
0.25,5.7,0.16,5.627118644067797,1.53,14.05629975133813,0.0,1.0
0.25,5.7,0.16,5.627118644067797,1.72,14.057165118222201,0.0,1.0
0.25,5.7,0.16,5.627118644067797,1.91,14.058030789757524,0.0,1.0
0.25,5.7,0.16,5.627118644067797,2.1,14.058895445243635,0.0,1.0
0.25,5.7,0.16,5.627118644067797,2.29,14.059759216405297,0.0,1.0
0.25,5.7,0.16,5.627118644067797,2.4800000000000004,14.060623291884966,0.0,1.0
0.25,5.7,0.16,5.627118644067797,2.6700000000000004,14.061487671761988,0.0,1.0
0.25,5.7,0.16,5.627118644067797,2.8600000000000003,14.062352356107077,0.0,1.0
0.25,5.7,0.16,5.627118644067797,3.0500000000000003,14.063217344992708,0.0,1.0
0.25,5.7,0.16,5.627118644067797,3.24,14.064082638486894,0.0,1.0
0.25,5.7,0.16,5.627118644067797,3.43,14.064948236666893,0.0,1.0
0.25,5.7,0.16,5.627118644067797,3.62,14.065814139605834,0.0,1.0
0.25,5.7,0.16,5.627118644067797,3.81,14.066680347374167,0.0,1.0
0.25,5.7,0.16,5.627118644067797,4.0,14.067546860044892,0.0,1.0
0.25,5.7,0.16,5.898305084745763,0.2,-12.696193803002679,0.0,0.09180127429602386
0.25,5.7,0.16,5.898305084745763,0.39,-12.694710449454597,0.0,0.09180127429602386
0.25,5.7,0.16,5.898305084745763,0.5800000000000001,-12.693226795757425,0.0,0.09180127429602386
0.25,5.7,0.16,5.898305084745763,0.77,-12.691743386266367,0.0,0.09180127429602386
0.25,5.7,0.16,5.898305084745763,0.96,-12.690259740775957,0.0,0.09180127429602386
0.25,5.7,0.16,5.898305084745763,1.15,-12.688776635681506,0.0,0.09180127429602386
0.25,5.7,0.16,5.898305084745763,1.34,-12.687293454802244,0.0,0.09180127429602386
0.25,5.7,0.16,5.898305084745763,1.53,-12.685809973934461,0.0,0.09180127429602386
0.25,5.7,0.16,5.898305084745763,1.72,-12.684326193024141,0.0,0.09180127429602386
0.25,5.7,0.16,5.898305084745763,1.91,-12.682842112025085,0.0,0.09180127429602386
0.25,5.7,0.16,5.898305084745763,2.1,-12.681358931773929,0.0,0.09180127429602386
0.25,5.7,0.16,5.898305084745763,2.29,-12.679876532455573,0.0,0.09180127429602386
0.25,5.7,0.16,5.898305084745763,2.4800000000000004,-12.678393833370578,0.0,0.09180127429602386
0.25,5.7,0.16,5.898305084745763,2.6700000000000004,-12.676910834462824,0.0,0.09180127429602386
0.25,5.7,0.16,5.898305084745763,2.8600000000000003,-12.67542753570077,0.0,0.09180127429602386
0.25,5.7,0.16,5.898305084745763,3.0500000000000003,-12.673943937015984,0.0,0.09180127429602386
0.25,5.7,0.16,5.898305084745763,3.24,-12.672460038385935,0.0,0.09180127429602386
0.25,5.7,0.16,5.898305084745763,3.43,-12.670975839747385,0.0,0.09180127429602386
0.25,5.7,0.16,5.898305084745763,3.62,-12.669491341065331,0.0,0.09180127429602386
0.25,5.7,0.16,5.898305084745763,3.81,-12.668006542289014,0.0,0.09180127429602386
0.25,5.7,0.16,5.898305084745763,4.0,-12.666521443358917,0.0,0.09180127429602386
0.25,5.7,0.16,6.169491525423729,0.2,-0.7839824834578195,0.0,0.0010257882380159955
0.25,5.7,0.16,6.169491525423729,0.39,-0.7819617467727653,0.0,0.0010257882380159955
0.25,5.7,0.16,6.169491525423729,0.5800000000000001,-0.7799408176192912,0.0,0.0010257882380159955
0.25,5.7,0.16,6.169491525423729,0.77,-0.7779201532002702,0.0,0.0010257882380159955
0.25,5.7,0.16,6.169491525423729,0.96,-0.7758993501822431,0.0,0.0010257882380159955
0.25,5.7,0.16,6.169491525423729,1.15,-0.773879060841594,0.0,0.0010257882380159955
0.25,5.7,0.16,6.169491525423729,1.34,-0.7718587674506949,0.0,0.0010257882380159955
0.25,5.7,0.16,6.169491525423729,1.53,-0.7698382816353586,0.0,0.0010257882380159955
0.25,5.7,0.16,6.169491525423729,1.72,-0.7678176034375213,0.0,0.0010257882380159955
0.25,5.7,0.16,6.169491525423729,1.91,-0.7657967328180604,0.0,0.0010257882380159955
0.25,5.7,0.16,6.169491525423729,2.1,-0.7637766784389726,0.0,0.0010257882380159955
0.25,5.7,0.16,6.169491525423729,2.29,-0.761757339685829,0.0,0.0010257882380159955
0.25,5.7,0.16,6.169491525423729,2.4800000000000004,-0.7597378086853013,0.0,0.0010257882380159955
0.25,5.7,0.16,6.169491525423729,2.6700000000000004,-0.7577180854703158,0.0,0.0010257882380159955
0.25,5.7,0.16,6.169491525423729,2.8600000000000003,-0.755698169989941,0.0,0.0010257882380159955
0.25,5.7,0.16,6.169491525423729,3.0500000000000003,-0.7536780622193646,0.0,0.0010257882380159955
0.25,5.7,0.16,6.169491525423729,3.24,-0.75165776214331,0.0,0.0010257882380159955
0.25,5.7,0.16,6.169491525423729,3.43,-0.7496372697386846,0.0,0.0010257882380159955
0.25,5.7,0.16,6.169491525423729,3.62,-0.7476165849899559,0.0,0.0010257882380159955
0.25,5.7,0.16,6.169491525423729,3.81,-0.7455957078476416,0.0,0.0010257882380159955
0.25,5.7,0.16,6.169491525423729,4.0,-0.7435746383308697,0.0,0.0010257882380159955
0.25,5.7,0.16,6.4406779661016955,0.2,30.244685189824338,0.0,0.00010327834710345454
0.25,5.7,0.16,6.4406779661016955,0.39,30.24476366792787,0.0,0.00010327834710345454
0.25,5.7,0.16,6.4406779661016955,0.5800000000000001,30.24484214791289,0.0,0.00010327834710345454
0.25,5.7,0.16,6.4406779661016955,0.77,30.244920625050504,0.0,0.00010327834710345454
0.25,5.7,0.16,6.4406779661016955,0.96,30.24499910337544,0.0,0.00010327834710345454
0.25,5.7,0.16,6.4406779661016955,1.15,30.245077576290782,0.0,0.00010327834710345454
0.25,5.7,0.16,6.4406779661016955,1.34,30.245156049161395,0.0,0.00010327834710345454
0.25,5.7,0.16,6.4406779661016955,1.53,30.245234523711744,0.0,0.00010327834710345454
0.25,5.7,0.16,6.4406779661016955,1.72,30.24531300017958,0.0,0.00010327834710345454
0.25,5.7,0.16,6.4406779661016955,1.91,30.245391478517682,0.0,0.00010327834710345454
0.25,5.7,0.16,6.4406779661016955,2.1,30.245469948184365,0.0,0.00010327834710345454
0.25,5.7,0.16,6.4406779661016955,2.29,30.245548410340668,0.0,0.00010327834710345454
0.25,5.7,0.16,6.4406779661016955,2.4800000000000004,30.245626874294032,0.0,0.00010327834710345454
0.25,5.7,0.16,6.4406779661016955,2.6700000000000004,30.24570534011108,0.0,0.00010327834710345454
0.25,5.7,0.16,6.4406779661016955,2.8600000000000003,30.245783807781073,0.0,0.00010327834710345454
0.25,5.7,0.16,6.4406779661016955,3.0500000000000003,30.24586227727417,0.0,0.00010327834710345454
0.25,5.7,0.16,6.4406779661016955,3.24,30.245940748620292,0.0,0.00010327834710345454
0.25,5.7,0.16,6.4406779661016955,3.43,30.24601922183851,0.0,0.00010327834710345454
0.25,5.7,0.16,6.4406779661016955,3.62,30.246097696892818,0.0,0.00010327834710345454
0.25,5.7,0.16,6.4406779661016955,3.81,30.24617617375683,0.0,0.00010327834710345454
0.25,5.7,0.16,6.4406779661016955,4.0,30.246254652498266,0.0,0.00010327834710345454
0.25,5.7,0.16,6.711864406779661,0.2,-0.2150669007888446,0.0,1.8907518011920761e-07
0.25,5.7,0.16,6.711864406779661,0.39,-0.21504737073387759,0.0,1.8907518011920761e-07
0.25,5.7,0.16,6.711864406779661,0.5800000000000001,-0.21502784018954202,0.0,1.8907518011920761e-07
0.25,5.7,0.16,6.711864406779661,0.77,-0.21500831023056577,0.0,1.8907518011920761e-07
0.25,5.7,0.16,6.711864406779661,0.96,-0.21498878034934776,0.0,1.8907518011920761e-07
0.25,5.7,0.16,6.711864406779661,1.15,-0.21496925168309033,0.0,1.8907518011920761e-07
0.25,5.7,0.16,6.711864406779661,1.34,-0.21494972316413197,0.0,1.8907518011920761e-07
0.25,5.7,0.16,6.711864406779661,1.53,-0.21493019446249306,0.0,1.8907518011920761e-07
0.25,5.7,0.16,6.711864406779661,1.72,-0.21491066551532256,0.0,1.8907518011920761e-07
0.25,5.7,0.16,6.711864406779661,1.91,-0.2148911362648782,0.0,1.8907518011920761e-07
0.25,5.7,0.16,6.711864406779661,2.1,-0.21487160899207325,0.0,1.8907518011920761e-07
0.25,5.7,0.16,6.711864406779661,2.29,-0.2148520834574832,0.0,1.8907518011920761e-07
0.25,5.7,0.16,6.711864406779661,2.4800000000000004,-0.214832557621925,0.0,1.8907518011920761e-07
0.25,5.7,0.16,6.711864406779661,2.6700000000000004,-0.21481303158440213,0.0,1.8907518011920761e-07
0.25,5.7,0.16,6.711864406779661,2.8600000000000003,-0.21479350528296948,0.0,1.8907518011920761e-07
0.25,5.7,0.16,6.711864406779661,3.0500000000000003,-0.21477397874971516,0.0,1.8907518011920761e-07
0.25,5.7,0.16,6.711864406779661,3.24,-0.21475445195156695,0.0,1.8907518011920761e-07
0.25,5.7,0.16,6.711864406779661,3.43,-0.21473492488103219,0.0,1.8907518011920761e-07
0.25,5.7,0.16,6.711864406779661,3.62,-0.21471539755352964,0.0,1.8907518011920761e-07
0.25,5.7,0.16,6.711864406779661,3.81,-0.2146958700215542,0.0,1.8907518011920761e-07
0.25,5.7,0.16,6.711864406779661,4.0,-0.21467634219754927,0.0,1.8907518011920761e-07
0.25,5.76,0.08,5.627118644067797,0.2,14.050244371755156,0.0,1.0
0.25,5.76,0.08,5.627118644067797,0.39,14.051109446753273,0.0,1.0
0.25,5.76,0.08,5.627118644067797,0.5800000000000001,14.05197482628774,0.0,1.0
0.25,5.76,0.08,5.627118644067797,0.77,14.052839911789711,0.0,1.0
0.25,5.76,0.08,5.627118644067797,0.96,14.053705231426115,0.0,1.0
0.25,5.76,0.08,5.627118644067797,1.15,14.054569931262343,0.0,1.0
0.25,5.76,0.08,5.627118644067797,1.34,14.055434689048418,0.0,1.0
0.25,5.76,0.08,5.627118644067797,1.53,14.05629975133813,0.0,1.0
0.25,5.76,0.08,5.627118644067797,1.72,14.057165118222201,0.0,1.0
0.25,5.76,0.08,5.627118644067797,1.91,14.058030789757524,0.0,1.0
0.25,5.76,0.08,5.627118644067797,2.1,14.058895445243635,0.0,1.0
0.25,5.76,0.08,5.627118644067797,2.29,14.059759216405297,0.0,1.0
0.25,5.76,0.08,5.627118644067797,2.4800000000000004,14.060623291884966,0.0,1.0
0.25,5.76,0.08,5.627118644067797,2.6700000000000004,14.061487671761988,0.0,1.0
0.25,5.76,0.08,5.627118644067797,2.8600000000000003,14.062352356107077,0.0,1.0
0.25,5.76,0.08,5.627118644067797,3.0500000000000003,14.063217344992708,0.0,1.0
0.25,5.76,0.08,5.627118644067797,3.24,14.064082638486894,0.0,1.0
0.25,5.76,0.08,5.627118644067797,3.43,14.064948236666893,0.0,1.0
0.25,5.76,0.08,5.627118644067797,3.62,14.065814139605834,0.0,1.0
0.25,5.76,0.08,5.627118644067797,3.81,14.066680347374167,0.0,1.0
0.25,5.76,0.08,5.627118644067797,4.0,14.067546860044892,0.0,1.0
0.25,5.76,0.08,5.898305084745763,0.2,-12.407466803649271,0.0,0.16890201439010452
0.25,5.76,0.08,5.898305084745763,0.39,-12.405969879728765,0.0,0.16890201439010452
0.25,5.76,0.08,5.898305084745763,0.5800000000000001,-12.40447265431552,0.0,0.16890201439010452
0.25,5.76,0.08,5.898305084745763,0.77,-12.402975674357883,0.0,0.16890201439010452
0.25,5.76,0.08,5.898305084745763,0.96,-12.401478457362266,0.0,0.16890201439010452
0.25,5.76,0.08,5.898305084745763,1.15,-12.399981783423932,0.0,0.16890201439010452
0.25,5.76,0.08,5.898305084745763,1.34,-12.398485033425601,0.0,0.16890201439010452
0.25,5.76,0.08,5.898305084745763,1.53,-12.396987982095446,0.0,0.16890201439010452
0.25,5.76,0.08,5.898305084745763,1.72,-12.395490629379225,0.0,0.16890201439010452
0.25,5.76,0.08,5.898305084745763,1.91,-12.393992975230482,0.0,0.16890201439010452
0.25,5.76,0.08,5.898305084745763,2.1,-12.392496226207726,0.0,0.16890201439010452
0.25,5.76,0.08,5.898305084745763,2.29,-12.391000261925058,0.0,0.16890201439010452
0.25,5.76,0.08,5.898305084745763,2.4800000000000004,-12.389503996533492,0.0,0.16890201439010452
0.25,5.76,0.08,5.898305084745763,2.6700000000000004,-12.388007429976739,0.0,0.16890201439010452
0.25,5.76,0.08,5.898305084745763,2.8600000000000003,-12.386510562222973,0.0,0.16890201439010452
0.25,5.76,0.08,5.898305084745763,3.0500000000000003,-12.385013393203614,0.0,0.16890201439010452
0.25,5.76,0.08,5.898305084745763,3.24,-12.383515922895867,0.0,0.16890201439010452
0.25,5.76,0.08,5.898305084745763,3.43,-12.382018151236359,0.0,0.16890201439010452
0.25,5.76,0.08,5.898305084745763,3.62,-12.380520078189797,0.0,0.16890201439010452
0.25,5.76,0.08,5.898305084745763,3.81,-12.379021703705199,0.0,0.16890201439010452
0.25,5.76,0.08,5.898305084745763,4.0,-12.377523027722908,0.0,0.16890201439010452
0.25,5.76,0.08,6.169491525423729,0.2,-0.6777167007432325,0.0,0.01734838080351895
0.25,5.76,0.08,6.169491525423729,0.39,-0.6756922426844199,0.0,0.01734838080351895
0.25,5.76,0.08,6.169491525423729,0.5800000000000001,-0.6736675918798767,0.0,0.01734838080351895
0.25,5.76,0.08,6.169491525423729,0.77,-0.6716432062069089,0.0,0.01734838080351895
0.25,5.76,0.08,6.169491525423729,0.96,-0.6696186817368215,0.0,0.01734838080351895
0.25,5.76,0.08,6.169491525423729,1.15,-0.6675946717080876,0.0,0.01734838080351895
0.25,5.76,0.08,6.169491525423729,1.34,-0.6655706576295444,0.0,0.01734838080351895
0.25,5.76,0.08,6.169491525423729,1.53,-0.6635464508493811,0.0,0.01734838080351895
0.25,5.76,0.08,6.169491525423729,1.72,-0.6615220514094062,0.0,0.01734838080351895
0.25,5.76,0.08,6.169491525423729,1.91,-0.6594974592706251,0.0,0.01734838080351895
0.25,5.76,0.08,6.169491525423729,2.1,-0.6574736845822571,0.0,0.01734838080351895
0.25,5.76,0.08,6.169491525423729,2.29,-0.6554506265813416,0.0,0.01734838080351895
0.25,5.76,0.08,6.169491525423729,2.4800000000000004,-0.6534273760561291,0.0,0.01734838080351895
0.25,5.76,0.08,6.169491525423729,2.6700000000000004,-0.6514039330395036,0.0,0.01734838080351895
0.25,5.76,0.08,6.169491525423729,2.8600000000000003,-0.6493802974804339,0.0,0.01734838080351895
0.25,5.76,0.08,6.169491525423729,3.0500000000000003,-0.6473564693541647,0.0,0.01734838080351895
0.25,5.76,0.08,6.169491525423729,3.24,-0.6453324486453482,0.0,0.01734838080351895
0.25,5.76,0.08,6.169491525423729,3.43,-0.6433082353308492,0.0,0.01734838080351895
0.25,5.76,0.08,6.169491525423729,3.62,-0.6412838293951353,0.0,0.01734838080351895
0.25,5.76,0.08,6.169491525423729,3.81,-0.6392592307886815,0.0,0.01734838080351895
0.25,5.76,0.08,6.169491525423729,4.0,-0.6372344395305589,0.0,0.01734838080351895
0.25,5.76,0.08,6.4406779661016955,0.2,30.244980944223272,0.0,0.00014565889088472746
0.25,5.76,0.08,6.4406779661016955,0.39,30.245059423095768,0.0,0.00014565889088472746
0.25,5.76,0.08,6.4406779661016955,0.5800000000000001,30.245137903849724,0.0,0.00014565889088472746
0.25,5.76,0.08,6.4406779661016955,0.77,30.245216381756286,0.0,0.00014565889088472746
0.25,5.76,0.08,6.4406779661016955,0.96,30.24529486085016,0.0,0.00014565889088472746
0.25,5.76,0.08,6.4406779661016955,1.15,30.245373334534406,0.0,0.00014565889088472746
0.25,5.76,0.08,6.4406779661016955,1.34,30.245451808173954,0.0,0.00014565889088472746
0.25,5.76,0.08,6.4406779661016955,1.53,30.24553028349321,0.0,0.00014565889088472746
0.25,5.76,0.08,6.4406779661016955,1.72,30.245608760729965,0.0,0.00014565889088472746
0.25,5.76,0.08,6.4406779661016955,1.91,30.245687239837004,0.0,0.00014565889088472746
0.25,5.76,0.08,6.4406779661016955,2.1,30.245765710272565,0.0,0.00014565889088472746
0.25,5.76,0.08,6.4406779661016955,2.29,30.24584417319776,0.0,0.00014565889088472746
0.25,5.76,0.08,6.4406779661016955,2.4800000000000004,30.245922637920017,0.0,0.00014565889088472746
0.25,5.76,0.08,6.4406779661016955,2.6700000000000004,30.246001104505872,0.0,0.00014565889088472746
0.25,5.76,0.08,6.4406779661016955,2.8600000000000003,30.246079572944744,0.0,0.00014565889088472746
0.25,5.76,0.08,6.4406779661016955,3.0500000000000003,30.246158043206734,0.0,0.00014565889088472746
0.25,5.76,0.08,6.4406779661016955,3.24,30.246236515321748,0.0,0.00014565889088472746
0.25,5.76,0.08,6.4406779661016955,3.43,30.246314989308843,0.0,0.00014565889088472746
0.25,5.76,0.08,6.4406779661016955,3.62,30.246393465132073,0.0,0.00014565889088472746
0.25,5.76,0.08,6.4406779661016955,3.81,30.246471942764977,0.0,0.00014565889088472746
0.25,5.76,0.08,6.4406779661016955,4.0,30.24655042227532,0.0,0.00014565889088472746
0.25,5.76,0.08,6.711864406779661,0.2,-0.21506689035745552,0.0,1.944616747494886e-07
0.25,5.76,0.08,6.711864406779661,0.39,-0.21504736030247074,0.0,1.944616747494886e-07
0.25,5.76,0.08,6.711864406779661,0.5800000000000001,-0.21502782975811385,0.0,1.944616747494886e-07
0.25,5.76,0.08,6.711864406779661,0.77,-0.2150082997991163,0.0,1.944616747494886e-07
0.25,5.76,0.08,6.711864406779661,0.96,-0.21498876991786986,0.0,1.944616747494886e-07
0.25,5.76,0.08,6.711864406779661,1.15,-0.21496924125160888,0.0,1.944616747494886e-07
0.25,5.76,0.08,6.711864406779661,1.34,-0.2149497127326221,0.0,1.944616747494886e-07
0.25,5.76,0.08,6.711864406779661,1.53,-0.21493018403095832,0.0,1.944616747494886e-07
0.25,5.76,0.08,6.711864406779661,1.72,-0.2149106550837736,0.0,1.944616747494886e-07
0.25,5.76,0.08,6.711864406779661,1.91,-0.2148911258333115,0.0,1.944616747494886e-07
0.25,5.76,0.08,6.711864406779661,2.1,-0.21487159856048876,0.0,1.944616747494886e-07
0.25,5.76,0.08,6.711864406779661,2.29,-0.2148520730258774,0.0,1.944616747494886e-07
0.25,5.76,0.08,6.711864406779661,2.4800000000000004,-0.21483254719030143,0.0,1.944616747494886e-07
0.25,5.76,0.08,6.711864406779661,2.6700000000000004,-0.2148130211527608,0.0,1.944616747494886e-07
0.25,5.76,0.08,6.711864406779661,2.8600000000000003,-0.21479349485131038,0.0,1.944616747494886e-07
0.25,5.76,0.08,6.711864406779661,3.0500000000000003,-0.2147739683180312,0.0,1.944616747494886e-07
0.25,5.76,0.08,6.711864406779661,3.24,-0.21475444151986167,0.0,1.944616747494886e-07
0.25,5.76,0.08,6.711864406779661,3.43,-0.2147349144493056,0.0,1.944616747494886e-07
0.25,5.76,0.08,6.711864406779661,3.62,-0.21471538712178173,0.0,1.944616747494886e-07
0.25,5.76,0.08,6.711864406779661,3.81,-0.21469585958978854,0.0,1.944616747494886e-07
0.25,5.76,0.08,6.711864406779661,4.0,-0.21467633176576584,0.0,1.944616747494886e-07
0.25,5.76,0.12,5.627118644067797,0.2,14.050244371755156,0.0,1.0
0.25,5.76,0.12,5.627118644067797,0.39,14.051109446753273,0.0,1.0
0.25,5.76,0.12,5.627118644067797,0.5800000000000001,14.05197482628774,0.0,1.0
0.25,5.76,0.12,5.627118644067797,0.77,14.052839911789711,0.0,1.0
0.25,5.76,0.12,5.627118644067797,0.96,14.053705231426115,0.0,1.0
0.25,5.76,0.12,5.627118644067797,1.15,14.054569931262343,0.0,1.0
0.25,5.76,0.12,5.627118644067797,1.34,14.055434689048418,0.0,1.0
0.25,5.76,0.12,5.627118644067797,1.53,14.05629975133813,0.0,1.0
0.25,5.76,0.12,5.627118644067797,1.72,14.057165118222201,0.0,1.0
0.25,5.76,0.12,5.627118644067797,1.91,14.058030789757524,0.0,1.0
0.25,5.76,0.12,5.627118644067797,2.1,14.058895445243635,0.0,1.0
0.25,5.76,0.12,5.627118644067797,2.29,14.059759216405297,0.0,1.0
0.25,5.76,0.12,5.627118644067797,2.4800000000000004,14.060623291884966,0.0,1.0
0.25,5.76,0.12,5.627118644067797,2.6700000000000004,14.061487671761988,0.0,1.0
0.25,5.76,0.12,5.627118644067797,2.8600000000000003,14.062352356107077,0.0,1.0
0.25,5.76,0.12,5.627118644067797,3.0500000000000003,14.063217344992708,0.0,1.0
0.25,5.76,0.12,5.627118644067797,3.24,14.064082638486894,0.0,1.0
0.25,5.76,0.12,5.627118644067797,3.43,14.064948236666893,0.0,1.0
0.25,5.76,0.12,5.627118644067797,3.62,14.065814139605834,0.0,1.0
0.25,5.76,0.12,5.627118644067797,3.81,14.066680347374167,0.0,1.0
0.25,5.76,0.12,5.627118644067797,4.0,14.067546860044892,0.0,1.0
0.25,5.76,0.12,5.898305084745763,0.2,-12.724269548155824,0.0,0.08428442701985547
0.25,5.76,0.12,5.898305084745763,0.39,-12.722787514187537,0.0,0.08428442701985547
0.25,5.76,0.12,5.898305084745763,0.5800000000000001,-12.72130518020083,0.0,0.08428442701985547
0.25,5.76,0.12,5.898305084745763,0.77,-12.719823090298732,0.0,0.08428442701985547
0.25,5.76,0.12,5.898305084745763,0.96,-12.718340764498272,0.0,0.08428442701985547
0.25,5.76,0.12,5.898305084745763,1.15,-12.716858978834985,0.0,0.08428442701985547
0.25,5.76,0.12,5.898305084745763,1.34,-12.715377117413666,0.0,0.08428442701985547
0.25,5.76,0.12,5.898305084745763,1.53,-12.713894956134432,0.0,0.08428442701985547
0.25,5.76,0.12,5.898305084745763,1.72,-12.71241249494333,0.0,0.08428442701985547
0.25,5.76,0.12,5.898305084745763,1.91,-12.710929733794124,0.0,0.08428442701985547
0.25,5.76,0.12,5.898305084745763,2.1,-12.709447872967125,0.0,0.08428442701985547
0.25,5.76,0.12,5.898305084745763,2.29,-12.70796679270267,0.0,0.08428442701985547
0.25,5.76,0.12,5.898305084745763,2.4800000000000004,-12.706485412802117,0.0,0.08428442701985547
0.25,5.76,0.12,5.898305084745763,2.6700000000000004,-12.705003733209352,0.0,0.08428442701985547
0.25,5.76,0.12,5.898305084745763,2.8600000000000003,-12.703521753892836,0.0,0.08428442701985547
0.25,5.76,0.12,5.898305084745763,3.0500000000000003,-12.70203947478418,0.0,0.08428442701985547
0.25,5.76,0.12,5.898305084745763,3.24,-12.700556895860856,0.0,0.08428442701985547
0.25,5.76,0.12,5.898305084745763,3.43,-12.699074017059651,0.0,0.08428442701985547
0.25,5.76,0.12,5.898305084745763,3.62,-12.697590838345612,0.0,0.08428442701985547
0.25,5.76,0.12,5.898305084745763,3.81,-12.696107359667934,0.0,0.08428442701985547
0.25,5.76,0.12,5.898305084745763,4.0,-12.694623580967189,0.0,0.08428442701985547
0.25,5.76,0.12,6.169491525423729,0.2,-0.7048145337969771,0.0,0.013188394486166842
0.25,5.76,0.12,6.169491525423729,0.39,-0.7027910246905122,0.0,0.013188394486166842
0.25,5.76,0.12,6.169491525423729,0.5800000000000001,-0.7007673229090443,0.0,0.013188394486166842
0.25,5.76,0.12,6.169491525423729,0.77,-0.698743886157871,0.0,0.013188394486166842
0.25,5.76,0.12,6.169491525423729,0.96,-0.6967203106601261,0.0,0.013188394486166842
0.25,5.76,0.12,6.169491525423729,1.15,-0.6946972494089039,0.0,0.013188394486166842
0.25,5.76,0.12,6.169491525423729,1.34,-0.6926741841077302,0.0,0.013188394486166842
0.25,5.76,0.12,6.169491525423729,1.53,-0.6906509261756497,0.0,0.013188394486166842
0.25,5.76,0.12,6.169491525423729,1.72,-0.6886274756544708,0.0,0.013188394486166842
0.25,5.76,0.12,6.169491525423729,1.91,-0.6866038325051846,0.0,0.013188394486166842
0.25,5.76,0.12,6.169491525423729,2.1,-0.6845810064977229,0.0,0.013188394486166842
0.25,5.76,0.12,6.169491525423729,2.29,-0.6825588969070253,0.0,0.013188394486166842
0.25,5.76,0.12,6.169491525423729,2.4800000000000004,-0.6805365948626445,0.0,0.013188394486166842
0.25,5.76,0.12,6.169491525423729,2.6700000000000004,-0.6785141003974928,0.0,0.013188394486166842
0.25,5.76,0.12,6.169491525423729,2.8600000000000003,-0.6764914134605391,0.0,0.013188394486166842
0.25,5.76,0.12,6.169491525423729,3.0500000000000003,-0.674468534027028,0.0,0.013188394486166842
0.25,5.76,0.12,6.169491525423729,3.24,-0.6724454620815976,0.0,0.013188394486166842
0.25,5.76,0.12,6.169491525423729,3.43,-0.6704221976011695,0.0,0.013188394486166842
0.25,5.76,0.12,6.169491525423729,3.62,-0.6683987405701828,0.0,0.013188394486166842
0.25,5.76,0.12,6.169491525423729,3.81,-0.6663750909391268,0.0,0.013188394486166842
0.25,5.76,0.12,6.169491525423729,4.0,-0.664351248727101,0.0,0.013188394486166842
0.25,5.76,0.12,6.4406779661016955,0.2,30.24497926207917,0.0,0.00014541784616878476
0.25,5.76,0.12,6.4406779661016955,0.39,30.24505774094726,0.0,0.00014541784616878476
0.25,5.76,0.12,6.4406779661016955,0.5800000000000001,30.245136221696853,0.0,0.00014541784616878476
0.25,5.76,0.12,6.4406779661016955,0.77,30.245214699599053,0.0,0.00014541784616878476
0.25,5.76,0.12,6.4406779661016955,0.96,30.24529317868852,0.0,0.00014541784616878476
0.25,5.76,0.12,6.4406779661016955,1.15,30.245371652368434,0.0,0.00014541784616878476
0.25,5.76,0.12,6.4406779661016955,1.34,30.245450126003576,0.0,0.00014541784616878476
0.25,5.76,0.12,6.4406779661016955,1.53,30.245528601318483,0.0,0.00014541784616878476
0.25,5.76,0.12,6.4406779661016955,1.72,30.24560707855086,0.0,0.00014541784616878476
0.25,5.76,0.12,6.4406779661016955,1.91,30.245685557653538,0.0,0.00014541784616878476
0.25,5.76,0.12,6.4406779661016955,2.1,30.24576402808472,0.0,0.00014541784616878476
0.25,5.76,0.12,6.4406779661016955,2.29,30.245842491005526,0.0,0.00014541784616878476
0.25,5.76,0.12,6.4406779661016955,2.4800000000000004,30.245920955723392,0.0,0.00014541784616878476
0.25,5.76,0.12,6.4406779661016955,2.6700000000000004,30.245999422304898,0.0,0.00014541784616878476
0.25,5.76,0.12,6.4406779661016955,2.8600000000000003,30.246077890739393,0.0,0.00014541784616878476
0.25,5.76,0.12,6.4406779661016955,3.0500000000000003,30.246156360997034,0.0,0.00014541784616878476
0.25,5.76,0.12,6.4406779661016955,3.24,30.246234833107685,0.0,0.00014541784616878476
0.25,5.76,0.12,6.4406779661016955,3.43,30.246313307090375,0.0,0.00014541784616878476
0.25,5.76,0.12,6.4406779661016955,3.62,30.246391782909242,0.0,0.00014541784616878476
0.25,5.76,0.12,6.4406779661016955,3.81,30.246470260537755,0.0,0.00014541784616878476
0.25,5.76,0.12,6.4406779661016955,4.0,30.246548740043764,0.0,0.00014541784616878476
0.25,5.76,0.12,6.711864406779661,0.2,-0.21506689035760473,0.0,1.9446160369211875e-07
0.25,5.76,0.12,6.711864406779661,0.39,-0.2150473603026164,0.0,1.9446160369211875e-07
0.25,5.76,0.12,6.711864406779661,0.5800000000000001,-0.21502782975826307,0.0,1.9446160369211875e-07
0.25,5.76,0.12,6.711864406779661,0.77,-0.21500829979926195,0.0,1.9446160369211875e-07
0.25,5.76,0.12,6.711864406779661,0.96,-0.21498876991802618,0.0,1.9446160369211875e-07
0.25,5.76,0.12,6.711864406779661,1.15,-0.214969241251751,0.0,1.9446160369211875e-07
0.25,5.76,0.12,6.711864406779661,1.34,-0.21494971273276775,0.0,1.9446160369211875e-07
0.25,5.76,0.12,6.711864406779661,1.53,-0.21493018403111108,0.0,1.9446160369211875e-07
0.25,5.76,0.12,6.711864406779661,1.72,-0.21491065508392637,0.0,1.9446160369211875e-07
0.25,5.76,0.12,6.711864406779661,1.91,-0.2148911258334678,0.0,1.9446160369211875e-07
0.25,5.76,0.12,6.711864406779661,2.1,-0.21487159856063798,0.0,1.9446160369211875e-07
0.25,5.76,0.12,6.711864406779661,2.29,-0.2148520730260195,0.0,1.9446160369211875e-07
0.25,5.76,0.12,6.711864406779661,2.4800000000000004,-0.21483254719044353,0.0,1.9446160369211875e-07
0.25,5.76,0.12,6.711864406779661,2.6700000000000004,-0.2148130211529029,0.0,1.9446160369211875e-07
0.25,5.76,0.12,6.711864406779661,2.8600000000000003,-0.21479349485145605,0.0,1.9446160369211875e-07
0.25,5.76,0.12,6.711864406779661,3.0500000000000003,-0.2147739683181733,0.0,1.9446160369211875e-07
0.25,5.76,0.12,6.711864406779661,3.24,-0.21475444152000378,0.0,1.9446160369211875e-07
0.25,5.76,0.12,6.711864406779661,3.43,-0.21473491444945836,0.0,1.9446160369211875e-07
0.25,5.76,0.12,6.711864406779661,3.62,-0.2147153871219345,0.0,1.9446160369211875e-07
0.25,5.76,0.12,6.711864406779661,3.81,-0.2146958595899413,0.0,1.9446160369211875e-07
0.25,5.76,0.12,6.711864406779661,4.0,-0.2146763317659115,0.0,1.9446160369211875e-07
0.25,5.76,0.16,5.627118644067797,0.2,14.050244371755156,0.0,1.0
0.25,5.76,0.16,5.627118644067797,0.39,14.051109446753273,0.0,1.0
0.25,5.76,0.16,5.627118644067797,0.5800000000000001,14.05197482628774,0.0,1.0
0.25,5.76,0.16,5.627118644067797,0.77,14.052839911789711,0.0,1.0
0.25,5.76,0.16,5.627118644067797,0.96,14.053705231426115,0.0,1.0
0.25,5.76,0.16,5.627118644067797,1.15,14.054569931262343,0.0,1.0
0.25,5.76,0.16,5.627118644067797,1.34,14.055434689048418,0.0,1.0
0.25,5.76,0.16,5.627118644067797,1.53,14.05629975133813,0.0,1.0
0.25,5.76,0.16,5.627118644067797,1.72,14.057165118222201,0.0,1.0
0.25,5.76,0.16,5.627118644067797,1.91,14.058030789757524,0.0,1.0
0.25,5.76,0.16,5.627118644067797,2.1,14.058895445243635,0.0,1.0
0.25,5.76,0.16,5.627118644067797,2.29,14.059759216405297,0.0,1.0
0.25,5.76,0.16,5.627118644067797,2.4800000000000004,14.060623291884966,0.0,1.0
0.25,5.76,0.16,5.627118644067797,2.6700000000000004,14.061487671761988,0.0,1.0
0.25,5.76,0.16,5.627118644067797,2.8600000000000003,14.062352356107077,0.0,1.0
0.25,5.76,0.16,5.627118644067797,3.0500000000000003,14.063217344992708,0.0,1.0
0.25,5.76,0.16,5.627118644067797,3.24,14.064082638486894,0.0,1.0
0.25,5.76,0.16,5.627118644067797,3.43,14.064948236666893,0.0,1.0
0.25,5.76,0.16,5.627118644067797,3.62,14.065814139605834,0.0,1.0
0.25,5.76,0.16,5.627118644067797,3.81,14.066680347374167,0.0,1.0
0.25,5.76,0.16,5.627118644067797,4.0,14.067546860044892,0.0,1.0
0.25,5.76,0.16,5.898305084745763,0.2,-12.726916894771414,0.0,0.08357546107413807
0.25,5.76,0.16,5.898305084745763,0.39,-12.725434985230287,0.0,0.08357546107413807
0.25,5.76,0.16,5.898305084745763,0.5800000000000001,-12.72395277568306,0.0,0.08357546107413807
0.25,5.76,0.16,5.898305084745763,0.77,-12.722470810208975,0.0,0.08357546107413807
0.25,5.76,0.16,5.898305084745763,0.96,-12.72098860884607,0.0,0.08357546107413807
0.25,5.76,0.16,5.898305084745763,1.15,-12.719506947595931,0.0,0.08357546107413807
0.25,5.76,0.16,5.898305084745763,1.34,-12.71802521059027,0.0,0.08357546107413807
0.25,5.76,0.16,5.898305084745763,1.53,-12.716543173739005,0.0,0.08357546107413807
0.25,5.76,0.16,5.898305084745763,1.72,-12.715060836988215,0.0,0.08357546107413807
0.25,5.76,0.16,5.898305084745763,1.91,-12.713578200291614,0.0,0.08357546107413807
0.25,5.76,0.16,5.898305084745763,2.1,-12.712096463877096,0.0,0.08357546107413807
0.25,5.76,0.16,5.898305084745763,2.29,-12.710615507990234,0.0,0.08357546107413807
0.25,5.76,0.16,5.898305084745763,2.4800000000000004,-12.70913425247953,0.0,0.08357546107413807
0.25,5.76,0.16,5.898305084745763,2.6700000000000004,-12.707652697288971,0.0,0.08357546107413807
0.25,5.76,0.16,5.898305084745763,2.8600000000000003,-12.70617084238696,0.0,0.08357546107413807
0.25,5.76,0.16,5.898305084745763,3.0500000000000003,-12.704688687705094,0.0,0.08357546107413807
0.25,5.76,0.16,5.898305084745763,3.24,-12.703206233220897,0.0,0.08357546107413807
0.25,5.76,0.16,5.898305084745763,3.43,-12.701723478871138,0.0,0.08357546107413807
0.25,5.76,0.16,5.898305084745763,3.62,-12.700240424620844,0.0,0.08357546107413807
0.25,5.76,0.16,5.898305084745763,3.81,-12.698757070419255,0.0,0.08357546107413807
0.25,5.76,0.16,5.898305084745763,4.0,-12.697273416206926,0.0,0.08357546107413807
0.25,5.76,0.16,6.169491525423729,0.2,-0.7906554960706131,0.0,0.0
0.25,5.76,0.16,6.169491525423729,0.39,-0.7886349930710566,0.0,0.0
0.25,5.76,0.16,6.169491525423729,0.5800000000000001,-0.7866142976205168,0.0,0.0
0.25,5.76,0.16,6.169491525423729,0.77,-0.7845938668794759,0.0,0.0
0.25,5.76,0.16,6.169491525423729,0.96,-0.7825732975518775,0.0,0.0
0.25,5.76,0.16,6.169491525423729,1.15,-0.7805532418536956,0.0,0.0
0.25,5.76,0.16,6.169491525423729,1.34,-0.778533182105221,0.0,0.0
0.25,5.76,0.16,6.169491525423729,1.53,-0.7765129299497033,0.0,0.0
0.25,5.76,0.16,6.169491525423729,1.72,-0.7744924854291213,0.0,0.0
0.25,5.76,0.16,6.169491525423729,1.91,-0.7724718485043383,0.0,0.0
0.25,5.76,0.16,6.169491525423729,2.1,-0.7704520277439286,0.0,0.0
0.25,5.76,0.16,6.169491525423729,2.29,-0.768432922542786,0.0,0.0
0.25,5.76,0.16,6.169491525423729,2.4800000000000004,-0.7664136251116247,0.0,0.0
0.25,5.76,0.16,6.169491525423729,2.6700000000000004,-0.7643941354834709,0.0,0.0
0.25,5.76,0.16,6.169491525423729,2.8600000000000003,-0.7623744536072792,0.0,0.0
0.25,5.76,0.16,6.169491525423729,3.0500000000000003,-0.76035457945828,0.0,0.0
0.25,5.76,0.16,6.169491525423729,3.24,-0.7583345130212109,0.0,0.0
0.25,5.76,0.16,6.169491525423729,3.43,-0.7563142542729508,0.0,0.0
0.25,5.76,0.16,6.169491525423729,3.62,-0.75429380319801,0.0,0.0
0.25,5.76,0.16,6.169491525423729,3.81,-0.7522731597469061,0.0,0.0
0.25,5.76,0.16,6.169491525423729,4.0,-0.7502523239387244,0.0,0.0
0.25,5.76,0.16,6.4406779661016955,0.2,30.243964462376354,0.0,0.0
0.25,5.76,0.16,6.4406779661016955,0.39,30.244042938605986,0.0,0.0
0.25,5.76,0.16,6.4406779661016955,0.5800000000000001,30.24412141671715,0.0,0.0
0.25,5.76,0.16,6.4406779661016955,0.77,30.24419989198092,0.0,0.0
0.25,5.76,0.16,6.4406779661016955,0.96,30.244278368431985,0.0,0.0
0.25,5.76,0.16,6.4406779661016955,1.15,30.244356839473568,0.0,0.0
0.25,5.76,0.16,6.4406779661016955,1.34,30.24443531047038,0.0,0.0
0.25,5.76,0.16,6.4406779661016955,1.53,30.244513783146957,0.0,0.0
0.25,5.76,0.16,6.4406779661016955,1.72,30.24459225774099,0.0,0.0
0.25,5.76,0.16,6.4406779661016955,1.91,30.24467073420528,0.0,0.0
0.25,5.76,0.16,6.4406779661016955,2.1,30.244749201998246,0.0,0.0
0.25,5.76,0.16,6.4406779661016955,2.29,30.24482766228089,0.0,0.0
0.25,5.76,0.16,6.4406779661016955,2.4800000000000004,30.244906124360625,0.0,0.0
0.25,5.76,0.16,6.4406779661016955,2.6700000000000004,30.24498458830397,0.0,0.0
0.25,5.76,0.16,6.4406779661016955,2.8600000000000003,30.245063054100264,0.0,0.0
0.25,5.76,0.16,6.4406779661016955,3.0500000000000003,30.245141521719688,0.0,0.0
0.25,5.76,0.16,6.4406779661016955,3.24,30.24521999119211,0.0,0.0
0.25,5.76,0.16,6.4406779661016955,3.43,30.245298462536567,0.0,0.0
0.25,5.76,0.16,6.4406779661016955,3.62,30.24537693571719,0.0,0.0
0.25,5.76,0.16,6.4406779661016955,3.81,30.245455410707457,0.0,0.0
0.25,5.76,0.16,6.4406779661016955,4.0,30.245533887575135,0.0,0.0
0.25,5.76,0.16,6.711864406779661,0.2,-0.21506698835485238,0.0,1.438586035964421e-07
0.25,5.76,0.16,6.711864406779661,0.39,-0.2150474583000559,0.0,1.438586035964421e-07
0.25,5.76,0.16,6.711864406779661,0.5800000000000001,-0.2150279277558802,0.0,1.438586035964421e-07
0.25,5.76,0.16,6.711864406779661,0.77,-0.21500839779707093,0.0,1.438586035964421e-07
0.25,5.76,0.16,6.711864406779661,0.96,-0.2149888679160128,0.0,1.438586035964421e-07
0.25,5.76,0.16,6.711864406779661,1.15,-0.21496933924992945,0.0,1.438586035964421e-07
0.25,5.76,0.16,6.711864406779661,1.34,-0.21494981073113095,0.0,1.438586035964421e-07
0.25,5.76,0.16,6.711864406779661,1.53,-0.21493028202965903,0.0,1.438586035964421e-07
0.25,5.76,0.16,6.711864406779661,1.72,-0.21491075308265195,0.0,1.438586035964421e-07
0.25,5.76,0.16,6.711864406779661,1.91,-0.21489122383237813,0.0,1.438586035964421e-07
0.25,5.76,0.16,6.711864406779661,2.1,-0.2148716965597437,0.0,1.438586035964421e-07
0.25,5.76,0.16,6.711864406779661,2.29,-0.21485217102530996,0.0,1.438586035964421e-07
0.25,5.76,0.16,6.711864406779661,2.4800000000000004,-0.21483264518991518,0.0,1.438586035964421e-07
0.25,5.76,0.16,6.711864406779661,2.6700000000000004,-0.21481311915256285,0.0,1.438586035964421e-07
0.25,5.76,0.16,6.711864406779661,2.8600000000000003,-0.21479359285130073,0.0,1.438586035964421e-07
0.25,5.76,0.16,6.711864406779661,3.0500000000000003,-0.21477406631820628,0.0,1.438586035964421e-07
0.25,5.76,0.16,6.711864406779661,3.24,-0.21475453952022505,0.0,1.438586035964421e-07
0.25,5.76,0.16,6.711864406779661,3.43,-0.21473501244985727,0.0,1.438586035964421e-07
0.25,5.76,0.16,6.711864406779661,3.62,-0.21471548512251815,0.0,1.438586035964421e-07
0.25,5.76,0.16,6.711864406779661,3.81,-0.21469595759071325,0.0,1.438586035964421e-07
0.25,5.76,0.16,6.711864406779661,4.0,-0.21467642976686818,0.0,1.438586035964421e-07
0.25,5.82,0.08,5.627118644067797,0.2,14.050244371755156,0.0,1.0
0.25,5.82,0.08,5.627118644067797,0.39,14.051109446753273,0.0,1.0
0.25,5.82,0.08,5.627118644067797,0.5800000000000001,14.05197482628774,0.0,1.0
0.25,5.82,0.08,5.627118644067797,0.77,14.052839911789711,0.0,1.0
0.25,5.82,0.08,5.627118644067797,0.96,14.053705231426115,0.0,1.0
0.25,5.82,0.08,5.627118644067797,1.15,14.054569931262343,0.0,1.0
0.25,5.82,0.08,5.627118644067797,1.34,14.055434689048418,0.0,1.0
0.25,5.82,0.08,5.627118644067797,1.53,14.05629975133813,0.0,1.0
0.25,5.82,0.08,5.627118644067797,1.72,14.057165118222201,0.0,1.0
0.25,5.82,0.08,5.627118644067797,1.91,14.058030789757524,0.0,1.0
0.25,5.82,0.08,5.627118644067797,2.1,14.058895445243635,0.0,1.0
0.25,5.82,0.08,5.627118644067797,2.29,14.059759216405297,0.0,1.0
0.25,5.82,0.08,5.627118644067797,2.4800000000000004,14.060623291884966,0.0,1.0
0.25,5.82,0.08,5.627118644067797,2.6700000000000004,14.061487671761988,0.0,1.0
0.25,5.82,0.08,5.627118644067797,2.8600000000000003,14.062352356107077,0.0,1.0
0.25,5.82,0.08,5.627118644067797,3.0500000000000003,14.063217344992708,0.0,1.0
0.25,5.82,0.08,5.627118644067797,3.24,14.064082638486894,0.0,1.0
0.25,5.82,0.08,5.627118644067797,3.43,14.064948236666893,0.0,1.0
0.25,5.82,0.08,5.627118644067797,3.62,14.065814139605834,0.0,1.0
0.25,5.82,0.08,5.627118644067797,3.81,14.066680347374167,0.0,1.0
0.25,5.82,0.08,5.627118644067797,4.0,14.067546860044892,0.0,1.0
0.25,5.82,0.08,5.898305084745763,0.2,-12.744346721592564,0.0,0.07890693666695012
0.25,5.82,0.08,5.898305084745763,0.39,-12.742865631265602,0.0,0.07890693666695012
0.25,5.82,0.08,5.898305084745763,0.5800000000000001,-12.74138424101362,0.0,0.07890693666695012
0.25,5.82,0.08,5.898305084745763,0.77,-12.739903094759363,0.0,0.07890693666695012
0.25,5.82,0.08,5.898305084745763,0.96,-12.738421712678992,0.0,0.07890693666695012
0.25,5.82,0.08,5.898305084745763,1.15,-12.736940870550711,0.0,0.07890693666695012
0.25,5.82,0.08,5.898305084745763,1.34,-12.73545995268352,0.0,0.07890693666695012
0.25,5.82,0.08,5.898305084745763,1.53,-12.733978735051842,0.0,0.07890693666695012
0.25,5.82,0.08,5.898305084745763,1.72,-12.732497217601725,0.0,0.07890693666695012
0.25,5.82,0.08,5.898305084745763,1.91,-12.731015400286942,0.0,0.07890693666695012
0.25,5.82,0.08,5.898305084745763,2.1,-12.729534482989912,0.0,0.07890693666695012
0.25,5.82,0.08,5.898305084745763,2.29,-12.72805434599072,0.0,0.07890693666695012
0.25,5.82,0.08,5.898305084745763,2.4800000000000004,-12.726573909448724,0.0,0.07890693666695012
0.25,5.82,0.08,5.898305084745763,2.6700000000000004,-12.725093173307876,0.0,0.07890693666695012
0.25,5.82,0.08,5.898305084745763,2.8600000000000003,-12.723612137536655,0.0,0.07890693666695012
0.25,5.82,0.08,5.898305084745763,3.0500000000000003,-12.722130802066651,0.0,0.07890693666695012
0.25,5.82,0.08,5.898305084745763,3.24,-12.720649166875404,0.0,0.07890693666695012
0.25,5.82,0.08,5.898305084745763,3.43,-12.719167231899668,0.0,0.07890693666695012
0.25,5.82,0.08,5.898305084745763,3.62,-12.71768499710452,0.0,0.07890693666695012
0.25,5.82,0.08,5.898305084745763,3.81,-12.716202462439185,0.0,0.07890693666695012
0.25,5.82,0.08,5.898305084745763,4.0,-12.71471962784424,0.0,0.07890693666695012
0.25,5.82,0.08,6.169491525423729,0.2,-0.6785301636177365,0.0,0.01722352291426291
0.25,5.82,0.08,6.169491525423729,0.39,-0.6765057340459464,0.0,0.01722352291426291
0.25,5.82,0.08,6.169491525423729,0.5800000000000001,-0.6744811117305858,0.0,0.01722352291426291
0.25,5.82,0.08,6.169491525423729,0.77,-0.6724567545437594,0.0,0.01722352291426291
0.25,5.82,0.08,6.169491525423729,0.96,-0.6704322585613625,0.0,0.01722352291426291
0.25,5.82,0.08,6.169491525423729,1.15,-0.6684082770144073,0.0,0.01722352291426291
0.25,5.82,0.08,6.169491525423729,1.34,-0.666384291417657,0.0,0.01722352291426291
0.25,5.82,0.08,6.169491525423729,1.53,-0.6643601131214183,0.0,0.01722352291426291
0.25,5.82,0.08,6.169491525423729,1.72,-0.662335742167528,0.0,0.01722352291426291
0.25,5.82,0.08,6.169491525423729,1.91,-0.6603111785169204,0.0,0.01722352291426291
0.25,5.82,0.08,6.169491525423729,2.1,-0.6582874323074464,0.0,0.01722352291426291
0.25,5.82,0.08,6.169491525423729,2.29,-0.6562644027772961,0.0,0.01722352291426291
0.25,5.82,0.08,6.169491525423729,2.4800000000000004,-0.6542411807249664,0.0,0.01722352291426291
0.25,5.82,0.08,6.169491525423729,2.6700000000000004,-0.6522177661833553,0.0,0.01722352291426291
0.25,5.82,0.08,6.169491525423729,2.8600000000000003,-0.6501941591014742,0.0,0.01722352291426291
0.25,5.82,0.08,6.169491525423729,3.0500000000000003,-0.6481703594544683,0.0,0.01722352291426291
0.25,5.82,0.08,6.169491525423729,3.24,-0.6461463672270185,0.0,0.01722352291426291
0.25,5.82,0.08,6.169491525423729,3.43,-0.6441221823960177,0.0,0.01722352291426291
0.25,5.82,0.08,6.169491525423729,3.62,-0.642097804945962,0.0,0.01722352291426291
0.25,5.82,0.08,6.169491525423729,3.81,-0.6400732348272413,0.0,0.01722352291426291
0.25,5.82,0.08,6.169491525423729,4.0,-0.6380484720589834,0.0,0.01722352291426291
0.25,5.82,0.08,6.4406779661016955,0.2,30.244980944221396,0.0,0.0001456588906138026
0.25,5.82,0.08,6.4406779661016955,0.39,30.24505942309385,0.0,0.0001456588906138026
0.25,5.82,0.08,6.4406779661016955,0.5800000000000001,30.245137903847805,0.0,0.0001456588906138026
0.25,5.82,0.08,6.4406779661016955,0.77,30.245216381754368,0.0,0.0001456588906138026
0.25,5.82,0.08,6.4406779661016955,0.96,30.245294860848226,0.0,0.0001456588906138026
0.25,5.82,0.08,6.4406779661016955,1.15,30.245373334532516,0.0,0.0001456588906138026
0.25,5.82,0.08,6.4406779661016955,1.34,30.24545180817202,0.0,0.0001456588906138026
0.25,5.82,0.08,6.4406779661016955,1.53,30.245530283491306,0.0,0.0001456588906138026
0.25,5.82,0.08,6.4406779661016955,1.72,30.245608760728075,0.0,0.0001456588906138026
0.25,5.82,0.08,6.4406779661016955,1.91,30.2456872398351,0.0,0.0001456588906138026
0.25,5.82,0.08,6.4406779661016955,2.1,30.245765710270675,0.0,0.0001456588906138026
0.25,5.82,0.08,6.4406779661016955,2.29,30.245844173195856,0.0,0.0001456588906138026
0.25,5.82,0.08,6.4406779661016955,2.4800000000000004,30.2459226379181,0.0,0.0001456588906138026
0.25,5.82,0.08,6.4406779661016955,2.6700000000000004,30.246001104503968,0.0,0.0001456588906138026
0.25,5.82,0.08,6.4406779661016955,2.8600000000000003,30.24607957294284,0.0,0.0001456588906138026
0.25,5.82,0.08,6.4406779661016955,3.0500000000000003,30.246158043204844,0.0,0.0001456588906138026
0.25,5.82,0.08,6.4406779661016955,3.24,30.246236515319858,0.0,0.0001456588906138026
0.25,5.82,0.08,6.4406779661016955,3.43,30.246314989306953,0.0,0.0001456588906138026
0.25,5.82,0.08,6.4406779661016955,3.62,30.24639346513017,0.0,0.0001456588906138026
0.25,5.82,0.08,6.4406779661016955,3.81,30.24647194276306,0.0,0.0001456588906138026
0.25,5.82,0.08,6.4406779661016955,4.0,30.246550422273415,0.0,0.0001456588906138026
0.25,5.82,0.08,6.711864406779661,0.2,-0.21506689035745552,0.0,1.944616747494886e-07
0.25,5.82,0.08,6.711864406779661,0.39,-0.21504736030247074,0.0,1.944616747494886e-07
0.25,5.82,0.08,6.711864406779661,0.5800000000000001,-0.21502782975811385,0.0,1.944616747494886e-07
0.25,5.82,0.08,6.711864406779661,0.77,-0.2150082997991163,0.0,1.944616747494886e-07
0.25,5.82,0.08,6.711864406779661,0.96,-0.21498876991786986,0.0,1.944616747494886e-07
0.25,5.82,0.08,6.711864406779661,1.15,-0.21496924125160888,0.0,1.944616747494886e-07
0.25,5.82,0.08,6.711864406779661,1.34,-0.2149497127326221,0.0,1.944616747494886e-07
0.25,5.82,0.08,6.711864406779661,1.53,-0.21493018403095832,0.0,1.944616747494886e-07
0.25,5.82,0.08,6.711864406779661,1.72,-0.2149106550837736,0.0,1.944616747494886e-07
0.25,5.82,0.08,6.711864406779661,1.91,-0.2148911258333115,0.0,1.944616747494886e-07
0.25,5.82,0.08,6.711864406779661,2.1,-0.21487159856048876,0.0,1.944616747494886e-07
0.25,5.82,0.08,6.711864406779661,2.29,-0.2148520730258774,0.0,1.944616747494886e-07
0.25,5.82,0.08,6.711864406779661,2.4800000000000004,-0.21483254719030143,0.0,1.944616747494886e-07
0.25,5.82,0.08,6.711864406779661,2.6700000000000004,-0.2148130211527608,0.0,1.944616747494886e-07
0.25,5.82,0.08,6.711864406779661,2.8600000000000003,-0.21479349485131038,0.0,1.944616747494886e-07
0.25,5.82,0.08,6.711864406779661,3.0500000000000003,-0.2147739683180312,0.0,1.944616747494886e-07
0.25,5.82,0.08,6.711864406779661,3.24,-0.21475444151986167,0.0,1.944616747494886e-07
0.25,5.82,0.08,6.711864406779661,3.43,-0.2147349144493056,0.0,1.944616747494886e-07
0.25,5.82,0.08,6.711864406779661,3.62,-0.21471538712178173,0.0,1.944616747494886e-07
0.25,5.82,0.08,6.711864406779661,3.81,-0.21469585958978854,0.0,1.944616747494886e-07
0.25,5.82,0.08,6.711864406779661,4.0,-0.21467633176576584,0.0,1.944616747494886e-07
0.25,5.82,0.12,5.627118644067797,0.2,14.050244371755156,0.0,1.0
0.25,5.82,0.12,5.627118644067797,0.39,14.051109446753273,0.0,1.0
0.25,5.82,0.12,5.627118644067797,0.5800000000000001,14.05197482628774,0.0,1.0
0.25,5.82,0.12,5.627118644067797,0.77,14.052839911789711,0.0,1.0
0.25,5.82,0.12,5.627118644067797,0.96,14.053705231426115,0.0,1.0
0.25,5.82,0.12,5.627118644067797,1.15,14.054569931262343,0.0,1.0
0.25,5.82,0.12,5.627118644067797,1.34,14.055434689048418,0.0,1.0
0.25,5.82,0.12,5.627118644067797,1.53,14.05629975133813,0.0,1.0
0.25,5.82,0.12,5.627118644067797,1.72,14.057165118222201,0.0,1.0
0.25,5.82,0.12,5.627118644067797,1.91,14.058030789757524,0.0,1.0
0.25,5.82,0.12,5.627118644067797,2.1,14.058895445243635,0.0,1.0
0.25,5.82,0.12,5.627118644067797,2.29,14.059759216405297,0.0,1.0
0.25,5.82,0.12,5.627118644067797,2.4800000000000004,14.060623291884966,0.0,1.0
0.25,5.82,0.12,5.627118644067797,2.6700000000000004,14.061487671761988,0.0,1.0
0.25,5.82,0.12,5.627118644067797,2.8600000000000003,14.062352356107077,0.0,1.0
0.25,5.82,0.12,5.627118644067797,3.0500000000000003,14.063217344992708,0.0,1.0
0.25,5.82,0.12,5.627118644067797,3.24,14.064082638486894,0.0,1.0
0.25,5.82,0.12,5.627118644067797,3.43,14.064948236666893,0.0,1.0
0.25,5.82,0.12,5.627118644067797,3.62,14.065814139605834,0.0,1.0
0.25,5.82,0.12,5.627118644067797,3.81,14.066680347374167,0.0,1.0
0.25,5.82,0.12,5.627118644067797,4.0,14.067546860044892,0.0,1.0
0.25,5.82,0.12,5.898305084745763,0.2,-12.622901916542979,0.0,0.11140764367721356
0.25,5.82,0.12,5.898305084745763,0.39,-12.621415118224597,0.0,0.11140764367721356
0.25,5.82,0.12,5.898305084745763,0.5800000000000001,-12.619928019416022,0.0,0.11140764367721356
0.25,5.82,0.12,5.898305084745763,0.77,-12.618441165130747,0.0,0.11140764367721356
0.25,5.82,0.12,5.898305084745763,0.96,-12.616954074582495,0.0,0.11140764367721356
0.25,5.82,0.12,5.898305084745763,1.15,-12.615467525105736,0.0,0.11140764367721356
0.25,5.82,0.12,5.898305084745763,1.34,-12.613980899774319,0.0,0.11140764367721356
0.25,5.82,0.12,5.898305084745763,1.53,-12.612493974113413,0.0,0.11140764367721356
0.25,5.82,0.12,5.898305084745763,1.72,-12.611006748068903,0.0,0.11140764367721356
0.25,5.82,0.12,5.898305084745763,1.91,-12.609519221594532,0.0,0.11140764367721356
0.25,5.82,0.12,5.898305084745763,2.1,-12.608032596979434,0.0,0.11140764367721356
0.25,5.82,0.12,5.898305084745763,2.29,-12.60654675426359,0.0,0.11140764367721356
0.25,5.82,0.12,5.898305084745763,2.4800000000000004,-12.605060611440365,0.0,0.11140764367721356
0.25,5.82,0.12,5.898305084745763,2.6700000000000004,-12.603574168453648,0.0,0.11140764367721356
0.25,5.82,0.12,5.898305084745763,2.8600000000000003,-12.602087425271762,0.0,0.11140764367721356
0.25,5.82,0.12,5.898305084745763,3.0500000000000003,-12.600600381826276,0.0,0.11140764367721356
0.25,5.82,0.12,5.898305084745763,3.24,-12.599113038094586,0.0,0.11140764367721356
0.25,5.82,0.12,5.898305084745763,3.43,-12.597625394013406,0.0,0.11140764367721356
0.25,5.82,0.12,5.898305084745763,3.62,-12.596137449547669,0.0,0.11140764367721356
0.25,5.82,0.12,5.898305084745763,3.81,-12.594649204646544,0.0,0.11140764367721356
0.25,5.82,0.12,5.898305084745763,4.0,-12.593160659250529,0.0,0.11140764367721356
0.25,5.82,0.12,6.169491525423729,0.2,-0.7901574743888489,0.0,7.656012349333691e-05
0.25,5.82,0.12,6.169491525423729,0.39,-0.7881369539488077,0.0,7.656012349333691e-05
0.25,5.82,0.12,6.169491525423729,0.5800000000000001,-0.7861162410564901,0.0,7.656012349333691e-05
0.25,5.82,0.12,6.169491525423729,0.77,-0.7840957928755472,0.0,7.656012349333691e-05
0.25,5.82,0.12,6.169491525423729,0.96,-0.782075206107109,0.0,7.656012349333691e-05
0.25,5.82,0.12,6.169491525423729,1.15,-0.7800551329716683,0.0,7.656012349333691e-05
0.25,5.82,0.12,6.169491525423729,1.34,-0.7780350557859634,0.0,7.656012349333691e-05
0.25,5.82,0.12,6.169491525423729,1.53,-0.7760147861918938,0.0,7.656012349333691e-05
0.25,5.82,0.12,6.169491525423729,1.72,-0.7739943242314524,0.0,7.656012349333691e-05
0.25,5.82,0.12,6.169491525423729,1.91,-0.7719736698655311,0.0,7.656012349333691e-05
0.25,5.82,0.12,6.169491525423729,2.1,-0.7699538316696248,0.0,7.656012349333691e-05
0.25,5.82,0.12,6.169491525423729,2.29,-0.7679347090379736,0.0,7.656012349333691e-05
0.25,5.82,0.12,6.169491525423729,2.4800000000000004,-0.765915394175039,0.0,7.656012349333691e-05
0.25,5.82,0.12,6.169491525423729,2.6700000000000004,-0.763895887113776,0.0,7.656012349333691e-05
0.25,5.82,0.12,6.169491525423729,2.8600000000000003,-0.7618761878031819,0.0,7.656012349333691e-05
0.25,5.82,0.12,6.169491525423729,3.0500000000000003,-0.7598562962184872,0.0,7.656012349333691e-05
0.25,5.82,0.12,6.169491525423729,3.24,-0.7578362123444293,0.0,7.656012349333691e-05
0.25,5.82,0.12,6.169491525423729,3.43,-0.7558159361578731,0.0,7.656012349333691e-05
0.25,5.82,0.12,6.169491525423729,3.62,-0.7537954676433571,0.0,7.656012349333691e-05
0.25,5.82,0.12,6.169491525423729,3.81,-0.7517748067513423,0.0,7.656012349333691e-05
0.25,5.82,0.12,6.169491525423729,4.0,-0.749753953500985,0.0,7.656012349333691e-05
0.25,5.82,0.12,6.4406779661016955,0.2,30.244957864597353,0.0,0.00014235166929126939
0.25,5.82,0.12,6.4406779661016955,0.39,30.245036343409822,0.0,0.00014235166929126939
0.25,5.82,0.12,6.4406779661016955,0.5800000000000001,30.245114824103794,0.0,0.00014235166929126939
0.25,5.82,0.12,6.4406779661016955,0.77,30.245193301950316,0.0,0.00014235166929126939
0.25,5.82,0.12,6.4406779661016955,0.96,30.245271780984204,0.0,0.00014235166929126939
0.25,5.82,0.12,6.4406779661016955,1.15,30.245350254608468,0.0,0.00014235166929126939
0.25,5.82,0.12,6.4406779661016955,1.34,30.24542872818799,0.0,0.00014235166929126939
0.25,5.82,0.12,6.4406779661016955,1.53,30.245507203447247,0.0,0.00014235166929126939
0.25,5.82,0.12,6.4406779661016955,1.72,30.245585680624004,0.0,0.00014235166929126939
0.25,5.82,0.12,6.4406779661016955,1.91,30.24566415967103,0.0,0.00014235166929126939
0.25,5.82,0.12,6.4406779661016955,2.1,30.245742630046607,0.0,0.00014235166929126939
0.25,5.82,0.12,6.4406779661016955,2.29,30.245821092911775,0.0,0.00014235166929126939
0.25,5.82,0.12,6.4406779661016955,2.4800000000000004,30.24589955757402,0.0,0.00014235166929126939
0.25,5.82,0.12,6.4406779661016955,2.6700000000000004,30.24597802409989,0.0,0.00014235166929126939
0.25,5.82,0.12,6.4406779661016955,2.8600000000000003,30.24605649247878,0.0,0.00014235166929126939
0.25,5.82,0.12,6.4406779661016955,3.0500000000000003,30.246134962680756,0.0,0.00014235166929126939
0.25,5.82,0.12,6.4406779661016955,3.24,30.246213434735758,0.0,0.00014235166929126939
0.25,5.82,0.12,6.4406779661016955,3.43,30.24629190866287,0.0,0.00014235166929126939
0.25,5.82,0.12,6.4406779661016955,3.62,30.246370384426086,0.0,0.00014235166929126939
0.25,5.82,0.12,6.4406779661016955,3.81,30.246448861998992,0.0,0.00014235166929126939
0.25,5.82,0.12,6.4406779661016955,4.0,30.24652734144935,0.0,0.00014235166929126939
0.25,5.82,0.12,6.711864406779661,0.2,-0.21506689036344895,0.0,1.9445857374679477e-07
0.25,5.82,0.12,6.711864406779661,0.39,-0.21504736030846416,0.0,1.9445857374679477e-07
0.25,5.82,0.12,6.711864406779661,0.5800000000000001,-0.21502782976410018,0.0,1.9445857374679477e-07
0.25,5.82,0.12,6.711864406779661,0.77,-0.21500829980510616,0.0,1.9445857374679477e-07
0.25,5.82,0.12,6.711864406779661,0.96,-0.2149887699238633,0.0,1.9445857374679477e-07
0.25,5.82,0.12,6.711864406779661,1.15,-0.2149692412576023,0.0,1.9445857374679477e-07
0.25,5.82,0.12,6.711864406779661,1.34,-0.21494971273861196,0.0,1.9445857374679477e-07
0.25,5.82,0.12,6.711864406779661,1.53,-0.2149301840369482,0.0,1.9445857374679477e-07
0.25,5.82,0.12,6.711864406779661,1.72,-0.21491065508976348,0.0,1.9445857374679477e-07
0.25,5.82,0.12,6.711864406779661,1.91,-0.21489112583930492,0.0,1.9445857374679477e-07
0.25,5.82,0.12,6.711864406779661,2.1,-0.2148715985664822,0.0,1.9445857374679477e-07
0.25,5.82,0.12,6.711864406779661,2.29,-0.2148520730318637,0.0,1.9445857374679477e-07
0.25,5.82,0.12,6.711864406779661,2.4800000000000004,-0.2148325471962913,0.0,1.9445857374679477e-07
0.25,5.82,0.12,6.711864406779661,2.6700000000000004,-0.21481302115874712,0.0,1.9445857374679477e-07
0.25,5.82,0.12,6.711864406779661,2.8600000000000003,-0.21479349485730026,0.0,1.9445857374679477e-07
0.25,5.82,0.12,6.711864406779661,3.0500000000000003,-0.21477396832401752,0.0,1.9445857374679477e-07
0.25,5.82,0.12,6.711864406779661,3.24,-0.214754441525848,0.0,1.9445857374679477e-07
0.25,5.82,0.12,6.711864406779661,3.43,-0.21473491445529547,0.0,1.9445857374679477e-07
0.25,5.82,0.12,6.711864406779661,3.62,-0.2147153871277716,0.0,1.9445857374679477e-07
0.25,5.82,0.12,6.711864406779661,3.81,-0.21469585959577842,0.0,1.9445857374679477e-07
0.25,5.82,0.12,6.711864406779661,4.0,-0.2146763317717557,0.0,1.9445857374679477e-07
0.25,5.82,0.16,5.627118644067797,0.2,14.050244371755156,0.0,1.0
0.25,5.82,0.16,5.627118644067797,0.39,14.051109446753273,0.0,1.0
0.25,5.82,0.16,5.627118644067797,0.5800000000000001,14.05197482628774,0.0,1.0
0.25,5.82,0.16,5.627118644067797,0.77,14.052839911789711,0.0,1.0
0.25,5.82,0.16,5.627118644067797,0.96,14.053705231426115,0.0,1.0
0.25,5.82,0.16,5.627118644067797,1.15,14.054569931262343,0.0,1.0
0.25,5.82,0.16,5.627118644067797,1.34,14.055434689048418,0.0,1.0
0.25,5.82,0.16,5.627118644067797,1.53,14.05629975133813,0.0,1.0
0.25,5.82,0.16,5.627118644067797,1.72,14.057165118222201,0.0,1.0
0.25,5.82,0.16,5.627118644067797,1.91,14.058030789757524,0.0,1.0
0.25,5.82,0.16,5.627118644067797,2.1,14.058895445243635,0.0,1.0
0.25,5.82,0.16,5.627118644067797,2.29,14.059759216405297,0.0,1.0
0.25,5.82,0.16,5.627118644067797,2.4800000000000004,14.060623291884966,0.0,1.0
0.25,5.82,0.16,5.627118644067797,2.6700000000000004,14.061487671761988,0.0,1.0
0.25,5.82,0.16,5.627118644067797,2.8600000000000003,14.062352356107077,0.0,1.0
0.25,5.82,0.16,5.627118644067797,3.0500000000000003,14.063217344992708,0.0,1.0
0.25,5.82,0.16,5.627118644067797,3.24,14.064082638486894,0.0,1.0
0.25,5.82,0.16,5.627118644067797,3.43,14.064948236666893,0.0,1.0
0.25,5.82,0.16,5.627118644067797,3.62,14.065814139605834,0.0,1.0
0.25,5.82,0.16,5.627118644067797,3.81,14.066680347374167,0.0,1.0
0.25,5.82,0.16,5.627118644067797,4.0,14.067546860044892,0.0,1.0
0.25,5.82,0.16,5.898305084745763,0.2,-12.478985883128935,0.0,0.14983790851962234
0.25,5.82,0.16,5.898305084745763,0.39,-12.477492320655536,0.0,0.14983790851962234
0.25,5.82,0.16,5.898305084745763,0.5800000000000001,-12.475998457022264,0.0,0.14983790851962234
0.25,5.82,0.16,5.898305084745763,0.77,-12.474504838535069,0.0,0.14983790851962234
0.25,5.82,0.16,5.898305084745763,0.96,-12.473010983267187,0.0,0.14983790851962234
0.25,5.82,0.16,5.898305084745763,1.15,-12.471517670397361,0.0,0.14983790851962234
0.25,5.82,0.16,5.898305084745763,1.34,-12.470024281535693,0.0,0.14983790851962234
0.25,5.82,0.16,5.898305084745763,1.53,-12.468530591674956,0.0,0.14983790851962234
0.25,5.82,0.16,5.898305084745763,1.72,-12.467036600760942,0.0,0.14983790851962234
0.25,5.82,0.16,5.898305084745763,1.91,-12.465542308747281,0.0,0.14983790851962234
0.25,5.82,0.16,5.898305084745763,2.1,-12.464048920775113,0.0,0.14983790851962234
0.25,5.82,0.16,5.898305084745763,2.29,-12.462556316599965,0.0,0.14983790851962234
0.25,5.82,0.16,5.898305084745763,2.4800000000000004,-12.461063411648396,0.0,0.14983790851962234
0.25,5.82,0.16,5.898305084745763,2.6700000000000004,-12.459570205864182,0.0,0.14983790851962234
0.25,5.82,0.16,5.898305084745763,2.8600000000000003,-12.458076699215546,0.0,0.14983790851962234
0.25,5.82,0.16,5.898305084745763,3.0500000000000003,-12.456582891633943,0.0,0.14983790851962234
0.25,5.82,0.16,5.898305084745763,3.24,-12.455088783096642,0.0,0.14983790851962234
0.25,5.82,0.16,5.898305084745763,3.43,-12.453594373540327,0.0,0.14983790851962234
0.25,5.82,0.16,5.898305084745763,3.62,-12.45209966292974,0.0,0.14983790851962234
0.25,5.82,0.16,5.898305084745763,3.81,-12.450604651214,0.0,0.14983790851962234
0.25,5.82,0.16,5.898305084745763,4.0,-12.44910933833345,0.0,0.14983790851962234
0.25,5.82,0.16,6.169491525423729,0.2,-0.7906554960706131,0.0,0.0
0.25,5.82,0.16,6.169491525423729,0.39,-0.7886349930710566,0.0,0.0
0.25,5.82,0.16,6.169491525423729,0.5800000000000001,-0.7866142976205168,0.0,0.0
0.25,5.82,0.16,6.169491525423729,0.77,-0.7845938668794759,0.0,0.0
0.25,5.82,0.16,6.169491525423729,0.96,-0.7825732975518775,0.0,0.0
0.25,5.82,0.16,6.169491525423729,1.15,-0.7805532418536956,0.0,0.0
0.25,5.82,0.16,6.169491525423729,1.34,-0.778533182105221,0.0,0.0
0.25,5.82,0.16,6.169491525423729,1.53,-0.7765129299497033,0.0,0.0
0.25,5.82,0.16,6.169491525423729,1.72,-0.7744924854291213,0.0,0.0
0.25,5.82,0.16,6.169491525423729,1.91,-0.7724718485043383,0.0,0.0
0.25,5.82,0.16,6.169491525423729,2.1,-0.7704520277439286,0.0,0.0
0.25,5.82,0.16,6.169491525423729,2.29,-0.768432922542786,0.0,0.0
0.25,5.82,0.16,6.169491525423729,2.4800000000000004,-0.7664136251116247,0.0,0.0
0.25,5.82,0.16,6.169491525423729,2.6700000000000004,-0.7643941354834709,0.0,0.0
0.25,5.82,0.16,6.169491525423729,2.8600000000000003,-0.7623744536072792,0.0,0.0
0.25,5.82,0.16,6.169491525423729,3.0500000000000003,-0.76035457945828,0.0,0.0
0.25,5.82,0.16,6.169491525423729,3.24,-0.7583345130212109,0.0,0.0
0.25,5.82,0.16,6.169491525423729,3.43,-0.7563142542729508,0.0,0.0
0.25,5.82,0.16,6.169491525423729,3.62,-0.75429380319801,0.0,0.0
0.25,5.82,0.16,6.169491525423729,3.81,-0.7522731597469061,0.0,0.0
0.25,5.82,0.16,6.169491525423729,4.0,-0.7502523239387244,0.0,0.0
0.25,5.82,0.16,6.4406779661016955,0.2,30.243964462376354,0.0,0.0
0.25,5.82,0.16,6.4406779661016955,0.39,30.244042938605986,0.0,0.0
0.25,5.82,0.16,6.4406779661016955,0.5800000000000001,30.24412141671715,0.0,0.0
0.25,5.82,0.16,6.4406779661016955,0.77,30.24419989198092,0.0,0.0
0.25,5.82,0.16,6.4406779661016955,0.96,30.244278368431985,0.0,0.0
0.25,5.82,0.16,6.4406779661016955,1.15,30.244356839473568,0.0,0.0
0.25,5.82,0.16,6.4406779661016955,1.34,30.24443531047038,0.0,0.0
0.25,5.82,0.16,6.4406779661016955,1.53,30.244513783146957,0.0,0.0
0.25,5.82,0.16,6.4406779661016955,1.72,30.24459225774099,0.0,0.0
0.25,5.82,0.16,6.4406779661016955,1.91,30.24467073420528,0.0,0.0
0.25,5.82,0.16,6.4406779661016955,2.1,30.244749201998246,0.0,0.0
0.25,5.82,0.16,6.4406779661016955,2.29,30.24482766228089,0.0,0.0
0.25,5.82,0.16,6.4406779661016955,2.4800000000000004,30.244906124360625,0.0,0.0
0.25,5.82,0.16,6.4406779661016955,2.6700000000000004,30.24498458830397,0.0,0.0
0.25,5.82,0.16,6.4406779661016955,2.8600000000000003,30.245063054100264,0.0,0.0
0.25,5.82,0.16,6.4406779661016955,3.0500000000000003,30.245141521719688,0.0,0.0
0.25,5.82,0.16,6.4406779661016955,3.24,30.24521999119211,0.0,0.0
0.25,5.82,0.16,6.4406779661016955,3.43,30.245298462536567,0.0,0.0
0.25,5.82,0.16,6.4406779661016955,3.62,30.24537693571719,0.0,0.0
0.25,5.82,0.16,6.4406779661016955,3.81,30.245455410707457,0.0,0.0
0.25,5.82,0.16,6.4406779661016955,4.0,30.245533887575135,0.0,0.0
0.25,5.82,0.16,6.711864406779661,0.2,-0.21506726694990164,0.0,0.0
0.25,5.82,0.16,6.711864406779661,0.39,-0.2150477368956345,0.0,0.0
0.25,5.82,0.16,6.711864406779661,0.5800000000000001,-0.21502820635199527,0.0,0.0
0.25,5.82,0.16,6.711864406779661,0.77,-0.21500867639369758,0.0,0.0
0.25,5.82,0.16,6.711864406779661,0.96,-0.21498914651317236,0.0,0.0
0.25,5.82,0.16,6.711864406779661,1.15,-0.21496961784761837,0.0,0.0
0.25,5.82,0.16,6.711864406779661,1.34,-0.21495008932934923,0.0,0.0
0.25,5.82,0.16,6.711864406779661,1.53,-0.2149305606284031,0.0,0.0
0.25,5.82,0.16,6.711864406779661,1.72,-0.21491103168192893,0.0,0.0
0.25,5.82,0.16,6.711864406779661,1.91,-0.2148915024321738,0.0,0.0
0.25,5.82,0.16,6.711864406779661,2.1,-0.21487197516006162,0.0,0.0
0.25,5.82,0.16,6.711864406779661,2.29,-0.21485244962616434,0.0,0.0
0.25,5.82,0.16,6.711864406779661,2.4800000000000004,-0.21483292379129537,0.0,0.0
0.25,5.82,0.16,6.711864406779661,2.6700000000000004,-0.21481339775447594,0.0,0.0
0.25,5.82,0.16,6.711864406779661,2.8600000000000003,-0.21479387145373963,0.0,0.0
0.25,5.82,0.16,6.711864406779661,3.0500000000000003,-0.21477434492117453,0.0,0.0
0.25,5.82,0.16,6.711864406779661,3.24,-0.214754818123712,0.0,0.0
0.25,5.82,0.16,6.711864406779661,3.43,-0.21473529105387712,0.0,0.0
0.25,5.82,0.16,6.711864406779661,3.62,-0.21471576372706025,0.0,0.0
0.25,5.82,0.16,6.711864406779661,3.81,-0.2146962361957776,0.0,0.0
0.25,5.82,0.16,6.711864406779661,4.0,-0.21467670837245834,0.0,0.0
0.5,5.7,0.08,5.627118644067797,0.2,14.050244371755156,0.0,1.0
0.5,5.7,0.08,5.627118644067797,0.39,14.051109446753273,0.0,1.0
0.5,5.7,0.08,5.627118644067797,0.5800000000000001,14.05197482628774,0.0,1.0
0.5,5.7,0.08,5.627118644067797,0.77,14.052839911789711,0.0,1.0
0.5,5.7,0.08,5.627118644067797,0.96,14.053705231426115,0.0,1.0
0.5,5.7,0.08,5.627118644067797,1.15,14.054569931262343,0.0,1.0
0.5,5.7,0.08,5.627118644067797,1.34,14.055434689048418,0.0,1.0
0.5,5.7,0.08,5.627118644067797,1.53,14.05629975133813,0.0,1.0
0.5,5.7,0.08,5.627118644067797,1.72,14.057165118222201,0.0,1.0
0.5,5.7,0.08,5.627118644067797,1.91,14.058030789757524,0.0,1.0
0.5,5.7,0.08,5.627118644067797,2.1,14.058895445243635,0.0,1.0
0.5,5.7,0.08,5.627118644067797,2.29,14.059759216405297,0.0,1.0
0.5,5.7,0.08,5.627118644067797,2.4800000000000004,14.060623291884966,0.0,1.0
0.5,5.7,0.08,5.627118644067797,2.6700000000000004,14.061487671761988,0.0,1.0
0.5,5.7,0.08,5.627118644067797,2.8600000000000003,14.062352356107077,0.0,1.0
0.5,5.7,0.08,5.627118644067797,3.0500000000000003,14.063217344992708,0.0,1.0
0.5,5.7,0.08,5.627118644067797,3.24,14.064082638486894,0.0,1.0
0.5,5.7,0.08,5.627118644067797,3.43,14.064948236666893,0.0,1.0
0.5,5.7,0.08,5.627118644067797,3.62,14.065814139605834,0.0,1.0
0.5,5.7,0.08,5.627118644067797,3.81,14.066680347374167,0.0,1.0
0.5,5.7,0.08,5.627118644067797,4.0,14.067546860044892,0.0,1.0
0.5,5.7,0.08,5.898305084745763,0.2,-12.162054336679368,0.0,0.23414924728007347
0.5,5.7,0.08,5.898305084745763,0.39,-12.160545878199947,0.0,0.23414924728007347
0.5,5.7,0.08,5.898305084745763,0.5800000000000001,-12.159037117085767,0.0,0.23414924728007347
0.5,5.7,0.08,5.898305084745763,0.77,-12.1575286024892,0.0,0.23414924728007347
0.5,5.7,0.08,5.898305084745763,0.96,-12.15601984997187,0.0,0.23414924728007347
0.5,5.7,0.08,5.898305084745763,1.15,-12.15451164277389,0.0,0.23414924728007347
0.5,5.7,0.08,5.898305084745763,1.34,-12.153003359282003,0.0,0.23414924728007347
0.5,5.7,0.08,5.898305084745763,1.53,-12.151494773316514,0.0,0.23414924728007347
0.5,5.7,0.08,5.898305084745763,1.72,-12.149985884822968,0.0,0.23414924728007347
0.5,5.7,0.08,5.898305084745763,1.91,-12.148476693754745,0.0,0.23414924728007347
0.5,5.7,0.08,5.898305084745763,2.1,-12.146968411533756,0.0,0.23414924728007347
0.5,5.7,0.08,5.898305084745763,2.29,-12.145460917289007,0.0,0.23414924728007347
0.5,5.7,0.08,5.898305084745763,2.4800000000000004,-12.143953120794471,0.0,0.23414924728007347
0.5,5.7,0.08,5.898305084745763,2.6700000000000004,-12.142445021993687,0.0,0.23414924728007347
0.5,5.7,0.08,5.898305084745763,2.8600000000000003,-12.140936620854653,0.0,0.23414924728007347
0.5,5.7,0.08,5.898305084745763,3.0500000000000003,-12.139427917308574,0.0,0.23414924728007347
0.5,5.7,0.08,5.898305084745763,3.24,-12.137918911332484,0.0,0.23414924728007347
0.5,5.7,0.08,5.898305084745763,3.43,-12.13640960286289,0.0,0.23414924728007347
0.5,5.7,0.08,5.898305084745763,3.62,-12.134899991864245,0.0,0.23414924728007347
0.5,5.7,0.08,5.898305084745763,3.81,-12.133390078285387,0.0,0.23414924728007347
0.5,5.7,0.08,5.898305084745763,4.0,-12.13187986206654,0.0,0.23414924728007347
0.5,5.7,0.08,6.169491525423729,0.2,-0.6776896415921385,0.0,0.017352534070841058
0.5,5.7,0.08,6.169491525423729,0.39,-0.6756651825857176,0.0,0.017352534070841058
0.5,5.7,0.08,6.169491525423729,0.5800000000000001,-0.6736405308334952,0.0,0.017352534070841058
0.5,5.7,0.08,6.169491525423729,0.77,-0.671616144212976,0.0,0.017352534070841058
0.5,5.7,0.08,6.169491525423729,0.96,-0.6695916187952946,0.0,0.017352534070841058
0.5,5.7,0.08,6.169491525423729,1.15,-0.667567607819123,0.0,0.017352534070841058
0.5,5.7,0.08,6.169491525423729,1.34,-0.6655435927931563,0.0,0.017352534070841058
0.5,5.7,0.08,6.169491525423729,1.53,-0.6635193850654844,0.0,0.017352534070841058
0.5,5.7,0.08,6.169491525423729,1.72,-0.6614949846779581,0.0,0.017352534070841058
0.5,5.7,0.08,6.169491525423729,1.91,-0.6594703915915545,0.0,0.017352534070841058
0.5,5.7,0.08,6.169491525423729,2.1,-0.6574466159558483,0.0,0.017352534070841058
0.5,5.7,0.08,6.169491525423729,2.29,-0.655423557007893,0.0,0.017352534070841058
0.5,5.7,0.08,6.169491525423729,2.4800000000000004,-0.6534003055355271,0.0,0.017352534070841058
0.5,5.7,0.08,6.169491525423729,2.6700000000000004,-0.6513768615717055,0.0,0.017352534070841058
0.5,5.7,0.08,6.169491525423729,2.8600000000000003,-0.6493532250653828,0.0,0.017352534070841058
0.5,5.7,0.08,6.169491525423729,3.0500000000000003,-0.6473293959917754,0.0,0.017352534070841058
0.5,5.7,0.08,6.169491525423729,3.24,-0.6453053743355213,0.0,0.017352534070841058
0.5,5.7,0.08,6.169491525423729,3.43,-0.6432811600735562,0.0,0.017352534070841058
0.5,5.7,0.08,6.169491525423729,3.62,-0.6412567531903051,0.0,0.017352534070841058
0.5,5.7,0.08,6.169491525423729,3.81,-0.6392321536362147,0.0,0.017352534070841058
0.5,5.7,0.08,6.169491525423729,4.0,-0.6372073614303986,0.0,0.017352534070841058
0.5,5.7,0.08,6.4406779661016955,0.2,30.244980944223272,0.0,0.00014565889088539354
0.5,5.7,0.08,6.4406779661016955,0.39,30.245059423095768,0.0,0.00014565889088539354
0.5,5.7,0.08,6.4406779661016955,0.5800000000000001,30.245137903849724,0.0,0.00014565889088539354
0.5,5.7,0.08,6.4406779661016955,0.77,30.245216381756286,0.0,0.00014565889088539354
0.5,5.7,0.08,6.4406779661016955,0.96,30.24529486085016,0.0,0.00014565889088539354
0.5,5.7,0.08,6.4406779661016955,1.15,30.245373334534406,0.0,0.00014565889088539354
0.5,5.7,0.08,6.4406779661016955,1.34,30.245451808173954,0.0,0.00014565889088539354
0.5,5.7,0.08,6.4406779661016955,1.53,30.24553028349321,0.0,0.00014565889088539354
0.5,5.7,0.08,6.4406779661016955,1.72,30.245608760729965,0.0,0.00014565889088539354
0.5,5.7,0.08,6.4406779661016955,1.91,30.245687239837004,0.0,0.00014565889088539354
0.5,5.7,0.08,6.4406779661016955,2.1,30.245765710272565,0.0,0.00014565889088539354
0.5,5.7,0.08,6.4406779661016955,2.29,30.24584417319776,0.0,0.00014565889088539354
0.5,5.7,0.08,6.4406779661016955,2.4800000000000004,30.245922637920017,0.0,0.00014565889088539354
0.5,5.7,0.08,6.4406779661016955,2.6700000000000004,30.246001104505872,0.0,0.00014565889088539354
0.5,5.7,0.08,6.4406779661016955,2.8600000000000003,30.246079572944744,0.0,0.00014565889088539354
0.5,5.7,0.08,6.4406779661016955,3.0500000000000003,30.246158043206734,0.0,0.00014565889088539354
0.5,5.7,0.08,6.4406779661016955,3.24,30.246236515321748,0.0,0.00014565889088539354
0.5,5.7,0.08,6.4406779661016955,3.43,30.246314989308843,0.0,0.00014565889088539354
0.5,5.7,0.08,6.4406779661016955,3.62,30.246393465132073,0.0,0.00014565889088539354
0.5,5.7,0.08,6.4406779661016955,3.81,30.246471942764977,0.0,0.00014565889088539354
0.5,5.7,0.08,6.4406779661016955,4.0,30.24655042227532,0.0,0.00014565889088539354
0.5,5.7,0.08,6.711864406779661,0.2,-0.21506689035745552,0.0,1.944616747494886e-07
0.5,5.7,0.08,6.711864406779661,0.39,-0.21504736030247074,0.0,1.944616747494886e-07
0.5,5.7,0.08,6.711864406779661,0.5800000000000001,-0.21502782975811385,0.0,1.944616747494886e-07
0.5,5.7,0.08,6.711864406779661,0.77,-0.2150082997991163,0.0,1.944616747494886e-07
0.5,5.7,0.08,6.711864406779661,0.96,-0.21498876991786986,0.0,1.944616747494886e-07
0.5,5.7,0.08,6.711864406779661,1.15,-0.21496924125160888,0.0,1.944616747494886e-07
0.5,5.7,0.08,6.711864406779661,1.34,-0.2149497127326221,0.0,1.944616747494886e-07
0.5,5.7,0.08,6.711864406779661,1.53,-0.21493018403095832,0.0,1.944616747494886e-07
0.5,5.7,0.08,6.711864406779661,1.72,-0.2149106550837736,0.0,1.944616747494886e-07
0.5,5.7,0.08,6.711864406779661,1.91,-0.2148911258333115,0.0,1.944616747494886e-07
0.5,5.7,0.08,6.711864406779661,2.1,-0.21487159856048876,0.0,1.944616747494886e-07
0.5,5.7,0.08,6.711864406779661,2.29,-0.2148520730258774,0.0,1.944616747494886e-07
0.5,5.7,0.08,6.711864406779661,2.4800000000000004,-0.21483254719030143,0.0,1.944616747494886e-07
0.5,5.7,0.08,6.711864406779661,2.6700000000000004,-0.2148130211527608,0.0,1.944616747494886e-07
0.5,5.7,0.08,6.711864406779661,2.8600000000000003,-0.21479349485131038,0.0,1.944616747494886e-07
0.5,5.7,0.08,6.711864406779661,3.0500000000000003,-0.2147739683180312,0.0,1.944616747494886e-07
0.5,5.7,0.08,6.711864406779661,3.24,-0.21475444151986167,0.0,1.944616747494886e-07
0.5,5.7,0.08,6.711864406779661,3.43,-0.2147349144493056,0.0,1.944616747494886e-07
0.5,5.7,0.08,6.711864406779661,3.62,-0.21471538712178173,0.0,1.944616747494886e-07
0.5,5.7,0.08,6.711864406779661,3.81,-0.21469585958978854,0.0,1.944616747494886e-07
0.5,5.7,0.08,6.711864406779661,4.0,-0.21467633176576584,0.0,1.944616747494886e-07
0.5,5.7,0.12,5.627118644067797,0.2,14.050244371755156,0.0,1.0
0.5,5.7,0.12,5.627118644067797,0.39,14.051109446753273,0.0,1.0
0.5,5.7,0.12,5.627118644067797,0.5800000000000001,14.05197482628774,0.0,1.0
0.5,5.7,0.12,5.627118644067797,0.77,14.052839911789711,0.0,1.0
0.5,5.7,0.12,5.627118644067797,0.96,14.053705231426115,0.0,1.0
0.5,5.7,0.12,5.627118644067797,1.15,14.054569931262343,0.0,1.0
0.5,5.7,0.12,5.627118644067797,1.34,14.055434689048418,0.0,1.0
0.5,5.7,0.12,5.627118644067797,1.53,14.05629975133813,0.0,1.0
0.5,5.7,0.12,5.627118644067797,1.72,14.057165118222201,0.0,1.0
0.5,5.7,0.12,5.627118644067797,1.91,14.058030789757524,0.0,1.0
0.5,5.7,0.12,5.627118644067797,2.1,14.058895445243635,0.0,1.0
0.5,5.7,0.12,5.627118644067797,2.29,14.059759216405297,0.0,1.0
0.5,5.7,0.12,5.627118644067797,2.4800000000000004,14.060623291884966,0.0,1.0
0.5,5.7,0.12,5.627118644067797,2.6700000000000004,14.061487671761988,0.0,1.0
0.5,5.7,0.12,5.627118644067797,2.8600000000000003,14.062352356107077,0.0,1.0
0.5,5.7,0.12,5.627118644067797,3.0500000000000003,14.063217344992708,0.0,1.0
0.5,5.7,0.12,5.627118644067797,3.24,14.064082638486894,0.0,1.0
0.5,5.7,0.12,5.627118644067797,3.43,14.064948236666893,0.0,1.0
0.5,5.7,0.12,5.627118644067797,3.62,14.065814139605834,0.0,1.0
0.5,5.7,0.12,5.627118644067797,3.81,14.066680347374167,0.0,1.0
0.5,5.7,0.12,5.627118644067797,4.0,14.067546860044892,0.0,1.0
0.5,5.7,0.12,5.898305084745763,0.2,-13.038186183831364,0.0,0.0
0.5,5.7,0.12,5.898305084745763,0.39,-13.036718904166172,0.0,0.0
0.5,5.7,0.12,5.898305084745763,0.5800000000000001,-13.035251325943428,0.0,0.0
0.5,5.7,0.12,5.898305084745763,0.77,-13.033783990446778,0.0,0.0
0.5,5.7,0.12,5.898305084745763,0.96,-13.032316420181012,0.0,0.0
0.5,5.7,0.12,5.898305084745763,1.15,-13.030849387158916,0.0,0.0
0.5,5.7,0.12,5.898305084745763,1.34,-13.029382278677964,0.0,0.0
0.5,5.7,0.12,5.898305084745763,1.53,-13.027914871799616,0.0,0.0
0.5,5.7,0.12,5.898305084745763,1.72,-13.026447166470142,0.0,0.0
0.5,5.7,0.12,5.898305084745763,1.91,-13.024979162643547,0.0,0.0
0.5,5.7,0.12,5.898305084745763,2.1,-13.02351205437919,0.0,0.0
0.5,5.7,0.12,5.898305084745763,2.29,-13.022045722537882,0.0,0.0
0.5,5.7,0.12,5.898305084745763,2.4800000000000004,-13.020579092519803,0.0,0.0
0.5,5.7,0.12,5.898305084745763,2.6700000000000004,-13.019112164269103,0.0,0.0
0.5,5.7,0.12,5.898305084745763,2.8600000000000003,-13.017644937754476,0.0,0.0
0.5,5.7,0.12,5.898305084745763,3.0500000000000003,-13.016177412907751,0.0,0.0
0.5,5.7,0.12,5.898305084745763,3.24,-13.014709589706662,0.0,0.0
0.5,5.7,0.12,5.898305084745763,3.43,-13.013241468088154,0.0,0.0
0.5,5.7,0.12,5.898305084745763,3.62,-13.01177304801756,0.0,0.0
0.5,5.7,0.12,5.898305084745763,3.81,-13.010304329444338,0.0,0.0
0.5,5.7,0.12,5.898305084745763,4.0,-13.008835312309223,0.0,0.0
0.5,5.7,0.12,6.169491525423729,0.2,-0.6876555571236338,0.0,0.01582277573963599
0.5,5.7,0.12,6.169491525423729,0.39,-0.6856314471185243,0.0,0.01582277573963599
0.5,5.7,0.12,6.169491525423729,0.5800000000000001,-0.6836071443936191,0.0,0.01582277573963599
0.5,5.7,0.12,6.169491525423729,0.77,-0.6815831067631422,0.0,0.01582277573963599
0.5,5.7,0.12,6.169491525423729,0.96,-0.679558930354105,0.0,0.01582277573963599
0.5,5.7,0.12,6.169491525423729,1.15,-0.6775352683149265,0.0,0.01582277573963599
0.5,5.7,0.12,6.169491525423729,1.34,-0.6755116022259244,0.0,0.01582277573963599
0.5,5.7,0.12,6.169491525423729,1.53,-0.6734877434612088,0.0,0.01582277573963599
0.5,5.7,0.12,6.169491525423729,1.72,-0.6714636920626447,0.0,0.01582277573963599
0.5,5.7,0.12,6.169491525423729,1.91,-0.6694394479911807,0.0,0.01582277573963599
0.5,5.7,0.12,6.169491525423729,2.1,-0.6674160212569547,0.0,0.01582277573963599
0.5,5.7,0.12,6.169491525423729,2.29,-0.665393311110904,0.0,0.01582277573963599
0.5,5.7,0.12,6.169491525423729,2.4800000000000004,-0.6633704084664487,0.0,0.01582277573963599
0.5,5.7,0.12,6.169491525423729,2.6700000000000004,-0.6613473133564867,0.0,0.01582277573963599
0.5,5.7,0.12,6.169491525423729,2.8600000000000003,-0.659324025730001,0.0,0.01582277573963599
0.5,5.7,0.12,6.169491525423729,3.0500000000000003,-0.6573005455622365,0.0,0.01582277573963599
0.5,5.7,0.12,6.169491525423729,3.24,-0.6552768728377885,0.0,0.01582277573963599
0.5,5.7,0.12,6.169491525423729,3.43,-0.6532530075336069,0.0,0.01582277573963599
0.5,5.7,0.12,6.169491525423729,3.62,-0.6512289496341594,0.0,0.01582277573963599
0.5,5.7,0.12,6.169491525423729,3.81,-0.6492046990898359,0.0,0.01582277573963599
0.5,5.7,0.12,6.169491525423729,4.0,-0.6471802559198068,0.0,0.01582277573963599
0.5,5.7,0.12,6.4406779661016955,0.2,30.24498075474193,0.0,0.00014563173895683012
0.5,5.7,0.12,6.4406779661016955,0.39,30.245059233613915,0.0,0.00014563173895683012
0.5,5.7,0.12,6.4406779661016955,0.5800000000000001,30.245137714367374,0.0,0.00014563173895683012
0.5,5.7,0.12,6.4406779661016955,0.77,30.245216192273425,0.0,0.00014563173895683012
0.5,5.7,0.12,6.4406779661016955,0.96,30.245294671366786,0.0,0.00014563173895683012
0.5,5.7,0.12,6.4406779661016955,1.15,30.24537314505058,0.0,0.00014563173895683012
0.5,5.7,0.12,6.4406779661016955,1.34,30.245451618689614,0.0,0.00014563173895683012
0.5,5.7,0.12,6.4406779661016955,1.53,30.245530094008373,0.0,0.00014563173895683012
0.5,5.7,0.12,6.4406779661016955,1.72,30.24560857124466,0.0,0.00014563173895683012
0.5,5.7,0.12,6.4406779661016955,1.91,30.2456870503512,0.0,0.00014563173895683012
0.5,5.7,0.12,6.4406779661016955,2.1,30.245765520786293,0.0,0.00014563173895683012
0.5,5.7,0.12,6.4406779661016955,2.29,30.245843983710962,0.0,0.00014563173895683012
0.5,5.7,0.12,6.4406779661016955,2.4800000000000004,30.245922448432708,0.0,0.00014563173895683012
0.5,5.7,0.12,6.4406779661016955,2.6700000000000004,30.246000915018108,0.0,0.00014563173895683012
0.5,5.7,0.12,6.4406779661016955,2.8600000000000003,30.246079383456497,0.0,0.00014563173895683012
0.5,5.7,0.12,6.4406779661016955,3.0500000000000003,30.24615785371796,0.0,0.00014563173895683012
0.5,5.7,0.12,6.4406779661016955,3.24,30.246236325832506,0.0,0.00014563173895683012
0.5,5.7,0.12,6.4406779661016955,3.43,30.246314799819103,0.0,0.00014563173895683012
0.5,5.7,0.12,6.4406779661016955,3.62,30.246393275641836,0.0,0.00014563173895683012
0.5,5.7,0.12,6.4406779661016955,3.81,30.246471753274243,0.0,0.00014563173895683012
0.5,5.7,0.12,6.4406779661016955,4.0,30.246550232784102,0.0,0.00014563173895683012
0.5,5.7,0.12,6.711864406779661,0.2,-0.21506689035745552,0.0,1.9446167222342975e-07
0.5,5.7,0.12,6.711864406779661,0.39,-0.21504736030247074,0.0,1.9446167222342975e-07
0.5,5.7,0.12,6.711864406779661,0.5800000000000001,-0.21502782975811385,0.0,1.9446167222342975e-07
0.5,5.7,0.12,6.711864406779661,0.77,-0.2150082997991163,0.0,1.9446167222342975e-07
0.5,5.7,0.12,6.711864406779661,0.96,-0.21498876991786986,0.0,1.9446167222342975e-07
0.5,5.7,0.12,6.711864406779661,1.15,-0.21496924125160888,0.0,1.9446167222342975e-07
0.5,5.7,0.12,6.711864406779661,1.34,-0.2149497127326221,0.0,1.9446167222342975e-07
0.5,5.7,0.12,6.711864406779661,1.53,-0.21493018403095832,0.0,1.9446167222342975e-07
0.5,5.7,0.12,6.711864406779661,1.72,-0.2149106550837736,0.0,1.9446167222342975e-07
0.5,5.7,0.12,6.711864406779661,1.91,-0.2148911258333115,0.0,1.9446167222342975e-07
0.5,5.7,0.12,6.711864406779661,2.1,-0.21487159856048876,0.0,1.9446167222342975e-07
0.5,5.7,0.12,6.711864406779661,2.29,-0.2148520730258774,0.0,1.9446167222342975e-07
0.5,5.7,0.12,6.711864406779661,2.4800000000000004,-0.21483254719030143,0.0,1.9446167222342975e-07
0.5,5.7,0.12,6.711864406779661,2.6700000000000004,-0.2148130211527608,0.0,1.9446167222342975e-07
0.5,5.7,0.12,6.711864406779661,2.8600000000000003,-0.21479349485131038,0.0,1.9446167222342975e-07
0.5,5.7,0.12,6.711864406779661,3.0500000000000003,-0.2147739683180312,0.0,1.9446167222342975e-07
0.5,5.7,0.12,6.711864406779661,3.24,-0.21475444151986167,0.0,1.9446167222342975e-07
0.5,5.7,0.12,6.711864406779661,3.43,-0.2147349144493056,0.0,1.9446167222342975e-07
0.5,5.7,0.12,6.711864406779661,3.62,-0.21471538712178173,0.0,1.9446167222342975e-07
0.5,5.7,0.12,6.711864406779661,3.81,-0.21469585958978854,0.0,1.9446167222342975e-07
0.5,5.7,0.12,6.711864406779661,4.0,-0.21467633176576584,0.0,1.9446167222342975e-07
0.5,5.7,0.16,5.627118644067797,0.2,14.050244371755156,0.0,1.0
0.5,5.7,0.16,5.627118644067797,0.39,14.051109446753273,0.0,1.0
0.5,5.7,0.16,5.627118644067797,0.5800000000000001,14.05197482628774,0.0,1.0
0.5,5.7,0.16,5.627118644067797,0.77,14.052839911789711,0.0,1.0
0.5,5.7,0.16,5.627118644067797,0.96,14.053705231426115,0.0,1.0
0.5,5.7,0.16,5.627118644067797,1.15,14.054569931262343,0.0,1.0
0.5,5.7,0.16,5.627118644067797,1.34,14.055434689048418,0.0,1.0
0.5,5.7,0.16,5.627118644067797,1.53,14.05629975133813,0.0,1.0
0.5,5.7,0.16,5.627118644067797,1.72,14.057165118222201,0.0,1.0
0.5,5.7,0.16,5.627118644067797,1.91,14.058030789757524,0.0,1.0
0.5,5.7,0.16,5.627118644067797,2.1,14.058895445243635,0.0,1.0
0.5,5.7,0.16,5.627118644067797,2.29,14.059759216405297,0.0,1.0
0.5,5.7,0.16,5.627118644067797,2.4800000000000004,14.060623291884966,0.0,1.0
0.5,5.7,0.16,5.627118644067797,2.6700000000000004,14.061487671761988,0.0,1.0
0.5,5.7,0.16,5.627118644067797,2.8600000000000003,14.062352356107077,0.0,1.0
0.5,5.7,0.16,5.627118644067797,3.0500000000000003,14.063217344992708,0.0,1.0
0.5,5.7,0.16,5.627118644067797,3.24,14.064082638486894,0.0,1.0
0.5,5.7,0.16,5.627118644067797,3.43,14.064948236666893,0.0,1.0
0.5,5.7,0.16,5.627118644067797,3.62,14.065814139605834,0.0,1.0
0.5,5.7,0.16,5.627118644067797,3.81,14.066680347374167,0.0,1.0
0.5,5.7,0.16,5.627118644067797,4.0,14.067546860044892,0.0,1.0
0.5,5.7,0.16,5.898305084745763,0.2,-13.038186183831364,0.0,0.0
0.5,5.7,0.16,5.898305084745763,0.39,-13.036718904166172,0.0,0.0
0.5,5.7,0.16,5.898305084745763,0.5800000000000001,-13.035251325943428,0.0,0.0
0.5,5.7,0.16,5.898305084745763,0.77,-13.033783990446778,0.0,0.0
0.5,5.7,0.16,5.898305084745763,0.96,-13.032316420181012,0.0,0.0
0.5,5.7,0.16,5.898305084745763,1.15,-13.030849387158916,0.0,0.0
0.5,5.7,0.16,5.898305084745763,1.34,-13.029382278677964,0.0,0.0
0.5,5.7,0.16,5.898305084745763,1.53,-13.027914871799616,0.0,0.0
0.5,5.7,0.16,5.898305084745763,1.72,-13.026447166470142,0.0,0.0
0.5,5.7,0.16,5.898305084745763,1.91,-13.024979162643547,0.0,0.0
0.5,5.7,0.16,5.898305084745763,2.1,-13.02351205437919,0.0,0.0
0.5,5.7,0.16,5.898305084745763,2.29,-13.022045722537882,0.0,0.0
0.5,5.7,0.16,5.898305084745763,2.4800000000000004,-13.020579092519803,0.0,0.0
0.5,5.7,0.16,5.898305084745763,2.6700000000000004,-13.019112164269103,0.0,0.0
0.5,5.7,0.16,5.898305084745763,2.8600000000000003,-13.017644937754476,0.0,0.0
0.5,5.7,0.16,5.898305084745763,3.0500000000000003,-13.016177412907751,0.0,0.0
0.5,5.7,0.16,5.898305084745763,3.24,-13.014709589706662,0.0,0.0
0.5,5.7,0.16,5.898305084745763,3.43,-13.013241468088154,0.0,0.0
0.5,5.7,0.16,5.898305084745763,3.62,-13.01177304801756,0.0,0.0
0.5,5.7,0.16,5.898305084745763,3.81,-13.010304329444338,0.0,0.0
0.5,5.7,0.16,5.898305084745763,4.0,-13.008835312309223,0.0,0.0
0.5,5.7,0.16,6.169491525423729,0.2,-0.7906554960706131,0.0,0.0
0.5,5.7,0.16,6.169491525423729,0.39,-0.7886349930710566,0.0,0.0
0.5,5.7,0.16,6.169491525423729,0.5800000000000001,-0.7866142976205168,0.0,0.0
0.5,5.7,0.16,6.169491525423729,0.77,-0.7845938668794759,0.0,0.0
0.5,5.7,0.16,6.169491525423729,0.96,-0.7825732975518775,0.0,0.0
0.5,5.7,0.16,6.169491525423729,1.15,-0.7805532418536956,0.0,0.0
0.5,5.7,0.16,6.169491525423729,1.34,-0.778533182105221,0.0,0.0
0.5,5.7,0.16,6.169491525423729,1.53,-0.7765129299497033,0.0,0.0
0.5,5.7,0.16,6.169491525423729,1.72,-0.7744924854291213,0.0,0.0
0.5,5.7,0.16,6.169491525423729,1.91,-0.7724718485043383,0.0,0.0
0.5,5.7,0.16,6.169491525423729,2.1,-0.7704520277439286,0.0,0.0
0.5,5.7,0.16,6.169491525423729,2.29,-0.768432922542786,0.0,0.0
0.5,5.7,0.16,6.169491525423729,2.4800000000000004,-0.7664136251116247,0.0,0.0
0.5,5.7,0.16,6.169491525423729,2.6700000000000004,-0.7643941354834709,0.0,0.0
0.5,5.7,0.16,6.169491525423729,2.8600000000000003,-0.7623744536072792,0.0,0.0
0.5,5.7,0.16,6.169491525423729,3.0500000000000003,-0.76035457945828,0.0,0.0
0.5,5.7,0.16,6.169491525423729,3.24,-0.7583345130212109,0.0,0.0
0.5,5.7,0.16,6.169491525423729,3.43,-0.7563142542729508,0.0,0.0
0.5,5.7,0.16,6.169491525423729,3.62,-0.75429380319801,0.0,0.0
0.5,5.7,0.16,6.169491525423729,3.81,-0.7522731597469061,0.0,0.0
0.5,5.7,0.16,6.169491525423729,4.0,-0.7502523239387244,0.0,0.0
0.5,5.7,0.16,6.4406779661016955,0.2,30.244389436576583,0.0,6.089780332151365e-05
0.5,5.7,0.16,6.4406779661016955,0.39,30.24446791391118,0.0,6.089780332151365e-05
0.5,5.7,0.16,6.4406779661016955,0.5800000000000001,30.244546393127237,0.0,6.089780332151365e-05
0.5,5.7,0.16,6.4406779661016955,0.77,30.244624869495944,0.0,6.089780332151365e-05
0.5,5.7,0.16,6.4406779661016955,0.96,30.244703347051917,0.0,6.089780332151365e-05
0.5,5.7,0.16,6.4406779661016955,1.15,30.244781819198366,0.0,6.089780332151365e-05
0.5,5.7,0.16,6.4406779661016955,1.34,30.244860291300043,0.0,6.089780332151365e-05
0.5,5.7,0.16,6.4406779661016955,1.53,30.244938765081457,0.0,6.089780332151365e-05
0.5,5.7,0.16,6.4406779661016955,1.72,30.2450172407804,0.0,6.089780332151365e-05
0.5,5.7,0.16,6.4406779661016955,1.91,30.24509571834958,0.0,6.089780332151365e-05
0.5,5.7,0.16,6.4406779661016955,2.1,30.245174187247358,0.0,6.089780332151365e-05
0.5,5.7,0.16,6.4406779661016955,2.29,30.245252648634796,0.0,6.089780332151365e-05
0.5,5.7,0.16,6.4406779661016955,2.4800000000000004,30.24533111181934,0.0,6.089780332151365e-05
0.5,5.7,0.16,6.4406779661016955,2.6700000000000004,30.245409576867466,0.0,6.089780332151365e-05
0.5,5.7,0.16,6.4406779661016955,2.8600000000000003,30.245488043768596,0.0,6.089780332151365e-05
0.5,5.7,0.16,6.4406779661016955,3.0500000000000003,30.245566512492815,0.0,6.089780332151365e-05
0.5,5.7,0.16,6.4406779661016955,3.24,30.245644983070086,0.0,6.089780332151365e-05
0.5,5.7,0.16,6.4406779661016955,3.43,30.245723455519382,0.0,6.089780332151365e-05
0.5,5.7,0.16,6.4406779661016955,3.62,30.245801929804827,0.0,6.089780332151365e-05
0.5,5.7,0.16,6.4406779661016955,3.81,30.245880405899932,0.0,6.089780332151365e-05
0.5,5.7,0.16,6.4406779661016955,4.0,30.24595888387246,0.0,6.089780332151365e-05
0.5,5.7,0.16,6.711864406779661,0.2,-0.2150669112203083,0.0,1.8368868548892665e-07
0.5,5.7,0.16,6.711864406779661,0.39,-0.21504738116536615,0.0,1.8368868548892665e-07
0.5,5.7,0.16,6.711864406779661,0.5800000000000001,-0.21502785062104834,0.0,1.8368868548892665e-07
0.5,5.7,0.16,6.711864406779661,0.77,-0.2150083206620863,0.0,1.8368868548892665e-07
0.5,5.7,0.16,6.711864406779661,0.96,-0.21498879078088606,0.0,1.8368868548892665e-07
0.5,5.7,0.16,6.711864406779661,1.15,-0.21496926211465706,0.0,1.8368868548892665e-07
0.5,5.7,0.16,6.711864406779661,1.34,-0.2149497335957129,0.0,1.8368868548892665e-07
0.5,5.7,0.16,6.711864406779661,1.53,-0.21493020489409886,0.0,1.8368868548892665e-07
0.5,5.7,0.16,6.711864406779661,1.72,-0.21491067594694613,0.0,1.8368868548892665e-07
0.5,5.7,0.16,6.711864406779661,1.91,-0.21489114669652665,0.0,1.8368868548892665e-07
0.5,5.7,0.16,6.711864406779661,2.1,-0.21487161942373945,0.0,1.8368868548892665e-07
0.5,5.7,0.16,6.711864406779661,2.29,-0.21485209388916715,0.0,1.8368868548892665e-07
0.5,5.7,0.16,6.711864406779661,2.4800000000000004,-0.21483256805362672,0.0,1.8368868548892665e-07
0.5,5.7,0.16,6.711864406779661,2.6700000000000004,-0.21481304201612517,0.0,1.8368868548892665e-07
0.5,5.7,0.16,6.711864406779661,2.8600000000000003,-0.2147935157147174,0.0,1.8368868548892665e-07
0.5,5.7,0.16,6.711864406779661,3.0500000000000003,-0.21477398918148083,0.0,1.8368868548892665e-07
0.5,5.7,0.16,6.711864406779661,3.24,-0.21475446238333973,0.0,1.8368868548892665e-07
0.5,5.7,0.16,6.711864406779661,3.43,-0.21473493531282983,0.0,1.8368868548892665e-07
0.5,5.7,0.16,6.711864406779661,3.62,-0.2147154079853486,0.0,1.8368868548892665e-07
0.5,5.7,0.16,6.711864406779661,3.81,-0.2146958804533945,0.0,1.8368868548892665e-07
0.5,5.7,0.16,6.711864406779661,4.0,-0.21467635262940732,0.0,1.8368868548892665e-07
0.5,5.76,0.08,5.627118644067797,0.2,14.050244371755156,0.0,1.0
0.5,5.76,0.08,5.627118644067797,0.39,14.051109446753273,0.0,1.0
0.5,5.76,0.08,5.627118644067797,0.5800000000000001,14.05197482628774,0.0,1.0
0.5,5.76,0.08,5.627118644067797,0.77,14.052839911789711,0.0,1.0
0.5,5.76,0.08,5.627118644067797,0.96,14.053705231426115,0.0,1.0
0.5,5.76,0.08,5.627118644067797,1.15,14.054569931262343,0.0,1.0
0.5,5.76,0.08,5.627118644067797,1.34,14.055434689048418,0.0,1.0
0.5,5.76,0.08,5.627118644067797,1.53,14.05629975133813,0.0,1.0
0.5,5.76,0.08,5.627118644067797,1.72,14.057165118222201,0.0,1.0
0.5,5.76,0.08,5.627118644067797,1.91,14.058030789757524,0.0,1.0
0.5,5.76,0.08,5.627118644067797,2.1,14.058895445243635,0.0,1.0
0.5,5.76,0.08,5.627118644067797,2.29,14.059759216405297,0.0,1.0
0.5,5.76,0.08,5.627118644067797,2.4800000000000004,14.060623291884966,0.0,1.0
0.5,5.76,0.08,5.627118644067797,2.6700000000000004,14.061487671761988,0.0,1.0
0.5,5.76,0.08,5.627118644067797,2.8600000000000003,14.062352356107077,0.0,1.0
0.5,5.76,0.08,5.627118644067797,3.0500000000000003,14.063217344992708,0.0,1.0
0.5,5.76,0.08,5.627118644067797,3.24,14.064082638486894,0.0,1.0
0.5,5.76,0.08,5.627118644067797,3.43,14.064948236666893,0.0,1.0
0.5,5.76,0.08,5.627118644067797,3.62,14.065814139605834,0.0,1.0
0.5,5.76,0.08,5.627118644067797,3.81,14.066680347374167,0.0,1.0
0.5,5.76,0.08,5.627118644067797,4.0,14.067546860044892,0.0,1.0
0.5,5.76,0.08,5.898305084745763,0.2,-13.004706005680262,0.0,0.009010088184375209
0.5,5.76,0.08,5.898305084745763,0.39,-13.003237152423097,0.0,0.009010088184375209
0.5,5.76,0.08,5.898305084745763,0.5800000000000001,-13.001768000452564,0.0,0.009010088184375209
0.5,5.76,0.08,5.898305084745763,0.77,-13.000299091353043,0.0,0.009010088184375209
0.5,5.76,0.08,5.898305084745763,0.96,-12.998829947363973,0.0,0.009010088184375209
0.5,5.76,0.08,5.898305084745763,1.15,-12.99736134092715,0.0,0.009010088184375209
0.5,5.76,0.08,5.898305084745763,1.34,-12.995892658999573,0.0,0.009010088184375209
0.5,5.76,0.08,5.898305084745763,1.53,-12.994423678518821,0.0,0.009010088184375209
0.5,5.76,0.08,5.898305084745763,1.72,-12.992954399431156,0.0,0.009010088184375209
0.5,5.76,0.08,5.898305084745763,1.91,-12.991484821690563,0.0,0.009010088184375209
0.5,5.76,0.08,5.898305084745763,2.1,-12.990016140019847,0.0,0.009010088184375209
0.5,5.76,0.08,5.898305084745763,2.29,-12.988548235213692,0.0,0.009010088184375209
0.5,5.76,0.08,5.898305084745763,2.4800000000000004,-12.987080032075127,0.0,0.009010088184375209
0.5,5.76,0.08,5.898305084745763,2.6700000000000004,-12.985611530548255,0.0,0.009010088184375209
0.5,5.76,0.08,5.898305084745763,2.8600000000000003,-12.984142730601775,0.0,0.009010088184375209
0.5,5.76,0.08,5.898305084745763,3.0500000000000003,-12.982673632167469,0.0,0.009010088184375209
0.5,5.76,0.08,5.898305084745763,3.24,-12.981204235223053,0.0,0.009010088184375209
0.5,5.76,0.08,5.898305084745763,3.43,-12.979734539705468,0.0,0.009010088184375209
0.5,5.76,0.08,5.898305084745763,3.62,-12.97826454558001,0.0,0.009010088184375209
0.5,5.76,0.08,5.898305084745763,3.81,-12.976794252796068,0.0,0.009010088184375209
0.5,5.76,0.08,5.898305084745763,4.0,-12.975323661294418,0.0,0.009010088184375209
0.5,5.76,0.08,6.169491525423729,0.2,-0.6777448065650873,0.0,0.01734406688256817
0.5,5.76,0.08,6.169491525423729,0.39,-0.6757203494905042,0.0,0.01734406688256817
0.5,5.76,0.08,6.169491525423729,0.5800000000000001,-0.6736956996702901,0.0,0.01734406688256817
0.5,5.76,0.08,6.169491525423729,0.77,-0.6716713149815519,0.0,0.01734406688256817
0.5,5.76,0.08,6.169491525423729,0.96,-0.6696467914957509,0.0,0.01734406688256817
0.5,5.76,0.08,6.169491525423729,1.15,-0.6676227824510761,0.0,0.01734406688256817
0.5,5.76,0.08,6.169491525423729,1.34,-0.6655987693565919,0.0,0.01734406688256817
0.5,5.76,0.08,6.169491525423729,1.53,-0.663574563560573,0.0,0.01734406688256817
0.5,5.76,0.08,6.169491525423729,1.72,-0.6615501651048277,0.0,0.01734406688256817
0.5,5.76,0.08,6.169491525423729,1.91,-0.6595255739503472,0.0,0.01734406688256817
0.5,5.76,0.08,6.169491525423729,2.1,-0.6575018002459387,0.0,0.01734406688256817
0.5,5.76,0.08,6.169491525423729,2.29,-0.6554787432286986,0.0,0.01734406688256817
0.5,5.76,0.08,6.169491525423729,2.4800000000000004,-0.6534554936872325,0.0,0.01734406688256817
0.5,5.76,0.08,6.169491525423729,2.6700000000000004,-0.651432051654453,0.0,0.01734406688256817
0.5,5.76,0.08,6.169491525423729,2.8600000000000003,-0.6494084170793144,0.0,0.01734406688256817
0.5,5.76,0.08,6.169491525423729,3.0500000000000003,-0.647384589937019,0.0,0.01734406688256817
0.5,5.76,0.08,6.169491525423729,3.24,-0.6453605702122758,0.0,0.01734406688256817
0.5,5.76,0.08,6.169491525423729,3.43,-0.6433363578818927,0.0,0.01734406688256817
0.5,5.76,0.08,6.169491525423729,3.62,-0.6413119529303657,0.0,0.01734406688256817
0.5,5.76,0.08,6.169491525423729,3.81,-0.6392873553081841,0.0,0.01734406688256817
0.5,5.76,0.08,6.169491525423729,4.0,-0.6372625650344048,0.0,0.01734406688256817
0.5,5.76,0.08,6.4406779661016955,0.2,30.244980944223272,0.0,0.00014565889088405948
0.5,5.76,0.08,6.4406779661016955,0.39,30.245059423095768,0.0,0.00014565889088405948
0.5,5.76,0.08,6.4406779661016955,0.5800000000000001,30.245137903849724,0.0,0.00014565889088405948
0.5,5.76,0.08,6.4406779661016955,0.77,30.245216381756286,0.0,0.00014565889088405948
0.5,5.76,0.08,6.4406779661016955,0.96,30.24529486085016,0.0,0.00014565889088405948
0.5,5.76,0.08,6.4406779661016955,1.15,30.245373334534406,0.0,0.00014565889088405948
0.5,5.76,0.08,6.4406779661016955,1.34,30.245451808173954,0.0,0.00014565889088405948
0.5,5.76,0.08,6.4406779661016955,1.53,30.24553028349321,0.0,0.00014565889088405948
0.5,5.76,0.08,6.4406779661016955,1.72,30.245608760729965,0.0,0.00014565889088405948
0.5,5.76,0.08,6.4406779661016955,1.91,30.245687239837004,0.0,0.00014565889088405948
0.5,5.76,0.08,6.4406779661016955,2.1,30.245765710272565,0.0,0.00014565889088405948
0.5,5.76,0.08,6.4406779661016955,2.29,30.24584417319776,0.0,0.00014565889088405948
0.5,5.76,0.08,6.4406779661016955,2.4800000000000004,30.245922637920017,0.0,0.00014565889088405948
0.5,5.76,0.08,6.4406779661016955,2.6700000000000004,30.246001104505872,0.0,0.00014565889088405948
0.5,5.76,0.08,6.4406779661016955,2.8600000000000003,30.246079572944744,0.0,0.00014565889088405948
0.5,5.76,0.08,6.4406779661016955,3.0500000000000003,30.246158043206734,0.0,0.00014565889088405948
0.5,5.76,0.08,6.4406779661016955,3.24,30.246236515321748,0.0,0.00014565889088405948
0.5,5.76,0.08,6.4406779661016955,3.43,30.246314989308843,0.0,0.00014565889088405948
0.5,5.76,0.08,6.4406779661016955,3.62,30.246393465132073,0.0,0.00014565889088405948
0.5,5.76,0.08,6.4406779661016955,3.81,30.246471942764977,0.0,0.00014565889088405948
0.5,5.76,0.08,6.4406779661016955,4.0,30.24655042227532,0.0,0.00014565889088405948
0.5,5.76,0.08,6.711864406779661,0.2,-0.21506689035745552,0.0,1.944616747494886e-07
0.5,5.76,0.08,6.711864406779661,0.39,-0.21504736030247074,0.0,1.944616747494886e-07
0.5,5.76,0.08,6.711864406779661,0.5800000000000001,-0.21502782975811385,0.0,1.944616747494886e-07
0.5,5.76,0.08,6.711864406779661,0.77,-0.2150082997991163,0.0,1.944616747494886e-07
0.5,5.76,0.08,6.711864406779661,0.96,-0.21498876991786986,0.0,1.944616747494886e-07
0.5,5.76,0.08,6.711864406779661,1.15,-0.21496924125160888,0.0,1.944616747494886e-07
0.5,5.76,0.08,6.711864406779661,1.34,-0.2149497127326221,0.0,1.944616747494886e-07
0.5,5.76,0.08,6.711864406779661,1.53,-0.21493018403095832,0.0,1.944616747494886e-07
0.5,5.76,0.08,6.711864406779661,1.72,-0.2149106550837736,0.0,1.944616747494886e-07
0.5,5.76,0.08,6.711864406779661,1.91,-0.2148911258333115,0.0,1.944616747494886e-07
0.5,5.76,0.08,6.711864406779661,2.1,-0.21487159856048876,0.0,1.944616747494886e-07
0.5,5.76,0.08,6.711864406779661,2.29,-0.2148520730258774,0.0,1.944616747494886e-07
0.5,5.76,0.08,6.711864406779661,2.4800000000000004,-0.21483254719030143,0.0,1.944616747494886e-07
0.5,5.76,0.08,6.711864406779661,2.6700000000000004,-0.2148130211527608,0.0,1.944616747494886e-07
0.5,5.76,0.08,6.711864406779661,2.8600000000000003,-0.21479349485131038,0.0,1.944616747494886e-07
0.5,5.76,0.08,6.711864406779661,3.0500000000000003,-0.2147739683180312,0.0,1.944616747494886e-07
0.5,5.76,0.08,6.711864406779661,3.24,-0.21475444151986167,0.0,1.944616747494886e-07
0.5,5.76,0.08,6.711864406779661,3.43,-0.2147349144493056,0.0,1.944616747494886e-07
0.5,5.76,0.08,6.711864406779661,3.62,-0.21471538712178173,0.0,1.944616747494886e-07
0.5,5.76,0.08,6.711864406779661,3.81,-0.21469585958978854,0.0,1.944616747494886e-07
0.5,5.76,0.08,6.711864406779661,4.0,-0.21467633176576584,0.0,1.944616747494886e-07
0.5,5.76,0.12,5.627118644067797,0.2,14.050244371755156,0.0,1.0
0.5,5.76,0.12,5.627118644067797,0.39,14.051109446753273,0.0,1.0
0.5,5.76,0.12,5.627118644067797,0.5800000000000001,14.05197482628774,0.0,1.0
0.5,5.76,0.12,5.627118644067797,0.77,14.052839911789711,0.0,1.0
0.5,5.76,0.12,5.627118644067797,0.96,14.053705231426115,0.0,1.0
0.5,5.76,0.12,5.627118644067797,1.15,14.054569931262343,0.0,1.0
0.5,5.76,0.12,5.627118644067797,1.34,14.055434689048418,0.0,1.0
0.5,5.76,0.12,5.627118644067797,1.53,14.05629975133813,0.0,1.0
0.5,5.76,0.12,5.627118644067797,1.72,14.057165118222201,0.0,1.0
0.5,5.76,0.12,5.627118644067797,1.91,14.058030789757524,0.0,1.0
0.5,5.76,0.12,5.627118644067797,2.1,14.058895445243635,0.0,1.0
0.5,5.76,0.12,5.627118644067797,2.29,14.059759216405297,0.0,1.0
0.5,5.76,0.12,5.627118644067797,2.4800000000000004,14.060623291884966,0.0,1.0
0.5,5.76,0.12,5.627118644067797,2.6700000000000004,14.061487671761988,0.0,1.0
0.5,5.76,0.12,5.627118644067797,2.8600000000000003,14.062352356107077,0.0,1.0
0.5,5.76,0.12,5.627118644067797,3.0500000000000003,14.063217344992708,0.0,1.0
0.5,5.76,0.12,5.627118644067797,3.24,14.064082638486894,0.0,1.0
0.5,5.76,0.12,5.627118644067797,3.43,14.064948236666893,0.0,1.0
0.5,5.76,0.12,5.627118644067797,3.62,14.065814139605834,0.0,1.0
0.5,5.76,0.12,5.627118644067797,3.81,14.066680347374167,0.0,1.0
0.5,5.76,0.12,5.627118644067797,4.0,14.067546860044892,0.0,1.0
0.5,5.76,0.12,5.898305084745763,0.2,-13.038186183831364,0.0,0.0
0.5,5.76,0.12,5.898305084745763,0.39,-13.036718904166172,0.0,0.0
0.5,5.76,0.12,5.898305084745763,0.5800000000000001,-13.035251325943428,0.0,0.0
0.5,5.76,0.12,5.898305084745763,0.77,-13.033783990446778,0.0,0.0
0.5,5.76,0.12,5.898305084745763,0.96,-13.032316420181012,0.0,0.0
0.5,5.76,0.12,5.898305084745763,1.15,-13.030849387158916,0.0,0.0
0.5,5.76,0.12,5.898305084745763,1.34,-13.029382278677964,0.0,0.0
0.5,5.76,0.12,5.898305084745763,1.53,-13.027914871799616,0.0,0.0
0.5,5.76,0.12,5.898305084745763,1.72,-13.026447166470142,0.0,0.0
0.5,5.76,0.12,5.898305084745763,1.91,-13.024979162643547,0.0,0.0
0.5,5.76,0.12,5.898305084745763,2.1,-13.02351205437919,0.0,0.0
0.5,5.76,0.12,5.898305084745763,2.29,-13.022045722537882,0.0,0.0
0.5,5.76,0.12,5.898305084745763,2.4800000000000004,-13.020579092519803,0.0,0.0
0.5,5.76,0.12,5.898305084745763,2.6700000000000004,-13.019112164269103,0.0,0.0
0.5,5.76,0.12,5.898305084745763,2.8600000000000003,-13.017644937754476,0.0,0.0
0.5,5.76,0.12,5.898305084745763,3.0500000000000003,-13.016177412907751,0.0,0.0
0.5,5.76,0.12,5.898305084745763,3.24,-13.014709589706662,0.0,0.0
0.5,5.76,0.12,5.898305084745763,3.43,-13.013241468088154,0.0,0.0
0.5,5.76,0.12,5.898305084745763,3.62,-13.01177304801756,0.0,0.0
0.5,5.76,0.12,5.898305084745763,3.81,-13.010304329444338,0.0,0.0
0.5,5.76,0.12,5.898305084745763,4.0,-13.008835312309223,0.0,0.0
0.5,5.76,0.12,6.169491525423729,0.2,-0.7319302784151631,0.0,0.009024094247863953
0.5,5.76,0.12,6.169491525423729,0.39,-0.7299077188883274,0.0,0.009024094247863953
0.5,5.76,0.12,6.169491525423729,0.5800000000000001,-0.727884966757216,0.0,0.009024094247863953
0.5,5.76,0.12,6.169491525423729,0.77,-0.7258624795550759,0.0,0.009024094247863953
0.5,5.76,0.12,6.169491525423729,0.96,-0.7238398536569264,0.0,0.009024094247863953
0.5,5.76,0.12,6.169491525423729,1.15,-0.7218177418103409,0.0,0.009024094247863953
0.5,5.76,0.12,6.169491525423729,1.34,-0.7197956259137328,0.0,0.009024094247863953
0.5,5.76,0.12,6.169491525423729,1.53,-0.717773317456917,0.0,0.009024094247863953
0.5,5.76,0.12,6.169491525423729,1.72,-0.7157508164817585,0.0,0.009024094247863953
0.5,5.76,0.12,6.169491525423729,1.91,-0.7137281229492061,0.0,0.009024094247863953
0.5,5.76,0.12,6.169491525423729,2.1,-0.711706246249733,0.0,0.009024094247863953
0.5,5.76,0.12,6.169491525423729,2.29,-0.7096850856961794,0.0,0.009024094247863953
0.5,5.76,0.12,6.169491525423729,2.4800000000000004,-0.7076637327595563,0.0,0.009024094247863953
0.5,5.76,0.12,6.169491525423729,2.6700000000000004,-0.7056421874728755,0.0,0.009024094247863953
0.5,5.76,0.12,6.169491525423729,2.8600000000000003,-0.7036204497850491,0.0,0.009024094247863953
0.5,5.76,0.12,6.169491525423729,3.0500000000000003,-0.7015985196713785,0.0,0.009024094247863953
0.5,5.76,0.12,6.169491525423729,3.24,-0.6995763971165019,0.0,0.009024094247863953
0.5,5.76,0.12,6.169491525423729,3.43,-0.6975540820972839,0.0,0.009024094247863953
0.5,5.76,0.12,6.169491525423729,3.62,-0.6955315745982489,0.0,0.009024094247863953
0.5,5.76,0.12,6.169491525423729,3.81,-0.6935088745698863,0.0,0.009024094247863953
0.5,5.76,0.12,6.169491525423729,4.0,-0.6914859820312529,0.0,0.009024094247863953
0.5,5.76,0.12,6.4406779661016955,0.2,30.24497757993538,0.0,0.0001451768014521741
0.5,5.76,0.12,6.4406779661016955,0.39,30.245056058799108,0.0,0.0001451768014521741
0.5,5.76,0.12,6.4406779661016955,0.5800000000000001,30.245134539544296,0.0,0.0001451768014521741
0.5,5.76,0.12,6.4406779661016955,0.77,30.245213017442133,0.0,0.0001451768014521741
0.5,5.76,0.12,6.4406779661016955,0.96,30.245291496527237,0.0,0.0001451768014521741
0.5,5.76,0.12,6.4406779661016955,1.15,30.24536997020276,0.0,0.0001451768014521741
0.5,5.76,0.12,6.4406779661016955,1.34,30.24544844383354,0.0,0.0001451768014521741
0.5,5.76,0.12,6.4406779661016955,1.53,30.24552691914407,0.0,0.0001451768014521741
0.5,5.76,0.12,6.4406779661016955,1.72,30.24560539637207,0.0,0.0001451768014521741
0.5,5.76,0.12,6.4406779661016955,1.91,30.24568387547037,0.0,0.0001451768014521741
0.5,5.76,0.12,6.4406779661016955,2.1,30.24576234589722,0.0,0.0001451768014521741
0.5,5.76,0.12,6.4406779661016955,2.29,30.245840808813604,0.0,0.0001451768014521741
0.5,5.76,0.12,6.4406779661016955,2.4800000000000004,30.245919273527136,0.0,0.0001451768014521741
0.5,5.76,0.12,6.4406779661016955,2.6700000000000004,30.245997740104265,0.0,0.0001451768014521741
0.5,5.76,0.12,6.4406779661016955,2.8600000000000003,30.246076208534383,0.0,0.0001451768014521741
0.5,5.76,0.12,6.4406779661016955,3.0500000000000003,30.24615467878762,0.0,0.0001451768014521741
0.5,5.76,0.12,6.4406779661016955,3.24,30.246233150893893,0.0,0.0001451768014521741
0.5,5.76,0.12,6.4406779661016955,3.43,30.24631162487222,0.0,0.0001451768014521741
0.5,5.76,0.12,6.4406779661016955,3.62,30.246390100686725,0.0,0.0001451768014521741
0.5,5.76,0.12,6.4406779661016955,3.81,30.246468578310875,0.0,0.0001451768014521741
0.5,5.76,0.12,6.4406779661016955,4.0,30.246547057812478,0.0,0.0001451768014521741
0.5,5.76,0.12,6.711864406779661,0.2,-0.2150668903577575,0.0,1.9446153263474887e-07
0.5,5.76,0.12,6.711864406779661,0.39,-0.21504736030276916,0.0,1.9446153263474887e-07
0.5,5.76,0.12,6.711864406779661,0.5800000000000001,-0.21502782975840873,0.0,1.9446153263474887e-07
0.5,5.76,0.12,6.711864406779661,0.77,-0.21500829979941471,0.0,1.9446153263474887e-07
0.5,5.76,0.12,6.711864406779661,0.96,-0.21498876991817184,0.0,1.9446153263474887e-07
0.5,5.76,0.12,6.711864406779661,1.15,-0.21496924125191086,0.0,1.9446153263474887e-07
0.5,5.76,0.12,6.711864406779661,1.34,-0.21494971273292052,0.0,1.9446153263474887e-07
0.5,5.76,0.12,6.711864406779661,1.53,-0.21493018403125674,0.0,1.9446153263474887e-07
0.5,5.76,0.12,6.711864406779661,1.72,-0.21491065508407203,0.0,1.9446153263474887e-07
0.5,5.76,0.12,6.711864406779661,1.91,-0.21489112583360992,0.0,1.9446153263474887e-07
0.5,5.76,0.12,6.711864406779661,2.1,-0.21487159856079074,0.0,1.9446153263474887e-07
0.5,5.76,0.12,6.711864406779661,2.29,-0.21485207302617226,0.0,1.9446153263474887e-07
0.5,5.76,0.12,6.711864406779661,2.4800000000000004,-0.2148325471905963,0.0,1.9446153263474887e-07
0.5,5.76,0.12,6.711864406779661,2.6700000000000004,-0.21481302115305567,0.0,1.9446153263474887e-07
0.5,5.76,0.12,6.711864406779661,2.8600000000000003,-0.2147934948516088,0.0,1.9446153263474887e-07
0.5,5.76,0.12,6.711864406779661,3.0500000000000003,-0.21477396831832962,0.0,1.9446153263474887e-07
0.5,5.76,0.12,6.711864406779661,3.24,-0.21475444152015655,0.0,1.9446153263474887e-07
0.5,5.76,0.12,6.711864406779661,3.43,-0.21473491444960757,0.0,1.9446153263474887e-07
0.5,5.76,0.12,6.711864406779661,3.62,-0.21471538712208016,0.0,1.9446153263474887e-07
0.5,5.76,0.12,6.711864406779661,3.81,-0.21469585959008697,0.0,1.9446153263474887e-07
0.5,5.76,0.12,6.711864406779661,4.0,-0.21467633176606427,0.0,1.9446153263474887e-07
0.5,5.76,0.16,5.627118644067797,0.2,14.050244371755156,0.0,1.0
0.5,5.76,0.16,5.627118644067797,0.39,14.051109446753273,0.0,1.0
0.5,5.76,0.16,5.627118644067797,0.5800000000000001,14.05197482628774,0.0,1.0
0.5,5.76,0.16,5.627118644067797,0.77,14.052839911789711,0.0,1.0
0.5,5.76,0.16,5.627118644067797,0.96,14.053705231426115,0.0,1.0
0.5,5.76,0.16,5.627118644067797,1.15,14.054569931262343,0.0,1.0
0.5,5.76,0.16,5.627118644067797,1.34,14.055434689048418,0.0,1.0
0.5,5.76,0.16,5.627118644067797,1.53,14.05629975133813,0.0,1.0
0.5,5.76,0.16,5.627118644067797,1.72,14.057165118222201,0.0,1.0
0.5,5.76,0.16,5.627118644067797,1.91,14.058030789757524,0.0,1.0
0.5,5.76,0.16,5.627118644067797,2.1,14.058895445243635,0.0,1.0
0.5,5.76,0.16,5.627118644067797,2.29,14.059759216405297,0.0,1.0
0.5,5.76,0.16,5.627118644067797,2.4800000000000004,14.060623291884966,0.0,1.0
0.5,5.76,0.16,5.627118644067797,2.6700000000000004,14.061487671761988,0.0,1.0
0.5,5.76,0.16,5.627118644067797,2.8600000000000003,14.062352356107077,0.0,1.0
0.5,5.76,0.16,5.627118644067797,3.0500000000000003,14.063217344992708,0.0,1.0
0.5,5.76,0.16,5.627118644067797,3.24,14.064082638486894,0.0,1.0
0.5,5.76,0.16,5.627118644067797,3.43,14.064948236666893,0.0,1.0
0.5,5.76,0.16,5.627118644067797,3.62,14.065814139605834,0.0,1.0
0.5,5.76,0.16,5.627118644067797,3.81,14.066680347374167,0.0,1.0
0.5,5.76,0.16,5.627118644067797,4.0,14.067546860044892,0.0,1.0
0.5,5.76,0.16,5.898305084745763,0.2,-13.038186183831364,0.0,0.0
0.5,5.76,0.16,5.898305084745763,0.39,-13.036718904166172,0.0,0.0
0.5,5.76,0.16,5.898305084745763,0.5800000000000001,-13.035251325943428,0.0,0.0
0.5,5.76,0.16,5.898305084745763,0.77,-13.033783990446778,0.0,0.0
0.5,5.76,0.16,5.898305084745763,0.96,-13.032316420181012,0.0,0.0
0.5,5.76,0.16,5.898305084745763,1.15,-13.030849387158916,0.0,0.0
0.5,5.76,0.16,5.898305084745763,1.34,-13.029382278677964,0.0,0.0
0.5,5.76,0.16,5.898305084745763,1.53,-13.027914871799616,0.0,0.0
0.5,5.76,0.16,5.898305084745763,1.72,-13.026447166470142,0.0,0.0
0.5,5.76,0.16,5.898305084745763,1.91,-13.024979162643547,0.0,0.0
0.5,5.76,0.16,5.898305084745763,2.1,-13.02351205437919,0.0,0.0
0.5,5.76,0.16,5.898305084745763,2.29,-13.022045722537882,0.0,0.0
0.5,5.76,0.16,5.898305084745763,2.4800000000000004,-13.020579092519803,0.0,0.0
0.5,5.76,0.16,5.898305084745763,2.6700000000000004,-13.019112164269103,0.0,0.0
0.5,5.76,0.16,5.898305084745763,2.8600000000000003,-13.017644937754476,0.0,0.0
0.5,5.76,0.16,5.898305084745763,3.0500000000000003,-13.016177412907751,0.0,0.0
0.5,5.76,0.16,5.898305084745763,3.24,-13.014709589706662,0.0,0.0
0.5,5.76,0.16,5.898305084745763,3.43,-13.013241468088154,0.0,0.0
0.5,5.76,0.16,5.898305084745763,3.62,-13.01177304801756,0.0,0.0
0.5,5.76,0.16,5.898305084745763,3.81,-13.010304329444338,0.0,0.0
0.5,5.76,0.16,5.898305084745763,4.0,-13.008835312309223,0.0,0.0
0.5,5.76,0.16,6.169491525423729,0.2,-0.7906554960706131,0.0,0.0
0.5,5.76,0.16,6.169491525423729,0.39,-0.7886349930710566,0.0,0.0
0.5,5.76,0.16,6.169491525423729,0.5800000000000001,-0.7866142976205168,0.0,0.0
0.5,5.76,0.16,6.169491525423729,0.77,-0.7845938668794759,0.0,0.0
0.5,5.76,0.16,6.169491525423729,0.96,-0.7825732975518775,0.0,0.0
0.5,5.76,0.16,6.169491525423729,1.15,-0.7805532418536956,0.0,0.0
0.5,5.76,0.16,6.169491525423729,1.34,-0.778533182105221,0.0,0.0
0.5,5.76,0.16,6.169491525423729,1.53,-0.7765129299497033,0.0,0.0
0.5,5.76,0.16,6.169491525423729,1.72,-0.7744924854291213,0.0,0.0
0.5,5.76,0.16,6.169491525423729,1.91,-0.7724718485043383,0.0,0.0
0.5,5.76,0.16,6.169491525423729,2.1,-0.7704520277439286,0.0,0.0
0.5,5.76,0.16,6.169491525423729,2.29,-0.768432922542786,0.0,0.0
0.5,5.76,0.16,6.169491525423729,2.4800000000000004,-0.7664136251116247,0.0,0.0
0.5,5.76,0.16,6.169491525423729,2.6700000000000004,-0.7643941354834709,0.0,0.0
0.5,5.76,0.16,6.169491525423729,2.8600000000000003,-0.7623744536072792,0.0,0.0
0.5,5.76,0.16,6.169491525423729,3.0500000000000003,-0.76035457945828,0.0,0.0
0.5,5.76,0.16,6.169491525423729,3.24,-0.7583345130212109,0.0,0.0
0.5,5.76,0.16,6.169491525423729,3.43,-0.7563142542729508,0.0,0.0
0.5,5.76,0.16,6.169491525423729,3.62,-0.75429380319801,0.0,0.0
0.5,5.76,0.16,6.169491525423729,3.81,-0.7522731597469061,0.0,0.0
0.5,5.76,0.16,6.169491525423729,4.0,-0.7502523239387244,0.0,0.0
0.5,5.76,0.16,6.4406779661016955,0.2,30.243964462376354,0.0,0.0
0.5,5.76,0.16,6.4406779661016955,0.39,30.244042938605986,0.0,0.0
0.5,5.76,0.16,6.4406779661016955,0.5800000000000001,30.24412141671715,0.0,0.0
0.5,5.76,0.16,6.4406779661016955,0.77,30.24419989198092,0.0,0.0
0.5,5.76,0.16,6.4406779661016955,0.96,30.244278368431985,0.0,0.0
0.5,5.76,0.16,6.4406779661016955,1.15,30.244356839473568,0.0,0.0
0.5,5.76,0.16,6.4406779661016955,1.34,30.24443531047038,0.0,0.0
0.5,5.76,0.16,6.4406779661016955,1.53,30.244513783146957,0.0,0.0
0.5,5.76,0.16,6.4406779661016955,1.72,30.24459225774099,0.0,0.0
0.5,5.76,0.16,6.4406779661016955,1.91,30.24467073420528,0.0,0.0
0.5,5.76,0.16,6.4406779661016955,2.1,30.244749201998246,0.0,0.0
0.5,5.76,0.16,6.4406779661016955,2.29,30.24482766228089,0.0,0.0
0.5,5.76,0.16,6.4406779661016955,2.4800000000000004,30.244906124360625,0.0,0.0
0.5,5.76,0.16,6.4406779661016955,2.6700000000000004,30.24498458830397,0.0,0.0
0.5,5.76,0.16,6.4406779661016955,2.8600000000000003,30.245063054100264,0.0,0.0
0.5,5.76,0.16,6.4406779661016955,3.0500000000000003,30.245141521719688,0.0,0.0
0.5,5.76,0.16,6.4406779661016955,3.24,30.24521999119211,0.0,0.0
0.5,5.76,0.16,6.4406779661016955,3.43,30.245298462536567,0.0,0.0
0.5,5.76,0.16,6.4406779661016955,3.62,30.24537693571719,0.0,0.0
0.5,5.76,0.16,6.4406779661016955,3.81,30.245455410707457,0.0,0.0
0.5,5.76,0.16,6.4406779661016955,4.0,30.245533887575135,0.0,0.0
0.5,5.76,0.16,6.711864406779661,0.2,-0.21506708635217464,0.0,9.32555324433956e-08
0.5,5.76,0.16,6.711864406779661,0.39,-0.2150475562975629,0.0,9.32555324433956e-08
0.5,5.76,0.16,6.711864406779661,0.5800000000000001,-0.2150280257535755,0.0,9.32555324433956e-08
0.5,5.76,0.16,6.711864406779661,0.77,-0.2150084957949474,0.0,9.32555324433956e-08
0.5,5.76,0.16,6.711864406779661,0.96,-0.21498896591407757,0.0,9.32555324433956e-08
0.5,5.76,0.16,6.711864406779661,1.15,-0.21496943724818607,0.0,9.32555324433956e-08
0.5,5.76,0.16,6.711864406779661,1.34,-0.21494990872957587,0.0,9.32555324433956e-08
0.5,5.76,0.16,6.711864406779661,1.53,-0.21493038002828158,0.0,9.32555324433956e-08
0.5,5.76,0.16,6.711864406779661,1.72,-0.2149108510814628,0.0,9.32555324433956e-08
0.5,5.76,0.16,6.711864406779661,1.91,-0.21489132183137372,0.0,9.32555324433956e-08
0.5,5.76,0.16,6.711864406779661,2.1,-0.21487179455891692,0.0,9.32555324433956e-08
0.5,5.76,0.16,6.711864406779661,2.29,-0.21485226902467502,0.0,9.32555324433956e-08
0.5,5.76,0.16,6.711864406779661,2.4800000000000004,-0.2148327431894721,0.0,9.32555324433956e-08
0.5,5.76,0.16,6.711864406779661,2.6700000000000004,-0.21481321715229384,0.0,9.32555324433956e-08
0.5,5.76,0.16,6.711864406779661,2.8600000000000003,-0.21479369085122357,0.0,9.32555324433956e-08
0.5,5.76,0.16,6.711864406779661,3.0500000000000003,-0.21477416431831386,0.0,9.32555324433956e-08
0.5,5.76,0.16,6.711864406779661,3.24,-0.21475463752051738,0.0,9.32555324433956e-08
0.5,5.76,0.16,6.711864406779661,3.43,-0.21473511045033433,0.0,9.32555324433956e-08
0.5,5.76,0.16,6.711864406779661,3.62,-0.2147155831231835,0.0,9.32555324433956e-08
0.5,5.76,0.16,6.711864406779661,3.81,-0.21469605559155625,0.0,9.32555324433956e-08
0.5,5.76,0.16,6.711864406779661,4.0,-0.21467652776789592,0.0,9.32555324433956e-08
0.5,5.82,0.08,5.627118644067797,0.2,14.050244371755156,0.0,1.0
0.5,5.82,0.08,5.627118644067797,0.39,14.051109446753273,0.0,1.0
0.5,5.82,0.08,5.627118644067797,0.5800000000000001,14.05197482628774,0.0,1.0
0.5,5.82,0.08,5.627118644067797,0.77,14.052839911789711,0.0,1.0
0.5,5.82,0.08,5.627118644067797,0.96,14.053705231426115,0.0,1.0
0.5,5.82,0.08,5.627118644067797,1.15,14.054569931262343,0.0,1.0
0.5,5.82,0.08,5.627118644067797,1.34,14.055434689048418,0.0,1.0
0.5,5.82,0.08,5.627118644067797,1.53,14.05629975133813,0.0,1.0
0.5,5.82,0.08,5.627118644067797,1.72,14.057165118222201,0.0,1.0
0.5,5.82,0.08,5.627118644067797,1.91,14.058030789757524,0.0,1.0
0.5,5.82,0.08,5.627118644067797,2.1,14.058895445243635,0.0,1.0
0.5,5.82,0.08,5.627118644067797,2.29,14.059759216405297,0.0,1.0
0.5,5.82,0.08,5.627118644067797,2.4800000000000004,14.060623291884966,0.0,1.0
0.5,5.82,0.08,5.627118644067797,2.6700000000000004,14.061487671761988,0.0,1.0
0.5,5.82,0.08,5.627118644067797,2.8600000000000003,14.062352356107077,0.0,1.0
0.5,5.82,0.08,5.627118644067797,3.0500000000000003,14.063217344992708,0.0,1.0
0.5,5.82,0.08,5.627118644067797,3.24,14.064082638486894,0.0,1.0
0.5,5.82,0.08,5.627118644067797,3.43,14.064948236666893,0.0,1.0
0.5,5.82,0.08,5.627118644067797,3.62,14.065814139605834,0.0,1.0
0.5,5.82,0.08,5.627118644067797,3.81,14.066680347374167,0.0,1.0
0.5,5.82,0.08,5.627118644067797,4.0,14.067546860044892,0.0,1.0
0.5,5.82,0.08,5.898305084745763,0.2,-13.038186183831364,0.0,0.0
0.5,5.82,0.08,5.898305084745763,0.39,-13.036718904166172,0.0,0.0
0.5,5.82,0.08,5.898305084745763,0.5800000000000001,-13.035251325943428,0.0,0.0
0.5,5.82,0.08,5.898305084745763,0.77,-13.033783990446778,0.0,0.0
0.5,5.82,0.08,5.898305084745763,0.96,-13.032316420181012,0.0,0.0
0.5,5.82,0.08,5.898305084745763,1.15,-13.030849387158916,0.0,0.0
0.5,5.82,0.08,5.898305084745763,1.34,-13.029382278677964,0.0,0.0
0.5,5.82,0.08,5.898305084745763,1.53,-13.027914871799616,0.0,0.0
0.5,5.82,0.08,5.898305084745763,1.72,-13.026447166470142,0.0,0.0
0.5,5.82,0.08,5.898305084745763,1.91,-13.024979162643547,0.0,0.0
0.5,5.82,0.08,5.898305084745763,2.1,-13.02351205437919,0.0,0.0
0.5,5.82,0.08,5.898305084745763,2.29,-13.022045722537882,0.0,0.0
0.5,5.82,0.08,5.898305084745763,2.4800000000000004,-13.020579092519803,0.0,0.0
0.5,5.82,0.08,5.898305084745763,2.6700000000000004,-13.019112164269103,0.0,0.0
0.5,5.82,0.08,5.898305084745763,2.8600000000000003,-13.017644937754476,0.0,0.0
0.5,5.82,0.08,5.898305084745763,3.0500000000000003,-13.016177412907751,0.0,0.0
0.5,5.82,0.08,5.898305084745763,3.24,-13.014709589706662,0.0,0.0
0.5,5.82,0.08,5.898305084745763,3.43,-13.013241468088154,0.0,0.0
0.5,5.82,0.08,5.898305084745763,3.62,-13.01177304801756,0.0,0.0
0.5,5.82,0.08,5.898305084745763,3.81,-13.010304329444338,0.0,0.0
0.5,5.82,0.08,5.898305084745763,4.0,-13.008835312309223,0.0,0.0
0.5,5.82,0.08,6.169491525423729,0.2,-0.6793717225133236,0.0,0.017094351104056094
0.5,5.82,0.08,6.169491525423729,0.39,-0.6773473224125297,0.0,0.017094351104056094
0.5,5.82,0.08,6.169491525423729,0.5800000000000001,-0.6753227295703113,0.0,0.017094351104056094
0.5,5.82,0.08,6.169491525423729,0.77,-0.6732984018535291,0.0,0.017094351104056094
0.5,5.82,0.08,6.169491525423729,0.96,-0.6712739353426684,0.0,0.017094351104056094
0.5,5.82,0.08,6.169491525423729,1.15,-0.669249983261281,0.0,0.017094351104056094
0.5,5.82,0.08,6.169491525423729,1.34,-0.6672260271300701,0.0,0.017094351104056094
0.5,5.82,0.08,6.169491525423729,1.53,-0.665201878301545,0.0,0.017094351104056094
0.5,5.82,0.08,6.169491525423729,1.72,-0.663177536817571,0.0,0.017094351104056094
0.5,5.82,0.08,6.169491525423729,1.91,-0.6611530026390682,0.0,0.017094351104056094
0.5,5.82,0.08,6.169491525423729,2.1,-0.6591292858921491,0.0,0.017094351104056094
0.5,5.82,0.08,6.169491525423729,2.29,-0.6571062858161412,0.0,0.017094351104056094
0.5,5.82,0.08,6.169491525423729,2.4800000000000004,-0.6550830932201279,0.0,0.017094351104056094
0.5,5.82,0.08,6.169491525423729,2.6700000000000004,-0.6530597081370502,0.0,0.017094351104056094
0.5,5.82,0.08,6.169491525423729,2.8600000000000003,-0.6510361305158625,0.0,0.017094351104056094
0.5,5.82,0.08,6.169491525423729,3.0500000000000003,-0.6490123603317528,0.0,0.017094351104056094
0.5,5.82,0.08,6.169491525423729,3.24,-0.646988397569416,0.0,0.017094351104056094
0.5,5.82,0.08,6.169491525423729,3.43,-0.6449642422056883,0.0,0.017094351104056094
0.5,5.82,0.08,6.169491525423729,3.62,-0.6429398942251083,0.0,0.017094351104056094
0.5,5.82,0.08,6.169491525423729,3.81,-0.6409153535780803,0.0,0.017094351104056094
0.5,5.82,0.08,6.169491525423729,4.0,-0.6388906202836893,0.0,0.017094351104056094
0.5,5.82,0.08,6.4406779661016955,0.2,30.244980944219492,0.0,0.0001456588903422098
0.5,5.82,0.08,6.4406779661016955,0.39,30.245059423091973,0.0,0.0001456588903422098
0.5,5.82,0.08,6.4406779661016955,0.5800000000000001,30.245137903845944,0.0,0.0001456588903422098
0.5,5.82,0.08,6.4406779661016955,0.77,30.245216381752506,0.0,0.0001456588903422098
0.5,5.82,0.08,6.4406779661016955,0.96,30.245294860846364,0.0,0.0001456588903422098
0.5,5.82,0.08,6.4406779661016955,1.15,30.245373334530626,0.0,0.0001456588903422098
0.5,5.82,0.08,6.4406779661016955,1.34,30.245451808170145,0.0,0.0001456588903422098
0.5,5.82,0.08,6.4406779661016955,1.53,30.245530283489416,0.0,0.0001456588903422098
0.5,5.82,0.08,6.4406779661016955,1.72,30.24560876072617,0.0,0.0001456588903422098
0.5,5.82,0.08,6.4406779661016955,1.91,30.24568723983321,0.0,0.0001456588903422098
0.5,5.82,0.08,6.4406779661016955,2.1,30.245765710268785,0.0,0.0001456588903422098
0.5,5.82,0.08,6.4406779661016955,2.29,30.245844173193966,0.0,0.0001456588903422098
0.5,5.82,0.08,6.4406779661016955,2.4800000000000004,30.245922637916223,0.0,0.0001456588903422098
0.5,5.82,0.08,6.4406779661016955,2.6700000000000004,30.246001104502092,0.0,0.0001456588903422098
0.5,5.82,0.08,6.4406779661016955,2.8600000000000003,30.24607957294095,0.0,0.0001456588903422098
0.5,5.82,0.08,6.4406779661016955,3.0500000000000003,30.24615804320294,0.0,0.0001456588903422098
0.5,5.82,0.08,6.4406779661016955,3.24,30.246236515317953,0.0,0.0001456588903422098
0.5,5.82,0.08,6.4406779661016955,3.43,30.24631498930505,0.0,0.0001456588903422098
0.5,5.82,0.08,6.4406779661016955,3.62,30.24639346512828,0.0,0.0001456588903422098
0.5,5.82,0.08,6.4406779661016955,3.81,30.246471942761197,0.0,0.0001456588903422098
0.5,5.82,0.08,6.4406779661016955,4.0,30.246550422271525,0.0,0.0001456588903422098
0.5,5.82,0.08,6.711864406779661,0.2,-0.21506689035745552,0.0,1.944616747494886e-07
0.5,5.82,0.08,6.711864406779661,0.39,-0.21504736030247074,0.0,1.944616747494886e-07
0.5,5.82,0.08,6.711864406779661,0.5800000000000001,-0.21502782975811385,0.0,1.944616747494886e-07
0.5,5.82,0.08,6.711864406779661,0.77,-0.2150082997991163,0.0,1.944616747494886e-07
0.5,5.82,0.08,6.711864406779661,0.96,-0.21498876991786986,0.0,1.944616747494886e-07
0.5,5.82,0.08,6.711864406779661,1.15,-0.21496924125160888,0.0,1.944616747494886e-07
0.5,5.82,0.08,6.711864406779661,1.34,-0.2149497127326221,0.0,1.944616747494886e-07
0.5,5.82,0.08,6.711864406779661,1.53,-0.21493018403095832,0.0,1.944616747494886e-07
0.5,5.82,0.08,6.711864406779661,1.72,-0.2149106550837736,0.0,1.944616747494886e-07
0.5,5.82,0.08,6.711864406779661,1.91,-0.2148911258333115,0.0,1.944616747494886e-07
0.5,5.82,0.08,6.711864406779661,2.1,-0.21487159856048876,0.0,1.944616747494886e-07
0.5,5.82,0.08,6.711864406779661,2.29,-0.2148520730258774,0.0,1.944616747494886e-07
0.5,5.82,0.08,6.711864406779661,2.4800000000000004,-0.21483254719030143,0.0,1.944616747494886e-07
0.5,5.82,0.08,6.711864406779661,2.6700000000000004,-0.2148130211527608,0.0,1.944616747494886e-07
0.5,5.82,0.08,6.711864406779661,2.8600000000000003,-0.21479349485131038,0.0,1.944616747494886e-07
0.5,5.82,0.08,6.711864406779661,3.0500000000000003,-0.2147739683180312,0.0,1.944616747494886e-07
0.5,5.82,0.08,6.711864406779661,3.24,-0.21475444151986167,0.0,1.944616747494886e-07
0.5,5.82,0.08,6.711864406779661,3.43,-0.2147349144493056,0.0,1.944616747494886e-07
0.5,5.82,0.08,6.711864406779661,3.62,-0.21471538712178173,0.0,1.944616747494886e-07
0.5,5.82,0.08,6.711864406779661,3.81,-0.21469585958978854,0.0,1.944616747494886e-07
0.5,5.82,0.08,6.711864406779661,4.0,-0.21467633176576584,0.0,1.944616747494886e-07
0.5,5.82,0.12,5.627118644067797,0.2,14.050244371755156,0.0,1.0
0.5,5.82,0.12,5.627118644067797,0.39,14.051109446753273,0.0,1.0
0.5,5.82,0.12,5.627118644067797,0.5800000000000001,14.05197482628774,0.0,1.0
0.5,5.82,0.12,5.627118644067797,0.77,14.052839911789711,0.0,1.0
0.5,5.82,0.12,5.627118644067797,0.96,14.053705231426115,0.0,1.0
0.5,5.82,0.12,5.627118644067797,1.15,14.054569931262343,0.0,1.0
0.5,5.82,0.12,5.627118644067797,1.34,14.055434689048418,0.0,1.0
0.5,5.82,0.12,5.627118644067797,1.53,14.05629975133813,0.0,1.0
0.5,5.82,0.12,5.627118644067797,1.72,14.057165118222201,0.0,1.0
0.5,5.82,0.12,5.627118644067797,1.91,14.058030789757524,0.0,1.0
0.5,5.82,0.12,5.627118644067797,2.1,14.058895445243635,0.0,1.0
0.5,5.82,0.12,5.627118644067797,2.29,14.059759216405297,0.0,1.0
0.5,5.82,0.12,5.627118644067797,2.4800000000000004,14.060623291884966,0.0,1.0
0.5,5.82,0.12,5.627118644067797,2.6700000000000004,14.061487671761988,0.0,1.0
0.5,5.82,0.12,5.627118644067797,2.8600000000000003,14.062352356107077,0.0,1.0
0.5,5.82,0.12,5.627118644067797,3.0500000000000003,14.063217344992708,0.0,1.0
0.5,5.82,0.12,5.627118644067797,3.24,14.064082638486894,0.0,1.0
0.5,5.82,0.12,5.627118644067797,3.43,14.064948236666893,0.0,1.0
0.5,5.82,0.12,5.627118644067797,3.62,14.065814139605834,0.0,1.0
0.5,5.82,0.12,5.627118644067797,3.81,14.066680347374167,0.0,1.0
0.5,5.82,0.12,5.627118644067797,4.0,14.067546860044892,0.0,1.0
0.5,5.82,0.12,5.898305084745763,0.2,-13.038186183831364,0.0,0.0
0.5,5.82,0.12,5.898305084745763,0.39,-13.036718904166172,0.0,0.0
0.5,5.82,0.12,5.898305084745763,0.5800000000000001,-13.035251325943428,0.0,0.0
0.5,5.82,0.12,5.898305084745763,0.77,-13.033783990446778,0.0,0.0
0.5,5.82,0.12,5.898305084745763,0.96,-13.032316420181012,0.0,0.0
0.5,5.82,0.12,5.898305084745763,1.15,-13.030849387158916,0.0,0.0
0.5,5.82,0.12,5.898305084745763,1.34,-13.029382278677964,0.0,0.0
0.5,5.82,0.12,5.898305084745763,1.53,-13.027914871799616,0.0,0.0
0.5,5.82,0.12,5.898305084745763,1.72,-13.026447166470142,0.0,0.0
0.5,5.82,0.12,5.898305084745763,1.91,-13.024979162643547,0.0,0.0
0.5,5.82,0.12,5.898305084745763,2.1,-13.02351205437919,0.0,0.0
0.5,5.82,0.12,5.898305084745763,2.29,-13.022045722537882,0.0,0.0
0.5,5.82,0.12,5.898305084745763,2.4800000000000004,-13.020579092519803,0.0,0.0
0.5,5.82,0.12,5.898305084745763,2.6700000000000004,-13.019112164269103,0.0,0.0
0.5,5.82,0.12,5.898305084745763,2.8600000000000003,-13.017644937754476,0.0,0.0
0.5,5.82,0.12,5.898305084745763,3.0500000000000003,-13.016177412907751,0.0,0.0
0.5,5.82,0.12,5.898305084745763,3.24,-13.014709589706662,0.0,0.0
0.5,5.82,0.12,5.898305084745763,3.43,-13.013241468088154,0.0,0.0
0.5,5.82,0.12,5.898305084745763,3.62,-13.01177304801756,0.0,0.0
0.5,5.82,0.12,5.898305084745763,3.81,-13.010304329444338,0.0,0.0
0.5,5.82,0.12,5.898305084745763,4.0,-13.008835312309223,0.0,0.0
0.5,5.82,0.12,6.169491525423729,0.2,-0.7906554960706131,0.0,0.0
0.5,5.82,0.12,6.169491525423729,0.39,-0.7886349930710566,0.0,0.0
0.5,5.82,0.12,6.169491525423729,0.5800000000000001,-0.7866142976205168,0.0,0.0
0.5,5.82,0.12,6.169491525423729,0.77,-0.7845938668794759,0.0,0.0
0.5,5.82,0.12,6.169491525423729,0.96,-0.7825732975518775,0.0,0.0
0.5,5.82,0.12,6.169491525423729,1.15,-0.7805532418536956,0.0,0.0
0.5,5.82,0.12,6.169491525423729,1.34,-0.778533182105221,0.0,0.0
0.5,5.82,0.12,6.169491525423729,1.53,-0.7765129299497033,0.0,0.0
0.5,5.82,0.12,6.169491525423729,1.72,-0.7744924854291213,0.0,0.0
0.5,5.82,0.12,6.169491525423729,1.91,-0.7724718485043383,0.0,0.0
0.5,5.82,0.12,6.169491525423729,2.1,-0.7704520277439286,0.0,0.0
0.5,5.82,0.12,6.169491525423729,2.29,-0.768432922542786,0.0,0.0
0.5,5.82,0.12,6.169491525423729,2.4800000000000004,-0.7664136251116247,0.0,0.0
0.5,5.82,0.12,6.169491525423729,2.6700000000000004,-0.7643941354834709,0.0,0.0
0.5,5.82,0.12,6.169491525423729,2.8600000000000003,-0.7623744536072792,0.0,0.0
0.5,5.82,0.12,6.169491525423729,3.0500000000000003,-0.76035457945828,0.0,0.0
0.5,5.82,0.12,6.169491525423729,3.24,-0.7583345130212109,0.0,0.0
0.5,5.82,0.12,6.169491525423729,3.43,-0.7563142542729508,0.0,0.0
0.5,5.82,0.12,6.169491525423729,3.62,-0.75429380319801,0.0,0.0
0.5,5.82,0.12,6.169491525423729,3.81,-0.7522731597469061,0.0,0.0
0.5,5.82,0.12,6.169491525423729,4.0,-0.7502523239387244,0.0,0.0
0.5,5.82,0.12,6.4406779661016955,0.2,30.244934784978426,0.0,0.00013904444769714336
0.5,5.82,0.12,6.4406779661016955,0.39,30.245013263730897,0.0,0.00013904444769714336
0.5,5.82,0.12,6.4406779661016955,0.5800000000000001,30.245091744364842,0.0,0.00013904444769714336
0.5,5.82,0.12,6.4406779661016955,0.77,30.24517022215138,0.0,0.00013904444769714336
0.5,5.82,0.12,6.4406779661016955,0.96,30.24524870112524,0.0,0.00013904444769714336
0.5,5.82,0.12,6.4406779661016955,1.15,30.245327174689507,0.0,0.00013904444769714336
0.5,5.82,0.12,6.4406779661016955,1.34,30.24540564820903,0.0,0.00013904444769714336
0.5,5.82,0.12,6.4406779661016955,1.53,30.245484123408275,0.0,0.00013904444769714336
0.5,5.82,0.12,6.4406779661016955,1.72,30.245562600525048,0.0,0.00013904444769714336
0.5,5.82,0.12,6.4406779661016955,1.91,30.245641079512076,0.0,0.00013904444769714336
0.5,5.82,0.12,6.4406779661016955,2.1,30.245719549827626,0.0,0.00013904444769714336
0.5,5.82,0.12,6.4406779661016955,2.29,30.245798012632825,0.0,0.00013904444769714336
0.5,5.82,0.12,6.4406779661016955,2.4800000000000004,30.245876477235072,0.0,0.00013904444769714336
0.5,5.82,0.12,6.4406779661016955,2.6700000000000004,30.24595494370096,0.0,0.00013904444769714336
0.5,5.82,0.12,6.4406779661016955,2.8600000000000003,30.24603341201982,0.0,0.00013904444769714336
0.5,5.82,0.12,6.4406779661016955,3.0500000000000003,30.246111882161813,0.0,0.00013904444769714336
0.5,5.82,0.12,6.4406779661016955,3.24,30.246190354156816,0.0,0.00013904444769714336
0.5,5.82,0.12,6.4406779661016955,3.43,30.2462688280239,0.0,0.00013904444769714336
0.5,5.82,0.12,6.4406779661016955,3.62,30.24634730372712,0.0,0.00013904444769714336
0.5,5.82,0.12,6.4406779661016955,3.81,30.246425781240013,0.0,0.00013904444769714336
0.5,5.82,0.12,6.4406779661016955,4.0,30.246504260630374,0.0,0.00013904444769714336
0.5,5.82,0.12,6.711864406779661,0.2,-0.21506689036943527,0.0,1.9445547274410097e-07
0.5,5.82,0.12,6.711864406779661,0.39,-0.2150473603144505,0.0,1.9445547274410097e-07
0.5,5.82,0.12,6.711864406779661,0.5800000000000001,-0.21502782977009005,0.0,1.9445547274410097e-07
0.5,5.82,0.12,6.711864406779661,0.77,-0.21500829981109604,0.0,1.9445547274410097e-07
0.5,5.82,0.12,6.711864406779661,0.96,-0.21498876992985316,0.0,1.9445547274410097e-07
0.5,5.82,0.12,6.711864406779661,1.15,-0.21496924126358863,0.0,1.9445547274410097e-07
0.5,5.82,0.12,6.711864406779661,1.34,-0.21494971274460184,0.0,1.9445547274410097e-07
0.5,5.82,0.12,6.711864406779661,1.53,-0.21493018404294517,0.0,1.9445547274410097e-07
0.5,5.82,0.12,6.711864406779661,1.72,-0.21491065509575336,0.0,1.9445547274410097e-07
0.5,5.82,0.12,6.711864406779661,1.91,-0.21489112584529124,0.0,1.9445547274410097e-07
0.5,5.82,0.12,6.711864406779661,2.1,-0.21487159857247207,0.0,1.9445547274410097e-07
0.5,5.82,0.12,6.711864406779661,2.29,-0.21485207303785359,0.0,1.9445547274410097e-07
0.5,5.82,0.12,6.711864406779661,2.4800000000000004,-0.21483254720227762,0.0,1.9445547274410097e-07
0.5,5.82,0.12,6.711864406779661,2.6700000000000004,-0.214813021164737,0.0,1.9445547274410097e-07
0.5,5.82,0.12,6.711864406779661,2.8600000000000003,-0.21479349486329014,0.0,1.9445547274410097e-07
0.5,5.82,0.12,6.711864406779661,3.0500000000000003,-0.21477396833001094,0.0,1.9445547274410097e-07
0.5,5.82,0.12,6.711864406779661,3.24,-0.21475444153183787,0.0,1.9445547274410097e-07
0.5,5.82,0.12,6.711864406779661,3.43,-0.214734914461296,0.0,1.9445547274410097e-07
0.5,5.82,0.12,6.711864406779661,3.62,-0.21471538713376148,0.0,1.9445547274410097e-07
0.5,5.82,0.12,6.711864406779661,3.81,-0.21469585960177184,0.0,1.9445547274410097e-07
0.5,5.82,0.12,6.711864406779661,4.0,-0.2146763317777456,0.0,1.9445547274410097e-07
0.5,5.82,0.16,5.627118644067797,0.2,14.050244371755156,0.0,1.0
0.5,5.82,0.16,5.627118644067797,0.39,14.051109446753273,0.0,1.0
0.5,5.82,0.16,5.627118644067797,0.5800000000000001,14.05197482628774,0.0,1.0
0.5,5.82,0.16,5.627118644067797,0.77,14.052839911789711,0.0,1.0
0.5,5.82,0.16,5.627118644067797,0.96,14.053705231426115,0.0,1.0
0.5,5.82,0.16,5.627118644067797,1.15,14.054569931262343,0.0,1.0
0.5,5.82,0.16,5.627118644067797,1.34,14.055434689048418,0.0,1.0
0.5,5.82,0.16,5.627118644067797,1.53,14.05629975133813,0.0,1.0
0.5,5.82,0.16,5.627118644067797,1.72,14.057165118222201,0.0,1.0
0.5,5.82,0.16,5.627118644067797,1.91,14.058030789757524,0.0,1.0
0.5,5.82,0.16,5.627118644067797,2.1,14.058895445243635,0.0,1.0
0.5,5.82,0.16,5.627118644067797,2.29,14.059759216405297,0.0,1.0
0.5,5.82,0.16,5.627118644067797,2.4800000000000004,14.060623291884966,0.0,1.0
0.5,5.82,0.16,5.627118644067797,2.6700000000000004,14.061487671761988,0.0,1.0
0.5,5.82,0.16,5.627118644067797,2.8600000000000003,14.062352356107077,0.0,1.0
0.5,5.82,0.16,5.627118644067797,3.0500000000000003,14.063217344992708,0.0,1.0
0.5,5.82,0.16,5.627118644067797,3.24,14.064082638486894,0.0,1.0
0.5,5.82,0.16,5.627118644067797,3.43,14.064948236666893,0.0,1.0
0.5,5.82,0.16,5.627118644067797,3.62,14.065814139605834,0.0,1.0
0.5,5.82,0.16,5.627118644067797,3.81,14.066680347374167,0.0,1.0
0.5,5.82,0.16,5.627118644067797,4.0,14.067546860044892,0.0,1.0
0.5,5.82,0.16,5.898305084745763,0.2,-13.038186183831364,0.0,0.0
0.5,5.82,0.16,5.898305084745763,0.39,-13.036718904166172,0.0,0.0
0.5,5.82,0.16,5.898305084745763,0.5800000000000001,-13.035251325943428,0.0,0.0
0.5,5.82,0.16,5.898305084745763,0.77,-13.033783990446778,0.0,0.0
0.5,5.82,0.16,5.898305084745763,0.96,-13.032316420181012,0.0,0.0
0.5,5.82,0.16,5.898305084745763,1.15,-13.030849387158916,0.0,0.0
0.5,5.82,0.16,5.898305084745763,1.34,-13.029382278677964,0.0,0.0
0.5,5.82,0.16,5.898305084745763,1.53,-13.027914871799616,0.0,0.0
0.5,5.82,0.16,5.898305084745763,1.72,-13.026447166470142,0.0,0.0
0.5,5.82,0.16,5.898305084745763,1.91,-13.024979162643547,0.0,0.0
0.5,5.82,0.16,5.898305084745763,2.1,-13.02351205437919,0.0,0.0
0.5,5.82,0.16,5.898305084745763,2.29,-13.022045722537882,0.0,0.0
0.5,5.82,0.16,5.898305084745763,2.4800000000000004,-13.020579092519803,0.0,0.0
0.5,5.82,0.16,5.898305084745763,2.6700000000000004,-13.019112164269103,0.0,0.0
0.5,5.82,0.16,5.898305084745763,2.8600000000000003,-13.017644937754476,0.0,0.0
0.5,5.82,0.16,5.898305084745763,3.0500000000000003,-13.016177412907751,0.0,0.0
0.5,5.82,0.16,5.898305084745763,3.24,-13.014709589706662,0.0,0.0
0.5,5.82,0.16,5.898305084745763,3.43,-13.013241468088154,0.0,0.0
0.5,5.82,0.16,5.898305084745763,3.62,-13.01177304801756,0.0,0.0
0.5,5.82,0.16,5.898305084745763,3.81,-13.010304329444338,0.0,0.0
0.5,5.82,0.16,5.898305084745763,4.0,-13.008835312309223,0.0,0.0
0.5,5.82,0.16,6.169491525423729,0.2,-0.7906554960706131,0.0,0.0
0.5,5.82,0.16,6.169491525423729,0.39,-0.7886349930710566,0.0,0.0
0.5,5.82,0.16,6.169491525423729,0.5800000000000001,-0.7866142976205168,0.0,0.0
0.5,5.82,0.16,6.169491525423729,0.77,-0.7845938668794759,0.0,0.0
0.5,5.82,0.16,6.169491525423729,0.96,-0.7825732975518775,0.0,0.0
0.5,5.82,0.16,6.169491525423729,1.15,-0.7805532418536956,0.0,0.0
0.5,5.82,0.16,6.169491525423729,1.34,-0.778533182105221,0.0,0.0
0.5,5.82,0.16,6.169491525423729,1.53,-0.7765129299497033,0.0,0.0
0.5,5.82,0.16,6.169491525423729,1.72,-0.7744924854291213,0.0,0.0
0.5,5.82,0.16,6.169491525423729,1.91,-0.7724718485043383,0.0,0.0
0.5,5.82,0.16,6.169491525423729,2.1,-0.7704520277439286,0.0,0.0
0.5,5.82,0.16,6.169491525423729,2.29,-0.768432922542786,0.0,0.0
0.5,5.82,0.16,6.169491525423729,2.4800000000000004,-0.7664136251116247,0.0,0.0
0.5,5.82,0.16,6.169491525423729,2.6700000000000004,-0.7643941354834709,0.0,0.0
0.5,5.82,0.16,6.169491525423729,2.8600000000000003,-0.7623744536072792,0.0,0.0
0.5,5.82,0.16,6.169491525423729,3.0500000000000003,-0.76035457945828,0.0,0.0
0.5,5.82,0.16,6.169491525423729,3.24,-0.7583345130212109,0.0,0.0
0.5,5.82,0.16,6.169491525423729,3.43,-0.7563142542729508,0.0,0.0
0.5,5.82,0.16,6.169491525423729,3.62,-0.75429380319801,0.0,0.0
0.5,5.82,0.16,6.169491525423729,3.81,-0.7522731597469061,0.0,0.0
0.5,5.82,0.16,6.169491525423729,4.0,-0.7502523239387244,0.0,0.0
0.5,5.82,0.16,6.4406779661016955,0.2,30.243964462376354,0.0,0.0
0.5,5.82,0.16,6.4406779661016955,0.39,30.244042938605986,0.0,0.0
0.5,5.82,0.16,6.4406779661016955,0.5800000000000001,30.24412141671715,0.0,0.0
0.5,5.82,0.16,6.4406779661016955,0.77,30.24419989198092,0.0,0.0
0.5,5.82,0.16,6.4406779661016955,0.96,30.244278368431985,0.0,0.0
0.5,5.82,0.16,6.4406779661016955,1.15,30.244356839473568,0.0,0.0
0.5,5.82,0.16,6.4406779661016955,1.34,30.24443531047038,0.0,0.0
0.5,5.82,0.16,6.4406779661016955,1.53,30.244513783146957,0.0,0.0
0.5,5.82,0.16,6.4406779661016955,1.72,30.24459225774099,0.0,0.0
0.5,5.82,0.16,6.4406779661016955,1.91,30.24467073420528,0.0,0.0
0.5,5.82,0.16,6.4406779661016955,2.1,30.244749201998246,0.0,0.0
0.5,5.82,0.16,6.4406779661016955,2.29,30.24482766228089,0.0,0.0
0.5,5.82,0.16,6.4406779661016955,2.4800000000000004,30.244906124360625,0.0,0.0
0.5,5.82,0.16,6.4406779661016955,2.6700000000000004,30.24498458830397,0.0,0.0
0.5,5.82,0.16,6.4406779661016955,2.8600000000000003,30.245063054100264,0.0,0.0
0.5,5.82,0.16,6.4406779661016955,3.0500000000000003,30.245141521719688,0.0,0.0
0.5,5.82,0.16,6.4406779661016955,3.24,30.24521999119211,0.0,0.0
0.5,5.82,0.16,6.4406779661016955,3.43,30.245298462536567,0.0,0.0
0.5,5.82,0.16,6.4406779661016955,3.62,30.24537693571719,0.0,0.0
0.5,5.82,0.16,6.4406779661016955,3.81,30.245455410707457,0.0,0.0
0.5,5.82,0.16,6.4406779661016955,4.0,30.245533887575135,0.0,0.0
0.5,5.82,0.16,6.711864406779661,0.2,-0.21506726694990164,0.0,0.0
0.5,5.82,0.16,6.711864406779661,0.39,-0.2150477368956345,0.0,0.0
0.5,5.82,0.16,6.711864406779661,0.5800000000000001,-0.21502820635199527,0.0,0.0
0.5,5.82,0.16,6.711864406779661,0.77,-0.21500867639369758,0.0,0.0
0.5,5.82,0.16,6.711864406779661,0.96,-0.21498914651317236,0.0,0.0
0.5,5.82,0.16,6.711864406779661,1.15,-0.21496961784761837,0.0,0.0
0.5,5.82,0.16,6.711864406779661,1.34,-0.21495008932934923,0.0,0.0
0.5,5.82,0.16,6.711864406779661,1.53,-0.2149305606284031,0.0,0.0
0.5,5.82,0.16,6.711864406779661,1.72,-0.21491103168192893,0.0,0.0
0.5,5.82,0.16,6.711864406779661,1.91,-0.2148915024321738,0.0,0.0
0.5,5.82,0.16,6.711864406779661,2.1,-0.21487197516006162,0.0,0.0
0.5,5.82,0.16,6.711864406779661,2.29,-0.21485244962616434,0.0,0.0
0.5,5.82,0.16,6.711864406779661,2.4800000000000004,-0.21483292379129537,0.0,0.0
0.5,5.82,0.16,6.711864406779661,2.6700000000000004,-0.21481339775447594,0.0,0.0
0.5,5.82,0.16,6.711864406779661,2.8600000000000003,-0.21479387145373963,0.0,0.0
0.5,5.82,0.16,6.711864406779661,3.0500000000000003,-0.21477434492117453,0.0,0.0
0.5,5.82,0.16,6.711864406779661,3.24,-0.214754818123712,0.0,0.0
0.5,5.82,0.16,6.711864406779661,3.43,-0.21473529105387712,0.0,0.0
0.5,5.82,0.16,6.711864406779661,3.62,-0.21471576372706025,0.0,0.0
0.5,5.82,0.16,6.711864406779661,3.81,-0.2146962361957776,0.0,0.0
0.5,5.82,0.16,6.711864406779661,4.0,-0.21467670837245834,0.0,0.0
0.75,5.7,0.08,5.627118644067797,0.2,14.050244371755156,0.0,1.0
0.75,5.7,0.08,5.627118644067797,0.39,14.051109446753273,0.0,1.0
0.75,5.7,0.08,5.627118644067797,0.5800000000000001,14.05197482628774,0.0,1.0
0.75,5.7,0.08,5.627118644067797,0.77,14.052839911789711,0.0,1.0
0.75,5.7,0.08,5.627118644067797,0.96,14.053705231426115,0.0,1.0
0.75,5.7,0.08,5.627118644067797,1.15,14.054569931262343,0.0,1.0
0.75,5.7,0.08,5.627118644067797,1.34,14.055434689048418,0.0,1.0
0.75,5.7,0.08,5.627118644067797,1.53,14.05629975133813,0.0,1.0
0.75,5.7,0.08,5.627118644067797,1.72,14.057165118222201,0.0,1.0
0.75,5.7,0.08,5.627118644067797,1.91,14.058030789757524,0.0,1.0
0.75,5.7,0.08,5.627118644067797,2.1,14.058895445243635,0.0,1.0
0.75,5.7,0.08,5.627118644067797,2.29,14.059759216405297,0.0,1.0
0.75,5.7,0.08,5.627118644067797,2.4800000000000004,14.060623291884966,0.0,1.0
0.75,5.7,0.08,5.627118644067797,2.6700000000000004,14.061487671761988,0.0,1.0
0.75,5.7,0.08,5.627118644067797,2.8600000000000003,14.062352356107077,0.0,1.0
0.75,5.7,0.08,5.627118644067797,3.0500000000000003,14.063217344992708,0.0,1.0
0.75,5.7,0.08,5.627118644067797,3.24,14.064082638486894,0.0,1.0
0.75,5.7,0.08,5.627118644067797,3.43,14.064948236666893,0.0,1.0
0.75,5.7,0.08,5.627118644067797,3.62,14.065814139605834,0.0,1.0
0.75,5.7,0.08,5.627118644067797,3.81,14.066680347374167,0.0,1.0
0.75,5.7,0.08,5.627118644067797,4.0,14.067546860044892,0.0,1.0
0.75,5.7,0.08,5.898305084745763,0.2,-12.34014479003497,0.0,0.1868269006221933
0.75,5.7,0.08,5.898305084745763,0.39,-12.33864470193236,0.0,0.1868269006221933
0.75,5.7,0.08,5.898305084745763,0.5800000000000001,-12.337144312023753,0.0,0.1868269006221933
0.75,5.7,0.08,5.898305084745763,0.77,-12.335644167862071,0.0,0.1868269006221933
0.75,5.7,0.08,5.898305084745763,0.96,-12.334143786420249,0.0,0.1868269006221933
0.75,5.7,0.08,5.898305084745763,1.15,-12.332643948656248,0.0,0.1868269006221933
0.75,5.7,0.08,5.898305084745763,1.34,-12.33114403476808,0.0,0.1868269006221933
0.75,5.7,0.08,5.898305084745763,1.53,-12.329643819234882,0.0,0.1868269006221933
0.75,5.7,0.08,5.898305084745763,1.72,-12.328143302002317,0.0,0.1868269006221933
0.75,5.7,0.08,5.898305084745763,1.91,-12.326642483023939,0.0,0.1868269006221933
0.75,5.7,0.08,5.898305084745763,2.1,-12.325142570192348,0.0,0.1868269006221933
0.75,5.7,0.08,5.898305084745763,2.29,-12.323643442988626,0.0,0.1868269006221933
0.75,5.7,0.08,5.898305084745763,2.4800000000000004,-12.322144014363005,0.0,0.1868269006221933
0.75,5.7,0.08,5.898305084745763,2.6700000000000004,-12.320644284259181,0.0,0.1868269006221933
0.75,5.7,0.08,5.898305084745763,2.8600000000000003,-12.319144252645295,0.0,0.1868269006221933
0.75,5.7,0.08,5.898305084745763,3.0500000000000003,-12.317643919452678,0.0,0.1868269006221933
0.75,5.7,0.08,5.898305084745763,3.24,-12.316143284658494,0.0,0.1868269006221933
0.75,5.7,0.08,5.898305084745763,3.43,-12.31464234819935,0.0,0.1868269006221933
0.75,5.7,0.08,5.898305084745763,3.62,-12.31314111003988,0.0,0.1868269006221933
0.75,5.7,0.08,5.898305084745763,3.81,-12.311639570129046,0.0,0.1868269006221933
0.75,5.7,0.08,5.898305084745763,4.0,-12.310137728407156,0.0,0.1868269006221933
0.75,5.7,0.08,6.169491525423729,0.2,-0.6776901649333666,0.0,0.017352453744026722
0.75,5.7,0.08,6.169491525423729,0.39,-0.6756657059453062,0.0,0.017352453744026722
0.75,5.7,0.08,6.169491525423729,0.5800000000000001,-0.6736410542114157,0.0,0.017352453744026722
0.75,5.7,0.08,6.169491525423729,0.77,-0.6716166676092001,0.0,0.017352453744026722
0.75,5.7,0.08,6.169491525423729,0.96,-0.6695921422098507,0.0,0.017352453744026722
0.75,5.7,0.08,6.169491525423729,1.15,-0.6675681312520112,0.0,0.017352453744026722
0.75,5.7,0.08,6.169491525423729,1.34,-0.6655441162443481,0.0,0.017352453744026722
0.75,5.7,0.08,6.169491525423729,1.53,-0.6635199085350223,0.0,0.017352453744026722
0.75,5.7,0.08,6.169491525423729,1.72,-0.6614955081658138,0.0,0.017352453744026722
0.75,5.7,0.08,6.169491525423729,1.91,-0.6594709150977565,0.0,0.017352453744026722
0.75,5.7,0.08,6.169491525423729,2.1,-0.657447139480368,0.0,0.017352453744026722
0.75,5.7,0.08,6.169491525423729,2.29,-0.6554240805507021,0.0,0.017352453744026722
0.75,5.7,0.08,6.169491525423729,2.4800000000000004,-0.653400829096654,0.0,0.017352453744026722
0.75,5.7,0.08,6.169491525423729,2.6700000000000004,-0.6513773851511502,0.0,0.017352453744026722
0.75,5.7,0.08,6.169491525423729,2.8600000000000003,-0.6493537486631453,0.0,0.017352453744026722
0.75,5.7,0.08,6.169491525423729,3.0500000000000003,-0.6473299196078699,0.0,0.017352453744026722
0.75,5.7,0.08,6.169491525423729,3.24,-0.6453058979699762,0.0,0.017352453744026722
0.75,5.7,0.08,6.169491525423729,3.43,-0.6432816837263147,0.0,0.017352453744026722
0.75,5.7,0.08,6.169491525423729,3.62,-0.6412572768613671,0.0,0.017352453744026722
0.75,5.7,0.08,6.169491525423729,3.81,-0.6392326773256229,0.0,0.017352453744026722
0.75,5.7,0.08,6.169491525423729,4.0,-0.6372078851381247,0.0,0.017352453744026722
0.75,5.7,0.08,6.4406779661016955,0.2,30.244980944223272,0.0,0.00014565889088539262
0.75,5.7,0.08,6.4406779661016955,0.39,30.245059423095768,0.0,0.00014565889088539262
0.75,5.7,0.08,6.4406779661016955,0.5800000000000001,30.245137903849724,0.0,0.00014565889088539262
0.75,5.7,0.08,6.4406779661016955,0.77,30.245216381756286,0.0,0.00014565889088539262
0.75,5.7,0.08,6.4406779661016955,0.96,30.24529486085016,0.0,0.00014565889088539262
0.75,5.7,0.08,6.4406779661016955,1.15,30.245373334534406,0.0,0.00014565889088539262
0.75,5.7,0.08,6.4406779661016955,1.34,30.245451808173954,0.0,0.00014565889088539262
0.75,5.7,0.08,6.4406779661016955,1.53,30.24553028349321,0.0,0.00014565889088539262
0.75,5.7,0.08,6.4406779661016955,1.72,30.245608760729965,0.0,0.00014565889088539262
0.75,5.7,0.08,6.4406779661016955,1.91,30.245687239837004,0.0,0.00014565889088539262
0.75,5.7,0.08,6.4406779661016955,2.1,30.245765710272565,0.0,0.00014565889088539262
0.75,5.7,0.08,6.4406779661016955,2.29,30.24584417319776,0.0,0.00014565889088539262
0.75,5.7,0.08,6.4406779661016955,2.4800000000000004,30.245922637920017,0.0,0.00014565889088539262
0.75,5.7,0.08,6.4406779661016955,2.6700000000000004,30.246001104505872,0.0,0.00014565889088539262
0.75,5.7,0.08,6.4406779661016955,2.8600000000000003,30.246079572944744,0.0,0.00014565889088539262
0.75,5.7,0.08,6.4406779661016955,3.0500000000000003,30.246158043206734,0.0,0.00014565889088539262
0.75,5.7,0.08,6.4406779661016955,3.24,30.246236515321748,0.0,0.00014565889088539262
0.75,5.7,0.08,6.4406779661016955,3.43,30.246314989308843,0.0,0.00014565889088539262
0.75,5.7,0.08,6.4406779661016955,3.62,30.246393465132073,0.0,0.00014565889088539262
0.75,5.7,0.08,6.4406779661016955,3.81,30.246471942764977,0.0,0.00014565889088539262
0.75,5.7,0.08,6.4406779661016955,4.0,30.24655042227532,0.0,0.00014565889088539262
0.75,5.7,0.08,6.711864406779661,0.2,-0.21506689035745552,0.0,1.944616747494886e-07
0.75,5.7,0.08,6.711864406779661,0.39,-0.21504736030247074,0.0,1.944616747494886e-07
0.75,5.7,0.08,6.711864406779661,0.5800000000000001,-0.21502782975811385,0.0,1.944616747494886e-07
0.75,5.7,0.08,6.711864406779661,0.77,-0.2150082997991163,0.0,1.944616747494886e-07
0.75,5.7,0.08,6.711864406779661,0.96,-0.21498876991786986,0.0,1.944616747494886e-07
0.75,5.7,0.08,6.711864406779661,1.15,-0.21496924125160888,0.0,1.944616747494886e-07
0.75,5.7,0.08,6.711864406779661,1.34,-0.2149497127326221,0.0,1.944616747494886e-07
0.75,5.7,0.08,6.711864406779661,1.53,-0.21493018403095832,0.0,1.944616747494886e-07
0.75,5.7,0.08,6.711864406779661,1.72,-0.2149106550837736,0.0,1.944616747494886e-07
0.75,5.7,0.08,6.711864406779661,1.91,-0.2148911258333115,0.0,1.944616747494886e-07
0.75,5.7,0.08,6.711864406779661,2.1,-0.21487159856048876,0.0,1.944616747494886e-07
0.75,5.7,0.08,6.711864406779661,2.29,-0.2148520730258774,0.0,1.944616747494886e-07
0.75,5.7,0.08,6.711864406779661,2.4800000000000004,-0.21483254719030143,0.0,1.944616747494886e-07
0.75,5.7,0.08,6.711864406779661,2.6700000000000004,-0.2148130211527608,0.0,1.944616747494886e-07
0.75,5.7,0.08,6.711864406779661,2.8600000000000003,-0.21479349485131038,0.0,1.944616747494886e-07
0.75,5.7,0.08,6.711864406779661,3.0500000000000003,-0.2147739683180312,0.0,1.944616747494886e-07
0.75,5.7,0.08,6.711864406779661,3.24,-0.21475444151986167,0.0,1.944616747494886e-07
0.75,5.7,0.08,6.711864406779661,3.43,-0.2147349144493056,0.0,1.944616747494886e-07
0.75,5.7,0.08,6.711864406779661,3.62,-0.21471538712178173,0.0,1.944616747494886e-07
0.75,5.7,0.08,6.711864406779661,3.81,-0.21469585958978854,0.0,1.944616747494886e-07
0.75,5.7,0.08,6.711864406779661,4.0,-0.21467633176576584,0.0,1.944616747494886e-07
0.75,5.7,0.12,5.627118644067797,0.2,14.050244371755156,0.0,1.0
0.75,5.7,0.12,5.627118644067797,0.39,14.051109446753273,0.0,1.0
0.75,5.7,0.12,5.627118644067797,0.5800000000000001,14.05197482628774,0.0,1.0
0.75,5.7,0.12,5.627118644067797,0.77,14.052839911789711,0.0,1.0
0.75,5.7,0.12,5.627118644067797,0.96,14.053705231426115,0.0,1.0
0.75,5.7,0.12,5.627118644067797,1.15,14.054569931262343,0.0,1.0
0.75,5.7,0.12,5.627118644067797,1.34,14.055434689048418,0.0,1.0
0.75,5.7,0.12,5.627118644067797,1.53,14.05629975133813,0.0,1.0
0.75,5.7,0.12,5.627118644067797,1.72,14.057165118222201,0.0,1.0
0.75,5.7,0.12,5.627118644067797,1.91,14.058030789757524,0.0,1.0
0.75,5.7,0.12,5.627118644067797,2.1,14.058895445243635,0.0,1.0
0.75,5.7,0.12,5.627118644067797,2.29,14.059759216405297,0.0,1.0
0.75,5.7,0.12,5.627118644067797,2.4800000000000004,14.060623291884966,0.0,1.0
0.75,5.7,0.12,5.627118644067797,2.6700000000000004,14.061487671761988,0.0,1.0
0.75,5.7,0.12,5.627118644067797,2.8600000000000003,14.062352356107077,0.0,1.0
0.75,5.7,0.12,5.627118644067797,3.0500000000000003,14.063217344992708,0.0,1.0
0.75,5.7,0.12,5.627118644067797,3.24,14.064082638486894,0.0,1.0
0.75,5.7,0.12,5.627118644067797,3.43,14.064948236666893,0.0,1.0
0.75,5.7,0.12,5.627118644067797,3.62,14.065814139605834,0.0,1.0
0.75,5.7,0.12,5.627118644067797,3.81,14.066680347374167,0.0,1.0
0.75,5.7,0.12,5.627118644067797,4.0,14.067546860044892,0.0,1.0
0.75,5.7,0.12,5.898305084745763,0.2,-13.038186183831364,0.0,0.0
0.75,5.7,0.12,5.898305084745763,0.39,-13.036718904166172,0.0,0.0
0.75,5.7,0.12,5.898305084745763,0.5800000000000001,-13.035251325943428,0.0,0.0
0.75,5.7,0.12,5.898305084745763,0.77,-13.033783990446778,0.0,0.0
0.75,5.7,0.12,5.898305084745763,0.96,-13.032316420181012,0.0,0.0
0.75,5.7,0.12,5.898305084745763,1.15,-13.030849387158916,0.0,0.0
0.75,5.7,0.12,5.898305084745763,1.34,-13.029382278677964,0.0,0.0
0.75,5.7,0.12,5.898305084745763,1.53,-13.027914871799616,0.0,0.0
0.75,5.7,0.12,5.898305084745763,1.72,-13.026447166470142,0.0,0.0
0.75,5.7,0.12,5.898305084745763,1.91,-13.024979162643547,0.0,0.0
0.75,5.7,0.12,5.898305084745763,2.1,-13.02351205437919,0.0,0.0
0.75,5.7,0.12,5.898305084745763,2.29,-13.022045722537882,0.0,0.0
0.75,5.7,0.12,5.898305084745763,2.4800000000000004,-13.020579092519803,0.0,0.0
0.75,5.7,0.12,5.898305084745763,2.6700000000000004,-13.019112164269103,0.0,0.0
0.75,5.7,0.12,5.898305084745763,2.8600000000000003,-13.017644937754476,0.0,0.0
0.75,5.7,0.12,5.898305084745763,3.0500000000000003,-13.016177412907751,0.0,0.0
0.75,5.7,0.12,5.898305084745763,3.24,-13.014709589706662,0.0,0.0
0.75,5.7,0.12,5.898305084745763,3.43,-13.013241468088154,0.0,0.0
0.75,5.7,0.12,5.898305084745763,3.62,-13.01177304801756,0.0,0.0
0.75,5.7,0.12,5.898305084745763,3.81,-13.010304329444338,0.0,0.0
0.75,5.7,0.12,5.898305084745763,4.0,-13.008835312309223,0.0,0.0
0.75,5.7,0.12,6.169491525423729,0.2,-0.6926385221071172,0.0,0.015057816247219118
0.75,5.7,0.12,6.169491525423729,0.39,-0.690614586602905,0.0,0.015057816247219118
0.75,5.7,0.12,6.169491525423729,0.5800000000000001,-0.6885904583919,0.0,0.015057816247219118
0.75,5.7,0.12,6.169491525423729,0.77,-0.6865665952567355,0.0,0.015057816247219118
0.75,5.7,0.12,6.169491525423729,0.96,-0.684542593352262,0.0,0.015057816247219118
0.75,5.7,0.12,6.169491525423729,1.15,-0.68251910578185,0.0,0.015057816247219118
0.75,5.7,0.12,6.169491525423729,1.34,-0.6804956141615577,0.0,0.015057816247219118
0.75,5.7,0.12,6.169491525423729,1.53,-0.6784719298785689,0.0,0.015057816247219118
0.75,5.7,0.12,6.169491525423729,1.72,-0.6764480529747345,0.0,0.015057816247219118
0.75,5.7,0.12,6.169491525423729,1.91,-0.6744239834110175,0.0,0.015057816247219118
0.75,5.7,0.12,6.169491525423729,2.1,-0.672400731127766,0.0,0.015057816247219118
0.75,5.7,0.12,6.169491525423729,2.29,-0.6703781953829377,0.0,0.015057816247219118
0.75,5.7,0.12,6.169491525423729,2.4800000000000004,-0.668355467152665,0.0,0.015057816247219118
0.75,5.7,0.12,6.169491525423729,2.6700000000000004,-0.6663325464699028,0.0,0.015057816247219118
0.75,5.7,0.12,6.169491525423729,2.8600000000000003,-0.6643094332835915,0.0,0.015057816247219118
0.75,5.7,0.12,6.169491525423729,3.0500000000000003,-0.66228612756899,0.0,0.015057816247219118
0.75,5.7,0.12,6.169491525423729,3.24,-0.6602626293107079,0.0,0.015057816247219118
0.75,5.7,0.12,6.169491525423729,3.43,-0.658238938485681,0.0,0.015057816247219118
0.75,5.7,0.12,6.169491525423729,3.62,-0.6562150550783343,0.0,0.015057816247219118
0.75,5.7,0.12,6.169491525423729,3.81,-0.6541909790391713,0.0,0.015057816247219118
0.75,5.7,0.12,6.169491525423729,4.0,-0.6521667103872915,0.0,0.015057816247219118
0.75,5.7,0.12,6.4406779661016955,0.2,30.24498066000139,0.0,0.0001456181629925475
0.75,5.7,0.12,6.4406779661016955,0.39,30.24505913887313,0.0,0.0001456181629925475
0.75,5.7,0.12,6.4406779661016955,0.5800000000000001,30.245137619626348,0.0,0.0001456181629925475
0.75,5.7,0.12,6.4406779661016955,0.77,30.245216097532186,0.0,0.0001456181629925475
0.75,5.7,0.12,6.4406779661016955,0.96,30.24529457662529,0.0,0.0001456181629925475
0.75,5.7,0.12,6.4406779661016955,1.15,30.245373050308828,0.0,0.0001456181629925475
0.75,5.7,0.12,6.4406779661016955,1.34,30.245451523947622,0.0,0.0001456181629925475
0.75,5.7,0.12,6.4406779661016955,1.53,30.245529999266125,0.0,0.0001456181629925475
0.75,5.7,0.12,6.4406779661016955,1.72,30.245608476502156,0.0,0.0001456181629925475
0.75,5.7,0.12,6.4406779661016955,1.91,30.245686955608456,0.0,0.0001456181629925475
0.75,5.7,0.12,6.4406779661016955,2.1,30.245765426043306,0.0,0.0001456181629925475
0.75,5.7,0.12,6.4406779661016955,2.29,30.245843888967734,0.0,0.0001456181629925475
0.75,5.7,0.12,6.4406779661016955,2.4800000000000004,30.245922353689252,0.0,0.0001456181629925475
0.75,5.7,0.12,6.4406779661016955,2.6700000000000004,30.246000820274382,0.0,0.0001456181629925475
0.75,5.7,0.12,6.4406779661016955,2.8600000000000003,30.24607928871253,0.0,0.0001456181629925475
0.75,5.7,0.12,6.4406779661016955,3.0500000000000003,30.246157758973737,0.0,0.0001456181629925475
0.75,5.7,0.12,6.4406779661016955,3.24,30.24623623108804,0.0,0.0001456181629925475
0.75,5.7,0.12,6.4406779661016955,3.43,30.246314705074383,0.0,0.0001456181629925475
0.75,5.7,0.12,6.4406779661016955,3.62,30.246393180896888,0.0,0.0001456181629925475
0.75,5.7,0.12,6.4406779661016955,3.81,30.246471658529053,0.0,0.0001456181629925475
0.75,5.7,0.12,6.4406779661016955,4.0,30.24655013803867,0.0,0.0001456181629925475
0.75,5.7,0.12,6.711864406779661,0.2,-0.21506689035753013,0.0,1.9446167096040032e-07
0.75,5.7,0.12,6.711864406779661,0.39,-0.21504736030254534,0.0,1.9446167096040032e-07
0.75,5.7,0.12,6.711864406779661,0.5800000000000001,-0.21502782975818135,0.0,1.9446167096040032e-07
0.75,5.7,0.12,6.711864406779661,0.77,-0.2150082997991909,0.0,1.9446167096040032e-07
0.75,5.7,0.12,6.711864406779661,0.96,-0.21498876991794447,0.0,1.9446167096040032e-07
0.75,5.7,0.12,6.711864406779661,1.15,-0.21496924125168348,0.0,1.9446167096040032e-07
0.75,5.7,0.12,6.711864406779661,1.34,-0.2149497127326967,0.0,1.9446167096040032e-07
0.75,5.7,0.12,6.711864406779661,1.53,-0.21493018403103648,0.0,1.9446167096040032e-07
0.75,5.7,0.12,6.711864406779661,1.72,-0.21491065508384466,0.0,1.9446167096040032e-07
0.75,5.7,0.12,6.711864406779661,1.91,-0.2148911258333861,0.0,1.9446167096040032e-07
0.75,5.7,0.12,6.711864406779661,2.1,-0.21487159856056337,0.0,1.9446167096040032e-07
0.75,5.7,0.12,6.711864406779661,2.29,-0.214852073025952,0.0,1.9446167096040032e-07
0.75,5.7,0.12,6.711864406779661,2.4800000000000004,-0.21483254719036893,0.0,1.9446167096040032e-07
0.75,5.7,0.12,6.711864406779661,2.6700000000000004,-0.21481302115283185,0.0,1.9446167096040032e-07
0.75,5.7,0.12,6.711864406779661,2.8600000000000003,-0.214793494851385,0.0,1.9446167096040032e-07
0.75,5.7,0.12,6.711864406779661,3.0500000000000003,-0.2147739683181058,0.0,1.9446167096040032e-07
0.75,5.7,0.12,6.711864406779661,3.24,-0.21475444151993273,0.0,1.9446167096040032e-07
0.75,5.7,0.12,6.711864406779661,3.43,-0.2147349144493873,0.0,1.9446167096040032e-07
0.75,5.7,0.12,6.711864406779661,3.62,-0.21471538712185279,0.0,1.9446167096040032e-07
0.75,5.7,0.12,6.711864406779661,3.81,-0.21469585958986315,0.0,1.9446167096040032e-07
0.75,5.7,0.12,6.711864406779661,4.0,-0.2146763317658369,0.0,1.9446167096040032e-07
0.75,5.7,0.16,5.627118644067797,0.2,14.050244371755156,0.0,1.0
0.75,5.7,0.16,5.627118644067797,0.39,14.051109446753273,0.0,1.0
0.75,5.7,0.16,5.627118644067797,0.5800000000000001,14.05197482628774,0.0,1.0
0.75,5.7,0.16,5.627118644067797,0.77,14.052839911789711,0.0,1.0
0.75,5.7,0.16,5.627118644067797,0.96,14.053705231426115,0.0,1.0
0.75,5.7,0.16,5.627118644067797,1.15,14.054569931262343,0.0,1.0
0.75,5.7,0.16,5.627118644067797,1.34,14.055434689048418,0.0,1.0
0.75,5.7,0.16,5.627118644067797,1.53,14.05629975133813,0.0,1.0
0.75,5.7,0.16,5.627118644067797,1.72,14.057165118222201,0.0,1.0
0.75,5.7,0.16,5.627118644067797,1.91,14.058030789757524,0.0,1.0
0.75,5.7,0.16,5.627118644067797,2.1,14.058895445243635,0.0,1.0
0.75,5.7,0.16,5.627118644067797,2.29,14.059759216405297,0.0,1.0
0.75,5.7,0.16,5.627118644067797,2.4800000000000004,14.060623291884966,0.0,1.0
0.75,5.7,0.16,5.627118644067797,2.6700000000000004,14.061487671761988,0.0,1.0
0.75,5.7,0.16,5.627118644067797,2.8600000000000003,14.062352356107077,0.0,1.0
0.75,5.7,0.16,5.627118644067797,3.0500000000000003,14.063217344992708,0.0,1.0
0.75,5.7,0.16,5.627118644067797,3.24,14.064082638486894,0.0,1.0
0.75,5.7,0.16,5.627118644067797,3.43,14.064948236666893,0.0,1.0
0.75,5.7,0.16,5.627118644067797,3.62,14.065814139605834,0.0,1.0
0.75,5.7,0.16,5.627118644067797,3.81,14.066680347374167,0.0,1.0
0.75,5.7,0.16,5.627118644067797,4.0,14.067546860044892,0.0,1.0
0.75,5.7,0.16,5.898305084745763,0.2,-13.038186183831364,0.0,0.0
0.75,5.7,0.16,5.898305084745763,0.39,-13.036718904166172,0.0,0.0
0.75,5.7,0.16,5.898305084745763,0.5800000000000001,-13.035251325943428,0.0,0.0
0.75,5.7,0.16,5.898305084745763,0.77,-13.033783990446778,0.0,0.0
0.75,5.7,0.16,5.898305084745763,0.96,-13.032316420181012,0.0,0.0
0.75,5.7,0.16,5.898305084745763,1.15,-13.030849387158916,0.0,0.0
0.75,5.7,0.16,5.898305084745763,1.34,-13.029382278677964,0.0,0.0
0.75,5.7,0.16,5.898305084745763,1.53,-13.027914871799616,0.0,0.0
0.75,5.7,0.16,5.898305084745763,1.72,-13.026447166470142,0.0,0.0
0.75,5.7,0.16,5.898305084745763,1.91,-13.024979162643547,0.0,0.0
0.75,5.7,0.16,5.898305084745763,2.1,-13.02351205437919,0.0,0.0
0.75,5.7,0.16,5.898305084745763,2.29,-13.022045722537882,0.0,0.0
0.75,5.7,0.16,5.898305084745763,2.4800000000000004,-13.020579092519803,0.0,0.0
0.75,5.7,0.16,5.898305084745763,2.6700000000000004,-13.019112164269103,0.0,0.0
0.75,5.7,0.16,5.898305084745763,2.8600000000000003,-13.017644937754476,0.0,0.0
0.75,5.7,0.16,5.898305084745763,3.0500000000000003,-13.016177412907751,0.0,0.0
0.75,5.7,0.16,5.898305084745763,3.24,-13.014709589706662,0.0,0.0
0.75,5.7,0.16,5.898305084745763,3.43,-13.013241468088154,0.0,0.0
0.75,5.7,0.16,5.898305084745763,3.62,-13.01177304801756,0.0,0.0
0.75,5.7,0.16,5.898305084745763,3.81,-13.010304329444338,0.0,0.0
0.75,5.7,0.16,5.898305084745763,4.0,-13.008835312309223,0.0,0.0
0.75,5.7,0.16,6.169491525423729,0.2,-0.7906554960706131,0.0,0.0
0.75,5.7,0.16,6.169491525423729,0.39,-0.7886349930710566,0.0,0.0
0.75,5.7,0.16,6.169491525423729,0.5800000000000001,-0.7866142976205168,0.0,0.0
0.75,5.7,0.16,6.169491525423729,0.77,-0.7845938668794759,0.0,0.0
0.75,5.7,0.16,6.169491525423729,0.96,-0.7825732975518775,0.0,0.0
0.75,5.7,0.16,6.169491525423729,1.15,-0.7805532418536956,0.0,0.0
0.75,5.7,0.16,6.169491525423729,1.34,-0.778533182105221,0.0,0.0
0.75,5.7,0.16,6.169491525423729,1.53,-0.7765129299497033,0.0,0.0
0.75,5.7,0.16,6.169491525423729,1.72,-0.7744924854291213,0.0,0.0
0.75,5.7,0.16,6.169491525423729,1.91,-0.7724718485043383,0.0,0.0
0.75,5.7,0.16,6.169491525423729,2.1,-0.7704520277439286,0.0,0.0
0.75,5.7,0.16,6.169491525423729,2.29,-0.768432922542786,0.0,0.0
0.75,5.7,0.16,6.169491525423729,2.4800000000000004,-0.7664136251116247,0.0,0.0
0.75,5.7,0.16,6.169491525423729,2.6700000000000004,-0.7643941354834709,0.0,0.0
0.75,5.7,0.16,6.169491525423729,2.8600000000000003,-0.7623744536072792,0.0,0.0
0.75,5.7,0.16,6.169491525423729,3.0500000000000003,-0.76035457945828,0.0,0.0
0.75,5.7,0.16,6.169491525423729,3.24,-0.7583345130212109,0.0,0.0
0.75,5.7,0.16,6.169491525423729,3.43,-0.7563142542729508,0.0,0.0
0.75,5.7,0.16,6.169491525423729,3.62,-0.75429380319801,0.0,0.0
0.75,5.7,0.16,6.169491525423729,3.81,-0.7522731597469061,0.0,0.0
0.75,5.7,0.16,6.169491525423729,4.0,-0.7502523239387244,0.0,0.0
0.75,5.7,0.16,6.4406779661016955,0.2,30.24409368447978,0.0,1.851725953957276e-05
0.75,5.7,0.16,6.4406779661016955,0.39,30.244172161045412,0.0,1.851725953957276e-05
0.75,5.7,0.16,6.4406779661016955,0.5800000000000001,30.24425063949252,0.0,1.851725953957276e-05
0.75,5.7,0.16,6.4406779661016955,0.77,30.244329115092306,0.0,1.851725953957276e-05
0.75,5.7,0.16,6.4406779661016955,0.96,30.24440759187933,0.0,1.851725953957276e-05
0.75,5.7,0.16,6.4406779661016955,1.15,30.244486063256858,0.0,1.851725953957276e-05
0.75,5.7,0.16,6.4406779661016955,1.34,30.244564534589642,0.0,1.851725953957276e-05
0.75,5.7,0.16,6.4406779661016955,1.53,30.24464300760215,0.0,1.851725953957276e-05
0.75,5.7,0.16,6.4406779661016955,1.72,30.244721482532157,0.0,1.851725953957276e-05
0.75,5.7,0.16,6.4406779661016955,1.91,30.24479995933242,0.0,1.851725953957276e-05
0.75,5.7,0.16,6.4406779661016955,2.1,30.244878427461316,0.0,1.851725953957276e-05
0.75,5.7,0.16,6.4406779661016955,2.29,30.244956888079905,0.0,1.851725953957276e-05
0.75,5.7,0.16,6.4406779661016955,2.4800000000000004,30.24503535049557,0.0,1.851725953957276e-05
0.75,5.7,0.16,6.4406779661016955,2.6700000000000004,30.245113814774847,0.0,1.851725953957276e-05
0.75,5.7,0.16,6.4406779661016955,2.8600000000000003,30.245192280907098,0.0,1.851725953957276e-05
0.75,5.7,0.16,6.4406779661016955,3.0500000000000003,30.245270748862453,0.0,1.851725953957276e-05
0.75,5.7,0.16,6.4406779661016955,3.24,30.245349218670803,0.0,1.851725953957276e-05
0.75,5.7,0.16,6.4406779661016955,3.43,30.245427690351235,0.0,1.851725953957276e-05
0.75,5.7,0.16,6.4406779661016955,3.62,30.2455061638678,0.0,1.851725953957276e-05
0.75,5.7,0.16,6.4406779661016955,3.81,30.245584639194,0.0,1.851725953957276e-05
0.75,5.7,0.16,6.4406779661016955,4.0,30.24566311639765,0.0,1.851725953957276e-05
0.75,5.7,0.16,6.711864406779661,0.2,-0.21506692165169738,0.0,1.7830219085864567e-07
0.75,5.7,0.16,6.711864406779661,0.39,-0.215047391596773,0.0,1.7830219085864567e-07
0.75,5.7,0.16,6.711864406779661,0.5800000000000001,-0.21502786105248006,0.0,1.7830219085864567e-07
0.75,5.7,0.16,6.711864406779661,0.77,-0.2150083310935358,0.0,1.7830219085864567e-07
0.75,5.7,0.16,6.711864406779661,0.96,-0.21498880121235686,0.0,1.7830219085864567e-07
0.75,5.7,0.16,6.711864406779661,1.15,-0.21496927254614562,0.0,1.7830219085864567e-07
0.75,5.7,0.16,6.711864406779661,1.34,-0.21494974402722633,0.0,1.7830219085864567e-07
0.75,5.7,0.16,6.711864406779661,1.53,-0.2149302153256194,0.0,1.7830219085864567e-07
0.75,5.7,0.16,6.711864406779661,1.72,-0.21491068637849153,0.0,1.7830219085864567e-07
0.75,5.7,0.16,6.711864406779661,1.91,-0.21489115712809337,0.0,1.7830219085864567e-07
0.75,5.7,0.16,6.711864406779661,2.1,-0.21487162985532038,0.0,1.7830219085864567e-07
0.75,5.7,0.16,6.711864406779661,2.29,-0.21485210432077295,0.0,1.7830219085864567e-07
0.75,5.7,0.16,6.711864406779661,2.4800000000000004,-0.21483257848525383,0.0,1.7830219085864567e-07
0.75,5.7,0.16,6.711864406779661,2.6700000000000004,-0.21481305244777715,0.0,1.7830219085864567e-07
0.75,5.7,0.16,6.711864406779661,2.8600000000000003,-0.21479352614638358,0.0,1.7830219085864567e-07
0.75,5.7,0.16,6.711864406779661,3.0500000000000003,-0.21477399961316124,0.0,1.7830219085864567e-07
0.75,5.7,0.16,6.711864406779661,3.24,-0.2147544728150521,0.0,1.7830219085864567e-07
0.75,5.7,0.16,6.711864406779661,3.43,-0.21473494574455643,0.0,1.7830219085864567e-07
0.75,5.7,0.16,6.711864406779661,3.62,-0.2147154184170894,0.0,1.7830219085864567e-07
0.75,5.7,0.16,6.711864406779661,3.81,-0.21469589088515662,0.0,1.7830219085864567e-07
0.75,5.7,0.16,6.711864406779661,4.0,-0.2146763630611943,0.0,1.7830219085864567e-07
0.75,5.76,0.08,5.627118644067797,0.2,14.050244371755156,0.0,1.0
0.75,5.76,0.08,5.627118644067797,0.39,14.051109446753273,0.0,1.0
0.75,5.76,0.08,5.627118644067797,0.5800000000000001,14.05197482628774,0.0,1.0
0.75,5.76,0.08,5.627118644067797,0.77,14.052839911789711,0.0,1.0
0.75,5.76,0.08,5.627118644067797,0.96,14.053705231426115,0.0,1.0
0.75,5.76,0.08,5.627118644067797,1.15,14.054569931262343,0.0,1.0
0.75,5.76,0.08,5.627118644067797,1.34,14.055434689048418,0.0,1.0
0.75,5.76,0.08,5.627118644067797,1.53,14.05629975133813,0.0,1.0
0.75,5.76,0.08,5.627118644067797,1.72,14.057165118222201,0.0,1.0
0.75,5.76,0.08,5.627118644067797,1.91,14.058030789757524,0.0,1.0
0.75,5.76,0.08,5.627118644067797,2.1,14.058895445243635,0.0,1.0
0.75,5.76,0.08,5.627118644067797,2.29,14.059759216405297,0.0,1.0
0.75,5.76,0.08,5.627118644067797,2.4800000000000004,14.060623291884966,0.0,1.0
0.75,5.76,0.08,5.627118644067797,2.6700000000000004,14.061487671761988,0.0,1.0
0.75,5.76,0.08,5.627118644067797,2.8600000000000003,14.062352356107077,0.0,1.0
0.75,5.76,0.08,5.627118644067797,3.0500000000000003,14.063217344992708,0.0,1.0
0.75,5.76,0.08,5.627118644067797,3.24,14.064082638486894,0.0,1.0
0.75,5.76,0.08,5.627118644067797,3.43,14.064948236666893,0.0,1.0
0.75,5.76,0.08,5.627118644067797,3.62,14.065814139605834,0.0,1.0
0.75,5.76,0.08,5.627118644067797,3.81,14.066680347374167,0.0,1.0
0.75,5.76,0.08,5.627118644067797,4.0,14.067546860044892,0.0,1.0
0.75,5.76,0.08,5.898305084745763,0.2,-13.038186183831364,0.0,0.0
0.75,5.76,0.08,5.898305084745763,0.39,-13.036718904166172,0.0,0.0
0.75,5.76,0.08,5.898305084745763,0.5800000000000001,-13.035251325943428,0.0,0.0
0.75,5.76,0.08,5.898305084745763,0.77,-13.033783990446778,0.0,0.0
0.75,5.76,0.08,5.898305084745763,0.96,-13.032316420181012,0.0,0.0
0.75,5.76,0.08,5.898305084745763,1.15,-13.030849387158916,0.0,0.0
0.75,5.76,0.08,5.898305084745763,1.34,-13.029382278677964,0.0,0.0
0.75,5.76,0.08,5.898305084745763,1.53,-13.027914871799616,0.0,0.0
0.75,5.76,0.08,5.898305084745763,1.72,-13.026447166470142,0.0,0.0
0.75,5.76,0.08,5.898305084745763,1.91,-13.024979162643547,0.0,0.0
0.75,5.76,0.08,5.898305084745763,2.1,-13.02351205437919,0.0,0.0
0.75,5.76,0.08,5.898305084745763,2.29,-13.022045722537882,0.0,0.0
0.75,5.76,0.08,5.898305084745763,2.4800000000000004,-13.020579092519803,0.0,0.0
0.75,5.76,0.08,5.898305084745763,2.6700000000000004,-13.019112164269103,0.0,0.0
0.75,5.76,0.08,5.898305084745763,2.8600000000000003,-13.017644937754476,0.0,0.0
0.75,5.76,0.08,5.898305084745763,3.0500000000000003,-13.016177412907751,0.0,0.0
0.75,5.76,0.08,5.898305084745763,3.24,-13.014709589706662,0.0,0.0
0.75,5.76,0.08,5.898305084745763,3.43,-13.013241468088154,0.0,0.0
0.75,5.76,0.08,5.898305084745763,3.62,-13.01177304801756,0.0,0.0
0.75,5.76,0.08,5.898305084745763,3.81,-13.010304329444338,0.0,0.0
0.75,5.76,0.08,5.898305084745763,4.0,-13.008835312309223,0.0,0.0
0.75,5.76,0.08,6.169491525423729,0.2,-0.6777729123764971,0.0,0.017339752961617386
0.75,5.76,0.08,6.169491525423729,0.39,-0.675748456286172,0.0,0.017339752961617386
0.75,5.76,0.08,6.169491525423729,0.5800000000000001,-0.6737238074502869,0.0,0.017339752961617386
0.75,5.76,0.08,6.169491525423729,0.77,-0.6716994237457357,0.0,0.017339752961617386
0.75,5.76,0.08,6.169491525423729,0.96,-0.6696749012442211,0.0,0.017339752961617386
0.75,5.76,0.08,6.169491525423729,1.15,-0.6676508931836196,0.0,0.017339752961617386
0.75,5.76,0.08,6.169491525423729,1.34,-0.6656268810732087,0.0,0.017339752961617386
0.75,5.76,0.08,6.169491525423729,1.53,-0.6636026762613341,0.0,0.017339752961617386
0.75,5.76,0.08,6.169491525423729,1.72,-0.6615782787898183,0.0,0.017339752961617386
0.75,5.76,0.08,6.169491525423729,1.91,-0.6595536886196101,0.0,0.017339752961617386
0.75,5.76,0.08,6.169491525423729,2.1,-0.6575299158991754,0.0,0.017339752961617386
0.75,5.76,0.08,6.169491525423729,2.29,-0.6555068598656248,0.0,0.017339752961617386
0.75,5.76,0.08,6.169491525423729,2.4800000000000004,-0.6534836113079336,0.0,0.017339752961617386
0.75,5.76,0.08,6.169491525423729,2.6700000000000004,-0.6514601702589857,0.0,0.017339752961617386
0.75,5.76,0.08,6.169491525423729,2.8600000000000003,-0.6494365366677357,0.0,0.017339752961617386
0.75,5.76,0.08,6.169491525423729,3.0500000000000003,-0.6474127105094425,0.0,0.017339752961617386
0.75,5.76,0.08,6.169491525423729,3.24,-0.6453886917687157,0.0,0.017339752961617386
0.75,5.76,0.08,6.169491525423729,3.43,-0.6433644804224912,0.0,0.017339752961617386
0.75,5.76,0.08,6.169491525423729,3.62,-0.6413400764551653,0.0,0.017339752961617386
0.75,5.76,0.08,6.169491525423729,3.81,-0.6393154798172702,0.0,0.017339752961617386
0.75,5.76,0.08,6.169491525423729,4.0,-0.6372906905278342,0.0,0.017339752961617386
0.75,5.76,0.08,6.4406779661016955,0.2,30.244980944223272,0.0,0.00014565889088339153
0.75,5.76,0.08,6.4406779661016955,0.39,30.245059423095768,0.0,0.00014565889088339153
0.75,5.76,0.08,6.4406779661016955,0.5800000000000001,30.245137903849724,0.0,0.00014565889088339153
0.75,5.76,0.08,6.4406779661016955,0.77,30.245216381756286,0.0,0.00014565889088339153
0.75,5.76,0.08,6.4406779661016955,0.96,30.24529486085016,0.0,0.00014565889088339153
0.75,5.76,0.08,6.4406779661016955,1.15,30.245373334534406,0.0,0.00014565889088339153
0.75,5.76,0.08,6.4406779661016955,1.34,30.245451808173954,0.0,0.00014565889088339153
0.75,5.76,0.08,6.4406779661016955,1.53,30.24553028349321,0.0,0.00014565889088339153
0.75,5.76,0.08,6.4406779661016955,1.72,30.245608760729965,0.0,0.00014565889088339153
0.75,5.76,0.08,6.4406779661016955,1.91,30.245687239837004,0.0,0.00014565889088339153
0.75,5.76,0.08,6.4406779661016955,2.1,30.245765710272565,0.0,0.00014565889088339153
0.75,5.76,0.08,6.4406779661016955,2.29,30.24584417319776,0.0,0.00014565889088339153
0.75,5.76,0.08,6.4406779661016955,2.4800000000000004,30.245922637920017,0.0,0.00014565889088339153
0.75,5.76,0.08,6.4406779661016955,2.6700000000000004,30.246001104505872,0.0,0.00014565889088339153
0.75,5.76,0.08,6.4406779661016955,2.8600000000000003,30.246079572944744,0.0,0.00014565889088339153
0.75,5.76,0.08,6.4406779661016955,3.0500000000000003,30.246158043206734,0.0,0.00014565889088339153
0.75,5.76,0.08,6.4406779661016955,3.24,30.246236515321748,0.0,0.00014565889088339153
0.75,5.76,0.08,6.4406779661016955,3.43,30.246314989308843,0.0,0.00014565889088339153
0.75,5.76,0.08,6.4406779661016955,3.62,30.246393465132073,0.0,0.00014565889088339153
0.75,5.76,0.08,6.4406779661016955,3.81,30.246471942764977,0.0,0.00014565889088339153
0.75,5.76,0.08,6.4406779661016955,4.0,30.24655042227532,0.0,0.00014565889088339153
0.75,5.76,0.08,6.711864406779661,0.2,-0.21506689035745552,0.0,1.944616747494886e-07
0.75,5.76,0.08,6.711864406779661,0.39,-0.21504736030247074,0.0,1.944616747494886e-07
0.75,5.76,0.08,6.711864406779661,0.5800000000000001,-0.21502782975811385,0.0,1.944616747494886e-07
0.75,5.76,0.08,6.711864406779661,0.77,-0.2150082997991163,0.0,1.944616747494886e-07
0.75,5.76,0.08,6.711864406779661,0.96,-0.21498876991786986,0.0,1.944616747494886e-07
0.75,5.76,0.08,6.711864406779661,1.15,-0.21496924125160888,0.0,1.944616747494886e-07
0.75,5.76,0.08,6.711864406779661,1.34,-0.2149497127326221,0.0,1.944616747494886e-07
0.75,5.76,0.08,6.711864406779661,1.53,-0.21493018403095832,0.0,1.944616747494886e-07
0.75,5.76,0.08,6.711864406779661,1.72,-0.2149106550837736,0.0,1.944616747494886e-07
0.75,5.76,0.08,6.711864406779661,1.91,-0.2148911258333115,0.0,1.944616747494886e-07
0.75,5.76,0.08,6.711864406779661,2.1,-0.21487159856048876,0.0,1.944616747494886e-07
0.75,5.76,0.08,6.711864406779661,2.29,-0.2148520730258774,0.0,1.944616747494886e-07
0.75,5.76,0.08,6.711864406779661,2.4800000000000004,-0.21483254719030143,0.0,1.944616747494886e-07
0.75,5.76,0.08,6.711864406779661,2.6700000000000004,-0.2148130211527608,0.0,1.944616747494886e-07
0.75,5.76,0.08,6.711864406779661,2.8600000000000003,-0.21479349485131038,0.0,1.944616747494886e-07
0.75,5.76,0.08,6.711864406779661,3.0500000000000003,-0.2147739683180312,0.0,1.944616747494886e-07
0.75,5.76,0.08,6.711864406779661,3.24,-0.21475444151986167,0.0,1.944616747494886e-07
0.75,5.76,0.08,6.711864406779661,3.43,-0.2147349144493056,0.0,1.944616747494886e-07
0.75,5.76,0.08,6.711864406779661,3.62,-0.21471538712178173,0.0,1.944616747494886e-07
0.75,5.76,0.08,6.711864406779661,3.81,-0.21469585958978854,0.0,1.944616747494886e-07
0.75,5.76,0.08,6.711864406779661,4.0,-0.21467633176576584,0.0,1.944616747494886e-07
0.75,5.76,0.12,5.627118644067797,0.2,14.050244371755156,0.0,1.0
0.75,5.76,0.12,5.627118644067797,0.39,14.051109446753273,0.0,1.0
0.75,5.76,0.12,5.627118644067797,0.5800000000000001,14.05197482628774,0.0,1.0
0.75,5.76,0.12,5.627118644067797,0.77,14.052839911789711,0.0,1.0
0.75,5.76,0.12,5.627118644067797,0.96,14.053705231426115,0.0,1.0
0.75,5.76,0.12,5.627118644067797,1.15,14.054569931262343,0.0,1.0
0.75,5.76,0.12,5.627118644067797,1.34,14.055434689048418,0.0,1.0
0.75,5.76,0.12,5.627118644067797,1.53,14.05629975133813,0.0,1.0
0.75,5.76,0.12,5.627118644067797,1.72,14.057165118222201,0.0,1.0
0.75,5.76,0.12,5.627118644067797,1.91,14.058030789757524,0.0,1.0
0.75,5.76,0.12,5.627118644067797,2.1,14.058895445243635,0.0,1.0
0.75,5.76,0.12,5.627118644067797,2.29,14.059759216405297,0.0,1.0
0.75,5.76,0.12,5.627118644067797,2.4800000000000004,14.060623291884966,0.0,1.0
0.75,5.76,0.12,5.627118644067797,2.6700000000000004,14.061487671761988,0.0,1.0
0.75,5.76,0.12,5.627118644067797,2.8600000000000003,14.062352356107077,0.0,1.0
0.75,5.76,0.12,5.627118644067797,3.0500000000000003,14.063217344992708,0.0,1.0
0.75,5.76,0.12,5.627118644067797,3.24,14.064082638486894,0.0,1.0
0.75,5.76,0.12,5.627118644067797,3.43,14.064948236666893,0.0,1.0
0.75,5.76,0.12,5.627118644067797,3.62,14.065814139605834,0.0,1.0
0.75,5.76,0.12,5.627118644067797,3.81,14.066680347374167,0.0,1.0
0.75,5.76,0.12,5.627118644067797,4.0,14.067546860044892,0.0,1.0
0.75,5.76,0.12,5.898305084745763,0.2,-13.038186183831364,0.0,0.0
0.75,5.76,0.12,5.898305084745763,0.39,-13.036718904166172,0.0,0.0
0.75,5.76,0.12,5.898305084745763,0.5800000000000001,-13.035251325943428,0.0,0.0
0.75,5.76,0.12,5.898305084745763,0.77,-13.033783990446778,0.0,0.0
0.75,5.76,0.12,5.898305084745763,0.96,-13.032316420181012,0.0,0.0
0.75,5.76,0.12,5.898305084745763,1.15,-13.030849387158916,0.0,0.0
0.75,5.76,0.12,5.898305084745763,1.34,-13.029382278677964,0.0,0.0
0.75,5.76,0.12,5.898305084745763,1.53,-13.027914871799616,0.0,0.0
0.75,5.76,0.12,5.898305084745763,1.72,-13.026447166470142,0.0,0.0
0.75,5.76,0.12,5.898305084745763,1.91,-13.024979162643547,0.0,0.0
0.75,5.76,0.12,5.898305084745763,2.1,-13.02351205437919,0.0,0.0
0.75,5.76,0.12,5.898305084745763,2.29,-13.022045722537882,0.0,0.0
0.75,5.76,0.12,5.898305084745763,2.4800000000000004,-13.020579092519803,0.0,0.0
0.75,5.76,0.12,5.898305084745763,2.6700000000000004,-13.019112164269103,0.0,0.0
0.75,5.76,0.12,5.898305084745763,2.8600000000000003,-13.017644937754476,0.0,0.0
0.75,5.76,0.12,5.898305084745763,3.0500000000000003,-13.016177412907751,0.0,0.0
0.75,5.76,0.12,5.898305084745763,3.24,-13.014709589706662,0.0,0.0
0.75,5.76,0.12,5.898305084745763,3.43,-13.013241468088154,0.0,0.0
0.75,5.76,0.12,5.898305084745763,3.62,-13.01177304801756,0.0,0.0
0.75,5.76,0.12,5.898305084745763,3.81,-13.010304329444338,0.0,0.0
0.75,5.76,0.12,5.898305084745763,4.0,-13.008835312309223,0.0,0.0
0.75,5.76,0.12,6.169491525423729,0.2,-0.759035832594634,0.0,0.004859794009561064
0.75,5.76,0.12,6.169491525423729,0.39,-0.7570142222905076,0.0,0.004859794009561064
0.75,5.76,0.12,6.169491525423729,0.5800000000000001,-0.7549924194529041,0.0,0.004859794009561064
0.75,5.76,0.12,6.169491525423729,0.77,-0.7529708814429341,0.0,0.004859794009561064
0.75,5.76,0.12,6.169491525423729,0.96,-0.7509492047874886,0.0,0.004859794009561064
0.75,5.76,0.12,6.169491525423729,1.15,-0.7489280419887621,0.0,0.004859794009561064
0.75,5.76,0.12,6.169491525423729,1.34,-0.7469068751398851,0.0,0.004859794009561064
0.75,5.76,0.12,6.169491525423729,1.53,-0.7448855158014993,0.0,0.004859794009561064
0.75,5.76,0.12,6.169491525423729,1.72,-0.7428639640155126,0.0,0.004859794009561064
0.75,5.76,0.12,6.169491525423729,1.91,-0.7408422197428592,0.0,0.004859794009561064
0.75,5.76,0.12,6.169491525423729,2.1,-0.7388212919945971,0.0,0.004859794009561064
0.75,5.76,0.12,6.169491525423729,2.29,-0.7368010801215092,0.0,0.004859794009561064
0.75,5.76,0.12,6.169491525423729,2.4800000000000004,-0.734780675935994,0.0,0.004859794009561064
0.75,5.76,0.12,6.169491525423729,2.6700000000000004,-0.7327600794710349,0.0,0.004859794009561064
0.75,5.76,0.12,6.169491525423729,2.8600000000000003,-0.7307392906756291,0.0,0.004859794009561064
0.75,5.76,0.12,6.169491525423729,3.0500000000000003,-0.7287183095250356,0.0,0.004859794009561064
0.75,5.76,0.12,6.169491525423729,3.24,-0.7266971360038781,0.0,0.004859794009561064
0.75,5.76,0.12,6.169491525423729,3.43,-0.7246757700890782,0.0,0.004859794009561064
0.75,5.76,0.12,6.169491525423729,3.62,-0.7226542117651462,0.0,0.004859794009561064
0.75,5.76,0.12,6.169491525423729,3.81,-0.7206324609825856,0.0,0.004859794009561064
0.75,5.76,0.12,6.169491525423729,4.0,-0.7186105177604674,0.0,0.004859794009561064
0.75,5.76,0.12,6.4406779661016955,0.2,30.244975897791605,0.0,0.00014493575673556343
0.75,5.76,0.12,6.4406779661016955,0.39,30.245054376650955,0.0,0.00014493575673556343
0.75,5.76,0.12,6.4406779661016955,0.5800000000000001,30.24513285739181,0.0,0.00014493575673556343
0.75,5.76,0.12,6.4406779661016955,0.77,30.245211335285227,0.0,0.00014493575673556343
0.75,5.76,0.12,6.4406779661016955,0.96,30.245289814365968,0.0,0.00014493575673556343
0.75,5.76,0.12,6.4406779661016955,1.15,30.245368288037128,0.0,0.00014493575673556343
0.75,5.76,0.12,6.4406779661016955,1.34,30.24544676166356,0.0,0.00014493575673556343
0.75,5.76,0.12,6.4406779661016955,1.53,30.245525236969684,0.0,0.00014493575673556343
0.75,5.76,0.12,6.4406779661016955,1.72,30.245603714193336,0.0,0.00014493575673556343
0.75,5.76,0.12,6.4406779661016955,1.91,30.24568219328726,0.0,0.00014493575673556343
0.75,5.76,0.12,6.4406779661016955,2.1,30.245760663709703,0.0,0.00014493575673556343
0.75,5.76,0.12,6.4406779661016955,2.29,30.245839126621767,0.0,0.00014493575673556343
0.75,5.76,0.12,6.4406779661016955,2.4800000000000004,30.245917591330894,0.0,0.00014493575673556343
0.75,5.76,0.12,6.4406779661016955,2.6700000000000004,30.245996057903632,0.0,0.00014493575673556343
0.75,5.76,0.12,6.4406779661016955,2.8600000000000003,30.2460745263294,0.0,0.00014493575673556343
0.75,5.76,0.12,6.4406779661016955,3.0500000000000003,30.246152996578246,0.0,0.00014493575673556343
0.75,5.76,0.12,6.4406779661016955,3.24,30.246231468680158,0.0,0.00014493575673556343
0.75,5.76,0.12,6.4406779661016955,3.43,30.246309942654136,0.0,0.00014493575673556343
0.75,5.76,0.12,6.4406779661016955,3.62,30.246388418464235,0.0,0.00014493575673556343
0.75,5.76,0.12,6.4406779661016955,3.81,30.246466896084023,0.0,0.00014493575673556343
0.75,5.76,0.12,6.4406779661016955,4.0,30.246545375581263,0.0,0.00014493575673556343
0.75,5.76,0.12,6.711864406779661,0.2,-0.215066890357825,0.0,1.9446146157737902e-07
0.75,5.76,0.12,6.711864406779661,0.39,-0.21504736030284022,0.0,1.9446146157737902e-07
0.75,5.76,0.12,6.711864406779661,0.5800000000000001,-0.21502782975849044,0.0,1.9446146157737902e-07
0.75,5.76,0.12,6.711864406779661,0.77,-0.21500829979948932,0.0,1.9446146157737902e-07
0.75,5.76,0.12,6.711864406779661,0.96,-0.2149887699182429,0.0,1.9446146157737902e-07
0.75,5.76,0.12,6.711864406779661,1.15,-0.21496924125197836,0.0,1.9446146157737902e-07
0.75,5.76,0.12,6.711864406779661,1.34,-0.21494971273299512,0.0,1.9446146157737902e-07
0.75,5.76,0.12,6.711864406779661,1.53,-0.21493018403133846,0.0,1.9446146157737902e-07
0.75,5.76,0.12,6.711864406779661,1.72,-0.21491065508415375,0.0,1.9446146157737902e-07
0.75,5.76,0.12,6.711864406779661,1.91,-0.21489112583368808,0.0,1.9446146157737902e-07
0.75,5.76,0.12,6.711864406779661,2.1,-0.2148715985608618,0.0,1.9446146157737902e-07
0.75,5.76,0.12,6.711864406779661,2.29,-0.21485207302624687,0.0,1.9446146157737902e-07
0.75,5.76,0.12,6.711864406779661,2.4800000000000004,-0.2148325471906709,0.0,1.9446146157737902e-07
0.75,5.76,0.12,6.711864406779661,2.6700000000000004,-0.21481302115313028,0.0,1.9446146157737902e-07
0.75,5.76,0.12,6.711864406779661,2.8600000000000003,-0.21479349485168342,0.0,1.9446146157737902e-07
0.75,5.76,0.12,6.711864406779661,3.0500000000000003,-0.21477396831840068,0.0,1.9446146157737902e-07
0.75,5.76,0.12,6.711864406779661,3.24,-0.21475444152023115,0.0,1.9446146157737902e-07
0.75,5.76,0.12,6.711864406779661,3.43,-0.21473491444968573,0.0,1.9446146157737902e-07
0.75,5.76,0.12,6.711864406779661,3.62,-0.21471538712216187,0.0,1.9446146157737902e-07
0.75,5.76,0.12,6.711864406779661,3.81,-0.21469585959015802,0.0,1.9446146157737902e-07
0.75,5.76,0.12,6.711864406779661,4.0,-0.21467633176613887,0.0,1.9446146157737902e-07
0.75,5.76,0.16,5.627118644067797,0.2,14.050244371755156,0.0,1.0
0.75,5.76,0.16,5.627118644067797,0.39,14.051109446753273,0.0,1.0
0.75,5.76,0.16,5.627118644067797,0.5800000000000001,14.05197482628774,0.0,1.0
0.75,5.76,0.16,5.627118644067797,0.77,14.052839911789711,0.0,1.0
0.75,5.76,0.16,5.627118644067797,0.96,14.053705231426115,0.0,1.0
0.75,5.76,0.16,5.627118644067797,1.15,14.054569931262343,0.0,1.0
0.75,5.76,0.16,5.627118644067797,1.34,14.055434689048418,0.0,1.0
0.75,5.76,0.16,5.627118644067797,1.53,14.05629975133813,0.0,1.0
0.75,5.76,0.16,5.627118644067797,1.72,14.057165118222201,0.0,1.0
0.75,5.76,0.16,5.627118644067797,1.91,14.058030789757524,0.0,1.0
0.75,5.76,0.16,5.627118644067797,2.1,14.058895445243635,0.0,1.0
0.75,5.76,0.16,5.627118644067797,2.29,14.059759216405297,0.0,1.0
0.75,5.76,0.16,5.627118644067797,2.4800000000000004,14.060623291884966,0.0,1.0
0.75,5.76,0.16,5.627118644067797,2.6700000000000004,14.061487671761988,0.0,1.0
0.75,5.76,0.16,5.627118644067797,2.8600000000000003,14.062352356107077,0.0,1.0
0.75,5.76,0.16,5.627118644067797,3.0500000000000003,14.063217344992708,0.0,1.0
0.75,5.76,0.16,5.627118644067797,3.24,14.064082638486894,0.0,1.0
0.75,5.76,0.16,5.627118644067797,3.43,14.064948236666893,0.0,1.0
0.75,5.76,0.16,5.627118644067797,3.62,14.065814139605834,0.0,1.0
0.75,5.76,0.16,5.627118644067797,3.81,14.066680347374167,0.0,1.0
0.75,5.76,0.16,5.627118644067797,4.0,14.067546860044892,0.0,1.0
0.75,5.76,0.16,5.898305084745763,0.2,-13.038186183831364,0.0,0.0
0.75,5.76,0.16,5.898305084745763,0.39,-13.036718904166172,0.0,0.0
0.75,5.76,0.16,5.898305084745763,0.5800000000000001,-13.035251325943428,0.0,0.0
0.75,5.76,0.16,5.898305084745763,0.77,-13.033783990446778,0.0,0.0
0.75,5.76,0.16,5.898305084745763,0.96,-13.032316420181012,0.0,0.0
0.75,5.76,0.16,5.898305084745763,1.15,-13.030849387158916,0.0,0.0
0.75,5.76,0.16,5.898305084745763,1.34,-13.029382278677964,0.0,0.0
0.75,5.76,0.16,5.898305084745763,1.53,-13.027914871799616,0.0,0.0
0.75,5.76,0.16,5.898305084745763,1.72,-13.026447166470142,0.0,0.0
0.75,5.76,0.16,5.898305084745763,1.91,-13.024979162643547,0.0,0.0
0.75,5.76,0.16,5.898305084745763,2.1,-13.02351205437919,0.0,0.0
0.75,5.76,0.16,5.898305084745763,2.29,-13.022045722537882,0.0,0.0
0.75,5.76,0.16,5.898305084745763,2.4800000000000004,-13.020579092519803,0.0,0.0
0.75,5.76,0.16,5.898305084745763,2.6700000000000004,-13.019112164269103,0.0,0.0
0.75,5.76,0.16,5.898305084745763,2.8600000000000003,-13.017644937754476,0.0,0.0
0.75,5.76,0.16,5.898305084745763,3.0500000000000003,-13.016177412907751,0.0,0.0
0.75,5.76,0.16,5.898305084745763,3.24,-13.014709589706662,0.0,0.0
0.75,5.76,0.16,5.898305084745763,3.43,-13.013241468088154,0.0,0.0
0.75,5.76,0.16,5.898305084745763,3.62,-13.01177304801756,0.0,0.0
0.75,5.76,0.16,5.898305084745763,3.81,-13.010304329444338,0.0,0.0
0.75,5.76,0.16,5.898305084745763,4.0,-13.008835312309223,0.0,0.0
0.75,5.76,0.16,6.169491525423729,0.2,-0.7906554960706131,0.0,0.0
0.75,5.76,0.16,6.169491525423729,0.39,-0.7886349930710566,0.0,0.0
0.75,5.76,0.16,6.169491525423729,0.5800000000000001,-0.7866142976205168,0.0,0.0
0.75,5.76,0.16,6.169491525423729,0.77,-0.7845938668794759,0.0,0.0
0.75,5.76,0.16,6.169491525423729,0.96,-0.7825732975518775,0.0,0.0
0.75,5.76,0.16,6.169491525423729,1.15,-0.7805532418536956,0.0,0.0
0.75,5.76,0.16,6.169491525423729,1.34,-0.778533182105221,0.0,0.0
0.75,5.76,0.16,6.169491525423729,1.53,-0.7765129299497033,0.0,0.0
0.75,5.76,0.16,6.169491525423729,1.72,-0.7744924854291213,0.0,0.0
0.75,5.76,0.16,6.169491525423729,1.91,-0.7724718485043383,0.0,0.0
0.75,5.76,0.16,6.169491525423729,2.1,-0.7704520277439286,0.0,0.0
0.75,5.76,0.16,6.169491525423729,2.29,-0.768432922542786,0.0,0.0
0.75,5.76,0.16,6.169491525423729,2.4800000000000004,-0.7664136251116247,0.0,0.0
0.75,5.76,0.16,6.169491525423729,2.6700000000000004,-0.7643941354834709,0.0,0.0
0.75,5.76,0.16,6.169491525423729,2.8600000000000003,-0.7623744536072792,0.0,0.0
0.75,5.76,0.16,6.169491525423729,3.0500000000000003,-0.76035457945828,0.0,0.0
0.75,5.76,0.16,6.169491525423729,3.24,-0.7583345130212109,0.0,0.0
0.75,5.76,0.16,6.169491525423729,3.43,-0.7563142542729508,0.0,0.0
0.75,5.76,0.16,6.169491525423729,3.62,-0.75429380319801,0.0,0.0
0.75,5.76,0.16,6.169491525423729,3.81,-0.7522731597469061,0.0,0.0
0.75,5.76,0.16,6.169491525423729,4.0,-0.7502523239387244,0.0,0.0
0.75,5.76,0.16,6.4406779661016955,0.2,30.243964462376354,0.0,0.0
0.75,5.76,0.16,6.4406779661016955,0.39,30.244042938605986,0.0,0.0
0.75,5.76,0.16,6.4406779661016955,0.5800000000000001,30.24412141671715,0.0,0.0
0.75,5.76,0.16,6.4406779661016955,0.77,30.24419989198092,0.0,0.0
0.75,5.76,0.16,6.4406779661016955,0.96,30.244278368431985,0.0,0.0
0.75,5.76,0.16,6.4406779661016955,1.15,30.244356839473568,0.0,0.0
0.75,5.76,0.16,6.4406779661016955,1.34,30.24443531047038,0.0,0.0
0.75,5.76,0.16,6.4406779661016955,1.53,30.244513783146957,0.0,0.0
0.75,5.76,0.16,6.4406779661016955,1.72,30.24459225774099,0.0,0.0
0.75,5.76,0.16,6.4406779661016955,1.91,30.24467073420528,0.0,0.0
0.75,5.76,0.16,6.4406779661016955,2.1,30.244749201998246,0.0,0.0
0.75,5.76,0.16,6.4406779661016955,2.29,30.24482766228089,0.0,0.0
0.75,5.76,0.16,6.4406779661016955,2.4800000000000004,30.244906124360625,0.0,0.0
0.75,5.76,0.16,6.4406779661016955,2.6700000000000004,30.24498458830397,0.0,0.0
0.75,5.76,0.16,6.4406779661016955,2.8600000000000003,30.245063054100264,0.0,0.0
0.75,5.76,0.16,6.4406779661016955,3.0500000000000003,30.245141521719688,0.0,0.0
0.75,5.76,0.16,6.4406779661016955,3.24,30.24521999119211,0.0,0.0
0.75,5.76,0.16,6.4406779661016955,3.43,30.245298462536567,0.0,0.0
0.75,5.76,0.16,6.4406779661016955,3.62,30.24537693571719,0.0,0.0
0.75,5.76,0.16,6.4406779661016955,3.81,30.245455410707457,0.0,0.0
0.75,5.76,0.16,6.4406779661016955,4.0,30.245533887575135,0.0,0.0
0.75,5.76,0.16,6.711864406779661,0.2,-0.21506718434964966,0.0,4.265246129034911e-08
0.75,5.76,0.16,6.711864406779661,0.39,-0.2150476542952262,0.0,4.265246129034911e-08
0.75,5.76,0.16,6.711864406779661,0.5800000000000001,-0.2150281237514271,0.0,4.265246129034911e-08
0.75,5.76,0.16,6.711864406779661,0.77,-0.2150085937929802,0.0,4.265246129034911e-08
0.75,5.76,0.16,6.711864406779661,0.96,-0.21498906391229866,0.0,4.265246129034911e-08
0.75,5.76,0.16,6.711864406779661,1.15,-0.21496953524658835,0.0,4.265246129034911e-08
0.75,5.76,0.16,6.711864406779661,1.34,-0.2149500067281629,0.0,4.265246129034911e-08
0.75,5.76,0.16,6.711864406779661,1.53,-0.21493047802705334,0.0,4.265246129034911e-08
0.75,5.76,0.16,6.711864406779661,1.72,-0.2149109490804193,0.0,4.265246129034911e-08
0.75,5.76,0.16,6.711864406779661,1.91,-0.21489141983052207,0.0,4.265246129034911e-08
0.75,5.76,0.16,6.711864406779661,2.1,-0.21487189255825,0.0,4.265246129034911e-08
0.75,5.76,0.16,6.711864406779661,2.29,-0.21485236702419286,0.0,4.265246129034911e-08
0.75,5.76,0.16,6.711864406779661,2.4800000000000004,-0.21483284118916757,0.0,4.265246129034911e-08
0.75,5.76,0.16,6.711864406779661,2.6700000000000004,-0.21481331515218827,0.0,4.265246129034911e-08
0.75,5.76,0.16,6.711864406779661,2.8600000000000003,-0.21479378885129563,0.0,4.265246129034911e-08
0.75,5.76,0.16,6.711864406779661,3.0500000000000003,-0.21477426231857066,0.0,4.265246129034911e-08
0.75,5.76,0.16,6.711864406779661,3.24,-0.21475473552096247,0.0,4.265246129034911e-08
0.75,5.76,0.16,6.711864406779661,3.43,-0.21473520845096772,0.0,4.265246129034911e-08
0.75,5.76,0.16,6.711864406779661,3.62,-0.21471568112399453,0.0,4.265246129034911e-08
0.75,5.76,0.16,6.711864406779661,3.81,-0.2146961535925591,0.0,4.265246129034911e-08
0.75,5.76,0.16,6.711864406779661,4.0,-0.21467662576908708,0.0,4.265246129034911e-08
0.75,5.82,0.08,5.627118644067797,0.2,14.050244371755156,0.0,1.0
0.75,5.82,0.08,5.627118644067797,0.39,14.051109446753273,0.0,1.0
0.75,5.82,0.08,5.627118644067797,0.5800000000000001,14.05197482628774,0.0,1.0
0.75,5.82,0.08,5.627118644067797,0.77,14.052839911789711,0.0,1.0
0.75,5.82,0.08,5.627118644067797,0.96,14.053705231426115,0.0,1.0
0.75,5.82,0.08,5.627118644067797,1.15,14.054569931262343,0.0,1.0
0.75,5.82,0.08,5.627118644067797,1.34,14.055434689048418,0.0,1.0
0.75,5.82,0.08,5.627118644067797,1.53,14.05629975133813,0.0,1.0
0.75,5.82,0.08,5.627118644067797,1.72,14.057165118222201,0.0,1.0
0.75,5.82,0.08,5.627118644067797,1.91,14.058030789757524,0.0,1.0
0.75,5.82,0.08,5.627118644067797,2.1,14.058895445243635,0.0,1.0
0.75,5.82,0.08,5.627118644067797,2.29,14.059759216405297,0.0,1.0
0.75,5.82,0.08,5.627118644067797,2.4800000000000004,14.060623291884966,0.0,1.0
0.75,5.82,0.08,5.627118644067797,2.6700000000000004,14.061487671761988,0.0,1.0
0.75,5.82,0.08,5.627118644067797,2.8600000000000003,14.062352356107077,0.0,1.0
0.75,5.82,0.08,5.627118644067797,3.0500000000000003,14.063217344992708,0.0,1.0
0.75,5.82,0.08,5.627118644067797,3.24,14.064082638486894,0.0,1.0
0.75,5.82,0.08,5.627118644067797,3.43,14.064948236666893,0.0,1.0
0.75,5.82,0.08,5.627118644067797,3.62,14.065814139605834,0.0,1.0
0.75,5.82,0.08,5.627118644067797,3.81,14.066680347374167,0.0,1.0
0.75,5.82,0.08,5.627118644067797,4.0,14.067546860044892,0.0,1.0
0.75,5.82,0.08,5.898305084745763,0.2,-13.038186183831364,0.0,0.0
0.75,5.82,0.08,5.898305084745763,0.39,-13.036718904166172,0.0,0.0
0.75,5.82,0.08,5.898305084745763,0.5800000000000001,-13.035251325943428,0.0,0.0
0.75,5.82,0.08,5.898305084745763,0.77,-13.033783990446778,0.0,0.0
0.75,5.82,0.08,5.898305084745763,0.96,-13.032316420181012,0.0,0.0
0.75,5.82,0.08,5.898305084745763,1.15,-13.030849387158916,0.0,0.0
0.75,5.82,0.08,5.898305084745763,1.34,-13.029382278677964,0.0,0.0
0.75,5.82,0.08,5.898305084745763,1.53,-13.027914871799616,0.0,0.0
0.75,5.82,0.08,5.898305084745763,1.72,-13.026447166470142,0.0,0.0
0.75,5.82,0.08,5.898305084745763,1.91,-13.024979162643547,0.0,0.0
0.75,5.82,0.08,5.898305084745763,2.1,-13.02351205437919,0.0,0.0
0.75,5.82,0.08,5.898305084745763,2.29,-13.022045722537882,0.0,0.0
0.75,5.82,0.08,5.898305084745763,2.4800000000000004,-13.020579092519803,0.0,0.0
0.75,5.82,0.08,5.898305084745763,2.6700000000000004,-13.019112164269103,0.0,0.0
0.75,5.82,0.08,5.898305084745763,2.8600000000000003,-13.017644937754476,0.0,0.0
0.75,5.82,0.08,5.898305084745763,3.0500000000000003,-13.016177412907751,0.0,0.0
0.75,5.82,0.08,5.898305084745763,3.24,-13.014709589706662,0.0,0.0
0.75,5.82,0.08,5.898305084745763,3.43,-13.013241468088154,0.0,0.0
0.75,5.82,0.08,5.898305084745763,3.62,-13.01177304801756,0.0,0.0
0.75,5.82,0.08,5.898305084745763,3.81,-13.010304329444338,0.0,0.0
0.75,5.82,0.08,5.898305084745763,4.0,-13.008835312309223,0.0,0.0
0.75,5.82,0.08,6.169491525423729,0.2,-0.6802132715966138,0.0,0.016965179293849275
0.75,5.82,0.08,6.169491525423729,0.39,-0.6781889009664184,0.0,0.016965179293849275
0.75,5.82,0.08,6.169491525423729,0.5800000000000001,-0.6761643375970294,0.0,0.016965179293849275
0.75,5.82,0.08,6.169491525423729,0.77,-0.6741400393498935,0.0,0.016965179293849275
0.75,5.82,0.08,6.169491525423729,0.96,-0.6721156023103276,0.0,0.016965179293849275
0.75,5.82,0.08,6.169491525423729,1.15,-0.6700916796941101,0.0,0.016965179293849275
0.75,5.82,0.08,6.169491525423729,1.34,-0.6680677530280832,0.0,0.016965179293849275
0.75,5.82,0.08,6.169491525423729,1.53,-0.6660436336669449,0.0,0.016965179293849275
0.75,5.82,0.08,6.169491525423729,1.72,-0.6640193216525319,0.0,0.016965179293849275
0.75,5.82,0.08,6.169491525423729,1.91,-0.6619948169458212,0.0,0.016965179293849275
0.75,5.82,0.08,6.169491525423729,2.1,-0.6599711296610877,0.0,0.016965179293849275
0.75,5.82,0.08,6.169491525423729,2.29,-0.6579481590388667,0.0,0.016965179293849275
0.75,5.82,0.08,6.169491525423729,2.4800000000000004,-0.6559249958988289,0.0,0.016965179293849275
0.75,5.82,0.08,6.169491525423729,2.6700000000000004,-0.6539016402739151,0.0,0.016965179293849275
0.75,5.82,0.08,6.169491525423729,2.8600000000000003,-0.6518780921130798,0.0,0.016965179293849275
0.75,5.82,0.08,6.169491525423729,3.0500000000000003,-0.6498543513915536,0.0,0.016965179293849275
0.75,5.82,0.08,6.169491525423729,3.24,-0.647830418093946,0.0,0.016965179293849275
0.75,5.82,0.08,6.169491525423729,3.43,-0.6458062921972214,0.0,0.016965179293849275
0.75,5.82,0.08,6.169491525423729,3.62,-0.6437819736857335,0.0,0.016965179293849275
0.75,5.82,0.08,6.169491525423729,3.81,-0.641757462510057,0.0,0.016965179293849275
0.75,5.82,0.08,6.169491525423729,4.0,-0.6397327586892061,0.0,0.016965179293849275
0.75,5.82,0.08,6.4406779661016955,0.2,30.24498094421763,0.0,0.000145658890070617
0.75,5.82,0.08,6.4406779661016955,0.39,30.245059423090083,0.0,0.000145658890070617
0.75,5.82,0.08,6.4406779661016955,0.5800000000000001,30.24513790384404,0.0,0.000145658890070617
0.75,5.82,0.08,6.4406779661016955,0.77,30.245216381750602,0.0,0.000145658890070617
0.75,5.82,0.08,6.4406779661016955,0.96,30.24529486084446,0.0,0.000145658890070617
0.75,5.82,0.08,6.4406779661016955,1.15,30.24537333452875,0.0,0.000145658890070617
0.75,5.82,0.08,6.4406779661016955,1.34,30.24545180816827,0.0,0.000145658890070617
0.75,5.82,0.08,6.4406779661016955,1.53,30.245530283487525,0.0,0.000145658890070617
0.75,5.82,0.08,6.4406779661016955,1.72,30.245608760724295,0.0,0.000145658890070617
0.75,5.82,0.08,6.4406779661016955,1.91,30.245687239831348,0.0,0.000145658890070617
0.75,5.82,0.08,6.4406779661016955,2.1,30.24576571026691,0.0,0.000145658890070617
0.75,5.82,0.08,6.4406779661016955,2.29,30.24584417319206,0.0,0.000145658890070617
0.75,5.82,0.08,6.4406779661016955,2.4800000000000004,30.24592263791432,0.0,0.000145658890070617
0.75,5.82,0.08,6.4406779661016955,2.6700000000000004,30.246001104500216,0.0,0.000145658890070617
0.75,5.82,0.08,6.4406779661016955,2.8600000000000003,30.246079572939088,0.0,0.000145658890070617
0.75,5.82,0.08,6.4406779661016955,3.0500000000000003,30.24615804320105,0.0,0.000145658890070617
0.75,5.82,0.08,6.4406779661016955,3.24,30.24623651531609,0.0,0.000145658890070617
0.75,5.82,0.08,6.4406779661016955,3.43,30.246314989303173,0.0,0.000145658890070617
0.75,5.82,0.08,6.4406779661016955,3.62,30.24639346512639,0.0,0.000145658890070617
0.75,5.82,0.08,6.4406779661016955,3.81,30.246471942759293,0.0,0.000145658890070617
0.75,5.82,0.08,6.4406779661016955,4.0,30.246550422269664,0.0,0.000145658890070617
0.75,5.82,0.08,6.711864406779661,0.2,-0.21506689035745552,0.0,1.944616747494886e-07
0.75,5.82,0.08,6.711864406779661,0.39,-0.21504736030247074,0.0,1.944616747494886e-07
0.75,5.82,0.08,6.711864406779661,0.5800000000000001,-0.21502782975811385,0.0,1.944616747494886e-07
0.75,5.82,0.08,6.711864406779661,0.77,-0.2150082997991163,0.0,1.944616747494886e-07
0.75,5.82,0.08,6.711864406779661,0.96,-0.21498876991786986,0.0,1.944616747494886e-07
0.75,5.82,0.08,6.711864406779661,1.15,-0.21496924125160888,0.0,1.944616747494886e-07
0.75,5.82,0.08,6.711864406779661,1.34,-0.2149497127326221,0.0,1.944616747494886e-07
0.75,5.82,0.08,6.711864406779661,1.53,-0.21493018403095832,0.0,1.944616747494886e-07
0.75,5.82,0.08,6.711864406779661,1.72,-0.2149106550837736,0.0,1.944616747494886e-07
0.75,5.82,0.08,6.711864406779661,1.91,-0.2148911258333115,0.0,1.944616747494886e-07
0.75,5.82,0.08,6.711864406779661,2.1,-0.21487159856048876,0.0,1.944616747494886e-07
0.75,5.82,0.08,6.711864406779661,2.29,-0.2148520730258774,0.0,1.944616747494886e-07
0.75,5.82,0.08,6.711864406779661,2.4800000000000004,-0.21483254719030143,0.0,1.944616747494886e-07
0.75,5.82,0.08,6.711864406779661,2.6700000000000004,-0.2148130211527608,0.0,1.944616747494886e-07
0.75,5.82,0.08,6.711864406779661,2.8600000000000003,-0.21479349485131038,0.0,1.944616747494886e-07
0.75,5.82,0.08,6.711864406779661,3.0500000000000003,-0.2147739683180312,0.0,1.944616747494886e-07
0.75,5.82,0.08,6.711864406779661,3.24,-0.21475444151986167,0.0,1.944616747494886e-07
0.75,5.82,0.08,6.711864406779661,3.43,-0.2147349144493056,0.0,1.944616747494886e-07
0.75,5.82,0.08,6.711864406779661,3.62,-0.21471538712178173,0.0,1.944616747494886e-07
0.75,5.82,0.08,6.711864406779661,3.81,-0.21469585958978854,0.0,1.944616747494886e-07
0.75,5.82,0.08,6.711864406779661,4.0,-0.21467633176576584,0.0,1.944616747494886e-07
0.75,5.82,0.12,5.627118644067797,0.2,14.050244371755156,0.0,1.0
0.75,5.82,0.12,5.627118644067797,0.39,14.051109446753273,0.0,1.0
0.75,5.82,0.12,5.627118644067797,0.5800000000000001,14.05197482628774,0.0,1.0
0.75,5.82,0.12,5.627118644067797,0.77,14.052839911789711,0.0,1.0
0.75,5.82,0.12,5.627118644067797,0.96,14.053705231426115,0.0,1.0
0.75,5.82,0.12,5.627118644067797,1.15,14.054569931262343,0.0,1.0
0.75,5.82,0.12,5.627118644067797,1.34,14.055434689048418,0.0,1.0
0.75,5.82,0.12,5.627118644067797,1.53,14.05629975133813,0.0,1.0
0.75,5.82,0.12,5.627118644067797,1.72,14.057165118222201,0.0,1.0
0.75,5.82,0.12,5.627118644067797,1.91,14.058030789757524,0.0,1.0
0.75,5.82,0.12,5.627118644067797,2.1,14.058895445243635,0.0,1.0
0.75,5.82,0.12,5.627118644067797,2.29,14.059759216405297,0.0,1.0
0.75,5.82,0.12,5.627118644067797,2.4800000000000004,14.060623291884966,0.0,1.0
0.75,5.82,0.12,5.627118644067797,2.6700000000000004,14.061487671761988,0.0,1.0
0.75,5.82,0.12,5.627118644067797,2.8600000000000003,14.062352356107077,0.0,1.0
0.75,5.82,0.12,5.627118644067797,3.0500000000000003,14.063217344992708,0.0,1.0
0.75,5.82,0.12,5.627118644067797,3.24,14.064082638486894,0.0,1.0
0.75,5.82,0.12,5.627118644067797,3.43,14.064948236666893,0.0,1.0
0.75,5.82,0.12,5.627118644067797,3.62,14.065814139605834,0.0,1.0
0.75,5.82,0.12,5.627118644067797,3.81,14.066680347374167,0.0,1.0
0.75,5.82,0.12,5.627118644067797,4.0,14.067546860044892,0.0,1.0
0.75,5.82,0.12,5.898305084745763,0.2,-13.038186183831364,0.0,0.0
0.75,5.82,0.12,5.898305084745763,0.39,-13.036718904166172,0.0,0.0
0.75,5.82,0.12,5.898305084745763,0.5800000000000001,-13.035251325943428,0.0,0.0
0.75,5.82,0.12,5.898305084745763,0.77,-13.033783990446778,0.0,0.0
0.75,5.82,0.12,5.898305084745763,0.96,-13.032316420181012,0.0,0.0
0.75,5.82,0.12,5.898305084745763,1.15,-13.030849387158916,0.0,0.0
0.75,5.82,0.12,5.898305084745763,1.34,-13.029382278677964,0.0,0.0
0.75,5.82,0.12,5.898305084745763,1.53,-13.027914871799616,0.0,0.0
0.75,5.82,0.12,5.898305084745763,1.72,-13.026447166470142,0.0,0.0
0.75,5.82,0.12,5.898305084745763,1.91,-13.024979162643547,0.0,0.0
0.75,5.82,0.12,5.898305084745763,2.1,-13.02351205437919,0.0,0.0
0.75,5.82,0.12,5.898305084745763,2.29,-13.022045722537882,0.0,0.0
0.75,5.82,0.12,5.898305084745763,2.4800000000000004,-13.020579092519803,0.0,0.0
0.75,5.82,0.12,5.898305084745763,2.6700000000000004,-13.019112164269103,0.0,0.0
0.75,5.82,0.12,5.898305084745763,2.8600000000000003,-13.017644937754476,0.0,0.0
0.75,5.82,0.12,5.898305084745763,3.0500000000000003,-13.016177412907751,0.0,0.0
0.75,5.82,0.12,5.898305084745763,3.24,-13.014709589706662,0.0,0.0
0.75,5.82,0.12,5.898305084745763,3.43,-13.013241468088154,0.0,0.0
0.75,5.82,0.12,5.898305084745763,3.62,-13.01177304801756,0.0,0.0
0.75,5.82,0.12,5.898305084745763,3.81,-13.010304329444338,0.0,0.0
0.75,5.82,0.12,5.898305084745763,4.0,-13.008835312309223,0.0,0.0
0.75,5.82,0.12,6.169491525423729,0.2,-0.7906554960706131,0.0,0.0
0.75,5.82,0.12,6.169491525423729,0.39,-0.7886349930710566,0.0,0.0
0.75,5.82,0.12,6.169491525423729,0.5800000000000001,-0.7866142976205168,0.0,0.0
0.75,5.82,0.12,6.169491525423729,0.77,-0.7845938668794759,0.0,0.0
0.75,5.82,0.12,6.169491525423729,0.96,-0.7825732975518775,0.0,0.0
0.75,5.82,0.12,6.169491525423729,1.15,-0.7805532418536956,0.0,0.0
0.75,5.82,0.12,6.169491525423729,1.34,-0.778533182105221,0.0,0.0
0.75,5.82,0.12,6.169491525423729,1.53,-0.7765129299497033,0.0,0.0
0.75,5.82,0.12,6.169491525423729,1.72,-0.7744924854291213,0.0,0.0
0.75,5.82,0.12,6.169491525423729,1.91,-0.7724718485043383,0.0,0.0
0.75,5.82,0.12,6.169491525423729,2.1,-0.7704520277439286,0.0,0.0
0.75,5.82,0.12,6.169491525423729,2.29,-0.768432922542786,0.0,0.0
0.75,5.82,0.12,6.169491525423729,2.4800000000000004,-0.7664136251116247,0.0,0.0
0.75,5.82,0.12,6.169491525423729,2.6700000000000004,-0.7643941354834709,0.0,0.0
0.75,5.82,0.12,6.169491525423729,2.8600000000000003,-0.7623744536072792,0.0,0.0
0.75,5.82,0.12,6.169491525423729,3.0500000000000003,-0.76035457945828,0.0,0.0
0.75,5.82,0.12,6.169491525423729,3.24,-0.7583345130212109,0.0,0.0
0.75,5.82,0.12,6.169491525423729,3.43,-0.7563142542729508,0.0,0.0
0.75,5.82,0.12,6.169491525423729,3.62,-0.75429380319801,0.0,0.0
0.75,5.82,0.12,6.169491525423729,3.81,-0.7522731597469061,0.0,0.0
0.75,5.82,0.12,6.169491525423729,4.0,-0.7502523239387244,0.0,0.0
0.75,5.82,0.12,6.4406779661016955,0.2,30.24491170536706,0.0,0.0001357372261030173
0.75,5.82,0.12,6.4406779661016955,0.39,30.244990184059503,0.0,0.0001357372261030173
0.75,5.82,0.12,6.4406779661016955,0.5800000000000001,30.245068664633465,0.0,0.0001357372261030173
0.75,5.82,0.12,6.4406779661016955,0.77,30.245147142360004,0.0,0.0001357372261030173
0.75,5.82,0.12,6.4406779661016955,0.96,30.24522562127388,0.0,0.0001357372261030173
0.75,5.82,0.12,6.4406779661016955,1.15,30.24530409477812,0.0,0.0001357372261030173
0.75,5.82,0.12,6.4406779661016955,1.34,30.24538256823763,0.0,0.0001357372261030173
0.75,5.82,0.12,6.4406779661016955,1.53,30.245461043376892,0.0,0.0001357372261030173
0.75,5.82,0.12,6.4406779661016955,1.72,30.24553952043364,0.0,0.0001357372261030173
0.75,5.82,0.12,6.4406779661016955,1.91,30.245617999360682,0.0,0.0001357372261030173
0.75,5.82,0.12,6.4406779661016955,2.1,30.24569646961625,0.0,0.0001357372261030173
0.75,5.82,0.12,6.4406779661016955,2.29,30.245774932361392,0.0,0.0001357372261030173
0.75,5.82,0.12,6.4406779661016955,2.4800000000000004,30.24585339690367,0.0,0.0001357372261030173
0.75,5.82,0.12,6.4406779661016955,2.6700000000000004,30.24593186330953,0.0,0.0001357372261030173
0.75,5.82,0.12,6.4406779661016955,2.8600000000000003,30.24601033156842,0.0,0.0001357372261030173
0.75,5.82,0.12,6.4406779661016955,3.0500000000000003,30.246088801650373,0.0,0.0001357372261030173
0.75,5.82,0.12,6.4406779661016955,3.24,30.246167273585407,0.0,0.0001357372261030173
0.75,5.82,0.12,6.4406779661016955,3.43,30.246245747392493,0.0,0.0001357372261030173
0.75,5.82,0.12,6.4406779661016955,3.62,30.246324223035714,0.0,0.0001357372261030173
0.75,5.82,0.12,6.4406779661016955,3.81,30.24640270048861,0.0,0.0001357372261030173
0.75,5.82,0.12,6.4406779661016955,4.0,30.246481179818957,0.0,0.0001357372261030173
0.75,5.82,0.12,6.711864406779661,0.2,-0.21506689037549975,0.0,1.9445237174140714e-07
0.75,5.82,0.12,6.711864406779661,0.39,-0.21504736032051497,0.0,1.9445237174140714e-07
0.75,5.82,0.12,6.711864406779661,0.5800000000000001,-0.21502782977616164,0.0,1.9445237174140714e-07
0.75,5.82,0.12,6.711864406779661,0.77,-0.21500829981715697,0.0,1.9445237174140714e-07
0.75,5.82,0.12,6.711864406779661,0.96,-0.21498876993592475,0.0,1.9445237174140714e-07
0.75,5.82,0.12,6.711864406779661,1.15,-0.2149692412696531,0.0,1.9445237174140714e-07
0.75,5.82,0.12,6.711864406779661,1.34,-0.21494971275066277,0.0,1.9445237174140714e-07
0.75,5.82,0.12,6.711864406779661,1.53,-0.21493018404900965,0.0,1.9445237174140714e-07
0.75,5.82,0.12,6.711864406779661,1.72,-0.21491065510182494,0.0,1.9445237174140714e-07
0.75,5.82,0.12,6.711864406779661,1.91,-0.21489112585136283,0.0,1.9445237174140714e-07
0.75,5.82,0.12,6.711864406779661,2.1,-0.214871598578533,0.0,1.9445237174140714e-07
0.75,5.82,0.12,6.711864406779661,2.29,-0.21485207304391807,0.0,1.9445237174140714e-07
0.75,5.82,0.12,6.711864406779661,2.4800000000000004,-0.2148325472083421,0.0,1.9445237174140714e-07
0.75,5.82,0.12,6.711864406779661,2.6700000000000004,-0.21481302117080148,0.0,1.9445237174140714e-07
0.75,5.82,0.12,6.711864406779661,2.8600000000000003,-0.21479349486935106,0.0,1.9445237174140714e-07
0.75,5.82,0.12,6.711864406779661,3.0500000000000003,-0.21477396833608253,0.0,1.9445237174140714e-07
0.75,5.82,0.12,6.711864406779661,3.24,-0.21475444153790946,0.0,1.9445237174140714e-07
0.75,5.82,0.12,6.711864406779661,3.43,-0.21473491446735338,0.0,1.9445237174140714e-07
0.75,5.82,0.12,6.711864406779661,3.62,-0.21471538713983307,0.0,1.9445237174140714e-07
0.75,5.82,0.12,6.711864406779661,3.81,-0.21469585960783633,0.0,1.9445237174140714e-07
0.75,5.82,0.12,6.711864406779661,4.0,-0.21467633178380652,0.0,1.9445237174140714e-07
0.75,5.82,0.16,5.627118644067797,0.2,14.050244371755156,0.0,1.0
0.75,5.82,0.16,5.627118644067797,0.39,14.051109446753273,0.0,1.0
0.75,5.82,0.16,5.627118644067797,0.5800000000000001,14.05197482628774,0.0,1.0
0.75,5.82,0.16,5.627118644067797,0.77,14.052839911789711,0.0,1.0
0.75,5.82,0.16,5.627118644067797,0.96,14.053705231426115,0.0,1.0
0.75,5.82,0.16,5.627118644067797,1.15,14.054569931262343,0.0,1.0
0.75,5.82,0.16,5.627118644067797,1.34,14.055434689048418,0.0,1.0
0.75,5.82,0.16,5.627118644067797,1.53,14.05629975133813,0.0,1.0
0.75,5.82,0.16,5.627118644067797,1.72,14.057165118222201,0.0,1.0
0.75,5.82,0.16,5.627118644067797,1.91,14.058030789757524,0.0,1.0
0.75,5.82,0.16,5.627118644067797,2.1,14.058895445243635,0.0,1.0
0.75,5.82,0.16,5.627118644067797,2.29,14.059759216405297,0.0,1.0
0.75,5.82,0.16,5.627118644067797,2.4800000000000004,14.060623291884966,0.0,1.0
0.75,5.82,0.16,5.627118644067797,2.6700000000000004,14.061487671761988,0.0,1.0
0.75,5.82,0.16,5.627118644067797,2.8600000000000003,14.062352356107077,0.0,1.0
0.75,5.82,0.16,5.627118644067797,3.0500000000000003,14.063217344992708,0.0,1.0
0.75,5.82,0.16,5.627118644067797,3.24,14.064082638486894,0.0,1.0
0.75,5.82,0.16,5.627118644067797,3.43,14.064948236666893,0.0,1.0
0.75,5.82,0.16,5.627118644067797,3.62,14.065814139605834,0.0,1.0
0.75,5.82,0.16,5.627118644067797,3.81,14.066680347374167,0.0,1.0
0.75,5.82,0.16,5.627118644067797,4.0,14.067546860044892,0.0,1.0
0.75,5.82,0.16,5.898305084745763,0.2,-13.038186183831364,0.0,0.0
0.75,5.82,0.16,5.898305084745763,0.39,-13.036718904166172,0.0,0.0
0.75,5.82,0.16,5.898305084745763,0.5800000000000001,-13.035251325943428,0.0,0.0
0.75,5.82,0.16,5.898305084745763,0.77,-13.033783990446778,0.0,0.0
0.75,5.82,0.16,5.898305084745763,0.96,-13.032316420181012,0.0,0.0
0.75,5.82,0.16,5.898305084745763,1.15,-13.030849387158916,0.0,0.0
0.75,5.82,0.16,5.898305084745763,1.34,-13.029382278677964,0.0,0.0
0.75,5.82,0.16,5.898305084745763,1.53,-13.027914871799616,0.0,0.0
0.75,5.82,0.16,5.898305084745763,1.72,-13.026447166470142,0.0,0.0
0.75,5.82,0.16,5.898305084745763,1.91,-13.024979162643547,0.0,0.0
0.75,5.82,0.16,5.898305084745763,2.1,-13.02351205437919,0.0,0.0
0.75,5.82,0.16,5.898305084745763,2.29,-13.022045722537882,0.0,0.0
0.75,5.82,0.16,5.898305084745763,2.4800000000000004,-13.020579092519803,0.0,0.0
0.75,5.82,0.16,5.898305084745763,2.6700000000000004,-13.019112164269103,0.0,0.0
0.75,5.82,0.16,5.898305084745763,2.8600000000000003,-13.017644937754476,0.0,0.0
0.75,5.82,0.16,5.898305084745763,3.0500000000000003,-13.016177412907751,0.0,0.0
0.75,5.82,0.16,5.898305084745763,3.24,-13.014709589706662,0.0,0.0
0.75,5.82,0.16,5.898305084745763,3.43,-13.013241468088154,0.0,0.0
0.75,5.82,0.16,5.898305084745763,3.62,-13.01177304801756,0.0,0.0
0.75,5.82,0.16,5.898305084745763,3.81,-13.010304329444338,0.0,0.0
0.75,5.82,0.16,5.898305084745763,4.0,-13.008835312309223,0.0,0.0
0.75,5.82,0.16,6.169491525423729,0.2,-0.7906554960706131,0.0,0.0
0.75,5.82,0.16,6.169491525423729,0.39,-0.7886349930710566,0.0,0.0
0.75,5.82,0.16,6.169491525423729,0.5800000000000001,-0.7866142976205168,0.0,0.0
0.75,5.82,0.16,6.169491525423729,0.77,-0.7845938668794759,0.0,0.0
0.75,5.82,0.16,6.169491525423729,0.96,-0.7825732975518775,0.0,0.0
0.75,5.82,0.16,6.169491525423729,1.15,-0.7805532418536956,0.0,0.0
0.75,5.82,0.16,6.169491525423729,1.34,-0.778533182105221,0.0,0.0
0.75,5.82,0.16,6.169491525423729,1.53,-0.7765129299497033,0.0,0.0
0.75,5.82,0.16,6.169491525423729,1.72,-0.7744924854291213,0.0,0.0
0.75,5.82,0.16,6.169491525423729,1.91,-0.7724718485043383,0.0,0.0
0.75,5.82,0.16,6.169491525423729,2.1,-0.7704520277439286,0.0,0.0
0.75,5.82,0.16,6.169491525423729,2.29,-0.768432922542786,0.0,0.0
0.75,5.82,0.16,6.169491525423729,2.4800000000000004,-0.7664136251116247,0.0,0.0
0.75,5.82,0.16,6.169491525423729,2.6700000000000004,-0.7643941354834709,0.0,0.0
0.75,5.82,0.16,6.169491525423729,2.8600000000000003,-0.7623744536072792,0.0,0.0
0.75,5.82,0.16,6.169491525423729,3.0500000000000003,-0.76035457945828,0.0,0.0
0.75,5.82,0.16,6.169491525423729,3.24,-0.7583345130212109,0.0,0.0
0.75,5.82,0.16,6.169491525423729,3.43,-0.7563142542729508,0.0,0.0
0.75,5.82,0.16,6.169491525423729,3.62,-0.75429380319801,0.0,0.0
0.75,5.82,0.16,6.169491525423729,3.81,-0.7522731597469061,0.0,0.0
0.75,5.82,0.16,6.169491525423729,4.0,-0.7502523239387244,0.0,0.0
0.75,5.82,0.16,6.4406779661016955,0.2,30.243964462376354,0.0,0.0
0.75,5.82,0.16,6.4406779661016955,0.39,30.244042938605986,0.0,0.0
0.75,5.82,0.16,6.4406779661016955,0.5800000000000001,30.24412141671715,0.0,0.0
0.75,5.82,0.16,6.4406779661016955,0.77,30.24419989198092,0.0,0.0
0.75,5.82,0.16,6.4406779661016955,0.96,30.244278368431985,0.0,0.0
0.75,5.82,0.16,6.4406779661016955,1.15,30.244356839473568,0.0,0.0
0.75,5.82,0.16,6.4406779661016955,1.34,30.24443531047038,0.0,0.0
0.75,5.82,0.16,6.4406779661016955,1.53,30.244513783146957,0.0,0.0
0.75,5.82,0.16,6.4406779661016955,1.72,30.24459225774099,0.0,0.0
0.75,5.82,0.16,6.4406779661016955,1.91,30.24467073420528,0.0,0.0
0.75,5.82,0.16,6.4406779661016955,2.1,30.244749201998246,0.0,0.0
0.75,5.82,0.16,6.4406779661016955,2.29,30.24482766228089,0.0,0.0
0.75,5.82,0.16,6.4406779661016955,2.4800000000000004,30.244906124360625,0.0,0.0
0.75,5.82,0.16,6.4406779661016955,2.6700000000000004,30.24498458830397,0.0,0.0
0.75,5.82,0.16,6.4406779661016955,2.8600000000000003,30.245063054100264,0.0,0.0
0.75,5.82,0.16,6.4406779661016955,3.0500000000000003,30.245141521719688,0.0,0.0
0.75,5.82,0.16,6.4406779661016955,3.24,30.24521999119211,0.0,0.0
0.75,5.82,0.16,6.4406779661016955,3.43,30.245298462536567,0.0,0.0
0.75,5.82,0.16,6.4406779661016955,3.62,30.24537693571719,0.0,0.0
0.75,5.82,0.16,6.4406779661016955,3.81,30.245455410707457,0.0,0.0
0.75,5.82,0.16,6.4406779661016955,4.0,30.245533887575135,0.0,0.0
0.75,5.82,0.16,6.711864406779661,0.2,-0.21506726694990164,0.0,0.0
0.75,5.82,0.16,6.711864406779661,0.39,-0.2150477368956345,0.0,0.0
0.75,5.82,0.16,6.711864406779661,0.5800000000000001,-0.21502820635199527,0.0,0.0
0.75,5.82,0.16,6.711864406779661,0.77,-0.21500867639369758,0.0,0.0
0.75,5.82,0.16,6.711864406779661,0.96,-0.21498914651317236,0.0,0.0
0.75,5.82,0.16,6.711864406779661,1.15,-0.21496961784761837,0.0,0.0
0.75,5.82,0.16,6.711864406779661,1.34,-0.21495008932934923,0.0,0.0
0.75,5.82,0.16,6.711864406779661,1.53,-0.2149305606284031,0.0,0.0
0.75,5.82,0.16,6.711864406779661,1.72,-0.21491103168192893,0.0,0.0
0.75,5.82,0.16,6.711864406779661,1.91,-0.2148915024321738,0.0,0.0
0.75,5.82,0.16,6.711864406779661,2.1,-0.21487197516006162,0.0,0.0
0.75,5.82,0.16,6.711864406779661,2.29,-0.21485244962616434,0.0,0.0
0.75,5.82,0.16,6.711864406779661,2.4800000000000004,-0.21483292379129537,0.0,0.0
0.75,5.82,0.16,6.711864406779661,2.6700000000000004,-0.21481339775447594,0.0,0.0
0.75,5.82,0.16,6.711864406779661,2.8600000000000003,-0.21479387145373963,0.0,0.0
0.75,5.82,0.16,6.711864406779661,3.0500000000000003,-0.21477434492117453,0.0,0.0
0.75,5.82,0.16,6.711864406779661,3.24,-0.214754818123712,0.0,0.0
0.75,5.82,0.16,6.711864406779661,3.43,-0.21473529105387712,0.0,0.0
0.75,5.82,0.16,6.711864406779661,3.62,-0.21471576372706025,0.0,0.0
0.75,5.82,0.16,6.711864406779661,3.81,-0.2146962361957776,0.0,0.0
0.75,5.82,0.16,6.711864406779661,4.0,-0.21467670837245834,0.0,0.0
1.0,5.7,0.08,5.627118644067797,0.2,14.050244371755156,0.0,1.0
1.0,5.7,0.08,5.627118644067797,0.39,14.051109446753273,0.0,1.0
1.0,5.7,0.08,5.627118644067797,0.5800000000000001,14.05197482628774,0.0,1.0
1.0,5.7,0.08,5.627118644067797,0.77,14.052839911789711,0.0,1.0
1.0,5.7,0.08,5.627118644067797,0.96,14.053705231426115,0.0,1.0
1.0,5.7,0.08,5.627118644067797,1.15,14.054569931262343,0.0,1.0
1.0,5.7,0.08,5.627118644067797,1.34,14.055434689048418,0.0,1.0
1.0,5.7,0.08,5.627118644067797,1.53,14.05629975133813,0.0,1.0
1.0,5.7,0.08,5.627118644067797,1.72,14.057165118222201,0.0,1.0
1.0,5.7,0.08,5.627118644067797,1.91,14.058030789757524,0.0,1.0
1.0,5.7,0.08,5.627118644067797,2.1,14.058895445243635,0.0,1.0
1.0,5.7,0.08,5.627118644067797,2.29,14.059759216405297,0.0,1.0
1.0,5.7,0.08,5.627118644067797,2.4800000000000004,14.060623291884966,0.0,1.0
1.0,5.7,0.08,5.627118644067797,2.6700000000000004,14.061487671761988,0.0,1.0
1.0,5.7,0.08,5.627118644067797,2.8600000000000003,14.062352356107077,0.0,1.0
1.0,5.7,0.08,5.627118644067797,3.0500000000000003,14.063217344992708,0.0,1.0
1.0,5.7,0.08,5.627118644067797,3.24,14.064082638486894,0.0,1.0
1.0,5.7,0.08,5.627118644067797,3.43,14.064948236666893,0.0,1.0
1.0,5.7,0.08,5.627118644067797,3.62,14.065814139605834,0.0,1.0
1.0,5.7,0.08,5.627118644067797,3.81,14.066680347374167,0.0,1.0
1.0,5.7,0.08,5.627118644067797,4.0,14.067546860044892,0.0,1.0
1.0,5.7,0.08,5.898305084745763,0.2,-12.517716392441358,0.0,0.1395045539643131
1.0,5.7,0.08,5.898305084745763,0.39,-12.516224650329207,0.0,0.1395045539643131
1.0,5.7,0.08,5.898305084745763,0.5800000000000001,-12.514732607237399,0.0,0.1395045539643131
1.0,5.7,0.08,5.898305084745763,0.77,-12.51324080912407,0.0,0.1395045539643131
1.0,5.7,0.08,5.898305084745763,0.96,-12.511748774369359,0.0,0.1395045539643131
1.0,5.7,0.08,5.898305084745763,1.15,-12.510257281655718,0.0,0.1395045539643131
1.0,5.7,0.08,5.898305084745763,1.34,-12.508765712987163,0.0,0.1395045539643131
1.0,5.7,0.08,5.898305084745763,1.53,-12.507273843499718,0.0,0.1395045539643131
1.0,5.7,0.08,5.898305084745763,1.72,-12.505781673139225,0.0,0.1395045539643131
1.0,5.7,0.08,5.898305084745763,1.91,-12.504289201859336,0.0,0.1395045539643131
1.0,5.7,0.08,5.898305084745763,2.1,-12.502797634033662,0.0,0.1395045539643131
1.0,5.7,0.08,5.898305084745763,2.29,-12.501306849494291,0.0,0.1395045539643131
1.0,5.7,0.08,5.898305084745763,2.4800000000000004,-12.499815764358544,0.0,0.1395045539643131
1.0,5.7,0.08,5.898305084745763,2.6700000000000004,-12.498324378570231,0.0,0.1395045539643131
1.0,5.7,0.08,5.898305084745763,2.8600000000000003,-12.496832692097605,0.0,0.1395045539643131
1.0,5.7,0.08,5.898305084745763,3.0500000000000003,-12.495340704872163,0.0,0.1395045539643131
1.0,5.7,0.08,5.898305084745763,3.24,-12.493848416871174,0.0,0.1395045539643131
1.0,5.7,0.08,5.898305084745763,3.43,-12.492355828031371,0.0,0.1395045539643131
1.0,5.7,0.08,5.898305084745763,3.62,-12.490862938317534,0.0,0.1395045539643131
1.0,5.7,0.08,5.898305084745763,3.81,-12.489369747678772,0.0,0.1395045539643131
1.0,5.7,0.08,5.898305084745763,4.0,-12.487876256055507,0.0,0.1395045539643131
1.0,5.7,0.08,6.169491525423729,0.2,-0.6776906882748506,0.0,0.017352373417212387
1.0,5.7,0.08,6.169491525423729,0.39,-0.6756662293051079,0.0,0.017352373417212387
1.0,5.7,0.08,6.169491525423729,0.5800000000000001,-0.6736415775895495,0.0,0.017352373417212387
1.0,5.7,0.08,6.169491525423729,0.77,-0.6716171910056516,0.0,0.017352373417212387
1.0,5.7,0.08,6.169491525423729,0.96,-0.6695926656246343,0.0,0.017352373417212387
1.0,5.7,0.08,6.169491525423729,1.15,-0.6675686546851125,0.0,0.017352373417212387
1.0,5.7,0.08,6.169491525423729,1.34,-0.6655446396957814,0.0,0.017352373417212387
1.0,5.7,0.08,6.169491525423729,1.53,-0.6635204320047592,0.0,0.017352373417212387
1.0,5.7,0.08,6.169491525423729,1.72,-0.6614960316538969,0.0,0.017352373417212387
1.0,5.7,0.08,6.169491525423729,1.91,-0.6594714386041431,0.0,0.017352373417212387
1.0,5.7,0.08,6.169491525423729,2.1,-0.6574476630050725,0.0,0.017352373417212387
1.0,5.7,0.08,6.169491525423729,2.29,-0.6554246040937386,0.0,0.017352373417212387
1.0,5.7,0.08,6.169491525423729,2.4800000000000004,-0.6534013526580225,0.0,0.017352373417212387
1.0,5.7,0.08,6.169491525423729,2.6700000000000004,-0.6513779087308222,0.0,0.017352373417212387
1.0,5.7,0.08,6.169491525423729,2.8600000000000003,-0.6493542722611494,0.0,0.017352373417212387
1.0,5.7,0.08,6.169491525423729,3.0500000000000003,-0.6473304432241918,0.0,0.017352373417212387
1.0,5.7,0.08,6.169491525423729,3.24,-0.6453064216046158,0.0,0.017352373417212387
1.0,5.7,0.08,6.169491525423729,3.43,-0.6432822073793005,0.0,0.017352373417212387
1.0,5.7,0.08,6.169491525423729,3.62,-0.641257800532685,0.0,0.017352373417212387
1.0,5.7,0.08,6.169491525423729,3.81,-0.6392332010152444,0.0,0.017352373417212387
1.0,5.7,0.08,6.169491525423729,4.0,-0.6372084088460923,0.0,0.017352373417212387
1.0,5.7,0.08,6.4406779661016955,0.2,30.244980944223272,0.0,0.0001456588908853917
1.0,5.7,0.08,6.4406779661016955,0.39,30.245059423095768,0.0,0.0001456588908853917
1.0,5.7,0.08,6.4406779661016955,0.5800000000000001,30.245137903849724,0.0,0.0001456588908853917
1.0,5.7,0.08,6.4406779661016955,0.77,30.245216381756286,0.0,0.0001456588908853917
1.0,5.7,0.08,6.4406779661016955,0.96,30.24529486085016,0.0,0.0001456588908853917
1.0,5.7,0.08,6.4406779661016955,1.15,30.245373334534406,0.0,0.0001456588908853917
1.0,5.7,0.08,6.4406779661016955,1.34,30.245451808173954,0.0,0.0001456588908853917
1.0,5.7,0.08,6.4406779661016955,1.53,30.24553028349321,0.0,0.0001456588908853917
1.0,5.7,0.08,6.4406779661016955,1.72,30.245608760729965,0.0,0.0001456588908853917
1.0,5.7,0.08,6.4406779661016955,1.91,30.245687239837004,0.0,0.0001456588908853917
1.0,5.7,0.08,6.4406779661016955,2.1,30.245765710272565,0.0,0.0001456588908853917
1.0,5.7,0.08,6.4406779661016955,2.29,30.24584417319776,0.0,0.0001456588908853917
1.0,5.7,0.08,6.4406779661016955,2.4800000000000004,30.245922637920017,0.0,0.0001456588908853917
1.0,5.7,0.08,6.4406779661016955,2.6700000000000004,30.246001104505872,0.0,0.0001456588908853917
1.0,5.7,0.08,6.4406779661016955,2.8600000000000003,30.246079572944744,0.0,0.0001456588908853917
1.0,5.7,0.08,6.4406779661016955,3.0500000000000003,30.246158043206734,0.0,0.0001456588908853917
1.0,5.7,0.08,6.4406779661016955,3.24,30.246236515321748,0.0,0.0001456588908853917
1.0,5.7,0.08,6.4406779661016955,3.43,30.246314989308843,0.0,0.0001456588908853917
1.0,5.7,0.08,6.4406779661016955,3.62,30.246393465132073,0.0,0.0001456588908853917
1.0,5.7,0.08,6.4406779661016955,3.81,30.246471942764977,0.0,0.0001456588908853917
1.0,5.7,0.08,6.4406779661016955,4.0,30.24655042227532,0.0,0.0001456588908853917
1.0,5.7,0.08,6.711864406779661,0.2,-0.21506689035745552,0.0,1.944616747494886e-07
1.0,5.7,0.08,6.711864406779661,0.39,-0.21504736030247074,0.0,1.944616747494886e-07
1.0,5.7,0.08,6.711864406779661,0.5800000000000001,-0.21502782975811385,0.0,1.944616747494886e-07
1.0,5.7,0.08,6.711864406779661,0.77,-0.2150082997991163,0.0,1.944616747494886e-07
1.0,5.7,0.08,6.711864406779661,0.96,-0.21498876991786986,0.0,1.944616747494886e-07
1.0,5.7,0.08,6.711864406779661,1.15,-0.21496924125160888,0.0,1.944616747494886e-07
1.0,5.7,0.08,6.711864406779661,1.34,-0.2149497127326221,0.0,1.944616747494886e-07
1.0,5.7,0.08,6.711864406779661,1.53,-0.21493018403095832,0.0,1.944616747494886e-07
1.0,5.7,0.08,6.711864406779661,1.72,-0.2149106550837736,0.0,1.944616747494886e-07
1.0,5.7,0.08,6.711864406779661,1.91,-0.2148911258333115,0.0,1.944616747494886e-07
1.0,5.7,0.08,6.711864406779661,2.1,-0.21487159856048876,0.0,1.944616747494886e-07
1.0,5.7,0.08,6.711864406779661,2.29,-0.2148520730258774,0.0,1.944616747494886e-07
1.0,5.7,0.08,6.711864406779661,2.4800000000000004,-0.21483254719030143,0.0,1.944616747494886e-07
1.0,5.7,0.08,6.711864406779661,2.6700000000000004,-0.2148130211527608,0.0,1.944616747494886e-07
1.0,5.7,0.08,6.711864406779661,2.8600000000000003,-0.21479349485131038,0.0,1.944616747494886e-07
1.0,5.7,0.08,6.711864406779661,3.0500000000000003,-0.2147739683180312,0.0,1.944616747494886e-07
1.0,5.7,0.08,6.711864406779661,3.24,-0.21475444151986167,0.0,1.944616747494886e-07
1.0,5.7,0.08,6.711864406779661,3.43,-0.2147349144493056,0.0,1.944616747494886e-07
1.0,5.7,0.08,6.711864406779661,3.62,-0.21471538712178173,0.0,1.944616747494886e-07
1.0,5.7,0.08,6.711864406779661,3.81,-0.21469585958978854,0.0,1.944616747494886e-07
1.0,5.7,0.08,6.711864406779661,4.0,-0.21467633176576584,0.0,1.944616747494886e-07
1.0,5.7,0.12,5.627118644067797,0.2,14.050244371755156,0.0,1.0
1.0,5.7,0.12,5.627118644067797,0.39,14.051109446753273,0.0,1.0
1.0,5.7,0.12,5.627118644067797,0.5800000000000001,14.05197482628774,0.0,1.0
1.0,5.7,0.12,5.627118644067797,0.77,14.052839911789711,0.0,1.0
1.0,5.7,0.12,5.627118644067797,0.96,14.053705231426115,0.0,1.0
1.0,5.7,0.12,5.627118644067797,1.15,14.054569931262343,0.0,1.0
1.0,5.7,0.12,5.627118644067797,1.34,14.055434689048418,0.0,1.0
1.0,5.7,0.12,5.627118644067797,1.53,14.05629975133813,0.0,1.0
1.0,5.7,0.12,5.627118644067797,1.72,14.057165118222201,0.0,1.0
1.0,5.7,0.12,5.627118644067797,1.91,14.058030789757524,0.0,1.0
1.0,5.7,0.12,5.627118644067797,2.1,14.058895445243635,0.0,1.0
1.0,5.7,0.12,5.627118644067797,2.29,14.059759216405297,0.0,1.0
1.0,5.7,0.12,5.627118644067797,2.4800000000000004,14.060623291884966,0.0,1.0
1.0,5.7,0.12,5.627118644067797,2.6700000000000004,14.061487671761988,0.0,1.0
1.0,5.7,0.12,5.627118644067797,2.8600000000000003,14.062352356107077,0.0,1.0
1.0,5.7,0.12,5.627118644067797,3.0500000000000003,14.063217344992708,0.0,1.0
1.0,5.7,0.12,5.627118644067797,3.24,14.064082638486894,0.0,1.0
1.0,5.7,0.12,5.627118644067797,3.43,14.064948236666893,0.0,1.0
1.0,5.7,0.12,5.627118644067797,3.62,14.065814139605834,0.0,1.0
1.0,5.7,0.12,5.627118644067797,3.81,14.066680347374167,0.0,1.0
1.0,5.7,0.12,5.627118644067797,4.0,14.067546860044892,0.0,1.0
1.0,5.7,0.12,5.898305084745763,0.2,-13.038186183831364,0.0,0.0
1.0,5.7,0.12,5.898305084745763,0.39,-13.036718904166172,0.0,0.0
1.0,5.7,0.12,5.898305084745763,0.5800000000000001,-13.035251325943428,0.0,0.0
1.0,5.7,0.12,5.898305084745763,0.77,-13.033783990446778,0.0,0.0
1.0,5.7,0.12,5.898305084745763,0.96,-13.032316420181012,0.0,0.0
1.0,5.7,0.12,5.898305084745763,1.15,-13.030849387158916,0.0,0.0
1.0,5.7,0.12,5.898305084745763,1.34,-13.029382278677964,0.0,0.0
1.0,5.7,0.12,5.898305084745763,1.53,-13.027914871799616,0.0,0.0
1.0,5.7,0.12,5.898305084745763,1.72,-13.026447166470142,0.0,0.0
1.0,5.7,0.12,5.898305084745763,1.91,-13.024979162643547,0.0,0.0
1.0,5.7,0.12,5.898305084745763,2.1,-13.02351205437919,0.0,0.0
1.0,5.7,0.12,5.898305084745763,2.29,-13.022045722537882,0.0,0.0
1.0,5.7,0.12,5.898305084745763,2.4800000000000004,-13.020579092519803,0.0,0.0
1.0,5.7,0.12,5.898305084745763,2.6700000000000004,-13.019112164269103,0.0,0.0
1.0,5.7,0.12,5.898305084745763,2.8600000000000003,-13.017644937754476,0.0,0.0
1.0,5.7,0.12,5.898305084745763,3.0500000000000003,-13.016177412907751,0.0,0.0
1.0,5.7,0.12,5.898305084745763,3.24,-13.014709589706662,0.0,0.0
1.0,5.7,0.12,5.898305084745763,3.43,-13.013241468088154,0.0,0.0
1.0,5.7,0.12,5.898305084745763,3.62,-13.01177304801756,0.0,0.0
1.0,5.7,0.12,5.898305084745763,3.81,-13.010304329444338,0.0,0.0
1.0,5.7,0.12,5.898305084745763,4.0,-13.008835312309223,0.0,0.0
1.0,5.7,0.12,6.169491525423729,0.2,-0.6976211430403367,0.0,0.014292856754802248
1.0,5.7,0.12,6.169491525423729,0.39,-0.695597382024971,0.0,0.014292856754802248
1.0,5.7,0.12,6.169491525423729,0.5800000000000001,-0.6935734283158439,0.0,0.014292856754802248
1.0,5.7,0.12,6.169491525423729,0.77,-0.6915497396638983,0.0,0.014292856754802248
1.0,5.7,0.12,6.169491525423729,0.96,-0.6895259122519661,0.0,0.014292856754802248
1.0,5.7,0.12,6.169491525423729,1.15,-0.6875025991382557,0.0,0.014292856754802248
1.0,5.7,0.12,6.169491525423729,1.34,-0.6854792819746649,0.0,0.014292856754802248
1.0,5.7,0.12,6.169491525423729,1.53,-0.6834557721613521,0.0,0.014292856754802248
1.0,5.7,0.12,6.169491525423729,1.72,-0.6814320697401968,0.0,0.014292856754802248
1.0,5.7,0.12,6.169491525423729,1.91,-0.6794081746721616,0.0,0.014292856754802248
1.0,5.7,0.12,6.169491525423729,2.1,-0.6773850968278481,0.0,0.014292856754802248
1.0,5.7,0.12,6.169491525423729,2.29,-0.6753627354721914,0.0,0.014292856754802248
1.0,5.7,0.12,6.169491525423729,2.4800000000000004,-0.6733401816440647,0.0,0.014292856754802248
1.0,5.7,0.12,6.169491525423729,2.6700000000000004,-0.6713174353764231,0.0,0.014292856754802248
1.0,5.7,0.12,6.169491525423729,2.8600000000000003,-0.6692944966182637,0.0,0.014292856754802248
1.0,5.7,0.12,6.169491525423729,3.0500000000000003,-0.6672713653447886,0.0,0.014292856754802248
1.0,5.7,0.12,6.169491525423729,3.24,-0.6652480415406217,0.0,0.014292856754802248
1.0,5.7,0.12,6.169491525423729,3.43,-0.6632245251826987,0.0,0.014292856754802248
1.0,5.7,0.12,6.169491525423729,3.62,-0.661200816255473,0.0,0.014292856754802248
1.0,5.7,0.12,6.169491525423729,3.81,-0.6591769147093913,0.0,0.014292856754802248
1.0,5.7,0.12,6.169491525423729,4.0,-0.6571528205635957,0.0,0.014292856754802248
1.0,5.7,0.12,6.4406779661016955,0.2,30.244980565260832,0.0,0.00014560458702826486
1.0,5.7,0.12,6.4406779661016955,0.39,30.24505904413232,0.0,0.00014560458702826486
1.0,5.7,0.12,6.4406779661016955,0.5800000000000001,30.24513752488531,0.0,0.00014560458702826486
1.0,5.7,0.12,6.4406779661016955,0.77,30.245216002790876,0.0,0.00014560458702826486
1.0,5.7,0.12,6.4406779661016955,0.96,30.245294481883754,0.0,0.00014560458702826486
1.0,5.7,0.12,6.4406779661016955,1.15,30.245372955567063,0.0,0.00014560458702826486
1.0,5.7,0.12,6.4406779661016955,1.34,30.245451429205602,0.0,0.00014560458702826486
1.0,5.7,0.12,6.4406779661016955,1.53,30.245529904523877,0.0,0.00014560458702826486
1.0,5.7,0.12,6.4406779661016955,1.72,30.245608381759638,0.0,0.00014560458702826486
1.0,5.7,0.12,6.4406779661016955,1.91,30.245686860865696,0.0,0.00014560458702826486
1.0,5.7,0.12,6.4406779661016955,2.1,30.245765331300305,0.0,0.00014560458702826486
1.0,5.7,0.12,6.4406779661016955,2.29,30.24584379422449,0.0,0.00014560458702826486
1.0,5.7,0.12,6.4406779661016955,2.4800000000000004,30.245922258945754,0.0,0.00014560458702826486
1.0,5.7,0.12,6.4406779661016955,2.6700000000000004,30.246000725530642,0.0,0.00014560458702826486
1.0,5.7,0.12,6.4406779661016955,2.8600000000000003,30.246079193968534,0.0,0.00014560458702826486
1.0,5.7,0.12,6.4406779661016955,3.0500000000000003,30.24615766422953,0.0,0.00014560458702826486
1.0,5.7,0.12,6.4406779661016955,3.24,30.246236136343548,0.0,0.00014560458702826486
1.0,5.7,0.12,6.4406779661016955,3.43,30.246314610329662,0.0,0.00014560458702826486
1.0,5.7,0.12,6.4406779661016955,3.62,30.246393086151897,0.0,0.00014560458702826486
1.0,5.7,0.12,6.4406779661016955,3.81,30.246471563783793,0.0,0.00014560458702826486
1.0,5.7,0.12,6.4406779661016955,4.0,30.246550043293198,0.0,0.00014560458702826486
1.0,5.7,0.12,6.711864406779661,0.2,-0.21506689035745552,0.0,1.9446166969737088e-07
1.0,5.7,0.12,6.711864406779661,0.39,-0.21504736030247074,0.0,1.9446166969737088e-07
1.0,5.7,0.12,6.711864406779661,0.5800000000000001,-0.21502782975811385,0.0,1.9446166969737088e-07
1.0,5.7,0.12,6.711864406779661,0.77,-0.2150082997991163,0.0,1.9446166969737088e-07
1.0,5.7,0.12,6.711864406779661,0.96,-0.21498876991786986,0.0,1.9446166969737088e-07
1.0,5.7,0.12,6.711864406779661,1.15,-0.21496924125160888,0.0,1.9446166969737088e-07
1.0,5.7,0.12,6.711864406779661,1.34,-0.2149497127326221,0.0,1.9446166969737088e-07
1.0,5.7,0.12,6.711864406779661,1.53,-0.21493018403095832,0.0,1.9446166969737088e-07
1.0,5.7,0.12,6.711864406779661,1.72,-0.2149106550837736,0.0,1.9446166969737088e-07
1.0,5.7,0.12,6.711864406779661,1.91,-0.2148911258333115,0.0,1.9446166969737088e-07
1.0,5.7,0.12,6.711864406779661,2.1,-0.21487159856048876,0.0,1.9446166969737088e-07
1.0,5.7,0.12,6.711864406779661,2.29,-0.2148520730258774,0.0,1.9446166969737088e-07
1.0,5.7,0.12,6.711864406779661,2.4800000000000004,-0.21483254719030143,0.0,1.9446166969737088e-07
1.0,5.7,0.12,6.711864406779661,2.6700000000000004,-0.2148130211527608,0.0,1.9446166969737088e-07
1.0,5.7,0.12,6.711864406779661,2.8600000000000003,-0.21479349485131038,0.0,1.9446166969737088e-07
1.0,5.7,0.12,6.711864406779661,3.0500000000000003,-0.2147739683180312,0.0,1.9446166969737088e-07
1.0,5.7,0.12,6.711864406779661,3.24,-0.21475444151986167,0.0,1.9446166969737088e-07
1.0,5.7,0.12,6.711864406779661,3.43,-0.2147349144493056,0.0,1.9446166969737088e-07
1.0,5.7,0.12,6.711864406779661,3.62,-0.21471538712178173,0.0,1.9446166969737088e-07
1.0,5.7,0.12,6.711864406779661,3.81,-0.21469585958978854,0.0,1.9446166969737088e-07
1.0,5.7,0.12,6.711864406779661,4.0,-0.21467633176576584,0.0,1.9446166969737088e-07
1.0,5.7,0.16,5.627118644067797,0.2,14.050244371755156,0.0,1.0
1.0,5.7,0.16,5.627118644067797,0.39,14.051109446753273,0.0,1.0
1.0,5.7,0.16,5.627118644067797,0.5800000000000001,14.05197482628774,0.0,1.0
1.0,5.7,0.16,5.627118644067797,0.77,14.052839911789711,0.0,1.0
1.0,5.7,0.16,5.627118644067797,0.96,14.053705231426115,0.0,1.0
1.0,5.7,0.16,5.627118644067797,1.15,14.054569931262343,0.0,1.0
1.0,5.7,0.16,5.627118644067797,1.34,14.055434689048418,0.0,1.0
1.0,5.7,0.16,5.627118644067797,1.53,14.05629975133813,0.0,1.0
1.0,5.7,0.16,5.627118644067797,1.72,14.057165118222201,0.0,1.0
1.0,5.7,0.16,5.627118644067797,1.91,14.058030789757524,0.0,1.0
1.0,5.7,0.16,5.627118644067797,2.1,14.058895445243635,0.0,1.0
1.0,5.7,0.16,5.627118644067797,2.29,14.059759216405297,0.0,1.0
1.0,5.7,0.16,5.627118644067797,2.4800000000000004,14.060623291884966,0.0,1.0
1.0,5.7,0.16,5.627118644067797,2.6700000000000004,14.061487671761988,0.0,1.0
1.0,5.7,0.16,5.627118644067797,2.8600000000000003,14.062352356107077,0.0,1.0
1.0,5.7,0.16,5.627118644067797,3.0500000000000003,14.063217344992708,0.0,1.0
1.0,5.7,0.16,5.627118644067797,3.24,14.064082638486894,0.0,1.0
1.0,5.7,0.16,5.627118644067797,3.43,14.064948236666893,0.0,1.0
1.0,5.7,0.16,5.627118644067797,3.62,14.065814139605834,0.0,1.0
1.0,5.7,0.16,5.627118644067797,3.81,14.066680347374167,0.0,1.0
1.0,5.7,0.16,5.627118644067797,4.0,14.067546860044892,0.0,1.0
1.0,5.7,0.16,5.898305084745763,0.2,-13.038186183831364,0.0,0.0
1.0,5.7,0.16,5.898305084745763,0.39,-13.036718904166172,0.0,0.0
1.0,5.7,0.16,5.898305084745763,0.5800000000000001,-13.035251325943428,0.0,0.0
1.0,5.7,0.16,5.898305084745763,0.77,-13.033783990446778,0.0,0.0
1.0,5.7,0.16,5.898305084745763,0.96,-13.032316420181012,0.0,0.0
1.0,5.7,0.16,5.898305084745763,1.15,-13.030849387158916,0.0,0.0
1.0,5.7,0.16,5.898305084745763,1.34,-13.029382278677964,0.0,0.0
1.0,5.7,0.16,5.898305084745763,1.53,-13.027914871799616,0.0,0.0
1.0,5.7,0.16,5.898305084745763,1.72,-13.026447166470142,0.0,0.0
1.0,5.7,0.16,5.898305084745763,1.91,-13.024979162643547,0.0,0.0
1.0,5.7,0.16,5.898305084745763,2.1,-13.02351205437919,0.0,0.0
1.0,5.7,0.16,5.898305084745763,2.29,-13.022045722537882,0.0,0.0
1.0,5.7,0.16,5.898305084745763,2.4800000000000004,-13.020579092519803,0.0,0.0
1.0,5.7,0.16,5.898305084745763,2.6700000000000004,-13.019112164269103,0.0,0.0
1.0,5.7,0.16,5.898305084745763,2.8600000000000003,-13.017644937754476,0.0,0.0
1.0,5.7,0.16,5.898305084745763,3.0500000000000003,-13.016177412907751,0.0,0.0
1.0,5.7,0.16,5.898305084745763,3.24,-13.014709589706662,0.0,0.0
1.0,5.7,0.16,5.898305084745763,3.43,-13.013241468088154,0.0,0.0
1.0,5.7,0.16,5.898305084745763,3.62,-13.01177304801756,0.0,0.0
1.0,5.7,0.16,5.898305084745763,3.81,-13.010304329444338,0.0,0.0
1.0,5.7,0.16,5.898305084745763,4.0,-13.008835312309223,0.0,0.0
1.0,5.7,0.16,6.169491525423729,0.2,-0.7906554960706131,0.0,0.0
1.0,5.7,0.16,6.169491525423729,0.39,-0.7886349930710566,0.0,0.0
1.0,5.7,0.16,6.169491525423729,0.5800000000000001,-0.7866142976205168,0.0,0.0
1.0,5.7,0.16,6.169491525423729,0.77,-0.7845938668794759,0.0,0.0
1.0,5.7,0.16,6.169491525423729,0.96,-0.7825732975518775,0.0,0.0
1.0,5.7,0.16,6.169491525423729,1.15,-0.7805532418536956,0.0,0.0
1.0,5.7,0.16,6.169491525423729,1.34,-0.778533182105221,0.0,0.0
1.0,5.7,0.16,6.169491525423729,1.53,-0.7765129299497033,0.0,0.0
1.0,5.7,0.16,6.169491525423729,1.72,-0.7744924854291213,0.0,0.0
1.0,5.7,0.16,6.169491525423729,1.91,-0.7724718485043383,0.0,0.0
1.0,5.7,0.16,6.169491525423729,2.1,-0.7704520277439286,0.0,0.0
1.0,5.7,0.16,6.169491525423729,2.29,-0.768432922542786,0.0,0.0
1.0,5.7,0.16,6.169491525423729,2.4800000000000004,-0.7664136251116247,0.0,0.0
1.0,5.7,0.16,6.169491525423729,2.6700000000000004,-0.7643941354834709,0.0,0.0
1.0,5.7,0.16,6.169491525423729,2.8600000000000003,-0.7623744536072792,0.0,0.0
1.0,5.7,0.16,6.169491525423729,3.0500000000000003,-0.76035457945828,0.0,0.0
1.0,5.7,0.16,6.169491525423729,3.24,-0.7583345130212109,0.0,0.0
1.0,5.7,0.16,6.169491525423729,3.43,-0.7563142542729508,0.0,0.0
1.0,5.7,0.16,6.169491525423729,3.62,-0.75429380319801,0.0,0.0
1.0,5.7,0.16,6.169491525423729,3.81,-0.7522731597469061,0.0,0.0
1.0,5.7,0.16,6.169491525423729,4.0,-0.7502523239387244,0.0,0.0
1.0,5.7,0.16,6.4406779661016955,0.2,30.243964462376354,0.0,0.0
1.0,5.7,0.16,6.4406779661016955,0.39,30.244042938605986,0.0,0.0
1.0,5.7,0.16,6.4406779661016955,0.5800000000000001,30.24412141671715,0.0,0.0
1.0,5.7,0.16,6.4406779661016955,0.77,30.24419989198092,0.0,0.0
1.0,5.7,0.16,6.4406779661016955,0.96,30.244278368431985,0.0,0.0
1.0,5.7,0.16,6.4406779661016955,1.15,30.244356839473568,0.0,0.0
1.0,5.7,0.16,6.4406779661016955,1.34,30.24443531047038,0.0,0.0
1.0,5.7,0.16,6.4406779661016955,1.53,30.244513783146957,0.0,0.0
1.0,5.7,0.16,6.4406779661016955,1.72,30.24459225774099,0.0,0.0
1.0,5.7,0.16,6.4406779661016955,1.91,30.24467073420528,0.0,0.0
1.0,5.7,0.16,6.4406779661016955,2.1,30.244749201998246,0.0,0.0
1.0,5.7,0.16,6.4406779661016955,2.29,30.24482766228089,0.0,0.0
1.0,5.7,0.16,6.4406779661016955,2.4800000000000004,30.244906124360625,0.0,0.0
1.0,5.7,0.16,6.4406779661016955,2.6700000000000004,30.24498458830397,0.0,0.0
1.0,5.7,0.16,6.4406779661016955,2.8600000000000003,30.245063054100264,0.0,0.0
1.0,5.7,0.16,6.4406779661016955,3.0500000000000003,30.245141521719688,0.0,0.0
1.0,5.7,0.16,6.4406779661016955,3.24,30.24521999119211,0.0,0.0
1.0,5.7,0.16,6.4406779661016955,3.43,30.245298462536567,0.0,0.0
1.0,5.7,0.16,6.4406779661016955,3.62,30.24537693571719,0.0,0.0
1.0,5.7,0.16,6.4406779661016955,3.81,30.245455410707457,0.0,0.0
1.0,5.7,0.16,6.4406779661016955,4.0,30.245533887575135,0.0,0.0
1.0,5.7,0.16,6.711864406779661,0.2,-0.21506693208316818,0.0,1.729156962283647e-07
1.0,5.7,0.16,6.711864406779661,0.39,-0.215047402028258,0.0,1.729156962283647e-07
1.0,5.7,0.16,6.711864406779661,0.5800000000000001,-0.21502787148397928,0.0,1.729156962283647e-07
1.0,5.7,0.16,6.711864406779661,0.77,-0.21500834152506343,0.0,1.729156962283647e-07
1.0,5.7,0.16,6.711864406779661,0.96,-0.21498881164389516,0.0,1.729156962283647e-07
1.0,5.7,0.16,6.711864406779661,1.15,-0.21496928297770523,0.0,1.729156962283647e-07
1.0,5.7,0.16,6.711864406779661,1.34,-0.2149497544588037,0.0,1.729156962283647e-07
1.0,5.7,0.16,6.711864406779661,1.53,-0.21493022575722165,0.0,1.729156962283647e-07
1.0,5.7,0.16,6.711864406779661,1.72,-0.2149106968101151,0.0,1.729156962283647e-07
1.0,5.7,0.16,6.711864406779661,1.91,-0.21489116755973114,0.0,1.729156962283647e-07
1.0,5.7,0.16,6.711864406779661,2.1,-0.21487164028698302,0.0,1.729156962283647e-07
1.0,5.7,0.16,6.711864406779661,2.29,-0.21485211475245336,0.0,1.729156962283647e-07
1.0,5.7,0.16,6.711864406779661,2.4800000000000004,-0.214832588916952,0.0,1.729156962283647e-07
1.0,5.7,0.16,6.711864406779661,2.6700000000000004,-0.21481306287948954,0.0,1.729156962283647e-07
1.0,5.7,0.16,6.711864406779661,2.8600000000000003,-0.2147935365781244,0.0,1.729156962283647e-07
1.0,5.7,0.16,6.711864406779661,3.0500000000000003,-0.2147740100449269,0.0,1.729156962283647e-07
1.0,5.7,0.16,6.711864406779661,3.24,-0.214754483246832,0.0,1.729156962283647e-07
1.0,5.7,0.16,6.711864406779661,3.43,-0.21473495617636473,0.0,1.729156962283647e-07
1.0,5.7,0.16,6.711864406779661,3.62,-0.21471542884891548,0.0,1.729156962283647e-07
1.0,5.7,0.16,6.711864406779661,3.81,-0.21469590131699334,0.0,1.729156962283647e-07
1.0,5.7,0.16,6.711864406779661,4.0,-0.2146763734930488,0.0,1.729156962283647e-07
1.0,5.76,0.08,5.627118644067797,0.2,14.050244371755156,0.0,1.0
1.0,5.76,0.08,5.627118644067797,0.39,14.051109446753273,0.0,1.0
1.0,5.76,0.08,5.627118644067797,0.5800000000000001,14.05197482628774,0.0,1.0
1.0,5.76,0.08,5.627118644067797,0.77,14.052839911789711,0.0,1.0
1.0,5.76,0.08,5.627118644067797,0.96,14.053705231426115,0.0,1.0
1.0,5.76,0.08,5.627118644067797,1.15,14.054569931262343,0.0,1.0
1.0,5.76,0.08,5.627118644067797,1.34,14.055434689048418,0.0,1.0
1.0,5.76,0.08,5.627118644067797,1.53,14.05629975133813,0.0,1.0
1.0,5.76,0.08,5.627118644067797,1.72,14.057165118222201,0.0,1.0
1.0,5.76,0.08,5.627118644067797,1.91,14.058030789757524,0.0,1.0
1.0,5.76,0.08,5.627118644067797,2.1,14.058895445243635,0.0,1.0
1.0,5.76,0.08,5.627118644067797,2.29,14.059759216405297,0.0,1.0
1.0,5.76,0.08,5.627118644067797,2.4800000000000004,14.060623291884966,0.0,1.0
1.0,5.76,0.08,5.627118644067797,2.6700000000000004,14.061487671761988,0.0,1.0
1.0,5.76,0.08,5.627118644067797,2.8600000000000003,14.062352356107077,0.0,1.0
1.0,5.76,0.08,5.627118644067797,3.0500000000000003,14.063217344992708,0.0,1.0
1.0,5.76,0.08,5.627118644067797,3.24,14.064082638486894,0.0,1.0
1.0,5.76,0.08,5.627118644067797,3.43,14.064948236666893,0.0,1.0
1.0,5.76,0.08,5.627118644067797,3.62,14.065814139605834,0.0,1.0
1.0,5.76,0.08,5.627118644067797,3.81,14.066680347374167,0.0,1.0
1.0,5.76,0.08,5.627118644067797,4.0,14.067546860044892,0.0,1.0
1.0,5.76,0.08,5.898305084745763,0.2,-13.038186183831364,0.0,0.0
1.0,5.76,0.08,5.898305084745763,0.39,-13.036718904166172,0.0,0.0
1.0,5.76,0.08,5.898305084745763,0.5800000000000001,-13.035251325943428,0.0,0.0
1.0,5.76,0.08,5.898305084745763,0.77,-13.033783990446778,0.0,0.0
1.0,5.76,0.08,5.898305084745763,0.96,-13.032316420181012,0.0,0.0
1.0,5.76,0.08,5.898305084745763,1.15,-13.030849387158916,0.0,0.0
1.0,5.76,0.08,5.898305084745763,1.34,-13.029382278677964,0.0,0.0
1.0,5.76,0.08,5.898305084745763,1.53,-13.027914871799616,0.0,0.0
1.0,5.76,0.08,5.898305084745763,1.72,-13.026447166470142,0.0,0.0
1.0,5.76,0.08,5.898305084745763,1.91,-13.024979162643547,0.0,0.0
1.0,5.76,0.08,5.898305084745763,2.1,-13.02351205437919,0.0,0.0
1.0,5.76,0.08,5.898305084745763,2.29,-13.022045722537882,0.0,0.0
1.0,5.76,0.08,5.898305084745763,2.4800000000000004,-13.020579092519803,0.0,0.0
1.0,5.76,0.08,5.898305084745763,2.6700000000000004,-13.019112164269103,0.0,0.0
1.0,5.76,0.08,5.898305084745763,2.8600000000000003,-13.017644937754476,0.0,0.0
1.0,5.76,0.08,5.898305084745763,3.0500000000000003,-13.016177412907751,0.0,0.0
1.0,5.76,0.08,5.898305084745763,3.24,-13.014709589706662,0.0,0.0
1.0,5.76,0.08,5.898305084745763,3.43,-13.013241468088154,0.0,0.0
1.0,5.76,0.08,5.898305084745763,3.62,-13.01177304801756,0.0,0.0
1.0,5.76,0.08,5.898305084745763,3.81,-13.010304329444338,0.0,0.0
1.0,5.76,0.08,5.898305084745763,4.0,-13.008835312309223,0.0,0.0
1.0,5.76,0.08,6.169491525423729,0.2,-0.6778010181767229,0.0,0.017335439040666607
1.0,5.76,0.08,6.169491525423729,0.39,-0.6757765630706558,0.0,0.017335439040666607
1.0,5.76,0.08,6.169491525423729,0.5800000000000001,-0.6737519152190714,0.0,0.017335439040666607
1.0,5.76,0.08,6.169491525423729,0.77,-0.6717275324987639,0.0,0.017335439040666607
1.0,5.76,0.08,6.169491525423729,0.96,-0.6697030109814932,0.0,0.017335439040666607
1.0,5.76,0.08,6.169491525423729,1.15,-0.6676790039049791,0.0,0.017335439040666607
1.0,5.76,0.08,6.169491525423729,1.34,-0.6656549927786273,0.0,0.017335439040666607
1.0,5.76,0.08,6.169491525423729,1.53,-0.663630788950897,0.0,0.017335439040666607
1.0,5.76,0.08,6.169491525423729,1.72,-0.6616063924635824,0.0,0.017335439040666607
1.0,5.76,0.08,6.169491525423729,1.91,-0.6595818032776748,0.0,0.017335439040666607
1.0,5.76,0.08,6.169491525423729,2.1,-0.657558031541214,0.0,0.017335439040666607
1.0,5.76,0.08,6.169491525423729,2.29,-0.655534976491353,0.0,0.017335439040666607
1.0,5.76,0.08,6.169491525423729,2.4800000000000004,-0.6535117289174224,0.0,0.017335439040666607
1.0,5.76,0.08,6.169491525423729,2.6700000000000004,-0.6514882888523061,0.0,0.017335439040666607
1.0,5.76,0.08,6.169491525423729,2.8600000000000003,-0.6494646562449731,0.0,0.017335439040666607
1.0,5.76,0.08,6.169491525423729,3.0500000000000003,-0.6474408310706536,0.0,0.017335439040666607
1.0,5.76,0.08,6.169491525423729,3.24,-0.6454168133139859,0.0,0.017335439040666607
1.0,5.76,0.08,6.169491525423729,3.43,-0.6433926029518915,0.0,0.017335439040666607
1.0,5.76,0.08,6.169491525423729,3.62,-0.6413681999687668,0.0,0.017335439040666607
1.0,5.76,0.08,6.169491525423729,3.81,-0.6393436043151581,0.0,0.017335439040666607
1.0,5.76,0.08,6.169491525423729,4.0,-0.6373188160100653,0.0,0.017335439040666607
1.0,5.76,0.08,6.4406779661016955,0.2,30.244980944223272,0.0,0.00014565889088272356
1.0,5.76,0.08,6.4406779661016955,0.39,30.245059423095768,0.0,0.00014565889088272356
1.0,5.76,0.08,6.4406779661016955,0.5800000000000001,30.245137903849724,0.0,0.00014565889088272356
1.0,5.76,0.08,6.4406779661016955,0.77,30.245216381756286,0.0,0.00014565889088272356
1.0,5.76,0.08,6.4406779661016955,0.96,30.24529486085016,0.0,0.00014565889088272356
1.0,5.76,0.08,6.4406779661016955,1.15,30.245373334534406,0.0,0.00014565889088272356
1.0,5.76,0.08,6.4406779661016955,1.34,30.245451808173954,0.0,0.00014565889088272356
1.0,5.76,0.08,6.4406779661016955,1.53,30.24553028349321,0.0,0.00014565889088272356
1.0,5.76,0.08,6.4406779661016955,1.72,30.245608760729965,0.0,0.00014565889088272356
1.0,5.76,0.08,6.4406779661016955,1.91,30.245687239837004,0.0,0.00014565889088272356
1.0,5.76,0.08,6.4406779661016955,2.1,30.245765710272565,0.0,0.00014565889088272356
1.0,5.76,0.08,6.4406779661016955,2.29,30.24584417319776,0.0,0.00014565889088272356
1.0,5.76,0.08,6.4406779661016955,2.4800000000000004,30.245922637920017,0.0,0.00014565889088272356
1.0,5.76,0.08,6.4406779661016955,2.6700000000000004,30.246001104505872,0.0,0.00014565889088272356
1.0,5.76,0.08,6.4406779661016955,2.8600000000000003,30.246079572944744,0.0,0.00014565889088272356
1.0,5.76,0.08,6.4406779661016955,3.0500000000000003,30.246158043206734,0.0,0.00014565889088272356
1.0,5.76,0.08,6.4406779661016955,3.24,30.246236515321748,0.0,0.00014565889088272356
1.0,5.76,0.08,6.4406779661016955,3.43,30.246314989308843,0.0,0.00014565889088272356
1.0,5.76,0.08,6.4406779661016955,3.62,30.246393465132073,0.0,0.00014565889088272356
1.0,5.76,0.08,6.4406779661016955,3.81,30.246471942764977,0.0,0.00014565889088272356
1.0,5.76,0.08,6.4406779661016955,4.0,30.24655042227532,0.0,0.00014565889088272356
1.0,5.76,0.08,6.711864406779661,0.2,-0.21506689035745552,0.0,1.944616747494886e-07
1.0,5.76,0.08,6.711864406779661,0.39,-0.21504736030247074,0.0,1.944616747494886e-07
1.0,5.76,0.08,6.711864406779661,0.5800000000000001,-0.21502782975811385,0.0,1.944616747494886e-07
1.0,5.76,0.08,6.711864406779661,0.77,-0.2150082997991163,0.0,1.944616747494886e-07
1.0,5.76,0.08,6.711864406779661,0.96,-0.21498876991786986,0.0,1.944616747494886e-07
1.0,5.76,0.08,6.711864406779661,1.15,-0.21496924125160888,0.0,1.944616747494886e-07
1.0,5.76,0.08,6.711864406779661,1.34,-0.2149497127326221,0.0,1.944616747494886e-07
1.0,5.76,0.08,6.711864406779661,1.53,-0.21493018403095832,0.0,1.944616747494886e-07
1.0,5.76,0.08,6.711864406779661,1.72,-0.2149106550837736,0.0,1.944616747494886e-07
1.0,5.76,0.08,6.711864406779661,1.91,-0.2148911258333115,0.0,1.944616747494886e-07
1.0,5.76,0.08,6.711864406779661,2.1,-0.21487159856048876,0.0,1.944616747494886e-07
1.0,5.76,0.08,6.711864406779661,2.29,-0.2148520730258774,0.0,1.944616747494886e-07
1.0,5.76,0.08,6.711864406779661,2.4800000000000004,-0.21483254719030143,0.0,1.944616747494886e-07
1.0,5.76,0.08,6.711864406779661,2.6700000000000004,-0.2148130211527608,0.0,1.944616747494886e-07
1.0,5.76,0.08,6.711864406779661,2.8600000000000003,-0.21479349485131038,0.0,1.944616747494886e-07
1.0,5.76,0.08,6.711864406779661,3.0500000000000003,-0.2147739683180312,0.0,1.944616747494886e-07
1.0,5.76,0.08,6.711864406779661,3.24,-0.21475444151986167,0.0,1.944616747494886e-07
1.0,5.76,0.08,6.711864406779661,3.43,-0.2147349144493056,0.0,1.944616747494886e-07
1.0,5.76,0.08,6.711864406779661,3.62,-0.21471538712178173,0.0,1.944616747494886e-07
1.0,5.76,0.08,6.711864406779661,3.81,-0.21469585958978854,0.0,1.944616747494886e-07
1.0,5.76,0.08,6.711864406779661,4.0,-0.21467633176576584,0.0,1.944616747494886e-07
1.0,5.76,0.12,5.627118644067797,0.2,14.050244371755156,0.0,1.0
1.0,5.76,0.12,5.627118644067797,0.39,14.051109446753273,0.0,1.0
1.0,5.76,0.12,5.627118644067797,0.5800000000000001,14.05197482628774,0.0,1.0
1.0,5.76,0.12,5.627118644067797,0.77,14.052839911789711,0.0,1.0
1.0,5.76,0.12,5.627118644067797,0.96,14.053705231426115,0.0,1.0
1.0,5.76,0.12,5.627118644067797,1.15,14.054569931262343,0.0,1.0
1.0,5.76,0.12,5.627118644067797,1.34,14.055434689048418,0.0,1.0
1.0,5.76,0.12,5.627118644067797,1.53,14.05629975133813,0.0,1.0
1.0,5.76,0.12,5.627118644067797,1.72,14.057165118222201,0.0,1.0
1.0,5.76,0.12,5.627118644067797,1.91,14.058030789757524,0.0,1.0
1.0,5.76,0.12,5.627118644067797,2.1,14.058895445243635,0.0,1.0
1.0,5.76,0.12,5.627118644067797,2.29,14.059759216405297,0.0,1.0
1.0,5.76,0.12,5.627118644067797,2.4800000000000004,14.060623291884966,0.0,1.0
1.0,5.76,0.12,5.627118644067797,2.6700000000000004,14.061487671761988,0.0,1.0
1.0,5.76,0.12,5.627118644067797,2.8600000000000003,14.062352356107077,0.0,1.0
1.0,5.76,0.12,5.627118644067797,3.0500000000000003,14.063217344992708,0.0,1.0
1.0,5.76,0.12,5.627118644067797,3.24,14.064082638486894,0.0,1.0
1.0,5.76,0.12,5.627118644067797,3.43,14.064948236666893,0.0,1.0
1.0,5.76,0.12,5.627118644067797,3.62,14.065814139605834,0.0,1.0
1.0,5.76,0.12,5.627118644067797,3.81,14.066680347374167,0.0,1.0
1.0,5.76,0.12,5.627118644067797,4.0,14.067546860044892,0.0,1.0
1.0,5.76,0.12,5.898305084745763,0.2,-13.038186183831364,0.0,0.0
1.0,5.76,0.12,5.898305084745763,0.39,-13.036718904166172,0.0,0.0
1.0,5.76,0.12,5.898305084745763,0.5800000000000001,-13.035251325943428,0.0,0.0
1.0,5.76,0.12,5.898305084745763,0.77,-13.033783990446778,0.0,0.0
1.0,5.76,0.12,5.898305084745763,0.96,-13.032316420181012,0.0,0.0
1.0,5.76,0.12,5.898305084745763,1.15,-13.030849387158916,0.0,0.0
1.0,5.76,0.12,5.898305084745763,1.34,-13.029382278677964,0.0,0.0
1.0,5.76,0.12,5.898305084745763,1.53,-13.027914871799616,0.0,0.0
1.0,5.76,0.12,5.898305084745763,1.72,-13.026447166470142,0.0,0.0
1.0,5.76,0.12,5.898305084745763,1.91,-13.024979162643547,0.0,0.0
1.0,5.76,0.12,5.898305084745763,2.1,-13.02351205437919,0.0,0.0
1.0,5.76,0.12,5.898305084745763,2.29,-13.022045722537882,0.0,0.0
1.0,5.76,0.12,5.898305084745763,2.4800000000000004,-13.020579092519803,0.0,0.0
1.0,5.76,0.12,5.898305084745763,2.6700000000000004,-13.019112164269103,0.0,0.0
1.0,5.76,0.12,5.898305084745763,2.8600000000000003,-13.017644937754476,0.0,0.0
1.0,5.76,0.12,5.898305084745763,3.0500000000000003,-13.016177412907751,0.0,0.0
1.0,5.76,0.12,5.898305084745763,3.24,-13.014709589706662,0.0,0.0
1.0,5.76,0.12,5.898305084745763,3.43,-13.013241468088154,0.0,0.0
1.0,5.76,0.12,5.898305084745763,3.62,-13.01177304801756,0.0,0.0
1.0,5.76,0.12,5.898305084745763,3.81,-13.010304329444338,0.0,0.0
1.0,5.76,0.12,5.898305084745763,4.0,-13.008835312309223,0.0,0.0
1.0,5.76,0.12,6.169491525423729,0.2,-0.7861312001658121,0.0,0.0006954937712581773
1.0,5.76,0.12,6.169491525423729,0.39,-0.7841105387277025,0.0,0.0006954937712581773
1.0,5.76,0.12,6.169491525423729,0.5800000000000001,-0.7820896848268148,0.0,0.0006954937712581773
1.0,5.76,0.12,6.169491525423729,0.77,-0.7800690956523368,0.0,0.0006954937712581773
1.0,5.76,0.12,6.169491525423729,0.96,-0.7780483678828602,0.0,0.0006954937712581773
1.0,5.76,0.12,6.169491525423729,1.15,-0.7760281537753002,0.0,0.0006954937712581773
1.0,5.76,0.12,6.169491525423729,1.34,-0.7740079356175329,0.0,0.0006954937712581773
1.0,5.76,0.12,6.169491525423729,1.53,-0.7719875250408847,0.0,0.0006954937712581773
1.0,5.76,0.12,6.169491525423729,1.72,-0.7699669220873346,0.0,0.0006954937712581773
1.0,5.76,0.12,6.169491525423729,1.91,-0.7679461267178311,0.0,0.0006954937712581773
1.0,5.76,0.12,6.169491525423729,2.1,-0.7659261475641728,0.0,0.0006954937712581773
1.0,5.76,0.12,6.169491525423729,2.29,-0.7639068840150003,0.0,0.0006954937712581773
1.0,5.76,0.12,6.169491525423729,2.4800000000000004,-0.7618874282240427,0.0,0.0006954937712581773
1.0,5.76,0.12,6.169491525423729,2.6700000000000004,-0.7598677802242548,0.0,0.0006954937712581773
1.0,5.76,0.12,6.169491525423729,2.8600000000000003,-0.7578479399646483,0.0,0.0006954937712581773
1.0,5.76,0.12,6.169491525423729,3.0500000000000003,-0.7558279074204677,0.0,0.0006954937712581773
1.0,5.76,0.12,6.169491525423729,3.24,-0.7538076825763937,0.0,0.0006954937712581773
1.0,5.76,0.12,6.169491525423729,3.43,-0.7517872654093338,0.0,0.0006954937712581773
1.0,5.76,0.12,6.169491525423729,3.62,-0.7497666559037981,0.0,0.0006954937712581773
1.0,5.76,0.12,6.169491525423729,3.81,-0.7477458540103044,0.0,0.0006954937712581773
1.0,5.76,0.12,6.169491525423729,4.0,-0.7457248597479378,0.0,0.0006954937712581773
1.0,5.76,0.12,6.4406779661016955,0.2,30.244974215647915,0.0,0.00014469471201895278
1.0,5.76,0.12,6.4406779661016955,0.39,30.245052694502874,0.0,0.00014469471201895278
1.0,5.76,0.12,6.4406779661016955,0.5800000000000001,30.245131175239337,0.0,0.00014469471201895278
1.0,5.76,0.12,6.4406779661016955,0.77,30.245209653128406,0.0,0.00014469471201895278
1.0,5.76,0.12,6.4406779661016955,0.96,30.245288132204784,0.0,0.00014469471201895278
1.0,5.76,0.12,6.4406779661016955,1.15,30.245366605871553,0.0,0.00014469471201895278
1.0,5.76,0.12,6.4406779661016955,1.34,30.245445079493606,0.0,0.00014469471201895278
1.0,5.76,0.12,6.4406779661016955,1.53,30.24552355479537,0.0,0.00014469471201895278
1.0,5.76,0.12,6.4406779661016955,1.72,30.24560203201463,0.0,0.00014469471201895278
1.0,5.76,0.12,6.4406779661016955,1.91,30.24568051110419,0.0,0.00014469471201895278
1.0,5.76,0.12,6.4406779661016955,2.1,30.245758981522258,0.0,0.00014469471201895278
1.0,5.76,0.12,6.4406779661016955,2.29,30.245837444429917,0.0,0.00014469471201895278
1.0,5.76,0.12,6.4406779661016955,2.4800000000000004,30.24591590913471,0.0,0.00014469471201895278
1.0,5.76,0.12,6.4406779661016955,2.6700000000000004,30.24599437570307,0.0,0.00014469471201895278
1.0,5.76,0.12,6.4406779661016955,2.8600000000000003,30.24607284412445,0.0,0.00014469471201895278
1.0,5.76,0.12,6.4406779661016955,3.0500000000000003,30.246151314368944,0.0,0.00014469471201895278
1.0,5.76,0.12,6.4406779661016955,3.24,30.24622978646648,0.0,0.00014469471201895278
1.0,5.76,0.12,6.4406779661016955,3.43,30.24630826043608,0.0,0.00014469471201895278
1.0,5.76,0.12,6.4406779661016955,3.62,30.24638673624183,0.0,0.00014469471201895278
1.0,5.76,0.12,6.4406779661016955,3.81,30.246465213857213,0.0,0.00014469471201895278
1.0,5.76,0.12,6.4406779661016955,4.0,30.24654369335009,0.0,0.00014469471201895278
1.0,5.76,0.12,6.711864406779661,0.2,-0.21506689035805238,0.0,1.9446139052000917e-07
1.0,5.76,0.12,6.711864406779661,0.39,-0.2150473603030676,0.0,1.9446139052000917e-07
1.0,5.76,0.12,6.711864406779661,0.5800000000000001,-0.2150278297587107,0.0,1.9446139052000917e-07
1.0,5.76,0.12,6.711864406779661,0.77,-0.21500829979971314,0.0,1.9446139052000917e-07
1.0,5.76,0.12,6.711864406779661,0.96,-0.21498876991846672,0.0,1.9446139052000917e-07
1.0,5.76,0.12,6.711864406779661,1.15,-0.21496924125220573,0.0,1.9446139052000917e-07
1.0,5.76,0.12,6.711864406779661,1.34,-0.21494971273321895,0.0,1.9446139052000917e-07
1.0,5.76,0.12,6.711864406779661,1.53,-0.21493018403156583,0.0,1.9446139052000917e-07
1.0,5.76,0.12,6.711864406779661,1.72,-0.21491065508437046,0.0,1.9446139052000917e-07
1.0,5.76,0.12,6.711864406779661,1.91,-0.21489112583390835,0.0,1.9446139052000917e-07
1.0,5.76,0.12,6.711864406779661,2.1,-0.21487159856108562,0.0,1.9446139052000917e-07
1.0,5.76,0.12,6.711864406779661,2.29,-0.21485207302647424,0.0,1.9446139052000917e-07
1.0,5.76,0.12,6.711864406779661,2.4800000000000004,-0.21483254719089473,0.0,1.9446139052000917e-07
1.0,5.76,0.12,6.711864406779661,2.6700000000000004,-0.21481302115335765,0.0,1.9446139052000917e-07
1.0,5.76,0.12,6.711864406779661,2.8600000000000003,-0.2147934948519108,0.0,1.9446139052000917e-07
1.0,5.76,0.12,6.711864406779661,3.0500000000000003,-0.21477396831862805,0.0,1.9446139052000917e-07
1.0,5.76,0.12,6.711864406779661,3.24,-0.21475444152045853,0.0,1.9446139052000917e-07
1.0,5.76,0.12,6.711864406779661,3.43,-0.21473491444990245,0.0,1.9446139052000917e-07
1.0,5.76,0.12,6.711864406779661,3.62,-0.2147153871223786,0.0,1.9446139052000917e-07
1.0,5.76,0.12,6.711864406779661,3.81,-0.2146958595903854,0.0,1.9446139052000917e-07
1.0,5.76,0.12,6.711864406779661,4.0,-0.21467633176635914,0.0,1.9446139052000917e-07
1.0,5.76,0.16,5.627118644067797,0.2,14.050244371755156,0.0,1.0
1.0,5.76,0.16,5.627118644067797,0.39,14.051109446753273,0.0,1.0
1.0,5.76,0.16,5.627118644067797,0.5800000000000001,14.05197482628774,0.0,1.0
1.0,5.76,0.16,5.627118644067797,0.77,14.052839911789711,0.0,1.0
1.0,5.76,0.16,5.627118644067797,0.96,14.053705231426115,0.0,1.0
1.0,5.76,0.16,5.627118644067797,1.15,14.054569931262343,0.0,1.0
1.0,5.76,0.16,5.627118644067797,1.34,14.055434689048418,0.0,1.0
1.0,5.76,0.16,5.627118644067797,1.53,14.05629975133813,0.0,1.0
1.0,5.76,0.16,5.627118644067797,1.72,14.057165118222201,0.0,1.0
1.0,5.76,0.16,5.627118644067797,1.91,14.058030789757524,0.0,1.0
1.0,5.76,0.16,5.627118644067797,2.1,14.058895445243635,0.0,1.0
1.0,5.76,0.16,5.627118644067797,2.29,14.059759216405297,0.0,1.0
1.0,5.76,0.16,5.627118644067797,2.4800000000000004,14.060623291884966,0.0,1.0
1.0,5.76,0.16,5.627118644067797,2.6700000000000004,14.061487671761988,0.0,1.0
1.0,5.76,0.16,5.627118644067797,2.8600000000000003,14.062352356107077,0.0,1.0
1.0,5.76,0.16,5.627118644067797,3.0500000000000003,14.063217344992708,0.0,1.0
1.0,5.76,0.16,5.627118644067797,3.24,14.064082638486894,0.0,1.0
1.0,5.76,0.16,5.627118644067797,3.43,14.064948236666893,0.0,1.0
1.0,5.76,0.16,5.627118644067797,3.62,14.065814139605834,0.0,1.0
1.0,5.76,0.16,5.627118644067797,3.81,14.066680347374167,0.0,1.0
1.0,5.76,0.16,5.627118644067797,4.0,14.067546860044892,0.0,1.0
1.0,5.76,0.16,5.898305084745763,0.2,-13.038186183831364,0.0,0.0
1.0,5.76,0.16,5.898305084745763,0.39,-13.036718904166172,0.0,0.0
1.0,5.76,0.16,5.898305084745763,0.5800000000000001,-13.035251325943428,0.0,0.0
1.0,5.76,0.16,5.898305084745763,0.77,-13.033783990446778,0.0,0.0
1.0,5.76,0.16,5.898305084745763,0.96,-13.032316420181012,0.0,0.0
1.0,5.76,0.16,5.898305084745763,1.15,-13.030849387158916,0.0,0.0
1.0,5.76,0.16,5.898305084745763,1.34,-13.029382278677964,0.0,0.0
1.0,5.76,0.16,5.898305084745763,1.53,-13.027914871799616,0.0,0.0
1.0,5.76,0.16,5.898305084745763,1.72,-13.026447166470142,0.0,0.0
1.0,5.76,0.16,5.898305084745763,1.91,-13.024979162643547,0.0,0.0
1.0,5.76,0.16,5.898305084745763,2.1,-13.02351205437919,0.0,0.0
1.0,5.76,0.16,5.898305084745763,2.29,-13.022045722537882,0.0,0.0
1.0,5.76,0.16,5.898305084745763,2.4800000000000004,-13.020579092519803,0.0,0.0
1.0,5.76,0.16,5.898305084745763,2.6700000000000004,-13.019112164269103,0.0,0.0
1.0,5.76,0.16,5.898305084745763,2.8600000000000003,-13.017644937754476,0.0,0.0
1.0,5.76,0.16,5.898305084745763,3.0500000000000003,-13.016177412907751,0.0,0.0
1.0,5.76,0.16,5.898305084745763,3.24,-13.014709589706662,0.0,0.0
1.0,5.76,0.16,5.898305084745763,3.43,-13.013241468088154,0.0,0.0
1.0,5.76,0.16,5.898305084745763,3.62,-13.01177304801756,0.0,0.0
1.0,5.76,0.16,5.898305084745763,3.81,-13.010304329444338,0.0,0.0
1.0,5.76,0.16,5.898305084745763,4.0,-13.008835312309223,0.0,0.0
1.0,5.76,0.16,6.169491525423729,0.2,-0.7906554960706131,0.0,0.0
1.0,5.76,0.16,6.169491525423729,0.39,-0.7886349930710566,0.0,0.0
1.0,5.76,0.16,6.169491525423729,0.5800000000000001,-0.7866142976205168,0.0,0.0
1.0,5.76,0.16,6.169491525423729,0.77,-0.7845938668794759,0.0,0.0
1.0,5.76,0.16,6.169491525423729,0.96,-0.7825732975518775,0.0,0.0
1.0,5.76,0.16,6.169491525423729,1.15,-0.7805532418536956,0.0,0.0
1.0,5.76,0.16,6.169491525423729,1.34,-0.778533182105221,0.0,0.0
1.0,5.76,0.16,6.169491525423729,1.53,-0.7765129299497033,0.0,0.0
1.0,5.76,0.16,6.169491525423729,1.72,-0.7744924854291213,0.0,0.0
1.0,5.76,0.16,6.169491525423729,1.91,-0.7724718485043383,0.0,0.0
1.0,5.76,0.16,6.169491525423729,2.1,-0.7704520277439286,0.0,0.0
1.0,5.76,0.16,6.169491525423729,2.29,-0.768432922542786,0.0,0.0
1.0,5.76,0.16,6.169491525423729,2.4800000000000004,-0.7664136251116247,0.0,0.0
1.0,5.76,0.16,6.169491525423729,2.6700000000000004,-0.7643941354834709,0.0,0.0
1.0,5.76,0.16,6.169491525423729,2.8600000000000003,-0.7623744536072792,0.0,0.0
1.0,5.76,0.16,6.169491525423729,3.0500000000000003,-0.76035457945828,0.0,0.0
1.0,5.76,0.16,6.169491525423729,3.24,-0.7583345130212109,0.0,0.0
1.0,5.76,0.16,6.169491525423729,3.43,-0.7563142542729508,0.0,0.0
1.0,5.76,0.16,6.169491525423729,3.62,-0.75429380319801,0.0,0.0
1.0,5.76,0.16,6.169491525423729,3.81,-0.7522731597469061,0.0,0.0
1.0,5.76,0.16,6.169491525423729,4.0,-0.7502523239387244,0.0,0.0
1.0,5.76,0.16,6.4406779661016955,0.2,30.243964462376354,0.0,0.0
1.0,5.76,0.16,6.4406779661016955,0.39,30.244042938605986,0.0,0.0
1.0,5.76,0.16,6.4406779661016955,0.5800000000000001,30.24412141671715,0.0,0.0
1.0,5.76,0.16,6.4406779661016955,0.77,30.24419989198092,0.0,0.0
1.0,5.76,0.16,6.4406779661016955,0.96,30.244278368431985,0.0,0.0
1.0,5.76,0.16,6.4406779661016955,1.15,30.244356839473568,0.0,0.0
1.0,5.76,0.16,6.4406779661016955,1.34,30.24443531047038,0.0,0.0
1.0,5.76,0.16,6.4406779661016955,1.53,30.244513783146957,0.0,0.0
1.0,5.76,0.16,6.4406779661016955,1.72,30.24459225774099,0.0,0.0
1.0,5.76,0.16,6.4406779661016955,1.91,30.24467073420528,0.0,0.0
1.0,5.76,0.16,6.4406779661016955,2.1,30.244749201998246,0.0,0.0
1.0,5.76,0.16,6.4406779661016955,2.29,30.24482766228089,0.0,0.0
1.0,5.76,0.16,6.4406779661016955,2.4800000000000004,30.244906124360625,0.0,0.0
1.0,5.76,0.16,6.4406779661016955,2.6700000000000004,30.24498458830397,0.0,0.0
1.0,5.76,0.16,6.4406779661016955,2.8600000000000003,30.245063054100264,0.0,0.0
1.0,5.76,0.16,6.4406779661016955,3.0500000000000003,30.245141521719688,0.0,0.0
1.0,5.76,0.16,6.4406779661016955,3.24,30.24521999119211,0.0,0.0
1.0,5.76,0.16,6.4406779661016955,3.43,30.245298462536567,0.0,0.0
1.0,5.76,0.16,6.4406779661016955,3.62,30.24537693571719,0.0,0.0
1.0,5.76,0.16,6.4406779661016955,3.81,30.245455410707457,0.0,0.0
1.0,5.76,0.16,6.4406779661016955,4.0,30.245533887575135,0.0,0.0
1.0,5.76,0.16,6.711864406779661,0.2,-0.21506726694990164,0.0,0.0
1.0,5.76,0.16,6.711864406779661,0.39,-0.2150477368956345,0.0,0.0
1.0,5.76,0.16,6.711864406779661,0.5800000000000001,-0.21502820635199527,0.0,0.0
1.0,5.76,0.16,6.711864406779661,0.77,-0.21500867639369758,0.0,0.0
1.0,5.76,0.16,6.711864406779661,0.96,-0.21498914651317236,0.0,0.0
1.0,5.76,0.16,6.711864406779661,1.15,-0.21496961784761837,0.0,0.0
1.0,5.76,0.16,6.711864406779661,1.34,-0.21495008932934923,0.0,0.0
1.0,5.76,0.16,6.711864406779661,1.53,-0.2149305606284031,0.0,0.0
1.0,5.76,0.16,6.711864406779661,1.72,-0.21491103168192893,0.0,0.0
1.0,5.76,0.16,6.711864406779661,1.91,-0.2148915024321738,0.0,0.0
1.0,5.76,0.16,6.711864406779661,2.1,-0.21487197516006162,0.0,0.0
1.0,5.76,0.16,6.711864406779661,2.29,-0.21485244962616434,0.0,0.0
1.0,5.76,0.16,6.711864406779661,2.4800000000000004,-0.21483292379129537,0.0,0.0
1.0,5.76,0.16,6.711864406779661,2.6700000000000004,-0.21481339775447594,0.0,0.0
1.0,5.76,0.16,6.711864406779661,2.8600000000000003,-0.21479387145373963,0.0,0.0
1.0,5.76,0.16,6.711864406779661,3.0500000000000003,-0.21477434492117453,0.0,0.0
1.0,5.76,0.16,6.711864406779661,3.24,-0.214754818123712,0.0,0.0
1.0,5.76,0.16,6.711864406779661,3.43,-0.21473529105387712,0.0,0.0
1.0,5.76,0.16,6.711864406779661,3.62,-0.21471576372706025,0.0,0.0
1.0,5.76,0.16,6.711864406779661,3.81,-0.2146962361957776,0.0,0.0
1.0,5.76,0.16,6.711864406779661,4.0,-0.21467670837245834,0.0,0.0
1.0,5.82,0.08,5.627118644067797,0.2,14.050244371755156,0.0,1.0
1.0,5.82,0.08,5.627118644067797,0.39,14.051109446753273,0.0,1.0
1.0,5.82,0.08,5.627118644067797,0.5800000000000001,14.05197482628774,0.0,1.0
1.0,5.82,0.08,5.627118644067797,0.77,14.052839911789711,0.0,1.0
1.0,5.82,0.08,5.627118644067797,0.96,14.053705231426115,0.0,1.0
1.0,5.82,0.08,5.627118644067797,1.15,14.054569931262343,0.0,1.0
1.0,5.82,0.08,5.627118644067797,1.34,14.055434689048418,0.0,1.0
1.0,5.82,0.08,5.627118644067797,1.53,14.05629975133813,0.0,1.0
1.0,5.82,0.08,5.627118644067797,1.72,14.057165118222201,0.0,1.0
1.0,5.82,0.08,5.627118644067797,1.91,14.058030789757524,0.0,1.0
1.0,5.82,0.08,5.627118644067797,2.1,14.058895445243635,0.0,1.0
1.0,5.82,0.08,5.627118644067797,2.29,14.059759216405297,0.0,1.0
1.0,5.82,0.08,5.627118644067797,2.4800000000000004,14.060623291884966,0.0,1.0
1.0,5.82,0.08,5.627118644067797,2.6700000000000004,14.061487671761988,0.0,1.0
1.0,5.82,0.08,5.627118644067797,2.8600000000000003,14.062352356107077,0.0,1.0
1.0,5.82,0.08,5.627118644067797,3.0500000000000003,14.063217344992708,0.0,1.0
1.0,5.82,0.08,5.627118644067797,3.24,14.064082638486894,0.0,1.0
1.0,5.82,0.08,5.627118644067797,3.43,14.064948236666893,0.0,1.0
1.0,5.82,0.08,5.627118644067797,3.62,14.065814139605834,0.0,1.0
1.0,5.82,0.08,5.627118644067797,3.81,14.066680347374167,0.0,1.0
1.0,5.82,0.08,5.627118644067797,4.0,14.067546860044892,0.0,1.0
1.0,5.82,0.08,5.898305084745763,0.2,-13.038186183831364,0.0,0.0
1.0,5.82,0.08,5.898305084745763,0.39,-13.036718904166172,0.0,0.0
1.0,5.82,0.08,5.898305084745763,0.5800000000000001,-13.035251325943428,0.0,0.0
1.0,5.82,0.08,5.898305084745763,0.77,-13.033783990446778,0.0,0.0
1.0,5.82,0.08,5.898305084745763,0.96,-13.032316420181012,0.0,0.0
1.0,5.82,0.08,5.898305084745763,1.15,-13.030849387158916,0.0,0.0
1.0,5.82,0.08,5.898305084745763,1.34,-13.029382278677964,0.0,0.0
1.0,5.82,0.08,5.898305084745763,1.53,-13.027914871799616,0.0,0.0
1.0,5.82,0.08,5.898305084745763,1.72,-13.026447166470142,0.0,0.0
1.0,5.82,0.08,5.898305084745763,1.91,-13.024979162643547,0.0,0.0
1.0,5.82,0.08,5.898305084745763,2.1,-13.02351205437919,0.0,0.0
1.0,5.82,0.08,5.898305084745763,2.29,-13.022045722537882,0.0,0.0
1.0,5.82,0.08,5.898305084745763,2.4800000000000004,-13.020579092519803,0.0,0.0
1.0,5.82,0.08,5.898305084745763,2.6700000000000004,-13.019112164269103,0.0,0.0
1.0,5.82,0.08,5.898305084745763,2.8600000000000003,-13.017644937754476,0.0,0.0
1.0,5.82,0.08,5.898305084745763,3.0500000000000003,-13.016177412907751,0.0,0.0
1.0,5.82,0.08,5.898305084745763,3.24,-13.014709589706662,0.0,0.0
1.0,5.82,0.08,5.898305084745763,3.43,-13.013241468088154,0.0,0.0
1.0,5.82,0.08,5.898305084745763,3.62,-13.01177304801756,0.0,0.0
1.0,5.82,0.08,5.898305084745763,3.81,-13.010304329444338,0.0,0.0
1.0,5.82,0.08,5.898305084745763,4.0,-13.008835312309223,0.0,0.0
1.0,5.82,0.08,6.169491525423729,0.2,-0.6810548108681616,0.0,0.016836007483642456
1.0,5.82,0.08,6.169491525423729,0.39,-0.6790304697082519,0.0,0.016836007483642456
1.0,5.82,0.08,6.169491525423729,0.5800000000000001,-0.6770059358113656,0.0,0.016836007483642456
1.0,5.82,0.08,6.169491525423729,0.77,-0.6749816670335349,0.0,0.016836007483642456
1.0,5.82,0.08,6.169491525423729,0.96,-0.6729572594648658,0.0,0.016836007483642456
1.0,5.82,0.08,6.169491525423729,1.15,-0.6709333663135055,0.0,0.016836007483642456
1.0,5.82,0.08,6.169491525423729,1.34,-0.6689094691123216,0.0,0.016836007483642456
1.0,5.82,0.08,6.169491525423729,1.53,-0.666885379218229,0.0,0.016836007483642456
1.0,5.82,0.08,6.169491525423729,1.72,-0.6648610966730644,0.0,0.016836007483642456
1.0,5.82,0.08,6.169491525423729,1.91,-0.6628366214377763,0.0,0.016836007483642456
1.0,5.82,0.08,6.169491525423729,2.1,-0.6608129636148732,0.0,0.016836007483642456
1.0,5.82,0.08,6.169491525423729,2.29,-0.6587900224461123,0.0,0.016836007483642456
1.0,5.82,0.08,6.169491525423729,2.4800000000000004,-0.6567668887617089,0.0,0.016836007483642456
1.0,5.82,0.08,6.169491525423729,2.6700000000000004,-0.6547435625946179,0.0,0.016836007483642456
1.0,5.82,0.08,6.169491525423729,2.8600000000000003,-0.6527200438938081,0.0,0.016836007483642456
1.0,5.82,0.08,6.169491525423729,3.0500000000000003,-0.6506963326344817,0.0,0.016836007483642456
1.0,5.82,0.08,6.169491525423729,3.24,-0.648672428801305,0.0,0.016836007483642456
1.0,5.82,0.08,6.169491525423729,3.43,-0.6466483323711429,0.0,0.016836007483642456
1.0,5.82,0.08,6.169491525423729,3.62,-0.6446240433284913,0.0,0.016836007483642456
1.0,5.82,0.08,6.169491525423729,3.81,-0.6425995616237969,0.0,0.016836007483642456
1.0,5.82,0.08,6.169491525423729,4.0,-0.6405748872761592,0.0,0.016836007483642456
1.0,5.82,0.08,6.4406779661016955,0.2,30.24498094421574,0.0,0.0001456588897990242
1.0,5.82,0.08,6.4406779661016955,0.39,30.245059423088193,0.0,0.0001456588897990242
1.0,5.82,0.08,6.4406779661016955,0.5800000000000001,30.24513790384215,0.0,0.0001456588897990242
1.0,5.82,0.08,6.4406779661016955,0.77,30.245216381748712,0.0,0.0001456588897990242
1.0,5.82,0.08,6.4406779661016955,0.96,30.24529486084257,0.0,0.0001456588897990242
1.0,5.82,0.08,6.4406779661016955,1.15,30.245373334526846,0.0,0.0001456588897990242
1.0,5.82,0.08,6.4406779661016955,1.34,30.245451808166365,0.0,0.0001456588897990242
1.0,5.82,0.08,6.4406779661016955,1.53,30.24553028348565,0.0,0.0001456588897990242
1.0,5.82,0.08,6.4406779661016955,1.72,30.24560876072242,0.0,0.0001456588897990242
1.0,5.82,0.08,6.4406779661016955,1.91,30.245687239829444,0.0,0.0001456588897990242
1.0,5.82,0.08,6.4406779661016955,2.1,30.24576571026502,0.0,0.0001456588897990242
1.0,5.82,0.08,6.4406779661016955,2.29,30.2458441731902,0.0,0.0001456588897990242
1.0,5.82,0.08,6.4406779661016955,2.4800000000000004,30.245922637912443,0.0,0.0001456588897990242
1.0,5.82,0.08,6.4406779661016955,2.6700000000000004,30.246001104498312,0.0,0.0001456588897990242
1.0,5.82,0.08,6.4406779661016955,2.8600000000000003,30.246079572937184,0.0,0.0001456588897990242
1.0,5.82,0.08,6.4406779661016955,3.0500000000000003,30.246158043199188,0.0,0.0001456588897990242
1.0,5.82,0.08,6.4406779661016955,3.24,30.2462365153142,0.0,0.0001456588897990242
1.0,5.82,0.08,6.4406779661016955,3.43,30.246314989301297,0.0,0.0001456588897990242
1.0,5.82,0.08,6.4406779661016955,3.62,30.246393465124513,0.0,0.0001456588897990242
1.0,5.82,0.08,6.4406779661016955,3.81,30.246471942757402,0.0,0.0001456588897990242
1.0,5.82,0.08,6.4406779661016955,4.0,30.24655042226776,0.0,0.0001456588897990242
1.0,5.82,0.08,6.711864406779661,0.2,-0.21506689035745552,0.0,1.944616747494886e-07
1.0,5.82,0.08,6.711864406779661,0.39,-0.21504736030247074,0.0,1.944616747494886e-07
1.0,5.82,0.08,6.711864406779661,0.5800000000000001,-0.21502782975811385,0.0,1.944616747494886e-07
1.0,5.82,0.08,6.711864406779661,0.77,-0.2150082997991163,0.0,1.944616747494886e-07
1.0,5.82,0.08,6.711864406779661,0.96,-0.21498876991786986,0.0,1.944616747494886e-07
1.0,5.82,0.08,6.711864406779661,1.15,-0.21496924125160888,0.0,1.944616747494886e-07
1.0,5.82,0.08,6.711864406779661,1.34,-0.2149497127326221,0.0,1.944616747494886e-07
1.0,5.82,0.08,6.711864406779661,1.53,-0.21493018403095832,0.0,1.944616747494886e-07
1.0,5.82,0.08,6.711864406779661,1.72,-0.2149106550837736,0.0,1.944616747494886e-07
1.0,5.82,0.08,6.711864406779661,1.91,-0.2148911258333115,0.0,1.944616747494886e-07
1.0,5.82,0.08,6.711864406779661,2.1,-0.21487159856048876,0.0,1.944616747494886e-07
1.0,5.82,0.08,6.711864406779661,2.29,-0.2148520730258774,0.0,1.944616747494886e-07
1.0,5.82,0.08,6.711864406779661,2.4800000000000004,-0.21483254719030143,0.0,1.944616747494886e-07
1.0,5.82,0.08,6.711864406779661,2.6700000000000004,-0.2148130211527608,0.0,1.944616747494886e-07
1.0,5.82,0.08,6.711864406779661,2.8600000000000003,-0.21479349485131038,0.0,1.944616747494886e-07
1.0,5.82,0.08,6.711864406779661,3.0500000000000003,-0.2147739683180312,0.0,1.944616747494886e-07
1.0,5.82,0.08,6.711864406779661,3.24,-0.21475444151986167,0.0,1.944616747494886e-07
1.0,5.82,0.08,6.711864406779661,3.43,-0.2147349144493056,0.0,1.944616747494886e-07
1.0,5.82,0.08,6.711864406779661,3.62,-0.21471538712178173,0.0,1.944616747494886e-07
1.0,5.82,0.08,6.711864406779661,3.81,-0.21469585958978854,0.0,1.944616747494886e-07
1.0,5.82,0.08,6.711864406779661,4.0,-0.21467633176576584,0.0,1.944616747494886e-07
1.0,5.82,0.12,5.627118644067797,0.2,14.050244371755156,0.0,1.0
1.0,5.82,0.12,5.627118644067797,0.39,14.051109446753273,0.0,1.0
1.0,5.82,0.12,5.627118644067797,0.5800000000000001,14.05197482628774,0.0,1.0
1.0,5.82,0.12,5.627118644067797,0.77,14.052839911789711,0.0,1.0
1.0,5.82,0.12,5.627118644067797,0.96,14.053705231426115,0.0,1.0
1.0,5.82,0.12,5.627118644067797,1.15,14.054569931262343,0.0,1.0
1.0,5.82,0.12,5.627118644067797,1.34,14.055434689048418,0.0,1.0
1.0,5.82,0.12,5.627118644067797,1.53,14.05629975133813,0.0,1.0
1.0,5.82,0.12,5.627118644067797,1.72,14.057165118222201,0.0,1.0
1.0,5.82,0.12,5.627118644067797,1.91,14.058030789757524,0.0,1.0
1.0,5.82,0.12,5.627118644067797,2.1,14.058895445243635,0.0,1.0
1.0,5.82,0.12,5.627118644067797,2.29,14.059759216405297,0.0,1.0
1.0,5.82,0.12,5.627118644067797,2.4800000000000004,14.060623291884966,0.0,1.0
1.0,5.82,0.12,5.627118644067797,2.6700000000000004,14.061487671761988,0.0,1.0
1.0,5.82,0.12,5.627118644067797,2.8600000000000003,14.062352356107077,0.0,1.0
1.0,5.82,0.12,5.627118644067797,3.0500000000000003,14.063217344992708,0.0,1.0
1.0,5.82,0.12,5.627118644067797,3.24,14.064082638486894,0.0,1.0
1.0,5.82,0.12,5.627118644067797,3.43,14.064948236666893,0.0,1.0
1.0,5.82,0.12,5.627118644067797,3.62,14.065814139605834,0.0,1.0
1.0,5.82,0.12,5.627118644067797,3.81,14.066680347374167,0.0,1.0
1.0,5.82,0.12,5.627118644067797,4.0,14.067546860044892,0.0,1.0
1.0,5.82,0.12,5.898305084745763,0.2,-13.038186183831364,0.0,0.0
1.0,5.82,0.12,5.898305084745763,0.39,-13.036718904166172,0.0,0.0
1.0,5.82,0.12,5.898305084745763,0.5800000000000001,-13.035251325943428,0.0,0.0
1.0,5.82,0.12,5.898305084745763,0.77,-13.033783990446778,0.0,0.0
1.0,5.82,0.12,5.898305084745763,0.96,-13.032316420181012,0.0,0.0
1.0,5.82,0.12,5.898305084745763,1.15,-13.030849387158916,0.0,0.0
1.0,5.82,0.12,5.898305084745763,1.34,-13.029382278677964,0.0,0.0
1.0,5.82,0.12,5.898305084745763,1.53,-13.027914871799616,0.0,0.0
1.0,5.82,0.12,5.898305084745763,1.72,-13.026447166470142,0.0,0.0
1.0,5.82,0.12,5.898305084745763,1.91,-13.024979162643547,0.0,0.0
1.0,5.82,0.12,5.898305084745763,2.1,-13.02351205437919,0.0,0.0
1.0,5.82,0.12,5.898305084745763,2.29,-13.022045722537882,0.0,0.0
1.0,5.82,0.12,5.898305084745763,2.4800000000000004,-13.020579092519803,0.0,0.0
1.0,5.82,0.12,5.898305084745763,2.6700000000000004,-13.019112164269103,0.0,0.0
1.0,5.82,0.12,5.898305084745763,2.8600000000000003,-13.017644937754476,0.0,0.0
1.0,5.82,0.12,5.898305084745763,3.0500000000000003,-13.016177412907751,0.0,0.0
1.0,5.82,0.12,5.898305084745763,3.24,-13.014709589706662,0.0,0.0
1.0,5.82,0.12,5.898305084745763,3.43,-13.013241468088154,0.0,0.0
1.0,5.82,0.12,5.898305084745763,3.62,-13.01177304801756,0.0,0.0
1.0,5.82,0.12,5.898305084745763,3.81,-13.010304329444338,0.0,0.0
1.0,5.82,0.12,5.898305084745763,4.0,-13.008835312309223,0.0,0.0
1.0,5.82,0.12,6.169491525423729,0.2,-0.7906554960706131,0.0,0.0
1.0,5.82,0.12,6.169491525423729,0.39,-0.7886349930710566,0.0,0.0
1.0,5.82,0.12,6.169491525423729,0.5800000000000001,-0.7866142976205168,0.0,0.0
1.0,5.82,0.12,6.169491525423729,0.77,-0.7845938668794759,0.0,0.0
1.0,5.82,0.12,6.169491525423729,0.96,-0.7825732975518775,0.0,0.0
1.0,5.82,0.12,6.169491525423729,1.15,-0.7805532418536956,0.0,0.0
1.0,5.82,0.12,6.169491525423729,1.34,-0.778533182105221,0.0,0.0
1.0,5.82,0.12,6.169491525423729,1.53,-0.7765129299497033,0.0,0.0
1.0,5.82,0.12,6.169491525423729,1.72,-0.7744924854291213,0.0,0.0
1.0,5.82,0.12,6.169491525423729,1.91,-0.7724718485043383,0.0,0.0
1.0,5.82,0.12,6.169491525423729,2.1,-0.7704520277439286,0.0,0.0
1.0,5.82,0.12,6.169491525423729,2.29,-0.768432922542786,0.0,0.0
1.0,5.82,0.12,6.169491525423729,2.4800000000000004,-0.7664136251116247,0.0,0.0
1.0,5.82,0.12,6.169491525423729,2.6700000000000004,-0.7643941354834709,0.0,0.0
1.0,5.82,0.12,6.169491525423729,2.8600000000000003,-0.7623744536072792,0.0,0.0
1.0,5.82,0.12,6.169491525423729,3.0500000000000003,-0.76035457945828,0.0,0.0
1.0,5.82,0.12,6.169491525423729,3.24,-0.7583345130212109,0.0,0.0
1.0,5.82,0.12,6.169491525423729,3.43,-0.7563142542729508,0.0,0.0
1.0,5.82,0.12,6.169491525423729,3.62,-0.75429380319801,0.0,0.0
1.0,5.82,0.12,6.169491525423729,3.81,-0.7522731597469061,0.0,0.0
1.0,5.82,0.12,6.169491525423729,4.0,-0.7502523239387244,0.0,0.0
1.0,5.82,0.12,6.4406779661016955,0.2,30.244888625762187,0.0,0.00013243000450889128
1.0,5.82,0.12,6.4406779661016955,0.39,30.244967104394632,0.0,0.00013243000450889128
1.0,5.82,0.12,6.4406779661016955,0.5800000000000001,30.245045584908553,0.0,0.00013243000450889128
1.0,5.82,0.12,6.4406779661016955,0.77,30.24512406257511,0.0,0.00013243000450889128
1.0,5.82,0.12,6.4406779661016955,0.96,30.245202541428945,0.0,0.00013243000450889128
1.0,5.82,0.12,6.4406779661016955,1.15,30.245281014873214,0.0,0.00013243000450889128
1.0,5.82,0.12,6.4406779661016955,1.34,30.24535948827274,0.0,0.00013243000450889128
1.0,5.82,0.12,6.4406779661016955,1.53,30.24543796335196,0.0,0.00013243000450889128
1.0,5.82,0.12,6.4406779661016955,1.72,30.245516440348723,0.0,0.00013243000450889128
1.0,5.82,0.12,6.4406779661016955,1.91,30.24559491921574,0.0,0.00013243000450889128
1.0,5.82,0.12,6.4406779661016955,2.1,30.245673389411323,0.0,0.00013243000450889128
1.0,5.82,0.12,6.4406779661016955,2.29,30.245751852096454,0.0,0.00013243000450889128
1.0,5.82,0.12,6.4406779661016955,2.4800000000000004,30.24583031657872,0.0,0.00013243000450889128
1.0,5.82,0.12,6.4406779661016955,2.6700000000000004,30.245908782924595,0.0,0.00013243000450889128
1.0,5.82,0.12,6.4406779661016955,2.8600000000000003,30.245987251123474,0.0,0.00013243000450889128
1.0,5.82,0.12,6.4406779661016955,3.0500000000000003,30.246065721145456,0.0,0.00013243000450889128
1.0,5.82,0.12,6.4406779661016955,3.24,30.246144193020477,0.0,0.00013243000450889128
1.0,5.82,0.12,6.4406779661016955,3.43,30.246222666767565,0.0,0.00013243000450889128
1.0,5.82,0.12,6.4406779661016955,3.62,30.246301142350774,0.0,0.00013243000450889128
1.0,5.82,0.12,6.4406779661016955,3.81,30.24637961974367,0.0,0.00013243000450889128
1.0,5.82,0.12,6.4406779661016955,4.0,30.246458099014006,0.0,0.00013243000450889128
1.0,5.82,0.12,6.711864406779661,0.2,-0.21506689038149673,0.0,1.9444927073871334e-07
1.0,5.82,0.12,6.711864406779661,0.39,-0.21504736032651195,0.0,1.9444927073871334e-07
1.0,5.82,0.12,6.711864406779661,0.5800000000000001,-0.21502782978214796,0.0,1.9444927073871334e-07
1.0,5.82,0.12,6.711864406779661,0.77,-0.21500829982315395,0.0,1.9444927073871334e-07
1.0,5.82,0.12,6.711864406779661,0.96,-0.21498876994191107,0.0,1.9444927073871334e-07
1.0,5.82,0.12,6.711864406779661,1.15,-0.21496924127564299,0.0,1.9444927073871334e-07
1.0,5.82,0.12,6.711864406779661,1.34,-0.21494971275666686,0.0,1.9444927073871334e-07
1.0,5.82,0.12,6.711864406779661,1.53,-0.21493018405499598,0.0,1.9444927073871334e-07
1.0,5.82,0.12,6.711864406779661,1.72,-0.21491065510781127,0.0,1.9444927073871334e-07
1.0,5.82,0.12,6.711864406779661,1.91,-0.2148911258573527,0.0,1.9444927073871334e-07
1.0,5.82,0.12,6.711864406779661,2.1,-0.21487159858452287,0.0,1.9444927073871334e-07
1.0,5.82,0.12,6.711864406779661,2.29,-0.2148520730499044,0.0,1.9444927073871334e-07
1.0,5.82,0.12,6.711864406779661,2.4800000000000004,-0.2148325472143391,0.0,1.9444927073871334e-07
1.0,5.82,0.12,6.711864406779661,2.6700000000000004,-0.2148130211767878,0.0,1.9444927073871334e-07
1.0,5.82,0.12,6.711864406779661,2.8600000000000003,-0.21479349487534094,0.0,1.9444927073871334e-07
1.0,5.82,0.12,6.711864406779661,3.0500000000000003,-0.2147739683420724,0.0,1.9444927073871334e-07
1.0,5.82,0.12,6.711864406779661,3.24,-0.21475444154389933,0.0,1.9444927073871334e-07
1.0,5.82,0.12,6.711864406779661,3.43,-0.2147349144733468,0.0,1.9444927073871334e-07
1.0,5.82,0.12,6.711864406779661,3.62,-0.21471538714582294,0.0,1.9444927073871334e-07
1.0,5.82,0.12,6.711864406779661,3.81,-0.21469585961382975,0.0,1.9444927073871334e-07
1.0,5.82,0.12,6.711864406779661,4.0,-0.2146763317897964,0.0,1.9444927073871334e-07
1.0,5.82,0.16,5.627118644067797,0.2,14.050244371755156,0.0,1.0
1.0,5.82,0.16,5.627118644067797,0.39,14.051109446753273,0.0,1.0
1.0,5.82,0.16,5.627118644067797,0.5800000000000001,14.05197482628774,0.0,1.0
1.0,5.82,0.16,5.627118644067797,0.77,14.052839911789711,0.0,1.0
1.0,5.82,0.16,5.627118644067797,0.96,14.053705231426115,0.0,1.0
1.0,5.82,0.16,5.627118644067797,1.15,14.054569931262343,0.0,1.0
1.0,5.82,0.16,5.627118644067797,1.34,14.055434689048418,0.0,1.0
1.0,5.82,0.16,5.627118644067797,1.53,14.05629975133813,0.0,1.0
1.0,5.82,0.16,5.627118644067797,1.72,14.057165118222201,0.0,1.0
1.0,5.82,0.16,5.627118644067797,1.91,14.058030789757524,0.0,1.0
1.0,5.82,0.16,5.627118644067797,2.1,14.058895445243635,0.0,1.0
1.0,5.82,0.16,5.627118644067797,2.29,14.059759216405297,0.0,1.0
1.0,5.82,0.16,5.627118644067797,2.4800000000000004,14.060623291884966,0.0,1.0
1.0,5.82,0.16,5.627118644067797,2.6700000000000004,14.061487671761988,0.0,1.0
1.0,5.82,0.16,5.627118644067797,2.8600000000000003,14.062352356107077,0.0,1.0
1.0,5.82,0.16,5.627118644067797,3.0500000000000003,14.063217344992708,0.0,1.0
1.0,5.82,0.16,5.627118644067797,3.24,14.064082638486894,0.0,1.0
1.0,5.82,0.16,5.627118644067797,3.43,14.064948236666893,0.0,1.0
1.0,5.82,0.16,5.627118644067797,3.62,14.065814139605834,0.0,1.0
1.0,5.82,0.16,5.627118644067797,3.81,14.066680347374167,0.0,1.0
1.0,5.82,0.16,5.627118644067797,4.0,14.067546860044892,0.0,1.0
1.0,5.82,0.16,5.898305084745763,0.2,-13.038186183831364,0.0,0.0
1.0,5.82,0.16,5.898305084745763,0.39,-13.036718904166172,0.0,0.0
1.0,5.82,0.16,5.898305084745763,0.5800000000000001,-13.035251325943428,0.0,0.0
1.0,5.82,0.16,5.898305084745763,0.77,-13.033783990446778,0.0,0.0
1.0,5.82,0.16,5.898305084745763,0.96,-13.032316420181012,0.0,0.0
1.0,5.82,0.16,5.898305084745763,1.15,-13.030849387158916,0.0,0.0
1.0,5.82,0.16,5.898305084745763,1.34,-13.029382278677964,0.0,0.0
1.0,5.82,0.16,5.898305084745763,1.53,-13.027914871799616,0.0,0.0
1.0,5.82,0.16,5.898305084745763,1.72,-13.026447166470142,0.0,0.0
1.0,5.82,0.16,5.898305084745763,1.91,-13.024979162643547,0.0,0.0
1.0,5.82,0.16,5.898305084745763,2.1,-13.02351205437919,0.0,0.0
1.0,5.82,0.16,5.898305084745763,2.29,-13.022045722537882,0.0,0.0
1.0,5.82,0.16,5.898305084745763,2.4800000000000004,-13.020579092519803,0.0,0.0
1.0,5.82,0.16,5.898305084745763,2.6700000000000004,-13.019112164269103,0.0,0.0
1.0,5.82,0.16,5.898305084745763,2.8600000000000003,-13.017644937754476,0.0,0.0
1.0,5.82,0.16,5.898305084745763,3.0500000000000003,-13.016177412907751,0.0,0.0
1.0,5.82,0.16,5.898305084745763,3.24,-13.014709589706662,0.0,0.0
1.0,5.82,0.16,5.898305084745763,3.43,-13.013241468088154,0.0,0.0
1.0,5.82,0.16,5.898305084745763,3.62,-13.01177304801756,0.0,0.0
1.0,5.82,0.16,5.898305084745763,3.81,-13.010304329444338,0.0,0.0
1.0,5.82,0.16,5.898305084745763,4.0,-13.008835312309223,0.0,0.0
1.0,5.82,0.16,6.169491525423729,0.2,-0.7906554960706131,0.0,0.0
1.0,5.82,0.16,6.169491525423729,0.39,-0.7886349930710566,0.0,0.0
1.0,5.82,0.16,6.169491525423729,0.5800000000000001,-0.7866142976205168,0.0,0.0
1.0,5.82,0.16,6.169491525423729,0.77,-0.7845938668794759,0.0,0.0
1.0,5.82,0.16,6.169491525423729,0.96,-0.7825732975518775,0.0,0.0
1.0,5.82,0.16,6.169491525423729,1.15,-0.7805532418536956,0.0,0.0
1.0,5.82,0.16,6.169491525423729,1.34,-0.778533182105221,0.0,0.0
1.0,5.82,0.16,6.169491525423729,1.53,-0.7765129299497033,0.0,0.0
1.0,5.82,0.16,6.169491525423729,1.72,-0.7744924854291213,0.0,0.0
1.0,5.82,0.16,6.169491525423729,1.91,-0.7724718485043383,0.0,0.0
1.0,5.82,0.16,6.169491525423729,2.1,-0.7704520277439286,0.0,0.0
1.0,5.82,0.16,6.169491525423729,2.29,-0.768432922542786,0.0,0.0
1.0,5.82,0.16,6.169491525423729,2.4800000000000004,-0.7664136251116247,0.0,0.0
1.0,5.82,0.16,6.169491525423729,2.6700000000000004,-0.7643941354834709,0.0,0.0
1.0,5.82,0.16,6.169491525423729,2.8600000000000003,-0.7623744536072792,0.0,0.0
1.0,5.82,0.16,6.169491525423729,3.0500000000000003,-0.76035457945828,0.0,0.0
1.0,5.82,0.16,6.169491525423729,3.24,-0.7583345130212109,0.0,0.0
1.0,5.82,0.16,6.169491525423729,3.43,-0.7563142542729508,0.0,0.0
1.0,5.82,0.16,6.169491525423729,3.62,-0.75429380319801,0.0,0.0
1.0,5.82,0.16,6.169491525423729,3.81,-0.7522731597469061,0.0,0.0
1.0,5.82,0.16,6.169491525423729,4.0,-0.7502523239387244,0.0,0.0
1.0,5.82,0.16,6.4406779661016955,0.2,30.243964462376354,0.0,0.0
1.0,5.82,0.16,6.4406779661016955,0.39,30.244042938605986,0.0,0.0
1.0,5.82,0.16,6.4406779661016955,0.5800000000000001,30.24412141671715,0.0,0.0
1.0,5.82,0.16,6.4406779661016955,0.77,30.24419989198092,0.0,0.0
1.0,5.82,0.16,6.4406779661016955,0.96,30.244278368431985,0.0,0.0
1.0,5.82,0.16,6.4406779661016955,1.15,30.244356839473568,0.0,0.0
1.0,5.82,0.16,6.4406779661016955,1.34,30.24443531047038,0.0,0.0
1.0,5.82,0.16,6.4406779661016955,1.53,30.244513783146957,0.0,0.0
1.0,5.82,0.16,6.4406779661016955,1.72,30.24459225774099,0.0,0.0
1.0,5.82,0.16,6.4406779661016955,1.91,30.24467073420528,0.0,0.0
1.0,5.82,0.16,6.4406779661016955,2.1,30.244749201998246,0.0,0.0
1.0,5.82,0.16,6.4406779661016955,2.29,30.24482766228089,0.0,0.0
1.0,5.82,0.16,6.4406779661016955,2.4800000000000004,30.244906124360625,0.0,0.0
1.0,5.82,0.16,6.4406779661016955,2.6700000000000004,30.24498458830397,0.0,0.0
1.0,5.82,0.16,6.4406779661016955,2.8600000000000003,30.245063054100264,0.0,0.0
1.0,5.82,0.16,6.4406779661016955,3.0500000000000003,30.245141521719688,0.0,0.0
1.0,5.82,0.16,6.4406779661016955,3.24,30.24521999119211,0.0,0.0
1.0,5.82,0.16,6.4406779661016955,3.43,30.245298462536567,0.0,0.0
1.0,5.82,0.16,6.4406779661016955,3.62,30.24537693571719,0.0,0.0
1.0,5.82,0.16,6.4406779661016955,3.81,30.245455410707457,0.0,0.0
1.0,5.82,0.16,6.4406779661016955,4.0,30.245533887575135,0.0,0.0
1.0,5.82,0.16,6.711864406779661,0.2,-0.21506726694990164,0.0,0.0
1.0,5.82,0.16,6.711864406779661,0.39,-0.2150477368956345,0.0,0.0
1.0,5.82,0.16,6.711864406779661,0.5800000000000001,-0.21502820635199527,0.0,0.0
1.0,5.82,0.16,6.711864406779661,0.77,-0.21500867639369758,0.0,0.0
1.0,5.82,0.16,6.711864406779661,0.96,-0.21498914651317236,0.0,0.0
1.0,5.82,0.16,6.711864406779661,1.15,-0.21496961784761837,0.0,0.0
1.0,5.82,0.16,6.711864406779661,1.34,-0.21495008932934923,0.0,0.0
1.0,5.82,0.16,6.711864406779661,1.53,-0.2149305606284031,0.0,0.0
1.0,5.82,0.16,6.711864406779661,1.72,-0.21491103168192893,0.0,0.0
1.0,5.82,0.16,6.711864406779661,1.91,-0.2148915024321738,0.0,0.0
1.0,5.82,0.16,6.711864406779661,2.1,-0.21487197516006162,0.0,0.0
1.0,5.82,0.16,6.711864406779661,2.29,-0.21485244962616434,0.0,0.0
1.0,5.82,0.16,6.711864406779661,2.4800000000000004,-0.21483292379129537,0.0,0.0
1.0,5.82,0.16,6.711864406779661,2.6700000000000004,-0.21481339775447594,0.0,0.0
1.0,5.82,0.16,6.711864406779661,2.8600000000000003,-0.21479387145373963,0.0,0.0
1.0,5.82,0.16,6.711864406779661,3.0500000000000003,-0.21477434492117453,0.0,0.0
1.0,5.82,0.16,6.711864406779661,3.24,-0.214754818123712,0.0,0.0
1.0,5.82,0.16,6.711864406779661,3.43,-0.21473529105387712,0.0,0.0
1.0,5.82,0.16,6.711864406779661,3.62,-0.21471576372706025,0.0,0.0
1.0,5.82,0.16,6.711864406779661,3.81,-0.2146962361957776,0.0,0.0
1.0,5.82,0.16,6.711864406779661,4.0,-0.21467670837245834,0.0,0.0
