D,eta,mu_ee,mu_mumu,mu_tautau,chi2_mumu
4.0,0.2,0.17402066945882977,2.8866918443663607,22.848414926349708,13.81407900065907
4.271186440677966,0.2,0.16687852240888304,7.680643778607413,8.039015698915579,246.540539211
4.5423728813559325,0.2,0.39613961561217986,10.838268482735801,9.25505697268852,556.7556997012747
4.813559322033898,0.2,1.1290746951621946,19.843547917856863,16.364294229413538,2126.027873739264
5.084745762711864,0.2,2.001184205453873,23.102271312095294,18.642989108785166,2943.678625648715
5.3559322033898304,0.2,5.597156296948133,27.984892956246366,20.98214727265129,4417.228334344235
5.627118644067797,0.2,28.23381520629126,44.43640637872877,40.26702156278094,11575.82671246929
5.898305084745763,0.2,21.941182553015818,92.74032575905672,60.533097700876354,52144.09443606623
6.169491525423728,0.2,25.42352392655356,101.71633360638435,87.85523108926408,62896.04242642123
6.4406779661016955,0.2,30.99264302712207,61.75579165918126,93.10105395799681,22767.63491754059
6.711864406779661,0.2,6.2552316280615194,29.252645738340505,12.879823857313916,4848.561716409359
6.983050847457627,0.2,7.272869859188856,4.715162980495693,11.773540317340686,68.68940992030677
7.254237288135593,0.2,8.283871160395629,4.5569759776311205,10.429093034729439,62.290608270874806
7.525423728813559,0.2,8.174208857100236,4.067233455270901,8.234006143572895,44.463339405727176
7.796610169491526,0.2,7.916652626846469,3.60267723023954,5.975671152529891,30.323668628848313
8.067796610169491,0.2,7.425087110912942,3.120278482797443,4.916533224909112,18.495987864849194
8.338983050847457,0.2,6.833794302780043,2.674212437289911,4.4345075866261565,10.147608345901851
8.610169491525424,0.2,6.291996646373284,2.3086510927254573,3.136511588321383,5.160292551944798
8.881355932203391,0.2,5.551791408328551,1.9177425806052573,2.728945786525564,1.6753586235736964
9.152542372881356,0.2,4.503273347156099,1.472955205818883,2.1964323760640956,0.03326538785047251
9.423728813559322,0.2,1.6966622654211136,1.92292244172966,1.7455622259520158,1.7090492504031856
9.694915254237287,0.2,1.3375807702094327,1.4208491262022815,1.3538717757013188,0.0027167878962416655
9.966101694915254,0.2,1.017394101118813,1.0173939823601954,1.0173940075767975,0.91492102958869
10.237288135593221,0.2,0.7594774590047321,0.7178283902967946,0.7530788889204371,2.908488156781639
10.508474576271187,0.2,0.5548169073398481,0.49744146962664787,0.5472280802883072,5.0913243796856555
10.779661016949152,0.2,0.39611717438478894,0.33802612683072847,0.389681858090367,7.048678170588397
11.050847457627118,0.2,0.2779809012126391,0.22646794505207732,0.2733833791184951,8.607359274939338
11.322033898305085,0.2,0.1914765308542594,0.14934833663458455,0.18862230020427928,9.775809894241753
11.593220338983052,0.2,0.12945381836757017,0.09692296249212735,0.12794519515266453,10.612561035501836
11.864406779661017,0.2,0.0861283794352211,0.06204975362038488,0.08552322680517913,11.188192886170453
12.135593220338983,0.2,0.0568862111729532,0.03946492898402535,0.057026595540413616,11.569097996652765
12.40677966101695,0.2,0.006779018616679004,0.001491356533988501,0.0028908869613971737,12.223915161557144
12.677966101694915,0.2,0.004402583233529057,0.0009558114586439648,0.0019243330109472143,12.233279009320883
12.94915254237288,0.2,0.0028132373355894756,0.0006036803163049535,0.0012615461641660199,12.239437872151688
13.220338983050848,0.2,0.0017692291912988873,0.0003757622158970001,0.0008144957566025311,12.243425043704567
13.491525423728813,0.2,0.001095753454555905,0.00023047280970861175,0.0005179522744040915,12.24596705781582
13.76271186440678,0.2,0.0006680218189319228,0.00013938476356051328,0.0003244437052959332,12.247560888063392
14.033898305084746,0.2,0.00040085284817799116,8.314252692763158e-05,0.00020024936728456016,12.248545048983013
14.305084745762711,0.2,0.0002372055680278686,4.880027394663017e-05,0.00012199488527770269,12.249146010090097
14.576271186440678,0.2,8.298773464302607e-05,4.991637621880791e-05,7.307895945811148e-05,12.249126478988945
14.847457627118644,0.2,4.822615900928146e-05,2.862117520188951e-05,4.3263850704513224e-05,12.249499134553789
15.11864406779661,0.2,2.7925411865826154e-05,1.6010713045774566e-05,2.5123643424910563e-05,12.249719814123837
15.389830508474576,0.2,1.5733423978385118e-05,8.931937525685882e-06,1.4452454328278085e-05,12.24984369159192
15.661016949152541,0.2,8.799976151893776e-06,4.879213432522906e-06,1.0520834656121529e-05,12.249914613913718
15.932203389830509,0.2,4.896575557245847e-06,2.652429421170123e-06,1.0520835173872323e-05,12.249953582529098
16.203389830508474,0.2,2.5691024856245057e-06,1.454174887408324e-06,1.052083530422947e-05,12.249974551952684
16.474576271186443,0.2,1.4757365620987274e-06,7.253116317761663e-07,1.0520835305404124e-05,12.249987307049727
16.74576271186441,0.2,7.773615871246412e-07,3.7757155841771525e-07,1.0520835306424401e-05,12.249993392498617
17.016949152542374,0.2,4.0384041707524673e-07,1.9389560207844395e-07,1.0520835306858837e-05,12.249996606827198
17.28813559322034,0.2,3.5686212171197275e-07,7.201193024188099e-08,1.0520835307138399e-05,12.249998739791252
17.559322033898304,0.2,3.5686212171978075e-07,7.201193024345657e-08,1.052083530736859e-05,12.249998739791252
17.83050847457627,0.2,3.5686212172095193e-07,7.201193024369291e-08,1.0520835307403119e-05,12.249998739791252
18.101694915254235,0.2,3.5686212172095193e-07,7.201193024369291e-08,1.0520835307403119e-05,12.249998739791252
18.372881355932204,0.2,3.5686212172095193e-07,7.201193024369291e-08,1.0520835307403119e-05,12.249998739791252
18.64406779661017,0.2,3.5686212172095193e-07,7.201193024369291e-08,1.0520835307403119e-05,12.249998739791252
18.915254237288135,0.2,3.5686212172095193e-07,7.201193024369291e-08,1.0520835307403119e-05,12.249998739791252
19.186440677966104,0.2,3.5686212172095193e-07,7.201193024369291e-08,1.0520835307403119e-05,12.249998739791252
19.45762711864407,0.2,3.5686212172095193e-07,7.201193024369291e-08,1.0520835307403119e-05,12.249998739791252
19.728813559322035,0.2,3.5686212172095193e-07,7.201193024369291e-08,1.0520835307403119e-05,12.249998739791252
20.0,0.2,3.5686212172095193e-07,7.201193024369291e-08,1.0520835307403119e-05,12.249998739791252
4.0,0.39,0.1791137698537392,2.9303972991385363,22.846735050026258,14.638224332565791
4.271186440677966,0.39,0.16953538815878053,7.754494972022359,8.06957024224362,252.37253968410897
4.5423728813559325,0.39,0.3998180496659328,10.908944007095025,9.294897780998722,565.1251008129274
4.813559322033898,0.39,1.1314671767991096,19.861021470449572,16.364363435177925,2130.0582108275003
5.084745762711864,0.39,2.003570212912541,23.117593569399183,18.649104082064973,2947.8366902850553
5.3559322033898304,0.39,5.601263423589908,27.999108309409397,20.990083922412,4421.953517848076
5.627118644067797,0.39,28.23799953379932,44.43869332980526,40.26704430660115,11577.057022106399
5.898305084745763,0.39,21.943155414609862,92.744684619721,60.53467928964621,52149.07130172683
6.169491525423728,0.39,25.424882482350835,101.71989566073242,87.85757464189409,62900.50915862649
6.4406779661016955,0.39,30.992973511874084,61.75595810521199,93.10098972605405,22767.76049248815
6.711864406779661,0.39,6.255266650117242,29.252694579691628,12.879833130819609,4848.5787209348955
6.983050847457627,0.39,7.272890474145271,4.715168816637401,11.77354802519011,68.6896517675314
7.254237288135593,0.39,8.283877724325961,4.556976412045888,10.429091400532325,62.29062541383829
7.525423728813559,0.39,8.174212158345847,4.067233834407705,8.234006026483243,44.46335204630766
7.796610169491526,0.39,7.9166541360439115,3.60267741036539,5.975671176303089,30.32367358833738
8.067796610169491,0.39,7.425087591034297,3.1202784840274895,4.916533120089466,18.49598789129948
8.338983050847457,0.39,6.833794518691937,2.6742124499137483,4.4345075646454335,10.14760854696998
8.610169491525424,0.39,6.291996739335254,2.3086510990012004,3.1365115785477524,5.1602926232255575
8.881355932203391,0.39,5.551791438313454,1.917742573680952,2.7289457888390225,1.6753585787610998
9.152542372881356,0.39,4.503273367114157,1.4729552025567143,2.1964323704139286,0.03326538487557017
9.423728813559322,0.39,1.6966622797037585,1.9229224393324706,1.745562198415198,1.7090492347338846
9.694915254237287,0.39,1.3375807825614643,1.420849114683356,1.3538717812926881,0.0027167848942483276
9.966101694915254,0.39,1.0173940231207195,1.0173940497351224,1.0173940073668033,0.9149207073630622
10.237288135593221,0.39,0.7594773411350269,0.7178284565730787,0.753078990687059,2.9084875916341737
10.508474576271187,0.39,0.5548168585921225,0.49744152923587576,0.5472280216824464,5.091323707175463
10.779661016949152,0.39,0.39611715078001397,0.33802613355179406,0.3896818968156428,7.048678081368449
11.050847457627118,0.39,0.2779810070652522,0.22646785765298597,0.27338338625220826,8.607360557009827
11.322033898305085,0.39,0.19147655966128654,0.1493482947267476,0.18862243044221844,9.775810549393084
11.593220338983052,0.39,0.12945355592298885,0.09692309860090398,0.12794535357768153,10.612558818499181
11.864406779661017,0.39,0.08612805391366542,0.062050052077601364,0.0855228684098526,11.188187894659682
12.135593220338983,0.39,0.056886077110000675,0.039465043086790795,0.05702637485582649,11.569096056142671
12.40677966101695,0.39,0.006779088662992532,0.0014913502867537121,0.002890835618725627,12.223915270767293
12.677966101694915,0.39,0.004402522503940429,0.000955815422317807,0.0019243892432949427,12.233278940003947
12.94915254237288,0.39,0.0028133052818671263,0.0006036718759716882,0.0012615139113734573,12.239438019793829
13.220338983050848,0.39,0.001769366861940046,0.0003757411430758885,0.0008144464677284957,12.243425412379962
13.491525423728813,0.39,0.0010956722095538706,0.00023049488746347747,0.0005179028927583188,12.245966671518719
13.76271186440678,0.39,0.000667879631373746,0.00013939275530368424,0.0003245855252394826,12.247560748221808
14.033898305084746,0.39,0.0004010825787684863,8.308961972607169e-05,0.00020025780484951672,12.24854597480407
14.305084745762711,0.39,0.00023716377983718032,4.88287150686902e-05,0.0001218669631429257,12.249145512387818
14.576271186440678,0.39,8.27668634171203e-05,5.003839429942313e-05,7.314829770888467e-05,12.249124343748765
14.847457627118644,0.39,4.8355258144432676e-05,2.855733523783716e-05,4.319241765843893e-05,12.249500251730343
15.11864406779661,0.39,2.7814685177440902e-05,1.6092082797916375e-05,2.5102731599395954e-05,12.249718390169503
15.389830508474576,0.39,1.564364529315494e-05,9.006172522261774e-06,1.4410333269045101e-05,12.249842392487801
15.661016949152541,0.39,8.7113335217147e-06,4.945568248233268e-06,1.0520834662919825e-05,12.249913452708519
15.932203389830509,0.39,4.8829086617388705e-06,2.652297737268039e-06,1.0520835175243275e-05,12.249953584833563
16.203389830508474,0.39,2.5627939540244396e-06,1.4568634457338224e-06,1.0520835304244709e-05,12.249974504902962
16.474576271186443,0.39,1.3838759610009615e-06,7.625356240477772e-07,1.0520835305417375e-05,12.249986655630211
16.74576271186441,0.39,7.773615871276208e-07,3.775715584191625e-07,1.0520835306464726e-05,12.249993392498617
17.016949152542374,0.39,4.03840417076442e-07,1.9389560207901781e-07,1.0520835306889978e-05,12.249996606827198
17.28813559322034,0.39,3.568621217125377e-07,7.201193024199499e-08,1.0520835307155053e-05,12.249998739791252
17.559322033898304,0.39,3.5686212171985444e-07,7.201193024347145e-08,1.0520835307370764e-05,12.249998739791252
17.83050847457627,0.39,3.5686212172095193e-07,7.201193024369291e-08,1.0520835307403119e-05,12.249998739791252
18.101694915254235,0.39,3.5686212172095193e-07,7.201193024369291e-08,1.0520835307403119e-05,12.249998739791252
18.372881355932204,0.39,3.5686212172095193e-07,7.201193024369291e-08,1.0520835307403119e-05,12.249998739791252
18.64406779661017,0.39,3.5686212172095193e-07,7.201193024369291e-08,1.0520835307403119e-05,12.249998739791252
18.915254237288135,0.39,3.5686212172095193e-07,7.201193024369291e-08,1.0520835307403119e-05,12.249998739791252
19.186440677966104,0.39,3.5686212172095193e-07,7.201193024369291e-08,1.0520835307403119e-05,12.249998739791252
19.45762711864407,0.39,3.5686212172095193e-07,7.201193024369291e-08,1.0520835307403119e-05,12.249998739791252
19.728813559322035,0.39,3.5686212172095193e-07,7.201193024369291e-08,1.0520835307403119e-05,12.249998739791252
20.0,0.39,3.5686212172095193e-07,7.201193024369291e-08,1.0520835307403119e-05,12.249998739791252
4.0,0.5800000000000001,0.18434256523899015,2.9746681818352774,22.847022100455227,15.497374268027615
4.271186440677966,0.5800000000000001,0.17224118983259756,7.829426534192122,8.100784514821692,258.3595347410857
4.5423728813559325,0.5800000000000001,0.4035451588443059,10.980495743889495,9.335294125071046,573.6618668667795
4.813559322033898,0.5800000000000001,1.1338643477923298,19.87851191256123,16.364443701093194,2134.096265641671
5.084745762711864,0.5800000000000001,2.005959629656415,23.132934406645713,18.655229725605164,2952.002737022282
5.3559322033898304,0.5800000000000001,5.605375031710583,28.013338682619462,20.99802978141903,4426.686223973809
5.627118644067797,0.5800000000000001,28.242184443299816,44.44098048768735,40.26706725274043,11578.287508384268
5.898305084745763,0.5800000000000001,21.945128491264846,92.7490439119661,60.536261102710725,52154.04889768943
6.169491525423728,0.5800000000000001,25.426241142156055,101.72345798053402,87.85991838772524,62904.976382324836
6.4406779661016955,0.5800000000000001,30.993303999225787,61.75612455217993,93.10092549636872,22767.886068489104
6.711864406779661,0.5800000000000001,6.2553016722884385,29.252743421240478,12.879842404622096,4848.595725559092
6.983050847457627,0.5800000000000001,7.272911089330823,4.715174652807243,11.773555732767042,68.68989361634765
7.254237288135593,0.5800000000000001,8.283884288893011,4.556976846261481,10.429089766197379,62.29064254894429
7.525423728813559,0.5800000000000001,8.174215459251545,4.067234213494436,8.234005910099407,44.463364685220526
7.796610169491526,0.5800000000000001,7.916655640855221,3.6026775919880984,5.9756711996527585,30.323678589040544
8.067796610169491,0.5800000000000001,7.4250880770185965,3.120278483373229,4.9165330155187785,18.4959878772306
8.338983050847457,0.5800000000000001,6.833794747177159,2.6742124597294383,4.434507539740532,10.14760870331091
8.610169491525424,0.5800000000000001,6.291996839721161,2.3086511031805306,3.1365115685885137,5.160292670694971
8.881355932203391,0.5800000000000001,5.551791465187112,1.9177425716113425,2.7289457778457042,1.6753585653670389
9.152542372881356,0.5800000000000001,4.5032733690252025,1.472955202456971,2.196432370782083,0.03326538478461023
9.423728813559322,0.5800000000000001,1.6966622929121342,1.9229224262980247,1.745562197441806,1.7090491495338322
9.694915254237287,0.5800000000000001,1.3375807859627278,1.4208491097998377,1.3538717823522368,0.0027167836215355743
9.966101694915254,0.5800000000000001,1.0173940494192073,1.017394028925557,1.0173940067289937,0.9149208068863591
10.237288135593221,0.5800000000000001,0.7594773828026371,0.7178284265928705,0.7530789730170805,2.9084878472797406
10.508474576271187,0.5800000000000001,0.5548168062128761,0.4974415329337079,0.5472281476185388,5.091323665456592
10.779661016949152,0.5800000000000001,0.3961172085367484,0.338026092840751,0.3896818646781325,7.048678621794254
11.050847457627118,0.5800000000000001,0.2779809367604508,0.2264678876782164,0.27338346133841634,8.607360116565166
11.322033898305085,0.5800000000000001,0.19147659157992983,0.14934829742383093,0.1886223047699899,9.775810507229187
11.593220338983052,0.5800000000000001,0.12945347199541113,0.09692315045441356,0.1279454147010095,10.612557973885316
11.864406779661017,0.5800000000000001,0.08612807949185593,0.06205003138864916,0.08552288168382965,11.188188240669463
12.135593220338983,0.5800000000000001,0.056885822176490915,0.03946520189803207,0.05702646245570956,11.56909335528976
12.40677966101695,0.5800000000000001,0.006779026073729299,0.0014913680552456903,0.0028908206892944077,12.223914960149923
12.677966101694915,0.5800000000000001,0.0044024600547991465,0.0009558294948138749,0.001924390490400541,12.2332786939034
12.94915254237288,0.5800000000000001,0.002813325735660868,0.0006036683268973056,0.00126150145524385,12.239438081875852
13.220338983050848,0.5800000000000001,0.0017694143351315672,0.00037573387651698194,0.0008144294714602503,12.243425539510614
13.491525423728813,0.5800000000000001,0.001095628178839781,0.00023049913151489002,0.0005179479511922311,12.245966597260045
13.76271186440678,0.5800000000000001,0.0006679583295041707,0.00013938506317568092,0.0003245309152212644,12.247560882820645
14.033898305084746,0.5800000000000001,0.00040096589554919186,8.310573330373441e-05,0.00020034234577880498,12.248545692833199
14.305084745762711,0.5800000000000001,0.00023714937518050624,4.883852309031841e-05,0.0001218228756711432,12.249145340753424
14.576271186440678,0.5800000000000001,8.282836794997626e-05,5.001717818356711e-05,7.308086079517606e-05,12.249124715017523
14.847457627118644,0.5800000000000001,4.8350117698609596e-05,2.8578727925739677e-05,4.312349701642625e-05,12.249499877365945
15.11864406779661,0.5800000000000001,2.7773050473280537e-05,1.6118149352358433e-05,2.5092353416819132e-05,12.249717934010048
15.389830508474576,0.5800000000000001,1.573612552416076e-05,8.957248494985049e-06,1.438984811313337e-05,12.249843248652788
15.661016949152541,0.5800000000000001,8.8032494864596e-06,4.8956882934224706e-06,1.05208346697652e-05,12.249914325604662
15.932203389830509,0.5800000000000001,4.86632346576108e-06,2.645832450628355e-06,1.0520835176616791e-05,12.249953697975862
16.203389830508474,0.5800000000000001,2.6747678474968684e-06,1.391821473060206e-06,1.052083530428738e-05,12.249975643136327
16.474576271186443,0.5800000000000001,1.4146784377639164e-06,7.498154270071413e-07,1.0520835305450857e-05,12.249986878233539
16.74576271186441,0.5800000000000001,7.773615871306008e-07,3.7757155842060977e-07,1.0520835306505055e-05,12.249993392498617
17.016949152542374,0.5800000000000001,3.5686212170431896e-07,2.145523053441273e-07,1.0520835306912753e-05,12.249996245334945
17.28813559322034,0.5800000000000001,3.5686212171310274e-07,7.201193024210901e-08,1.0520835307171713e-05,12.249998739791252
17.559322033898304,0.5800000000000001,3.5686212171992813e-07,7.201193024348631e-08,1.0520835307372935e-05,12.249998739791252
17.83050847457627,0.5800000000000001,3.5686212172095193e-07,7.201193024369291e-08,1.0520835307403119e-05,12.249998739791252
18.101694915254235,0.5800000000000001,3.5686212172095193e-07,7.201193024369291e-08,1.0520835307403119e-05,12.249998739791252
18.372881355932204,0.5800000000000001,3.5686212172095193e-07,7.201193024369291e-08,1.0520835307403119e-05,12.249998739791252
18.64406779661017,0.5800000000000001,3.5686212172095193e-07,7.201193024369291e-08,1.0520835307403119e-05,12.249998739791252
18.915254237288135,0.5800000000000001,3.5686212172095193e-07,7.201193024369291e-08,1.0520835307403119e-05,12.249998739791252
19.186440677966104,0.5800000000000001,3.5686212172095193e-07,7.201193024369291e-08,1.0520835307403119e-05,12.249998739791252
19.45762711864407,0.5800000000000001,3.5686212172095193e-07,7.201193024369291e-08,1.0520835307403119e-05,12.249998739791252
19.728813559322035,0.5800000000000001,3.5686212172095193e-07,7.201193024369291e-08,1.0520835307403119e-05,12.249998739791252
20.0,0.5800000000000001,3.5686212172095193e-07,7.201193024369291e-08,1.0520835307403119e-05,12.249998739791252
4.0,0.77,0.18967923825806376,3.0190165804717504,22.845540400445774,16.382591799015245
4.271186440677966,0.77,0.17497077329768687,7.9042749151250655,8.13145019923107,264.4099510720324
4.5423728813559325,0.77,0.4072743488891009,11.05165088174102,9.375162536280117,582.2147796438263
4.813559322033898,0.77,1.1362647410320208,19.895993426829776,16.364513778033054,2138.136080283314
5.084745762711864,0.77,2.0083500544232047,23.148266107991546,18.66134368609046,2956.169241900086
5.3559322033898304,0.77,5.609485669952338,28.02755682672823,21.00596442362728,4431.417391004006
5.627118644067797,0.77,28.246369645088553,44.443267396462296,40.26708998813075,11579.517926020962
5.898305084745763,0.77,21.94710158582465,92.75340280287247,60.53784259629993,52159.026272899166
6.169491525423728,0.77,25.42759974474425,101.72701992021403,87.86226176946575,62909.44328794388
6.4406779661016955,0.77,30.993634487644798,61.75629099672953,93.10086126406075,22768.011643011843
6.711864406779661,0.77,6.255336694469721,29.252792261647695,12.87985167807406,4848.612729815635
6.983050847457627,0.77,7.272931704347161,4.715180488870122,11.77356344008788,68.69013546115714
7.254237288135593,0.77,8.283890852900589,4.556977280521024,10.429088132042148,62.290659685787
7.525423728813559,0.77,8.174218759618686,4.0672345925111255,8.234005794336042,44.46337732179994
7.796610169491526,0.77,7.916657147342932,3.6026777730182884,5.975671223002283,30.323683573430035
8.067796610169491,0.77,7.425088562590438,3.120278482683533,4.916532911728105,18.49598786239974
8.338983050847457,0.77,6.833794978311459,2.6742124685743986,4.434507515931702,10.147608844190392
8.610169491525424,0.77,6.291996938122815,2.3086511079658814,3.136511559873867,5.16029272504765
8.881355932203391,0.77,5.551791489603757,1.9177425702331206,2.7289457682579648,1.6753585564474864
9.152542372881356,0.77,4.5032733789140345,1.4729552010124807,2.196432370076734,0.03326538346732171
9.423728813559322,0.77,1.6966623001822303,1.922922420353667,1.7455621975456468,1.7090491106783579
9.694915254237287,0.77,1.3375807913378248,1.4208491112061201,1.3538717653159924,0.0027167839880322953
9.966101694915254,0.77,1.017394037801018,1.0173940339418257,1.0173940219621234,0.9149207828956797
10.237288135593221,0.77,0.7594773699952431,0.7178284333425407,0.7530789870789444,2.908487789724327
10.508474576271187,0.77,0.5548168066872892,0.49744154769371995,0.5472281015296114,5.09132349893442
10.779661016949152,0.77,0.3961171883837106,0.3380261048281098,0.3896818828926848,7.048678462665976
11.050847457627118,0.77,0.27798098161449597,0.22646785757803975,0.2733834446752819,8.607360558109225
11.322033898305085,0.77,0.19147659121821742,0.1493482858981124,0.18862236963954135,9.775810687412434
11.593220338983052,0.77,0.1294535494440799,0.09692310717891774,0.1279453538632303,10.612558678776535
11.864406779661017,0.77,0.08612796367093743,0.062050096034069434,0.08552298607004279,11.188187159515262
12.135593220338983,0.77,0.056886036876573495,0.03946509918342084,0.05702624889835084,11.569095102124866
12.40677966101695,0.77,0.006779051408004792,0.0014913602213838014,0.002890833913794795,12.223915097096468
12.677966101694915,0.77,0.004402507781303698,0.0009558194788917453,0.0019243895416252812,12.23327886906237
12.94915254237288,0.77,0.002813281408964169,0.0006036750974209774,0.0012615130512695937,12.239437963442777
13.220338983050848,0.77,0.001769425318850609,0.00037572742255565845,0.0008144600155765669,12.243425652424621
13.491525423728813,0.77,0.0010956061707844843,0.00023050134270050153,0.0005179709120547776,12.245966558570672
13.76271186440678,0.77,0.0006679216148510382,0.0001393931342662004,0.00032453111985180955,12.247560741590625
14.033898305084746,0.77,0.00040105435651775247,8.308801766468605e-05,0.00020032367488500053,12.248546002838482
14.305084745762711,0.77,0.00023714207958833896,4.8843490786175114e-05,0.00012180054990179984,12.24914525382178
14.576271186440678,0.77,8.284518306889027e-05,4.999777468967149e-05,7.311137111602291e-05,12.249125054566537
14.847457627118644,0.77,4.8326687630690985e-05,2.8580345720280306e-05,4.315739752489909e-05,12.249499849055118
15.11864406779661,0.77,2.778908677405949e-05,1.609939762163036e-05,2.5120644210311073e-05,12.24971826216156
15.389830508474576,0.77,1.572711859571591e-05,8.956513996387043e-06,1.4418036846577774e-05,12.24984326150643
15.661016949152541,0.77,8.812225642862894e-06,4.901442861298813e-06,1.0520834671780522e-05,12.249914224900074
15.932203389830509,0.77,4.830370126112539e-06,2.677382765211993e-06,1.052083517700607e-05,12.249953145846407
16.203389830508474,0.77,2.6453685209410056e-06,1.4083495482375249e-06,1.0520835304282351e-05,12.249975353895298
16.474576271186443,0.77,1.425877273472617e-06,7.426363563259624e-07,1.0520835305460096e-05,12.249987003867208
16.74576271186441,0.77,7.338272562802336e-07,3.949324542015204e-07,1.0520835306509026e-05,12.249993088683024
17.016949152542374,0.77,4.038404170779714e-07,1.938956020797521e-07,1.0520835306929817e-05,12.249996606827198
17.28813559322034,0.77,3.5686212171326056e-07,7.201193024214085e-08,1.0520835307176365e-05,12.249998739791252
17.559322033898304,0.77,3.5686212171994873e-07,7.201193024349048e-08,1.0520835307373542e-05,12.249998739791252
17.83050847457627,0.77,3.5686212172095193e-07,7.201193024369291e-08,1.0520835307403119e-05,12.249998739791252
18.101694915254235,0.77,3.5686212172095193e-07,7.201193024369291e-08,1.0520835307403119e-05,12.249998739791252
18.372881355932204,0.77,3.5686212172095193e-07,7.201193024369291e-08,1.0520835307403119e-05,12.249998739791252
18.64406779661017,0.77,3.5686212172095193e-07,7.201193024369291e-08,1.0520835307403119e-05,12.249998739791252
18.915254237288135,0.77,3.5686212172095193e-07,7.201193024369291e-08,1.0520835307403119e-05,12.249998739791252
19.186440677966104,0.77,3.5686212172095193e-07,7.201193024369291e-08,1.0520835307403119e-05,12.249998739791252
19.45762711864407,0.77,3.5686212172095193e-07,7.201193024369291e-08,1.0520835307403119e-05,12.249998739791252
19.728813559322035,0.77,3.5686212172095193e-07,7.201193024369291e-08,1.0520835307403119e-05,12.249998739791252
20.0,0.77,3.5686212172095193e-07,7.201193024369291e-08,1.0520835307403119e-05,12.249998739791252
4.0,0.96,0.19515284461128968,3.0638733907536326,22.84562395351244,17.302966627862443
4.271186440677966,0.96,0.17774724081088994,7.98007161975503,8.16263177534239,270.6083907569098
4.5423728813559325,0.96,0.41104690295491375,11.12352858771939,9.415453720253145,590.9188012262264
4.813559322033898,0.96,1.1386696600079147,19.913488776565693,16.364592413970747,2142.1829167501496
5.084745762711864,0.96,2.0107436088426978,23.163613119490513,18.667465677203793,2960.342850092873
5.3559322033898304,0.96,5.613600146939278,28.04178676919084,21.01390585916442,4436.15501409395
5.627118644067797,0.96,28.25055539476892,44.44555445841437,40.26711287724515,11580.748491451983
5.898305084745763,0.96,21.94907487224065,92.75776202738876,60.53942425011655,52164.004266581214
6.169491525423728,0.96,25.42895843230253,101.73058204950841,87.86460527873723,62913.910589957115
6.4406779661016955,0.96,30.993964978735576,61.756457441635455,93.10079703335018,22768.137218149695
6.711864406779661,0.96,6.255371716838908,29.252841102139538,12.879860951488315,4848.629734131459
6.983050847457627,0.96,7.272952319276005,4.715186324950547,11.773571147558972,68.69037730711945
7.254237288135593,0.96,8.28389741687883,4.5569777148207224,10.429086497738137,62.29067682421668
7.525423728813559,0.96,8.174222060280515,4.0672349716191665,8.234005677838827,44.46338996142685
7.796610169491526,0.96,7.916658653582657,3.60267795418331,5.975671246243025,30.323688561532325
8.067796610169491,0.96,7.425089047633585,3.1202784818276696,4.916532808991535,18.495987843995703
8.338983050847457,0.96,6.833795206796157,2.674212478470103,4.43450749117741,10.147609001805767
8.610169491525424,0.96,6.291997038142778,2.3086511118126944,3.1365115528733853,5.160292768740286
8.881355932203391,0.96,5.55179151308961,1.9177425691590422,2.7289457592743602,1.6753585494962855
9.152542372881356,0.96,4.5032733850212265,1.4729552017848735,2.196432365510053,0.03326538417169763
9.423728813559322,0.96,1.6966622970869123,1.9229224250621137,1.7455621939765325,1.7090491414552629
9.694915254237287,0.96,1.3375807998450027,1.420849098756679,1.3538717774071676,0.002716780743536007
9.966101694915254,0.96,1.0173940499751981,1.017394023686121,1.0173940178791088,0.914920831944353
10.237288135593221,0.96,0.759477372830778,0.7178284397343843,0.7530789606307854,2.908487735220153
10.508474576271187,0.96,0.55481682920511,0.4974415304124443,0.5472280956113397,5.0913236939014395
10.779661016949152,0.96,0.3961171855218999,0.3380261200185476,0.38968183641023485,7.048678261017874
11.050847457627118,0.96,0.27798098138201466,0.2264678934408368,0.27338331863335885,8.607360032032418
11.322033898305085,0.96,0.19147660423375432,0.14934828925699498,0.18862230572378832,9.775810634902529
11.593220338983052,0.96,0.1294535000340404,0.09692313681975849,0.12794539074913466,10.61255819597286
11.864406779661017,0.96,0.08612799240752005,0.062050071537033485,0.08552296625759777,11.188187569212854
12.135593220338983,0.96,0.05688599285987393,0.03946509516779657,0.057026429046893215,11.569095170417327
12.40677966101695,0.96,0.006779040736835126,0.0014913621677587353,0.0028908336619071343,12.22391506307119
12.677966101694915,0.96,0.004402498042871779,0.000955819501756134,0.0019244011977336665,12.233278868662516
12.94915254237288,0.96,0.0028133002889854804,0.0006036727013209504,0.0012615065019463854,12.239438005356442
13.220338983050848,0.96,0.001769440329917644,0.00037572530171176705,0.0008144460984077256,12.24342568952943
13.491525423728813,0.96,0.0010956047238524416,0.00023050517164566512,0.0005179483002380353,12.245966491575164
13.76271186440678,0.96,0.0006679581740505461,0.00013938785303919078,0.0003245075952336328,12.247560834002897
14.033898305084746,0.96,0.00040100325463868685,8.310093099259985e-05,0.00020031658967254004,12.248545776868658
14.305084745762711,0.96,0.00023716874745055008,4.88296215595045e-05,0.00012186034810676275,12.24914549652478
14.576271186440678,0.96,8.285556407631054e-05,4.9986188782438546e-05,7.313000163491254e-05,12.249125257312675
14.847457627118644,0.96,4.834975556848973e-05,2.8556897248992236e-05,4.3206688826161894e-05,12.249500259394994
15.11864406779661,0.96,2.7761442895383627e-05,1.6109322498291128e-05,2.5170272856267286e-05,12.249718088478218
15.389830508474576,0.96,1.57219479922836e-05,8.956226406652336e-06,1.4435348923810533e-05,12.249843266539216
15.661016949152541,0.96,8.773754498895948e-06,4.923980500479244e-06,1.0520834673223454e-05,12.249913830492773
15.932203389830509,0.96,4.830689938707487e-06,2.6685039176665807e-06,1.0520835177297745e-05,12.249953301225945
16.203389830508474,0.96,2.6276402501427324e-06,1.418408102872432e-06,1.0520835304278214e-05,12.24997517787077
16.474576271186443,0.96,1.400699525359964e-06,7.555575656333916e-07,1.0520835305458607e-05,12.249986777746166
16.74576271186441,0.96,7.425900382161375e-07,3.913657795259897e-07,1.0520835306518023e-05,12.249993151099812
17.016949152542374,0.96,4.038404170782039e-07,1.9389560207986382e-07,1.0520835306935877e-05,12.249996606827198
17.28813559322034,0.96,3.568621217133705e-07,7.201193024216303e-08,1.0520835307179605e-05,12.249998739791252
17.559322033898304,0.96,3.568621217199631e-07,7.201193024349337e-08,1.0520835307373965e-05,12.249998739791252
17.83050847457627,0.96,3.5686212172095193e-07,7.201193024369291e-08,1.0520835307403119e-05,12.249998739791252
18.101694915254235,0.96,3.5686212172095193e-07,7.201193024369291e-08,1.0520835307403119e-05,12.249998739791252
18.372881355932204,0.96,3.5686212172095193e-07,7.201193024369291e-08,1.0520835307403119e-05,12.249998739791252
18.64406779661017,0.96,3.5686212172095193e-07,7.201193024369291e-08,1.0520835307403119e-05,12.249998739791252
18.915254237288135,0.96,3.5686212172095193e-07,7.201193024369291e-08,1.0520835307403119e-05,12.249998739791252
19.186440677966104,0.96,3.5686212172095193e-07,7.201193024369291e-08,1.0520835307403119e-05,12.249998739791252
19.45762711864407,0.96,3.5686212172095193e-07,7.201193024369291e-08,1.0520835307403119e-05,12.249998739791252
19.728813559322035,0.96,3.5686212172095193e-07,7.201193024369291e-08,1.0520835307403119e-05,12.249998739791252
20.0,0.96,3.5686212172095193e-07,7.201193024369291e-08,1.0520835307403119e-05,12.249998739791252
4.0,1.15,0.20071818494975055,3.1084959294414056,22.841791534600315,18.243489630736576
4.271186440677966,1.15,0.18053205019978835,8.055072198258795,8.192546275110365,276.81241227523213
4.5423728813559325,1.15,0.41479335682636526,11.194247013144867,9.454575431616075,599.545465965607
4.813559322033898,1.15,1.1410769993651275,19.930961071162425,16.36464931157065,2146.228238880858
5.084745762711864,1.15,2.0131368584651375,23.178935863760636,18.67356380726765,2964.5127959862457
5.3559322033898304,1.15,5.617710679489809,28.055989629766827,21.02182495325799,4440.886144638979
5.627118644067797,1.15,28.25474127899663,44.44784102313049,40.26713533086782,11581.978854704477
5.898305084745763,1.15,21.951048069310232,92.76212039707337,60.54100528860116,52168.98152155831
6.169491525423728,1.15,25.430316974779387,101.73414344754978,87.86694812047722,62918.37713345935
6.4406779661016955,1.15,30.99429546985636,61.75662388224527,93.10073279745654,22768.262790392622
6.711864406779661,1.15,6.255406738925036,29.252889941011382,12.879870224327032,4848.646737913081
6.983050847457627,1.15,7.27297293406812,4.715192160867673,11.77357885465498,68.69061914674045
7.254237288135593,1.15,8.283903980867304,4.556978149052403,10.429084863576605,62.290693959964614
7.525423728813559,1.15,8.174225361019646,4.067235350554077,8.234005561552419,44.4634025952833
7.796610169491526,1.15,7.916660158752823,3.602678135501377,5.9756712695699274,30.323693553848884
8.067796610169491,1.15,7.425089532753517,3.120278481032276,4.916532705383779,18.49598782689197
8.338983050847457,1.15,6.833795435942922,2.674212488249937,4.434507466385743,10.147609157575602
8.610169491525424,1.15,6.2919971348177866,2.308651116065407,3.1365115479319834,5.160292817043185
8.881355932203391,1.15,5.551791541386232,1.9177425671935375,2.7289457493928624,1.6753585367759676
9.152542372881356,1.15,4.503273398303124,1.472955201084691,2.196432361034421,0.03326538353317312
9.423728813559322,1.15,1.6966622995224074,1.9229224224321209,1.745562196224714,1.7090491242642345
9.694915254237287,1.15,1.3375807896996843,1.420849109224716,1.3538717741561603,0.002716783471650876
9.966101694915254,1.15,1.0173940390420848,1.0173940248483682,1.0173940440643494,0.9149208263858191
10.237288135593221,1.15,0.7594773884465178,0.7178284272423487,0.7530789565236192,2.908487841741546
10.508474576271187,1.15,0.5548168256179937,0.4974415406167085,0.5472280732396927,5.091323578777128
10.779661016949152,1.15,0.3961172009417896,0.338026094921075,0.3896818779796653,7.048678594178634
11.050847457627118,1.15,0.27798094815005425,0.2264679010278289,0.2733833656908816,8.607359920737682
11.322033898305085,1.15,0.1914766153945452,0.14934829341385286,0.188622265337607,9.77581056991776
11.593220338983052,1.15,0.12945346664210727,0.09692315643512174,0.12794541514156738,10.612557876468784
11.864406779661017,1.15,0.08612799490329696,0.06205004307071708,0.08552308737433505,11.188188045294185
12.135593220338983,1.15,0.05688602798267414,0.03946512150313522,0.05702621094460284,11.569094722540488
12.40677966101695,1.15,0.00677906094323756,0.0014913591417004,0.002890825101435067,12.223915115970799
12.677966101694915,1.15,0.004402492803790867,0.0009558197952802312,0.0019244095624551879,12.233278863529351
12.94915254237288,1.15,0.002813335361380431,0.0006036634810921644,0.0012615121749142639,12.239438166640873
13.220338983050848,1.15,0.001769382923791177,0.00037573917461851283,0.0008144391662829801,12.243425446818721
13.491525423728813,1.15,0.001095591657923082,0.00023050519026062823,0.0005179625737387644,12.245966491249453
13.76271186440678,1.15,0.0006679336176200445,0.00013939279635733108,0.0003245115850720558,12.247560747503442
14.033898305084746,1.15,0.00040105631313095243,8.308986252217315e-05,0.00020030834376312697,12.248545970555393
14.305084745762711,1.15,0.00023716066123873834,4.883441836339817e-05,0.00012183920480573944,12.24914541258364
14.576271186440678,1.15,8.287175116863677e-05,4.9984003430653684e-05,7.309885057690059e-05,12.249125295554965
14.847457627118644,1.15,4.831084401774625e-05,2.8584506707278756e-05,4.3194860584760524e-05,12.249499776239333
15.11864406779661,1.15,2.7774093276882314e-05,1.6098223723151164e-05,2.517638153473281e-05,12.249718282704547
15.389830508474576,1.15,1.5718468921339845e-05,8.956024938847884e-06,1.4446938982063026e-05,12.249843270064884
15.661016949152541,1.15,8.808000357530926e-06,4.9013970887750095e-06,1.0520834673317165e-05,12.249914225701088
15.932203389830509,1.15,4.836848142635321e-06,2.665829485041124e-06,1.0520835177315362e-05,12.249953348028427
16.203389830508474,1.15,2.650207081778468e-06,1.4109255163552434e-06,1.0520835304281336e-05,12.249975308815904
16.474576271186443,1.15,1.4135193435205037e-06,7.502896370400158e-07,1.0520835305461587e-05,12.249986869934867
16.74576271186441,1.15,7.484165507139372e-07,3.890147717455859e-07,1.0520835306520575e-05,12.249993192242439
17.016949152542374,1.15,3.7718130325459905e-07,2.0444015946030038e-07,1.0520835306932882e-05,12.24999642229747
17.28813559322034,1.15,3.568621217133937e-07,7.201193024216772e-08,1.052083530718029e-05,12.249998739791252
17.559322033898304,1.15,3.568621217199661e-07,7.201193024349397e-08,1.0520835307374054e-05,12.249998739791252
17.83050847457627,1.15,3.5686212172095193e-07,7.201193024369291e-08,1.0520835307403119e-05,12.249998739791252
18.101694915254235,1.15,3.5686212172095193e-07,7.201193024369291e-08,1.0520835307403119e-05,12.249998739791252
18.372881355932204,1.15,3.5686212172095193e-07,7.201193024369291e-08,1.0520835307403119e-05,12.249998739791252
18.64406779661017,1.15,3.5686212172095193e-07,7.201193024369291e-08,1.0520835307403119e-05,12.249998739791252
18.915254237288135,1.15,3.5686212172095193e-07,7.201193024369291e-08,1.0520835307403119e-05,12.249998739791252
19.186440677966104,1.15,3.5686212172095193e-07,7.201193024369291e-08,1.0520835307403119e-05,12.249998739791252
19.45762711864407,1.15,3.5686212172095193e-07,7.201193024369291e-08,1.0520835307403119e-05,12.249998739791252
19.728813559322035,1.15,3.5686212172095193e-07,7.201193024369291e-08,1.0520835307403119e-05,12.249998739791252
20.0,1.15,3.5686212172095193e-07,7.201193024369291e-08,1.0520835307403119e-05,12.249998739791252
4.0,1.34,0.20641317931568715,3.153450959245809,22.83836131848362,19.216189165500296
4.271186440677966,1.34,0.18335544062526493,8.130625026569321,8.222578894293356,283.1332078017579
4.5423728813559325,1.34,0.41856757303054093,11.265264031553082,9.493763881081833,608.2714650765935
4.813559322033898,1.34,1.143488431681934,19.9484395089474,16.364708495321263,2150.278801356755
5.084745762711864,1.34,2.0155325247294393,23.194265687472765,18.679663346460586,2968.6876053509545
5.3559322033898304,1.34,5.621823433153864,28.07019621037265,21.029744791001683,4445.621036873597
5.627118644067797,1.34,28.258927625847466,44.450127606809176,40.267157816677596,11583.209293515958
5.898305084745763,1.34,21.95302140021813,92.76647885515301,60.542586327291794,52173.959114932004
6.169491525423728,1.34,25.4316755547621,101.73770484519538,87.86929092575946,62922.84383500963
6.4406779661016955,1.34,30.994625962977683,61.75679032223483,93.1006685620222,22768.388362513873
6.711864406779661,1.34,6.2554417611808395,29.25293877953543,12.879879497050938,4848.663741603429
6.983050847457627,1.34,7.272993548900342,4.715197996745908,11.773586561655875,68.69086098517549
7.254237288135593,1.34,8.283910544841891,4.556978583315661,10.429083229294651,62.29071109696097
7.525423728813559,1.34,8.174228661759667,4.067235729524269,8.234005445060772,44.463415230317864
7.796610169491526,1.34,7.9166616649796895,3.6026783164978533,5.975671292741371,30.323698537311355
8.067796610169491,1.34,7.425090017213717,3.1202784804660397,4.91653260150883,18.495987814715914
8.338983050847457,1.34,6.833795664661353,2.6742124980176016,4.434507441783508,10.147609313151603
8.610169491525424,1.34,6.291997234964197,2.3086511198866146,3.1365115412516986,5.160292860444994
8.881355932203391,1.34,5.551791570119363,1.9177425639116714,2.728945744370172,1.675358515536445
9.152542372881356,1.34,4.50327340352197,1.4729552014727179,2.1964323598366047,0.03326538388703042
9.423728813559322,1.34,1.6966623028132535,1.922922422300131,1.7455621914262938,1.7090491234014797
9.694915254237287,1.34,1.3375807980445207,1.4208491027301482,1.3538717713853061,0.0027167817790767286
9.966101694915254,1.34,1.0173940477116972,1.0173940189141544,1.0173940381290916,0.91492085476664
10.237288135593221,1.34,0.7594773766147707,0.7178284275581469,0.7530789889207804,2.9084878390486892
10.508474576271187,1.34,0.5548168340507178,0.4974415247429507,0.5472281029909632,5.091323757864559
10.779661016949152,1.34,0.39611719034393483,0.33802610143391265,0.3896818864674547,7.04867850772284
11.050847457627118,1.34,0.2779809724798331,0.22646788197741288,0.2733833698453286,8.60736020019112
11.322033898305085,1.34,0.1914766095443645,0.14934828559229357,0.18862230597268945,9.775810692193343
11.593220338983052,1.34,0.12945351216435136,0.09692313091384398,0.12794538037616737,10.612558292171116
11.864406779661017,1.34,0.08612804623580726,0.062050045978787306,0.08552294368604046,11.18818799665853
12.135593220338983,1.34,0.056885993658652434,0.03946511265129797,0.05702634132684963,11.569094873080905
12.40677966101695,1.34,0.006779047175527672,0.0014913596396788572,0.002890839316148086,12.22391510726546
12.677966101694915,1.34,0.0044024975169200675,0.0009558208924422588,0.0019243984150240042,12.233278844342122
12.94915254237288,1.34,0.0028133412377290322,0.0006036634116477651,0.001261507607235636,12.23943816785563
13.220338983050848,1.34,0.0017694011946872892,0.00037573630855075905,0.0008144328450842535,12.243425496961441
13.491525423728813,1.34,0.00109559266682228,0.00023050738528443247,0.000517947550764439,12.245966452842863
13.76271186440678,1.34,0.0006679600127454944,0.00013938945833448857,0.00032449842774445666,12.247560805913023
14.033898305084746,1.34,0.0004010502161175891,8.308955921753845e-05,0.0002003208215507225,12.24854597586291
14.305084745762711,1.34,0.0002371548677461429,4.883785477460832e-05,0.00012182405865460524,12.24914535244854
14.576271186440678,1.34,8.287542136211197e-05,4.9977656743617665e-05,7.311397219735112e-05,12.249125406618022
14.847457627118644,1.34,4.833641792223872e-05,2.857113807249709e-05,4.318387236265272e-05,12.249500010185665
15.11864406779661,1.34,2.776200402944431e-05,1.6108742657742756e-05,2.516158344969967e-05,12.249718098625307
15.389830508474576,1.34,1.5723008310428424e-05,8.959888153020091e-06,1.441290114480525e-05,12.249843202459067
15.661016949152541,1.34,8.78100291362402e-06,4.9175467526909105e-06,1.0520834673030524e-05,12.249913943082964
15.932203389830509,1.34,4.866885945084208e-06,2.6479968414726602e-06,1.0520835177266706e-05,12.249953660099095
16.203389830508474,1.34,2.636849438330976e-06,1.4177476861156733e-06,1.0520835304278705e-05,12.249975189428051
16.474576271186443,1.34,1.4140401097215633e-06,7.429048271847696e-07,1.052083530546465e-05,12.24998699916897
16.74576271186441,1.34,7.525707685275873e-07,3.873484264548538e-07,1.052083530652126e-05,12.249993221403473
17.016949152542374,1.34,3.8121189766914063e-07,2.0280441852490283e-07,1.0520835306933546e-05,12.249996450922929
17.28813559322034,1.34,3.568621217133937e-07,7.201193024216772e-08,1.052083530718029e-05,12.249998739791252
17.559322033898304,1.34,3.568621217199661e-07,7.201193024349397e-08,1.0520835307374054e-05,12.249998739791252
17.83050847457627,1.34,3.5686212172095193e-07,7.201193024369291e-08,1.0520835307403119e-05,12.249998739791252
18.101694915254235,1.34,3.5686212172095193e-07,7.201193024369291e-08,1.0520835307403119e-05,12.249998739791252
18.372881355932204,1.34,3.5686212172095193e-07,7.201193024369291e-08,1.0520835307403119e-05,12.249998739791252
18.64406779661017,1.34,3.5686212172095193e-07,7.201193024369291e-08,1.0520835307403119e-05,12.249998739791252
18.915254237288135,1.34,3.5686212172095193e-07,7.201193024369291e-08,1.0520835307403119e-05,12.249998739791252
19.186440677966104,1.34,3.5686212172095193e-07,7.201193024369291e-08,1.0520835307403119e-05,12.249998739791252
19.45762711864407,1.34,3.5686212172095193e-07,7.201193024369291e-08,1.0520835307403119e-05,12.249998739791252
19.728813559322035,1.34,3.5686212172095193e-07,7.201193024369291e-08,1.0520835307403119e-05,12.249998739791252
20.0,1.34,3.5686212172095193e-07,7.201193024369291e-08,1.0520835307403119e-05,12.249998739791252
4.0,1.53,0.21225511327889976,3.1989637324399167,22.836969788476658,20.22669069146347
4.271186440677966,1.53,0.18622973151974262,8.207255671776688,8.253256273755328,289.6170611308492
4.5423728813559325,1.53,0.42239037969031734,11.337134986902294,9.53348555793753,617.1665734244853
4.813559322033898,1.53,1.1459045749310872,19.965934769182383,16.364778727073393,2154.3370865845955
5.084745762711864,1.53,2.0179316054567646,23.20961404663546,18.685773517436232,2972.8704053949923
5.3559322033898304,1.53,5.625940660770268,28.08441775309004,21.03767379350809,4450.363442633919
5.627118644067797,1.53,28.26311455475086,44.452414397218604,40.26718050477515,11584.439908936472
5.898305084745763,1.53,21.95499494616607,92.77083774470567,60.54416759013052,52178.9374385583
6.169491525423728,1.53,25.433034238729963,101.7412665081222,87.87163392420521,62927.31102783751
6.4406779661016955,1.53,30.994956458983015,61.75695676300645,93.10060432860928,22768.51393557144
6.711864406779661,1.53,6.2554767836146,29.25298761826658,12.879888769893885,4848.680745395697
6.983050847457627,1.53,7.273014163764984,4.715203832657646,11.773594268701935,68.69110282542465
7.254237288135593,1.53,8.283917108815503,4.556979017600374,10.429081594939124,62.29072823480637
7.525423728813559,1.53,8.174231962193685,4.067236108585642,8.234005328579808,44.46342786839424
7.796610169491526,1.53,7.916663170719889,3.6026784975434287,5.975671316231395,30.3237035221261
8.067796610169491,1.53,7.4250905017908195,3.1202784798373195,4.916532497817708,18.495987801196243
8.338983050847457,1.53,6.8337958938264824,2.6742125077327525,4.434507417120021,10.147609467891186
8.610169491525424,1.53,6.291997331568381,2.3086511249550945,3.136511533910554,5.160292918013492
8.881355932203391,1.53,5.551791598093335,1.9177425616032773,2.728945736178889,1.6753585005970215
9.152542372881356,1.53,4.503273419983115,1.4729551995154855,2.1964323561801096,0.03326538210215191
9.423728813559322,1.53,1.6966623053796555,1.9229224223061971,1.745562187915207,1.7090491234411302
9.694915254237287,1.53,1.337580790958865,1.4208491104408545,1.3538717700097254,0.0027167837885934466
9.966101694915254,1.53,1.017394037246576,1.0173940343332635,1.0173940213643602,0.9149207810235994
10.237288135593221,1.53,0.7594773775588399,0.7178284322746973,0.7530789720841848,2.908487798829982
10.508474576271187,1.53,0.5548168308366158,0.49744153319204615,0.5472280853419413,5.091323662542025
10.779661016949152,1.53,0.3961171573464334,0.3380261293763021,0.38968187759680384,7.048678136796741
11.050847457627118,1.53,0.2779809499972687,0.22646789023620237,0.2733834002229253,8.607360079041685
11.322033898305085,1.53,0.19147664971929348,0.1493482549844699,0.18862230754807482,9.77581117068994
11.593220338983052,1.53,0.12945347313491587,0.0969231370884445,0.1279454780584846,10.61255819159638
11.864406779661017,1.53,0.08612805401683274,0.062050036826536335,0.08552293652141432,11.1881881497242
12.135593220338983,1.53,0.056885967839828855,0.03946510598427789,0.05702643930698837,11.569094986464822
12.40677966101695,1.53,0.00677904100610594,0.0014913609333082499,0.002890838487487737,12.223915084651063
12.677966101694915,1.53,0.004402492681997645,0.000955820731427327,0.0019244046271087727,12.233278847157962
12.94915254237288,1.53,0.0028133445345194484,0.0006036631191164299,0.0012615036717861005,12.23943817297272
13.220338983050848,1.53,0.0017694083546329618,0.0003757327585175519,0.0008144477981517924,12.24342555907035
13.491525423728813,1.53,0.001095585853627374,0.0002305074421325298,0.0005179590862840423,12.245966451848185
13.76271186440678,1.53,0.0006679413379326961,0.00013939297684836498,0.00032450257026632933,12.247560744345165
14.033898305084746,1.53,0.00040105731106394383,8.309079373300027e-05,0.00020030063488117057,12.24854595426017
14.305084745762711,1.53,0.00023717001369838561,4.882985262441043e-05,0.00012185866196867374,12.249145492481285
14.576271186440678,1.53,8.285820751615842e-05,4.998938908955893e-05,7.311056154766943e-05,12.2491252013093
14.847457627118644,1.53,4.835446496374656e-05,2.8560395394829678e-05,4.317456128826615e-05,12.249500198178689
15.11864406779661,1.53,2.7781817923878553e-05,1.6105064148409816e-05,2.5132386489677365e-05,12.249718162998482
15.389830508474576,1.53,1.5718744819081083e-05,8.95841845211667e-06,1.4423004686516556e-05,12.249843228178666
15.661016949152541,1.53,8.80707260623742e-06,4.90204271887535e-06,1.0520834672756705e-05,12.249914214402606
15.932203389830509,1.53,4.848866276957758e-06,2.663683957371147e-06,1.0520835177204475e-05,12.24995338557509
16.203389830508474,1.53,2.6267985855459244e-06,1.4228900716133226e-06,1.0520835304276756e-05,12.249975099436398
16.474576271186443,1.53,1.4036192507227312e-06,7.530288160137708e-07,1.0520835305460621e-05,12.249986821999261
16.74576271186441,1.53,7.338272562808737e-07,3.949324542018649e-07,1.0520835306518203e-05,12.249993088683024
17.016949152542374,1.53,3.841839570840592e-07,2.0160797739803323e-07,1.0520835306934028e-05,12.249996471860646
17.28813559322034,1.53,3.568621217133937e-07,7.201193024216772e-08,1.052083530718029e-05,12.249998739791252
17.559322033898304,1.53,3.568621217199661e-07,7.201193024349397e-08,1.0520835307374054e-05,12.249998739791252
17.83050847457627,1.53,3.5686212172095193e-07,7.201193024369291e-08,1.0520835307403119e-05,12.249998739791252
18.101694915254235,1.53,3.5686212172095193e-07,7.201193024369291e-08,1.0520835307403119e-05,12.249998739791252
18.372881355932204,1.53,3.5686212172095193e-07,7.201193024369291e-08,1.0520835307403119e-05,12.249998739791252
18.64406779661017,1.53,3.5686212172095193e-07,7.201193024369291e-08,1.0520835307403119e-05,12.249998739791252
18.915254237288135,1.53,3.5686212172095193e-07,7.201193024369291e-08,1.0520835307403119e-05,12.249998739791252
19.186440677966104,1.53,3.5686212172095193e-07,7.201193024369291e-08,1.0520835307403119e-05,12.249998739791252
19.45762711864407,1.53,3.5686212172095193e-07,7.201193024369291e-08,1.0520835307403119e-05,12.249998739791252
19.728813559322035,1.53,3.5686212172095193e-07,7.201193024369291e-08,1.0520835307403119e-05,12.249998739791252
20.0,1.53,3.5686212172095193e-07,7.201193024369291e-08,1.0520835307403119e-05,12.249998739791252
4.0,1.72,0.21824789767184175,3.245048096160718,22.837673569735305,21.276265482164312
4.271186440677966,1.72,0.1891561453179465,8.284990618716419,8.284594172797556,296.2693488738318
4.5423728813559325,1.72,0.42626270439785136,11.409876473069653,9.573750835413167,626.2351687882085
4.813559322033898,1.72,1.1483254386956065,19.983446891061718,16.364860024772497,2158.403114705696
5.084745762711864,1.72,2.0203341073413235,23.22498097944236,18.69189434124735,2977.06121720638
5.3559322033898304,1.72,5.630062369655708,28.098654282822885,21.045611975974833,4455.113378210604
5.627118644067797,1.72,28.267302065778317,44.454701394408666,40.26720339519861,11585.670701010597
5.898305084745763,1.72,21.95696870717871,92.77519706581063,60.54574907715856,52183.916492598284
6.169491525423728,1.72,25.4343930266553,101.74482843646648,87.87397711574627,62931.77871214931
6.4406779661016955,1.72,30.99528695766346,61.757123204551796,93.10054009767553,22768.63950955903
6.711864406779661,1.72,6.255511806220877,29.253036457202537,12.879898042882866,4848.697749289085
6.983050847457627,1.72,7.273034778718159,4.7152096685858345,11.773601975761254,68.69134466678125
7.254237288135593,1.72,8.283923672668601,4.5569794518770435,10.429079960763813,62.29074537233673
7.525423728813559,1.72,8.174235263045455,4.067236487499622,8.234005212150462,44.46344050155827
7.796610169491526,1.72,7.916664676447918,3.6026786786427687,5.975671339599492,30.32370850842158
8.067796610169491,1.72,7.425090986403362,3.120278479148869,4.91653239422117,18.49598778639216
8.338983050847457,1.72,6.833796122362947,2.674212517338869,4.434507393396877,10.147609620894109
8.610169491525424,1.72,6.291997429422992,2.308651129418867,3.136511527197811,5.160292968713641
8.881355932203391,1.72,5.551791629531358,1.9177425587270867,2.728945726674328,1.6753584819829426
9.152542372881356,1.72,4.503273431625713,1.4729551984980964,2.1964323543537727,0.033265381174354146
9.423728813559322,1.72,1.696662305289074,1.9229224220288699,1.7455621915344015,1.7090491216283723
9.694915254237287,1.72,1.3375807973330585,1.4208491052596228,1.3538717683212984,0.0027167824382927238
9.966101694915254,1.72,1.0173940445194505,1.0173940289826464,1.0173940195682372,0.9149208066133246
10.237288135593221,1.72,0.7594773724703061,0.7178284347308566,0.7530789785475724,2.908487777885957
10.508474576271187,1.72,0.5548168200798604,0.49744153744486164,0.5472280973538164,5.091323614561842
10.779661016949152,1.72,0.396117170785211,0.33802611157644225,0.3896819008569339,7.0486783730840665
11.050847457627118,1.72,0.27798096875658806,0.2264678765938475,0.27338339965357433,8.607360279163455
11.322033898305085,1.72,0.19147664315264948,0.14934825452654463,0.1886223362990267,9.775811177848752
11.593220338983052,1.72,0.1294534517799593,0.09692314867598642,0.12794548274567677,10.612558002853154
11.864406779661017,1.72,0.08612804888411574,0.06205002163120509,0.08552302078963787,11.188188403856618
12.135593220338983,1.72,0.056885997267351135,0.03946512460379125,0.057026295537565184,11.569094669808607
12.40677966101695,1.72,0.006779051480348778,0.0014913583851034562,0.0028908427752591622,12.22391512919714
12.677966101694915,1.72,0.004402493326447886,0.0009558215636969028,0.0019243969435802145,12.233278832603188
12.94915254237288,1.72,0.0028133227091357163,0.0006036667458088125,0.001261508660919313,12.239438109532967
13.220338983050848,1.72,0.0017694184863319734,0.000375730959758694,0.0008144413245983186,12.243425590540182
13.491525423728813,1.72,0.0010955859461753605,0.0002305086226680799,0.0005179471366301251,12.245966431192212
13.76271186440678,1.72,0.0006679595539575709,0.00013939004441932445,0.00032449258963473075,12.247560795657563
14.033898305084746,1.72,0.00040105084972617117,8.30901228694541e-05,0.00020031040727708083,12.248545965999586
14.305084745762711,1.72,0.00023716447927184914,4.883303672679867e-05,0.00012184471772183202,12.24914543676144
14.576271186440678,1.72,8.284650299795824e-05,4.99981091088037e-05,7.310687800867189e-05,12.24912504871441
14.847457627118644,1.72,4.8322500671833144e-05,2.857526012371306e-05,4.320202340817776e-05,12.249499938051242
15.11864406779661,1.72,2.7788020248354773e-05,1.6098110144751878e-05,2.514063304930603e-05,12.249718284692149
15.389830508474576,1.72,1.5741650977306264e-05,8.947212643478639e-06,1.4414670502507165e-05,12.249843424279065
15.661016949152541,1.72,8.786141743601254e-06,4.914562828427186e-06,1.0520834672471533e-05,12.249913995301453
15.932203389830509,1.72,4.845661028658395e-06,2.6595005982752094e-06,1.0520835177150292e-05,12.249953458783734
16.203389830508474,1.72,2.641811864295154e-06,1.4172957424846534e-06,1.0520835304279153e-05,12.249975197337058
16.474576271186443,1.72,1.4131123826456893e-06,7.504461000925653e-07,1.052083530546174e-05,12.249986867196764
16.74576271186441,1.72,7.386988628327409e-07,3.9294497820608876e-07,1.052083530651902e-05,12.249993123463845
17.016949152542374,1.72,4.027052122678933e-07,1.9335055703020874e-07,1.0520835306937374e-05,12.249996616365483
17.28813559322034,1.72,3.568621217133937e-07,7.201193024216772e-08,1.052083530718029e-05,12.249998739791252
17.559322033898304,1.72,3.568621217199661e-07,7.201193024349397e-08,1.0520835307374054e-05,12.249998739791252
17.83050847457627,1.72,3.5686212172095193e-07,7.201193024369291e-08,1.0520835307403119e-05,12.249998739791252
18.101694915254235,1.72,3.5686212172095193e-07,7.201193024369291e-08,1.0520835307403119e-05,12.249998739791252
18.372881355932204,1.72,3.5686212172095193e-07,7.201193024369291e-08,1.0520835307403119e-05,12.249998739791252
18.64406779661017,1.72,3.5686212172095193e-07,7.201193024369291e-08,1.0520835307403119e-05,12.249998739791252
18.915254237288135,1.72,3.5686212172095193e-07,7.201193024369291e-08,1.0520835307403119e-05,12.249998739791252
19.186440677966104,1.72,3.5686212172095193e-07,7.201193024369291e-08,1.0520835307403119e-05,12.249998739791252
19.45762711864407,1.72,3.5686212172095193e-07,7.201193024369291e-08,1.0520835307403119e-05,12.249998739791252
19.728813559322035,1.72,3.5686212172095193e-07,7.201193024369291e-08,1.0520835307403119e-05,12.249998739791252
20.0,1.72,3.5686212172095193e-07,7.201193024369291e-08,1.0520835307403119e-05,12.249998739791252
4.0,1.91,0.22439557726881304,3.2917185094929855,22.840530218051597,22.36624324473977
4.271186440677966,1.91,0.19213594484688362,8.363857253115924,8.31660887448486,303.0956740110953
4.5423728813559325,1.91,0.4301854991227346,11.483505523893434,9.614570362212707,635.4817728149336
4.813559322033898,1.91,1.150751032584292,20.00097591391144,16.364952406407763,2162.4769059369596
5.084745762711864,1.91,2.022740037095641,23.24036652419287,18.698025839004693,2981.260061944278
5.3559322033898304,1.91,5.634188567137219,28.11290582453748,21.053559353636714,4459.870859941304
5.627118644067797,1.91,28.271490159033213,44.45698859842098,40.26722648795673,11586.901669778461
5.898305084745763,1.91,21.95894268328951,92.7795568185327,60.54733078840819,52188.896277196516
6.169491525423728,1.91,25.4357519185836,101.74839063018501,87.8763205004302,62936.24688792627
6.4406779661016955,1.91,30.995617459067656,61.75728964685215,93.10047586914862,22768.76508446253
6.711864406779661,1.91,6.255546829048291,29.25308529629231,12.879907316024594,4848.714753265842
6.983050847457627,1.91,7.273055393781892,4.715215504518475,11.77360968285194,68.69158650874803
7.254237288135593,1.91,8.283930236613175,4.556979886160052,10.429078326469327,62.2907625101196
7.525423728813559,1.91,8.174238563735752,4.067236866439491,8.234005095821674,44.463453135587216
7.796610169491526,1.91,7.916666182356895,3.602678859665311,5.975671363024895,30.323713492602966
8.067796610169491,1.91,7.425091470695783,3.120278478617409,4.916532290462525,18.495987774963925
8.338983050847457,1.91,6.833796351022873,2.6742125270894124,4.434507368880949,10.147609776197417
8.610169491525424,1.91,6.291997528751917,2.3086511336774653,3.136511519916097,5.1602930170833945
8.881355932203391,1.91,5.551791657829123,1.917742556466802,2.728945717862779,1.6753584673548736
9.152542372881356,1.91,4.503273441052151,1.4729551985209324,2.1964323508260137,0.03326538119517916
9.423728813559322,1.91,1.6966623108038474,1.9229224197022015,1.7455621869108353,1.7090491064200337
9.694915254237287,1.91,1.3375807955080823,1.4208491057076094,1.3538717713504254,0.002716782555044206
9.966101694915254,1.91,1.0173940403906834,1.0173940310668288,1.017394024499734,0.9149207966455669
10.237288135593221,1.91,0.7594773736907561,0.7178284378446002,0.7530789661440483,2.9084877513346146
10.508474576271187,1.91,0.5548168300904324,0.49744152980088335,0.547228094819199,5.091323700801058
10.779661016949152,1.91,0.39611717112419276,0.3380261185629477,0.38968187573331403,7.04867828034049
11.050847457627118,1.91,0.27798096353960744,0.22646788753045005,0.27338337928823897,8.607360118732776
11.322033898305085,1.91,0.19147664455577626,0.14934825935699017,0.1886223075175561,9.775811102333687
11.593220338983052,1.91,0.1294534870094401,0.09692313290100273,0.12794545342310973,10.61255825980336
11.864406779661017,1.91,0.08612801762200378,0.06205005758597497,0.08552297041036132,11.188187802535575
12.135593220338983,1.91,0.056885976227563397,0.0394651180750949,0.057026378580440885,11.569094780840095
12.40677966101695,1.91,0.0067790354703165185,0.0014913628205910938,0.002890837230148091,12.223915051658794
12.677966101694915,1.91,0.0044024965813271874,0.0009558221575754199,0.0019243903783090523,12.23327882221741
12.94915254237288,1.91,0.002813328090797946,0.0006036663724064359,0.0012615058061063824,12.239438116064692
13.220338983050848,1.91,0.0017694277671686108,0.0003757297662206608,0.0008144366751530837,12.243425611421493
13.491525423728813,1.91,0.0010955812829732262,0.00023050857160907318,0.0005179564778467808,12.245966432085599
13.76271186440678,1.91,0.0006679380710986172,0.00013939143370697248,0.0003245173414002337,12.24756077134745
14.033898305084746,1.91,0.00040102551284122457,8.309640407470064e-05,0.00020030816593176757,12.248545856085014
14.305084745762711,1.91,0.00023715847104551665,4.8835263030974845e-05,0.00012183273942596933,12.249145397802474
14.576271186440678,1.91,8.285247511760201e-05,4.999278683998258e-05,7.311747024214272e-05,12.249125141850788
14.847457627118644,1.91,4.833927548294021e-05,2.8566797834425777e-05,4.3193594655554464e-05,12.249500086138283
15.11864406779661,1.91,2.777802868957422e-05,1.6105427346679842e-05,2.513370465728352e-05,12.249718156642587
15.389830508474576,1.91,1.573760593390378e-05,8.94799210422245e-06,1.4423706623173449e-05,12.249843410638592
15.661016949152541,1.91,8.791615519498436e-06,4.915075812648634e-06,1.0520834672191224e-05,12.249913986324266
15.932203389830509,1.91,4.848976336286282e-06,2.65937583374311e-06,1.0520835177094464e-05,12.24995346096711
16.203389830508474,1.91,2.6332870109332808e-06,1.4214562413152267e-06,1.0520835304277601e-05,12.249975124528401
16.474576271186443,1.91,1.4135264719963478e-06,7.452460525451094e-07,1.052083530546392e-05,12.249986958197548
16.74576271186441,1.91,7.545800964881477e-07,3.8193655544073595e-07,1.052083530652349e-05,12.249993316111189
17.016949152542374,1.91,3.877142061052537e-07,2.0019739649329408e-07,1.0520835306934601e-05,12.24999649654581
17.28813559322034,1.91,3.568621217133937e-07,7.201193024216772e-08,1.052083530718029e-05,12.249998739791252
17.559322033898304,1.91,3.568621217199661e-07,7.201193024349397e-08,1.0520835307374054e-05,12.249998739791252
17.83050847457627,1.91,3.5686212172095193e-07,7.201193024369291e-08,1.0520835307403119e-05,12.249998739791252
18.101694915254235,1.91,3.5686212172095193e-07,7.201193024369291e-08,1.0520835307403119e-05,12.249998739791252
18.372881355932204,1.91,3.5686212172095193e-07,7.201193024369291e-08,1.0520835307403119e-05,12.249998739791252
18.64406779661017,1.91,3.5686212172095193e-07,7.201193024369291e-08,1.0520835307403119e-05,12.249998739791252
18.915254237288135,1.91,3.5686212172095193e-07,7.201193024369291e-08,1.0520835307403119e-05,12.249998739791252
19.186440677966104,1.91,3.5686212172095193e-07,7.201193024369291e-08,1.0520835307403119e-05,12.249998739791252
19.45762711864407,1.91,3.5686212172095193e-07,7.201193024369291e-08,1.0520835307403119e-05,12.249998739791252
19.728813559322035,1.91,3.5686212172095193e-07,7.201193024369291e-08,1.0520835307403119e-05,12.249998739791252
20.0,1.91,3.5686212172095193e-07,7.201193024369291e-08,1.0520835307403119e-05,12.249998739791252
4.0,2.1,0.2306130387287197,3.3376976423895846,22.836755427122338,23.46670095826346
4.271186440677966,2.1,0.19510237827517482,8.440939481445719,8.346405765431513,309.8426798836319
4.5423728813559325,2.1,0.43404387907274433,11.554955193933399,9.653378237194204,644.5194686924681
4.813559322033898,2.1,1.1531780642980132,20.018464557650546,16.365009031534704,2166.5451405280596
5.084745762711864,2.1,2.0251440538853305,23.25570931061528,18.704118642062348,2985.450184188222
5.3559322033898304,2.1,5.638307188093685,28.12711217885216,21.061470845966817,4464.61578388092
5.627118644067797,2.1,28.27567819483453,44.45927500335994,40.2672488719908,11588.132273843616
5.898305084745763,2.1,21.960916439513344,92.7839151650109,60.548911524483195,52193.874693036916
6.169491525423728,2.1,25.437110558636693,101.75195166564218,87.87866284883195,62940.71376939614
6.4406779661016955,2.1,30.99594795963319,61.75745608265093,93.10041163194138,22768.890654807103
6.711864406779661,2.1,6.255581851521682,29.253134132965975,12.879916588151323,4848.731756431214
6.983050847457627,2.1,7.273076008463554,4.715221340261699,11.773617389465809,68.69182834329112
7.254237288135593,2.1,8.283936800654843,4.556980320392216,10.429076692222779,62.29077964589837
7.525423728813559,2.1,8.174241864441218,4.067237245402234,8.23400497937127,44.46346577038061
7.796610169491526,2.1,7.9166676882834786,3.60267904076234,5.975671386134631,30.323718478835634
8.067796610169491,2.1,7.425091955952996,3.12027847792631,4.916532186200482,18.49598776010288
8.338983050847457,2.1,6.833796579122033,2.67421253699906,4.4345073445499406,10.147609934034882
8.610169491525424,2.1,6.29199762506215,2.3086511385506845,3.13651151315885,5.160293072434096
8.881355932203391,2.1,5.551791684984069,1.9177425544999733,2.728945709179566,1.6753584546259868
9.152542372881356,2.1,4.503273457713119,1.4729551968374104,2.1964323458334696,0.03326537965990817
9.423728813559322,2.1,1.696662313573473,1.9229224175253643,1.7455621882921568,1.709049092191072
9.694915254237287,2.1,1.3375807941607079,1.4208491062310762,1.3538717739805877,0.0027167826914668972
9.966101694915254,2.1,1.0173940367209995,1.0173940324858441,1.0173940282508391,0.9149207898590201
10.237288135593221,2.1,0.7594773694333092,0.7178284389368133,0.7530789715393503,2.908487742021156
10.508474576271187,2.1,0.5548168248427696,0.4974415325723284,0.5472281017668587,5.091323669533668
10.779661016949152,2.1,0.3961171671312375,0.3380261206409192,0.3896818814231112,7.048678252756096
11.050847457627118,2.1,0.2779809480732232,0.22646789313060464,0.27338340066928624,8.60736003658326
11.322033898305085,2.1,0.19147664702702608,0.14934826434450793,0.18862228524647767,9.77581102436309
11.593220338983052,2.1,0.12945349724095817,0.09692311318821249,0.12794548813105386,10.612558580894374
11.864406779661017,2.1,0.08612802588100724,0.06205004986852905,0.08552296277360466,11.188187931605032
12.135593220338983,2.1,0.05688604101651389,0.03946508799951619,0.05702630786833026,11.569095292326024
12.40677966101695,2.1,0.006779046954807387,0.00149136109176688,0.0028908321949417163,12.22391508188099
12.677966101694915,2.1,0.00440249314340328,0.0009558219258043396,0.0019243956313785913,12.233278826270633
12.94915254237288,2.1,0.002813331676796784,0.0006036658902284714,0.0012615030993714123,12.23943812449917
13.220338983050848,2.1,0.0017694155200384894,0.0003757323457039013,0.0008144402913048657,12.24342556629265
13.491525423728813,2.1,0.0010955827511943484,0.00023050964229401097,0.0005179473892992842,12.245966413351695
13.76271186440678,2.1,0.0006679545106346015,0.0001393894270428514,0.0003245084248604944,12.247560806460575
14.033898305084746,2.1,0.0004010525562858456,8.309075233342468e-05,0.00020030441263768183,12.248545954984618
14.305084745762711,2.1,0.00023714837292472898,4.88360203161767e-05,0.00012184647475744981,12.249145384550447
14.576271186440678,2.1,8.286081278196616e-05,4.999050704512666e-05,7.310083470554295e-05,12.249125181745777
14.847457627118644,2.1,4.831902536930559e-05,2.8581086433556408e-05,4.318840053929667e-05,12.2494998360929
15.11864406779661,2.1,2.7784428371557156e-05,1.6100264169029477e-05,2.5141225198858275e-05,12.249718246997155
15.389830508474576,2.1,1.5734292113817797e-05,8.948630488962613e-06,1.4431111129260767e-05,12.249843399466926
15.661016949152541,2.1,8.788532027520685e-06,4.912159599169721e-06,1.0520834672060137e-05,12.24991403735782
15.932203389830509,2.1,4.846459213289651e-06,2.6564020575693042e-06,1.0520835177069266e-05,12.249953513008093
16.203389830508474,2.1,2.6263037954584596e-06,1.4248739273051134e-06,1.0520835304276356e-05,12.249975064718958
16.474576271186443,2.1,1.402137149198263e-06,7.503659394313093e-07,1.0520835305462083e-05,12.249986868599578
16.74576271186441,2.1,7.566862204655722e-07,3.8152921754514847e-07,1.0520835306523992e-05,12.2499933232396
17.016949152542374,2.1,3.8928294881470366e-07,1.9957421808347288e-07,1.0520835306935114e-05,12.249996507451431
17.28813559322034,2.1,3.5686212171339836e-07,7.201193024216866e-08,1.0520835307180427e-05,12.249998739791252
17.559322033898304,2.1,3.5686212171996673e-07,7.201193024349411e-08,1.0520835307374072e-05,12.249998739791252
17.83050847457627,2.1,3.5686212172095193e-07,7.201193024369291e-08,1.0520835307403119e-05,12.249998739791252
18.101694915254235,2.1,3.5686212172095193e-07,7.201193024369291e-08,1.0520835307403119e-05,12.249998739791252
18.372881355932204,2.1,3.5686212172095193e-07,7.201193024369291e-08,1.0520835307403119e-05,12.249998739791252
18.64406779661017,2.1,3.5686212172095193e-07,7.201193024369291e-08,1.0520835307403119e-05,12.249998739791252
18.915254237288135,2.1,3.5686212172095193e-07,7.201193024369291e-08,1.0520835307403119e-05,12.249998739791252
19.186440677966104,2.1,3.5686212172095193e-07,7.201193024369291e-08,1.0520835307403119e-05,12.249998739791252
19.45762711864407,2.1,3.5686212172095193e-07,7.201193024369291e-08,1.0520835307403119e-05,12.249998739791252
19.728813559322035,2.1,3.5686212172095193e-07,7.201193024369291e-08,1.0520835307403119e-05,12.249998739791252
20.0,2.1,3.5686212172095193e-07,7.201193024369291e-08,1.0520835307403119e-05,12.249998739791252
4.0,2.29,0.23690386523353307,3.3830422524558914,22.827052175490273,24.57785359390834
4.271186440677966,2.29,0.19805882303747555,8.516407893972211,8.374189753008208,316.5203832086874
4.5423728813559325,2.29,0.4378451258740807,11.62443530621636,9.690362395752029,653.3692333187727
4.813559322033898,2.29,1.155606846043503,20.035918319219885,16.36503449795115,2170.6090725039708
5.084745762711864,2.29,2.027546669620285,23.271015272371493,18.71017756090749,2989.6331815269195
5.3559322033898304,2.29,5.642419401130927,28.141279203217056,21.069350852477182,4469.350083902556
5.627118644067797,2.29,28.279866236866173,44.46156070954441,40.26727063827132,11589.362567136117
5.898305084745763,2.29,21.962890019210512,92.78827228855948,60.55049140510844,52198.85194929929
6.169491525423728,2.29,25.43846898228444,101.75551168503789,87.88100428360127,62945.17953478609
6.4406779661016955,2.29,30.99627845956354,61.757622512773814,93.10034738727025,22769.016221215625
6.711864406779661,2.29,6.255616873658186,29.253182967540276,12.879925859398899,4848.748758895474
6.983050847457627,2.29,7.273096622945111,4.715227175795089,11.773625095601814,68.69207016956427
7.254237288135593,2.29,8.283943364627358,4.556980754654711,10.429075057926788,62.29079678287645
7.525423728813559,2.29,8.174245164943974,4.0672376244236865,8.23400486291336,44.463478407133195
7.796610169491526,2.29,7.916669194247925,3.602679221759114,5.975671409522806,30.32372346230835
8.067796610169491,2.29,7.42509244031686,3.120278477287611,4.916532082650482,18.495987746368638
8.338983050847457,2.29,6.833796808332811,2.6742125466280586,4.434507319835466,10.147610087402267
8.610169491525424,2.29,6.291997724507343,2.3086511425816023,3.136511506205396,5.160293118217822
8.881355932203391,2.29,5.551791711261928,1.9177425527470984,2.728945700583546,1.6753584432817628
9.152542372881356,2.29,4.503273466349677,1.4729551971770896,2.1964323415055973,0.033265379969675185
9.423728813559322,2.29,1.6966623127371676,1.9229224191807626,1.745562187914119,1.7090491030116326
9.694915254237287,2.29,1.3375807988402342,1.4208491028561674,1.3538717725424612,0.002716781811919068
9.966101694915254,2.29,1.017394042227538,1.017394028620654,1.0173940263307546,0.9149208083445804
10.237288135593221,2.29,0.7594773779134478,0.7178284330664437,0.7530789689250078,2.9084877920786454
10.508474576271187,2.29,0.5548168327744101,0.4974415265807791,0.5472280992643819,5.091323737130214
10.779661016949152,2.29,0.39611716770032745,0.3380261257016725,0.38968186206435357,7.048678185576247
11.050847457627118,2.29,0.2779809674709948,0.22646788683794955,0.2733833679178234,8.607360128891171
11.322033898305085,2.29,0.1914766410888528,0.14934826226505923,0.18862230748035724,9.775811056871415
11.593220338983052,2.29,0.12945348085315372,0.09692312511122116,0.12794549244840211,10.61255838668691
11.864406779661017,2.29,0.0861279911872354,0.06205006992951285,0.08552299094863126,11.188187596097631
12.135593220338983,2.29,0.0568859794572629,0.039465124506024435,0.05702633562753224,11.569094671471296
12.40677966101695,2.29,0.0067790401121334345,0.0014913612330088083,0.0028908399467535914,12.22391507941189
12.677966101694915,2.29,0.004402490340381774,0.0009558217464791969,0.0019244000409321894,12.23327882940668
12.94915254237288,2.29,0.0028133353449251875,0.0006036656333696626,0.0012615011454462201,12.239438128992258
13.220338983050848,2.29,0.0017694025597523246,0.0003757345334423967,0.0008144436483456466,12.243425528017505
13.491525423728813,2.29,0.001095578124419742,0.00023050930418982082,0.0005179546855476097,12.245966419267544
13.76271186440678,2.29,0.0006679413674537101,0.00013939154611445798,0.0003245098177401692,12.247560769380511
14.033898305084746,2.29,0.00040103128214821407,8.309593899025987e-05,0.00020030304060328607,12.24854586422351
14.305084745762711,2.29,0.00023716522636098303,4.883210193346175e-05,0.00012184688503053501,12.24914545311975
14.576271186440678,2.29,8.286377479890789e-05,4.998619710797102e-05,7.310943626496336e-05,12.249125257166982
14.847457627118644,2.29,4.833330452615196e-05,2.8573544053315724e-05,4.318250149198266e-05,12.24949996808186
15.11864406779661,2.29,2.7776392084764195e-05,1.610618952648437e-05,2.5135396308207367e-05,12.249718143304593
15.389830508474576,2.29,1.5731412902450867e-05,8.949097627651321e-06,1.4437184014026753e-05,12.249843391292055
15.661016949152541,2.29,8.792789041739212e-06,4.912726534420388e-06,1.0520834672060686e-05,12.249914027436489
15.932203389830509,2.29,4.854992254905441e-06,2.6590269586878247e-06,1.0520835177068326e-05,12.24995346707241
16.203389830508474,2.29,2.636840640100824e-06,1.4200853640443816e-06,1.0520835304278438e-05,12.24997514851873
16.474576271186443,2.29,1.411987854817472e-06,7.500368768168129e-07,1.0520835305462602e-05,12.249986874358168
16.74576271186441,2.29,7.437264789664658e-07,3.8702921758513286e-07,1.0520835306522394e-05,12.249993226989625
17.016949152542374,2.29,3.9057355818893745e-07,1.9906319457618736e-07,1.0520835306935816e-05,12.24999651639434
17.28813559322034,2.29,3.5686212171340736e-07,7.201193024217047e-08,1.0520835307180691e-05,12.249998739791252
17.559322033898304,2.29,3.5686212171996784e-07,7.201193024349433e-08,1.0520835307374106e-05,12.249998739791252
17.83050847457627,2.29,3.5686212172095193e-07,7.201193024369291e-08,1.0520835307403119e-05,12.249998739791252
18.101694915254235,2.29,3.5686212172095193e-07,7.201193024369291e-08,1.0520835307403119e-05,12.249998739791252
18.372881355932204,2.29,3.5686212172095193e-07,7.201193024369291e-08,1.0520835307403119e-05,12.249998739791252
18.64406779661017,2.29,3.5686212172095193e-07,7.201193024369291e-08,1.0520835307403119e-05,12.249998739791252
18.915254237288135,2.29,3.5686212172095193e-07,7.201193024369291e-08,1.0520835307403119e-05,12.249998739791252
19.186440677966104,2.29,3.5686212172095193e-07,7.201193024369291e-08,1.0520835307403119e-05,12.249998739791252
19.45762711864407,2.29,3.5686212172095193e-07,7.201193024369291e-08,1.0520835307403119e-05,12.249998739791252
19.728813559322035,2.29,3.5686212172095193e-07,7.201193024369291e-08,1.0520835307403119e-05,12.249998739791252
20.0,2.29,3.5686212172095193e-07,7.201193024369291e-08,1.0520835307403119e-05,12.249998739791252
4.0,2.4800000000000004,0.24334929636258043,3.428900729230035,22.819353461478748,25.72773855668855
4.271186440677966,2.4800000000000004,0.20106621326663698,8.59288897666301,8.402562877229213,323.36032394125147
4.5423728813559325,2.4800000000000004,0.4416927144924795,11.694700384544138,9.72782588424995,662.3803500470825
4.813559322033898,2.4800000000000004,1.1580403505304098,20.053388739769705,16.365070963048375,2174.680696731045
5.084745762711864,2.4800000000000004,2.0299526945777493,23.286339638810713,18.716247020703488,2993.824142408607
5.3559322033898304,2.4800000000000004,5.646536064436271,28.155461065221157,21.077239935474427,4474.091855078533
5.627118644067797,2.4800000000000004,28.28405486090047,44.463846622260505,40.26729260675199,11590.593036909857
5.898305084745763,2.4800000000000004,21.964863813868227,92.79262984324866,60.552071509689874,52203.829935406655
6.169491525423728,2.4800000000000004,25.43982750984478,101.75907196948674,87.88334591133277,62949.64579110385
6.4406779661016955,2.4800000000000004,30.996608962305007,61.75778894361859,93.10028314489922,22769.141788515044
6.711864406779661,2.4800000000000004,6.255651896023567,29.253231802246134,12.87993513079739,4848.765761435346
6.983050847457627,2.4800000000000004,7.2731172374673685,4.715233011365921,11.773632801747253,68.69231199781471
7.254237288135593,2.4800000000000004,8.283949928610081,4.556981188928164,10.429073423576757,62.29081392028928
7.525423728813559,2.4800000000000004,8.174248465726112,4.067238003347789,8.234004746484407,44.463491040641884
7.796610169491526,2.4800000000000004,7.916670699869969,3.6026794029028553,5.975671432781949,30.32372844982799
8.067796610169491,2.4800000000000004,7.425092925382153,3.120278476486177,4.916531978950914,18.495987729135017
8.338983050847457,2.4800000000000004,6.833797037345984,2.674212556290668,4.434507295239814,10.147610241304994
8.610169491525424,2.4800000000000004,6.291997821462738,2.3086511471987423,3.1365114996877077,5.160293170659941
8.881355932203391,2.4800000000000004,5.551791741903714,1.9177425497728093,2.7289456919751043,1.6753584240328125
9.152542372881356,2.4800000000000004,4.503273475354012,1.4729551966790952,2.1964323397744954,0.033265379515534266
9.423728813559322,2.4800000000000004,1.6966623156739025,1.9229224182156592,1.745562185445462,1.7090490967032057
9.694915254237287,2.4800000000000004,1.3375807984327022,1.4208491045681024,1.3538717690750883,0.0027167822580729576
9.966101694915254,2.4800000000000004,1.017394039192694,1.017394030222927,1.0173940295800912,0.9149208006815904
10.237288135593221,2.4800000000000004,0.7594773847600474,0.7178284277797279,0.7530789663799018,2.908487837159236
10.508474576271187,2.4800000000000004,0.554816830874914,0.49744153163962923,0.5472280886473911,5.091323680056362
10.779661016949152,2.4800000000000004,0.3961171762190565,0.3380261136309035,0.38968187937803084,7.048678345811766
11.050847457627118,2.4800000000000004,0.27798095406721957,0.2264678916281459,0.273383386887918,8.607360058623053
11.322033898305085,2.4800000000000004,0.19147664344337692,0.1493482662626967,0.1886222886210105,9.775810994375766
11.593220338983052,2.4800000000000004,0.1294535056259124,0.09692311466829294,0.1279454689912335,10.612558556786139
11.864406779661017,2.4800000000000004,0.08612800197369788,0.06205006372243521,0.08552298466382141,11.188187699907118
12.135593220338983,2.4800000000000004,0.056885976118013167,0.03946512746379532,0.05702632082659726,11.569094621169414
12.40677966101695,2.4800000000000004,0.006779049481107036,0.0014913598906764207,0.0028908354748654734,12.223915102877681
12.677966101694915,2.4800000000000004,0.004402493075661218,0.0009558221897974489,0.0019243947471862149,12.233278821653908
12.94915254237288,2.4800000000000004,0.002813337830014618,0.0006036652826219446,0.0012614992124658703,12.239438135127697
13.220338983050848,2.4800000000000004,0.001769410113931413,0.0003757331676414047,0.0008144395149484185,12.243425551912605
13.491525423728813,2.4800000000000004,0.0010955797063342454,0.0002305101750371763,0.0005179471726255211,12.245966404030224
13.76271186440678,2.4800000000000004,0.0006679312676959678,0.00013939355539432114,0.00032451149743305784,12.247560734221615
14.033898305084746,2.4800000000000004,0.0004010483939848381,8.309008132496523e-05,0.00020031772323346437,12.248545966726573
14.305084745762711,2.4800000000000004,0.00023718828098904488,4.883000710518106e-05,0.0001218278106084913,12.249145489777966
14.576271186440678,2.4800000000000004,8.285413306563151e-05,4.999283332571548e-05,7.310775506911988e-05,12.249125141037318
14.847457627118644,2.4800000000000004,4.832731663129472e-05,2.85744428245767e-05,4.31885169890124e-05,12.249499952353686
15.11864406779661,2.4800000000000004,2.7765844392131336e-05,1.6109034825971376e-05,2.5152732557206633e-05,12.249718093512422
15.389830508474576,2.4800000000000004,1.5729080893075067e-05,8.949553685361835e-06,1.4442425679011056e-05,12.249843383311092
15.661016949152541,2.4800000000000004,8.79649225661772e-06,4.9132630605161364e-06,1.0520834672061249e-05,12.249914018047313
15.932203389830509,2.4800000000000004,4.852396662106001e-06,2.65653523973035e-06,1.052083517706946e-05,12.249953510677408
16.203389830508474,2.4800000000000004,2.6306612165680546e-06,1.4230779701799055e-06,1.0520835304277367e-05,12.249975096148177
16.474576271186443,2.4800000000000004,1.413143620584968e-06,7.464590682751177e-07,1.0520835305464438e-05,12.249986936969785
16.74576271186441,2.4800000000000004,7.463572771402523e-07,3.86277610904306e-07,1.052083530652333e-05,12.249993240142738
17.016949152542374,2.4800000000000004,3.793613638307794e-07,2.0355352809554532e-07,1.0520835306934491e-05,12.249996437813516
17.28813559322034,2.4800000000000004,3.568621217134163e-07,7.201193024217229e-08,1.0520835307180957e-05,12.249998739791252
17.559322033898304,2.4800000000000004,3.5686212171996906e-07,7.201193024349457e-08,1.0520835307374142e-05,12.249998739791252
17.83050847457627,2.4800000000000004,3.5686212172095193e-07,7.201193024369291e-08,1.0520835307403119e-05,12.249998739791252
18.101694915254235,2.4800000000000004,3.5686212172095193e-07,7.201193024369291e-08,1.0520835307403119e-05,12.249998739791252
18.372881355932204,2.4800000000000004,3.5686212172095193e-07,7.201193024369291e-08,1.0520835307403119e-05,12.249998739791252
18.64406779661017,2.4800000000000004,3.5686212172095193e-07,7.201193024369291e-08,1.0520835307403119e-05,12.249998739791252
18.915254237288135,2.4800000000000004,3.5686212172095193e-07,7.201193024369291e-08,1.0520835307403119e-05,12.249998739791252
19.186440677966104,2.4800000000000004,3.5686212172095193e-07,7.201193024369291e-08,1.0520835307403119e-05,12.249998739791252
19.45762711864407,2.4800000000000004,3.5686212172095193e-07,7.201193024369291e-08,1.0520835307403119e-05,12.249998739791252
19.728813559322035,2.4800000000000004,3.5686212172095193e-07,7.201193024369291e-08,1.0520835307403119e-05,12.249998739791252
20.0,2.4800000000000004,3.5686212172095193e-07,7.201193024369291e-08,1.0520835307403119e-05,12.249998739791252
4.0,2.6700000000000004,0.24995321763626419,3.475285474771708,22.813706991319336,26.91756126124021
4.271186440677966,2.6700000000000004,0.2041257079421411,8.670406363291322,8.431538709572271,330.3675542961684
4.5423728813559325,2.6700000000000004,0.4455874778196681,11.76576480810608,9.765777483030828,671.5567503560654
4.813559322033898,2.6700000000000004,1.1604785873084034,20.070875858040207,16.36511844448637,2178.760033164679
5.084745762711864,2.6700000000000004,2.0323621354073853,23.30168244768251,18.722327042209713,2998.0230877445256
5.3559322033898304,2.6700000000000004,5.650657185245546,28.169657789431483,21.08513810993055,4478.841113520435
5.627118644067797,2.6700000000000004,28.288244067012386,44.466132741559576,40.26731477745969,11591.823683210185
5.898305084745763,2.6700000000000004,21.966837823523104,92.79698782913621,60.55365183826811,52208.80865149545
6.169491525423728,2.6700000000000004,25.441186141325556,101.76263251905841,87.88568773197217,62954.11253847224
6.4406779661016955,2.6700000000000004,30.996939467762378,61.75795537524036,93.10021890490192,22769.26735674691
6.711864406779661,2.6700000000000004,6.255686918578234,29.253280637162167,12.879944402312,4848.782764078206
6.983050847457627,2.6700000000000004,7.273137852048345,4.715238846951922,11.77364050795203,68.69255382711945
7.254237288135593,2.6700000000000004,8.283956492606446,4.556981623169346,10.429071789355998,62.29083105643099
7.525423728813559,2.6700000000000004,8.174251766332242,4.067238382331484,8.234004630053166,44.463503676139204
7.796610169491526,2.6700000000000004,7.916672205492565,3.6026795840631323,5.975671455988403,30.323733437803334
8.067796610169491,2.6700000000000004,7.4250934098112245,3.1202784757885205,4.916531875498873,18.49598771413297
8.338983050847457,2.6700000000000004,6.833797265474735,2.6742125661232525,4.4345072709151045,10.147610397915027
8.610169491525424,2.6700000000000004,6.291997919534697,2.308651151623035,3.1365114927023017,5.160293220911672
8.881355932203391,2.6700000000000004,5.551791769755773,1.9177425470262364,2.728945685047959,1.6753584062575917
9.152542372881356,2.6700000000000004,4.503273487658515,1.4729551959311915,2.1964323354406514,0.03326537883349097
9.423728813559322,2.6700000000000004,1.6966623174389426,1.9229224178778699,1.745562184016646,1.7090490944952355
9.694915254237287,2.6700000000000004,1.337580797021174,1.420849104908287,1.353871771160243,0.0027167823467297483
9.966101694915254,2.6700000000000004,1.0173940437390707,1.0173940270683024,1.0173940278381142,0.9149208157688178
10.237288135593221,2.6700000000000004,0.7594773731455907,0.7178284350948452,0.7530789760490407,2.908487774782173
10.508474576271187,2.6700000000000004,0.5548168372495509,0.49744152656816687,0.5472280874357496,5.0913237372725035
10.779661016949152,2.6700000000000004,0.3961171760602839,0.33802611847009484,0.3896818629198153,7.048678281573081
11.050847457627118,2.6700000000000004,0.2779809657783335,0.22646788267239232,0.273383387387547,8.60736018999636
11.322033898305085,2.6700000000000004,0.19147664441971596,0.1493482688777955,0.18862227141823149,9.775810953493542
11.593220338983052,2.6700000000000004,0.1294534895468843,0.09692312372074363,0.1279454726458696,10.61255840933565
11.864406779661017,2.6700000000000004,0.08612805387971686,0.062050034489211835,0.08552294631918371,11.188188188814493
12.135593220338983,2.6700000000000004,0.05688601844550736,0.03946509714811881,0.05702634166927739,11.569095136738609
12.40677966101695,2.6700000000000004,0.006779045781644487,0.0014913606140837918,0.0028908352733166423,12.223915090231536
12.677966101694915,2.6700000000000004,0.004402490620865937,0.0009558220051527643,0.0019243985678052736,12.23327882488298
12.94915254237288,2.6700000000000004,0.002813324889403875,0.0006036676027371867,0.0012615030316615087,12.239438094543186
13.220338983050848,2.6700000000000004,0.0017694173489133506,0.000375732156743133,0.000814436317769727,12.243425569598578
13.491525423728813,2.6700000000000004,0.0010955767244131586,0.00023051000908213098,0.0005179538097526618,12.245966406933963
13.76271186440678,2.6700000000000004,0.0006679446818281458,0.00013939182609529804,0.0003245049003103664,12.247560764481339
14.033898305084746,2.6700000000000004,0.0004010304440360596,8.309457748687219e-05,0.0002003155992463494,12.24854588804841
14.305084745762711,2.6700000000000004,0.00023718340808803217,4.8832045587723e-05,0.0001218210206798618,12.249145454105765
14.576271186440678,2.6700000000000004,8.285714904609035e-05,4.9988970848102563e-05,7.311464067523848e-05,12.249125208628262
14.847457627118644,2.6700000000000004,4.832469629308128e-05,2.8575806067388354e-05,4.3194311725542555e-05,12.249499928497423
15.11864406779661,2.6700000000000004,2.7771742038971243e-05,1.6104717449727544e-05,2.5157298420495807e-05,12.249718169065638
15.389830508474576,2.6700000000000004,1.5730606386728828e-05,8.951951323825725e-06,1.4425659290463442e-05,12.249843341352692
15.661016949152541,2.6700000000000004,8.794513581954296e-06,4.911539420544546e-06,1.0520834672062726e-05,12.249914048210908
15.932203389830509,2.6700000000000004,4.8535182238746605e-06,2.6562302283837983e-06,1.0520835177069707e-05,12.249953516015095
16.203389830508474,2.6700000000000004,2.6353828049017243e-06,1.4174962846065495e-06,1.0520835304279771e-05,12.249975193827574
16.474576271186443,2.6700000000000004,1.4178731456907995e-06,7.449186179568572e-07,1.0520835305465448e-05,12.249986963927654
16.74576271186441,2.6700000000000004,7.486064237591579e-07,3.856366678198506e-07,1.0520835306524219e-05,12.249993251359243
17.016949152542374,2.6700000000000004,3.8895787657594956e-07,1.9670833762974358e-07,1.0520835306937759e-05,12.24999655760433
17.28813559322034,2.6700000000000004,3.568621217134253e-07,7.20119302421741e-08,1.0520835307181221e-05,12.249998739791252
17.559322033898304,2.6700000000000004,3.568621217199702e-07,7.201193024349481e-08,1.0520835307374176e-05,12.249998739791252
17.83050847457627,2.6700000000000004,3.5686212172095193e-07,7.201193024369291e-08,1.0520835307403119e-05,12.249998739791252
18.101694915254235,2.6700000000000004,3.5686212172095193e-07,7.201193024369291e-08,1.0520835307403119e-05,12.249998739791252
18.372881355932204,2.6700000000000004,3.5686212172095193e-07,7.201193024369291e-08,1.0520835307403119e-05,12.249998739791252
18.64406779661017,2.6700000000000004,3.5686212172095193e-07,7.201193024369291e-08,1.0520835307403119e-05,12.249998739791252
18.915254237288135,2.6700000000000004,3.5686212172095193e-07,7.201193024369291e-08,1.0520835307403119e-05,12.249998739791252
19.186440677966104,2.6700000000000004,3.5686212172095193e-07,7.201193024369291e-08,1.0520835307403119e-05,12.249998739791252
19.45762711864407,2.6700000000000004,3.5686212172095193e-07,7.201193024369291e-08,1.0520835307403119e-05,12.249998739791252
19.728813559322035,2.6700000000000004,3.5686212172095193e-07,7.201193024369291e-08,1.0520835307403119e-05,12.249998739791252
20.0,2.6700000000000004,3.5686212172095193e-07,7.201193024369291e-08,1.0520835307403119e-05,12.249998739791252
4.0,2.8600000000000003,0.25671964066252195,3.5222094231682153,22.810161170815565,28.148580223649805
4.271186440677966,2.8600000000000003,0.20723850231192642,8.748984451249934,8.461131248043385,337.54732790445803
4.5423728813559325,2.8600000000000003,0.4495302693568808,11.837643315321163,9.804226192078046,680.9024873616784
4.813559322033898,2.8600000000000003,1.162921565952589,20.088379712901865,16.36517695996753,2182.847101835013
5.084745762711864,2.8600000000000003,2.034774998777071,23.317043736839864,18.72841764624241,3002.230038515947
5.3559322033898304,2.8600000000000003,5.654782770809446,28.18386940047392,21.093045390848797,4483.59787538527
5.627118644067797,2.8600000000000003,28.292433855301105,44.46841906748129,40.267337150416985,11593.054506076161
5.898305084745763,2.8600000000000003,21.96881204820539,92.80134624630288,60.5552323908636,52213.78809772841
6.169491525423728,2.8600000000000003,25.44254487673606,101.76619333376931,87.88802974558116,62958.57977694723
6.4406779661016955,2.8600000000000003,30.99726997594588,61.75812180765334,93.10015466724519,22769.39292592198
6.711864406779661,2.8600000000000003,6.255721941322915,29.25332947226904,12.879953673972437,4848.79976681732
6.983050847457627,2.8600000000000003,7.2731584667178355,4.715244682551229,11.77364821419218,68.69279565740125
7.254237288135593,2.8600000000000003,8.283963056579141,4.556982057443481,10.429070155033106,62.290848193875455
7.525423728813559,2.8600000000000003,8.174255067002461,4.067238761272211,8.234004513716911,44.46351631020575
7.796610169491526,2.8600000000000003,7.916673711380239,3.6026797650889906,5.975671479352292,30.323738422078062
8.067796610169491,2.8600000000000003,7.4250938946930765,3.1202784751255566,4.916531771479132,18.495987699876935
8.338983050847457,2.8600000000000003,6.833797494530066,2.6742125757571866,4.434507246308746,10.147610551361025
8.610169491525424,2.8600000000000003,6.291998018755548,2.308651155715213,3.1365114859013743,5.160293267391202
8.881355932203391,2.8600000000000003,5.551791797456287,1.9177425447768144,2.7289456767463647,1.6753583916998234
9.152542372881356,2.8600000000000003,4.50327350002289,1.4729551946760895,2.1964323334707023,0.0332653776889133
9.423728813559322,2.8600000000000003,1.6966623191046644,1.9229224177381834,1.7455621829167676,1.7090490935821705
9.694915254237287,2.8600000000000003,1.337580796926512,1.4208491064028943,1.3538717683849502,0.002716782736245074
9.966101694915254,2.8600000000000003,1.017394042250498,1.0173940298042694,1.0173940233992202,0.9149208026838513
10.237288135593221,2.8600000000000003,0.75947737939787,0.7178284303745048,0.7530789733674548,2.908487815033198
10.508474576271187,2.8600000000000003,0.5548168228265001,0.4974415383009438,0.5472280870956227,5.09132360490354
10.779661016949152,2.8600000000000003,0.3961171727927749,0.3380261199954785,0.38968186794131304,7.048678261324108
11.050847457627118,2.8600000000000003,0.2779809760052981,0.22646787496511808,0.2733833878914758,8.607360303055534
11.322033898305085,2.8600000000000003,0.19147661309356545,0.14934828270498088,0.18862231008607358,9.775810737331126
11.593220338983052,2.8600000000000003,0.12945347694454545,0.09692313257392916,0.12794547713962634,10.612558265130883
11.864406779661017,2.8600000000000003,0.08612802440111916,0.06205005168953274,0.0855229701316429,11.188187901149883
12.135593220338983,2.8600000000000003,0.05688600298607167,0.03946509461101592,0.057026394061863356,11.56909517988632
12.40677966101695,2.8600000000000003,0.006779051336125728,0.001491359008766436,0.0028908378832209376,12.223915118294666
12.677966101694915,2.8600000000000003,0.004402488489125593,0.0009558218443671069,0.001924401879440261,12.233278827694813
12.94915254237288,2.8600000000000003,0.002813327738908866,0.0006036671677585149,0.001261501230199063,12.239438102152032
13.220338983050848,2.8600000000000003,0.0017694090483840524,0.0003757338919472211,0.0008144389967109216,12.243425539240656
13.491525423728813,2.8600000000000003,0.0010955773865006552,0.00023051054851806543,0.0005179469737703889,12.245966397495385
13.76271186440678,2.8600000000000003,0.0006679357102036046,0.00013939355114208227,0.00032450668657534824,12.247560734296025
14.033898305084746,2.8600000000000003,0.00040104997327860046,8.309054902350748e-05,0.0002003123494561356,12.248545958542332
14.305084745762711,2.8600000000000003,0.00023718961471602535,4.882815081850489e-05,0.0001218397321233713,12.24914552226185
14.576271186440678,2.8600000000000003,8.286050525545454e-05,4.998606881171853e-05,7.312126537364914e-05,12.249125259412088
14.847457627118644,2.8600000000000003,4.833583338350038e-05,2.8570165821081173e-05,4.318926731937383e-05,12.24950002719972
15.11864406779661,2.8600000000000003,2.778098341039694e-05,1.6102605061963266e-05,2.514131684679799e-05,12.249718206032
15.389830508474576,2.8600000000000003,1.5727814486083908e-05,8.95168911699378e-06,1.4430213769616086e-05,12.249843345941278
15.661016949152541,2.8600000000000003,8.797610982341967e-06,4.912084336597412e-06,1.0520834672063283e-05,12.249914038674909
15.932203389830509,2.8600000000000003,4.842207932194162e-06,2.6626754161195766e-06,1.0520835177067222e-05,12.249953403224525
16.203389830508474,2.8600000000000003,2.6439359371328334e-06,1.4145464925837491e-06,1.052083530428111e-05,12.249975245448883
16.474576271186443,2.8600000000000003,1.4092313153340719e-06,7.486857918407512e-07,1.052083530546431e-05,12.249986898002144
16.74576271186441,2.8600000000000003,7.505513456128701e-07,3.850836242512736e-07,1.0520835306525072e-05,12.249993261037497
17.016949152542374,2.8600000000000003,3.930267521136924e-07,1.9802095771967212e-07,1.0520835306937721e-05,12.249996534633482
17.28813559322034,2.8600000000000003,3.5686212171343425e-07,7.201193024217591e-08,1.0520835307181486e-05,12.249998739791252
17.559322033898304,2.8600000000000003,3.5686212171997133e-07,7.201193024349505e-08,1.052083530737421e-05,12.249998739791252
17.83050847457627,2.8600000000000003,3.5686212172095193e-07,7.201193024369291e-08,1.0520835307403119e-05,12.249998739791252
18.101694915254235,2.8600000000000003,3.5686212172095193e-07,7.201193024369291e-08,1.0520835307403119e-05,12.249998739791252
18.372881355932204,2.8600000000000003,3.5686212172095193e-07,7.201193024369291e-08,1.0520835307403119e-05,12.249998739791252
18.64406779661017,2.8600000000000003,3.5686212172095193e-07,7.201193024369291e-08,1.0520835307403119e-05,12.249998739791252
18.915254237288135,2.8600000000000003,3.5686212172095193e-07,7.201193024369291e-08,1.0520835307403119e-05,12.249998739791252
19.186440677966104,2.8600000000000003,3.5686212172095193e-07,7.201193024369291e-08,1.0520835307403119e-05,12.249998739791252
19.45762711864407,2.8600000000000003,3.5686212172095193e-07,7.201193024369291e-08,1.0520835307403119e-05,12.249998739791252
19.728813559322035,2.8600000000000003,3.5686212172095193e-07,7.201193024369291e-08,1.0520835307403119e-05,12.249998739791252
20.0,2.8600000000000003,3.5686212172095193e-07,7.201193024369291e-08,1.0520835307403119e-05,12.249998739791252
4.0,3.0500000000000003,0.26365270878715585,3.5696860628645273,22.808765181451275,29.422110071178583
4.271186440677966,3.0500000000000003,0.21040582935849603,8.828648432568794,8.491354934771365,344.9051095919175
4.5423728813559325,3.0500000000000003,0.4535219638655324,11.910351015224077,9.843181237995214,690.421740395136
4.813559322033898,3.0500000000000003,1.1653692960635613,20.10590034335506,16.365246527238043,2186.9419228470683
5.084745762711864,3.0500000000000003,2.0371912913723653,23.332423544240527,18.7345188536755,3006.445015774726
5.3559322033898304,3.0500000000000003,5.65891282839595,28.198095923026415,21.10096179326706,4488.362156873281
5.627118644067797,3.0500000000000003,28.29662422585258,44.47070560007378,40.26735972564535,11594.285505551417
5.898305084745763,3.0500000000000003,21.97078648794682,92.80570509480687,60.5568131675282,52218.768274242495
6.169491525423728,3.0500000000000003,25.443903716088187,101.76975441364766,87.89037195218998,62963.047506599636
6.4406779661016955,3.0500000000000003,30.997600486896165,61.758288240826694,93.10009043190132,22769.518496016983
6.711864406779661,3.0500000000000003,6.255756964265269,29.253378307562873,12.879962945763264,4848.816769651337
6.983050847457627,3.0500000000000003,7.273179081433972,4.715250518167965,11.773655920509697,68.69303748883098
7.254237288135593,3.0500000000000003,8.283969620567913,4.556982491688253,10.429068520815806,62.29086533016357
7.525423728813559,3.0500000000000003,8.174258367685976,4.067239140227394,8.23400439729465,44.46352894475604
7.796610169491526,3.0500000000000003,7.916675217234876,3.602679946143709,5.9756715026564615,30.32374340714783
8.067796610169491,3.0500000000000003,7.42509437947303,3.1202784743978387,4.91653166780532,18.49598768422847
8.338983050847457,3.0500000000000003,6.833797723762324,2.674212585379393,4.434507221668781,10.147610704620236
8.610169491525424,3.0500000000000003,6.2919981157367495,2.3086511604415354,3.1365114789095556,5.160293321073432
8.881355932203391,3.0500000000000003,5.551791827121335,1.9177425421918939,2.7289456677065855,1.6753583749707817
9.152542372881356,3.0500000000000003,4.503273512950986,1.4729551931770437,2.1964323314488743,0.03326537632187361
9.423728813559322,3.0500000000000003,1.6966623205211642,1.92292241756866,1.7455621819110296,1.7090490924740749
9.694915254237287,3.0500000000000003,1.3375807991824302,1.420849104251154,1.3538717683227028,0.0027167821754718116
9.966101694915254,3.0500000000000003,1.0173940397822907,1.017394031034265,1.0173940262248224,0.9149207968013053
10.237288135593221,3.0500000000000003,0.7594773763938318,0.717828431859203,0.7530789769127317,2.9084878023729623
10.508474576271187,3.0500000000000003,0.5548168266970672,0.49744153146381,0.5472280992954306,5.0913236820399534
10.779661016949152,3.0500000000000003,0.3961171793989225,0.3380261105331909,0.3896818816499453,7.048678386932887
11.050847457627118,3.0500000000000003,0.2779809518956005,0.22646789329061034,0.2733833896025388,8.607360034236113
11.322033898305085,3.0500000000000003,0.19147661675295416,0.14934828468293132,0.1886222945898445,9.775810706409537
11.593220338983052,3.0500000000000003,0.1294534961861927,0.09692312276051528,0.12794545788832265,10.612558424976294
11.864406779661017,3.0500000000000003,0.08612803110304043,0.06205004777897688,0.08552296631851108,11.188187966551485
12.135593220338983,3.0500000000000003,0.0568859684775929,0.039465128090265256,0.057026347984435545,11.569094610515235
12.40677966101695,3.0500000000000003,0.006779041719575515,0.0014913618356384745,0.0028908348862158924,12.223915068877103
12.677966101694915,3.0500000000000003,0.004402490828559504,0.00095582219874024,0.0019243974604875721,12.233278821497514
12.94915254237288,3.0500000000000003,0.0028133302299426385,0.0006036667862342683,0.001261499651637085,12.239438108825826
13.220338983050848,3.0500000000000003,0.0017694154481262734,0.00037573296183926886,0.0008144362300773156,12.243425555513179
13.491525423728813,3.0500000000000003,0.001095574920603043,0.0002305103799704066,0.0005179527963561542,12.245966400444484
13.76271186440678,3.0500000000000003,0.0006679464230617554,0.00013939188036514214,0.00032450084519589214,12.247560763531707
14.033898305084746,3.0500000000000003,0.0004010341610350198,8.309445581404307e-05,0.00020031082473819035,12.248545890177555
14.305084745762711,3.0500000000000003,0.00023718526575515104,4.8830050960133654e-05,0.00012183304506312272,12.24914548901053
14.576271186440678,3.0500000000000003,8.285661879173884e-05,4.9992917101749515e-05,7.310152111376401e-05,12.249125139571287
14.847457627118644,3.0500000000000003,4.833146904656017e-05,2.8571497822143566e-05,4.319432921732299e-05,12.249500003890176
15.11864406779661,3.0500000000000003,2.7784538240307572e-05,1.6098839330556033e-05,2.514541770237762e-05,12.249718271931544
15.389830508474576,3.0500000000000003,1.574017492556674e-05,8.945793366712443e-06,1.4425064815139863e-05,12.24984344911625
15.661016949152541,3.0500000000000003,8.795731588816665e-06,4.910604490536661e-06,1.0520834672064662e-05,12.249914064572126
15.932203389830509,3.0500000000000003,4.8438951491503225e-06,2.662071692851473e-06,1.0520835177067589e-05,12.249953413789664
16.203389830508474,3.0500000000000003,2.638458388166463e-06,1.417320742079302e-06,1.0520835304280128e-05,12.249975196899566
16.474576271186443,3.0500000000000003,1.412369244516755e-06,7.469371507175835e-07,1.0520835305465404e-05,12.249986928603347
16.74576271186441,3.0500000000000003,7.412329782927384e-07,3.890074577876094e-07,1.0520835306524114e-05,12.249993192370432
17.016949152542374,3.0500000000000003,3.837440337790312e-07,2.0178455880925977e-07,1.0520835306936691e-05,12.249996468770473
17.28813559322034,3.0500000000000003,3.5686212171344325e-07,7.201193024217771e-08,1.052083530718175e-05,12.249998739791252
17.559322033898304,3.0500000000000003,3.5686212171997255e-07,7.201193024349528e-08,1.0520835307374245e-05,12.249998739791252
17.83050847457627,3.0500000000000003,3.5686212172095193e-07,7.201193024369291e-08,1.0520835307403119e-05,12.249998739791252
18.101694915254235,3.0500000000000003,3.5686212172095193e-07,7.201193024369291e-08,1.0520835307403119e-05,12.249998739791252
18.372881355932204,3.0500000000000003,3.5686212172095193e-07,7.201193024369291e-08,1.0520835307403119e-05,12.249998739791252
18.64406779661017,3.0500000000000003,3.5686212172095193e-07,7.201193024369291e-08,1.0520835307403119e-05,12.249998739791252
18.915254237288135,3.0500000000000003,3.5686212172095193e-07,7.201193024369291e-08,1.0520835307403119e-05,12.249998739791252
19.186440677966104,3.0500000000000003,3.5686212172095193e-07,7.201193024369291e-08,1.0520835307403119e-05,12.249998739791252
19.45762711864407,3.0500000000000003,3.5686212172095193e-07,7.201193024369291e-08,1.0520835307403119e-05,12.249998739791252
19.728813559322035,3.0500000000000003,3.5686212172095193e-07,7.201193024369291e-08,1.0520835307403119e-05,12.249998739791252
20.0,3.0500000000000003,3.5686212172095193e-07,7.201193024369291e-08,1.0520835307403119e-05,12.249998739791252
4.0,3.24,0.2707567030546251,3.6177294601995627,22.80956905963779,30.73952474148152
4.271186440677966,3.24,0.21362896133738302,8.909424326468752,8.522224674473831,352.4465857185041
4.5423728813559325,3.24,0.45756345804294685,11.983903399290279,9.882652081255012,700.1188197844269
4.813559322033898,3.24,1.1678217872675063,20.123437788531454,16.365327164087,2191.044516381298
5.084745762711864,3.24,2.0396110198971833,23.347821907947125,18.740630685439555,3010.6680406435235
5.3559322033898304,3.24,5.663047365287932,28.212337381823357,21.1088873322579,4493.133974229514
5.627118644067797,3.24,28.300815178767557,44.472992339376084,40.26738250316458,11595.516681674691
5.898305084745763,3.24,21.972761142780435,92.81006437472654,60.558394168274134,52223.7491811978
6.169491525423728,3.24,25.445262659387968,101.7733157587396,87.89271435180731,62967.51572752276
6.4406779661016955,3.24,30.997931000565046,61.75845467478918,93.10002619889985,22769.64406705362
6.711864406779661,3.24,6.255791987414813,29.253427143039197,12.879972217690877,4848.833772578705
6.983050847457627,3.24,7.27319969622949,4.715256353802897,11.773663626850391,68.6932793214405
7.254237288135593,3.24,8.283976184542288,4.5569829259622905,10.42906688650767,62.290882467608895
7.525423728813559,3.24,8.17426166829871,4.067239519193513,8.234004280930867,44.46354157967276
7.796610169491526,3.24,7.916676723068554,3.6026801272249975,5.975671525916038,30.32374839294957
8.067796610169491,3.24,7.425094864257352,3.1202784736538836,4.916531564185751,18.495987668230843
8.338983050847457,3.24,6.833797952396054,2.6742125952074547,4.4345071968224055,10.14761086115823
8.610169491525424,3.24,6.291998214616042,2.308651164502068,3.136511472458197,5.160293367193529
8.881355932203391,3.24,5.551791853291506,1.9177425403145176,2.728945659458745,1.6753583628208126
9.152542372881356,3.24,4.503273522377696,1.4729551931783968,2.1964323274499447,0.033265376323107596
9.423728813559322,3.24,1.6966623239726728,1.9229224160477798,1.7455621799793426,1.709049082532796
9.694915254237287,3.24,1.337580798857559,1.420849105487297,1.35387176592334,0.0027167824976277407
9.966101694915254,3.24,1.0173940469020881,1.017394024011959,1.0173940283938856,0.9149208303860084
10.237288135593221,3.24,0.7594773768600454,0.7178284338412783,0.7530789696736766,2.9084877854715194
10.508474576271187,3.24,0.5548168255949603,0.49744153504557626,0.5472280911625271,5.091323641630534
10.779661016949152,3.24,0.396117179081514,0.3380261147026188,0.3896818679538343,7.048678331585097
11.050847457627118,3.24,0.27798096173370834,0.22646788586174363,0.2733833899140226,8.607360143211281
11.322033898305085,3.24,0.19147661433764204,0.14934828202550215,0.18862230976292063,9.775810747953516
11.593220338983052,3.24,0.12945348467282497,0.09692313063186878,0.1279454627207026,10.61255829676406
11.864406779661017,3.24,0.08612803701947788,0.062050044327456824,0.08552296295313659,11.188188024276
12.135593220338983,3.24,0.0568860021306999,0.03946510190847333,0.05702636188769295,11.569095055780751
12.40677966101695,3.24,0.00677903912622062,0.0014913623177518884,0.0028908347546977137,12.223915060449107
12.677966101694915,3.24,0.0044024889374053725,0.0009558220460560589,0.0019244004498525163,12.233278824167662
12.94915254237288,3.24,0.002813332961143256,0.0006036665636801861,0.0012614984969122947,12.239438112718846
13.220338983050848,3.24,0.001769405669352703,0.00037573433973531233,0.0008144385542810164,12.24342553140647
13.491525423728813,3.24,0.0010955873037332604,0.00023050765633640072,0.0005179523495252443,12.24596644810023
13.76271186440678,3.24,0.0006679384013266795,0.00013939339985815472,0.00032450265961488333,12.247560736943228
14.033898305084746,3.24,0.0004010511818676934,8.309090696273413e-05,0.00020030823612791616,12.248545952278766
14.305084745762711,3.24,0.00023718143355491754,4.883172962917293e-05,0.0001218271458938922,12.249145459634848
14.576271186440678,3.24,8.285961209592721e-05,4.999012391540501e-05,7.310813722963215e-05,12.249125188450305
14.847457627118644,3.24,4.83319457898946e-05,2.8574497005577167e-05,4.3181870955086635e-05,12.249499951405534
15.11864406779661,3.24,2.777948046818989e-05,1.610347438123166e-05,2.514162046587877e-05,12.249718190819085
15.389830508474576,3.24,1.573787634646799e-05,8.946336074117165e-06,1.4429785213505777e-05,12.249843439618932
15.661016949152541,3.24,8.797743697677344e-06,4.910777473156137e-06,1.0520834672065372e-05,12.249914061544942
15.932203389830509,3.24,4.85590041818214e-06,2.6549217816865366e-06,1.0520835177070608e-05,12.24995353891287
16.203389830508474,3.24,2.6336235933953243e-06,1.4197740976462079e-06,1.0520835304279278e-05,12.249975153965888
16.474576271186443,3.24,1.4162359477153222e-06,7.455946353661439e-07,1.0520835305466334e-05,12.249986952097354
16.74576271186441,3.24,7.457109323035173e-07,3.895249140597002e-07,1.0520835306524534e-05,12.24999318331495
17.016949152542374,3.24,3.8500845413367766e-07,2.0127751140484825e-07,1.0520835306937391e-05,12.249996477643803
17.28813559322034,3.24,3.568621217134522e-07,7.201193024217953e-08,1.0520835307182014e-05,12.249998739791252
17.559322033898304,3.24,3.568621217199737e-07,7.201193024349552e-08,1.0520835307374279e-05,12.249998739791252
17.83050847457627,3.24,3.5686212172095193e-07,7.201193024369291e-08,1.0520835307403119e-05,12.249998739791252
18.101694915254235,3.24,3.5686212172095193e-07,7.201193024369291e-08,1.0520835307403119e-05,12.249998739791252
18.372881355932204,3.24,3.5686212172095193e-07,7.201193024369291e-08,1.0520835307403119e-05,12.249998739791252
18.64406779661017,3.24,3.5686212172095193e-07,7.201193024369291e-08,1.0520835307403119e-05,12.249998739791252
18.915254237288135,3.24,3.5686212172095193e-07,7.201193024369291e-08,1.0520835307403119e-05,12.249998739791252
19.186440677966104,3.24,3.5686212172095193e-07,7.201193024369291e-08,1.0520835307403119e-05,12.249998739791252
19.45762711864407,3.24,3.5686212172095193e-07,7.201193024369291e-08,1.0520835307403119e-05,12.249998739791252
19.728813559322035,3.24,3.5686212172095193e-07,7.201193024369291e-08,1.0520835307403119e-05,12.249998739791252
20.0,3.24,3.5686212172095193e-07,7.201193024369291e-08,1.0520835307403119e-05,12.249998739791252
4.0,3.43,0.2780360484993062,3.666354284228856,22.812623779295055,32.102260885265565
4.271186440677966,3.43,0.21690921139218478,8.99133901354181,8.553755853846425,360.177675115762
4.5423728813559325,3.43,0.46165567122416784,12.058316353719384,9.922648423729585,709.9981718497627
4.813559322033898,3.43,1.1702790492163648,20.14099208769381,16.365418888347204,2195.154902693763
5.084745762711864,3.43,2.042034191073519,23.363238866126988,18.746753162523152,3014.8991343159446
5.3559322033898304,3.43,5.667186388785681,28.22659380165384,21.116822022926147,4497.9133437433275
5.627118644067797,3.43,28.30500671412597,44.47527928543787,40.267405483000445,11596.748034490454
5.898305084745763,3.43,21.974736012748192,92.81442408610928,60.559975393147255,52228.73081871897
6.169491525423728,3.43,25.446621706653904,101.77687736905753,87.8950569444584,62971.98443976758
6.4406779661016955,3.43,30.998261516960977,61.758621109504965,93.09996196831072,22769.769639004862
6.711864406779661,3.43,6.2558270107417675,29.25347597869804,12.87998148977998,4848.850775599431
6.983050847457627,3.43,7.273220311102889,4.715262189451992,11.773671333236129,68.69352115506258
7.254237288135593,3.43,8.283982748608278,4.556983360194392,10.429065252254086,62.290899603401726
7.525423728813559,3.43,8.174264969045826,4.067239898127943,8.234004164518614,44.463554213534756
7.796610169491526,3.43,7.916678229031599,3.6026803082834835,5.9756715490832315,30.323753378123886
8.067796610169491,3.43,7.425095348912182,3.120278473031932,4.916531460249946,18.495987654856727
8.338983050847457,3.43,6.8337981808036306,2.674212604980145,4.434507172487418,10.147611016814292
8.610169491525424,3.43,6.291998313406498,2.3086511687814135,3.136511465264102,5.1602934157989315
8.881355932203391,3.43,5.5517918831142685,1.917742537735484,2.728945650128551,1.6753583461298693
9.152542372881356,3.43,4.503273535699547,1.472955191962719,2.196432324324568,0.033265375214482515
9.423728813559322,3.43,1.6966623244169647,1.9229224164186465,1.7455621798259753,1.7090490849569775
9.694915254237287,3.43,1.3375808007714205,1.4208491036404192,1.353871766019364,0.002716782016305896
9.966101694915254,3.43,1.0173940444501923,1.0173940254270808,1.0173940306303095,0.9149208236180827
10.237288135593221,3.43,0.7594773743051328,0.7178284349465227,0.7530789730067359,2.9084877760469405
10.508474576271187,3.43,0.5548168308473118,0.4974415309070857,0.5472280900777592,5.091323688320906
10.779661016949152,3.43,0.39611717619220277,0.3380261161853896,0.3896818718645195,7.0486783119017975
11.050847457627118,3.43,0.2779809523014192,0.22646788933143125,0.2733834023537945,8.607360092313911
11.322033898305085,3.43,0.1914766319923691,0.1493482685697532,0.1886223102553435,9.775810958309213
11.593220338983052,3.43,0.1294534743308679,0.0969231375532202,0.12794546691480743,10.612558184025897
11.864406779661017,3.43,0.08612801208732868,0.06205005719775601,0.08552298060977011,11.188187809028296
12.135593220338983,3.43,0.05688600005420242,0.039465106404533934,0.05702635132927844,11.569094979317661
12.40677966101695,3.43,0.00677904412626161,0.0014913608848207418,0.002890836959588739,12.223915085498689
12.677966101694915,3.43,0.004402489470671912,0.0009558223911645029,0.001924396829453838,12.23327881813239
12.94915254237288,3.43,0.002813322660962865,0.000603668192203851,0.0012615012868382048,12.239438084231969
13.220338983050848,3.43,0.0017694085547050112,0.00037573285239279907,0.0008144448801741785,12.243425557427974
13.491525423728813,3.43,0.0010955839624913917,0.0002305075406122021,0.000517956946045785,12.245966450125072
13.76271186440678,3.43,0.0006679447898183213,0.00013939129891518462,0.0003245096255600466,12.247560773706072
14.033898305084746,3.43,0.0004010361650127484,8.30941768115716e-05,0.00020030666393989617,12.24854589505981
14.305084745762711,3.43,0.00023717388279653344,4.8832369289532916e-05,0.0001218358155421523,12.249145448441181
14.576271186440678,3.43,8.285225377551484e-05,4.99943321772482e-05,7.310644860863065e-05,12.249125114808352
14.847457627118644,3.43,4.832775878310652e-05,2.8575133761862863e-05,4.318631485045651e-05,12.24949994026253
15.11864406779661,3.43,2.7774390315217957e-05,1.6107252219607206e-05,2.5137707324290827e-05,12.249718124707679
15.389830508474576,3.43,1.572740423616191e-05,8.953961449162017e-06,1.4426252930249938e-05,12.249843306175721
15.661016949152541,3.43,8.787763638399182e-06,4.916571161171193e-06,1.0520834672063803e-05,12.249913960155759
15.932203389830509,3.43,4.856575705407454e-06,2.6547699607680897e-06,1.0520835177070794e-05,12.249953541569734
16.203389830508474,3.43,2.6408486810634704e-06,1.4171842360970583e-06,1.0520835304280469e-05,12.249975199288418
16.474576271186443,3.43,1.4096657528221299e-06,7.489923192314702e-07,1.0520835305465343e-05,12.249986892637917
16.74576271186441,3.43,7.474977118577336e-07,3.888384242048226e-07,1.0520835306525442e-05,12.249993195328521
17.016949152542374,3.43,3.861232029462062e-07,2.00831702091579e-07,1.0520835306938067e-05,12.249996485445461
17.28813559322034,3.43,3.568621217134612e-07,7.201193024218134e-08,1.0520835307182279e-05,12.249998739791252
17.559322033898304,3.43,3.5686212171997493e-07,7.201193024349576e-08,1.0520835307374314e-05,12.249998739791252
17.83050847457627,3.43,3.5686212172095193e-07,7.201193024369291e-08,1.0520835307403119e-05,12.249998739791252
18.101694915254235,3.43,3.5686212172095193e-07,7.201193024369291e-08,1.0520835307403119e-05,12.249998739791252
18.372881355932204,3.43,3.5686212172095193e-07,7.201193024369291e-08,1.0520835307403119e-05,12.249998739791252
18.64406779661017,3.43,3.5686212172095193e-07,7.201193024369291e-08,1.0520835307403119e-05,12.249998739791252
18.915254237288135,3.43,3.5686212172095193e-07,7.201193024369291e-08,1.0520835307403119e-05,12.249998739791252
19.186440677966104,3.43,3.5686212172095193e-07,7.201193024369291e-08,1.0520835307403119e-05,12.249998739791252
19.45762711864407,3.43,3.5686212172095193e-07,7.201193024369291e-08,1.0520835307403119e-05,12.249998739791252
19.728813559322035,3.43,3.5686212172095193e-07,7.201193024369291e-08,1.0520835307403119e-05,12.249998739791252
20.0,3.43,3.5686212172095193e-07,7.201193024369291e-08,1.0520835307403119e-05,12.249998739791252
4.0,3.62,0.28549532078868683,3.715575832919932,22.81798133798074,33.51182148751773
4.271186440677966,3.62,0.22024793525069153,9.0744202716534,8.585964361929054,368.10454066227896
4.5423728813559325,3.62,0.46579954611114355,12.133606172198363,9.963180216515314,720.0643841240923
4.813559322033898,3.62,1.1727410915878764,20.15856328023676,16.365521717894985,2199.273102116543
5.084745762711864,3.62,2.044460811641481,23.378674457053688,18.752886305972268,3019.1383180571515
5.3559322033898304,3.62,5.671329906205305,28.24086520736281,21.124765880411026,4502.700281748872
5.627118644067797,3.62,28.309198832022574,44.47756643830088,40.267428665176865,11597.979564038915
5.898305084745763,3.62,21.97671109786946,92.81878422904911,60.56155684217287,52233.71318698399
6.169491525423728,3.62,25.447980857877553,101.78043924466574,87.89739973017332,62976.45364345017
6.4406779661016955,3.62,30.99859203609698,61.758787545005326,93.09989774003617,22769.895211894313
6.711864406779661,3.62,6.255862034282663,29.25352481453627,12.879990761999005,4848.867778712423
6.983050847457627,3.62,7.273240926014994,4.715268025130288,11.773679039658793,68.69376299032051
7.254237288135593,3.62,8.283989312573786,4.556983794461173,10.429063618000342,62.290916740565414
7.525423728813559,3.62,8.174268269693135,4.067240277117173,8.234004048022458,44.46356684922557
7.796610169491526,3.62,7.916679734671871,3.6026804893957047,5.975671572432419,30.32375836477813
8.067796610169491,3.62,7.425095833515128,3.1202784723553667,4.916531356603457,18.49598764030821
8.338983050847457,3.62,6.833798409391988,2.6742126147141874,4.434507148072076,10.14761117185479
8.610169491525424,3.62,6.291998411258976,2.308651173142662,3.1365114587422473,5.160293465334602
8.881355932203391,3.62,5.551791911029221,1.9177425353049684,2.7289456421455736,1.6753583304001034
9.152542372881356,3.62,4.503273546596741,1.4729551913885093,2.196432320671147,0.03326537469083769
9.423728813559322,3.62,1.6966623267917385,1.9229224155312665,1.7455621787616205,1.7090490791565918
9.694915254237287,3.62,1.3375808025808074,1.4208491020898482,1.3538717662029112,0.0027167816122057164
9.966101694915254,3.62,1.0173940432378241,1.017394027675796,1.0173940269777968,0.9149208128634343
10.237288135593221,3.62,0.7594773791816887,0.7178284312228687,0.7530789710456018,2.9084878077990766
10.508474576271187,3.62,0.5548168355457942,0.4974415272007657,0.5472280891043781,5.091323730135536
10.779661016949152,3.62,0.3961171840940086,0.3380261105585513,0.38968186800705457,7.0486783865962375
11.050847457627118,3.62,0.27798096441189046,0.2264678856001665,0.27338338160732484,8.607360147048398
11.322033898305085,3.62,0.19147663331497855,0.1493482703786288,0.18862229643305087,9.775810930030794
11.593220338983052,3.62,0.12945349077975815,0.09692312909840663,0.1279454513301097,10.612558321741794
11.864406779661017,3.62,0.08612801838085457,0.06205005361426035,0.08552297684766438,11.188187868960021
12.135593220338983,3.62,0.05688600295574074,0.03946510871508017,0.05702633797286908,11.569094940022925
12.40677966101695,3.62,0.006779041678837808,0.0014913613662338977,0.0028908367330611373,12.223915077082934
12.677966101694915,3.62,0.0044024980403796965,0.0009558206252643757,0.0019243962782466352,12.233278849014544
12.94915254237288,3.62,0.002813323042849737,0.0006036673913891309,0.0012615071642183863,12.239438098240182
13.220338983050848,3.62,0.001769413972821748,0.00037573212332943037,0.0008144422404218106,12.24342557018316
13.491525423728813,3.62,0.0010955815354679432,0.00023050755558861016,0.000517961326459819,12.245966449863028
13.76271186440678,3.62,0.0006679369858818331,0.00013939254123950063,0.00032451044376958523,12.24756075196756
14.033898305084746,3.62,0.0004010349653659325,8.309383815317699e-05,0.00020031137080862808,12.24854590098598
14.305084745762711,3.62,0.0002371823805559686,4.88299122931826e-05,0.0001218362102747035,12.249145491437119
14.576271186440678,3.62,8.28546357674698e-05,4.999144019170633e-05,7.311164761746752e-05,12.249125165416292
14.847457627118644,3.62,4.833375616176049e-05,2.856915095044315e-05,4.319781272139183e-05,12.24950004495959
15.11864406779661,3.62,2.777773054400723e-05,1.6103835362314852e-05,2.514135145991234e-05,12.249718184501992
15.389830508474576,3.62,1.57259492435892e-05,8.953980134493715e-06,1.443035238465626e-05,12.249843305848731
15.661016949152541,3.62,8.798496590573761e-06,4.910106338043844e-06,1.0520834672067203e-05,12.249914073289766
15.932203389830509,3.62,4.8475505482165e-06,2.6599787381845347e-06,1.0520835177068809e-05,12.249953450416303
16.203389830508474,3.62,2.6363935623602664e-06,1.4193823235828445e-06,1.0520835304279724e-05,12.249975160821924
16.474576271186443,3.62,1.4101234220184593e-06,7.463569323812333e-07,1.0520835305466798e-05,12.249986938757159
16.74576271186441,3.62,7.490935496488349e-07,3.8822649948296377e-07,1.052083530652632e-05,12.249993206037201
17.016949152542374,3.62,3.928827338621646e-07,1.9595943197358077e-07,1.0520835306940534e-05,12.249996570710177
17.28813559322034,3.62,3.5686212171347014e-07,7.201193024218315e-08,1.0520835307182543e-05,12.249998739791252
17.559322033898304,3.62,3.5686212171997604e-07,7.201193024349599e-08,1.0520835307374348e-05,12.249998739791252
17.83050847457627,3.62,3.5686212172095193e-07,7.201193024369291e-08,1.0520835307403119e-05,12.249998739791252
18.101694915254235,3.62,3.5686212172095193e-07,7.201193024369291e-08,1.0520835307403119e-05,12.249998739791252
18.372881355932204,3.62,3.5686212172095193e-07,7.201193024369291e-08,1.0520835307403119e-05,12.249998739791252
18.64406779661017,3.62,3.5686212172095193e-07,7.201193024369291e-08,1.0520835307403119e-05,12.249998739791252
18.915254237288135,3.62,3.5686212172095193e-07,7.201193024369291e-08,1.0520835307403119e-05,12.249998739791252
19.186440677966104,3.62,3.5686212172095193e-07,7.201193024369291e-08,1.0520835307403119e-05,12.249998739791252
19.45762711864407,3.62,3.5686212172095193e-07,7.201193024369291e-08,1.0520835307403119e-05,12.249998739791252
19.728813559322035,3.62,3.5686212172095193e-07,7.201193024369291e-08,1.0520835307403119e-05,12.249998739791252
20.0,3.62,3.5686212172095193e-07,7.201193024369291e-08,1.0520835307403119e-05,12.249998739791252
4.0,3.81,0.29313925324156914,3.765410060812954,22.825694846798378,34.96977972371964
4.271186440677966,3.81,0.22364653300689108,9.158696813670026,8.618866611508286,376.2336015403337
4.5423728813559325,3.81,0.4699960495304853,12.209789569166341,10.004257668065597,730.322190810359
4.813559322033898,3.81,1.1752079240856983,20.176151405687268,16.365635670650725,2203.3991350580745
5.084745762711864,3.81,2.0468908883594708,23.394128719106583,18.759030136890864,3023.3856132039314
5.3559322033898304,3.81,5.675477924878833,28.255151623851518,21.132718919885463,4507.494804625341
5.627118644067797,3.81,28.313391532550874,44.47985379800882,40.26745204971472,11599.21127036134
5.898305084745763,3.81,21.978686398181644,92.82314480360444,60.56313851538656,52238.69628613015
6.169491525423728,3.81,25.449340113105713,101.7840013855346,87.89974270896259,62980.92333856881
6.4406779661016955,3.81,30.998922558007727,61.75895398127236,93.09983351404324,22770.020785708468
6.711864406779661,3.81,6.25589705801666,29.25357365057391,12.880000034336343,4848.884781924657
6.983050847457627,3.81,7.273261540995997,4.715273860822903,11.773686746142843,68.69400482659745
7.254237288135593,3.81,8.28399587654631,4.55698422872706,10.429061983744212,62.2909338776962
7.525423728813559,3.81,8.17427157036136,4.067240656061029,8.234003931676787,44.46357948340541
7.796610169491526,3.81,7.916681240457464,3.602680670488595,5.975671595696543,30.32376335090055
8.067796610169491,3.81,7.425096318204034,3.1202784716870013,4.916531252797065,18.49598762593603
8.338983050847457,3.81,6.833798638031358,2.6742126245056252,4.434507123324609,10.14761132780946
8.610169491525424,3.81,6.291998508908964,2.308651177588383,3.13651145210209,5.16029351582972
8.881355932203391,3.81,5.551791940550308,1.9177425326428876,2.7289456335668496,1.6753583131716978
9.152542372881356,3.81,4.503273558596527,1.472955190312701,2.196432318449997,0.03326537370976517
9.423728813559322,3.81,1.6966623288954752,1.922922414693653,1.7455621777682544,1.7090490736815056
9.694915254237287,3.81,1.3375808007296697,1.420849102993356,1.353871768559191,0.002716781847672336
9.966101694915254,3.81,1.0173940412137223,1.0173940287675816,1.017394029062299,0.9149208076418883
10.237288135593221,3.81,0.7594773726531855,0.7178284374370041,0.7530789698998277,2.9084877548102455
10.508474576271187,3.81,0.5548168230341848,0.4974415343897014,0.547228099304134,5.091323649030101
10.779661016949152,3.81,0.3961171687199057,0.33802611924673126,0.3896818797638007,7.048678271263484
11.050847457627118,3.81,0.27798097210408695,0.22646787962556789,0.2733833822218488,8.60736023469069
11.322033898305085,3.81,0.19147663116686706,0.1493482694028831,0.18862230996509521,9.77581094528477
11.593220338983052,3.81,0.12945348117068056,0.09692313541036085,0.12794545567981308,10.61255821892978
11.864406779661017,3.81,0.08612802405415419,0.06205005039355746,0.08552297346820224,11.18818792282426
12.135593220338983,3.81,0.056885999752469184,0.03946511152643341,0.05702632836420133,11.569094892211123
12.40677966101695,3.81,0.006779047697139576,0.0014913604853986455,0.0028908339816328724,12.22391509248113
12.677966101694915,3.81,0.004402489790488144,0.0009558225160674108,0.001924396133372906,12.233278815948081
12.94915254237288,3.81,0.0028133252740460595,0.0006036670754342655,0.001261505605902428,12.239438103767009
13.220338983050848,3.81,0.0017694100239262634,0.00037573387635516547,0.000814435801173795,12.243425539513442
13.491525423728813,3.81,0.001095582399069063,0.00023050821048049808,0.000517956106823375,12.245966438404308
13.76271186440678,3.81,0.0006679461011382615,0.00013939137995408043,0.0003245058731537192,12.247560772288029
14.033898305084746,3.81,0.00040103857018302546,8.309411941683664e-05,0.00020030373320101795,12.24854589606416
14.305084745762711,3.81,0.00023717934590522944,4.883136328417241e-05,0.00012183107696892663,12.24914546604566
14.576271186440678,3.81,8.285722425827431e-05,4.99891047023025e-05,7.311672002910891e-05,12.249125206285898
14.847457627118644,3.81,4.833404734878787e-05,2.857181849122842e-05,4.318704399471163e-05,12.249499998278583
15.11864406779661,3.81,2.7773831493871277e-05,1.610756454278232e-05,2.513838151717494e-05,12.249718119242083
15.389830508474576,3.81,1.5724704107434965e-05,8.954033871698243e-06,1.4434103381159052e-05,12.249843304908334
15.661016949152541,3.81,8.800555439077896e-06,4.910550072271396e-06,1.0520834672067801e-05,12.24991406552444
15.932203389830509,3.81,4.848570547494549e-06,2.659592104940577e-06,1.052083517706909e-05,12.24995345718237
16.203389830508474,3.81,2.6323875602708584e-06,1.421366832144874e-06,1.0520835304279061e-05,12.249975126093059
16.474576271186443,3.81,1.4156514991360572e-06,7.463664193148826e-07,1.052083530546718e-05,12.24998693859114
16.74576271186441,3.81,7.417069991446224e-07,3.912296417457263e-07,1.0520835306525733e-05,12.249993153482222
17.016949152542374,3.81,3.8721924155592106e-07,1.9994182005948655e-07,1.0520835306939416e-05,12.249996501018398
17.28813559322034,3.81,3.5686212171347914e-07,7.201193024218496e-08,1.0520835307182809e-05,12.249998739791252
17.559322033898304,3.81,3.5686212171997726e-07,7.201193024349622e-08,1.0520835307374382e-05,12.249998739791252
17.83050847457627,3.81,3.5686212172095193e-07,7.201193024369291e-08,1.0520835307403119e-05,12.249998739791252
18.101694915254235,3.81,3.5686212172095193e-07,7.201193024369291e-08,1.0520835307403119e-05,12.249998739791252
18.372881355932204,3.81,3.5686212172095193e-07,7.201193024369291e-08,1.0520835307403119e-05,12.249998739791252
18.64406779661017,3.81,3.5686212172095193e-07,7.201193024369291e-08,1.0520835307403119e-05,12.249998739791252
18.915254237288135,3.81,3.5686212172095193e-07,7.201193024369291e-08,1.0520835307403119e-05,12.249998739791252
19.186440677966104,3.81,3.5686212172095193e-07,7.201193024369291e-08,1.0520835307403119e-05,12.249998739791252
19.45762711864407,3.81,3.5686212172095193e-07,7.201193024369291e-08,1.0520835307403119e-05,12.249998739791252
19.728813559322035,3.81,3.5686212172095193e-07,7.201193024369291e-08,1.0520835307403119e-05,12.249998739791252
20.0,3.81,3.5686212172095193e-07,7.201193024369291e-08,1.0520835307403119e-05,12.249998739791252
4.0,4.0,0.3009727442461396,3.8158736082462794,22.835818624335225,36.47778306888061
4.271186440677966,4.0,0.2271064509940494,9.244198327121193,8.65247956161753,384.5715462200682
4.5423728813559325,4.0,0.47424617322113605,12.286883693604166,10.045891252646136,740.7764784879016
4.813559322033898,4.0,1.17767955643948,20.193756503704854,16.365760764578997,2207.5330220034284
5.084745762711864,4.0,2.049324428004148,23.409601690771247,18.765184676441347,3027.6410411650036
5.3559322033898304,4.0,5.679630452154663,28.26945307607653,21.140681156557136,4512.296928796741
5.627118644067797,4.0,28.317584815794994,44.48214136461011,40.267475636635844,11600.443153501557
5.898305084745763,4.0,21.980661913717807,92.8275058098383,60.56472041283258,52243.68011630009
6.169491525423728,4.0,25.45069947232551,101.7875637917453,87.90208588084266,62985.393525260806
6.4406779661016955,4.0,30.999253082614945,61.75912041833927,93.09976929042823,22770.14636047238
6.711864406779661,4.0,6.255932081932965,29.25362248680108,12.880009306837632,4848.901785232693
6.983050847457627,4.0,7.273282156044605,4.71527969653982,11.773694452639532,68.69424666430727
7.254237288135593,4.0,8.284002440590365,4.5569846629791,10.429060349455446,62.290951014282875
7.525423728813559,4.0,8.17427487094756,4.067241035053564,8.234003815248593,44.463592119210034
7.796610169491526,4.0,7.91668274631837,3.6026808515424156,5.975671618992715,30.323768335947626
8.067796610169491,4.0,7.4250968028337025,3.1202784709697955,4.9165311492341885,18.49598761051361
8.338983050847457,4.0,6.833798866717532,2.6742126342232093,4.434507098916332,10.147611482587815
8.610169491525424,4.0,6.291998607887368,2.308651181965913,3.1365114445451385,5.160293565550314
8.881355932203391,4.0,5.551791967253861,1.9177425305611284,2.7289456255856197,1.6753582996990068
9.152542372881356,4.0,4.503273568544204,1.4729551898095672,2.1964323156731647,0.03326537325093743
9.423728813559322,4.0,1.6966623312990279,1.9229224145019186,1.7455621747034538,1.7090490724282275
9.694915254237287,4.0,1.337580801022673,1.420849104723219,1.3538717631473562,0.002716782298498482
9.966101694915254,4.0,1.0173940450443573,1.0173940276229252,1.0173940228101839,0.9149208131162929
10.237288135593221,4.0,0.7594773771439494,0.7178284339478657,0.7530789682716015,2.908487784562633
10.508474576271187,4.0,0.5548168276564471,0.49744153086917214,0.5472280979839976,5.091323688748645
10.779661016949152,4.0,0.39611716896973764,0.3380261222098008,0.38968186875922695,7.048678231929705
11.050847457627118,4.0,0.2779809539578194,0.22646789341980475,0.2733833838470498,8.60736003234094
11.322033898305085,4.0,0.1914766323993245,0.14934827099744394,0.18862229746604733,9.775810920356767
11.593220338983052,4.0,0.12945347160103546,0.09692314046873399,0.1279454587530397,10.612558136536665
11.864406779661017,4.0,0.08612803285989346,0.06205004597253512,0.08552296720179038,11.188187996763094
12.135593220338983,4.0,0.05688598945291282,0.03946510893648766,0.057026366322575475,11.56909493625752
12.40677966101695,4.0,0.006779043746488825,0.0014913605955112696,0.0028908383355491394,12.22391509055621
12.677966101694915,4.0,0.004402488307971639,0.0009558223773226506,0.0019243986178012428,12.233278818374455
12.94915254237288,4.0,0.002813327293160344,0.0006036667894701291,0.001261504195575536,12.239438108769225
13.220338983050848,4.0,0.001769414854116691,0.0003757331671913154,0.0008144338418946939,12.24342555192048
13.491525423728813,4.0,0.0010955797631070634,0.00023050808411844597,0.000517959868060999,12.24596644061528
13.76271186440678,4.0,0.0006679396144542303,0.00013939263358694475,0.00032450710189590396,12.24756075035164
14.033898305084746,4.0,0.0004010373702865022,8.309381565699809e-05,0.00020030813204627092,12.248545901379638
14.305084745762711,4.0,0.00023717297052449382,4.8831929249424276e-05,0.00012183832470103416,12.249145456141616
14.576271186440678,4.0,8.286137617895095e-05,4.998808268795278e-05,7.310802150741222e-05,12.249125224170513
14.847457627118644,4.0,4.833086204958666e-05,2.8572789858288015e-05,4.319106040662711e-05,12.249499981280001
15.11864406779661,4.0,2.7774558556205115e-05,1.6103110648760836e-05,2.5155459215502774e-05,12.249718197184334
15.389830508474576,4.0,1.5725924949014427e-05,8.955419486830402e-06,1.44233062188142e-05,12.249843280660224
15.661016949152541,4.0,8.799043310007734e-06,4.909527193981159e-06,1.0520834672068996e-05,12.249914083424752
15.932203389830509,4.0,4.847264752422347e-06,2.6580191547118122e-06,1.052083517706985e-05,12.249953484708945
16.203389830508474,4.0,2.628762100428151e-06,1.4231653246615173e-06,1.0520835304278475e-05,12.249975094619474
16.474576271186443,4.0,1.4095712125221175e-06,7.489962967914646e-07,1.0520835305466501e-05,12.249986892568309
16.74576271186441,4.0,7.434309256328146e-07,3.905561651695853e-07,1.0520835306526636e-05,12.249993165268059
17.016949152542374,4.0,3.8853430763841504e-07,1.9986735348083105e-07,1.052083530693994e-05,12.249996502321558
17.28813559322034,4.0,3.568621217134881e-07,7.201193024218678e-08,1.0520835307183073e-05,12.249998739791252
17.559322033898304,4.0,3.568621217199784e-07,7.201193024349646e-08,1.0520835307374416e-05,12.249998739791252
17.83050847457627,4.0,3.5686212172095193e-07,7.201193024369291e-08,1.0520835307403119e-05,12.249998739791252
18.101694915254235,4.0,3.5686212172095193e-07,7.201193024369291e-08,1.0520835307403119e-05,12.249998739791252
18.372881355932204,4.0,3.5686212172095193e-07,7.201193024369291e-08,1.0520835307403119e-05,12.249998739791252
18.64406779661017,4.0,3.5686212172095193e-07,7.201193024369291e-08,1.0520835307403119e-05,12.249998739791252
18.915254237288135,4.0,3.5686212172095193e-07,7.201193024369291e-08,1.0520835307403119e-05,12.249998739791252
19.186440677966104,4.0,3.5686212172095193e-07,7.201193024369291e-08,1.0520835307403119e-05,12.249998739791252
19.45762711864407,4.0,3.5686212172095193e-07,7.201193024369291e-08,1.0520835307403119e-05,12.249998739791252
19.728813559322035,4.0,3.5686212172095193e-07,7.201193024369291e-08,1.0520835307403119e-05,12.249998739791252
20.0,4.0,3.5686212172095193e-07,7.201193024369291e-08,1.0520835307403119e-05,12.249998739791252
