D,eta,mu_ee,mu_mumu,mu_tautau,chi2_mumu
4.0,0.2,0.24607046930284165,13.093104157879631,15.623934122463929,854.554280293887
4.271186440677966,0.2,0.6096925133224919,21.13371847231439,15.480944705249497,2433.872779653513
4.5423728813559325,0.2,1.368041730950406,34.57544905716879,15.236281659613102,6878.815125905009
4.813559322033898,0.2,2.8915329775629193,58.529602247100065,14.789771671141656,20398.696580699125
5.084745762711864,0.2,5.363421831408089,92.61804309717849,14.062515557172704,52004.571165491936
5.3559322033898304,0.2,7.358433233604377,113.51771667538836,13.263917432682414,78564.8899531416
5.627118644067797,0.2,9.117734225860282,138.99732798992932,12.033506869373488,118331.40418730113
5.898305084745763,0.2,9.864914445703745,169.4150542042055,10.113867388276184,176431.61524526312
6.169491525423728,0.2,9.935244318526111,144.37090118332716,8.60608951972563,127754.24115732935
6.4406779661016955,0.2,9.745736527719894,86.68330317106215,7.649053102649172,45457.76124854561
6.711864406779661,0.2,8.71627125797685,38.040265560938444,6.596342775867672,8390.681627350574
6.983050847457627,0.2,6.927329843528705,6.855507893220525,5.469886182280111,186.0160398311966
7.254237288135593,0.2,6.496158587375859,4.860288402252771,4.827581294729769,74.83497391728147
7.525423728813559,0.2,5.971990261129563,4.014325058820967,4.250271527444555,42.716846957370336
7.796610169491526,0.2,5.27658273331593,3.2202212717179464,3.7058635426215423,20.70753423759061
8.067796610169491,0.2,4.353264706394097,2.59894289032457,3.09722392265858,8.984150339123966
8.338983050847457,0.2,3.051013954399569,2.311005220501707,2.2563310019425473,5.187065698633523
8.610169491525424,0.2,1.8163154863256157,2.0090659554847776,1.5138577341506532,2.3185083633161576
8.881355932203391,0.2,0.8029584412802183,1.7025867606247427,0.8966700887253825,0.5722421731585962
9.152542372881356,0.2,0.41961454339820875,1.4202697151609704,0.5809665267194617,0.0025678834544179924
9.423728813559322,0.2,0.33576239995139323,1.174541880015578,0.43617393498321666,0.3176960241681874
9.694915254237287,0.2,0.2566783310614858,0.9537667113058406,0.31303417461742283,1.2445259246175306
9.966101694915254,0.2,0.18478215135143988,0.7575069729676266,0.21083976169217494,2.579983061157637
10.237288135593221,0.2,0.1416572654219348,0.558900357935509,0.13853927644420527,4.421553799256341
10.508474576271187,0.2,0.105333257120866,0.3890567237984984,0.08263422950692922,6.387539423106405
10.779661016949152,0.2,0.07338261157564561,0.25131655060197794,0.041187290574047686,8.246710418255864
11.050847457627118,0.2,0.048524975257408294,0.15273407809091133,0.017255173375714677,9.722951749723304
11.322033898305085,0.2,0.03564228609862047,0.10687742546253594,0.013313008346905585,10.451037454864991
11.593220338983052,0.2,0.024525321709195046,0.06966368368588416,0.009894741292786384,11.061216965651317
11.864406779661017,0.2,0.01532535707183224,0.04072535101895725,0.00698785961197071,11.547672321015853
12.135593220338983,0.2,0.009074136691191623,0.022722127462863815,0.004646175255846438,11.855589613627625
12.40677966101695,0.2,0.005070561070083422,0.012189606655836452,0.0028380347899116805,12.03761054921301
12.677966101694915,0.2,0.0021997214400224616,0.004957965494088126,0.001481666642759163,12.163389237739958
12.94915254237288,0.2,0.0005005296457928454,0.0009442712615979666,0.0005664621350749721,12.233480825723381
13.220338983050848,0.2,0.00023974300632572065,0.00040483695879787264,0.0003389926239523381,12.242916377552055
13.491525423728813,0.2,0.0001605439300994803,0.000262716809741792,0.00023036354740080093,12.24540288720528
13.76271186440678,0.2,9.677786219066275e-05,0.00015188726941559592,0.0001428923224426417,12.247342116971119
14.033898305084746,0.2,5.166295876374713e-05,7.707750674826077e-05,7.931229565989853e-05,12.248651180762792
14.305084745762711,0.2,3.527332322885379e-05,5.5630649104669755e-05,4.8719175192527286e-05,12.249026482982975
14.576271186440678,0.2,2.191840506033595e-05,3.7768663559810894e-05,2.567417090583056e-05,12.249339057303152
14.847457627118644,0.2,1.1725153113305323e-05,2.338339829896039e-05,9.909199404756544e-06,12.249590793947162
15.11864406779661,0.2,6.251127813910029e-06,1.420797557108462e-05,3.6956800531128e-06,12.249751361689167
15.389830508474576,0.2,4.055555917159248e-06,9.051727377040986e-06,2.49030334804978e-06,12.249841595282987
15.661016949152541,0.2,2.315614661271864e-06,5.060256268864175e-06,1.5517779194209506e-06,12.249911445675329
15.932203389830509,0.2,1.0514851134821685e-06,2.279156694690655e-06,8.066440042249925e-07,12.249960114790307
16.203389830508474,0.2,6.090753823893342e-07,1.262365355813233e-06,4.80089062115851e-07,12.249977908616232
16.474576271186443,0.2,3.9294544877314974e-07,7.163418305894925e-07,2.726931259926123e-07,12.24998746402117
16.74576271186441,0.2,1.9345826512998022e-07,3.4432911673042953e-07,2.2092355440329155e-07,12.249993974241196
17.016949152542374,0.2,7.992671141155591e-08,1.3470036649619898e-07,2.209235544134803e-07,12.249997642743699
17.28813559322034,0.2,5.293410968324643e-08,7.855807972666156e-08,2.20923554416209e-07,12.249998625233637
17.559322033898304,0.2,4.4820906297412635e-08,3.755420594574056e-08,2.2092355441820195e-07,12.2499993428014
17.83050847457627,0.2,4.482090629758919e-08,1.964889177610942e-08,2.209235544190722e-07,12.249999656144393
18.101694915254235,0.2,4.482090629758919e-08,1.964889177610942e-08,2.209235544190722e-07,12.249999656144393
18.372881355932204,0.2,4.482090629758919e-08,1.964889177610942e-08,2.209235544190722e-07,12.249999656144393
18.64406779661017,0.2,4.482090629758919e-08,1.964889177610942e-08,2.209235544190722e-07,12.249999656144393
18.915254237288135,0.2,4.482090629758919e-08,1.964889177610942e-08,2.209235544190722e-07,12.249999656144393
19.186440677966104,0.2,4.482090629758919e-08,1.964889177610942e-08,2.209235544190722e-07,12.249999656144393
19.45762711864407,0.2,4.482090629758919e-08,1.964889177610942e-08,2.209235544190722e-07,12.249999656144393
19.728813559322035,0.2,4.482090629758919e-08,1.964889177610942e-08,2.209235544190722e-07,12.249999656144393
20.0,0.2,4.482090629758919e-08,1.964889177610942e-08,2.209235544190722e-07,12.249999656144393
4.0,0.26440677966101694,0.2490915312301712,13.14643083746154,15.618977307877262,862.3664838704213
4.271186440677966,0.26440677966101694,0.6136310493976533,21.15907964872623,15.47393583387591,2440.1326785294195
4.5423728813559325,0.26440677966101694,1.3719619365773232,34.558190591502914,15.225756992560463,6871.660020640203
4.813559322033898,0.26440677966101694,2.8929454971788657,58.43029830766685,14.77300575656286,20327.843281634177
5.084745762711864,0.26440677966101694,5.356780068911413,92.36056066159989,14.036039079645633,51711.397474203695
5.3559322033898304,0.26440677966101694,7.339719664474069,113.08682908540908,13.226973172818493,77962.1736947086
5.627118644067797,0.26440677966101694,9.079077672295176,138.2620542521396,11.982917716853578,117070.13683822246
5.898305084745763,0.26440677966101694,9.798967502647484,168.1293040845894,10.048621312651512,173741.6302533217
6.169491525423728,0.26440677966101694,9.848958182619848,143.00443011054767,8.534432542220056,125323.84141833108
6.4406779661016955,0.26440677966101694,9.648360182822753,85.758790930744,7.57595921905824,44477.535045606084
6.711864406779661,0.26440677966101694,8.617896456340098,37.58857826826831,6.5251119151104735,8185.082481741131
6.983050847457627,0.26440677966101694,6.840666450513253,6.766200713548723,5.40430665153291,179.97568811306763
7.254237288135593,0.26440677966101694,6.411719856876264,4.794886546363967,4.7674399190750245,72.03284164176915
7.525423728813559,0.26440677966101694,5.892147484314805,3.9590159208427256,4.1957814416621115,40.928515519540895
7.796610169491526,0.26440677966101694,5.204450736069772,3.1750224529097437,3.6572413618589965,19.69190442708577
8.067796610169491,0.26440677966101694,4.292297586700313,2.5616905687919975,3.055533255377165,8.434531110126718
8.338983050847457,0.26440677966101694,3.0066521355925935,2.276718311746487,2.224728009392864,4.803968738447566
8.610169491525424,0.26440677966101694,1.7891919063932062,1.9785258450460828,1.4920371567644477,2.0918259586642765
8.881355932203391,0.26440677966101694,0.7907800303533857,1.676350617865795,0.8835208327575029,0.4773103999675418
9.152542372881356,0.26440677966101694,0.41328470680663054,1.3985322779622174,0.572483546482633,1.3463799876203681e-05
9.423728813559322,0.26440677966101694,0.3307833885793466,1.1568894394940847,0.4299078374551016,0.3693921539343765
9.694915254237287,0.26440677966101694,0.2529449297440096,0.9397203593704332,0.3086192375118547,1.324108422363019
9.966101694915254,0.26440677966101694,0.18215166836167904,0.746597857030787,0.20792673303922998,2.6683397527297483
10.237288135593221,0.26440677966101694,0.13968899389686942,0.551050292609337,0.13666927359236375,4.504472535491826
10.508474576271187,0.26440677966101694,0.10390751553323274,0.3837372134330116,0.08154661549419696,6.454937821005623
10.779661016949152,0.26440677966101694,0.07241681799444392,0.24797750448673708,0.040659693403536826,8.294723938553782
11.050847457627118,0.26440677966101694,0.04790532949374792,0.1507662114102422,0.0170404912120321,9.753656615964497
11.322033898305085,0.26440677966101694,0.0352016678887893,0.10554525224588387,0.01315248802287874,10.472581837394824
11.593220338983052,0.26440677966101694,0.02423220626348555,0.06882443630258539,0.009779276431595294,11.075177383657056
11.864406779661017,0.26440677966101694,0.015148454261909753,0.040251896744417995,0.006909039169411183,11.555718151919702
12.135593220338983,0.26440677966101694,0.008971318189506304,0.02246293154144028,0.004594748878697513,11.860052343608764
12.40677966101695,0.26440677966101694,0.005013140685338102,0.012050863046926586,0.002806698229099106,12.04001754230488
12.677966101694915,0.26440677966101694,0.0021748658415902,0.0049016386801442515,0.0014652902187565324,12.164371485983418
12.94915254237288,0.26440677966101694,0.0004948830570222371,0.000933554675583503,0.000560225788121194,12.233668240204361
13.220338983050848,0.26440677966101694,0.00023704392086016458,0.0004002376899834836,0.0003352860910156907,12.24299684161409
13.491525423728813,0.26440677966101694,0.00015873724794041342,0.00025976893408809394,0.00022777504968201807,12.245454465402824
13.76271186440678,0.26440677966101694,9.567818124401332e-05,0.00015018333577897968,0.0001413508477550512,12.24737193259283
14.033898305084746,0.26440677966101694,5.106208810320212e-05,7.623725076363033e-05,7.846631418922634e-05,12.248665884437372
14.305084745762711,0.26440677966101694,3.486051755280018e-05,5.503299899135912e-05,4.819777450759843e-05,12.249036941446589
14.576271186440678,0.26440677966101694,2.1695473129555423e-05,3.732475179547318e-05,2.5345663566459168e-05,12.249346825550683
14.847457627118644,0.26440677966101694,1.1588832990981222e-05,2.3165126785789176e-05,9.761838485958964e-06,12.249594613635141
15.11864406779661,0.26440677966101694,6.171112815708267e-06,1.408351934358382e-05,3.643167174760474e-06,12.249753539651143
15.389830508474576,0.26440677966101694,3.997710744757298e-06,8.976853933072115e-06,2.4594676625406854e-06,12.249842905559817
15.661016949152541,0.26440677966101694,2.3240412695326865e-06,4.958155959913889e-06,1.509512023802594e-06,12.249913232424344
15.932203389830509,0.26440677966101694,1.0597685500318076e-06,2.2215977297701615e-06,7.865189838799363e-07,12.249961122070573
16.203389830508474,0.26440677966101694,6.123990645581454e-07,1.2326530190417744e-06,4.689349901185315e-07,12.249978428581661
16.474576271186443,0.26440677966101694,3.909470048013731e-07,7.126562527145627e-07,2.713737037566931e-07,12.249987528518751
16.74576271186441,0.26440677966101694,1.7647680774465172e-07,3.9749921114262553e-07,2.2092355440070733e-07,12.249993043764789
17.016949152542374,0.26440677966101694,7.904720048813624e-08,1.3321029232213337e-07,2.2092355441355272e-07,12.24999766881999
17.28813559322034,0.26440677966101694,5.2352625268052756e-08,7.769057074104625e-08,2.2092355441625118e-07,12.249998640415049
17.559322033898304,0.26440677966101694,4.482090629741671e-08,3.714022113758222e-08,2.2092355441822206e-07,12.249999350046137
17.83050847457627,0.26440677966101694,4.482090629758919e-08,1.964889177610942e-08,2.209235544190722e-07,12.249999656144393
18.101694915254235,0.26440677966101694,4.482090629758919e-08,1.964889177610942e-08,2.209235544190722e-07,12.249999656144393
18.372881355932204,0.26440677966101694,4.482090629758919e-08,1.964889177610942e-08,2.209235544190722e-07,12.249999656144393
18.64406779661017,0.26440677966101694,4.482090629758919e-08,1.964889177610942e-08,2.209235544190722e-07,12.249999656144393
18.915254237288135,0.26440677966101694,4.482090629758919e-08,1.964889177610942e-08,2.209235544190722e-07,12.249999656144393
19.186440677966104,0.26440677966101694,4.482090629758919e-08,1.964889177610942e-08,2.209235544190722e-07,12.249999656144393
19.45762711864407,0.26440677966101694,4.482090629758919e-08,1.964889177610942e-08,2.209235544190722e-07,12.249999656144393
19.728813559322035,0.26440677966101694,4.482090629758919e-08,1.964889177610942e-08,2.209235544190722e-07,12.249999656144393
20.0,0.26440677966101694,4.482090629758919e-08,1.964889177610942e-08,2.209235544190722e-07,12.249999656144393
4.0,0.32881355932203393,0.252339400706531,13.196737378224817,15.613948885342333,869.7688298175407
4.271186440677966,0.32881355932203393,0.6178995331158899,21.17902103770075,15.466848946622092,2445.060457561305
4.5423728813559325,0.32881355932203393,1.3763256844829763,34.53143102134895,15.21514605306959,6860.573259515021
4.813559322033898,0.32881355932203393,2.8948950874317703,58.31400545035071,14.756150146690924,20245.02510251594
5.084745762711864,0.32881355932203393,5.350624116652605,92.07509646565423,14.009495502560236,51387.33199409811
5.3559322033898304,0.32881355932203393,7.3211743513623935,112.62081301838676,13.190022843625377,77312.93280294343
5.627118644067797,0.32881355932203393,9.040252342700708,137.4844820173347,11.932485096239995,115743.66403703929
5.898305084745763,0.32881355932203393,9.732799494047228,166.79772307025218,9.98389051656167,170977.5424801489
6.169491525423728,0.32881355932203393,9.762613208281042,141.60638049182927,8.463603047079856,122861.43206637251
6.4406779661016955,0.32881355932203393,9.551095569593167,84.81946558724725,7.503874676771616,43492.545242887034
6.711864406779661,0.32881355932203393,8.519895160167328,37.13252556951881,6.455036402673976,7980.083647351972
6.983050847457627,0.32881355932203393,6.7545868341364175,6.676530079627518,5.339949761592,174.01106050758736
7.254237288135593,0.32881355932203393,6.327948762156622,4.729395416754631,4.708487466209134,69.28046150691715
7.525423728813559,0.32881355932203393,5.813018537863149,3.9037548340146344,4.142416252038382,39.17992668032281
7.796610169491526,0.32881355932203393,5.133033685019605,3.129950887737424,3.6096576480459097,18.704562962396885
8.067796610169491,0.32881355932203393,4.232005716281847,2.52461806406402,3.014764778592884,7.904786187619403
8.338983050847457,0.32881355932203393,2.9628601194427504,2.2426850469256068,2.193860083031084,4.438238051950076
8.610169491525424,0.32881355932203393,1.7624548852855402,1.9482741235964915,1.4707426146253881,1.878778216284381
8.881355932203391,0.32881355932203393,0.7787874437341769,1.6504019979452997,0.8706954796097112,0.39188225359373713
9.152542372881356,0.32881355932203393,0.40705280882192024,1.3770457657966102,0.5642086771751713,0.0032931054241504133
9.423728813559322,0.32881355932203393,0.32588039432267846,1.1394423375894929,0.42379266913066416,0.42431434650517347
9.694915254237287,0.32881355932203393,0.2492675944170453,0.9258375251127221,0.3043084194255598,1.405187828695177
9.966101694915254,0.32881355932203393,0.1795599335723525,0.735815025226814,0.20508075475155957,2.75713550446536
10.237288135593221,0.32881355932203393,0.13774901727913075,0.5432899135226525,0.1348411612469226,4.587201076700149
10.508474576271187,0.32881355932203393,0.10250172006349598,0.3784773850049726,0.08048267075161276,6.521927830914244
10.779661016949152,0.32881355932203393,0.07146413391293815,0.24467517492622604,0.040143195359885316,8.342346571448415
11.050847457627118,0.32881355932203393,0.04729375246944101,0.14881956548951308,0.016830194940775582,9.784077998136567
11.322033898305085,0.32881355932203393,0.034766641365253016,0.10422674463317577,0.012995151207642603,10.493927058274606
11.593220338983052,0.32881355932203393,0.023942643871071714,0.06799361427602217,0.009666019414470067,11.089006322559085
11.864406779661017,0.32881355932203393,0.014973664221703677,0.03978288789974735,0.006831667815136869,11.563691200314693
12.135593220338983,0.32881355932203393,0.008869685728846171,0.022206190060067785,0.004544223271008933,11.864473641929958
12.40677966101695,0.32881355932203393,0.00495646604196363,0.011913326734661105,0.002775833767371451,12.042403828105218
12.677966101694915,0.32881355932203393,0.002150280989367186,0.004845804796109139,0.0014492478446919102,12.16534517746885
12.94915254237288,0.32881355932203393,0.0004892992570981291,0.0009229404961757475,0.0005540979162351212,12.23385386518667
13.220338983050848,0.32881355932203393,0.00023437879913214065,0.0003956925116521802,0.00033160232223681364,12.24307635962461
13.491525423728813,0.32881355932203393,0.0001569477942043472,0.00025683276740761095,0.0002252903303312585,12.245505838839556
13.76271186440678,0.32881355932203393,9.461537875085372e-05,0.00014846613115858563,0.00013980270578166286,12.247401980468421
14.033898305084746,0.32881355932203393,5.050542445943878e-05,7.537438349542505e-05,7.754788513530455e-05,12.248680983796937
14.305084745762711,0.32881355932203393,3.4475023725701746e-05,5.439001781555567e-05,4.770228771856248e-05,12.249048193177435
14.576271186440678,0.32881355932203393,2.14422111883168e-05,3.6927285096877476e-05,2.506514540131652e-05,12.249353781033456
14.847457627118644,0.32881355932203393,1.1442426485735162e-05,2.290842582911272e-05,9.694289696924043e-06,12.249599105827961
15.11864406779661,0.32881355932203393,6.09026780430409e-06,1.3933034178240032e-05,3.6192634546809844e-06,12.24975617311519
15.389830508474576,0.32881355932203393,3.96660241653833e-06,8.8330162910183e-06,2.4419227834908544e-06,12.249845422702542
15.661016949152541,0.32881355932203393,2.2678943531318513e-06,4.9599798897300985e-06,1.5034257265953915e-06,12.249913200505684
15.932203389830509,0.32881355932203393,1.052111568647549e-06,2.1652100177564456e-06,7.978259227649988e-07,12.249962108853989
16.203389830508474,0.32881355932203393,6.039294573740862e-07,1.1974877190164591e-06,4.876906033065929e-07,12.249979043973878
16.474576271186443,0.32881355932203393,3.6384494123428856e-07,7.389175707275563e-07,2.814871733200177e-07,12.249987068945922
16.74576271186441,0.32881355932203393,1.7915505055724594e-07,3.857632425849684e-07,2.2092355440127773e-07,12.24999324914418
17.016949152542374,0.32881355932203393,7.817718202867223e-08,1.3173415731096757e-07,2.2092355441362445e-07,12.249997694652354
17.28813559322034,0.32881355932203393,5.1777404689341575e-08,7.68311639859254e-08,2.2092355441629295e-07,12.249998655454666
17.559322033898304,0.32881355932203393,4.482090629742076e-08,3.673009658334893e-08,2.20923554418242e-07,12.249999357223317
17.83050847457627,0.32881355932203393,4.482090629758919e-08,1.964889177610942e-08,2.209235544190722e-07,12.249999656144393
18.101694915254235,0.32881355932203393,4.482090629758919e-08,1.964889177610942e-08,2.209235544190722e-07,12.249999656144393
18.372881355932204,0.32881355932203393,4.482090629758919e-08,1.964889177610942e-08,2.209235544190722e-07,12.249999656144393
18.64406779661017,0.32881355932203393,4.482090629758919e-08,1.964889177610942e-08,2.209235544190722e-07,12.249999656144393
18.915254237288135,0.32881355932203393,4.482090629758919e-08,1.964889177610942e-08,2.209235544190722e-07,12.249999656144393
19.186440677966104,0.32881355932203393,4.482090629758919e-08,1.964889177610942e-08,2.209235544190722e-07,12.249999656144393
19.45762711864407,0.32881355932203393,4.482090629758919e-08,1.964889177610942e-08,2.209235544190722e-07,12.249999656144393
19.728813559322035,0.32881355932203393,4.482090629758919e-08,1.964889177610942e-08,2.209235544190722e-07,12.249999656144393
20.0,0.32881355932203393,4.482090629758919e-08,1.964889177610942e-08,2.209235544190722e-07,12.249999656144393
4.0,0.39322033898305087,0.25582441345534235,13.243874859363052,15.608850546177221,876.7335730265758
4.271186440677966,0.39322033898305087,0.6225099992662663,21.19335495513219,15.459687437047995,2448.6056273741
4.5423728813559325,0.39322033898305087,1.3811469105420267,34.494917028365855,15.204455272691561,6845.459581965126
4.813559322033898,0.39322033898305087,2.8973982210627827,58.180370570825616,14.739216972724837,20150.06551350175
5.084745762711864,0.39322033898305087,5.344973381731679,91.7612300750169,13.982906352764914,51032.19937918835
5.3559322033898304,0.39322033898305087,7.302818079402752,112.11933934030404,13.15309862256988,76617.32564970873
5.627118644067797,0.39322033898305087,9.001288141078938,136.6645725441309,11.882254362859623,114353.15365966527
5.898305084745763,0.39322033898305087,9.66645862537031,165.42090777208023,9.91973032259055,168142.86366485775
6.169491525423728,0.39322033898305087,9.67626808512039,140.17761911974034,8.393653560017674,120370.17230339823
6.4406779661016955,0.39322033898305087,9.454002874240288,83.86593519797555,7.4328446032641935,42503.94042547938
6.711864406779661,0.39322033898305087,8.422319756390063,36.6723881568927,6.386150268938167,7775.883539315653
6.983050847457627,0.39322033898305087,6.6691274973620525,6.586543908356144,5.276836455638381,168.12648570816393
7.254237288135593,0.39322033898305087,6.244874819537283,4.663845509552993,4.65073743499627,66.57929693893271
7.525423728813559,0.39322033898305087,5.734625986919624,3.848563752046538,4.090183568862709,37.47165279897637
7.796610169491526,0.39322033898305087,5.062347324198537,3.0850214248582852,3.5631154007077646,17.745607513946535
8.067796610169491,0.39322033898305087,4.17239801582814,2.487734794833024,2.9749175753087154,7.394793649315255
8.338983050847457,0.39322033898305087,2.9196399987778583,2.2089105974661964,2.163722982073074,4.089602216831994
8.610169491525424,0.39322033898305087,1.7361033326187931,1.9183126037465235,1.4499691119877631,1.6790497200156294
8.881355932203391,0.39322033898305087,0.766979346246615,1.6247404881960057,0.8581900547110847,0.31567679396611886
9.152542372881356,0.39322033898305087,0.4009179718778902,1.3558090377215621,0.5561391321628655,0.012205257169339439
9.423728813559322,0.39322033898305087,0.3210526990430972,1.122199379812665,0.4178263699370283,0.4823324036029243
9.694915254237287,0.39322033898305087,0.2456457760833039,0.9121171113028148,0.3001002764967223,1.487685706771937
9.966101694915254,0.39322033898305087,0.17700653243960962,0.7251575943032931,0.2023009376428373,2.8463267032907416
10.237288135593221,0.39322033898305087,0.13583701689152486,0.5356186203031094,0.13305438367581615,4.669719809791875
10.508474576271187,0.39322033898305087,0.10111565316644723,0.3732768519171483,0.079442064364862,6.588502642557257
10.779661016949152,0.39322033898305087,0.0705244325970224,0.2414092154842397,0.039637675773939916,8.389578787280279
11.050847457627118,0.39322033898305087,0.04669027023383871,0.1468937391760828,0.016624202156924686,9.81422063072562
11.322033898305085,0.39322033898305087,0.03433713949716658,0.10292199842096561,0.01284090690907772,10.51507088862663
11.593220338983052,0.39322033898305087,0.023656614960652623,0.06717117160414049,0.009554910336788843,11.102704286269242
11.864406779661017,0.39322033898305087,0.014800848699724934,0.039318656143557416,0.006755707353503046,11.57158574699359
12.135593220338983,0.39322033898305087,0.008769246009227426,0.02195192290358361,0.004494559064502331,11.868853142432066
12.40677966101695,0.39322033898305087,0.004900388035873662,0.011777194638611304,0.0027455512758727415,12.044765983284021
12.677966101694915,0.39322033898305087,0.002126027750499556,0.004790462715212626,0.0014334342945020683,12.166310330815186
12.94915254237288,0.39322033898305087,0.0004837794539363859,0.0009124250141651608,0.0005480757935538732,12.234037765498398
13.220338983050848,0.39322033898305087,0.00023173046133824585,0.0003912081683019693,0.00032800360950408923,12.243154813578657
13.491525423728813,0.39322033898305087,0.00015520541826799522,0.00025387983332843245,0.00022284711704622173,12.245557505760308
13.76271186440678,0.39322033898305087,9.354705787929277e-05,0.00014679169405168473,0.00013830296856765496,12.247431280027852
14.033898305084746,0.39322033898305087,4.9939098733950964e-05,7.450760232264204e-05,7.67514370670477e-05,12.248696151655492
14.305084745762711,0.39322033898305087,3.408394415979111e-05,5.380024564765766e-05,4.7148884535878546e-05,12.249058513791578
14.576271186440678,0.39322033898305087,2.121171970033506e-05,3.649116419350581e-05,2.4807450154667954e-05,12.249361412949144
14.847457627118644,0.39322033898305087,1.1324533241277432e-05,2.2620839073997807e-05,9.601828384097214e-06,12.249604138514343
15.11864406779661,0.39322033898305087,6.041488277131752e-06,1.3753817027783484e-05,3.5617160306283833e-06,12.24975930938431
15.389830508474576,0.39322033898305087,3.917337126710018e-06,8.757294664517153e-06,2.4130861213853998e-06,12.249846747822682
15.661016949152541,0.39322033898305087,2.2429034995416782e-06,4.907999393002198e-06,1.4838403016945e-06,12.249914110161175
15.932203389830509,0.39322033898305087,1.0497599168761757e-06,2.130464340497695e-06,7.802823022938682e-07,12.249962716902408
16.203389830508474,0.39322033898305087,6.081524486769431e-07,1.1911121842753571e-06,4.5353582137849535e-07,12.249979155545642
16.474576271186443,0.39322033898305087,3.767998990651948e-07,6.86751814865165e-07,2.8605285872853197e-07,12.249987981846184
16.74576271186441,0.39322033898305087,1.8033023013053298e-07,3.7657755275663734e-07,2.2092355440172417e-07,12.249993409893712
17.016949152542374,0.39322033898305087,7.731657901292949e-08,1.302718667343224e-07,2.2092355441369555e-07,12.249997720242439
17.28813559322034,0.39322033898305087,5.120839722174285e-08,7.597980448510146e-08,2.2092355441633432e-07,12.249998670353454
17.559322033898304,0.39322033898305087,4.4820906297424765e-08,3.6323806130622234e-08,2.2092355441826174e-07,12.249999364333396
17.83050847457627,0.39322033898305087,4.482090629758919e-08,1.964889177610942e-08,2.209235544190722e-07,12.249999656144393
18.101694915254235,0.39322033898305087,4.482090629758919e-08,1.964889177610942e-08,2.209235544190722e-07,12.249999656144393
18.372881355932204,0.39322033898305087,4.482090629758919e-08,1.964889177610942e-08,2.209235544190722e-07,12.249999656144393
18.64406779661017,0.39322033898305087,4.482090629758919e-08,1.964889177610942e-08,2.209235544190722e-07,12.249999656144393
18.915254237288135,0.39322033898305087,4.482090629758919e-08,1.964889177610942e-08,2.209235544190722e-07,12.249999656144393
19.186440677966104,0.39322033898305087,4.482090629758919e-08,1.964889177610942e-08,2.209235544190722e-07,12.249999656144393
19.45762711864407,0.39322033898305087,4.482090629758919e-08,1.964889177610942e-08,2.209235544190722e-07,12.249999656144393
19.728813559322035,0.39322033898305087,4.482090629758919e-08,1.964889177610942e-08,2.209235544190722e-07,12.249999656144393
20.0,0.39322033898305087,4.482090629758919e-08,1.964889177610942e-08,2.209235544190722e-07,12.249999656144393
4.0,0.4576271186440678,0.2595573663636159,13.287692672873744,15.603684205875654,883.2327317793505
4.271186440677966,0.4576271186440678,0.6274748525213325,21.201894756477092,15.452455008706854,2450.7189746662184
4.5423728813559325,0.4576271186440678,1.3864398085830776,34.44840100501505,15.19369153839424,6826.230056176749
4.813559322033898,0.4576271186440678,2.9004715459359294,58.02905582737612,14.722219055882674,20042.8122743755
5.084745762711864,0.4576271186440678,5.339847523359878,91.41857335235795,13.956294134430378,50645.89717746154
5.3559322033898304,0.4576271186440678,7.284672194521704,111.58212665600752,13.116233851519933,75875.63146525298
5.627118644067797,0.4576271186440678,8.962215990764722,135.80235205411466,11.832271969740045,112899.95148548862
5.898305084745763,0.4576271186440678,9.599994040104988,163.9995271576041,9.856196461921042,165241.28894922766
6.169491525423728,0.4576271186440678,9.589981811611748,138.7190567035349,8.32463625533296,117853.27083717895
6.4406779661016955,0.4576271186440678,9.357142027244494,82.89882414633867,7.36291335119581,41512.864607723954
6.711864406779661,0.4576271186440678,8.325221846320602,36.20844934200763,6.318486530104353,7572.675909969448
6.983050847457627,0.4576271186440678,6.584323958050256,6.496289888589406,5.214986676534038,162.32606642836632
7.254237288135593,0.4576271186440678,6.162526564803404,4.598266972535648,4.59420246851649,63.930697672577125
7.525423728813559,0.4576271186440678,5.656991493945166,3.7934642538779593,4.03909031393135,35.80419459119735
7.796610169491526,0.4576271186440678,4.992406639310109,3.0402485807145614,3.517617096997109,16.81509629085083
8.067796610169491,0.4576271186440678,4.113482849642569,2.4510499020766328,2.9359903814392623,6.904411854095621
8.338983050847457,0.4576271186440678,2.876993539492121,2.1753999206651167,2.1343123182062484,3.7577814810466834
8.610169491525424,0.4576271186440678,1.7101360251345519,1.8886429634043385,1.429711632389849,1.4923246605285858
8.881355932203391,0.4576271186440678,0.755354368567741,1.599365604158578,0.8460006312289575,0.24841652575946777
9.152542372881356,0.4576271186440678,0.3948793090495827,1.334820929487122,0.5482721632174234,0.026551945205766897
9.423728813559322,0.4576271186440678,0.3162995762792997,1.1051593771828503,0.41200690523829525,0.5433187053950294
9.694915254237287,0.4576271186440678,0.2420789088305485,0.8985580603931393,0.295993398909902,1.571525117479315
9.966101694915254,0.4576271186440678,0.17449107381384654,0.7146246644477244,0.19958635418938192,2.9358709411462134
10.237288135593221,0.4576271186440678,0.13395271916037557,0.5280357027421526,0.13130836607555593,4.752010848077322
10.508474576271187,0.4576271186440678,0.09974911250283067,0.3681351510463794,0.07842448123788548,6.654656665662985
10.779661016949152,0.4576271186440678,0.06959755979834356,0.23817944180764045,0.039142975240659614,8.436418808990037
11.050847457627118,0.4576271186440678,0.04609478115110785,0.14498861543587716,0.016422462669406515,9.844084846159728
11.322033898305085,0.4576271186440678,0.03391308053803446,0.10163092307218445,0.012689740188166404,10.536014124514923
11.593220338983052,0.4576271186440678,0.023374095899848187,0.06635706288567145,0.009445910669050329,11.116271773218331
11.864406779661017,0.4576271186440678,0.014630146527495481,0.03885876230990665,0.006681139437940726,11.579409180878244
12.135593220338983,0.4576271186440678,0.008669946485852764,0.021700065551336686,0.004445825645274794,11.873191933132432
12.40677966101695,0.4576271186440678,0.004844991315682068,0.011642254463779575,0.0027158254034439816,12.047107684940103
12.677966101694915,0.4576271186440678,0.0021020174502685437,0.004735704266400354,0.0014179247741643774,12.167265343431108
12.94915254237288,0.4576271186440678,0.00047832336907145494,0.0009020095460141959,0.0005421600414159304,12.234219918077383
13.220338983050848,0.4576271186440678,0.00022912595140137757,0.00038674794520042265,0.0003244572992589892,12.24323284579632
13.491525423728813,0.4576271186440678,0.00015345519350391841,0.0002510013610804612,0.00022044906868516308,12.24560786994161
13.76271186440678,0.4576271186440678,9.249093177807484e-05,0.00014513061945901215,0.0001368263499539188,12.247460345802567
14.033898305084746,0.4576271186440678,4.9371783276311906e-05,7.368250314962233e-05,7.590453122714926e-05,12.248710590126825
14.305084745762711,0.4576271186440678,3.370672318055165e-05,5.3176469322159186e-05,4.6665895783924916e-05,12.249069429460215
14.576271186440678,0.4576271186440678,2.0967475483048677e-05,3.609460033918712e-05,2.4537201010125102e-05,12.249368352636687
14.847457627118644,0.4576271186440678,1.119692505525871e-05,2.2387954565210653e-05,9.475657264641404e-06,12.249608213927736
15.11864406779661,0.4576271186440678,5.96560268821315e-06,1.3608357387954187e-05,3.53558074698516e-06,12.249761854903129
15.389830508474576,0.4576271186440678,3.886173791831703e-06,8.640452640189457e-06,2.3760453824811447e-06,12.2498487925454
15.661016949152541,0.4576271186440678,2.2316733724103173e-06,4.814601053300859e-06,1.47331418532458e-06,12.249915744626442
15.932203389830509,0.4576271186440678,1.0273738919953685e-06,2.126453105067599e-06,7.756235886656421e-07,12.249962787098918
16.203389830508474,0.4576271186440678,5.873326454610669e-07,1.1995649304291365e-06,4.5702334363093526e-07,12.249979007622708
16.474576271186443,0.4576271186440678,3.618922537529125e-07,7.132951711809929e-07,2.720167342006267e-07,12.249987517337681
16.74576271186441,0.4576271186440678,1.8061864202250255e-07,3.6889117805732084e-07,2.2092355440209776e-07,12.249993544405232
17.016949152542374,0.4576271186440678,7.646531483139531e-08,1.2882332622751398e-07,2.2092355441376593e-07,12.249997745591891
17.28813559322034,0.4576271186440678,4.4820906296890684e-08,9.048713481643177e-08,2.2092355441562924e-07,12.249998416475187
17.559322033898304,0.4576271186440678,4.4820906297428735e-08,3.592132372710758e-08,2.209235544182813e-07,12.249999371376841
17.83050847457627,0.4576271186440678,4.482090629758919e-08,1.964889177610942e-08,2.209235544190722e-07,12.249999656144393
18.101694915254235,0.4576271186440678,4.482090629758919e-08,1.964889177610942e-08,2.209235544190722e-07,12.249999656144393
18.372881355932204,0.4576271186440678,4.482090629758919e-08,1.964889177610942e-08,2.209235544190722e-07,12.249999656144393
18.64406779661017,0.4576271186440678,4.482090629758919e-08,1.964889177610942e-08,2.209235544190722e-07,12.249999656144393
18.915254237288135,0.4576271186440678,4.482090629758919e-08,1.964889177610942e-08,2.209235544190722e-07,12.249999656144393
19.186440677966104,0.4576271186440678,4.482090629758919e-08,1.964889177610942e-08,2.209235544190722e-07,12.249999656144393
19.45762711864407,0.4576271186440678,4.482090629758919e-08,1.964889177610942e-08,2.209235544190722e-07,12.249999656144393
19.728813559322035,0.4576271186440678,4.482090629758919e-08,1.964889177610942e-08,2.209235544190722e-07,12.249999656144393
20.0,0.4576271186440678,4.482090629758919e-08,1.964889177610942e-08,2.209235544190722e-07,12.249999656144393
4.0,0.5220338983050847,0.2635495331165248,13.328038841845215,15.59845201398987,889.2381913285508
4.271186440677966,0.5220338983050847,0.6328068722695068,21.20445539263826,15.445155684635544,2451.352833743742
4.5423728813559325,0.5220338983050847,1.3922188243109883,34.391641996942425,15.182862200947987,6802.802760340093
4.813559322033898,0.5220338983050847,2.904131868900164,57.859740232945114,14.705169911243477,19923.139169822756
5.084745762711864,0.5220338983050847,5.335266430656499,91.04677277997372,13.929682319598998,50228.39918665147
5.3559322033898304,0.5220338983050847,7.26675858023523,111.00894369133805,13.079463005226529,75088.25335706818
5.627118644067797,0.5220338983050847,8.923067791591375,134.89791335940708,11.782585401194643,111385.58044572346
5.898305084745763,0.5220338983050847,9.53345572564914,162.53432197952344,9.79334497921405,162276.68574875453
6.169491525423728,0.5220338983050847,9.503813576593847,137.23164607545402,8.25660287403403,115313.97547229624
6.4406779661016955,0.5220338983050847,9.260572590476862,81.9187718557467,7.294124442415543,40520.45388223615
6.711864406779661,0.5220338983050847,8.228652164764279,35.74099452535229,6.252077164265045,7370.6494061892245
6.983050847457627,0.5220338983050847,6.5002107115542165,6.405815408466152,5.154419371584211,156.61367439773215
7.254237288135593,0.5220338983050847,6.080931528645365,4.532689568565883,4.5388943691514,61.33589958125935
7.525423728813559,0.5220338983050847,5.580135813159423,3.7384775228547418,3.9891427379958158,34.177982030605314
7.796610169491526,0.5220338983050847,4.923225860116578,2.995646527355213,3.473164712441805,15.913049001629695
8.067796610169491,0.5220338983050847,4.055268018485324,2.414572249472476,2.897981606052773,6.433480308747753
8.338983050847457,0.5220338983050847,2.8349222032676833,2.1421577487519374,2.105623572152115,3.4424882752034
8.610169491525424,0.5220338983050847,1.6845516316804408,1.8592667230895885,1.4099651537444031,1.3182870183590554
8.881355932203391,0.5220338983050847,0.7439111230171407,1.574276791424459,0.834123305953758,0.1898275001825278
9.152542372881356,0.5220338983050847,0.38893593051248226,1.3140802395546023,0.5406050554904538,0.04613878271871571
9.423728813559322,0.5220338983050847,0.3116202918120223,1.0883211363257081,0.4063322773683127,0.6071482128831109
9.694915254237287,0.5220338983050847,0.23856643918161927,0.8851592777081008,0.29198638927849585,1.6566310583127777
9.966101694915254,0.5220338983050847,0.1720131666589058,0.7042153296811925,0.19693609786305535,3.025726921566572
10.237288135593221,0.5220338983050847,0.1320958443022583,0.5205404710675224,0.12960254707304578,4.834056643938345
10.508474576271187,0.5220338983050847,0.09840189807933387,0.36305182659748875,0.07742961195786789,6.720384464517527
10.779661016949152,0.5220338983050847,0.06868339382446882,0.23498551404029783,0.038658966634232086,8.48286720309968
11.050847457627118,0.5220338983050847,0.04550716831803259,0.143104128586492,0.016224931661030666,9.873670197352007
11.322033898305085,0.5220338983050847,0.033494455809209685,0.10035330428093071,0.012541610641840865,10.556759585584341
11.593220338983052,0.5220338983050847,0.023095001939736282,0.06555130538092642,0.00933902868582022,11.129708241065932
11.864406779661017,0.5220338983050847,0.014461436363127897,0.03840346201966378,0.006607940960476928,11.587157076500228
12.135593220338983,0.5220338983050847,0.00857184369234845,0.02145057996235676,0.004397931785557857,11.877490646788262
12.40677966101695,0.5220338983050847,0.004790204765663229,0.011508699490950196,0.0026866238954709448,12.049425572433202
12.677966101694915,0.5220338983050847,0.002078276592044202,0.004681457119457037,0.0014027212118158203,12.168211475664258
12.94915254237288,0.5220338983050847,0.00047294289860212203,0.00089167630531582,0.0005363394846873791,12.23440063394843
13.220338983050848,0.5220338983050847,0.00022653718063151267,0.00038233939296452094,0.00032100708695489993,12.24330997426944
13.491525423728813,0.5220338983050847,0.00015173368670511351,0.0002481305208357911,0.0002181041311104399,12.245658100690092
13.76271186440678,0.5220338983050847,9.146060778679554e-05,0.00014346968816612791,0.00013536017253673653,12.247489409104286
14.033898305084746,0.5220338983050847,4.8818808527184114e-05,7.28339171352724e-05,7.512326952391227e-05,12.248725439605005
14.305084745762711,0.5220338983050847,3.33327178306597e-05,5.2562468348391925e-05,4.618592457275412e-05,12.249080174071484
14.576271186440678,0.5220338983050847,2.073906668971241e-05,3.567087590966009e-05,2.4283873043139313e-05,12.249375767624148
14.847457627118644,0.5220338983050847,1.107812594578753e-05,2.2113858046543593e-05,9.385197575747913e-06,12.249613010540576
15.11864406779661,0.5220338983050847,5.908383885903315e-06,1.3431671084395623e-05,3.4991097979634127e-06,12.249764946883579
15.389830508474576,0.5220338983050847,3.8323344750751085e-06,8.54954990952976e-06,2.364769529331477e-06,12.24985038333342
15.661016949152541,0.5220338983050847,2.19386370589824e-06,4.800363444924427e-06,1.447382074533242e-06,12.249915993783734
15.932203389830509,0.5220338983050847,1.0230191714228911e-06,2.09364768213602e-06,7.614865215072992e-07,12.249963361192957
16.203389830508474,0.5220338983050847,5.851448414501062e-07,1.1794395407585645e-06,4.496603373295342e-07,12.249979359816729
16.474576271186443,0.5220338983050847,3.600496573422165e-07,7.020592750467894e-07,2.6791199516338075e-07,12.249987713965767
16.74576271186441,0.5220338983050847,1.8034422302894243e-07,3.621672007330716e-07,2.2092355440242456e-07,12.249993662074806
17.016949152542374,0.5220338983050847,7.562331328527946e-08,1.2738844178955497e-07,2.2092355441383565e-07,12.249997770702366
17.28813559322034,0.5220338983050847,5.00888200679958e-08,7.430100839542341e-08,2.2092355441641593e-07,12.249998699732386
17.559322033898304,0.5220338983050847,4.4820906297432666e-08,3.5522623420634254e-08,2.2092355441830068e-07,12.249999378354095
17.83050847457627,0.5220338983050847,4.482090629758919e-08,1.964889177610942e-08,2.209235544190722e-07,12.249999656144393
18.101694915254235,0.5220338983050847,4.482090629758919e-08,1.964889177610942e-08,2.209235544190722e-07,12.249999656144393
18.372881355932204,0.5220338983050847,4.482090629758919e-08,1.964889177610942e-08,2.209235544190722e-07,12.249999656144393
18.64406779661017,0.5220338983050847,4.482090629758919e-08,1.964889177610942e-08,2.209235544190722e-07,12.249999656144393
18.915254237288135,0.5220338983050847,4.482090629758919e-08,1.964889177610942e-08,2.209235544190722e-07,12.249999656144393
19.186440677966104,0.5220338983050847,4.482090629758919e-08,1.964889177610942e-08,2.209235544190722e-07,12.249999656144393
19.45762711864407,0.5220338983050847,4.482090629758919e-08,1.964889177610942e-08,2.209235544190722e-07,12.249999656144393
19.728813559322035,0.5220338983050847,4.482090629758919e-08,1.964889177610942e-08,2.209235544190722e-07,12.249999656144393
20.0,0.5220338983050847,4.482090629758919e-08,1.964889177610942e-08,2.209235544190722e-07,12.249999656144393
4.0,0.5864406779661018,0.26781267929479435,13.364760367610417,15.593156363829113,894.721816589631
4.271186440677966,0.5864406779661018,0.6385192164498654,21.200853996614885,15.437793816276118,2450.461368720373
4.5423728813559325,0.5864406779661018,1.398498647967262,34.324406677320034,15.171975082087368,6775.103469084726
4.813559322033898,0.5864406779661018,2.9083961382068084,57.67212127098781,14.68808374920698,19790.94770210474
5.084745762711864,0.5864406779661018,5.331250198599204,90.64551176396638,13.903095334714992,49779.75856257663
5.3559322033898304,0.5864406779661018,7.249099631650382,110.39961158558809,13.042821654449954,74255.72078630667
5.627118644067797,0.5864406779661018,8.883876372685176,133.95141729919416,11.733243101014121,109811.73892515691
5.898305084745763,0.5864406779661018,9.466894415030218,161.02610395497263,9.731232135733505,159253.08164902325
6.169491525423728,0.5864406779661018,9.417822639586795,135.7163802650017,8.189604643992,112755.56254682833
6.4406779661016955,0.5864406779661018,9.16435364637174,80.92643147024155,7.226520515404382,39527.8331399439
6.711864406779661,0.5864406779661018,8.132660502757943,35.27031066411809,6.186953091665682,7169.987153024198
6.983050847457627,0.5864406779661018,6.416821194521419,6.31516748544247,5.095152500594643,150.99294631219286
7.254237288135593,0.5864406779661018,6.000116219872532,4.467142640091661,4.484824114244487,58.796024841677784
7.525423728813559,0.5864406779661018,5.5040787833005815,3.6836243266389097,3.9403464414107088,32.59337540760634
7.796610169491526,0.5864406779661018,4.854818462347355,2.951229083734955,3.4297597401260784,15.03944793890743
8.067796610169491,0.5864406779661018,3.9977607712950456,2.378310420162577,2.860889345261148,5.981820488741739
8.338983050847457,0.5864406779661018,2.793427146102573,2.109188596118452,2.0776521039024494,3.143427905402881
8.610169491525424,0.5864406779661018,1.6593486982401666,1.8301852762557704,1.3907246394071435,1.156621074420335
8.881355932203391,0.5864406779661018,0.7326481988654581,1.5494734210009953,0.8225542202664322,0.13963939741088002
9.152542372881356,0.5864406779661018,0.38308693992376813,1.2935857414105614,0.5331351325141744,0.07077496519462434
9.423728813559322,0.5864406779661018,0.3070141168120998,1.071683447244395,0.40080050485089214,0.6736984925832743
9.694915254237287,0.5864406779661018,0.23510781353258725,0.8719196695514364,0.2880778723971719,1.74293022129165
9.966101694915254,0.5864406779661018,0.1695724136996887,0.6939286847697922,0.19434930240537884,3.1158543886932204
10.237288135593221,0.5864406779661018,0.1302660905459377,0.5131322955363224,0.12793638870578364,4.915839532629204
10.508474576271187,0.5864406779661018,0.09707381063276999,0.3580264229710117,0.07645715151054332,6.785680845166154
10.779661016949152,0.5864406779661018,0.06778181612494613,0.23182716593835417,0.03818549004919776,8.528923563997608
11.050847457627118,0.5864406779661018,0.04492737646690296,0.14124007747199618,0.016031542655029363,9.902978391016912
11.322033898305085,0.5864406779661018,0.03308119730839748,0.09908911773220962,0.012396464746716051,10.577307022517255
11.593220338983052,0.5864406779661018,0.022819399040436773,0.06475362289522425,0.009234208475191392,11.143018047321428
11.864406779661017,0.5864406779661018,0.014294727339223122,0.03795262464806354,0.006536107728959877,11.594831579394365
12.135593220338983,0.5864406779661018,0.008474808191038343,0.0212036290004883,0.004350941025943203,11.881746454258893
12.40677966101695,0.5864406779661018,0.004736096908474647,0.011376285654361858,0.002657974147988005,12.051723875269227
12.677966101694915,0.5864406779661018,0.002054818861154161,0.004627737681166439,0.0013877677098536531,12.16914844030487
12.94915254237288,0.5864406779661018,0.00046760316335562295,0.000881481075345065,0.000530627111686023,12.234578937486999
13.220338983050848,0.5864406779661018,0.00022399126837047788,0.0003779633928815377,0.00031758699286641833,12.24338653347661
13.491525423728813,0.5864406779661018,0.00015002462045906744,0.0002453047495530306,0.00021578957531472257,12.245707542972944
13.76271186440678,0.5864406779661018,9.04398278443526e-05,0.0001418261871409613,0.00013392092480637527,12.247518167441703
14.033898305084746,0.5864406779661018,4.827680342594289e-05,7.200105647290795e-05,7.432301938672141e-05,12.248740013912672
14.305084745762711,0.5864406779661018,3.296939968985565e-05,5.196594095667125e-05,4.565910276803454e-05,12.249090612911125
14.576271186440678,0.5864406779661018,2.0501979289547263e-05,3.5278250238037306e-05,2.4023690100210965e-05,12.249382638399302
14.847457627118644,0.5864406779661018,1.093940850261664e-05,2.1901225987713093e-05,9.278617043171319e-06,12.249616731543112
15.11864406779661,0.5864406779661018,5.838438303151372e-06,1.3294206777472637e-05,3.4573055313012208e-06,12.249767352485993
15.389830508474576,0.5864406779661018,3.786093637445046e-06,8.465562046431724e-06,2.3377907357972175e-06,12.249851853112096
15.661016949152541,0.5864406779661018,2.183612988534437e-06,4.724976284679281e-06,1.4239086645036512e-06,12.249917313054548
15.932203389830509,0.5864406779661018,1.0038920779509687e-06,2.0841107067023705e-06,7.565271001386476e-07,12.24996352808978
16.203389830508474,0.5864406779661018,5.778236320386068e-07,1.1546130245223806e-06,4.576056537731856e-07,12.2499797942804
16.474576271186443,0.5864406779661018,3.5380724488057463e-07,6.854785868643295e-07,2.7785717937135164e-07,12.249988004127665
16.74576271186441,0.5864406779661018,1.796934453277305e-07,3.561026797147643e-07,2.2092355440271932e-07,12.249993768203893
17.016949152542374,0.5864406779661018,6.539894427659372e-08,1.3938129557588034e-07,2.209235544132528e-07,12.249997560827444
17.28813559322034,0.5864406779661018,4.953815028070084e-08,7.347346290804363e-08,2.2092355441645613e-07,12.24999871421443
17.559322033898304,0.5864406779661018,4.482090629743656e-08,3.512767935915535e-08,2.2092355441831987e-07,12.249999385265614
17.83050847457627,0.5864406779661018,4.482090629758919e-08,1.964889177610942e-08,2.209235544190722e-07,12.249999656144393
18.101694915254235,0.5864406779661018,4.482090629758919e-08,1.964889177610942e-08,2.209235544190722e-07,12.249999656144393
18.372881355932204,0.5864406779661018,4.482090629758919e-08,1.964889177610942e-08,2.209235544190722e-07,12.249999656144393
18.64406779661017,0.5864406779661018,4.482090629758919e-08,1.964889177610942e-08,2.209235544190722e-07,12.249999656144393
18.915254237288135,0.5864406779661018,4.482090629758919e-08,1.964889177610942e-08,2.209235544190722e-07,12.249999656144393
19.186440677966104,0.5864406779661018,4.482090629758919e-08,1.964889177610942e-08,2.209235544190722e-07,12.249999656144393
19.45762711864407,0.5864406779661018,4.482090629758919e-08,1.964889177610942e-08,2.209235544190722e-07,12.249999656144393
19.728813559322035,0.5864406779661018,4.482090629758919e-08,1.964889177610942e-08,2.209235544190722e-07,12.249999656144393
20.0,0.5864406779661018,4.482090629758919e-08,1.964889177610942e-08,2.209235544190722e-07,12.249999656144393
4.0,0.6508474576271186,0.2723590767631617,13.397703606265054,15.587799901901775,899.6555738986591
4.271186440677966,0.6508474576271186,0.6446254242426407,21.19091050014361,15.430374091732622,2448.000865154341
4.5423728813559325,0.6508474576271186,1.4052942056245818,34.24647035027567,15.161038480316485,6743.066340447118
4.813559322033898,0.6508474576271186,2.9132814244385266,57.46591652817655,14.670975474396851,19646.168725902877
5.084745762711864,0.6508474576271186,5.327819102101645,90.21451290739255,13.87655854295581,49300.110643608714
5.3559322033898304,0.6508474576271186,7.23171822651643,109.75400607901055,13.006346423639743,73378.69145856408
5.627118644067797,0.6508474576271186,8.844675440433933,132.96309397267194,11.684294395436186,108180.29809788817
5.898305084745763,0.6508474576271186,9.400361485061984,159.47575469672992,9.669914311075017,156174.65139337955
6.169491525423728,0.6508474576271186,9.332068211758761,134.17429044511022,8.123692202364154,110181.32627001552
6.4406779661016955,0.6508474576271186,9.068543689483727,79.92246850277431,7.160143276572095,38536.11287355739
6.711864406779661,0.6508474576271186,8.03729563309745,34.796685748539936,6.123144158486292,6970.866368667066
6.983050847457627,0.6508474576271186,6.334187753224386,6.224392699812335,5.037203045565607,145.46728076251597
7.254237288135593,0.6508474576271186,5.920106107717713,4.401655075737163,4.432001874785331,56.31208246061671
7.525423728813559,0.6508474576271186,5.428839322103181,3.6289249999085955,3.89270639476905,31.050666595109572
7.796610169491526,0.6508474576271186,4.787197167239439,2.9070097080707145,3.3874032120128077,14.194239126371125
8.067796610169491,0.6508474576271186,3.9409678041122804,2.34227271517924,2.8247114046366306,5.54923668607036
8.338983050847457,0.6508474576271186,2.7525092290370514,2.076496758685095,2.0503931657840897,2.8602991531964976
8.610169491525424,0.6508474576271186,1.6345256631467417,1.8013998689470503,1.3719850629425716,1.0070115924419325
8.881355932203391,0.6508474576271186,0.7215641627396544,1.5249548040805674,0.8112895492029751,0.09758564414258125
9.152542372881356,0.6508474576271186,0.3773314380911394,1.2733361761891866,0.5258597544711519,0.10027327663985473
9.423728813559322,0.6508474576271186,0.30248032678075926,1.0552450636549513,0.3954096409595206,0.7428497883392408
9.694915254237287,0.6508474576271186,0.2317024790512643,0.8588381340589161,0.2842664948296591,1.830351032180222
9.966101694915254,0.6508474576271186,0.1671684381791925,0.6837637946049937,0.19182508019886121,3.2062143869914843
10.237288135593221,0.6508474576271186,0.12846318867209958,0.5058104689945867,0.12630934223814366,4.997343233498006
10.508474576271187,0.6508474576271186,0.09576464755748311,0.3530585067910059,0.07550679608610242,6.850540563766738
10.779661016949152,0.6508474576271186,0.06689269811532472,0.22870408288923658,0.037722419997810716,8.57458828400215
11.050847457627118,0.6508474576271186,0.0443553314020858,0.13939624919291665,0.015842261387696413,9.932011353430543
11.322033898305085,0.6508474576271186,0.032673247187715186,0.09783824012315527,0.0122542847940473,10.597657805534755
11.593220338983052,0.6508474576271186,0.022547199425778482,0.06396406022375309,0.009131450824499572,11.156200202336246
11.864406779661017,0.6508474576271186,0.014130017480015687,0.03750616237573452,0.006465630855374428,11.602434109775611
12.135593220338983,0.6508474576271186,0.008378927319139407,0.020958981679948873,0.0043048223227674706,11.885963313807517
12.40677966101695,0.6508474576271186,0.004682573201883143,0.011245290198843145,0.002629827905676908,12.053997774968092
12.677966101694915,0.6508474576271186,0.0020316464628725196,0.004574494143155545,0.0013730981506755169,12.170077139973936
12.94915254237288,0.6508474576271186,0.000462333847750527,0.0008713630583740236,0.0005250278047482544,12.234755891938324
13.220338983050848,0.6508474576271186,0.00022147221246481116,0.00037362730005373497,0.0003142466258276949,12.243462394732555
13.491525423728813,0.6508474576271186,0.00014833599693711482,0.00024250466319207186,0.00021351714539927976,12.245756535947335
13.76271186440678,0.6508474576271186,8.942046313530137e-05,0.00014021200319656928,0.00013251989435856238,12.247546412815344
14.033898305084746,0.6508474576271186,4.773857676430197e-05,7.117692160079939e-05,7.353854041839277e-05,12.248754435535444
14.305084745762711,0.6508474576271186,3.2601343189872e-05,5.1366148791052974e-05,4.519488617597123e-05,12.24910110888666
14.576271186440678,0.6508474576271186,2.0280745444406573e-05,3.487141064888122e-05,2.3758405715127288e-05,12.249389757913738
14.847457627118644,0.6508474576271186,1.082316876613454e-05,2.1634800008229303e-05,9.189344808629833e-06,12.249621393925256
15.11864406779661,0.6508474576271186,5.7714905551547735e-06,1.315556596636434e-05,3.417251172622511e-06,12.249769778677265
15.389830508474576,0.6508474576271186,3.752638313125106e-06,8.357327899689656e-06,2.305649000553243e-06,12.249853747198282
15.661016949152541,0.6508474576271186,2.1547326137970956e-06,4.668041942894037e-06,1.4201673125402554e-06,12.249918309402185
15.932203389830509,0.6508474576271186,9.983572529779194e-07,2.0531113895607714e-06,7.442848253539551e-07,12.249964070577025
16.203389830508474,0.6508474576271186,5.744773206789449e-07,1.138286842640241e-06,4.49762499801799e-07,12.249980079988351
16.474576271186443,0.6508474576271186,3.5472583412951613e-07,6.825187003740097e-07,2.6088000518883123e-07,12.249988055925652
16.74576271186441,0.6508474576271186,1.787811903728887e-07,3.5051368280163113e-07,2.2092355440299096e-07,12.249993866011316
17.016949152542374,0.6508474576271186,6.56235270072667e-08,1.36402772919201e-07,2.2092355441339758e-07,12.249997612951589
17.28813559322034,0.6508474576271186,4.6417626062223814e-08,6.88354799183189e-08,2.2092355441668158e-07,12.249998795379128
17.559322033898304,0.6508474576271186,4.4820906297440415e-08,3.4736465790747826e-08,2.2092355441833888e-07,12.249999392111857
17.83050847457627,0.6508474576271186,4.482090629758919e-08,1.964889177610942e-08,2.209235544190722e-07,12.249999656144393
18.101694915254235,0.6508474576271186,4.482090629758919e-08,1.964889177610942e-08,2.209235544190722e-07,12.249999656144393
18.372881355932204,0.6508474576271186,4.482090629758919e-08,1.964889177610942e-08,2.209235544190722e-07,12.249999656144393
18.64406779661017,0.6508474576271186,4.482090629758919e-08,1.964889177610942e-08,2.209235544190722e-07,12.249999656144393
18.915254237288135,0.6508474576271186,4.482090629758919e-08,1.964889177610942e-08,2.209235544190722e-07,12.249999656144393
19.186440677966104,0.6508474576271186,4.482090629758919e-08,1.964889177610942e-08,2.209235544190722e-07,12.249999656144393
19.45762711864407,0.6508474576271186,4.482090629758919e-08,1.964889177610942e-08,2.209235544190722e-07,12.249999656144393
19.728813559322035,0.6508474576271186,4.482090629758919e-08,1.964889177610942e-08,2.209235544190722e-07,12.249999656144393
20.0,0.6508474576271186,4.482090629758919e-08,1.964889177610942e-08,2.209235544190722e-07,12.249999656144393
4.0,0.7152542372881356,0.2772015171616656,13.426714674881712,15.582385537023695,904.0116616938444
4.271186440677966,0.7152542372881356,0.6511394174614544,21.174448279279808,15.42290154326292,2443.9300296869515
4.5423728813559325,0.7152542372881356,1.4126206490051214,34.15761798009386,15.150061175223703,6706.634598311052
4.813559322033898,0.7152542372881356,2.9188048998828626,57.240865336439924,14.653860681837248,19488.76400951511
5.084745762711864,0.7152542372881356,5.32499356818254,89.75354023879211,13.850098222206212,48789.6754545491
5.3559322033898304,0.7152542372881356,7.2146376934239385,109.07205957936299,12.970074943103041,72457.9525878868
5.627118644067797,0.7152542372881356,8.805499522129908,131.93324375619983,11.635789411032688,106493.29828447175
5.898305084745763,0.7152542372881356,9.33390885147511,157.8842243980443,9.609447903891107,153045.70303410923
6.169491525423728,0.7152542372881356,9.246609336663074,132.60644376394265,8.058915520708448,107594.56803237901
6.4406779661016955,0.7152542372881356,8.973200520667262,78.90755946274214,7.095033455323707,37546.38608669067
6.711864406779661,0.7152542372881356,7.942605241429314,34.32040827971774,6.06067912450837,6773.458008145675
6.983050847457627,0.7152542372881356,6.252341615622893,6.133537128816825,4.98058702410312,140.03983593679646
7.254237288135593,0.7152542372881356,5.840925610178567,4.336255277706301,4.380437035355958,53.884969099113164
7.525423728813559,0.7152542372881356,5.354435424284186,3.5743994268405377,3.8462269613695836,29.550080421527866
7.796610169491526,0.7152542372881356,4.720373946919088,2.863001490015018,3.346095719717368,13.37733349866352
8.067796610169491,0.7152542372881356,3.8848952769037823,2.3064671497268976,2.789445313582106,5.135516834587537
8.338983050847457,0.7152542372881356,2.712169025502812,2.04408631677394,2.023841912282248,2.592794896596377
8.610169491525424,0.7152542372881356,1.6100808515514111,1.7729116200153145,1.3537414013377969,0.86914422714029
8.881355932203391,0.7152542372881356,0.7106575613221967,1.5007201796702887,0.8003255182307438,0.06340346620509535
9.152542372881356,0.7152542372881356,0.3716685276703288,1.2533302464107408,0.5187763159034512,0.1344501038620875
9.423728813559322,0.7152542372881356,0.2980181857052051,1.0390047542158718,0.390157774788254,0.8144847967421441
9.694915254237287,0.7152542372881356,0.22834988073443943,0.8459135723289771,0.2805509303540668,1.9188235583077218
9.966101694915254,0.7152542372881356,0.1648008482719594,0.6737197642146174,0.18936257300936918,3.296768630577942
10.237288135593221,0.7152542372881356,0.12668684398431707,0.49857435367472924,0.12472088478263514,5.078551224080825
10.508474576271187,0.7152542372881356,0.09447422125366618,0.3481475803956334,0.07457825745600737,6.914959453922253
10.779661016949152,0.7152542372881356,0.06601590022832265,0.22561604409027308,0.03726961313003541,8.61986047436362
11.050847457627118,0.7152542372881356,0.043790939430158826,0.13757257570914974,0.015657020473086456,9.96076876001019
11.322033898305085,0.7152542372881356,0.032270552483466344,0.09660063060160498,0.012115013966686296,10.617811975925832
11.593220338983052,0.7152542372881356,0.02227838109694457,0.06318258236648307,0.009030709759597267,11.16925505055215
11.864406779661017,0.7152542372881356,0.013967255246110291,0.037064167869793545,0.006396479151562392,11.60996301565286
12.135593220338983,0.7152542372881356,0.008284193145264655,0.02071665822624184,0.004259544230939368,11.890140855591158
12.40677966101695,0.7152542372881356,0.004629697132506355,0.011115511345073718,0.002602191225612048,12.056250767664094
12.677966101694915,0.7152542372881356,0.0020087394823076156,0.004521769760562706,0.001358697314418549,12.170996819201198
12.94915254237288,0.7152542372881356,0.0004571340012941672,0.000861329614051102,0.0005195227345940918,12.234931368558502
13.220338983050848,0.7152542372881356,0.00021898373657277764,0.00036933704036126117,0.00031095221237176625,12.243537454355234
13.491525423728813,0.7152542372881356,0.00014667252457546578,0.00023971820141405035,0.00021129368097246034,12.245805290630354
13.76271186440678,0.7152542372881356,8.841653524830678e-05,0.00013861519098402517,0.0001311251504414709,12.247574354246344
14.033898305084746,0.7152542372881356,4.719710127961308e-05,7.037287148802909e-05,7.278060168582426e-05,12.248768505701092
14.305084745762711,0.7152542372881356,3.223073171854919e-05,5.079071680509441e-05,4.472730079431494e-05,12.249111178579016
14.576271186440678,0.7152542372881356,2.0047408691748185e-05,3.4479590742994635e-05,2.3527850488651402e-05,12.24939661459226
14.847457627118644,0.7152542372881356,1.0709542677581143e-05,2.137915053491919e-05,9.086970302233616e-06,12.249625867722308
15.11864406779661,0.7152542372881356,5.701940292683793e-06,1.3009809631703814e-05,3.3884688890181353e-06,12.249772329389286
15.389830508474576,0.7152542372881356,3.704390091645095e-06,8.267780502876257e-06,2.2915551899335393e-06,12.249855314268423
15.661016949152541,0.7152542372881356,2.130117669500826e-06,4.61898628966699e-06,1.4042038459052335e-06,12.249919167873273
15.932203389830509,0.7152542372881356,9.812513983576594e-07,2.0406150684373545e-06,7.391433399121047e-07,12.249964289262326
16.203389830508474,0.7152542372881356,5.62992354445117e-07,1.1444573929351894e-06,4.3746739504205597e-07,12.249979972003809
16.474576271186443,0.7152542372881356,3.419768304485132e-07,6.88254895155188e-07,2.6332890266015774e-07,12.249987955542295
16.74576271186441,0.7152542372881356,1.776773025128247e-07,3.452727885678567e-07,2.209235544032457e-07,12.249993957726943
17.016949152542374,0.7152542372881356,6.56633298182548e-08,1.3374225371329888e-07,2.2092355441352686e-07,12.249997659510669
17.28813559322034,0.7152542372881356,4.845480005679229e-08,7.184180638269277e-08,2.2092355441653544e-07,12.249998742768419
17.559322033898304,0.7152542372881356,4.482090629744502e-08,3.4269570344004317e-08,2.209235544183616e-07,12.249999400282524
17.83050847457627,0.7152542372881356,4.482090629758919e-08,1.964889177610942e-08,2.209235544190722e-07,12.249999656144393
18.101694915254235,0.7152542372881356,4.482090629758919e-08,1.964889177610942e-08,2.209235544190722e-07,12.249999656144393
18.372881355932204,0.7152542372881356,4.482090629758919e-08,1.964889177610942e-08,2.209235544190722e-07,12.249999656144393
18.64406779661017,0.7152542372881356,4.482090629758919e-08,1.964889177610942e-08,2.209235544190722e-07,12.249999656144393
18.915254237288135,0.7152542372881356,4.482090629758919e-08,1.964889177610942e-08,2.209235544190722e-07,12.249999656144393
19.186440677966104,0.7152542372881356,4.482090629758919e-08,1.964889177610942e-08,2.209235544190722e-07,12.249999656144393
19.45762711864407,0.7152542372881356,4.482090629758919e-08,1.964889177610942e-08,2.209235544190722e-07,12.249999656144393
19.728813559322035,0.7152542372881356,4.482090629758919e-08,1.964889177610942e-08,2.209235544190722e-07,12.249999656144393
20.0,0.7152542372881356,4.482090629758919e-08,1.964889177610942e-08,2.209235544190722e-07,12.249999656144393
4.0,0.7796610169491525,0.28235332429548343,13.451639887559658,15.576916449009778,907.7626498713684
4.271186440677966,0.7796610169491525,0.6580755004829132,21.151294827573555,15.41538155390151,2438.2102960358366
4.5423728813559325,0.7796610169491525,1.420493343711648,34.05764524244269,15.139052430170395,6665.761204882746
4.813559322033898,0.7796610169491525,2.924983816298951,56.99673041624201,14.636755650236832,19318.727706101807
5.084745762711864,0.7796610169491525,5.322794146214629,89.26240138234058,13.823741538528832,48248.75985419702
5.3559322033898304,0.7796610169491525,7.197881777089969,108.35376309213628,12.934045795625885,71494.42149730507
5.627118644067797,0.7796610169491525,8.766383905212225,130.86223809374977,11.587778987730513,104752.9443265172
5.898305084745763,0.7796610169491525,9.26758886144127,156.25253027505815,9.549889232013141,149870.66332867375
6.169491525423728,0.7796610169491525,9.161504772850696,131.01394106900585,7.995323832895052,104998.58574649824
6.4406779661016955,0.7796610169491525,8.87838114519231,77.8823904630996,7.031230763091316,36559.72531843767
6.711864406779661,0.7796610169491525,7.84863585994651,33.84176675803658,5.999585654593511,6577.926439892795
6.983050847457627,0.7796610169491525,6.171312865978938,6.042646284668253,4.925319504972606,134.71352827839956
7.254237288135593,0.7796610169491525,5.762598081070469,4.270971132732965,4.330138215887288,51.515470281162536
7.525423728813559,0.7796610169491525,5.280884158631702,3.5200670263506493,3.8009119204801434,28.091776226370527
7.796610169491526,0.7796610169491525,4.654360029709659,2.8192171441238045,3.3058374360036833,12.5886081385933
8.067796610169491,0.7796610169491525,3.8295488157197894,2.270901453141966,2.7550883457021444,4.740433381779925
8.338983050847457,0.7796610169491525,2.6724068230578406,2.011961136627141,1.9979934185297819,2.3406027046373907
8.610169491525424,0.7796610169491525,1.5860124912317533,1.7447215088365953,1.3359886482264445,0.742705741591118
8.881355932203391,0.7796610169491525,0.6999269229296776,1.4767687281309119,0.7896583912248694,0.0368339851177367
9.152542372881356,0.7796610169491525,0.3660973029814468,1.233566636825413,0.5118822548837886,0.17312540236002463
9.423728813559322,0.7796610169491525,0.29362697009288263,1.022961246774993,0.3850430165189982,0.8884888839591734
9.694915254237287,0.7796610169491525,0.22504946780546395,0.8331448832034595,0.2769298614364719,2.0082795214901217
9.966101694915254,0.7796610169491525,0.16246925543861648,0.6637956846688656,0.18696094564680232,3.3874799619511506
10.237288135593221,0.7796610169491525,0.1249367873672465,0.4914232518266922,0.12317048702681996,5.159448170757389
10.508474576271187,0.7796610169491525,0.09320233238282105,0.3432932204423553,0.07367123577798376,6.978932612269302
10.779661016949152,0.7796610169491525,0.06515130293390477,0.22256274339504004,0.036826939090964565,8.664740582758837
11.050847457627118,0.7796610169491525,0.043234143780887156,0.1357688334220402,0.015475769610216034,9.98925276591918
11.322033898305085,0.7796610169491525,0.03187307549171435,0.09537608549349912,0.011978638368589064,10.637772239389157
11.593220338983052,0.7796610169491525,0.022012904148510485,0.062409104063769094,0.008931979891277569,11.182183780571803
11.864406779661017,0.7796610169491525,0.013806453880356612,0.036626497518968064,0.006328651164690917,11.617420670421224
12.135593220338983,0.7796610169491525,0.008190539185805226,0.02047674249999574,0.004215118292470854,11.894277612396394
12.40677966101695,0.7796610169491525,0.004577409666558,0.010987021736923981,0.002575095013782708,12.058481586145378
12.677966101694915,0.7796610169491525,0.001986070659333069,0.00446962359953456,0.0013445642833000932,12.171906446602653
12.94915254237288,0.7796610169491525,0.00045198494198170293,0.0008514068948542074,0.0005141270771591545,12.23510490992568
13.220338983050848,0.7796610169491525,0.00021652186432617257,0.0003650857145284987,0.0003077320918120795,12.243611833043117
13.491525423728813,0.7796610169491525,0.00014502301456981441,0.00023697104348105406,0.00020910314196643476,12.24585335770955
13.76271186440678,0.7796610169491525,8.74217174705551e-05,0.0001370299634917654,0.00012977429963646165,12.247602092996459
14.033898305084746,0.7796610169491525,4.6674193021563516e-05,6.956763652658594e-05,7.20045922963956e-05,12.248782596608635
14.305084745762711,0.7796610169491525,3.1873888194871504e-05,5.0207557895191906e-05,4.4257947178002345e-05,12.249121383491824
14.576271186440678,0.7796610169491525,1.982937384502323e-05,3.408080435937769e-05,2.3273282991786792e-05,12.249403593183093
14.847457627118644,0.7796610169491525,1.0587100880540809e-05,2.1143081046970646e-05,8.994011292258404e-06,12.24962999887561
15.11864406779661,0.7796610169491525,5.636389043416732e-06,1.2870064020077202e-05,3.35017794414101e-06,12.249774774914888
15.389830508474576,0.7796610169491525,3.6607171264729294e-06,8.182688655094762e-06,2.2664704805256948e-06,12.249856803367011
15.661016949152541,0.7796610169491525,2.1063909582299867e-06,4.5690760642641205e-06,1.3884410445849954e-06,12.249920041299353
15.932203389830509,0.7796610169491525,9.836647981364886e-07,1.995425785823323e-06,7.225585714138022e-07,12.249965080073633
16.203389830508474,0.7796610169491525,5.594913715370956e-07,1.1275682986529402e-06,4.3147195439642776e-07,12.249980267562718
16.474576271186443,0.7796610169491525,3.460795658923701e-07,6.597739039801443e-07,2.642682767496843e-07,12.249988453959398
16.74576271186441,0.7796610169491525,1.7413420470877813e-07,3.3587086604320114e-07,2.2092355440370268e-07,12.249994122260546
17.016949152542374,0.7796610169491525,6.556727696682808e-08,1.313191318892862e-07,2.2092355441364465e-07,12.2499977019153
17.28813559322034,0.7796610169491525,4.792202113854454e-08,7.103758771083938e-08,2.2092355441657453e-07,12.249998756842244
17.559322033898304,0.7796610169491525,4.482090629744802e-08,3.3965127626074024e-08,2.2092355441837638e-07,12.249999405610271
17.83050847457627,0.7796610169491525,4.482090629758919e-08,1.964889177610942e-08,2.209235544190722e-07,12.249999656144393
18.101694915254235,0.7796610169491525,4.482090629758919e-08,1.964889177610942e-08,2.209235544190722e-07,12.249999656144393
18.372881355932204,0.7796610169491525,4.482090629758919e-08,1.964889177610942e-08,2.209235544190722e-07,12.249999656144393
18.64406779661017,0.7796610169491525,4.482090629758919e-08,1.964889177610942e-08,2.209235544190722e-07,12.249999656144393
18.915254237288135,0.7796610169491525,4.482090629758919e-08,1.964889177610942e-08,2.209235544190722e-07,12.249999656144393
19.186440677966104,0.7796610169491525,4.482090629758919e-08,1.964889177610942e-08,2.209235544190722e-07,12.249999656144393
19.45762711864407,0.7796610169491525,4.482090629758919e-08,1.964889177610942e-08,2.209235544190722e-07,12.249999656144393
19.728813559322035,0.7796610169491525,4.482090629758919e-08,1.964889177610942e-08,2.209235544190722e-07,12.249999656144393
20.0,0.7796610169491525,4.482090629758919e-08,1.964889177610942e-08,2.209235544190722e-07,12.249999656144393
4.0,0.8440677966101695,0.2878283652023166,13.472326221234754,15.571396096860969,910.8816274494511
4.271186440677966,0.8440677966101695,0.6654483585412013,21.12128245517168,15.407819863105937,2430.80613547914
4.5423728813559325,0.8440677966101695,1.4289278557577583,33.94635959342233,15.128021993218207,6620.40951740221
4.813559322033898,0.8440677966101695,2.9318354810173175,56.73329951238817,14.619677332222743,19136.087718297855
5.084745762711864,0.8440677966101695,5.321241476222454,88.74094965537319,13.797516515007082,47677.759291890194
5.3559322033898304,0.8440677966101695,7.18147460074245,107.59916799892055,12.898298457546584,70489.14552289342
5.627118644067797,0.8440677966101695,8.727364572300212,129.75052005060354,11.54031458719978,102961.59998287735
5.898305084745763,0.8440677966101695,9.201454183777253,154.58175477313222,9.49129443237407,146654.06247110007
6.169491525423728,0.8440677966101695,9.076812877241169,129.39791453677657,7.932965566280269,102396.66328602472
6.4406779661016955,0.8440677966101695,8.784141673731314,76.84765581815392,6.968773856458936,35577.17980284134
6.711864406779661,0.8440677966101695,7.755432807135879,33.36104917808279,5.9398903137267824,6384.429153523915
6.983050847457627,0.8440677966101695,6.091130423198791,5.951765055316298,4.871414625871013,129.49103199249117
7.254237288135593,0.8440677966101695,5.68514580396731,4.205829982905351,4.281113294933681,49.204261831066525
7.525423728813559,0.8440677966101695,5.208201671658769,3.4659467376403787,3.756764490322491,26.67584951729327
7.796610169491526,0.8440677966101695,4.58916590427012,2.7756690045551737,3.26662813734957,11.827907563086391
8.067796610169491,0.8440677966101695,3.774933519142058,2.235583068664772,2.721637537016691,4.363744153995235
8.338983050847457,0.8440677966101695,2.633222638879404,1.9801248723624176,1.9728426849108036,2.103405422084446
8.610169491525424,0.8440677966101695,1.5623187080908771,1.7168303882455873,1.3187218158070175,0.6273843432240603
8.881355932203391,0.8440677966101695,0.6893707584252908,1.4530995640228002,0.7792844836620093,0.01762227312132164
9.152542372881356,0.8440677966101695,0.3606168615144972,1.2140439944521813,0.5051750454055958,0.21612272499562726
9.423728813559322,0.8440677966101695,0.2893059507663519,1.0071132688549946,0.380063513786207,0.9647498969362979
9.694915254237287,0.8440677966101695,0.22180069394990107,0.8205309381998894,0.2734020071512209,2.0986524598968765
9.966101694915254,0.8440677966101695,0.160173279261843,0.6539906328792455,0.18461936705040033,3.478312348949428
10.237288135593221,0.8440677966101695,0.1232127273375975,0.4843565341741783,0.12165763958534312,5.240018478184517
10.508474576271187,0.8440677966101695,0.09194878389823276,0.3384949665174471,0.0727854561165066,7.042455850679971
10.779661016949152,0.8440677966101695,0.06429877724772212,0.21954389949874548,0.03639427073260546,8.709228782566422
11.050847457627118,0.8440677966101695,0.04268484795451788,0.13398491602167062,0.015298463421567819,10.017463705379098
11.322033898305085,0.8440677966101695,0.03148075944875317,0.09416455969198968,0.011845111205593128,10.65753873227759
11.593220338983052,0.8440677966101695,0.02175073023954061,0.06164361635794976,0.008835224423765813,11.194986310221415
11.864406779661017,0.8440677966101695,0.0136475685163665,0.03619322038968338,0.0062621191820669275,11.624805825694141
12.135593220338983,0.8440677966101695,0.008097971018446544,0.020239214308650794,0.004171517107380529,11.898373910822555
12.40677966101695,0.8440677966101695,0.00452576060186156,0.010859757100747863,0.0025484815604598105,12.060691340263707
12.677966101694915,0.8440677966101695,0.001963696069978295,0.004417927975030058,0.001330679824770631,12.172808248484424
12.94915254237288,0.8440677966101695,0.00044689587371327084,0.0008415804019110772,0.000508831462158529,12.235276769576384
13.220338983050848,0.8440677966101695,0.00021408965270571818,0.00036087837725590015,0.00030455909441614584,12.243685442355538
13.491525423728813,0.8440677966101695,0.00014339298049828372,0.00023424976068418113,0.00020695335888461485,12.245900972143964
13.76271186440678,0.8440677966101695,8.644569250133301e-05,0.00013545074442483207,0.00012843909542728095,12.247629726640712
14.033898305084746,0.8440677966101695,4.6151771219457714e-05,6.876477629060947e-05,7.128302397148683e-05,12.248796645968625
14.305084745762711,0.8440677966101695,3.151872335556634e-05,4.9627657706562225e-05,4.381554913284168e-05,12.249131531383282
14.576271186440678,0.8440677966101695,1.960249212565222e-05,3.3695886084232214e-05,2.3048565123959947e-05,12.249410329089853
14.847457627118644,0.8440677966101695,1.0465532529483566e-05,2.090776986132463e-05,8.902657347703368e-06,12.249634116759516
15.11864406779661,0.8440677966101695,5.579837752631455e-06,1.2709964343979462e-05,3.3171957776796525e-06,12.249777576633623
15.389830508474576,0.8440677966101695,3.626517168074337e-06,8.08025958129532e-06,2.237538801378561e-06,12.24985859586539
15.661016949152541,0.8440677966101695,2.0824501856542898e-06,4.519761340087589e-06,1.3734139683470494e-06,12.24992090430422
15.932203389830509,0.8440677966101695,9.671830534655317e-07,1.982535567069012e-06,7.178081374423294e-07,12.24996530565214
16.203389830508474,0.8440677966101695,5.527538271082236e-07,1.1071089952616384e-06,4.3547302603875333e-07,12.249980625600237
16.474576271186443,0.8440677966101695,3.3682881574169585e-07,6.675652671490182e-07,2.5598089488785396e-07,12.249988317610608
16.74576271186441,0.8440677966101695,1.7298658014409187e-07,3.3153013176978365e-07,2.2092355440391361e-07,12.249994198223378
17.016949152542374,0.8440677966101695,6.536907084559726e-08,1.2907886903768478e-07,2.2092355441375352e-07,12.249997741119897
17.28813559322034,0.8440677966101695,4.698269264021297e-08,6.962982513322985e-08,2.2092355441664298e-07,12.249998781478086
17.559322033898304,0.8440677966101695,4.482090629745177e-08,3.3584952026580904e-08,2.2092355441839486e-07,12.249999412263346
17.83050847457627,0.8440677966101695,4.482090629758919e-08,1.964889177610942e-08,2.209235544190722e-07,12.249999656144393
18.101694915254235,0.8440677966101695,4.482090629758919e-08,1.964889177610942e-08,2.209235544190722e-07,12.249999656144393
18.372881355932204,0.8440677966101695,4.482090629758919e-08,1.964889177610942e-08,2.209235544190722e-07,12.249999656144393
18.64406779661017,0.8440677966101695,4.482090629758919e-08,1.964889177610942e-08,2.209235544190722e-07,12.249999656144393
18.915254237288135,0.8440677966101695,4.482090629758919e-08,1.964889177610942e-08,2.209235544190722e-07,12.249999656144393
19.186440677966104,0.8440677966101695,4.482090629758919e-08,1.964889177610942e-08,2.209235544190722e-07,12.249999656144393
19.45762711864407,0.8440677966101695,4.482090629758919e-08,1.964889177610942e-08,2.209235544190722e-07,12.249999656144393
19.728813559322035,0.8440677966101695,4.482090629758919e-08,1.964889177610942e-08,2.209235544190722e-07,12.249999656144393
20.0,0.8440677966101695,4.482090629758919e-08,1.964889177610942e-08,2.209235544190722e-07,12.249999656144393
4.0,0.9084745762711863,0.29364105966049264,13.488621810943016,15.565828226353664,913.3423580500448
4.271186440677966,0.9084745762711863,0.6732730542082491,21.084249011856667,15.400222571316883,2421.6853697548763
4.5423728813559325,0.9084745762711863,1.437939936280194,33.82358135179406,15.11698009616072,6570.553922977547
4.813559322033898,0.9084745762711863,2.939377231324175,56.450387013166285,14.602643341374817,18940.906939371165
5.084745762711864,0.9084745762711863,5.320356255237389,88.18908607863635,13.771451995857422,47077.15913978093
5.3559322033898304,0.9084745762711863,7.165440625652035,106.8083876690132,12.862873234306468,69443.30119363106
5.627118644067797,0.9084745762711863,8.688478132291541,128.598604621816,11.493448196864154,101121.7813608567
5.898305084745763,0.9084745762711863,9.135557697601678,152.87304354263566,9.433719361118605,143400.51825043248
6.169491525423728,0.9084745762711863,8.992591491165953,127.75952521789107,7.871888276153731,99792.0600830678
6.4406779661016955,0.9084745762711863,8.690537227945468,75.80405663303635,6.907700304406751,34599.772771575495
6.711864406779661,0.9084745762711863,7.663040130558783,32.87854253736156,5.881618565743683,6193.116501728008
6.983050847457627,0.9084745762711863,6.011822022617111,5.860937647339067,4.818885614076068,124.37477933404381
7.254237288135593,0.9084745762711863,5.608589986102862,4.140858599793083,4.233369434183537,46.95191165037313
7.525423728813559,0.9084745762711863,5.136403188023826,3.4120570068104334,3.713787354524849,25.302333741593507
7.796610169491526,0.9084745762711863,4.524801327856989,2.7323690197818515,3.228467226259812,11.095045030465325
8.067796610169491,0.9084745762711863,3.721053973386926,2.2005191527137016,2.689089701017082,4.005193211634142
8.338983050847457,0.9084745762711863,2.5946162236216326,1.9485809674301797,1.948384654222534,1.88088173641645
8.610169491525424,0.9084745762711863,1.5389975313307709,1.6892389816285094,1.3019359471820644,0.5228699280843577
8.881355932203391,0.9084745762711863,0.6789875612083407,1.4297117457150585,0.7692001580680587,0.005517423958976907
9.152542372881356,0.9084745762711863,0.355226297159312,1.1947609441519988,0.4986522039846821,0.26326918778361813
9.423728813559322,0.9084745762711863,0.2850544017767703,0.9914595342553172,0.3752174387744285,1.0431582009430143
9.694915254237287,0.9084745762711863,0.21860300812909256,0.808070631371324,0.2699661029239019,2.189877359032143
9.966101694915254,0.9084745762711863,0.15791254208066954,0.6443036828820687,0.18233702352821388,3.5692307731600295
10.237288135593221,0.9084745762711863,0.12151439742430412,0.47737349299810256,0.12018183992508867,5.3202479463907615
10.508474576271187,0.9084745762711863,0.09071338410713574,0.33375237454900153,0.07192063165056065,7.105524992374327
10.779661016949152,0.9084745762711863,0.06345820316959111,0.21655924036151092,0.03597147185470887,8.753325197335775
11.050847457627118,0.9084745762711863,0.0421429889026983,0.13222064738000017,0.015125044953694888,10.045403043309912
11.322033898305085,0.9084745762711863,0.031093555758108224,0.09296595723323003,0.011714391990739209,10.67711243094529
11.593220338983052,0.9084745762711863,0.02149185331156527,0.06088598087930836,0.00874042690382764,11.207664726284824
11.864406779661017,0.9084745762711863,0.013490606988462345,0.03576421356287348,0.006196879675192768,11.632120506223279
12.135593220338983,0.9084745762711863,0.008006528840757301,0.020003917198118972,0.004128739191075127,11.902432428428346
12.40677966101695,0.9084745762711863,0.004474693201993501,0.010733757345377981,0.0025223919366999686,12.062879331123066
12.677966101694915,0.9084745762711863,0.0019415789673567043,0.004366734054005289,0.0013170710039943651,12.17370133134427
12.94915254237288,0.9084745762711863,0.0004418733140313567,0.0008318407471610302,0.00050362955694621,12.23544711166861
13.220338983050848,0.9084745762711863,0.00021168449901827181,0.00035671060923394524,0.00030145742363823065,12.24375835960377
13.491525423728813,0.9084745762711863,0.0001417860535146345,0.00023154498916539492,0.0002048494213476802,12.245948297771365
13.76271186440678,0.9084745762711863,8.547922767818106e-05,0.0001338860588915214,0.00012714302069248605,12.247657106003626
14.033898305084746,0.9084745762711863,4.5631880354570436e-05,6.798422044676271e-05,7.054793111486162e-05,12.248810305028767
14.305084745762711,0.9084745762711863,3.1162048468708706e-05,4.906651478997265e-05,4.3372315309957916e-05,12.249141351038192
14.576271186440678,0.9084745762711863,1.9388971460194475e-05,3.33063318974252e-05,2.2805069708792405e-05,12.249417146124992
14.847457627118644,0.9084745762711863,1.0346838424039855e-05,2.067416820808181e-05,8.812920015214409e-06,12.24963820472774
15.11864406779661,0.9084745762711863,5.513809126282391e-06,1.2567850256727411e-05,3.2883965199613514e-06,12.249780063607698
15.389830508474576,0.9084745762711863,3.5897990877267743e-06,7.975986845768264e-06,2.217801592041637e-06,12.249860420627796
15.661016949152541,0.9084745762711863,2.0651453829159006e-06,4.451575457401283e-06,1.3623819750760017e-06,12.249922097553345
15.932203389830509,0.9084745762711863,9.517377543573892e-07,1.968317719849592e-06,7.127844613179408e-07,12.249965554464113
16.203389830508474,0.9084745762711863,5.487253234299594e-07,1.0920081627289162e-06,4.292375891982761e-07,12.2499808898646
16.474576271186443,0.9084745762711863,3.3483873270002043e-07,6.590366542402331e-07,2.530297000765675e-07,12.249988466861266
16.74576271186441,0.9084745762711863,1.739310540062758e-07,3.3070581124580634e-07,2.2092355440395372e-07,12.249994212648986
17.016949152542374,0.9084745762711863,6.90162565915849e-08,1.1612645549881655e-07,2.2092355441438305e-07,12.24999796778711
17.28813559322034,0.9084745762711863,4.687401150976751e-08,6.94521020448755e-08,2.209235544166516e-07,12.249998784588241
17.559322033898304,0.9084745762711863,4.482090629745548e-08,3.32084049137055e-08,2.2092355441841315e-07,12.249999418852918
17.83050847457627,0.9084745762711863,4.482090629758919e-08,1.964889177610942e-08,2.209235544190722e-07,12.249999656144393
18.101694915254235,0.9084745762711863,4.482090629758919e-08,1.964889177610942e-08,2.209235544190722e-07,12.249999656144393
18.372881355932204,0.9084745762711863,4.482090629758919e-08,1.964889177610942e-08,2.209235544190722e-07,12.249999656144393
18.64406779661017,0.9084745762711863,4.482090629758919e-08,1.964889177610942e-08,2.209235544190722e-07,12.249999656144393
18.915254237288135,0.9084745762711863,4.482090629758919e-08,1.964889177610942e-08,2.209235544190722e-07,12.249999656144393
19.186440677966104,0.9084745762711863,4.482090629758919e-08,1.964889177610942e-08,2.209235544190722e-07,12.249999656144393
19.45762711864407,0.9084745762711863,4.482090629758919e-08,1.964889177610942e-08,2.209235544190722e-07,12.249999656144393
19.728813559322035,0.9084745762711863,4.482090629758919e-08,1.964889177610942e-08,2.209235544190722e-07,12.249999656144393
20.0,0.9084745762711863,4.482090629758919e-08,1.964889177610942e-08,2.209235544190722e-07,12.249999656144393
4.0,0.9728813559322034,0.299806387885231,13.500376473971608,15.560216876934135,915.1194425740347
4.271186440677966,0.9728813559322034,0.6815650218723998,21.040038631684865,15.392596143319937,2410.819484087962
4.5423728813559325,0.9728813559322034,1.4475455043176377,33.68914478928944,15.105937451527794,6516.180445148109
4.813559322033898,0.9728813559322034,2.947626407077756,56.1478355430678,14.585671935922694,18733.284354067488
5.084745762711864,0.9728813559322034,5.320159201695914,87.60676128449691,13.745577605732747,46447.53556976397
5.3559322033898304,0.9728813559322034,7.1498046078542865,105.98159888944194,12.827811190545436,68358.19266420075
5.627118644067797,0.9728813559322034,8.649761747601552,127.40707878822138,11.44723222983733,99236.1494046314
5.898305084745763,0.9728813559322034,9.069952379674074,151.12760319427412,9.377219494287521,140114.71973938748
6.169491525423728,0.9728813559322034,8.908897828453096,126.09996050932948,7.812138583853871,97188.00094392704
6.4406779661016955,0.9728813559322034,8.597621850172203,74.75229939563836,6.848046559618589,33628.49891642104
6.711864406779661,0.9728813559322034,7.571500555233868,32.39453235544852,5.824794775533242,6004.131474580907
6.983050847457627,0.9728813559322034,5.933414201007821,5.77020753298506,4.76774480847176,119.36696175849599
7.254237288135593,0.9728813559322034,5.5329507549563814,4.076083159914081,4.186913104797858,44.75888174234832
7.525423728813559,0.9728813559322034,5.0655030156917356,3.358415776343707,3.6719826861453675,23.971202206449526
7.796610169491526,0.9728813559322034,4.461275335487115,2.6893287487745514,3.1913537531567404,10.389803890103439
8.067796610169491,0.9728813559322034,3.667914255290037,2.165716573880881,2.657441453193078,3.6645116969742157
8.338983050847457,0.9728813559322034,2.5565870684447147,1.917332658312759,1.924614221894264,1.6727067459809122
8.610169491525424,0.9728813559322034,1.5160468980387984,1.6619478905000147,1.2856261148385972,0.4288543583587983
8.881355932203391,0.9728813559322034,0.6687758127124365,1.406604269279114,0.759401827411359,0.00027260232944407016
9.152542372881356,0.9728813559322034,0.34992470053455144,1.1757160882768583,0.49231129041305166,0.3143954566114625
9.423728813559322,0.9728813559322034,0.2808715973748365,0.9759987406213476,0.3705030027241425,1.1236066747167694
9.694915254237287,0.9728813559322034,0.21545587255711557,0.7957628225120106,0.2666209009237951,2.281891041616574
9.966101694915254,0.9728813559322034,0.15568666194364275,0.6347339312557311,0.1801131132191022,3.6602009748206745
10.237288135593221,0.9728813559322034,0.11984152305260505,0.470473467357652,0.11874258737253243,5.400122343038159
10.508474576271187,0.9728813559322034,0.08949593843629851,0.3290650098007369,0.07107648403295225,7.168135957706847
10.779661016949152,0.9728813559322034,0.06262946026086087,0.21360848097571436,0.035558413618280646,8.797030227579697
11.050847457627118,0.9728813559322034,0.04160849298131133,0.13047583515983688,0.01495547607081874,10.073072531956957
11.322033898305085,0.9728813559322034,0.030711404181978715,0.09178019399077159,0.011586455373907538,10.69649413021764
11.593220338983052,0.9728813559322034,0.021236232580284096,0.060136188322034184,0.008647554491958384,11.220218961526292
11.864406779661017,0.9728813559322034,0.0133355134146214,0.0353395593964084,0.00613291267456131,11.63936323842743
12.135593220338983,0.9728813559322034,0.007916144912556947,0.019770965329143148,0.004086783261753829,11.906451175927781
12.40677966101695,0.9728813559322034,0.004424248969320649,0.010608969552659322,0.002496777728262493,12.06504647179702
12.677966101694915,0.9728813559322034,0.0019196985968209952,0.004316089401443007,0.001303720201068343,12.174584864398003
12.94915254237288,0.9728813559322034,0.00043689793817004176,0.0008222165354798954,0.0004985267867961156,12.235615435879295
13.220338983050848,0.9728813559322034,0.0002093047241817303,0.00035259336134052624,0.00029839847034170115,12.243830393189524
13.491525423728813,0.9728813559322034,0.00014019931455326498,0.000228869270776038,0.00020277319754706026,12.24599511514356
13.76271186440678,0.9728813559322034,8.451488713260407e-05,0.00013235569400612025,0.0001258581577396966,12.247683884842578
14.033898305084746,0.9728813559322034,4.5121720970855185e-05,6.719741474326102e-05,6.985069469921667e-05,12.248824073463819
14.305084745762711,0.9728813559322034,3.081667832144384e-05,4.850083617626647e-05,4.292946907409322e-05,12.24915125006898
14.576271186440678,0.9728813559322034,1.9169603873365506e-05,3.2931000708661984e-05,2.2574167555422276e-05,12.249423714265415
14.847457627118644,0.9728813559322034,1.0234991660151688e-05,2.042684648538924e-05,8.729169611474035e-06,12.249642532794352
15.11864406779661,0.9728813559322034,5.458973638299598e-06,1.2416654559178816e-05,3.2488759856156654e-06,12.249782709508796
15.389830508474576,0.9728813559322034,3.5394426793902034e-06,7.906564612497747e-06,2.1985502568983292e-06,12.249861635509987
15.661016949152541,0.9728813559322034,2.036092754811662e-06,4.421149564044197e-06,1.3443714658369356e-06,12.249922630004793
15.932203389830509,0.9728813559322034,9.445985857313325e-07,1.941233549717078e-06,7.032722929154467e-07,12.249966028436429
16.203389830508474,0.9728813559322034,5.387457891499687e-07,1.0919708150057937e-06,4.1945275320983166e-07,12.249980890518184
16.474576271186443,0.9728813559322034,3.2998331713443314e-07,6.464793805379873e-07,2.5761305557686984e-07,12.24998868661345
16.74576271186441,0.9728813559322034,1.724316842430691e-07,3.2635722481316334e-07,2.2092355440416505e-07,12.249994288749228
17.016949152542374,0.9728813559322034,6.837738063170749e-08,1.1502162199046707e-07,2.2092355441443675e-07,12.249997987121697
17.28813559322034,0.9728813559322034,4.4820906297041515e-08,7.519084086894937e-08,2.209235544163727e-07,12.249998684160316
17.559322033898304,0.9728813559322034,4.482090629745916e-08,3.2835461036144054e-08,2.2092355441843128e-07,12.249999425379437
17.83050847457627,0.9728813559322034,4.482090629758919e-08,1.964889177610942e-08,2.209235544190722e-07,12.249999656144393
18.101694915254235,0.9728813559322034,4.482090629758919e-08,1.964889177610942e-08,2.209235544190722e-07,12.249999656144393
18.372881355932204,0.9728813559322034,4.482090629758919e-08,1.964889177610942e-08,2.209235544190722e-07,12.249999656144393
18.64406779661017,0.9728813559322034,4.482090629758919e-08,1.964889177610942e-08,2.209235544190722e-07,12.249999656144393
18.915254237288135,0.9728813559322034,4.482090629758919e-08,1.964889177610942e-08,2.209235544190722e-07,12.249999656144393
19.186440677966104,0.9728813559322034,4.482090629758919e-08,1.964889177610942e-08,2.209235544190722e-07,12.249999656144393
19.45762711864407,0.9728813559322034,4.482090629758919e-08,1.964889177610942e-08,2.209235544190722e-07,12.249999656144393
19.728813559322035,0.9728813559322034,4.482090629758919e-08,1.964889177610942e-08,2.209235544190722e-07,12.249999656144393
20.0,0.9728813559322034,4.482090629758919e-08,1.964889177610942e-08,2.209235544190722e-07,12.249999656144393
4.0,1.0372881355932204,0.3063398961455524,13.50744226205535,15.554566387816527,916.1884883062745
4.271186440677966,1.0372881355932204,0.6903400600236058,20.988502496533872,15.384947410296233,2398.1839378544605
4.5423728813559325,1.0372881355932204,1.4577606275409982,33.54289922347561,15.094905247434724,6457.287315565681
4.813559322033898,1.0372881355932204,2.9566003215140144,55.825517518961284,14.568781998980208,18513.35598254226
5.084745762711864,1.0372881355932204,5.3206710179002155,86.9939773082891,13.71992370416281,45789.55594657443
5.3559322033898304,1.0372881355932204,7.134591552103874,105.1190430997864,12.793154074836364,67235.24938459591
5.627118644067797,1.0372881355932204,8.611253057916146,126.17660131412231,11.401719421095276,97307.5014718964
5.898305084745763,1.0372881355932204,9.004691191156182,149.34669884254092,9.32184982944674,136801.41061503434
6.169491525423728,1.0372881355932204,8.825788366939197,124.42043156629292,7.75376211853155,94587.66614223097
6.4406779661016955,1.0372881355932204,8.50544841784417,73.69309457298955,6.789847933969249,32664.322018370058
6.711864406779661,1.0372881355932204,7.480855436439681,31.909302208177046,5.769442214582089,5817.6095076867305
6.983050847457627,1.0372881355932204,5.855932285260177,5.679617399145438,4.718003684198184,114.46953176917728
7.254237288135593,1.0372881355932204,5.458247158242995,4.011529222406522,4.141750114133478,42.625530496770075
7.525423728813559,1.0372881355932204,4.995514552559636,3.305040473780769,3.631352174601022,22.682370042142853
7.796610169491526,1.0372881355932204,4.398596246963306,2.6465593574648505,3.1552864408535064,9.711938948019881
8.067796610169491,1.0372881355932204,3.615517945910374,2.131181914692654,2.6266892245366873,3.3414187023350963
8.338983050847457,1.0372881355932204,2.5191344123770305,1.886382977906436,1.9015262471779826,1.4785525074820798
8.610169491525424,1.0372881355932204,1.4934646622270904,1.634957589385247,1.2697874312040542,0.34503168006079
8.881355932203391,1.0372881355932204,0.6587339781860719,1.3837760754344393,0.7498859614138143,0.0016450983019312654
9.152542372881356,1.0372881355932204,0.34471116483058023,1.156907998560943,0.48614990469770586,0.36933575727279044
9.423728813559322,1.0372881355932204,0.2767568142742156,0.96072957712088,0.3659184423930314,1.2059906526025048
9.694915254237287,1.0372881355932204,0.21235874144180372,0.7836063907308043,0.2633651833713454,2.374631759674411
9.966101694915254,1.0372881355932204,0.15349526243073866,0.6252804640020057,0.17794684746680428,3.7511897466059216
10.237288135593221,1.0372881355932204,0.11819382287642415,0.4636558115940604,0.11733940015504118,5.479627744759859
10.508474576271187,1.0372881355932204,0.08829626207933494,0.3244323982391498,0.07025274639770748,7.230285412234914
10.779661016949152,1.0372881355932204,0.06181241599502959,0.21069137653583397,0.03515497076652852,8.84034376153893
11.050847457627118,1.0372881355932204,0.04108127647389428,0.12875038298020156,0.014789699849272845,10.10047242983115
11.322033898305085,1.0372881355932204,0.030334270998324524,0.0906071201371621,0.011461266658013168,10.71568571147185
11.593220338983052,1.0372881355932204,0.020983831389437,0.05939416243513619,0.008556597341804506,11.232650073206186
11.864406779661017,1.0372881355932204,0.013182315223889528,0.034919122029280415,0.006070198254632173,11.646536271258189
12.135593220338983,1.0372881355932204,0.007826849227244026,0.01954027116774847,0.004045625660748652,11.910431643297585
12.40677966101695,1.0372881355932204,0.00437438938619152,0.01048539222534248,0.0024716784163418917,12.06719278261975
12.677966101694915,1.0372881355932204,0.0018980972241796853,0.004265894881448421,0.0012906237683400258,12.175460576194272
12.94915254237288,1.0372881355932204,0.00043198539038390843,0.0008126748984034352,0.0004935259304317469,12.235782317031003
13.220338983050848,1.0372881355932204,0.00020695513528069202,0.0003485062108346677,0.0002954124979202315,12.24390190041401
13.491525423728813,1.0372881355932204,0.0001386299244019066,0.0002262202114738778,0.00020073743385168945,12.246041466146607
13.76271186440678,1.0372881355932204,8.357193323682331e-05,0.00013082367653698053,0.00012459707256942784,12.247710692628313
14.033898305084746,1.0372881355932204,4.461961220721718e-05,6.642108283655674e-05,6.915038060781627e-05,12.24883765862386
14.305084745762711,1.0372881355932204,3.0468544450215272e-05,4.794875617209876e-05,4.2502420178590076e-05,12.249160911136254
14.576271186440678,1.0372881355932204,1.895138134330102e-05,3.255537486987544e-05,2.2359169084248817e-05,12.249430287563852
14.847457627118644,1.0372881355932204,1.0125522525062038e-05,2.018649257412829e-05,8.637702035237639e-06,12.249646738926788
15.11864406779661,1.0372881355932204,5.394778669673477e-06,1.227738706704489e-05,3.2207834067673474e-06,12.249785146668414
15.389830508474576,1.0372881355932204,3.505633494356224e-06,7.80962071701359e-06,2.1723180007660308e-06,12.249863332018638
15.661016949152541,1.0372881355932204,2.011221651567832e-06,4.368207260815928e-06,1.3372514035222215e-06,12.24992355649219
15.932203389830509,1.0372881355932204,9.301773549205828e-07,1.926004588704652e-06,6.982122550073541e-07,12.24996629494288
16.203389830508474,1.0372881355932204,5.346922358253454e-07,1.076723161587786e-06,4.142089058460336e-07,12.249981157351916
16.474576271186443,1.0372881355932204,3.2886642200366527e-07,6.408143432526354e-07,2.4673218938452213e-07,12.24998878575156
16.74576271186441,1.0372881355932204,1.7089561611807738e-07,3.2213135387637356e-07,2.2092355440437046e-07,12.249994362701955
17.016949152542374,1.0372881355932204,6.8895863785078e-08,1.1585861936282623e-07,2.2092355441439607e-07,12.24999797247424
17.28813559322034,1.0372881355932204,4.5849077067407435e-08,6.789686440306235e-08,2.2092355441672718e-07,12.2499988118049
17.559322033898304,1.0372881355932204,4.482090629747971e-08,3.075187087149682e-08,2.2092355441853256e-07,12.249999461842265
17.83050847457627,1.0372881355932204,4.482090629758919e-08,1.964889177610942e-08,2.209235544190722e-07,12.249999656144393
18.101694915254235,1.0372881355932204,4.482090629758919e-08,1.964889177610942e-08,2.209235544190722e-07,12.249999656144393
18.372881355932204,1.0372881355932204,4.482090629758919e-08,1.964889177610942e-08,2.209235544190722e-07,12.249999656144393
18.64406779661017,1.0372881355932204,4.482090629758919e-08,1.964889177610942e-08,2.209235544190722e-07,12.249999656144393
18.915254237288135,1.0372881355932204,4.482090629758919e-08,1.964889177610942e-08,2.209235544190722e-07,12.249999656144393
19.186440677966104,1.0372881355932204,4.482090629758919e-08,1.964889177610942e-08,2.209235544190722e-07,12.249999656144393
19.45762711864407,1.0372881355932204,4.482090629758919e-08,1.964889177610942e-08,2.209235544190722e-07,12.249999656144393
19.728813559322035,1.0372881355932204,4.482090629758919e-08,1.964889177610942e-08,2.209235544190722e-07,12.249999656144393
20.0,1.0372881355932204,4.482090629758919e-08,1.964889177610942e-08,2.209235544190722e-07,12.249999656144393
4.0,1.1016949152542372,0.3132577000207404,13.50967404047834,15.548881403179431,916.5262835414686
4.271186440677966,1.1016949152542372,0.6996143211484604,20.92949961551372,15.377283570448816,2383.758470202191
4.5423728813559325,1.1016949152542372,1.4686015008190192,33.38471010722295,15.0838951401538,6393.885504019313
4.813559322033898,1.1016949152542372,2.966316230202063,55.48333665914183,14.55199301520747,18281.29565116296
5.084745762711864,1.1016949152542372,5.321912350548112,86.35078924790089,13.69452133510833,45103.978711507945
5.3559322033898304,1.1016949152542372,7.119826663171964,104.2210274181504,12.758944239197705,66076.0229957752
5.627118644067797,1.1016949152542372,8.57299010066037,124.9079022827357,11.356962720229463,95338.76203926119
5.898305084745763,1.1016949152542372,8.939826964065295,147.53165144966965,9.267664788628146,133465.3722212983
6.169491525423728,1.1016949152542372,8.743318742996216,122.72217066468477,7.6968034628782105,91994.18184244307
6.4406779661016955,1.1016949152542372,8.414068562568302,72.62715522002252,6.733138578117185,31708.17275460737
6.711864406779661,1.1016949152542372,7.39114471724378,31.42313327740392,5.715583069752802,5633.67832370474
6.983050847457627,1.1016949152542372,5.779400383885089,5.589209100308035,4.669672878777546,109.68420553814786
7.254237288135593,1.1016949152542372,5.384497165334869,3.947221708272935,4.097885634376729,40.55211519435555
7.525423728813559,1.1016949152542372,4.926450293777449,3.2519480032883803,3.5918970518564604,21.435696293023863
7.796610169491526,1.1016949152542372,4.336771678846408,2.604071616616152,3.1202637060404355,9.061177862128963
8.067796610169491,1.1016949152542372,3.563868141279016,2.09692147218115,2.596829280358262,3.0356221149196365
8.338983050847457,1.1016949152542372,2.4822572511844885,1.8557347574181013,1.8791155652000566,1.2980885569933482
8.610169491525424,1.1016949152542372,1.4712485875943861,1.608268438703987,1.254415054002013,0.2710983910012275
8.881355932203391,1.1016949152542372,0.6488605100988372,1.361226050371311,0.7406490858253125,0.009396369811300681
9.152542372881356,1.1016949152542372,0.3395847819177006,1.1383352250007828,0.4801656899979883,0.4279278404711933
9.423728813559322,1.1016949152542372,0.27270933007906184,0.9456507188051884,0.3614620318816051,1.2902079332640122
9.694915254237287,1.1016949152542372,0.20931107464796184,0.7716002024132957,0.2601977546988696,2.468039410043817
9.966101694915254,1.1016949152542372,0.1513379677830971,0.6159423610245509,0.1758374621072653,3.8421648827234716
10.237288135593221,1.1016949152542372,0.11657103213738862,0.4569198437306311,0.11597179596796883,5.558751132181607
10.508474576271187,1.1016949152542372,0.08711416299350676,0.31985410952297255,0.06944915005967565,7.291969654465064
10.779661016949152,1.1016949152542372,0.06100694728048018,0.207807649433911,0.03476102443429295,8.883266254676851
11.050847457627118,1.1016949152542372,0.04056127273306668,0.12704411465894572,0.01462766750519891,10.127604287652671
11.322033898305085,1.1016949152542372,0.029962102363184195,0.08944667358645528,0.011338785878125411,10.734687633585045
11.593220338983052,1.1016949152542372,0.02073460709953428,0.05865990779322169,0.008467521225911684,11.244957768508051
11.864406779661017,1.1016949152542372,0.013030986896761654,0.034502871637261553,0.006008731614026662,11.653640047293027
12.135593220338983,1.1016949152542372,0.007738585516266372,0.019311919329848826,0.004005265596398717,11.91437235065391
12.40677966101695,1.1016949152542372,0.0043251283214382555,0.010363048708995518,0.002447040482799536,12.069317852458479
12.677966101694915,1.1016949152542372,0.0018767420634285732,0.004216217758543802,0.0012777742895025632,12.17632729230165
12.94915254237288,1.1016949152542372,0.0004271306359193102,0.0008032269281351033,0.0004886208891275156,12.235947561091995
13.220338983050848,1.1016949152542372,0.00020462954370151419,0.000344466599076471,0.00029247929880087554,12.243972576123898
13.491525423728813,1.1016949152542372,0.00013707434630514601,0.00022360316048126503,0.000198746131264216,12.246087257181411
13.76271186440678,1.1016949152542372,8.263952040500601e-05,0.00012930722054030564,0.00012336029822925407,12.247737228142775
14.033898305084746,1.1016949152542372,4.4122268125254416e-05,6.56525454329108e-05,6.846380612994151e-05,12.248851107394024
14.305084745762711,1.1016949152542372,3.0129513221587054e-05,4.7391940739733746e-05,4.208960661475304e-05,12.249170655074526
14.576271186440678,1.1016949152542372,1.8744437307384778e-05,3.217746656348262e-05,2.2130604885109242e-05,12.24943690080632
14.847457627118644,1.1016949152542372,1.0004184394783186e-05,1.9969650451253458e-05,8.55712507685115e-06,12.249650533609518
15.11864406779661,1.1016949152542372,5.340251316939727e-06,1.213035907533032e-05,3.183522590628273e-06,12.249787719635837
15.389830508474576,1.1016949152542372,3.469649547806353e-06,7.710327852444871e-06,2.153138756431127e-06,12.249865069634136
15.661016949152541,1.1016949152542372,1.995487593501989e-06,4.308705449035007e-06,1.3197676877939554e-06,12.249924597770669
15.932203389830509,1.1016949152542372,9.228504073174186e-07,1.8998461325689502e-06,6.89317975561631e-07,12.249966752715235
16.203389830508474,1.1016949152542372,5.287590189924704e-07,1.0595697129832998e-06,4.1656705660929763e-07,12.249981457537036
16.474576271186443,1.1016949152542372,3.2040560688051356e-07,6.421809403808814e-07,2.4765390722840265e-07,12.249988761836116
16.74576271186441,1.1016949152542372,1.6933252796068248e-07,3.180130456554877e-07,2.2092355440457062e-07,12.249994434772331
17.016949152542374,1.1016949152542372,6.81568052102381e-08,1.1458119590227238e-07,2.2092355441445817e-07,12.249997994829151
17.28813559322034,1.1016949152542372,4.5345143144376186e-08,6.713045655179955e-08,2.2092355441676443e-07,12.249998825217036
17.559322033898304,1.1016949152542372,4.482090629746641e-08,3.2100282482366966e-08,2.2092355441846702e-07,12.24999943824506
17.83050847457627,1.1016949152542372,4.482090629758919e-08,1.964889177610942e-08,2.209235544190722e-07,12.249999656144393
18.101694915254235,1.1016949152542372,4.482090629758919e-08,1.964889177610942e-08,2.209235544190722e-07,12.249999656144393
18.372881355932204,1.1016949152542372,4.482090629758919e-08,1.964889177610942e-08,2.209235544190722e-07,12.249999656144393
18.64406779661017,1.1016949152542372,4.482090629758919e-08,1.964889177610942e-08,2.209235544190722e-07,12.249999656144393
18.915254237288135,1.1016949152542372,4.482090629758919e-08,1.964889177610942e-08,2.209235544190722e-07,12.249999656144393
19.186440677966104,1.1016949152542372,4.482090629758919e-08,1.964889177610942e-08,2.209235544190722e-07,12.249999656144393
19.45762711864407,1.1016949152542372,4.482090629758919e-08,1.964889177610942e-08,2.209235544190722e-07,12.249999656144393
19.728813559322035,1.1016949152542372,4.482090629758919e-08,1.964889177610942e-08,2.209235544190722e-07,12.249999656144393
20.0,1.1016949152542372,4.482090629758919e-08,1.964889177610942e-08,2.209235544190722e-07,12.249999656144393
4.0,1.1661016949152543,0.3205764850026828,13.506930092623925,15.54316687635322,916.110976673017
4.271186440677966,1.1661016949152543,0.7094042990360262,20.86289761682469,15.369612188092773,2367.5273977687516
4.5423728813559325,1.1661016949152543,1.4800844225104222,33.2144601084191,15.072919244292818,6325.999199938688
4.813559322033898,1.1661016949152543,2.9767912981138993,55.121229434398614,14.535325043807983,18037.315574645603
5.084745762711864,1.1661016949152543,5.3239037493619294,85.67730677695893,13.669402171633573,44391.65273486028
5.3559322033898304,1.1661016949152543,7.105535294561461,103.28792544649154,12.725224553547266,64882.18344868636
5.627118644067797,1.1661016949152543,8.535011228498654,123.6017823663523,11.31301518115296,93332.97258445832
5.898305084745763,1.1661016949152543,8.875412288183513,145.68383498136063,9.214718122912279,130111.40648080313
6.169491525423728,1.1661016949152543,8.661543650177801,121.00642852782082,7.641306102749601,89410.6109073794
6.4406779661016955,1.1661016949152543,8.323532594541827,71.55519560470705,6.6779514651125655,30760.946689591918
6.711864406779661,1.1661016949152543,7.302406890779703,30.936303916824034,5.663238455226298,5452.457806668717
6.983050847457627,1.1661016949152543,5.703841381583259,5.4990236144782205,4.622762220075334,105.01246620031309
7.254237288135593,1.1661016949152543,5.3117176720770765,3.883184881911734,4.055324231154339,38.53879473596869
7.525423728813559,1.1661016949152543,4.8583218405182915,3.199154738084038,3.553618119403796,20.23098607231402
7.796610169491526,1.1661016949152543,4.275808555574761,2.56187589896004,3.0862836840159735,8.437222528651256
8.067796610169491,1.1661016949152543,3.512967460379324,2.062941258758269,2.5678577409028245,2.746819453524989
8.338983050847457,1.1661016949152543,2.4459543484673922,1.8253906277025054,1.8573769978168604,1.1309824133570723
8.610169491525424,1.1661016949152543,1.4493963625213069,1.5818806778510694,1.23950419166094,0.20675363109727837
8.881355932203391,1.1661016949152543,0.6391538498613889,1.338953028410641,0.7316877815697337,0.023292079626449955
9.152542372881356,1.1661016949152543,0.33454464313075516,1.119996293382276,0.4743563370480881,0.49001297324790244
9.423728813559322,1.1661016949152543,0.26872842463883156,0.9307608311415495,0.35713207682798986,1.3761587349435582
9.694915254237287,1.1661016949152543,0.2063123344825863,0.7597431266136361,0.2571174359006705,2.5620553994905144
9.966101694915254,1.1661016949152543,0.14921440405334743,0.6067187156099247,0.17378419648782414,3.9330949760222955
10.237288135593221,1.1661016949152543,0.11497287406911799,0.4502649173383539,0.11463931018519181,5.637479545239522
10.508474576271187,1.1661016949152543,0.08594945300680351,0.3153296987331955,0.06866543320381288,7.353185390313876
10.779661016949152,1.1661016949152543,0.06021294671427706,0.20495699064854597,0.03437645112808402,8.92579871374862
11.050847457627118,1.1661016949152543,0.04004840975381503,0.1253568480656272,0.014469341141075233,10.154469779832453
11.322033898305085,1.1661016949152543,0.029594845311891545,0.08829874342801595,0.01121898891140656,10.753501165578259
11.593220338983052,1.1661016949152543,0.020488562043135858,0.0579332555853939,0.008380314929551356,11.257144665397618
11.864406779661017,1.1661016949152543,0.012881493515619182,0.03409084346380836,0.005948490442971364,11.660673899433814
12.135593220338983,1.1661016949152543,0.007651384670690349,0.019085785034729373,0.0039656983666604756,11.918275431832182
12.40677966101695,1.1661016949152543,0.004276436994741192,0.010241935716704764,0.0024228885128616835,12.071421732752821
12.677966101694915,1.1661016949152543,0.001855646602465371,0.004167009519129663,0.0012651794900495517,12.177185858217307
12.94915254237288,1.1661016949152543,0.0004223382145051969,0.0007938650820576752,0.00048380644142258954,12.236111299950043
13.220338983050848,1.1661016949152543,0.00020233503291547934,0.0003404598251265429,0.0002896065372484572,12.244042677515859
13.491525423728813,1.1661016949152543,0.00013553720248449526,0.00022101141052424943,0.00019679319376705179,12.246132605603595
13.76271186440678,1.1661016949152543,8.171255864758676e-05,0.0001278114385711753,0.00012215260728534665,12.247763401923525
14.033898305084746,1.1661016949152543,4.3625257777467e-05,6.489791009103511e-05,6.779682860198681e-05,12.248864312896771
14.305084745762711,1.1661016949152543,2.9795574516975604e-05,4.6843139572692026e-05,4.167212417611152e-05,12.249180258771725
14.576271186440678,1.1661016949152543,1.85319641099074e-05,3.1809366813449244e-05,2.1922910251196284e-05,12.249443342404735
14.847457627118644,1.1661016949152543,9.897018246908388e-06,1.973409271083226e-05,8.469491815446753e-06,12.249654655811522
15.11864406779661,1.1661016949152543,5.277735778157785e-06,1.1993642736852616e-05,3.1561561213908506e-06,12.249790112151148
15.389830508474576,1.1661016949152543,3.429304908199888e-06,7.627850646215817e-06,2.1313636878755836e-06,12.249866512977338
15.661016949152541,1.1661016949152543,1.9668246580934276e-06,4.271636844949045e-06,1.3093862120120218e-06,12.249925246469253
15.932203389830509,1.1661016949152543,9.092528984942142e-07,1.8839752049791795e-06,6.842809732791936e-07,12.249967030456093
16.203389830508474,1.1661016949152543,5.244714800530471e-07,1.0454782451895505e-06,4.112413719108256e-07,12.249981704137538
16.474576271186443,1.1661016949152543,3.217639765270104e-07,6.219300966157276e-07,2.4751420041074656e-07,12.249989116225724
16.74576271186441,1.1661016949152543,1.6775001391039887e-07,3.1399034213017874e-07,2.2092355440476613e-07,12.249994505169624
17.016949152542374,1.1661016949152543,6.769373789013754e-08,1.1376600101631397e-07,2.2092355441449777e-07,12.249998009095059
17.28813559322034,1.1661016949152543,4.482090629707732e-08,7.155921541797415e-08,2.209235544165492e-07,12.249998747713759
17.559322033898304,1.1661016949152543,4.482090629746998e-08,3.173799780416301e-08,2.2092355441848462e-07,12.249999444585042
17.83050847457627,1.1661016949152543,4.482090629758919e-08,1.964889177610942e-08,2.209235544190722e-07,12.249999656144393
18.101694915254235,1.1661016949152543,4.482090629758919e-08,1.964889177610942e-08,2.209235544190722e-07,12.249999656144393
18.372881355932204,1.1661016949152543,4.482090629758919e-08,1.964889177610942e-08,2.209235544190722e-07,12.249999656144393
18.64406779661017,1.1661016949152543,4.482090629758919e-08,1.964889177610942e-08,2.209235544190722e-07,12.249999656144393
18.915254237288135,1.1661016949152543,4.482090629758919e-08,1.964889177610942e-08,2.209235544190722e-07,12.249999656144393
19.186440677966104,1.1661016949152543,4.482090629758919e-08,1.964889177610942e-08,2.209235544190722e-07,12.249999656144393
19.45762711864407,1.1661016949152543,4.482090629758919e-08,1.964889177610942e-08,2.209235544190722e-07,12.249999656144393
19.728813559322035,1.1661016949152543,4.482090629758919e-08,1.964889177610942e-08,2.209235544190722e-07,12.249999656144393
20.0,1.1661016949152543,4.482090629758919e-08,1.964889177610942e-08,2.209235544190722e-07,12.249999656144393
4.0,1.230508474576271,0.32831350413992255,13.499072748182666,15.537428072888412,914.9222585363527
4.271186440677966,1.230508474576271,0.7197268132940066,20.78857354828978,15.361941191099099,2349.479901484013
4.5423728813559325,1.230508474576271,1.492225768374226,33.032050173204276,15.061990120473595,6253.666238500705
4.813559322033898,1.230508474576271,2.988042564782888,54.73916644997249,14.518798687787422,17781.666734861687
5.084745762711864,1.230508474576271,5.326665623853625,84.97369549722548,13.644598455734355,43653.51611914353
5.3559322033898304,1.230508474576271,7.091742894757061,102.32017784365534,12.692038315309855,63655.514349968886
5.627118644067797,1.230508474576271,8.497355024160653,122.25911183064862,11.269929849140919,91293.28070308267
5.898305084745763,1.230508474576271,8.811499398641375,143.8046733889956,9.163062818988024,126744.31876891569
6.169491525423728,1.230508474576271,8.580516741884015,119.27447162802152,7.58731238088305,86839.94413490778
6.4406779661016955,1.230508474576271,8.233889432262833,70.47792985630468,6.624318377903667,29823.502457703427
6.711864406779661,1.230508474576271,7.2146789675512695,30.449089236115217,5.612428427226629,5274.059909048657
6.983050847457627,1.230508474576271,5.629276937338052,5.409101002299589,4.57728075563277,100.4555677914973
7.254237288135593,1.230508474576271,5.2399245064818265,3.819442334161398,4.014069893954558,36.585632552077215
7.525423728813559,1.230508474576271,4.791139912028598,3.1466765131672783,3.516515775770093,19.06799276031376
7.796610169491526,1.230508474576271,4.215713120741465,2.5199821796902517,3.0533442499880343,7.839750517648295
8.067796610169491,1.230508474576271,3.462818059029962,2.0292470042540915,2.5397705968430535,2.47469870226718
8.338983050847457,1.230508474576271,2.4102242354553733,1.795353026136603,1.836305366406259,0.9769000954710602
8.610169491525424,1.230508474576271,1.4279055989977976,1.5557944343898211,1.2250501057151109,0.1516994111677769
8.881355932203391,1.230508474576271,0.6296124274171974,1.3169557910172927,0.7229986935945264,0.04310212903477223
9.152542372881356,1.230508474576271,0.3295898418459691,1.1018897071873306,0.46871957754916466,0.5554359167553465
9.423728813559322,1.230508474576271,0.2648133797894321,0.9160585689512145,0.3529269161881654,1.4637456792846644
9.694915254237287,1.230508474576271,0.20336198588374416,0.7480340176072604,0.2541230804678101,2.6566227637333117
9.966101694915254,1.230508474576271,0.14712420461031733,0.5976085963608007,0.17178631167877773,4.023949778963026
10.237288135593221,1.230508474576271,0.1133990866614191,0.4436903561760801,0.11334147927584802,5.7158008429414515
10.508474576271187,1.230508474576271,0.08480194569522555,0.31085872390626046,0.06790133923913048,7.413929495569372
10.779661016949152,1.230508474576271,0.059430281826227935,0.20213916927118136,0.034001130506074013,8.967941061214596
11.050847457627118,1.230508474576271,0.03954260807966669,0.12368847931465936,0.014314664899229813,10.181069361463289
11.322033898305085,1.230508474576271,0.02923245050173461,0.08716326422410146,0.011101833615625018,10.772126842516975
11.593220338983052,1.230508474576271,0.020245650694295205,0.05721420899593879,0.008294946084258547,11.26921050326501
11.864406779661017,1.230508474576271,0.012733835155619872,0.03368294532075995,0.005889468515899332,11.667639336920956
12.135593220338983,1.230508474576271,0.007565240201564091,0.018861865570918016,0.003926904285812345,11.922140914839026
12.40677966101695,1.230508474576271,0.004228336450195443,0.01012199238672902,0.002399215475752769,12.07350547529397
12.677966101694915,1.230508474576271,0.0018347907196137503,0.004118304379109387,0.0012528357283996595,12.178035676059077
12.94915254237288,1.230508474576271,0.0004175973845018163,0.0007846033653240001,0.00047909051824723196,12.236273288622082
13.220338983050848,1.230508474576271,0.00020006811368839344,0.0003364939291697459,0.00028678156970303237,12.244112063915555
13.491525423728813,1.230508474576271,0.00013402105968614745,0.00021843843379247695,0.0001948821550499873,12.246177625629562
13.76271186440678,1.230508474576271,8.07984555818838e-05,0.0001263319808281043,0.00012095874441036576,12.247789290084066
14.033898305084746,1.230508474576271,4.313589940315229e-05,6.415222916767402e-05,6.713098744409545e-05,12.248877361711488
14.305084745762711,1.230508474576271,2.946031751961303e-05,4.6306649113995526e-05,4.126904740283194e-05,12.24918964704241
14.576271186440678,1.230508474576271,1.8329338856582595e-05,3.143930416172422e-05,2.170361149769581e-05,12.24944981835485
14.847457627118644,1.230508474576271,9.78540532711309e-06,1.951045069494676e-05,8.387701479907294e-06,12.249658569491944
15.11864406779661,1.230508474576271,5.216591527381155e-06,1.1858615321844252e-05,3.1290918167625276e-06,12.24979247511078
15.389830508474576,1.230508474576271,3.389008712706399e-06,7.545214783064764e-06,2.1100688807177297e-06,12.24986795909711
15.661016949152541,1.230508474576271,1.9505284202178496e-06,4.213599538739965e-06,1.2928767088709408e-06,12.249926262119033
15.932203389830509,1.230508474576271,9.018161971885229e-07,1.8586626895148058e-06,6.759157681936997e-07,12.24996747342452
16.203389830508474,1.230508474576271,5.145233106244274e-07,1.0402774172918788e-06,4.0951243443667413e-07,12.249981795151959
16.474576271186443,1.230508474576271,3.1367413899672e-07,6.22010763544865e-07,2.4757038596131427e-07,12.249989114814053
16.74576271186441,1.230508474576271,1.661541072303373e-07,3.100536682286188e-07,2.2092355440495748e-07,12.249994574061404
17.016949152542374,1.230508474576271,6.695124849436821e-08,1.124794932930114e-07,2.209235544145603e-07,12.249998031608945
17.28813559322034,1.230508474576271,4.4820906297135893e-08,6.561980055400779e-08,2.2092355441683788e-07,12.249998851653515
17.559322033898304,1.230508474576271,4.48209062974362e-08,3.5163840474645875e-08,2.2092355441831812e-07,12.249999384632796
17.83050847457627,1.230508474576271,4.482090629758919e-08,1.964889177610942e-08,2.209235544190722e-07,12.249999656144393
18.101694915254235,1.230508474576271,4.482090629758919e-08,1.964889177610942e-08,2.209235544190722e-07,12.249999656144393
18.372881355932204,1.230508474576271,4.482090629758919e-08,1.964889177610942e-08,2.209235544190722e-07,12.249999656144393
18.64406779661017,1.230508474576271,4.482090629758919e-08,1.964889177610942e-08,2.209235544190722e-07,12.249999656144393
18.915254237288135,1.230508474576271,4.482090629758919e-08,1.964889177610942e-08,2.209235544190722e-07,12.249999656144393
19.186440677966104,1.230508474576271,4.482090629758919e-08,1.964889177610942e-08,2.209235544190722e-07,12.249999656144393
19.45762711864407,1.230508474576271,4.482090629758919e-08,1.964889177610942e-08,2.209235544190722e-07,12.249999656144393
19.728813559322035,1.230508474576271,4.482090629758919e-08,1.964889177610942e-08,2.209235544190722e-07,12.249999656144393
20.0,1.230508474576271,4.482090629758919e-08,1.964889177610942e-08,2.209235544190722e-07,12.249999656144393
4.0,1.2949152542372881,0.33648657241083696,13.48596903288025,15.531670572394066,912.9415466483773
4.271186440677966,1.2949152542372881,0.7305989908766122,20.7064146824225,15.354278866585744,2329.6102993103696
4.5423728813559325,1.2949152542372881,1.5050419629994205,32.83740056565863,15.051120760413905,6176.938464535461
4.813559322033898,1.2949152542372881,3.000086907532526,54.3371537471398,14.502435059421835,17514.639042801984
5.084745762711864,1.2949152542372881,5.330218198271682,84.24017811628342,13.620142933391309,42890.59443960975
5.3559322033898304,1.2949152542372881,7.07847495115638,101.3182926562967,12.659429154415033,62397.90754593346
5.627118644067797,1.2949152542372881,8.460060212967548,120.88082927390462,11.227759645603282,89222.92852487462
5.898305084745763,1.2949152542372881,8.74814006488372,141.8956374321111,9.112751007972246,123368.90085909508
6.169491525423728,1.2949152542372881,8.500290538581984,117.52757947701681,7.534863454645899,84285.09196994283
6.4406779661016955,1.2949152542372881,8.145186537477516,69.39607063978534,6.572269900773731,28896.66014031673
6.711864406779661,1.2949152542372881,7.127996447377361,29.961760703849173,5.563172001510945,5098.588590649642
6.983050847457627,1.2949152542372881,5.555727484960958,5.319480369517627,4.5332367835167355,96.01453979396271
7.254237288135593,1.2949152542372881,5.169132437587943,3.7560169677732533,3.974126066200474,34.692599702721715
7.525423728813559,1.2949152542372881,4.724914356310033,3.0945286207064933,3.4805900439188138,17.946420289959065
7.796610169491526,1.2949152542372881,4.156490949851994,2.478400034733419,3.0214430441909723,7.268416468206496
8.067796610169491,1.2949152542372881,3.413421638842127,1.995844158426821,2.512563728287129,2.2189391320710414
8.338983050847457,1.2949152542372881,2.375065229100553,1.7656241958178285,1.815895499925052,0.8355065785464616
8.610169491525424,1.2949152542372881,1.4067738344703298,1.5300097248782496,1.2110481216151034,0.1056408035182386
8.881355932203391,1.2949152542372881,0.6202346650974153,1.2952330682877509,0.7145785269814169,0.06860068737749409
9.152542372881356,1.2949152542372881,0.3247194697587512,1.0840139522781729,0.4632531919501976,0.6240448897178797
9.423728813559322,1.2949152542372881,0.2609634797679737,0.9015425776913553,0.34884492291996066,1.5528737615911157
9.694915254237287,1.2949152542372881,0.20045949826481216,0.7364717305246807,0.2512135577689083,2.751686027455698
9.966101694915254,1.2949152542372881,0.1450669993304241,0.5886110953964053,0.16984308012945565,4.114699715711382
10.237288135593221,1.2949152542372881,0.1118493976202141,0.43719551414290175,0.1120778560955997,5.793702987415943
10.508474576271187,1.2949152542372881,0.08367145581381552,0.3064407439324519,0.06715661634912887,7.474199040818805
10.779661016949152,1.2949152542372881,0.058658839091063654,0.19935389073097684,0.03363494923502951,9.009694248142768
11.050847457627118,1.2949152542372881,0.03904379746806425,0.12203882725745402,0.014163601684608713,10.207404743984396
11.322033898305085,1.2949152542372881,0.02887487654829371,0.08604008591345363,0.010987299694214255,10.790566598914523
11.593220338983052,1.2949152542372881,0.02000583988080126,0.05650270061448564,0.00821140345985344,11.281156209101063
11.864406779661017,1.2949152542372881,0.012587979436650494,0.03327920419593177,0.005831645019990829,11.674535835520658
12.135593220338983,1.2949152542372881,0.007480113545130889,0.018640197581063864,0.003888885821268526,11.92596814836801
12.40677966101695,1.2949152542372881,0.0041807998644640834,0.010003266139792386,0.0023760070479697084,12.075568250887777
12.677966101694915,1.2949152542372881,0.0018141887340201769,0.004070090642089288,0.0012407189724073003,12.178876948999905
12.94915254237288,1.2949152542372881,0.0004129097522065632,0.0007754407376580439,0.00047446389569219094,12.23643354526809
13.220338983050848,1.2949152542372881,0.00019782707088188673,0.00033256608917961396,0.00028401953504873616,12.244180784690629
13.491525423728813,1.2949152542372881,0.00013252002174058138,0.00021589733165973583,0.00019300444101283802,12.246222088018813
13.76271186440678,1.2949152542372881,7.98979633281404e-05,0.00012486031765830303,0.00011979301804709821,12.247815041879095
14.033898305084746,1.2949152542372881,4.265982128075521e-05,6.339864368252085e-05,6.648899191625647e-05,12.24889054885673
14.305084745762711,1.2949152542372881,2.9132814529636832e-05,4.576679959110075e-05,4.0878516427303845e-05,12.249199094098405
14.576271186440678,1.2949152542372881,1.8123036658120477e-05,3.107973663582687e-05,2.149375574142185e-05,12.249456110646058
14.847457627118644,1.2949152542372881,9.680151613927048e-06,1.9280222369951935e-05,8.303939778046436e-06,12.249662598431817
15.11864406779661,1.2949152542372881,5.1631708173211046e-06,1.171685980328072e-05,3.0944712766783385e-06,12.249794955811469
15.389830508474576,1.2949152542372881,3.3500201483146574e-06,7.463093075224975e-06,2.089270626605914e-06,12.24986939621929
15.661016949152541,1.2949152542372881,1.9272578452499785e-06,4.164241215158644e-06,1.285418026946735e-06,12.249927125887112
15.932203389830509,1.2949152542372881,8.924827643381854e-07,1.8313416843993034e-06,6.735916464473956e-07,12.249967951541482
16.203389830508474,1.2949152542372881,5.114927300507298e-07,1.0286679233431366e-06,3.985132634724779e-07,12.249981998317953
16.474576271186443,1.2949152542372881,3.1249737442178967e-07,6.164457535146812e-07,2.390130603373861e-07,12.249989212201687
16.74576271186441,1.2949152542372881,1.645170635270592e-07,3.061346118627195e-07,2.2092355440514795e-07,12.249994642644875
17.016949152542374,1.2949152542372881,6.621460457046071e-08,1.1120128198945608e-07,2.2092355441462244e-07,12.24999805397764
17.28813559322034,1.2949152542372881,4.4820906297143226e-08,6.487544814597894e-08,2.2092355441687404e-07,12.24999886467968
17.559322033898304,1.2949152542372881,4.482090629747702e-08,3.1023913391082215e-08,2.2092355441851932e-07,12.249999457081518
17.83050847457627,1.2949152542372881,4.482090629758919e-08,1.964889177610942e-08,2.209235544190722e-07,12.249999656144393
18.101694915254235,1.2949152542372881,4.482090629758919e-08,1.964889177610942e-08,2.209235544190722e-07,12.249999656144393
18.372881355932204,1.2949152542372881,4.482090629758919e-08,1.964889177610942e-08,2.209235544190722e-07,12.249999656144393
18.64406779661017,1.2949152542372881,4.482090629758919e-08,1.964889177610942e-08,2.209235544190722e-07,12.249999656144393
18.915254237288135,1.2949152542372881,4.482090629758919e-08,1.964889177610942e-08,2.209235544190722e-07,12.249999656144393
19.186440677966104,1.2949152542372881,4.482090629758919e-08,1.964889177610942e-08,2.209235544190722e-07,12.249999656144393
19.45762711864407,1.2949152542372881,4.482090629758919e-08,1.964889177610942e-08,2.209235544190722e-07,12.249999656144393
19.728813559322035,1.2949152542372881,4.482090629758919e-08,1.964889177610942e-08,2.209235544190722e-07,12.249999656144393
20.0,1.2949152542372881,4.482090629758919e-08,1.964889177610942e-08,2.209235544190722e-07,12.249999656144393
4.0,1.359322033898305,0.3451140575073961,13.467491337227678,15.525900269035226,910.1521698379063
4.271186440677966,1.359322033898305,0.7420382444284005,20.616319321545696,15.34663385475405,2307.9183016725656
4.5423728813559325,1.359322033898305,1.5185494486606494,32.63045187656607,15.04032456932832,6095.882027590683
4.813559322033898,1.359322033898305,3.0129410027647823,53.91523401307228,14.486255741906561,17236.5612715484
5.084745762711864,1.359322033898305,5.334581464781059,83.47703543717095,13.596068784952752,42103.99841346635
5.3559322033898304,1.359322033898305,7.065756931816234,100.28284539880521,12.627440933964548,61111.35696352506
5.627118644067797,1.359322033898305,8.423165573372842,119.46794010332246,11.186557251015808,87125.24050151084
5.898305084745763,1.359322033898305,8.685385481434883,139.95824135697663,9.063833876758077,119989.91404961367
6.169491525423728,1.359322033898305,8.420916339895989,115.76704191436929,7.483999257898918,81748.87672651936
6.4406779661016955,1.359322033898305,8.057469855997745,68.3103278627195,6.52183541436537,27981.199841853857
6.711864406779661,1.359322033898305,7.042393295975261,29.474585770120846,5.515487173410332,4926.1397885242
6.983050847457627,1.359322033898305,5.483212237059709,5.230199832804735,4.4906378840120995,91.69019224510889
7.254237288135593,1.359322033898305,5.099355185719803,3.6929309841929254,3.9354956766490403,32.85957811419961
7.525423728813559,1.359322033898305,4.659654164407117,3.0427258054203192,3.445840598948379,16.86592544871148
7.796610169491526,1.359322033898305,4.09814696534002,2.437138641375922,2.990577493578266,6.722853508969336
8.067796610169491,1.359322033898305,3.3647794636584147,1.962737891737989,2.486232921463427,1.9792120924857293
8.338983050847457,1.359322033898305,2.3404754305245246,1.7362061928024217,1.7961422480143938,0.7064662754918701
8.610169491525424,1.359322033898305,1.385998540004452,1.5045264564172487,1.1974936300569747,0.0682861255696688
8.881355932203391,1.359322033898305,0.6110189763555313,1.2737835439225693,0.7064240500121864,0.09956621115466228
9.152542372881356,1.359322033898305,0.3199326225656054,1.0663674894680797,0.45795500430555636,0.6956915755239491
9.423728813559322,1.359322033898305,0.25717801043641847,0.8872114948987257,0.3448845047309746,1.6434503185249967
9.694915254237287,1.359322033898305,0.19760434053044756,0.7250551221199607,0.24838776453503103,2.8471911761031308
9.966101694915254,1.359322033898305,0.1430424226810299,0.5797252985698751,0.16795378817389195,4.205316161289251
10.237288135593221,1.359322033898305,0.11032354519244231,0.4307797251130149,0.11084799708577459,5.871174632825017
10.508474576271187,1.359322033898305,0.08255779768720073,0.30207532792671704,0.06643101624168893,7.53399115967016
10.779661016949152,1.359322033898305,0.057898494624867666,0.19660091128255697,0.03327778989296469,9.051058542037323
11.050847457627118,1.359322033898305,0.03855191104618379,0.12040772857554446,0.014016105365537124,10.233477381807482
11.322033898305085,1.359322033898305,0.028522072557122875,0.08492913972866996,0.01087535025618794,10.808821047092346
11.593220338983052,1.359322033898305,0.019769103998457126,0.05579868410223227,0.00812965675666116,11.292982360383064
11.864406779661017,1.359322033898305,0.012443924536447631,0.03287953583350519,0.005775013197476169,11.681364772142574
12.135593220338983,1.359322033898305,0.007396017925068091,0.018420750504099182,0.0038516118365844484,11.929757641485352
12.40677966101695,1.359322033898305,0.004133842349458737,0.009885696019674059,0.0023532666062723927,12.077611113316912
12.677966101694915,1.359322033898305,0.0017938357853223125,0.004022332981866354,0.0012288559008160947,12.179710292583694
12.94915254237288,1.359322033898305,0.0004082850926625525,0.0007663551488957042,0.0004699289539327022,12.236592455520661
13.220338983050848,1.359322033898305,0.00019561326664497146,0.00032867865785333154,0.0002813053057510911,12.24424879867294
13.491525423728813,1.359322033898305,0.00013103685531329188,0.00021338111916267735,0.00019116386168316463,12.246266114986538
13.76271186440678,1.359322033898305,7.900380296581129e-05,0.00012340826406100202,0.000118654930158708,12.247840450563926
14.033898305084746,1.359322033898305,4.218188404406215e-05,6.266723042468004e-05,6.58497271504656e-05,12.248903348012451
14.305084745762711,1.359322033898305,2.8806811466528136e-05,4.5241932262693817e-05,4.048078088131079e-05,12.249208278978102
14.576271186440678,1.359322033898305,1.792357993780317e-05,3.0715287189274796e-05,2.1292332423675103e-05,12.249462488370616
14.847457627118644,1.359322033898305,9.569499154447321e-06,1.9058380384952113e-05,8.231761847043958e-06,12.249666480613397
15.11864406779661,1.359322033898305,5.09965307234469e-06,1.1596051061653976e-05,3.0659477698132767e-06,12.249797069946846
15.389830508474576,1.359322033898305,3.3155741156751457e-06,7.369813791412197e-06,2.0713487347300276e-06,12.249871028598111
15.661016949152541,1.359322033898305,1.9053690901133558e-06,4.11749526616418e-06,1.2724476271424845e-06,12.249927943938804
15.932203389830509,1.359322033898305,8.847868834965141e-07,1.8074727705775187e-06,6.65526000770753e-07,12.24996836924693
16.203389830508474,1.359322033898305,5.104505880362476e-07,1.00501898809061e-06,3.9653343487422464e-07,12.249982412174019
16.474576271186443,1.359322033898305,3.130205543510907e-07,5.989780248449517e-07,2.3871293795958527e-07,12.249989517886807
16.74576271186441,1.359322033898305,1.6268877079874786e-07,3.0194137846158143e-07,2.2092355440535177e-07,12.249994716026443
17.016949152542374,1.359322033898305,6.548627007340617e-08,1.0993553783822398e-07,2.2092355441468396e-07,12.249998076128161
17.28813559322034,1.359322033898305,4.4820906297108504e-08,6.839715224100087e-08,2.2092355441670288e-07,12.249998803049865
17.559322033898304,1.359322033898305,4.48209062974484e-08,3.392664316096565e-08,2.2092355441837826e-07,12.249999406283752
17.83050847457627,1.359322033898305,4.482090629758919e-08,1.964889177610942e-08,2.209235544190722e-07,12.249999656144393
18.101694915254235,1.359322033898305,4.482090629758919e-08,1.964889177610942e-08,2.209235544190722e-07,12.249999656144393
18.372881355932204,1.359322033898305,4.482090629758919e-08,1.964889177610942e-08,2.209235544190722e-07,12.249999656144393
18.64406779661017,1.359322033898305,4.482090629758919e-08,1.964889177610942e-08,2.209235544190722e-07,12.249999656144393
18.915254237288135,1.359322033898305,4.482090629758919e-08,1.964889177610942e-08,2.209235544190722e-07,12.249999656144393
19.186440677966104,1.359322033898305,4.482090629758919e-08,1.964889177610942e-08,2.209235544190722e-07,12.249999656144393
19.45762711864407,1.359322033898305,4.482090629758919e-08,1.964889177610942e-08,2.209235544190722e-07,12.249999656144393
19.728813559322035,1.359322033898305,4.482090629758919e-08,1.964889177610942e-08,2.209235544190722e-07,12.249999656144393
20.0,1.359322033898305,4.482090629758919e-08,1.964889177610942e-08,2.209235544190722e-07,12.249999656144393
4.0,1.423728813559322,0.3542148667081166,13.443518101426315,15.520123370579503,906.5395516211457
4.271186440677966,1.423728813559322,0.7540622472547784,20.518197598138904,15.339015140774674,2284.4092462592766
4.5423728813559325,1.423728813559322,1.5327646515184008,32.41116599363712,15.029615345577078,6010.577601780721
4.813559322033898,1.423728813559322,3.026621285309988,53.47348768765537,14.470282747182054,16947.80074972747
5.084745762711864,1.423728813559322,5.3397751349505596,82.68460714728549,13.572409550987018,41294.920994303335
5.3559322033898304,1.423728813559322,7.053614225177205,99.21447887496034,12.59611764687891,59797.951734875365
5.627118644067797,1.423728813559322,8.386709845913657,118.02151475303592,11.146374986424268,85003.61064557856
5.898305084745763,1.423728813559322,8.623286160793917,137.99403944742275,9.016361582153086,116612.07257852549
6.169491525423728,1.423728813559322,8.342444141742032,113.99415640863224,7.43475846685512,79234.0253585721
6.4406779661016955,1.423728813559322,7.970783763859712,67.22140741828444,6.4730430943065755,27077.860465773683
6.711864406779661,1.423728813559322,6.95790192635048,28.987827509507284,5.469390940160083,4756.801416839542
6.983050847457627,1.423728813559322,5.411749191482613,5.141296488582635,4.449490952631191,87.48312134675474
7.254237288135593,1.423728813559322,5.030605434926329,3.630205872646355,3.8981811705823812,31.08636396491431
7.525423728813559,1.423728813559322,4.5953674849801365,2.991282261709853,3.4122667956084727,15.826120227702654
7.796610169491526,1.423728813559322,4.040685449045955,2.396206779363682,2.9607448355032613,6.202674670313498
8.067796610169491,1.423728813559322,3.316892365550579,1.9299330998433528,2.4607738876862926,1.7551818144349065
8.338983050847457,1.423728813559322,2.3064527417743728,1.7071008861870414,1.7770404891025364,0.5894434643554137
8.610169491525424,1.423728813559322,1.3655771226642435,1.4793444308681643,1.1843820916226475,0.03934711693620569
8.881355932203391,1.423728813559322,0.6019637672025404,1.2526058552058166,0.6985320970003922,0.13578146199755425
9.152542372881356,1.423728813559322,0.3152283946232365,1.048948763939681,0.4528228904288776,0.7702310646217357
9.423728813559322,1.423728813559322,0.25345626327826665,0.8730639433831795,0.3410441016586442,1.7353850485180307
9.694915254237287,1.423728813559322,0.1947959846423601,0.7137830457015812,0.24564462251285327,2.9430856772912373
9.966101694915254,1.423728813559322,0.1410501086560154,0.5709502922801539,0.16611774538941249,4.295771361689763
10.237288135593221,1.423728813559322,0.10882126877878563,0.4244423259941553,0.10965146815599941,5.948204845698086
10.508474576271187,1.423728813559322,0.08146079248262413,0.297762019859479,0.06572429982975134,7.593303530401594
10.779661016949152,1.423728813559322,0.057149131741304975,0.19387994878648138,0.032929544353367,9.092034862120629
11.050847457627118,1.423728813559322,0.03806687124861104,0.11879506973446884,0.01387212746636606,10.259287958354403
11.322033898305085,1.423728813559322,0.028173987837089427,0.08383034851759891,0.010765949902340768,10.826890946770655
11.593220338983052,1.423728813559322,0.019535401870867657,0.05510210675380767,0.008049696150866441,11.304689645362787
11.864406779661017,1.423728813559322,0.01230164015619006,0.03248396062994286,0.00571955351842638,11.688125737089793
12.135593220338983,1.423728813559322,0.007312928710108093,0.018203481860136202,0.003815109029455562,11.933510109646564
12.40677966101695,1.423728813559322,0.0040874397234052775,0.009769322811918996,0.0023309810681473426,12.079633348717689
12.677966101694915,1.423728813559322,0.0017737131483557395,0.003975083081694315,0.0012172321636099933,12.180534804104763
12.94915254237288,1.423728813559322,0.00040371129613534244,0.0007573661223708361,0.00046548855933737076,12.236749677880029
13.220338983050848,1.423728813559322,0.0001934251013317937,0.0003248290271984031,0.0002786521129618725,12.244316151485881
13.491525423728813,1.423728813559322,0.00012957368715786754,0.00021088430985658535,0.00018936330507431331,12.246309802528708
13.76271186440678,1.423728813559322,7.812319278006089e-05,0.00012196448508046957,0.00011754249932250428,12.247865714481936
14.033898305084746,1.423728813559322,4.17118155369695e-05,6.193461035244364e-05,6.523804423958572e-05,12.248916168293178
14.305084745762711,1.423728813559322,2.8486692214715708e-05,4.4712566034753514e-05,4.010491702207933e-05,12.249217542589474
14.576271186440678,1.423728813559322,1.7722491157289252e-05,3.0362834824441013e-05,2.109091857707034e-05,12.249468656152457
14.847457627118644,1.423728813559322,9.462032312748411e-06,1.8840856800316086e-05,8.15445649473635e-06,12.249670287224605
15.11864406779661,1.423728813559322,5.046051220412983e-06,1.1454489970174053e-05,3.0375830921818245e-06,12.249799547245555
15.389830508474576,1.423728813559322,3.2770124397862643e-06,7.288805349004244e-06,2.0513092145858287e-06,12.249872446238431
15.661016949152541,1.423728813559322,1.8845046806064662e-06,4.071794995473292e-06,1.2599685845734644e-06,12.2499287436912
15.932203389830509,1.423728813559322,8.722710561391432e-07,1.791542804981865e-06,6.605100451147927e-07,12.249968648020971
16.203389830508474,1.423728813559322,5.014335972705959e-07,9.997680213251782e-07,3.9500645252819496e-07,12.249982504065873
16.474576271186443,1.423728813559322,3.0570069330256236e-07,5.981579302560691e-07,2.3859543057224336e-07,12.249989532238454
16.74576271186441,1.423728813559322,1.6018526305971503e-07,2.965736908167896e-07,2.2092355440561266e-07,12.249994809960958
17.016949152542374,1.423728813559322,6.133409692096704e-08,1.1341731815405792e-07,2.2092355441451473e-07,12.24999801519701
17.28813559322034,1.423728813559322,4.482090629715769e-08,6.340843543870994e-08,2.2092355441694532e-07,12.249998890352405
17.559322033898304,1.423728813559322,4.482090629748393e-08,3.032364439849324e-08,2.2092355441855336e-07,12.249999469336226
17.83050847457627,1.423728813559322,4.482090629758919e-08,1.964889177610942e-08,2.209235544190722e-07,12.249999656144393
18.101694915254235,1.423728813559322,4.482090629758919e-08,1.964889177610942e-08,2.209235544190722e-07,12.249999656144393
18.372881355932204,1.423728813559322,4.482090629758919e-08,1.964889177610942e-08,2.209235544190722e-07,12.249999656144393
18.64406779661017,1.423728813559322,4.482090629758919e-08,1.964889177610942e-08,2.209235544190722e-07,12.249999656144393
18.915254237288135,1.423728813559322,4.482090629758919e-08,1.964889177610942e-08,2.209235544190722e-07,12.249999656144393
19.186440677966104,1.423728813559322,4.482090629758919e-08,1.964889177610942e-08,2.209235544190722e-07,12.249999656144393
19.45762711864407,1.423728813559322,4.482090629758919e-08,1.964889177610942e-08,2.209235544190722e-07,12.249999656144393
19.728813559322035,1.423728813559322,4.482090629758919e-08,1.964889177610942e-08,2.209235544190722e-07,12.249999656144393
20.0,1.423728813559322,4.482090629758919e-08,1.964889177610942e-08,2.209235544190722e-07,12.249999656144393
4.0,1.4881355932203388,0.363808429519359,13.413934513190437,15.514346395885111,902.0913905451771
4.271186440677966,1.4881355932203388,0.7666889047383,20.411972265274613,15.331432044634981,2259.0943088473196
4.5423728813559325,1.4881355932203388,1.5477039450926515,32.17952702536208,15.019007257507765,5921.120524406214
4.813559322033898,1.4881355932203388,3.0411439058494034,53.012033956097845,14.45453846995957,16648.76280678373
5.084745762711864,1.4881355932203388,5.345818589625513,81.86329239488275,13.5491990537782,40464.633893902464
5.3559322033898304,1.4881355932203388,7.042072077969984,98.1139027354112,12.565503308866067,58459.868639466105
5.627118644067797,1.4881355932203388,8.350731640910004,116.5426866493125,11.107264693967894,82861.48930513603
5.898305084745763,1.4881355932203388,8.561891829079732,136.00462246432446,8.970383168000051,113240.02742977072
6.169491525423728,1.4881355932203388,8.264922558808298,112.21022538063797,7.3871784699143035,76743.16280567364
6.4406779661016955,1.4881355932203388,7.88517101944721,66.13000996797042,6.425919913140623,26187.338690334676
6.711864406779661,1.4881355932203388,6.874553184782421,28.50174428528855,5.424899325295212,4590.653395657316
6.983050847457627,1.4881355932203388,5.341355139929656,5.052806385688887,4.409802233682268,83.39371557080943
7.254237288135593,1.4881355932203388,4.962894846930494,3.5678624006936523,3.862184541781791,29.372671177132787
7.525423728813559,1.4881355932203388,4.532061639860857,2.9402116316345728,3.379867696173527,14.826574188890206
7.796610169491526,1.4881355932203388,3.9841100585964426,2.3556128321928917,2.9319421398805026,5.70747428157325
8.067796610169491,1.4881355932203388,3.269760762066702,1.8974344050211702,2.4361822793988113,1.5465061706172853
8.338983050847457,1.4881355932203388,2.2729948666757003,1.6783099637154186,1.7585851437414848,0.4841027243954855
8.610169491525424,1.4881355932203388,1.345506926472357,1.4544633474603983,1.1717090457178974,0.01853910135370052
8.881355932203391,1.4881355932203388,0.5930674364035663,1.2316985950647552,0.6908995713287722,0.17703351814485757
9.152542372881356,1.4881355932203388,0.3106058847175317,1.0317561991735027,0.4478547698960564,0.847521855294656
9.423728813559322,1.4881355932203388,0.24979752858291301,0.8590985466548772,0.33732219197685087,1.8285898889429124
9.694915254237287,1.4881355932203388,0.19203390846895757,0.7026543493564273,0.24298307014331613,3.039318477946922
9.966101694915254,1.4881355932203388,0.13908970041644814,0.5622851561448251,0.16433426356278177,4.386038497595624
10.237288135593221,1.4881355932203388,0.1073423027488439,0.41818267289816274,0.10848784891428187,6.024782898733723
10.508474576271187,1.4881355932203388,0.0803802571739713,0.29350039256652116,0.06503622861935328,7.652133632815264
10.779661016949152,1.4881355932203388,0.056410636732637624,0.1911907411369606,0.03259009694330102,9.132623901956313
11.050847457627118,1.4881355932203388,0.0375886088246923,0.11720067617858027,0.0137316318851731,10.28483815747932
11.322033898305085,1.4881355932203388,0.027830581520792798,0.08274357455093743,0.010659078269624207,10.844778064917758
11.593220338983052,1.4881355932203388,0.019304723961300226,0.05441288922695812,0.007971488377349505,11.316279204240887
11.864406779661017,1.4881355932203388,0.012161107648828643,0.032092440365665206,0.005665259303066951,11.694819323154753
12.135593220338983,1.4881355932203388,0.007230844678488614,0.017988389527049942,0.003779351195525223,11.937225571762731
12.40677966101695,1.4881355932203388,0.00404161329267482,0.00965407489265256,0.0023091491577400722,12.081636196641284
12.677966101694915,1.4881355932203388,0.0017538449841310682,0.0039282751051110225,0.0012058436066138343,12.181351631568686
12.94915254237288,1.4881355932203388,0.0003991922421966245,0.0007484668167382507,0.0004611379504914718,12.236905331973176
13.220338983050848,1.4881355932203388,0.00019126148629875736,0.000321023614080801,0.00027604328095745843,12.24438273085459
13.491525423728813,1.4881355932203388,0.00012812560161595552,0.00020841775209048082,0.00018759559994892906,12.24635296082566
13.76271186440678,1.4881355932203388,7.725143162358275e-05,0.00012054230419764601,0.0001164411598859347,12.24789060049183
14.033898305084746,1.4881355932203388,4.1248686199216734e-05,6.121093431873617e-05,6.462849114901582e-05,12.248928832066785
14.305084745762711,1.4881355932203388,2.8170497386994896e-05,4.418915062754514e-05,3.973639672815673e-05,12.249226702068272
14.576271186440678,1.4881355932203388,1.752745656137566e-05,3.0005965097477976e-05,2.0897074205383e-05,12.249474901238028
14.847457627118644,1.4881355932203388,9.360022918007944e-06,1.8618091172339742e-05,8.075670870974404e-06,12.24967418557094
15.11864406779661,1.4881355932203388,4.989024697082238e-06,1.1325856716611707e-05,3.007823717069952e-06,12.249801798309175
15.389830508474576,1.4881355932203388,3.2395789492964874e-06,7.208410896343265e-06,2.0317319342767506e-06,12.249873853134066
15.661016949152541,1.4881355932203388,1.8631885887081936e-06,4.0257138222807895e-06,1.2476248864004482e-06,12.249929550109398
15.932203389830509,1.4881355932203388,8.646006206427181e-07,1.7682809973690157e-06,6.528926470408208e-07,12.249969055102087
16.203389830508474,1.4881355932203388,4.970262206536345e-07,9.868734304733406e-07,3.90515748522568e-07,12.24998272972105
16.474576271186443,1.4881355932203388,3.039413803573406e-07,5.922942911211098e-07,2.3112226731001804e-07,12.249989634852096
16.74576271186441,1.4881355932203388,1.5863487127032268e-07,2.9302963745219476e-07,2.209235544057849e-07,12.24999487198188
17.016949152542374,1.4881355932203388,6.081744783271257e-08,1.1190159867444379e-07,2.2092355441458843e-07,12.249998041722101
17.28813559322034,1.4881355932203388,4.482090629712666e-08,6.655575369897505e-08,2.2092355441679238e-07,12.249998835274333
17.559322033898304,1.4881355932203388,4.4820906297487326e-08,2.997862937136843e-08,2.2092355441857012e-07,12.249999475373988
17.83050847457627,1.4881355932203388,4.482090629758919e-08,1.964889177610942e-08,2.209235544190722e-07,12.249999656144393
18.101694915254235,1.4881355932203388,4.482090629758919e-08,1.964889177610942e-08,2.209235544190722e-07,12.249999656144393
18.372881355932204,1.4881355932203388,4.482090629758919e-08,1.964889177610942e-08,2.209235544190722e-07,12.249999656144393
18.64406779661017,1.4881355932203388,4.482090629758919e-08,1.964889177610942e-08,2.209235544190722e-07,12.249999656144393
18.915254237288135,1.4881355932203388,4.482090629758919e-08,1.964889177610942e-08,2.209235544190722e-07,12.249999656144393
19.186440677966104,1.4881355932203388,4.482090629758919e-08,1.964889177610942e-08,2.209235544190722e-07,12.249999656144393
19.45762711864407,1.4881355932203388,4.482090629758919e-08,1.964889177610942e-08,2.209235544190722e-07,12.249999656144393
19.728813559322035,1.4881355932203388,4.482090629758919e-08,1.964889177610942e-08,2.209235544190722e-07,12.249999656144393
20.0,1.4881355932203388,4.482090629758919e-08,1.964889177610942e-08,2.209235544190722e-07,12.249999656144393
4.0,1.5525423728813559,0.37391467576845006,13.378633214873034,15.508576170726405,896.7978356028715
4.271186440677966,1.5525423728813559,0.7799363220320527,20.297579471714894,15.323894208868804,2231.990686811126
4.5423728813559325,1.5525423728813559,1.5633836109537853,31.935542170532464,15.008514817451719,5827.620847802291
4.813559322033898,1.5525423728813559,3.056524686436446,52.53103161639715,14.43904563799798,16339.88996348128
5.084745762711864,1.5525423728813559,5.352730827276573,81.01355014238051,13.526471314677455,39614.48353920833
5.3559322033898304,1.5525423728813559,7.031155531468302,96.98189276685008,12.535641848087376,57099.36390558516
5.627118644067797,1.5525423728813559,8.31526934536903,115.03264993065407,11.069277616848664,80702.3695641411
5.898305084745763,1.5525423728813559,8.501251324699725,133.99161399150438,8.925946485467367,109878.3506304506
6.169491525423728,1.5525423728813559,8.188398752556058,110.416553559451,7.341295341385822,74278.80593737905
6.4406779661016955,1.5525423728813559,7.800672721212102,65.03682976893381,6.38049164537636,25310.288144001624
6.711864406779661,1.5525423728813559,6.792376341234455,28.016589434972563,5.38202740496763,4427.767707186832
6.983050847457627,1.5525423728813559,5.272045680027625,4.964764500449252,4.3715773546696886,79.42216214789505
7.254237288135593,1.5525423728813559,4.896234077240648,3.505920606691307,3.827507364209258,27.718135010544266
7.525423728813559,1.5525423728813559,4.46974314048781,2.8895270042467534,3.34864209789572,13.866816852376923
7.796610169491526,1.5525423728813559,3.9284238419922657,2.3153647894568534,2.9041663317378252,5.236829361108685
8.067796610169491,1.5525423728813559,3.2233846666085686,1.8652461608439828,2.4124537061982334,1.352837438625407
8.338983050847457,1.5525423728813559,2.240099322922338,1.6498349350987898,1.7407711814104683,0.3901093424738533
8.610169491525424,1.5525423728813559,1.3257852394654623,1.429882806066799,1.1594701098072464,0.005581138115162013
8.881355932203391,1.5525423728813559,0.5843283796955895,1.2110603107651783,0.6835234442005629,0.22311378855094358
9.152542372881356,1.5525423728813559,0.30606419235330395,1.0147882038166447,0.44304861226606096,0.9274257994925424
9.423728813559322,1.5525423728813559,0.2462011018850801,0.8453139146324745,0.33371728826207914,1.9229790831271854
9.694915254237287,1.5525423728813559,0.1893175908814675,0.6916678769471726,0.2404020786649638,3.1358399784282853
9.966101694915254,1.5525423728813559,0.13716083670013593,0.5537289784844477,0.1626026820828143,4.476091511606101
10.237288135593221,1.5525423728813559,0.10588639243657644,0.4120001003701338,0.10735672210969707,6.100898760428908
10.508474576271187,1.5525423728813559,0.07931601174506493,0.2892900101472899,0.06436657032801578,7.7104792597412946
10.779661016949152,1.5525423728813559,0.055682892222466335,0.18853302203679156,0.03225934277751596,9.172826491845678
11.050847457627118,1.5525423728813559,0.03711705882670849,0.11562439188725038,0.013594573094107535,10.310129391968719
11.322033898305085,1.5525423728813559,0.027491804143865498,0.08166874496076604,0.010554701035364933,10.86248311258326
11.593220338983052,1.5525423728813559,0.01907703027933935,0.053730983860079934,0.007895023842556938,11.327751648864677
11.864406779661017,1.5525423728813559,0.012022335635099928,0.03170488827380654,0.005612113857721862,11.701446954836227
12.135593220338983,1.5525423728813559,0.007149760497728828,0.01777546227340457,0.003744322813768044,11.940904204334375
12.40677966101695,1.5525423728813559,0.003996321801522504,0.009540017415108732,0.002287773694702425,12.083618519812347
12.677966101694915,1.5525423728813559,0.0017342158923334785,0.0038819381292766004,0.0011946886823447878,12.182160266760405
12.94915254237288,1.5525423728813559,0.000394730380956561,0.0007396506636707974,0.00045687879059947524,12.23705953265516
13.220338983050848,1.5525423728813559,0.00018912512570840186,0.0003172502765410155,0.00027349640523141876,12.244448749208892
13.491525423728813,1.5525423728813559,0.00012669487214435874,0.0002059756291835942,0.00018586384522229713,12.24639569165153
13.76271186440678,1.5525423728813559,7.6388923337752e-05,0.00011913290996266389,0.00011536972145022675,12.247915262779715
14.033898305084746,1.5525423728813559,4.0790402958389727e-05,6.049455158891651e-05,6.403146263718271e-05,12.248941368219635
14.305084745762711,1.5525423728813559,2.7856051677392463e-05,4.3679017599172146e-05,3.936276338032862e-05,12.249235629116113
14.576271186440678,1.5525423728813559,1.7331036577867038e-05,2.9659872558919194e-05,2.0703429574336367e-05,12.249480957728393
14.847457627118644,1.5525423728813559,9.255064002517831e-06,1.84046528449644e-05,8.001558815212159e-06,12.249677920692283
15.11864406779661,1.5525423728813559,4.936333699193856e-06,1.1187910073426663e-05,2.9805978993384566e-06,12.24980421235602
15.389830508474576,1.5525423728813559,3.205778274522832e-06,7.118217673015848e-06,2.0144758736463064e-06,12.2498754315074
15.661016949152541,1.5525423728813559,1.8458022659464772e-06,3.970948665440726e-06,1.237686340323557e-06,12.249930508496906
15.932203389830509,1.5525423728813559,8.52638668971724e-07,1.7521401075889224e-06,6.48012325238043e-07,12.2499693375673
16.203389830508474,1.5525423728813559,4.884135608830586e-07,9.805361145695423e-07,3.8868631781823356e-07,12.249982840624002
16.474576271186443,1.5525423728813559,3.001357244294097e-07,5.831460436764907e-07,2.332211024840104e-07,12.249989794946359
16.74576271186441,1.5525423728813559,1.570831656644709e-07,2.8953447146034493e-07,2.2092355440595478e-07,12.24999493314727
17.016949152542374,1.5525423728813559,6.029147223126214e-08,1.1042311869396454e-07,2.2092355441466026e-07,12.249998067595497
17.28813559322034,1.5525423728813559,4.482090629718501e-08,6.063834718958862e-08,2.2092355441708e-07,12.249998938828945
17.559322033898304,1.5525423728813559,4.4820906297463033e-08,3.244295680102589e-08,2.2092355441845037e-07,12.24999943224826
17.83050847457627,1.5525423728813559,4.482090629758919e-08,1.964889177610942e-08,2.209235544190722e-07,12.249999656144393
18.101694915254235,1.5525423728813559,4.482090629758919e-08,1.964889177610942e-08,2.209235544190722e-07,12.249999656144393
18.372881355932204,1.5525423728813559,4.482090629758919e-08,1.964889177610942e-08,2.209235544190722e-07,12.249999656144393
18.64406779661017,1.5525423728813559,4.482090629758919e-08,1.964889177610942e-08,2.209235544190722e-07,12.249999656144393
18.915254237288135,1.5525423728813559,4.482090629758919e-08,1.964889177610942e-08,2.209235544190722e-07,12.249999656144393
19.186440677966104,1.5525423728813559,4.482090629758919e-08,1.964889177610942e-08,2.209235544190722e-07,12.249999656144393
19.45762711864407,1.5525423728813559,4.482090629758919e-08,1.964889177610942e-08,2.209235544190722e-07,12.249999656144393
19.728813559322035,1.5525423728813559,4.482090629758919e-08,1.964889177610942e-08,2.209235544190722e-07,12.249999656144393
20.0,1.5525423728813559,4.482090629758919e-08,1.964889177610942e-08,2.209235544190722e-07,12.249999656144393
4.0,1.6169491525423727,0.38455400884082375,13.33751501591604,15.502819821858141,890.6516547201306
4.271186440677966,1.6169491525423727,0.7938227678761097,20.174969515976535,15.316411584100264,2203.1217520365512
4.5423728813559325,1.6169491525423727,1.5798197965904568,31.679242525394354,14.998152852856029,5730.20329944781
4.813559322033898,1.6169491525423727,3.072779074154946,52.030679811096704,14.423827258712821,16021.66086333622
5.084745762711864,1.6169491525423727,5.360530410926549,80.13589928688052,13.504260467557152,38745.88647821119
5.3559322033898304,1.6169491525423727,7.020889356316039,95.81928991027723,12.506576991924403,55718.76441975612
5.627118644067797,1.6169491525423727,8.280361029411322,113.49265693194411,11.032464279192608,78529.7733628907
5.898305084745763,1.6169491525423727,8.441412500474938,131.9566667049512,8.883098116665366,106531.52013192317
6.169491525423728,1.6169491525423727,8.11291836477149,108.61444538287486,7.297143818943836,71843.3581172341
6.4406779661016955,1.6169491525423727,7.717328271023671,63.942553547680724,6.336782875511322,24447.318776653192
6.711864406779661,1.6169491525423727,6.711399083924373,27.532610978237145,5.340789335894428,4268.208478374252
6.983050847457627,1.6169491525423727,5.203835229012111,4.877204715686578,4.3348213609187125,75.56845396745611
7.254237288135593,1.6169491525423727,4.830632792565863,3.4443997939461557,3.794150823871068,26.122315734294276
7.525423728813559,1.6169491525423727,4.408417706643088,2.8392409153689937,3.3185885602215666,12.94634007795112
7.796610169491526,1.6169491525423727,3.8736292537373482,2.2754702490856213,2.877414213972656,4.79030098146275
8.067796610169491,1.6169491525423727,3.1777637024755037,1.8333724539436642,2.3895837534546227,1.173823023982209
8.338983050847457,1.6169491525423727,2.2077634495038017,1.6216771349112042,1.7235936320806695,0.30712970089025177
8.610169491525424,1.6169491525423727,1.3064092968144587,1.4056023074889272,1.147660988994736,0.00019616155750306932
8.881355932203391,1.6169491525423727,0.5757449866088917,1.190689511494449,0.6764007572538578,0.2738180037402025
9.152542372881356,1.6169491525423727,0.3016024197047931,0.9980431679199502,0.43840243809308327,1.0098080928489328
9.423728813559322,1.6169491525423727,0.24266628238444019,0.8317086524412206,0.3302279354111262,2.0184690981885827
9.694915254237287,1.6169491525423727,0.18664651244233235,0.6808224781914693,0.23790063981927748,3.2326019242166213
9.966101694915254,1.6169491525423727,0.1352631615380899,0.5452808478448437,0.16092234798561103,4.565905181630182
10.237288135593221,1.6169491525423727,0.1044532765105671,0.4058939663185342,0.10625768532222701,6.176542538761845
10.508474576271187,1.6169491525423727,0.07826787785156904,0.28513043932416526,0.06371509785789999,7.7683383582595535
10.779661016949152,1.6169491525423727,0.05496578422592584,0.18590651600546823,0.0319371792440737,9.212643674237375
11.050847457627118,1.6169491525423727,0.036652143024736836,0.11406608900677824,0.013460912426513216,10.335162646514519
11.322033898305085,1.6169491525423727,0.027157609989786984,0.08060576643346228,0.01045278643227594,10.880007147303946
11.593220338983052,1.6169491525423727,0.018852294410358288,0.053056340798443034,0.007820275244744084,11.339107631645499
11.864406779661017,1.6169491525423727,0.011885286054868742,0.031321334805571914,0.00556010242996559,11.708008053490007
12.135593220338983,1.6169491525423727,0.00706965937339937,0.01756467498008785,0.0037100313356366993,11.944546424143184
12.40677966101695,1.6169491525423727,0.003951590615913093,0.009427095725405952,0.0022668313030056583,12.085581263141744
12.677966101694915,1.6169491525423727,0.001714818791484465,0.0038360812320497413,0.0011837615458264532,12.182960550434247
12.94915254237288,1.6169491525423727,0.00039031919725671604,0.0007309292207395983,0.0004527048062832329,12.237212077746591
13.220338983050848,1.6169491525423727,0.00018701493664852723,0.0003135159145592319,0.0002709964029144569,12.244514085821638
13.491525423728813,1.6169491525423727,0.00012528622342651013,0.00020354966661068535,0.00018416719257317933,12.246438139787228
13.76271186440678,1.6169491525423727,7.554003197934159e-05,0.00011773370665874933,0.00011431632822967499,12.24793974676613
14.033898305084746,1.6169491525423727,4.033413684347313e-05,5.978975579758324e-05,6.345116730022913e-05,12.24895370161613
14.305084745762711,1.6169491525423727,2.755119098288362e-05,4.316136537193291e-05,3.9004538067541675e-05,12.249244687749135
14.576271186440678,1.6169491525423727,1.7141299190495344e-05,2.931194785928644e-05,2.051030902352818e-05,12.249487046282399
14.847457627118644,1.6169491525423727,9.150979291368584e-06,1.819292014972017e-05,7.928928607259503e-06,12.249681625966016
15.11864406779661,1.6169491525423727,4.879896111722595e-06,1.105993391977678e-05,2.9560217922520787e-06,12.249806451920914
15.389830508474576,1.6169491525423727,3.17239432207286e-06,7.030003857628099e-06,1.997577994891997e-06,12.249876975241369
15.661016949152541,1.6169491525423727,1.8220137748152384e-06,3.935213504333896e-06,1.2239520221470581e-06,12.249931133860457
15.932203389830509,1.6169491525423727,8.410360761201656e-07,1.7357754211398998e-06,6.431465406524784e-07,12.249969623948957
16.203389830508474,1.6169491525423727,4.876345670208406e-07,9.615193576871369e-07,3.819001100237815e-07,12.249983173417016
16.474576271186443,1.6169491525423727,2.9739466064277424e-07,5.757625139689172e-07,2.3061114259967885e-07,12.249989924158076
16.74576271186441,1.6169491525423727,1.5322496134177275e-07,2.927073646103119e-07,2.2092355440580056e-07,12.249994877621655
17.016949152542374,1.6169491525423727,5.975829511277995e-08,1.0897856975253001e-07,2.209235544147305e-07,12.249998092875103
17.28813559322034,1.6169491525423727,4.482090629717887e-08,6.126137575415946e-08,2.209235544170497e-07,12.249998927925946
17.559322033898304,1.6169491525423727,4.4820906297494036e-08,2.9298716504512443e-08,2.209235544186032e-07,12.249999487272463
17.83050847457627,1.6169491525423727,4.482090629758919e-08,1.964889177610942e-08,2.209235544190722e-07,12.249999656144393
18.101694915254235,1.6169491525423727,4.482090629758919e-08,1.964889177610942e-08,2.209235544190722e-07,12.249999656144393
18.372881355932204,1.6169491525423727,4.482090629758919e-08,1.964889177610942e-08,2.209235544190722e-07,12.249999656144393
18.64406779661017,1.6169491525423727,4.482090629758919e-08,1.964889177610942e-08,2.209235544190722e-07,12.249999656144393
18.915254237288135,1.6169491525423727,4.482090629758919e-08,1.964889177610942e-08,2.209235544190722e-07,12.249999656144393
19.186440677966104,1.6169491525423727,4.482090629758919e-08,1.964889177610942e-08,2.209235544190722e-07,12.249999656144393
19.45762711864407,1.6169491525423727,4.482090629758919e-08,1.964889177610942e-08,2.209235544190722e-07,12.249999656144393
19.728813559322035,1.6169491525423727,4.482090629758919e-08,1.964889177610942e-08,2.209235544190722e-07,12.249999656144393
20.0,1.6169491525423727,4.482090629758919e-08,1.964889177610942e-08,2.209235544190722e-07,12.249999656144393
4.0,1.6813559322033897,0.39574727376646524,13.290489606284568,15.497084769226243,883.6483942322584
4.271186440677966,1.6813559322033897,0.8083666344016978,20.044107573451658,15.308994412345593,2172.517170065234
4.5423728813559325,1.6813559322033897,1.5970284704325057,31.410683820399033,14.987936474552429,5629.007146049751
4.813559322033898,1.6813559322033897,3.0899220929678473,51.51121861324809,14.408906562229227,15694.588943154635
5.084745762711864,1.6813559322033897,5.369235413776924,79.23091853959023,13.482600668650745,37860.324254477055
5.3559322033898304,1.6813559322033897,7.011297986157784,94.62699900757747,12.478352151276548,54320.4583997428
5.627118644067797,1.6813559322033897,8.246044352654339,111.92401544314279,10.996874366238583,76347.23743547538
5.898305084745763,1.6813559322033897,8.382422129537341,129.9014585835699,8.841883301694072,103203.90536315579
6.169491525423728,1.6813559322033897,8.038525456967275,106.80520245129627,7.254757284652432,69439.10439874219
6.4406779661016955,1.6813559322033897,7.635175343324734,62.84785942410366,6.2948170086712985,23598.99642377753
6.711864406779661,1.6813559322033897,6.631647518430113,27.05005134650239,5.301198384679124,4112.032087988807
6.983050847457627,1.6813559322033897,5.136737039848736,4.7901598023609235,4.29953875073418,71.83239678464909
7.254237288135593,1.6813559322033897,4.766099689201286,3.383318526463406,3.7621157508967764,24.584702358831095
7.525423728813559,1.6813559322033897,4.348090284267593,2.7893653490193064,3.2897054318841374,12.064600456597121
7.796610169491526,1.6813559322033897,3.819728171481465,2.23593642073054,2.8516824886625933,4.367435621898664
8.067796610169491,1.6813559322033897,3.132897113599263,1.8018171096099735,2.3675679968435905,1.0091061848457095
8.338983050847457,1.6813559322033897,2.1759844135518938,1.5938377271903128,1.7070475952695852,0.23483165301441353
8.610169491525424,1.6813559322033897,1.287376281655524,1.3816212604147633,1.1362774771278397,0.0021111129296371455
8.881355932203391,1.6813559322033897,0.5673156444983499,1.1705846634658383,0.6695286264047801,0.3289462289817663
9.152542372881356,1.6813559322033897,0.2972196721387994,0.9815194667980393,0.4339143152858231,1.094537229181233
9.423728813559322,1.6813559322033897,0.23919237173830374,0.8182813552836591,0.32685272022129175,2.114978635066352
9.694915254237287,1.6813559322033897,0.18402016016726822,0.6701169931102081,0.2354777685161301,3.3295575234155237
9.966101694915254,1.6813559322033897,0.13339632000902,0.5369398570049039,0.15929262507674685,4.655455065166973
10.237288135593221,1.6813559322033897,0.1030427018371491,0.3998636143779631,0.10519034115848828,6.251704936531948
10.508474576271187,1.6813559322033897,0.07723567882347232,0.28102124943153356,0.06308158688267347,7.825709026398537
10.779661016949152,1.6813559322033897,0.0542591929543583,0.1833109896274974,0.03162349753136704,9.252075924757623
11.050847457627118,1.6813559322033897,0.03619379946568024,0.11252559673208035,0.013330609570940753,10.359939619188033
11.322033898305085,1.6813559322033897,0.02682794793626648,0.07955455247833733,0.010353310411050996,10.89735112425427
11.593220338983052,1.6813559322033897,0.01863048139477587,0.052388912519280705,0.007747228850196529,11.350347769381042
11.864406779661017,1.6813559322033897,0.011749954576425843,0.0309417117130839,0.005509217938605509,11.714503729544377
12.135593220338983,1.6813559322033897,0.006990545770743684,0.01735599944064664,0.0036764573876214056,11.948152701767327
12.40677966101695,1.6813559322033897,0.003907401545468827,0.009315310624361701,0.002246335253404843,12.087524407898844
12.677966101694915,1.6813559322033897,0.0016956547371436675,0.003790684069215703,0.0011730694299429128,12.183752836824425
12.94915254237288,1.6813559322033897,0.00038595923882966764,0.0007223011360615534,0.0004486154993417492,12.23736299086224
13.220338983050848,1.6813559322033897,0.00018492700964845205,0.0003098216408121605,0.0002685566130929277,12.244578721219842
13.491525423728813,1.6813559322033897,0.00012388945479770163,0.00020115635654246685,0.0001825061844524186,12.246480016659751
13.76271186440678,1.6813559322033897,7.470111760473829e-05,0.0001163487550768657,0.00011328479346049916,12.247963981392608
14.033898305084746,1.6813559322033897,3.9884303250164386e-05,5.909288809023604e-05,6.287468161307626e-05,12.248965896283227
14.305084745762711,1.6813559322033897,2.724408148128095e-05,4.2661089103414734e-05,3.864679163868802e-05,12.249253442315492
14.576271186440678,1.6813559322033897,1.6948905596271313e-05,2.8971268155784217e-05,2.0331484812564344e-05,12.24949300805311
14.847457627118644,1.6813559322033897,9.05132778859799e-06,1.79754837630589e-05,7.859979211511801e-06,12.249685431053631
15.11864406779661,1.6813559322033897,4.824994978303268e-06,1.093466927713116e-05,2.9280831323081266e-06,12.249808644034943
15.389830508474576,1.6813559322033897,3.1330393428256696e-06,6.961004496347759e-06,1.977380429384329e-06,12.249878182724158
15.661016949152541,1.6813559322033897,1.8008327836219509e-06,3.888751640511286e-06,1.216459932974816e-06,12.249931946940803
15.932203389830509,1.6813559322033897,8.335473041363894e-07,1.7132216352596198e-06,6.360655157823899e-07,12.249970018639727
16.203389830508474,1.6813559322033897,4.793732902647802e-07,9.550489665573442e-07,3.801202719323892e-07,12.249983286648783
16.474576271186443,1.6813559322033897,2.918844439582024e-07,5.754294090641621e-07,2.2622745791482517e-07,12.249989929987409
16.74576271186441,1.6813559322033897,1.5178688989639938e-07,2.889823307960149e-07,2.2092355440598162e-07,12.249994942809732
17.016949152542374,1.6813559322033897,5.921968870246137e-08,1.075651729572757e-07,2.2092355441479915e-07,12.249998117609543
17.28813559322034,1.6813559322033897,4.4820906297153456e-08,6.383802823744262e-08,2.2092355441692446e-07,12.249998882834529
17.559322033898304,1.6813559322033897,4.4820906297472927e-08,3.143938305996916e-08,2.2092355441849915e-07,12.249999449810801
17.83050847457627,1.6813559322033897,4.482090629758919e-08,1.964889177610942e-08,2.209235544190722e-07,12.249999656144393
18.101694915254235,1.6813559322033897,4.482090629758919e-08,1.964889177610942e-08,2.209235544190722e-07,12.249999656144393
18.372881355932204,1.6813559322033897,4.482090629758919e-08,1.964889177610942e-08,2.209235544190722e-07,12.249999656144393
18.64406779661017,1.6813559322033897,4.482090629758919e-08,1.964889177610942e-08,2.209235544190722e-07,12.249999656144393
18.915254237288135,1.6813559322033897,4.482090629758919e-08,1.964889177610942e-08,2.209235544190722e-07,12.249999656144393
19.186440677966104,1.6813559322033897,4.482090629758919e-08,1.964889177610942e-08,2.209235544190722e-07,12.249999656144393
19.45762711864407,1.6813559322033897,4.482090629758919e-08,1.964889177610942e-08,2.209235544190722e-07,12.249999656144393
19.728813559322035,1.6813559322033897,4.482090629758919e-08,1.964889177610942e-08,2.209235544190722e-07,12.249999656144393
20.0,1.6813559322033897,4.482090629758919e-08,1.964889177610942e-08,2.209235544190722e-07,12.249999656144393
4.0,1.7457627118644068,0.4075157198795993,13.237476266204238,15.49137871624127,875.7865272059288
4.271186440677966,1.7457627118644068,0.8235863928091426,19.90497439048961,15.301653208030743,2140.212982454227
4.5423728813559325,1.7457627118644068,1.6150253740275673,31.1299470785926,14.977881042186254,5524.18595809948
4.813559322033898,1.7457627118644068,3.107968293829538,50.97292945709471,14.394306941022021,15359.220843488049
5.084745762711864,1.7457627118644068,5.378863363662912,78.29924605725377,13.461526003096074,36959.33777608786
5.3559322033898304,1.7457627118644068,7.002405450286889,93.40598727747259,12.451010302845054,52906.885593140294
5.627118644067797,1.7457627118644068,8.21235647095601,110.32808575452158,10.962556605287064,74158.29916340252
5.898305084745763,1.7457627118644068,8.324325815386754,127.82768907831503,8.80234586921615,99899.75353551935
6.169491525423728,1.7457627118644068,7.965262455626682,104.99012104326317,7.214167749417933,67068.20736098695
6.4406779661016955,1.7457627118644068,7.554249859732837,61.75341588827542,6.254616283687623,22765.842558644596
6.711864406779661,1.7457627118644068,6.553146170530725,26.569147135418756,5.263266958304836,3959.2872970272388
6.983050847457627,1.7457627118644068,5.070763219523808,4.703661404463871,4.2657335105036385,68.2136167209012
7.254237288135593,1.7457627118644068,4.702642513678165,3.322694626503166,3.7314026507083353,23.104716417400933
7.525423728813559,1.7457627118644068,4.288765065111975,2.7399117393255636,3.2619908776484636,11.221021682390358
7.796610169491526,1.7457627118644068,3.7667219129876313,2.196770129655308,2.826967778117362,3.9677664969433546
8.067796610169491,1.7457627118644068,3.0887837806213687,1.7705836946181408,2.3464020177868323,0.8583267169801969
8.338983050847457,1.7457627118644068,2.144759219523425,1.5663177092047909,1.691128248154731,0.17288487746955877
8.610169491525424,1.7457627118644068,1.2686833316663255,1.3579389803802444,1.1253154632019768,0.011057058571584108
8.881355932203391,1.7457627118644068,0.5590387389008049,1.1507441951942892,0.6629042392181554,0.3883028514333911
9.152542372881356,1.7457627118644068,0.2929150578924567,0.9652154597730275,0.4295823642450878,1.1814849776273735
9.423728813559322,1.7457627118644068,0.23577867472063416,0.8050306179150492,0.32359026114432243,2.2124285351159254
9.694915254237287,1.7457627118644068,0.18143802155151048,0.659550266091148,0.23313250618760595,3.42666130278556
9.966101694915254,1.7457627118644068,0.13155996313132123,0.5287050860204681,0.15771289457255228,4.744717669541249
10.237288135593221,1.7457627118644068,0.1016544167962426,0.3939083909737463,0.1041543016911164,6.326377035956472
10.508474576271187,1.7457627118644068,0.07621923681092287,0.2769620128971888,0.06246582337145492,7.882589502974586
10.779661016949152,1.7457627118644068,0.053563014572697444,0.18074614824935817,0.03131819834665967,9.291124718804848
11.050847457627118,1.7457627118644068,0.035741954356307275,0.1110027940459241,0.013203621166460108,10.384461230983836
11.322033898305085,1.7457627118644068,0.026502780899530058,0.07851498624151128,0.010256242318115089,10.914516509926704
11.593220338983052,1.7457627118644068,0.018411567627369965,0.05172863072460491,0.007675864076354825,11.361473032548426
11.864406779661017,1.7457627118644068,0.011616314493199949,0.030566026796326876,0.005459443308699953,11.72093379352749
12.135593220338983,1.7457627118644068,0.006912391262001579,0.017149455275992417,0.0036436007927295715,11.951722681521778
12.40677966101695,1.7457627118644068,0.0038637444725676015,0.009204674402983028,0.002226270816724961,12.0894477356407
12.677966101694915,1.7457627118644068,0.0016767308887292644,0.0037457378801322456,0.00116259416685411,12.18453727804935
12.94915254237288,1.7457627118644068,0.0003816542382058103,0.0007137543584438742,0.0004446146995425395,12.237512482760257
13.220338983050848,1.7457627118644068,0.00018286734093329312,0.0003061620675848917,0.0002661600080531881,12.244642749662336
13.491525423728813,1.7457627118644068,0.00012251131882822232,0.0001987828586513926,0.0001808824780498728,12.246521546940006
13.76271186440678,1.7457627118644068,7.386715268307246e-05,0.00011498550253409407,0.00011227519351951362,12.24798783634106
14.033898305084746,1.7457627118644068,3.944494898657459e-05,5.83927259121089e-05,6.231742447647137e-05,12.248978148607224
14.305084745762711,1.7457627118644068,2.6942191897284718e-05,4.215845631083161e-05,3.8307104915189964e-05,12.249262238122904
14.576271186440678,1.7457627118644068,1.6763297928303137e-05,2.8630206833526965e-05,2.0146232249186266e-05,12.249498976503464
14.847457627118644,1.7457627118644068,8.95102694024628e-06,1.776967151856524e-05,7.7855966316769e-06,12.24968903272193
15.11864406779661,1.7457627118644068,4.773877622645775e-06,1.0801601678761075e-05,2.9023694709026186e-06,12.249810972699835
15.389830508474576,1.7457627118644068,3.100211367400467e-06,6.87421606189373e-06,1.961008654174393e-06,12.249879701514255
15.661016949152541,1.7457627118644068,1.784432190873471e-06,3.837888676148348e-06,1.203058821479576e-06,12.249932837040221
15.932203389830509,1.7457627118644068,8.223951643138868e-07,1.6968207247692546e-06,6.313578909860055e-07,12.249970305655308
16.203389830508474,1.7457627118644068,4.751805668411461e-07,9.431415026594338e-07,3.7621636539122547e-07,12.249983495029259
16.474576271186443,1.7457627118644068,2.9174383886203347e-07,5.615332145477392e-07,2.2576076713893112e-07,12.249990173170712
16.74576271186441,1.7457627118644068,1.5034576442963846e-07,2.853244517475445e-07,2.2092355440615942e-07,12.249995006822598
17.016949152542374,1.7457627118644068,5.8677140756418926e-08,1.0618057458416766e-07,2.2092355441486646e-07,12.249998141840013
17.28813559322034,1.7457627118644068,4.482090629720384e-08,5.8728627726879735e-08,2.209235544171728e-07,12.249998972249035
17.559322033898304,1.7457627118644068,4.482090629750061e-08,2.8632132054365126e-08,2.2092355441863558e-07,12.249999498937692
17.83050847457627,1.7457627118644068,4.482090629758919e-08,1.964889177610942e-08,2.209235544190722e-07,12.249999656144393
18.101694915254235,1.7457627118644068,4.482090629758919e-08,1.964889177610942e-08,2.209235544190722e-07,12.249999656144393
18.372881355932204,1.7457627118644068,4.482090629758919e-08,1.964889177610942e-08,2.209235544190722e-07,12.249999656144393
18.64406779661017,1.7457627118644068,4.482090629758919e-08,1.964889177610942e-08,2.209235544190722e-07,12.249999656144393
18.915254237288135,1.7457627118644068,4.482090629758919e-08,1.964889177610942e-08,2.209235544190722e-07,12.249999656144393
19.186440677966104,1.7457627118644068,4.482090629758919e-08,1.964889177610942e-08,2.209235544190722e-07,12.249999656144393
19.45762711864407,1.7457627118644068,4.482090629758919e-08,1.964889177610942e-08,2.209235544190722e-07,12.249999656144393
19.728813559322035,1.7457627118644068,4.482090629758919e-08,1.964889177610942e-08,2.209235544190722e-07,12.249999656144393
20.0,1.7457627118644068,4.482090629758919e-08,1.964889177610942e-08,2.209235544190722e-07,12.249999656144393
4.0,1.8101694915254236,0.4198809577989433,13.178404567198267,15.485709638040703,867.0675884287311
4.271186440677966,1.8101694915254236,0.8395005448319285,19.75756693921437,15.29439873669797,2106.251649548353
4.5423728813559325,1.8101694915254236,1.6338259713931877,30.837139187849917,14.968002126852019,5415.9072722803085
4.813559322033898,1.8101694915254236,3.1269317031461896,50.416135404718,14.380051886318567,15016.134562585308
5.084745762711864,1.8101694915254236,5.389431186478509,77.34157882014894,13.441070388534918,36044.52121060558
5.3559322033898304,1.8101694915254236,6.994235305572551,92.15728252356902,12.424593869881116,51480.52706914329
5.627118644067797,1.8101694915254236,8.179333943882428,108.70627750207427,10.929558647830223,71966.48244595104
5.898305084745763,1.8101694915254236,8.267167906284389,125.73707525784951,8.764528170605827,96623.17677297583
6.169491525423728,1.8101694915254236,7.8931701031802035,103.17048970350744,7.175405840613773,64732.7035905732
6.4406779661016955,1.8101694915254236,7.47458596914442,60.65988083151727,6.216201788345992,21948.33422603518
6.711864406779661,1.8101694915254236,6.475917993142161,26.090128878900913,5.227006635591887,3810.0154003546054
6.983050847457627,1.8101694915254236,5.005924749121411,4.617740026879887,4.233409149798686,64.7115680036561
7.254237288135593,1.8101694915254236,4.640268084225174,3.262545173290489,3.7020117354930804,21.68171576592311
7.525423728813559,1.8101694915254236,4.230445507140481,2.690890973496031,3.2354429043435142,10.414996909084564
7.796610169491526,1.8101694915254236,3.714611252837714,2.15797782058801,2.8032666465269354,3.590814853145933
8.067796610169491,1.8101694915254236,3.0454222322488222,1.7396755212145727,2.3260814207293015,0.721121623202448
8.338983050847457,1.8101694915254236,2.1140847159143927,1.5391179149755394,1.675830856278694,0.12096121416963397
8.610169491525424,1.8101694915254236,1.2503275420147233,1.3345546940927133,1.1147709337950018,0.026769300408114507
8.881355932203391,1.8101694915254236,0.5509126533531237,1.1311664982492258,0.656524860271637,0.4516965728973968
9.152542372881356,1.8101694915254236,0.28868768855746857,0.9491294920834469,0.42540475652515347,1.2705263431808156
9.423728813559322,1.8101694915254236,0.2324245015276146,0.7919550232158858,0.32043921466546355,2.310741836202461
9.694915254237287,1.8101694915254236,0.178899587690431,0.6491211404590204,0.2308639189567817,3.523869135659763
9.966101694915254,1.8101694915254236,0.12975374123968758,0.5205756312078511,0.15618254946380508,4.833670127659182
10.237288135593221,1.8101694915254236,0.10028816649837632,0.3880276575809287,0.10314919175304277,6.400550136382136
10.508474576271187,1.8101694915254236,0.07521838064263067,0.272952289890836,0.06186759491380486,7.938978380389438
10.779661016949152,1.8101694915254236,0.05287712974671201,0.17821175388015792,0.031021181760957077,9.329790739728747
11.050847457627118,1.8101694915254236,0.03529654118918655,0.10949751727691087,0.013079913796529749,10.408729111965355
11.322033898305085,1.8101694915254236,0.02618205842953508,0.07748698332393288,0.010161558581404686,10.931504245485193
11.593220338983052,1.8101694915254236,0.01819553085292389,0.05107542529872768,0.007606163455525453,11.372484426456298
11.864406779661017,1.8101694915254236,0.011484359915667736,0.030194214227403385,0.005410771065973409,11.7272993171005
12.135593220338983,1.8101694915254236,0.00683519146641517,0.016945028142381618,0.0036114473632401487,11.955256594875483
12.40677966101695,1.8101694915254236,0.003820628273889505,0.009095143519329246,0.0022066391808618175,12.091351998634469
12.677966101694915,1.8101694915254236,0.0016580323129545536,0.003701257126592616,0.0011523458761861472,12.18531362093661
12.94915254237288,1.8101694915254236,0.0003774045409986455,0.0007052903700869842,0.00044069671802137177,12.237660527489137
13.220338983050848,1.8101694915254236,0.00018083203883132362,0.0003025387385669198,0.0002638190932805039,12.244706144135627
13.491525423728813,1.8101694915254236,0.00012114860689478491,0.00019643835263138796,0.0001792855044388523,12.246562570004112
13.76271186440678,1.8101694915254236,7.304819828004276e-05,0.00011362828766028802,0.00011128662007135774,12.248011585662116
14.033898305084746,1.8101694915254236,3.90056753981624e-05,5.7709407796711695e-05,6.176493329676034e-05,12.248990106178404
14.305084745762711,1.8101694915254236,2.6644031327162033e-05,4.166134030754948e-05,3.7974452564010436e-05,12.249270937392536
14.576271186440678,1.8101694915254236,1.6575617689587497e-05,2.8296233519985722e-05,1.9974419276472694e-05,12.249504820917627
14.847457627118644,1.8101694915254236,8.85353475313935e-06,1.7557025709725237e-05,7.719445329946017e-06,12.249692753976634
15.11864406779661,1.8101694915254236,4.7202718124093864e-06,1.0678686162006401e-05,2.875687338865247e-06,12.249813123704877
15.389830508474576,1.8101694915254236,3.0676469333721375e-06,6.78883451404491e-06,1.9448993136485174e-06,12.249881195684052
15.661016949152541,1.8101694915254236,1.7612630867651383e-06,3.800636883479692e-06,1.1940593127476327e-06,12.249933488944817
15.932203389830509,1.8101694915254236,8.172895354872529e-07,1.6676669636136542e-06,6.263560629443255e-07,12.249970815845515
16.203389830508474,1.8101694915254236,4.697120440898592e-07,9.294356385701263e-07,3.761631810792791e-07,12.249983734881718
16.474576271186443,1.8101694915254236,2.8574855814523935e-07,5.593849641639542e-07,2.253678182862794e-07,12.24999021076508
16.74576271186441,1.8101694915254236,1.489037940017051e-07,2.817298603981334e-07,2.2092355440633412e-07,12.24999506972794
17.016949152542374,1.8101694915254236,5.813190760504309e-08,1.0482276545420818e-07,2.2092355441493245e-07,12.24999816560167
17.28813559322034,1.8101694915254236,4.4820906297199414e-08,5.9177245270032624e-08,2.20923554417151e-07,12.249998964398225
17.559322033898304,1.8101694915254236,4.482090629750385e-08,2.830377792359059e-08,2.2092355441865156e-07,12.249999504683887
17.83050847457627,1.8101694915254236,4.482090629758919e-08,1.964889177610942e-08,2.209235544190722e-07,12.249999656144393
18.101694915254235,1.8101694915254236,4.482090629758919e-08,1.964889177610942e-08,2.209235544190722e-07,12.249999656144393
18.372881355932204,1.8101694915254236,4.482090629758919e-08,1.964889177610942e-08,2.209235544190722e-07,12.249999656144393
18.64406779661017,1.8101694915254236,4.482090629758919e-08,1.964889177610942e-08,2.209235544190722e-07,12.249999656144393
18.915254237288135,1.8101694915254236,4.482090629758919e-08,1.964889177610942e-08,2.209235544190722e-07,12.249999656144393
19.186440677966104,1.8101694915254236,4.482090629758919e-08,1.964889177610942e-08,2.209235544190722e-07,12.249999656144393
19.45762711864407,1.8101694915254236,4.482090629758919e-08,1.964889177610942e-08,2.209235544190722e-07,12.249999656144393
19.728813559322035,1.8101694915254236,4.482090629758919e-08,1.964889177610942e-08,2.209235544190722e-07,12.249999656144393
20.0,1.8101694915254236,4.482090629758919e-08,1.964889177610942e-08,2.209235544190722e-07,12.249999656144393
4.0,1.8745762711864407,0.43286491050548354,13.113215059129223,15.480085767677755,857.4962938838223
4.271186440677966,1.8745762711864407,0.8561275699273142,19.601899026773975,15.287241991391388,2070.6820511304713
4.5423728813559325,1.8745762711864407,1.6534453955907609,30.532393379405836,14.958315471006333,5304.352150077806
4.813559322033898,1.8745762711864407,3.1468257696933697,49.84120124071081,14.366164921472343,14665.937360269014
5.084745762711864,1.8745762711864407,5.400955148731514,76.35867175288944,13.421267476152583,35117.5154434839
5.3559322033898304,1.8745762711864407,6.986810567924212,90.88197107921006,12.399144601892205,50043.89467637865
5.627118644067797,1.8745762711864407,8.147012643296238,107.06004632732903,10.897926953284541,69775.28368683321
5.898305084745763,1.8745762711864407,8.210991414296457,123.63134794753253,8.728471017694392,93378.14013169227
6.169491525423728,1.8745762711864407,7.822287414968573,101.34758690830432,7.138500792695374,62434.50080495652
6.4406779661016955,1.8745762711864407,7.396216033123613,59.56790063441873,6.179593476495002,21146.90415134756
6.711864406779661,1.8745762711864407,6.399984376643908,25.6132208462037,5.192428199311305,3664.250398418959
6.983050847457627,1.8745762711864407,4.94223150583824,4.532425026034326,4.20256873628586,61.32554089828841
7.254237288135593,1.8745762711864407,4.578982312825644,3.2028865036450807,3.6739429550194567,20.314998406409895
7.525423728813559,1.8745762711864407,4.173134355000029,2.642313395596012,3.2100593867812113,9.645891080483086
7.796610169491526,1.8745762711864407,3.663396440643256,2.119565562250275,2.780575620137024,3.236091239853465
8.067796610169491,1.8745762711864407,3.0028106588986643,1.7090956523559868,2.3066018461365023,0.597125764408582
8.338983050847457,1.8745762711864407,2.0839576038271437,1.512239019755225,1.6611507803143377,0.07873498472258617
8.610169491525424,1.8745762711864407,1.2323059660229398,1.3114675435440855,1.104639978419185,0.04898747403823993
8.881355932203391,1.8745762711864407,0.5429357706588593,1.1118499291453612,0.650387831140879,0.5189403958345833
9.152542372881356,1.8745762711864407,0.2845366801945306,0.9332598948985374,0.421379713729615,1.3615395356882762
9.423728813559322,1.8745762711864407,0.2291291638225554,0.7790531545590011,0.31739827552405325,2.409843655394547
9.694915254237287,1.8745762711864407,0.17640435520707767,0.6388284534018193,0.2286710958590019,3.621138270941664
9.966101694915254,1.8745762711864407,0.12797730775381685,0.5125505826850449,0.15470100367821232,4.922290426829081
10.237288135593221,1.8745762711864407,0.09894370395871945,0.38222076462348437,0.10217463989633097,6.47421607477253
10.508474576271187,1.8745762711864407,0.07423293592176737,0.26899165901083527,0.061286692998070075,7.9948741711691405
10.779661016949152,1.8745762711864407,0.05220143053533362,0.17570753209626647,0.030732352878395437,9.368075293536338
11.050847457627118,1.8745762711864407,0.03485749631440599,0.10800961459910992,0.012959446803128083,10.432744724802127
11.322033898305085,1.8745762711864407,0.025865736202789938,0.07647045220050668,0.010069229766898636,10.948315399364567
11.593220338983052,1.8745762711864407,0.01798233866752162,0.05042925861519053,0.007538104341445449,11.383382412512152
11.864406779661017,1.8745762711864407,0.01135406568704888,0.029826279284048723,0.005363185174167181,11.73360015587871
12.135593220338983,1.8745762711864407,0.006758957167434923,0.01674264819385601,0.0035799922675047923,11.958755633285914
12.40677966101695,1.8745762711864407,0.0037780349947361775,0.0089867433705783,0.002187430349279742,12.09323675074243
12.677966101694915,1.8745762711864407,0.001639560666789284,0.003657226302143275,0.0011423245393432791,12.186082135363899
12.94915254237288,1.8745762711864407,0.0003732035346723062,0.0006969161841020437,0.00043686546364691056,12.237807002354263
13.220338983050848,1.8745762711864407,0.0001788219727543327,0.0002989531873721564,0.00026152398670804995,12.244768877802288
13.491525423728813,1.8745762711864407,0.00011980188046187718,0.0001941165275012079,0.00017772791166135042,12.246603196276391
13.76271186440678,1.8745762711864407,7.223636136447029e-05,0.00011228808940557045,0.00011032226388263795,12.248035037239244
14.033898305084746,1.8745762711864407,3.8573351810478324e-05,5.70273949408746e-05,6.123475241047753e-05,12.249002040914306
14.305084745762711,1.8745762711864407,2.634793788158575e-05,4.117551989903647e-05,3.763911961661537e-05,12.249279438998162
14.576271186440678,1.8745762711864407,1.639439332752453e-05,2.7962406889625245e-05,1.9797183483381558e-05,12.249510662766282
14.847457627118644,1.8745762711864407,8.752172552229585e-06,1.7360213148229647e-05,7.650729973702188e-06,12.249696198153512
15.11864406779661,1.8745762711864407,4.6701702816807204e-06,1.0548829241385573e-05,2.851065540830627e-06,12.249815396183758
15.389830508474576,1.8745762711864407,3.0337033578825843e-06,6.714415674605934e-06,1.924343543253044e-06,12.249882498007464
15.661016949152541,1.8745762711864407,1.7450186865372754e-06,3.7511126220107813e-06,1.1813709229109712e-06,12.249934355617052
15.932203389830509,1.8745762711864407,8.064370438066524e-07,1.651618432626901e-06,6.217338484521687e-07,12.249971096694475
16.203389830508474,1.8745762711864407,4.6534695462203393e-07,9.17683216014935e-07,3.721832039971871e-07,12.249983940548981
16.474576271186443,1.8745762711864407,2.8382058412508994e-07,5.535942430613728e-07,2.2092355439312048e-07,12.249990312102657
16.74576271186441,1.8745762711864407,1.474426833959746e-07,2.78157086047776e-07,2.2092355440650776e-07,12.249995132251476
17.016949152542374,1.8745762711864407,5.75850557714719e-08,1.0349001799902715e-07,2.2092355441499722e-07,12.249998188924753
17.28813559322034,1.8745762711864407,4.482090629717834e-08,6.131464903283523e-08,2.209235544170471e-07,12.24999892699366
17.559322033898304,1.8745762711864407,4.482090629748557e-08,3.0157031069992374e-08,2.2092355441856146e-07,12.24999947225196
17.83050847457627,1.8745762711864407,4.482090629758919e-08,1.964889177610942e-08,2.209235544190722e-07,12.249999656144393
18.101694915254235,1.8745762711864407,4.482090629758919e-08,1.964889177610942e-08,2.209235544190722e-07,12.249999656144393
18.372881355932204,1.8745762711864407,4.482090629758919e-08,1.964889177610942e-08,2.209235544190722e-07,12.249999656144393
18.64406779661017,1.8745762711864407,4.482090629758919e-08,1.964889177610942e-08,2.209235544190722e-07,12.249999656144393
18.915254237288135,1.8745762711864407,4.482090629758919e-08,1.964889177610942e-08,2.209235544190722e-07,12.249999656144393
19.186440677966104,1.8745762711864407,4.482090629758919e-08,1.964889177610942e-08,2.209235544190722e-07,12.249999656144393
19.45762711864407,1.8745762711864407,4.482090629758919e-08,1.964889177610942e-08,2.209235544190722e-07,12.249999656144393
19.728813559322035,1.8745762711864407,4.482090629758919e-08,1.964889177610942e-08,2.209235544190722e-07,12.249999656144393
20.0,1.8745762711864407,4.482090629758919e-08,1.964889177610942e-08,2.209235544190722e-07,12.249999656144393
4.0,1.9389830508474575,0.4464897583298773,13.041859937692442,15.474515580187951,847.0806425553014
4.271186440677966,1.9389830508474575,0.8734858681678399,19.438001852701877,15.28019416672988,2033.559442737977
4.5423728813559325,1.9389830508474575,1.6738983925952189,30.21586960547194,14.948836945754373,5189.714631997261
4.813559322033898,1.9389830508474575,3.1676633101172875,49.24853338792089,14.352669532547228,14309.263421093623
5.084745762711864,1.9389830508474575,5.4134507993978795,75.35133658591903,13.402150549572998,34180.00114277429
5.3559322033898304,1.9389830508474575,6.980153643544558,89.58119549551743,12.374703453820834,48599.52024386664
5.627118644067797,1.9389830508474575,8.115427663460627,105.39089036742364,10.867706674720699,67588.15799630948
5.898305084745763,1.9389830508474575,8.155837939215232,121.5122478783993,8.694213624103527,90168.45056501271
6.169491525423728,1.9389830508474575,7.752651641887219,99.52267881754733,7.103480440532712,60175.375614572185
6.4406779661016955,1.9389830508474575,7.319170616543957,58.47810931213601,6.14481018676689,20361.94101655092
6.711864406779661,1.9389830508474575,6.325365162956263,25.138640860486902,5.159541668722624,3522.0191868948646
6.983050847457627,1.9389830508474575,4.879692286620113,4.4477446033149635,4.173214930273762,58.05466979397177
7.254237288135593,1.9389830508474575,4.51879022924529,3.1437342136957285,3.6471960267753594,19.003806300081624
7.525423728813559,1.9389830508474575,4.116833661517497,2.5941888111967772,3.1858380927354117,8.913043229922325
7.796610169491526,1.9389830508474575,3.6130772181819473,2.0815390526667175,2.758891207043411,2.9030967519365425
8.067796610169491,1.9389830508474575,2.9609469250439835,1.6788469061685736,2.2879589858787894,0.48597248174865826
8.338983050847457,1.9389830508474575,2.054374444331007,1.4856815433953852,1.6470834858880266,0.04588329299134554
8.610169491525424,1.9389830508474575,1.21461562234531,1.2886765856564242,1.0949187930160513,0.07745564113194651
8.881355932203391,1.9389830508474575,0.5351064750470578,1.0927928099833037,0.6444905700490949,0.5898516099872154
9.152542372881356,1.9389830508474575,0.2804611516148088,0.9176049889673202,0.4175055109552149,1.4544059166826195
9.423728813559322,1.9389830508474575,0.22589197998101582,0.7663235843386957,0.3144661732941589,2.5096612485334866
9.694915254237287,1.9389830508474575,0.17395182203862697,0.6286710469906941,0.22655315282384314,3.7184272109401992
9.966101694915254,1.9389830508474575,0.12623031851246305,0.5046290385150193,0.15326768129667748,5.010557241690867
10.237288135593221,1.9389830508474575,0.09762078044808177,0.37648706693756234,0.10123029108546165,6.54736702591296
10.508474576271187,1.9389830508474575,0.07326273119602043,0.2650796946563844,0.06072291529814083,8.050275621757782
10.779661016949152,1.9389830508474575,0.05153580323620583,0.17323323932990434,0.030451615304805384,9.405979281781248
11.050847457627118,1.9389830508474575,0.034424746144710895,0.10653895662108756,0.012842185097023695,10.456509192117903
11.322033898305085,1.9389830508474575,0.025553768082904542,0.075465314570959,0.009979226701507362,10.964950830653802
11.593220338983052,1.9389830508474575,0.017771961357684277,0.04979007001777632,0.0074716747246955035,11.394167843891257
11.864406779661017,1.9389830508474575,0.011225425200755331,0.029462159781766792,0.005316678155927069,11.739837321687867
12.135593220338983,1.9389830508474575,0.006683656961094315,0.016542350649870127,0.003549231780740525,11.962219172158665
12.40677966101695,1.9389830508474575,0.0037359781620683427,0.008879421757162128,0.002168642313400491,12.095102895066795
12.677966101694915,1.9389830508474575,0.001621317411655888,0.0036136459597058243,0.0011325167710201753,12.186842810937158
12.94915254237288,1.9389830508474575,0.00036905390096308055,0.000688627262506879,0.00043311762210780446,12.237951986703044
13.220338983050848,1.9389830508474575,0.00017683577281137544,0.00029540321736868215,0.00025928292640001605,12.244830989090175
13.491525423728813,1.9389830508474575,0.00011847308017324021,0.00019181457291956257,0.00017620618645225756,12.246643474929094
13.76271186440678,1.9389830508474575,7.143694914250038e-05,0.00011095843300905463,0.00010937563461205624,12.248058304370927
14.033898305084746,1.9389830508474575,3.8147228420638496e-05,5.6353419291558105e-05,6.0708909336707254e-05,12.249013835010565
14.305084745762711,1.9389830508474575,2.605688414696349e-05,4.068845833211834e-05,3.732037618932228e-05,12.249287962326374
14.576271186440678,1.9389830508474575,1.6212019546839116e-05,2.7636248755982868e-05,1.9626947582865098e-05,12.249516370420283
14.847457627118644,1.9389830508474575,8.656986966350954e-06,1.7151974198846612e-05,7.587223195718378e-06,12.249699842290203
15.11864406779661,1.9389830508474575,4.6170879139436564e-06,1.042654755352859e-05,2.8285393154478044e-06,12.249817536097266
15.389830508474576,1.9389830508474575,2.9984735817153964e-06,6.637243001163718e-06,1.9107300356192365e-06,12.249883848522806
15.661016949152541,1.9389830508474575,1.724706740932866e-06,3.7064464488481253e-06,1.174056348334752e-06,12.249935137273004
15.932203389830509,1.9389830508474575,7.991428923020241e-07,1.6308307005066368e-06,6.153995551411706e-07,12.24997146047936
16.203389830508474,1.9389830508474575,4.585823259830783e-07,9.122155718635279e-07,3.666995358347617e-07,12.24998403623269
16.474576271186443,1.9389830508474575,2.803618189672262e-07,5.453498279054014e-07,2.209235543935212e-07,12.249990456379868
16.74576271186441,1.9389830508474575,1.458663335926354e-07,2.744196115735267e-07,2.2092355440668942e-07,12.249995197657267
17.016949152542374,1.9389830508474575,5.703749493628541e-08,1.0218083664780335e-07,2.2092355441506086e-07,12.249998211835422
17.28813559322034,1.9389830508474575,4.482090629721487e-08,5.7609457941820884e-08,2.209235544172272e-07,12.249998991834506
17.559322033898304,1.9389830508474575,4.482090629751022e-08,2.765682660279023e-08,2.2092355441868298e-07,12.249999516005538
17.83050847457627,1.9389830508474575,4.482090629758919e-08,1.964889177610942e-08,2.209235544190722e-07,12.249999656144393
18.101694915254235,1.9389830508474575,4.482090629758919e-08,1.964889177610942e-08,2.209235544190722e-07,12.249999656144393
18.372881355932204,1.9389830508474575,4.482090629758919e-08,1.964889177610942e-08,2.209235544190722e-07,12.249999656144393
18.64406779661017,1.9389830508474575,4.482090629758919e-08,1.964889177610942e-08,2.209235544190722e-07,12.249999656144393
18.915254237288135,1.9389830508474575,4.482090629758919e-08,1.964889177610942e-08,2.209235544190722e-07,12.249999656144393
19.186440677966104,1.9389830508474575,4.482090629758919e-08,1.964889177610942e-08,2.209235544190722e-07,12.249999656144393
19.45762711864407,1.9389830508474575,4.482090629758919e-08,1.964889177610942e-08,2.209235544190722e-07,12.249999656144393
19.728813559322035,1.9389830508474575,4.482090629758919e-08,1.964889177610942e-08,2.209235544190722e-07,12.249999656144393
20.0,1.9389830508474575,4.482090629758919e-08,1.964889177610942e-08,2.209235544190722e-07,12.249999656144393
4.0,2.0033898305084747,0.4607778777029198,12.964303686591391,15.469007774499605,835.8319984731951
4.271186440677966,2.0033898305084747,0.8915936988435466,19.265924508116733,15.273266630695142,1994.9453658107886
4.5423728813559325,2.0033898305084747,1.6951992625627748,29.887754809160295,14.939582505632076,5072.201087917721
4.813559322033898,2.0033898305084747,3.18945645316475,48.638579638345355,14.339589096385005,13946.771289051854
5.084745762711864,2.0033898305084747,5.426932911263313,74.3204404573556,13.383752422053222,33233.69147809214
5.3559322033898304,2.0033898305084747,6.974286260252296,88.25615198091093,12.351310465218193,47149.94460581935
5.627118644067797,2.0033898305084747,8.084613232996539,103.70034659199158,10.83894154698247,65408.50570526001
5.898305084745763,2.0033898305084747,8.101747597451057,119.38152186250998,8.66179355013903,86997.74688121199
6.169491525423728,2.0033898305084747,7.684298238846771,97.69701711807885,7.0703712152102405,57956.971911497305
6.4406779661016955,2.0033898305084747,7.243478483066577,57.391127719210196,6.111869662608763,19593.789895430673
6.711864406779661,2.0033898305084747,6.252078662772281,24.66660013929265,5.128356332338984,3383.34176276083
6.983050847457627,2.0033898305084747,4.818314832967934,4.363725801387887,4.145350018715121,54.897941411326705
7.254237288135593,2.0033898305084747,4.459696005215473,3.0851031620594545,3.6217704657011054,17.747329167392323
7.525423728813559,2.0033898305084747,4.061544809417017,2.5465264926338347,3.1627767076109286,8.215768739445267
7.796610169491526,2.0033898305084747,3.56365283722721,2.0439036244373554,2.7382099168623464,2.5913242347722685
8.067796610169491,2.0033898305084747,2.9198285844057996,1.6489318596424036,2.27014859778719,0.38729419215640865
8.338983050847457,2.0033898305084747,2.025331666198335,1.4594458549236826,1.6336245503894875,0.02208631042254707
8.610169491525424,2.0033898305084747,1.197253496019297,1.2661807974457762,1.0856036830740239,0.11192236857655227
8.881355932203391,2.0033898305084747,0.5274231511673956,1.07399343064638,0.6388305762721864,0.6642517703857284
9.152542372881356,2.0033898305084747,0.27646022689453326,0.9021630802272909,0.4137804765537942,1.5490099918048672
9.423728813559322,2.0033898305084747,0.22271227142298575,0.7537648836129897,0.3116416761074569,2.6101239103233294
9.694915254237287,2.0033898305084747,0.17154148975481567,0.618647762428601,0.22450923068224304,3.8156957447364483
9.966101694915254,2.0033898305084747,0.12451243456011524,0.4968100861912358,0.15188202527450376,5.098450127536766
10.237288135593221,2.0033898305084747,0.09631915286324762,0.37082592083873495,0.10031579101904861,6.619995532608984
10.508474576271187,2.0033898305084747,0.07230759635359733,0.26121597261442503,0.06017606441608139,8.105181631428186
10.779661016949152,2.0033898305084747,0.05088013733310669,0.17078861573386875,0.030178878382679186,9.443503920059115
11.050847457627118,2.0033898305084747,0.03399822395067263,0.10508539794166494,0.012728092623134452,10.480023916399352
11.322033898305085,2.0033898305084747,0.02524611327340624,0.07447144897311056,0.00989152987943294,10.98141212242153
11.593220338983052,2.0033898305084747,0.01756437368984715,0.04915781102934068,0.007406851601802382,11.404841371894012
11.864406779661017,2.0033898305084747,0.011098414376602445,0.02910185810182271,0.005271234793570148,11.746010721624216
12.135593220338983,2.0033898305084747,0.006609298275418505,0.016344090883641894,0.003519152450368467,11.965647967703843
12.40677966101695,2.0033898305084747,0.0036944275624057692,0.008773221982352268,0.0021502764137917387,12.096949674208531
12.677966101694915,2.0033898305084747,0.0016033021396972356,0.00357050080121734,0.0011229282851423646,12.187595913953517
12.94915254237288,2.0033898305084747,0.00036495601196626223,0.0006804238457486852,0.0004294482809422295,12.238095476303206
13.220338983050848,2.0033898305084747,0.00017487290123793632,0.0002918934973487807,0.0002570850313798078,12.244892396307728
13.491525423728813,2.0033898305084747,0.0001171589469388108,0.00018953966535751487,0.00017471556862767209,12.24668328038927
13.76271186440678,2.0033898305084747,7.06464994084963e-05,0.00010964148463126396,0.00010845459983767548,12.248081349151795
14.033898305084746,2.0033898305084747,3.77258237085015e-05,5.568632861163647e-05,6.019461922841855e-05,12.24902550863034
14.305084745762711,2.0033898305084747,2.576731928407093e-05,4.021106271653683e-05,3.7005577626709006e-05,12.24929631650827
14.576271186440678,2.0033898305084747,1.6031111084319748e-05,2.7311807790195547e-05,1.9465391904710386e-05,12.24952204802576
14.847457627118644,2.0033898305084747,8.56281837475839e-06,1.694616408740093e-05,7.524934202435711e-06,12.249703443923298
15.11864406779661,2.0033898305084747,4.568888003463106e-06,1.0301713330821671e-05,2.8020978221186454e-06,12.249819720679993
15.389830508474576,2.0033898305084747,2.96690045937575e-06,6.554853954230052e-06,1.8955190241095735e-06,12.249885290324336
15.661016949152541,2.0033898305084747,1.7055582299670203e-06,3.6640936371531443e-06,1.1637405375282798e-06,12.249935878445255
15.932203389830509,2.0033898305084747,7.886770463830418e-07,1.6148050357390387e-06,6.109485131571372e-07,12.24997174092817
16.203389830508474,2.0033898305084747,4.5430803284116063e-07,9.005641558456186e-07,3.630493832247562e-07,12.249984240132338
16.474576271186443,2.0033898305084747,2.7775242447494086e-07,5.384922051734139e-07,2.2092355439385451e-07,12.249990576388216
16.74576271186441,2.0033898305084747,1.4386028768832613e-07,2.699299358513687e-07,2.2092355440690764e-07,12.249995276226572
17.016949152542374,2.0033898305084747,5.649000427718877e-08,1.0089391835809511e-07,2.209235544151234e-07,12.249998234356491
17.28813559322034,2.0033898305084747,4.482090629719363e-08,5.976402740230048e-08,2.2092355441712248e-07,12.249998954129538
17.559322033898304,2.0033898305084747,4.4820906297494096e-08,2.929272009783555e-08,2.209235544186035e-07,12.249999487377401
17.83050847457627,2.0033898305084747,4.482090629758919e-08,1.964889177610942e-08,2.209235544190722e-07,12.249999656144393
18.101694915254235,2.0033898305084747,4.482090629758919e-08,1.964889177610942e-08,2.209235544190722e-07,12.249999656144393
18.372881355932204,2.0033898305084747,4.482090629758919e-08,1.964889177610942e-08,2.209235544190722e-07,12.249999656144393
18.64406779661017,2.0033898305084747,4.482090629758919e-08,1.964889177610942e-08,2.209235544190722e-07,12.249999656144393
18.915254237288135,2.0033898305084747,4.482090629758919e-08,1.964889177610942e-08,2.209235544190722e-07,12.249999656144393
19.186440677966104,2.0033898305084747,4.482090629758919e-08,1.964889177610942e-08,2.209235544190722e-07,12.249999656144393
19.45762711864407,2.0033898305084747,4.482090629758919e-08,1.964889177610942e-08,2.209235544190722e-07,12.249999656144393
19.728813559322035,2.0033898305084747,4.482090629758919e-08,1.964889177610942e-08,2.209235544190722e-07,12.249999656144393
20.0,2.0033898305084747,4.482090629758919e-08,1.964889177610942e-08,2.209235544190722e-07,12.249999656144393
4.0,2.0677966101694913,0.4757517735699023,12.880523688457437,15.463571253171107,823.765151007702
4.271186440677966,2.0677966101694913,0.9104691148252986,19.08573441060259,15.266470894183506,1954.9075102648287
4.5423728813559325,2.0677966101694913,1.717361798631141,29.54826308045408,14.930568141032598,4952.0294652903385
4.813559322033898,2.0677966101694913,3.2122165828124682,48.011828694449726,14.32694680645876,13579.141089004543
5.084745762711864,2.0677966101694913,5.441415421944469,73.26690425670704,13.366105332446852,32280.32454651684
5.3559322033898304,2.0677966101694913,6.9692293991511365,86.90808760197021,12.329004639948646,45697.70653341382
5.627118644067797,2.0677966101694913,8.054602629058504,101.98998700417447,10.811673777565973,63239.65928437491
5.898305084745763,2.0677966101694913,8.048758956111856,117.24091900989063,8.631246651179241,83869.49073160025
6.169491525423728,2.0677966101694913,7.617260838785176,95.87183696498215,7.039198142011773,55780.79987211354
6.4406779661016955,2.0677966101694913,7.169166595514212,56.30756281322792,6.08078857334661,18842.752838053555
6.711864406779661,2.0677966101694913,6.180141675794642,24.197303156237684,5.098880780689564,3248.231444983779
6.983050847457627,2.0677966101694913,4.758105857578989,4.28039450277587,4.118975948563921,51.85420307263407
7.254237288135593,2.0677966101694913,4.401702979707238,3.027007474340099,3.597665612983377,16.544708259740926
7.525423728813559,2.0677966101694913,4.007268533672642,2.499335185140884,3.1408728580675387,7.553361558054634
7.796610169491526,2.0677966101694913,3.515122078402745,2.0066642503109677,2.7185282792004304,2.300259453783554
8.067796610169491,2.0677966101694913,2.8794528918676967,1.6193528546785168,2.2531665180054987,0.3007229678475908
8.338983050847457,2.0677966101694913,1.9968255735579863,1.4335321762081177,1.6207696712771067,0.007027542757826621
8.610169491525424,2.0677966101694913,1.1802165410776337,1.243979078346897,1.076691068192789,0.15214079995927315
8.881355932203391,2.0677966101694913,0.5198841863255131,1.0554500496940755,0.6334054292785575,0.7419666765988435
9.152542372881356,2.0677966101694913,0.27253303451910815,0.8869324649127095,0.41020299054371046,1.6452393472534248
9.423728813559322,2.0677966101694913,0.21958936289244566,0.7413756211532182,0.30892359058099567,2.7111629525706813
9.694915254237287,2.0677966101694913,0.16917286546758148,0.6087574365436348,0.22253849390273583,3.91290496390625
9.966101694915254,2.0677966101694913,0.12282331700640212,0.4890928270667568,0.150543491231334,5.185949235632708
10.237288135593221,2.0677966101694913,0.09503857436936397,0.36523669167516903,0.09943080451491207,6.69209440159593
10.508474576271187,2.0677966101694913,0.07136736269581845,0.2574000703199947,0.05964594794321817,8.159591245654703
10.779661016949152,2.0677966101694913,0.05023433031233304,0.16837338825539006,0.02991405072173383,9.480650692234427
11.050847457627118,2.0677966101694913,0.03357787391069843,0.10364877173283851,0.012617131418639868,10.503290668936112
11.322033898305085,2.0677966101694913,0.02494272698046941,0.0734887808066391,0.009806109153457473,10.997700091536602
11.593220338983052,2.0677966101694913,0.0173595411719099,0.04853242976288818,0.007343624342482264,11.415403708766265
11.864406779661017,2.0677966101694913,0.010973016169647186,0.028745340668363883,0.005226848021671471,11.752120879617006
12.135593220338983,2.0677966101694913,0.006535852525143286,0.016147897406458327,0.0034897509032090672,11.969041511578533
12.40677966101695,2.0677966101694913,0.003653400107233392,0.00866810397226423,0.002132315108048099,12.098777780650837
12.677966101694915,2.0677966101694913,0.0015855087968010971,0.0035277979658110666,0.0011135541585388907,12.188341319088853
12.94915254237288,2.0677966101694913,0.00036090765075216406,0.0006723034769643848,0.0004258648473259983,12.238237514102902
13.220338983050848,2.0677966101694913,0.0001729350080753348,0.0002884156684872484,0.0002549419087503594,12.244953245698955
13.491525423728813,2.0677966101694913,0.00011586090161695933,0.0001872878613583042,0.0001732579538776335,12.246722681655871
13.76271186440678,2.0677966101694913,6.986237281783042e-05,0.00010834526513348513,0.00010754941012460715,12.248104031227012
14.033898305084746,2.0677966101694913,3.730708164332269e-05,5.5029196594667145e-05,5.969496809250148e-05,12.24903700798592
14.305084745762711,2.0677966101694913,2.5483903819084113e-05,3.9734932130044784e-05,3.669457409192516e-05,12.24930464855563
14.576271186440678,2.0677966101694913,1.5856195499237918e-05,2.6988105775270887e-05,1.929960369482337e-05,12.249527712701166
14.847457627118644,2.0677966101694913,8.468367861513123e-06,1.6749924828960608e-05,7.4585743948459616e-06,12.249706878068992
15.11864406779661,2.0677966101694913,4.5150230385524695e-06,1.018894284858529e-05,2.7792598566472855e-06,12.249821694148988
15.389830508474576,2.0677966101694913,2.934193521286945e-06,6.482147306235738e-06,1.876465105924892e-06,12.249886562684752
15.661016949152541,2.0677966101694913,1.6868156248687858e-06,3.6219348425653818e-06,1.1535868847689894e-06,12.249936616222243
15.932203389830509,2.0677966101694913,7.81324838676622e-07,1.5941823628518237e-06,6.048201101787241e-07,12.24997210182453
16.203389830508474,2.0677966101694913,4.4925852470269655e-07,8.879765122440538e-07,3.62851405107104e-07,12.249984460415961
16.474576271186443,2.0677966101694913,2.7243320730318607e-07,5.357732644732227e-07,2.2092355439398665e-07,12.249990623969666
16.74576271186441,2.0677966101694913,1.4246047154133598e-07,2.666164556753645e-07,2.2092355440706868e-07,12.24999533421247
17.016949152542374,2.0677966101694913,5.594325368655224e-08,9.962812095073046e-08,2.2092355441518495e-07,12.249998256507943
17.28813559322034,2.0677966101694913,4.4820906297201704e-08,5.8945323559752164e-08,2.2092355441716227e-07,12.249998968456858
17.559322033898304,2.0677966101694913,4.482090629751648e-08,2.7022726707300273e-08,2.2092355441871382e-07,12.249999527102286
17.83050847457627,2.0677966101694913,4.482090629758919e-08,1.964889177610942e-08,2.209235544190722e-07,12.249999656144393
18.101694915254235,2.0677966101694913,4.482090629758919e-08,1.964889177610942e-08,2.209235544190722e-07,12.249999656144393
18.372881355932204,2.0677966101694913,4.482090629758919e-08,1.964889177610942e-08,2.209235544190722e-07,12.249999656144393
18.64406779661017,2.0677966101694913,4.482090629758919e-08,1.964889177610942e-08,2.209235544190722e-07,12.249999656144393
18.915254237288135,2.0677966101694913,4.482090629758919e-08,1.964889177610942e-08,2.209235544190722e-07,12.249999656144393
19.186440677966104,2.0677966101694913,4.482090629758919e-08,1.964889177610942e-08,2.209235544190722e-07,12.249999656144393
19.45762711864407,2.0677966101694913,4.482090629758919e-08,1.964889177610942e-08,2.209235544190722e-07,12.249999656144393
19.728813559322035,2.0677966101694913,4.482090629758919e-08,1.964889177610942e-08,2.209235544190722e-07,12.249999656144393
20.0,2.0677966101694913,4.482090629758919e-08,1.964889177610942e-08,2.209235544190722e-07,12.249999656144393
4.0,2.1322033898305084,0.49143400542315635,12.790510798462911,15.458215099956229,810.898351561876
4.271186440677966,2.1322033898305084,0.9301298927822664,18.8975176688011,15.25981857839168,1913.5195285625418
4.5423728813559325,2.1322033898305084,1.7403992234167471,29.197635692576107,14.921809828452421,4829.428438107382
4.813559322033898,2.1322033898305084,3.2359542804841084,47.36880951743061,14.314765596845449,13207.07155281137
5.084745762711864,2.1322033898305084,5.456911374814688,72.19170071377266,13.349240840429138,31321.655562177246
5.3559322033898304,2.1322033898305084,6.965003226923277,85.53829725735775,12.307823826963341,44245.33165854684
5.627118644067797,2.1322033898305084,8.025428094069833,100.26141472382513,10.785943940612052,61084.8707574759
5.898305084745763,2.1322033898305084,7.996908972318831,115.09218700215031,8.602607029473985,80786.95865832447
6.169491525423728,2.1322033898305084,7.551571232213583,94.04835502439293,7.0099848403174745,53648.23555453721
6.4406779661016955,2.1322033898305084,7.096260120740107,55.2280069789262,6.051582535962216,18109.0895957708
6.711864406779661,2.1322033898305084,6.109569513879468,23.73094752374332,5.071122938784522,3116.6951081761126
6.983050847457627,2.1322033898305084,4.6990710719376105,4.197775431074197,4.094094359273094,48.922171017015046
7.254237288135593,2.1322033898305084,4.344813684788589,2.9694605487572994,3.574880664127768,15.395040088159773
7.525423728813559,2.1322033898305084,3.9540049439077434,2.4526231134998184,3.120124135223065,6.925096369212823
7.796610169491526,2.1322033898305084,3.467483268550944,1.969825549444157,2.6998428621003883,2.029382229995847
8.067796610169491,2.1322033898305084,2.8398168160504595,1.5901120026754116,2.237008675507462,0.22589108475784847
8.338983050847457,2.1322033898305084,1.9688523528269244,1.4079405863010703,1.6085146734104032,0.0003940806925296699
8.610169491525424,2.1322033898305084,1.1635016852938707,1.2220702516776771,1.0681774855234245,0.19786872086278204
8.881355932203391,2.1322033898305084,0.5124879711329571,1.0371608956717489,0.6282127903208947,0.8228263476857967
9.152542372881356,2.1322033898305084,0.2686787081735412,0.8719114271819357,0.4067714877057299,1.742984629631374
9.423728813559322,2.1322033898305084,0.21652258523795798,0.729154358369004,0.3063107604028619,2.812711718095641
9.694915254237287,2.1322033898305084,0.1668454575410718,0.5989989121651967,0.22064013442593605,4.010017141953363
9.966101694915254,2.1322033898305084,0.1211626300686761,0.48147635814832285,0.14925155496981016,5.273035504002925
10.237288135593221,2.1322033898305084,0.09377880531213134,0.3597187388873574,0.0985749978398291,6.7636568888881845
10.508474576271187,2.1322033898305084,0.07044186197675667,0.2536315714506027,0.059132377718625895,8.213503587342588
10.779661016949152,2.1322033898305084,0.049598269164638165,0.16598732040713213,0.029657043809296423,9.51742058372481
11.050847457627118,2.1322033898305084,0.0331636210342791,0.10222895618476016,0.012509269560380405,10.526310513533105
11.322033898305085,2.1322033898305084,0.02464356366070149,0.07251721264173137,0.009722943680442827,11.013815942077988
11.593220338983052,2.1322033898305084,0.01715744850462004,0.0479138583880833,0.007281968171551688,11.425855839618745
11.864406779661017,2.1322033898305084,0.010849231248815129,0.028392542025503002,0.0051835043243261165,11.758168867320384
12.135593220338983,2.1322033898305084,0.006463329851160346,0.015953711417244533,0.003461017244845342,11.972400805873121
12.40677966101695,2.1322033898305084,0.0036128748064140903,0.00856407486086606,0.0021147694036148653,12.100587086048733
12.677966101694915,2.1322033898305084,0.0015679281091031205,0.0034855521924918994,0.0011043929156163573,12.189078768344428
12.94915254237288,2.1322033898305084,0.0003569093312634743,0.000664266621257143,0.00042236237333405667,12.2383780919414
13.220338983050848,2.1322033898305084,0.00017102138121979555,0.0002849743573836569,0.00025284327454646574,12.245013456310685
13.491525423728813,2.1322033898305084,0.00011458013585242221,0.00018505587852668328,0.00017183491179015848,12.24676173616127
13.76271186440678,2.1322033898305084,6.90916725800698e-05,0.00010705604769969626,0.00010666402008089053,12.248126590796486
14.033898305084746,2.1322033898305084,3.689587196981555e-05,5.4375661464341654e-05,5.920316539765738e-05,12.249048444403824
14.305084745762711,2.1322033898305084,2.5203118493666128e-05,3.9262593998542456e-05,3.639584976646224e-05,12.24931291423972
14.576271186440678,2.1322033898305084,1.5679881419348228e-05,2.6670429976104042e-05,1.9145039563598143e-05,12.249533271921116
14.847457627118644,2.1322033898305084,8.373639054396628e-06,1.6553166028068476e-05,7.4010376981660186e-06,12.24971032130705
15.11864406779661,2.1322033898305084,4.464071140124236e-06,1.0069927844444012e-05,2.75807112642964e-06,12.24982377689649
15.389830508474576,2.1322033898305084,2.9002478978243212e-06,6.406820709675661e-06,1.8634478575560946e-06,12.249887880894123
15.661016949152541,2.1322033898305084,1.6681597850298138e-06,3.5803403707600397e-06,1.143772356263316e-06,12.249937344123625
15.932203389830509,2.1322033898305084,7.718401132367e-07,1.5794924713371274e-06,5.974988375058527e-07,12.249972358897343
16.203389830508474,2.1322033898305084,4.4502913108743564e-07,8.767934132585881e-07,3.5928862356920584e-07,12.249984656120072
16.474576271186443,2.1322033898305084,2.722437877720165e-07,5.248629100649376e-07,2.2092355439451692e-07,12.249990814900794
16.74576271186441,2.1322033898305084,1.410653053036735e-07,2.633492501067285e-07,2.209235544072275e-07,12.249995391388554
17.016949152542374,2.1322033898305084,5.5397820992314715e-08,9.83824375060291e-08,2.209235544152455e-07,12.249998278307402
17.28813559322034,2.1322033898305084,4.482090629723234e-08,5.5838067006024864e-08,2.2092355441731328e-07,12.249999022833844
17.559322033898304,2.1322033898305084,4.482090629751956e-08,2.6710437233628207e-08,2.20923554418729e-07,12.24999953256735
17.83050847457627,2.1322033898305084,4.482090629758919e-08,1.964889177610942e-08,2.209235544190722e-07,12.249999656144393
18.101694915254235,2.1322033898305084,4.482090629758919e-08,1.964889177610942e-08,2.209235544190722e-07,12.249999656144393
18.372881355932204,2.1322033898305084,4.482090629758919e-08,1.964889177610942e-08,2.209235544190722e-07,12.249999656144393
18.64406779661017,2.1322033898305084,4.482090629758919e-08,1.964889177610942e-08,2.209235544190722e-07,12.249999656144393
18.915254237288135,2.1322033898305084,4.482090629758919e-08,1.964889177610942e-08,2.209235544190722e-07,12.249999656144393
19.186440677966104,2.1322033898305084,4.482090629758919e-08,1.964889177610942e-08,2.209235544190722e-07,12.249999656144393
19.45762711864407,2.1322033898305084,4.482090629758919e-08,1.964889177610942e-08,2.209235544190722e-07,12.249999656144393
19.728813559322035,2.1322033898305084,4.482090629758919e-08,1.964889177610942e-08,2.209235544190722e-07,12.249999656144393
20.0,2.1322033898305084,4.482090629758919e-08,1.964889177610942e-08,2.209235544190722e-07,12.249999656144393
4.0,2.1966101694915254,0.5078471069663716,12.694269874523531,15.452948555218226,797.253324991061
4.271186440677966,2.1966101694915254,0.9505934593930014,18.701379371009637,15.253321380129112,1870.8608008724864
4.5423728813559325,2.1966101694915254,1.764324123409891,28.836141013810845,14.91332347875869,4704.63646081071
4.813559322033898,2.1966101694915254,3.260679266568678,46.7100904802832,14.30306806467886,12831.276870821563
5.084745762711864,2.1966101694915254,5.473432860044845,71.09585223795918,13.333189721497932,30359.448869846492
5.3559322033898304,2.1966101694915254,6.961627029038758,84.14812043790414,12.287804602687576,42795.32147503679
5.627118644067797,2.1966101694915254,7.997120755319644,98.51625997148048,10.761790874348042,58947.29969280113
5.898305084745763,2.1966101694915254,7.9462329378416605,112.93706843633518,8.575906989257053,77753.23522107324
6.169491525423728,2.1966101694915254,7.487259351995263,92.22776762221832,6.9827535251365,51560.521070223054
6.4406779661016955,2.1966101694915254,7.024782438848885,54.153037411411304,6.024266137349607,17393.018475811
6.711864406779661,2.1966101694915254,6.040376026813215,23.267723895851514,5.045090098122281,2988.733427407471
6.983050847457627,2.1966101694915254,4.641215214723075,4.115892154555234,4.070706614427204,46.10043871984169
7.254237288135593,2.1966101694915254,4.289029872211466,2.9124750629117173,3.553414696022797,14.29738009956127
7.525423728813559,2.1966101694915254,3.901753547158843,2.40639798938071,3.10052811689605,6.330230706434597
7.796610169491526,2.1966101694915254,3.4207342992738274,1.9333917938022043,2.682150289234049,1.7781675355970832
8.067796610169491,2.1966101694915254,2.8009170545639477,1.5612111894067882,2.2216711033804044,0.16243154743719596
8.338983050847457,2.1966101694915254,1.9414080808518408,1.3826710249916165,1.5968555162462004,0.0018768335927573472
8.610169491525424,2.1966101694915254,1.1471058330697055,1.2004530684492527,1.060059591156229,0.2488686118207412
8.881355932203391,2.1966101694915254,0.5052328994898667,1.019124169398071,0.6232504041125119,0.9066649896044325
9.152542372881356,2.1966101694915254,0.2648963849415283,0.8570982447860632,0.4034844584643159,1.8421394738398322
9.423728813559322,2.1966101694915254,0.21351127329559783,0.7170996569398289,0.3038020661842732,2.9147054909481205
9.694915254237287,2.1966101694915254,0.16455878044581662,0.5893710268788191,0.2188133675620219,4.106995825396876
9.966101694915254,2.1966101694915254,0.11953004038578201,0.4739597830457453,0.1480057047793454,5.359690521354267
10.237288135593221,2.1966101694915254,0.09253960755496866,0.3542714235819386,0.09774804842341536,6.834676597108406
10.508474576271187,2.1966101694915254,0.06953093036028464,0.2499100475923972,0.058635172897229616,8.266918116430759
10.779661016949152,2.1966101694915254,0.04897184948923446,0.16363014580083757,0.02940777323858848,9.55381510232786
11.050847457627118,2.1966101694915254,0.03275540359445781,0.10082580200721211,0.012404472693661428,10.54908497956377
11.322033898305085,2.1966101694915254,0.02434857889747169,0.07155666572898053,0.009642006701392659,11.029760577306893
11.593220338983052,2.1966101694915254,0.016958062089402204,0.04730204792902212,0.007221873007686549,11.436198434606359
11.864406779661017,2.1966101694915254,0.01072703065127881,0.02804347286172394,0.005141191787200542,11.764154452233239
12.135593220338983,2.1966101694915254,0.006391720656226805,0.015761515548875487,0.003432949250791755,11.975726136472161
12.40677966101695,2.1966101694915254,0.0035728624979514145,0.008461111909055893,0.0020976205646984366,12.10237798168363
12.677966101694915,2.1966101694915254,0.0015505742401482933,0.00344372618832111,0.001095437175924252,12.189808912017254
12.94915254237288,2.1966101694915254,0.00035296261772520536,0.0006563092913151203,0.0004189378878375931,12.238517279538767
13.220338983050848,2.1966101694915254,0.00016913084057928045,0.0002815676904767662,0.00025079600129295605,12.245073060918928
13.491525423728813,2.1966101694915254,0.00011331572242379306,0.00018284761576655117,0.00017044004915705316,12.246800375681898
13.76271186440678,2.1966101694915254,6.83303157819692e-05,0.00010578017033049924,0.00010579869506301911,12.24814891695324
14.033898305084746,2.1966101694915254,3.6489918722201596e-05,5.372887555071238e-05,5.87223900055393e-05,12.24905976272031
14.305084745762711,2.1966101694915254,2.4924102667120072e-05,3.8799424623007016e-05,3.610144065427284e-05,12.249321019477819
14.576271186440678,2.1966101694915254,1.550905815665882e-05,2.635340683224534e-05,1.8986613961137197e-05,12.24953881972107
14.847457627118644,2.1966101694915254,8.281531018997926e-06,1.6360538952463176e-05,7.3377004172867785e-06,12.24971369224125
15.11864406779661,2.1966101694915254,4.417322874246602e-06,9.94851163752948e-06,2.733386111986389e-06,12.24982590166492
15.389830508474576,2.1966101694915254,2.8697101994911466e-06,6.3273592403958584e-06,1.8491606950801702e-06,12.249889271463514
15.661016949152541,2.1966101694915254,1.6523648009149096e-06,3.534178786573391e-06,1.1326028708368696e-06,12.2499381519493
15.932203389830509,2.1966101694915254,7.64574613202752e-07,1.5592982835931264e-06,5.918057235119659e-07,12.24997271229523
16.203389830508474,2.1966101694915254,4.381958982957e-07,8.697306792650637e-07,3.5746942196406834e-07,12.249984779717837
16.474576271186443,2.1966101694915254,2.672979453731766e-07,5.223106439705349e-07,2.2092355439464099e-07,12.249990859565433
16.74576271186441,2.1966101694915254,1.3967585481218957e-07,2.6012676691254545e-07,2.2092355440738412e-07,12.249995447781997
17.016949152542374,2.1966101694915254,5.485420603374336e-08,9.715597550962533e-08,2.209235544153051e-07,12.249998299770484
17.28813559322034,2.1966101694915254,4.4820906297216216e-08,5.7473050258707973e-08,2.2092355441723382e-07,12.249998994221636
17.559322033898304,2.1966101694915254,4.482090629750541e-08,2.8145154757533472e-08,2.2092355441865924e-07,12.249999507459796
17.83050847457627,2.1966101694915254,4.482090629758919e-08,1.964889177610942e-08,2.209235544190722e-07,12.249999656144393
18.101694915254235,2.1966101694915254,4.482090629758919e-08,1.964889177610942e-08,2.209235544190722e-07,12.249999656144393
18.372881355932204,2.1966101694915254,4.482090629758919e-08,1.964889177610942e-08,2.209235544190722e-07,12.249999656144393
18.64406779661017,2.1966101694915254,4.482090629758919e-08,1.964889177610942e-08,2.209235544190722e-07,12.249999656144393
18.915254237288135,2.1966101694915254,4.482090629758919e-08,1.964889177610942e-08,2.209235544190722e-07,12.249999656144393
19.186440677966104,2.1966101694915254,4.482090629758919e-08,1.964889177610942e-08,2.209235544190722e-07,12.249999656144393
19.45762711864407,2.1966101694915254,4.482090629758919e-08,1.964889177610942e-08,2.209235544190722e-07,12.249999656144393
19.728813559322035,2.1966101694915254,4.482090629758919e-08,1.964889177610942e-08,2.209235544190722e-07,12.249999656144393
20.0,2.1966101694915254,4.482090629758919e-08,1.964889177610942e-08,2.209235544190722e-07,12.249999656144393
4.0,2.2610169491525425,0.5250134994892258,12.591820257999558,15.447780989234646,782.8552542960579
4.271186440677966,2.2610169491525425,0.9718768137382974,18.49744379242101,15.24699103517255,1827.0161514687231
4.5423728813559325,2.2610169491525425,1.78914838150076,28.464074290618868,14.905124883705605,4577.900732550857
4.813559322033898,2.2610169491525425,3.2864003414740215,46.036278324983705,14.291876391470211,12452.483391908812
5.084745762711864,2.2610169491525425,5.490990956010913,69.98042851512166,13.317981862279082,29395.469845735694
5.3559322033898304,2.2610169491525425,6.9591191441634415,82.73893778761733,12.268982155562826,41350.14250261175
5.627118644067797,2.2610169491525425,7.9697105477454535,96.75617597186599,10.739251582294681,56830.001849859196
5.898305084745763,2.2610169491525425,7.896764429096997,110.77729725215289,8.551176995044026,74771.20721366131
6.169491525423728,2.2610169491525425,7.424353263326221,90.4112490017842,6.957525009945456,49518.76530536017
6.4406779661016955,2.2610169491525425,6.954755156450471,53.08321555942278,5.998852956706053,16694.71731601101
6.711864406779661,2.2610169491525425,5.972573630417004,22.807815890926882,5.020788947996162,2864.341132623885
6.983050847457627,2.2610169491525425,4.584542081528563,4.034767091820498,4.048813832229108,43.38748517587654
7.254237288135593,2.2610169491525425,4.234352540013557,2.856062981719895,3.5332666931286383,13.250746292093943
7.525423728813559,2.2610169491525425,3.850513271002423,2.3606670192955646,3.082082388806495,5.7680070122639036
7.796610169491526,2.2610169491525425,3.3748726450657993,1.897366914639932,2.6654472570053898,1.5460865486152835
8.067796610169491,2.2610169491525425,2.762750044860178,1.5326520805972519,2.20714995200792,0.10997859054237397
8.338983050847457,2.2610169491525425,1.9144887312104193,1.3577232973078348,1.5857883006886755,0.01117074744076075
8.610169491525424,2.2610169491525425,1.1310258668046742,1.1791262097180726,1.0523341660003045,0.3049076952094051
8.881355932203391,2.2610169491525425,0.4981173702284721,1.0013380442655135,0.6185160993879272,0.9933209684377848
9.152542372881356,2.2610169491525425,0.2611852094762999,0.8424911828258242,0.40034044478943304,1.9426005076684272
9.423728813559322,2.2610169491525425,0.21055476592455624,0.705210074357166,0.30139643040148467,3.0170815048423414
9.694915254237287,2.2610169491525425,0.1623123502361517,0.5798726240601894,0.2170574361100471,4.203805704786996
9.966101694915254,2.2610169491525425,0.11792522015522038,0.46654219998518603,0.14680544264944864,5.445896652553101
10.237288135593221,2.2610169491525425,0.09132074128037593,0.34889411834268186,0.09694964567236636,6.905147340341298
10.508474576271187,2.2610169491525425,0.06863440229932342,0.24623508562544755,0.058154155198075215,8.319834235260736
10.779661016949152,2.2610169491525425,0.0483549604435458,0.1613016266614341,0.029166156225902896,9.589835375697554
11.050847457627118,2.2610169491525425,0.032353159567727836,0.0994391606308023,0.01230270725804289,10.571615605629448
11.322033898305085,2.2610169491525425,0.024057734831775545,0.07060703140065128,0.009563274630691421,11.04553540600868
11.593220338983052,2.2610169491525425,0.016761354036261212,0.04669695869491626,0.007163316863025498,11.44643201003493
11.864406779661017,2.2610169491525425,0.010606406485531164,0.027698078262364926,0.005099903153118914,11.770078527530035
12.135593220338983,2.2610169491525425,0.006321004499051147,0.015571322635632715,0.003405540690655439,11.97901726693032
12.40677966101695,2.2610169491525425,0.0035333447580829227,0.008359223786582761,0.002080874293133938,12.104150312624261
12.677966101694915,2.2610169491525425,0.0015334329003734357,0.0034023400339603235,0.0010866920635107934,12.190531398891359
12.94915254237288,2.2610169491525425,0.0003490626475001613,0.000648437221302309,0.00041559466879930704,12.238654976569896
13.220338983050848,2.2610169491525425,0.00016726231792729083,0.0002781989898971248,0.0002487944030587866,12.245132001393532
13.491525423728813,2.2610169491525425,0.00011206493264357611,0.00018066441663183754,0.0001690794962876355,12.246838576706638
13.76271186440678,2.2610169491525425,6.757610555074186e-05,0.00010451976973569664,0.00010495550364869812,12.248170972307008
14.033898305084746,2.2610169491525425,3.6086998779945725e-05,5.30922702980946e-05,5.8250294781758505e-05,12.24907090288721
14.305084745762711,2.2610169491525425,2.4650805423172553e-05,3.833783365245232e-05,3.581094323317448e-05,12.249329097097265
14.576271186440678,2.2610169491525425,1.533751973775954e-05,2.6042866592159213e-05,1.8834227157499428e-05,12.249544254073578
14.847457627118644,2.2610169491525425,8.191716611903401e-06,1.6163392597744845e-05,7.280674908558834e-06,12.249717142262382
15.11864406779661,2.2610169491525425,4.367628048665021e-06,9.831931253030757e-06,2.713103449677108e-06,12.249827941807238
15.389830508474576,2.2610169491525425,2.83833294444609e-06,6.256739430381724e-06,1.8315860576290127e-06,12.249890507304633
15.661016949152541,2.2610169491525425,1.6316785089552147e-06,3.4980573679606197e-06,1.1247587148575886e-06,12.249938784072533
15.932203389830509,2.2610169491525425,7.56495490238893e-07,1.538143584252125e-06,5.890644895029391e-07,12.24997308250206
16.203389830508474,2.2610169491525425,4.346271802982654e-07,8.59793232298195e-07,3.511557081335367e-07,12.24998495362305
16.474576271186443,2.2610169491525425,2.6478642213045654e-07,5.156705254099437e-07,2.209235543949637e-07,12.249990975767465
16.74576271186441,2.2610169491525425,1.3829305160464595e-07,2.569476020416609e-07,2.2092355440753862e-07,12.249995503417374
17.016949152542374,2.2610169491525425,5.248462188336282e-08,9.852078338205492e-08,2.2092355441523876e-07,12.249998275886348
17.28813559322034,2.2610169491525425,4.4820906297223806e-08,5.670371700645992e-08,2.209235544172712e-07,12.249999007684968
17.559322033898304,2.2610169491525425,4.482090629752562e-08,2.6095262489676477e-08,2.2092355441875887e-07,12.24999954333291
17.83050847457627,2.2610169491525425,4.482090629758919e-08,1.964889177610942e-08,2.209235544190722e-07,12.249999656144393
18.101694915254235,2.2610169491525425,4.482090629758919e-08,1.964889177610942e-08,2.209235544190722e-07,12.249999656144393
18.372881355932204,2.2610169491525425,4.482090629758919e-08,1.964889177610942e-08,2.209235544190722e-07,12.249999656144393
18.64406779661017,2.2610169491525425,4.482090629758919e-08,1.964889177610942e-08,2.209235544190722e-07,12.249999656144393
18.915254237288135,2.2610169491525425,4.482090629758919e-08,1.964889177610942e-08,2.209235544190722e-07,12.249999656144393
19.186440677966104,2.2610169491525425,4.482090629758919e-08,1.964889177610942e-08,2.209235544190722e-07,12.249999656144393
19.45762711864407,2.2610169491525425,4.482090629758919e-08,1.964889177610942e-08,2.209235544190722e-07,12.249999656144393
19.728813559322035,2.2610169491525425,4.482090629758919e-08,1.964889177610942e-08,2.209235544190722e-07,12.249999656144393
20.0,2.2610169491525425,4.482090629758919e-08,1.964889177610942e-08,2.209235544190722e-07,12.249999656144393
4.0,2.3254237288135595,0.5429553991009803,12.483196198890848,15.442721873456732,767.7327373944283
4.271186440677966,2.3254237288135595,0.9939964461148934,18.285854516056737,15.24083927980173,1782.075517108961
4.5423728813559325,2.3254237288135595,1.8148831079061345,28.081757298753427,14.89722966095275,4449.476078434886
4.813559322033898,2.3254237288135595,3.3131253264741187,45.3480169245336,14.28121226370801,12071.426197494324
5.084745762711864,2.3254237288135595,5.509595671315871,68.8465438708289,13.303646156680504,28431.476750747785
5.3559322033898304,2.3254237288135595,6.957496900048018,81.31216748161965,12.251390173283564,39912.215697565174
5.627118644067797,2.3254237288135595,7.943226140160701,94.98283479607026,10.718361138535785,54735.91855292861
5.898305084745763,2.3254237288135595,7.848535262465501,108.61459525454934,8.528445632988971,71843.55897248021
6.169491525423728,2.3254237288135595,7.362879158567502,88.59994969252156,6.934318710579379,47523.945164864315
6.4406779661016955,2.3254237288135595,6.886198123753387,52.019086626780876,5.975355587838363,16014.324568309665
6.711864406779661,2.3254237288135595,5.906173336888176,22.3514000332049,4.998225605899337,2743.507270946114
6.983050847457627,2.3254237288135595,4.529054555178179,3.9544215196256087,4.028416914798582,40.781683124540024
7.254237288135593,2.3254237288135595,4.180781960057385,2.8002355661515193,3.514435572471554,12.25412275447291
7.525423728813559,2.3254237288135595,3.8002824863449822,2.315436912966342,3.064784565272728,5.237654635133415
7.796610169491526,2.3254237288135595,3.329895381648049,1.861754509472253,2.649730550426782,1.3326076688622561
8.067796610169491,2.3254237288135595,2.7253119780567023,1.5044361271418452,2.193441500173911,0.06816815407742291
8.338983050847457,2.3254237288135595,1.888090182037798,1.3330970774796218,1.5753092750657762,0.027975006511048225
8.610169491525424,2.3254237288135595,1.1152586512896625,1.1580882887995614,1.0449981174493608,0.36575797509952734
8.881355932203391,2.3254237288135595,0.49113978746022974,0.9838006686830831,0.6140077898199839,1.082636771179054
9.152542372881356,2.3254237288135595,0.25754433065423327,0.8280884999524978,0.39733804613814866,2.0442672742911503
9.423728813559322,2.3254237288135595,0.20765240828408688,0.6934841642404782,0.2990928114916987,3.1197789136185965
9.694915254237287,2.3254237288135595,0.16010568902953418,0.5705025428774932,0.21537160664469052,4.300412696079404
9.966101694915254,2.3254237288135595,0.11634784104250805,0.4592227147098087,0.14565029215924363,5.531636878237387
10.237288135593221,2.3254237288135595,0.09012197364270112,0.34358618554737996,0.09617948493466157,6.975063421039592
10.508474576271187,2.3254237288135595,0.06775211485044226,0.2426062699171925,0.05768915226852918,8.372251540218716
10.779661016949152,2.3254237288135595,0.0477475030732658,0.159001499139824,0.028932107732004254,9.625482994607523
11.050847457627118,2.3254237288135595,0.0319568201739386,0.09806890275853784,0.012203942662387323,10.593903637277233
11.322033898305085,2.3254237288135595,0.02377098524050601,0.06966822518443513,0.009486727112677763,11.061141444274565
11.593220338983052,2.3254237288135595,0.016567297594371668,0.04609851986491878,0.007106291836044434,11.45655761194977
11.864406779661017,2.3254237288135595,0.0104873369207968,0.02735635502255883,0.005059625046921953,11.775941100605968
12.135593220338983,2.3254237288135595,0.00625117595017349,0.015383118678630752,0.0033787803403144624,11.982274425250713
12.40677966101695,2.3254237288135595,0.003494327516132723,0.008258380261663912,0.0020645258148842237,12.105904600699295
12.677966101694915,2.3254237288135595,0.00151650427430669,0.0033613805326650156,0.001078156924816844,12.191246458672643
12.94915254237288,2.3254237288135595,0.0003452099560388471,0.000640650194935212,0.0004123284514357878,12.238791186792833
13.220338983050848,2.3254237288135595,0.00016541835228867023,0.0002748623292994174,0.0002468410330890147,12.245190381420382
13.491525423728813,2.3254237288135595,0.00011083082501851533,0.00017850090306869074,0.000167752313821653,12.246876433337375
13.76271186440678,2.3254237288135595,6.683199752731121e-05,0.00010327308547691019,0.00010412773412381426,12.248192787662465
14.033898305084746,2.3254237288135595,3.569012976589917e-05,5.245795684328832e-05,5.779674800281114e-05,12.249082002954223
14.305084745762711,2.3254237288135595,2.437865979631488e-05,3.7883932066662725e-05,3.552989695312934e-05,12.24933704015878
14.576271186440678,2.3254237288135595,1.5170185934112527e-05,2.5731487158575356e-05,1.868739085087411e-05,12.249549703112905
14.847457627118644,2.3254237288135595,8.103473231924627e-06,1.5969601668384903e-05,7.221740407324353e-06,12.249720533564725
15.11864406779661,2.3254237288135595,4.321256638457929e-06,9.711904787332165e-06,2.691922425801444e-06,12.249830042255727
15.389830508474576,2.3254237288135595,2.808390949409228e-06,6.179099265802598e-06,1.8179666937347693e-06,12.249891866001477
15.661016949152541,2.3254237288135595,1.613574766407036e-06,3.457262597250838e-06,1.1155422632346995e-06,12.249939497979248
15.932203389830509,2.3254237288135595,7.492825652436805e-07,1.518639312341471e-06,5.835966653570485e-07,12.249973423826447
16.203389830508474,2.3254237288135595,4.2970441200583183e-07,8.476830231274537e-07,3.507023412748563e-07,12.249985165551582
16.474576271186443,2.3254237288135595,2.620517873296601e-07,5.089991104160536e-07,2.2092355439528799e-07,12.249991092517185
16.74576271186441,2.3254237288135595,1.355202484392286e-07,2.578577654925218e-07,2.209235544074944e-07,12.249995487489516
17.016949152542374,2.3254237288135595,5.202021645999248e-08,9.722241273617569e-08,2.2092355441530187e-07,12.249998298607833
17.28813559322034,2.3254237288135595,4.482090629725129e-08,5.3916935636465554e-08,2.2092355441740666e-07,12.24999905645364
17.559322033898304,2.3254237288135595,4.4820906297512995e-08,2.737570945198015e-08,2.2092355441869664e-07,12.249999520925085
17.83050847457627,2.3254237288135595,4.482090629758919e-08,1.964889177610942e-08,2.209235544190722e-07,12.249999656144393
18.101694915254235,2.3254237288135595,4.482090629758919e-08,1.964889177610942e-08,2.209235544190722e-07,12.249999656144393
18.372881355932204,2.3254237288135595,4.482090629758919e-08,1.964889177610942e-08,2.209235544190722e-07,12.249999656144393
18.64406779661017,2.3254237288135595,4.482090629758919e-08,1.964889177610942e-08,2.209235544190722e-07,12.249999656144393
18.915254237288135,2.3254237288135595,4.482090629758919e-08,1.964889177610942e-08,2.209235544190722e-07,12.249999656144393
19.186440677966104,2.3254237288135595,4.482090629758919e-08,1.964889177610942e-08,2.209235544190722e-07,12.249999656144393
19.45762711864407,2.3254237288135595,4.482090629758919e-08,1.964889177610942e-08,2.209235544190722e-07,12.249999656144393
19.728813559322035,2.3254237288135595,4.482090629758919e-08,1.964889177610942e-08,2.209235544190722e-07,12.249999656144393
20.0,2.3254237288135595,4.482090629758919e-08,1.964889177610942e-08,2.209235544190722e-07,12.249999656144393
4.0,2.3898305084745766,0.5616947180464191,12.368447219680904,15.437780749810383,751.9177150682859
4.271186440677966,2.3898305084745766,1.0169682535618565,18.06677446294341,15.234877810678135,1736.1335687413914
4.5423728813559325,2.3898305084745766,1.8415385698009095,27.689537860026192,14.889653197862192,4319.62375558594
4.813559322033898,2.3898305084745766,3.340861004627924,44.64598585217008,14.271096793169626,11688.84557703809
5.084745762711864,2.3898305084745766,5.5292558876887155,67.6953544108456,13.290210403446668,27469.212602872645
5.3559322033898304,2.3898305084745766,6.956776551198355,79.86926143834971,12.235060733258141,38483.90619175047
5.627118644067797,2.3898305084745766,7.917694865190978,93.19792316151023,10.699152597326398,52667.86685479084
5.898305084745763,2.3898305084745766,7.801575454945684,106.45066874244638,8.507739575149328,68972.76877021999
6.169491525423728,2.3898305084745766,7.302861356773882,86.79499499131394,6.91315264986688,45576.907309790826
6.4406779661016955,2.3898305084745766,6.81912945518126,50.9611791321578,5.953785661058929,15351.940481061463
6.711864406779661,2.3898305084745766,5.841184786984873,21.898645712757727,4.977405646839442,2626.2154753572545
6.983050847457627,2.3898305084745766,4.4747546364276936,3.8748755827194667,4.009516576222863,38.281307187131375
7.254237288135593,2.3898305084745766,4.128317705613324,2.745003383055112,3.4969202074048,11.306463127685607
7.525423728813559,2.3898305084745766,3.7510590309283294,2.270713892175555,3.0486323085876474,4.738391762671901
7.796610169491526,2.3898305084745766,3.2857992042743653,1.826557849200417,2.6349970582564026,1.1371974919655363
8.067796610169491,2.3898305084745766,2.6885988127008678,1.4765645699831311,2.1805421662125215,0.03663833360438623
8.338983050847457,2.3898305084745766,1.8622082223799217,1.3087919129024044,1.5654148419638179,0.05199321970001608
8.610169491525424,2.3898305084745766,1.0998010367720197,1.1373378541644055,1.0380484811377166,0.43119626784349424
8.881355932203391,2.3898305084745766,0.4842985611810007,0.9665101660600648,0.6097234766413693,1.1744589758079533
9.152542372881356,2.3898305084745766,0.2539729032449322,0.8138884470908174,0.39447591694695466,2.1470422028350837
9.423728813559322,2.3898305084745766,0.20480354956664473,0.6819204815334282,0.29689020643881187,3.2227387177573963
9.694915254237287,2.3898305084745766,0.15793832145385142,0.5612596276007691,0.2137551722898727,4.396783826827501
9.966101694915254,2.3898305084745766,0.11479757837463919,0.45200043733931133,0.14453978807788045,5.616894817530353
10.237288135593221,2.3898305084745766,0.0889430691878975,0.3383470016096474,0.09543727428941674,7.044419306195159
10.508474576271187,2.3898305084745766,0.06688390644800143,0.23902318634306477,0.05723999672134414,8.42416976155631
10.779661016949152,2.3898305084745766,0.047149371710515295,0.1567295108628284,0.028705551391436594,9.660759432246136
11.050847457627118,2.3898305084745766,0.031566325237606385,0.09671488290412761,0.012108145753460003,10.61595060277251
11.322033898305085,2.3898305084745766,0.02348828668570102,0.06874016753516818,0.009412339274904612,11.076579634589322
11.593220338983052,2.3898305084745766,0.016375873669972067,0.04550667730114891,0.007050774626209197,11.466576007723583
11.864406779661017,2.3898305084745766,0.010369813701074704,0.02701825059108228,0.005020350367662097,11.781743026312324
12.135593220338983,2.3898305084745766,0.006182240740381241,0.015196851047105957,0.003352663619172011,11.985498508436567
12.40677966101695,2.3898305084745766,0.0034558010011772446,0.008158587218960366,0.002048569665269469,12.107640739576997
12.677966101694915,2.3898305084745766,0.0014997921831579654,0.0033208405471709017,0.001069823612013317,12.191954215311629
12.94915254237288,2.3898305084745766,0.00034140871910764666,0.0006329376585621016,0.0004091397054687587,12.238926094788159
13.220338983050848,2.3898305084745766,0.0001635977318774965,0.0002715609987841044,0.0002449308319161649,12.245248143429878
13.491525423728813,2.3898305084745766,0.00010961086219536856,0.00017636257830536727,0.0001664548087658908,12.24691384927815
13.76271186440678,2.3898305084745766,6.609833853333751e-05,0.00010203636832546202,0.00010332138360504966,12.24821442862568
14.033898305084746,2.3898305084745766,3.529666813757352e-05,5.183350626284851e-05,5.7351364893581056e-05,12.249092930432347
14.305084745762711,2.3898305084745766,2.4111478111726506e-05,3.7431010956970555e-05,3.5257478504386984e-05,12.249344966065005
14.576271186440678,2.3898305084745766,1.5002977387801654e-05,2.54273947228195e-05,1.8542085669034295e-05,12.249555024633299
14.847457627118644,2.3898305084745766,8.011637871874874e-06,1.5785301071495065e-05,7.167568640477383e-06,12.249723758788592
15.11864406779661,2.3898305084745766,4.273501157406072e-06,9.599293011378353e-06,2.670300112154189e-06,12.249832012948215
15.389830508474576,2.3898305084745766,2.776201582450424e-06,6.10683172770412e-06,1.8059016018569768e-06,12.249893130677847
15.661016949152541,2.3898305084745766,1.5977476572233104e-06,3.4118888573247787e-06,1.1077303361750535e-06,12.249940292017753
15.932203389830509,2.3898305084745766,7.397549190033542e-07,1.503116050949182e-06,5.797261519131578e-07,12.249973695483225
16.203389830508474,2.3898305084745766,4.257152492957219e-07,8.372149868798683e-07,3.475808670149738e-07,12.249985348742106
16.474576271186443,2.3898305084745766,2.5966985051719623e-07,5.027898488816276e-07,2.2092355439558977e-07,12.249991201179222
16.74576271186441,2.3898305084745766,1.3420435535588753e-07,2.5460529154939213e-07,2.2092355440765247e-07,12.2499955444078
17.016949152542374,2.3898305084745766,5.2691087335936784e-08,9.277716181599172e-08,2.2092355441551794e-07,12.24999837639972
17.28813559322034,2.3898305084745766,4.482090629723765e-08,5.5299402593911676e-08,2.2092355441733946e-07,12.24999903226047
17.559322033898304,2.3898305084745766,4.4820906297531564e-08,2.5492472192021803e-08,2.2092355441878817e-07,12.24999955388174
17.83050847457627,2.3898305084745766,4.482090629758919e-08,1.964889177610942e-08,2.209235544190722e-07,12.249999656144393
18.101694915254235,2.3898305084745766,4.482090629758919e-08,1.964889177610942e-08,2.209235544190722e-07,12.249999656144393
18.372881355932204,2.3898305084745766,4.482090629758919e-08,1.964889177610942e-08,2.209235544190722e-07,12.249999656144393
18.64406779661017,2.3898305084745766,4.482090629758919e-08,1.964889177610942e-08,2.209235544190722e-07,12.249999656144393
18.915254237288135,2.3898305084745766,4.482090629758919e-08,1.964889177610942e-08,2.209235544190722e-07,12.249999656144393
19.186440677966104,2.3898305084745766,4.482090629758919e-08,1.964889177610942e-08,2.209235544190722e-07,12.249999656144393
19.45762711864407,2.3898305084745766,4.482090629758919e-08,1.964889177610942e-08,2.209235544190722e-07,12.249999656144393
19.728813559322035,2.3898305084745766,4.482090629758919e-08,1.964889177610942e-08,2.209235544190722e-07,12.249999656144393
20.0,2.3898305084745766,4.482090629758919e-08,1.964889177610942e-08,2.209235544190722e-07,12.249999656144393
4.0,2.454237288135593,0.5812529604062882,12.24763841222546,15.432967198149134,735.445369514933
4.271186440677966,2.454237288135593,1.040807452445156,17.840385827649893,15.229118243252056,1689.2892885124468
4.5423728813559325,2.454237288135593,1.8691241199942232,27.28778922337941,14.882410594373935,4188.610192963245
4.813559322033898,2.454237288135593,3.369613062070903,43.93089876157469,14.26155043739534,11305.483434170721
5.084745762711864,2.454237288135593,5.549979304036013,66.52805495130124,13.277701205671674,26510.39713587321
5.3559322033898304,2.454237288135593,6.956973218598791,78.4117013844099,12.220024196816574,37067.5134382595
5.627118644067797,2.454237288135593,7.893142653151769,91.40313820861827,10.681656907299628,50628.53054624775
5.898305084745763,2.454237288135593,7.755913190039412,104.28720525371355,8.48908354651005,66161.10628074863
6.169491525423728,2.454237288135593,7.244322307665433,84.99748355728201,6.894043462726552,43678.37035693771
6.4406779661016955,2.454237288135593,6.7535655532898575,49.91000452498849,5.934153864464137,14707.628368840024
6.711864406779661,2.454237288135593,5.777616284080651,21.449715162686232,4.958334131345573,2512.4442381553135
6.983050847457627,2.454237288135593,4.421643475647413,3.796148305398865,3.992113369051353,35.88454188416157
7.254237288135593,2.454237288135593,4.076958678825688,2.690376315734855,3.4807194504160233,10.40669397630911
7.525423728813559,2.454237288135593,3.702840232112735,2.2265037001905603,3.03362334756686,4.269427290179299
7.796610169491526,2.454237288135593,3.2425804450275146,1.791779885441546,2.621243788057521,0.9593217414786941
8.067796610169491,2.454237288135593,2.652606285569437,1.4490384464350508,2.168448518293442,0.015029807679770942
8.338983050847457,2.454237288135593,1.836838559498736,1.2848072281598604,1.5561015636503894,0.08293359177634028
8.610169491525424,2.454237288135593,1.0846498600223042,1.1168733920417289,1.0314824260303566,0.5010042258372281
8.881355932203391,2.454237288135593,0.47759210852040435,0.9494646371569907,0.6056612472044,1.268638207325512
9.152542372881356,2.454237288135593,0.25047008901372203,0.7998892662435053,0.39175276703067796,2.2508305798109896
9.423728813559322,2.454237288135593,0.20200754452803563,0.6705175763444771,0.2947876534339909,3.325903790139598
9.694915254237287,2.454237288135593,0.15580977619364075,0.5521427211634811,0.2122074541134499,4.492887282975415
9.966101694915254,2.454237288135593,0.11327411218151308,0.4448744715283637,0.14347348340790075,5.7016548446138895
10.237288135593221,2.454237288135593,0.08778379800379665,0.33317593642554416,0.09472272876742097,7.1132098913844635
10.508474576271187,2.454237288135593,0.06602961698511643,0.23548542257527058,0.05680652620384393,8.47558875646685
10.779661016949152,2.454237288135593,0.04656046090306236,0.15448542281203614,0.028486409070601376,9.695666012423198
11.050847457627118,2.454237288135593,0.031181612475203836,0.0953769503877719,0.012015289220245876,10.637758134871936
11.322033898305085,2.454237288135593,0.023209601778337623,0.06782275331140943,0.009340089169542732,11.091851353717457
11.593220338983052,2.454237288135593,0.01618705009246139,0.044921380961853406,0.006996755421246797,11.476487898589562
11.864406779661017,2.454237288135593,0.010253815758445847,0.026683760025380993,0.004982066415058144,11.787484343612656
12.135593220338983,2.454237288135593,0.0061141741419661845,0.015012539281208317,0.0033271867221711616,11.988689164676785
12.40677966101695,2.454237288135593,0.0034177617503524183,0.008059834964055391,0.002033001403750953,12.109358894001824
12.677966101694915,2.454237288135593,0.0014832876570929335,0.003280730995836387,0.0010616905687517869,12.192654477547027
12.94915254237288,2.454237288135593,0.00033765321867661587,0.0006253083094821246,0.0004060297985141297,12.239059548399572
13.220338983050848,2.454237288135593,0.00016179941666185556,0.0002682933619263413,0.0002430696157018684,12.245305316049588
13.491525423728813,2.454237288135593,0.0001084071933534894,0.0001742438051827412,0.00016518991615649634,12.246950923164945
13.76271186440678,2.454237288135593,6.537190253105408e-05,0.00010081468221401941,0.00010253646960842093,12.248235806583752
14.033898305084746,2.454237288135593,3.49120797103056e-05,5.121044677584376e-05,5.691099859233891e-05,12.249103833572107
14.305084745762711,2.454237288135593,2.3847950411453606e-05,3.69834720459229e-05,3.4986728235725e-05,12.2493527977878
14.576271186440678,2.454237288135593,1.4839648488700633e-05,2.5122517958587412e-05,1.8401950449220275e-05,12.249560359880352
14.847457627118644,2.454237288135593,7.925513536553122e-06,1.5595492803065017e-05,7.111378737165638e-06,12.249727080396063
15.11864406779661,2.454237288135593,4.228138963797256e-06,9.481979757212953e-06,2.6500996793910468e-06,12.249834065916172
15.389830508474576,2.454237288135593,2.7458463709009283e-06,6.03774931227903e-06,1.7895427397475819e-06,12.249894339614873
15.661016949152541,2.454237288135593,1.580034748057705e-06,3.3720587937252624e-06,1.0989206211169218e-06,12.249940989042173
15.932203389830509,2.454237288135593,7.304296264668003e-07,1.4875994482053713e-06,5.759172370684985e-07,12.249973967023484
16.203389830508474,2.454237288135593,4.194088510699654e-07,8.30060712125593e-07,3.458842171483252e-07,12.249985473941841
16.474576271186443,2.454237288135593,2.571911419076622e-07,4.96480290051105e-07,2.2092355439589645e-07,12.249991311596464
16.74576271186441,2.454237288135593,1.328827706672138e-07,2.513786699898482e-07,2.209235544078093e-07,12.24999560087367
17.016949152542374,2.454237288135593,5.218047614230957e-08,9.165125583103949e-08,2.2092355441557265e-07,12.249998396103072
17.28813559322034,2.454237288135593,4.482090629724483e-08,5.457172669361098e-08,2.2092355441737485e-07,12.249999044994798
17.559322033898304,2.454237288135593,4.4820906297534495e-08,2.519566365168545e-08,2.209235544188026e-07,12.249999559075889
17.83050847457627,2.454237288135593,4.482090629758919e-08,1.964889177610942e-08,2.209235544190722e-07,12.249999656144393
18.101694915254235,2.454237288135593,4.482090629758919e-08,1.964889177610942e-08,2.209235544190722e-07,12.249999656144393
18.372881355932204,2.454237288135593,4.482090629758919e-08,1.964889177610942e-08,2.209235544190722e-07,12.249999656144393
18.64406779661017,2.454237288135593,4.482090629758919e-08,1.964889177610942e-08,2.209235544190722e-07,12.249999656144393
18.915254237288135,2.454237288135593,4.482090629758919e-08,1.964889177610942e-08,2.209235544190722e-07,12.249999656144393
19.186440677966104,2.454237288135593,4.482090629758919e-08,1.964889177610942e-08,2.209235544190722e-07,12.249999656144393
19.45762711864407,2.454237288135593,4.482090629758919e-08,1.964889177610942e-08,2.209235544190722e-07,12.249999656144393
19.728813559322035,2.454237288135593,4.482090629758919e-08,1.964889177610942e-08,2.209235544190722e-07,12.249999656144393
20.0,2.454237288135593,4.482090629758919e-08,1.964889177610942e-08,2.209235544190722e-07,12.249999656144393
4.0,2.51864406779661,0.6016511125661219,12.12085066240192,15.428290801993693,718.353993284523
4.271186440677966,2.51864406779661,1.0655284885003176,17.606889915947793,15.2235720689051,1641.645504672814
4.5423728813559325,2.51864406779661,1.8976481250237025,26.876909309985354,14.87551660527952,4056.705674932615
4.813559322033898,2.51864406779661,3.3993860299997896,43.203501583492475,14.252592920790125,10922.079654006613
5.084745762711864,2.51864406779661,5.571772381934779,65.34587575271671,13.266143872829627,25556.71891113677
5.3559322033898304,2.51864406779661,6.958100831772698,76.94099479146514,12.206309107671956,35665.26183802601
5.627118644067797,2.51864406779661,7.869593970104461,89.60018327310458,10.665902830505267,48620.452058807714
5.898305084745763,2.51864406779661,7.7115747888290755,102.12587043486795,8.472500294609802,63410.63109288627
6.169491525423728,2.51864406779661,7.187282599712485,83.2084861201667,6.87700640146928,41828.92750795941
6.4406779661016955,2.51864406779661,6.689521135622696,48.86605685713705,5.916469964297932,14081.415959781045
6.711864406779661,2.51864406779661,5.715474829538306,21.00476345335078,4.941015632016805,2402.16718788649
6.983050847457627,2.51864406779661,4.369721404320638,3.7182576048871487,3.9762077094168538,33.58948951635686
7.254237288135593,2.51864406779661,4.026703138724792,2.6363635753804853,3.46583215429136,9.553718065797607
7.525423728813559,2.51864406779661,3.6556229301683323,2.182811611393155,3.01975549502962,3.8299626183246738
7.796610169491526,2.51864406779661,3.2002350915528335,1.7574232578671813,2.608467879524684,0.7984461579024354
8.067796610169491,2.51864406779661,2.6173299253193507,1.4218585950239075,2.1571572847412166,0.0029862386026199973
8.338983050847457,2.51864406779661,1.811976825086743,1.2611423289401804,1.5473661683314412,0.12050908007598146
8.610169491525424,2.51864406779661,1.0698019489292203,1.0966933283401659,1.0252972552314996,0.5749683567085399
8.881355932203391,2.51864406779661,0.47101885439981367,0.9326621602996543,0.6018192772011771,1.3650291025986616
9.152542372881356,2.51864406779661,0.24703505470795037,0.7860891960820798,0.38916736264034973,2.355540469794668
9.423728813559322,2.51864406779661,0.19926375342906402,0.6592739985024452,0.29278422802845633,3.429218808090971
9.694915254237287,2.51864406779661,0.1537195869318873,0.5431506693979147,0.21072779505458503,4.588692345957758
9.966101694915254,2.51864406779661,0.11177712349507085,0.43784393207116684,0.14245094493885813,5.785901869076706
10.237288135593221,2.51864406779661,0.08664393209691187,0.3280723626357931,0.09403557294023751,7.181430373407564
10.508474576271187,2.51864406779661,0.06518908709290118,0.23199257168744505,0.0563885828479281,8.526508453708173
10.779661016949152,2.51864406779661,0.04598067044813011,0.15226897721646743,0.028274607239593512,9.73020440760275
11.050847457627118,2.51864406779661,0.030802617128334413,0.09405498196636633,0.01192534112227615,10.659327438292923
11.322033898305085,2.51864406779661,0.022934885815658126,0.0669158987443749,0.009269957823488223,11.106957631378233
11.593220338983052,2.51864406779661,0.016000802605859087,0.044342582475769624,0.0069442155505230925,11.486293960552906
11.864406779661017,2.51864406779661,0.010139331675634468,0.026352843427292945,0.004944764990721871,11.793165692251767
12.135593220338983,2.51864406779661,0.006046976249607696,0.014830160494587198,0.003302337289489542,11.991846776721564
12.40677966101695,2.51864406779661,0.0033802010682260587,0.007962127561277654,0.002017816203003897,12.111058989398279
12.677966101694915,2.51864406779661,0.0014669940449884504,0.0032410333302023905,0.001053759379913325,12.193347568578
12.94915254237288,2.51864406779661,0.00033394489228931684,0.0006177584689990228,0.0004029960042049983,12.239191611952052
13.220338983050848,2.51864406779661,0.00016002394173013837,0.0002650603778554239,0.0002412508230526543,12.245361882493803
13.491525423728813,2.51864406779661,0.00010721746983908975,0.0001721496551793775,0.0001639542247901334,12.246987566256257
13.76271186440678,2.51864406779661,6.465627952074279e-05,9.960359805107787e-05,0.0001017683780274673,12.248256999039581
14.033898305084746,2.51864406779661,3.452832189171767e-05,5.0598838796682624e-05,5.648669265729499e-05,12.249114536322573
14.305084745762711,2.51864406779661,2.358583481019648e-05,3.654334789297579e-05,3.4725108025460915e-05,12.249360499758222
14.576271186440678,2.51864406779661,1.4676478672530324e-05,2.4824437965822522e-05,1.8263337118325918e-05,12.249565576187173
14.847457627118644,2.51864406779661,7.838367025806083e-06,1.5411230339433164e-05,7.058145232862456e-06,12.249730304953472
15.11864406779661,2.51864406779661,4.181424521253261e-06,9.371338384336482e-06,2.629450885825215e-06,12.249836002127157
15.389830508474576,2.51864406779661,2.716915643331832e-06,5.962771455987842e-06,1.7768059837676565e-06,12.249895651721735
15.661016949152541,2.51864406779661,1.5629003305391653e-06,3.332962379483447e-06,1.0904264943502229e-06,12.249941673227788
15.932203389830509,2.51864406779661,7.23457509658332e-07,1.4686803854206024e-06,5.708301704474283e-07,12.249974298106732
16.203389830508474,2.51864406779661,4.1590682978913137e-07,8.205051291562865e-07,3.403277052654394e-07,12.249985641164445
16.474576271186443,2.51864406779661,2.5451098225030124e-07,4.901050138362472e-07,2.209235543962063e-07,12.249991423163756
16.74576271186441,2.51864406779661,1.3148491356977026e-07,2.480419267436621e-07,2.2092355440797146e-07,12.249995659266663
17.016949152542374,2.51864406779661,5.1672036999170605e-08,9.053964398906622e-08,2.2092355441562668e-07,12.249998415556277
17.28813559322034,2.51864406779661,4.482090629725112e-08,5.393322052371405e-08,2.2092355441740587e-07,12.249999056168654
17.559322033898304,2.51864406779661,4.4820906297523325e-08,2.6328762801888467e-08,2.2092355441874754e-07,12.249999539246655
17.83050847457627,2.51864406779661,4.482090629758919e-08,1.964889177610942e-08,2.209235544190722e-07,12.249999656144393
18.101694915254235,2.51864406779661,4.482090629758919e-08,1.964889177610942e-08,2.209235544190722e-07,12.249999656144393
18.372881355932204,2.51864406779661,4.482090629758919e-08,1.964889177610942e-08,2.209235544190722e-07,12.249999656144393
18.64406779661017,2.51864406779661,4.482090629758919e-08,1.964889177610942e-08,2.209235544190722e-07,12.249999656144393
18.915254237288135,2.51864406779661,4.482090629758919e-08,1.964889177610942e-08,2.209235544190722e-07,12.249999656144393
19.186440677966104,2.51864406779661,4.482090629758919e-08,1.964889177610942e-08,2.209235544190722e-07,12.249999656144393
19.45762711864407,2.51864406779661,4.482090629758919e-08,1.964889177610942e-08,2.209235544190722e-07,12.249999656144393
19.728813559322035,2.51864406779661,4.482090629758919e-08,1.964889177610942e-08,2.209235544190722e-07,12.249999656144393
20.0,2.51864406779661,4.482090629758919e-08,1.964889177610942e-08,2.209235544190722e-07,12.249999656144393
4.0,2.5830508474576273,0.6229095289212934,11.988180797638847,15.42376111271638,700.6848287717999
4.271186440677966,2.5830508474576273,1.091144944786633,17.366506882066403,15.218250611056954,1593.3083875942114
4.5423728813559325,2.5830508474576273,1.9271178930747477,26.4573198232007,14.868985582232346,3924.1829795135423
4.813559322033898,2.5830508474576273,3.4301832276904696,42.464570545706906,14.244243156829757,10539.36846314587
5.084745762711864,2.5830508474576273,5.594640292857463,64.15007907362096,13.255562325878563,24609.82764841051
5.3559322033898304,2.5830508474576273,6.96017207346023,75.45867070534236,12.19394209512747,34279.29191651457
5.627118644067797,2.5830508474576273,7.847071760238943,87.79076367217569,10.65191686650703,46646.025299135676
5.898305084745763,2.5830508474576273,7.668584686074067,99.96830504338311,8.458010561621373,60723.192244533886
6.169491525423728,2.5830508474576273,7.131760972194412,81.42904430179908,6.862055341011272,40029.04957412074
6.4406779661016955,2.5830508474576273,6.627009264345083,47.829812507531976,5.9007428242132365,13473.29680927858
6.711864406779661,2.5830508474576273,5.6547661595492595,20.563938502042102,4.925454258417293,2295.3533681878234
6.983050847457627,2.5830508474576273,4.318987967231554,3.6412203062165265,3.961799900381669,31.39417788123313
7.254237288135593,2.5830508474576273,3.9775487290626668,2.582973713051169,3.4522571922090095,8.746417536062937
7.525423728813559,2.5830508474576273,3.609403501045003,2.139642441369054,3.0070266642562573,3.4191933817148414
7.796610169491526,2.5830508474576273,3.1587588042913044,1.7234903020025314,2.5966666175258903,0.6540373468105564
8.067796610169491,2.5830508474576273,2.5827650644238567,1.395025661284694,2.1466653630526946,0.0001546502853411908
8.338983050847457,2.5830508474576273,1.787618582029337,1.2377964062936226,1.5392055545007488,0.16443753632039695
8.610169491525424,2.5830508474576273,1.0552541245247675,1.0767960311858482,1.01949040912556,0.6528800341076196
8.881355932203391,2.5830508474576273,0.46457723140548113,0.9161007944650724,0.5981958311653547,1.4634902569833375
9.152542372881356,2.5830508474576273,0.24366697440218377,0.772486467316362,0.38671852681291385,2.461082710631869
9.423728813559322,2.5830508474576273,0.19657154135168026,0.6481882977006908,0.29087904654178676,3.532630223213656
9.694915254237287,2.5830508474576273,0.15166729037748652,0.5342823198145448,0.209315567269918,4.684169386160536
9.966101694915254,2.5830508474576273,0.11030629654052475,0.4309079318533401,0.141471758781465,5.869621478404813
10.237288135593221,2.5830508474576273,0.0855232425949404,0.32303566278200185,0.09337554302678515,7.24907614774626
10.508474576271187,2.5830508474576273,0.06436216119892994,0.22854421808597528,0.055986014293154876,8.57692905612374
10.779661016949152,2.5830508474576273,0.045409895317426556,0.15007994022983034,0.0280700730024466,9.764375973849152
11.050847457627118,2.5830508474576273,0.030429281145989254,0.09274882646177632,0.011838272686022463,10.680660191981639
11.322033898305085,2.5830508474576273,0.0226640985980243,0.06601951793459598,0.009201921427139435,11.121899540821547
11.593220338983052,2.5830508474576273,0.015817104029675726,0.04377022511680163,0.006893144439216712,11.495995014248313
11.864406779661017,2.5830508474576273,0.010026345335136775,0.026025471013249413,0.004908439465632522,11.798787539402266
12.135593220338983,2.5830508474576273,0.005980634940571655,0.01464969514219617,0.003278117323173674,11.994971669810061
12.40677966101695,2.5830508474576273,0.003343121768533413,0.007865434248013893,0.0020030132881180686,12.112741557259188
12.677966101694915,2.5830508474576273,0.0014509007809839348,0.003201764785649413,0.0010460266360119484,12.194033186862022
12.94915254237288,2.5830508474576273,0.00033028336350850304,0.0006102876485599204,0.0004000376782947306,12.239322293969035
13.220338983050848,2.5830508474576273,0.00015826951568437741,0.00026186295115620997,0.00023947872148842258,12.245417826931048
13.491525423728813,2.5830508474576273,0.00010604301622102229,0.0001700778391210438,0.00016274590608353004,12.247023818605824
13.76271186440678,2.5830508474576273,6.394799322439832e-05,9.84070817694866e-05,0.00010102104816255101,12.248277936593741
14.033898305084746,2.5830508474576273,3.415116694061794e-05,4.9991261787394506e-05,5.6070237129147546e-05,12.24912516853826
14.305084745762711,2.5830508474576273,2.3328407228290047e-05,3.610450998444752e-05,3.447169870415122e-05,12.249368179222369
14.576271186440678,2.5830508474576273,1.4517572179739996e-05,2.4526755900855647e-05,1.8126177349946485e-05,12.249570785531493
14.847457627118644,2.5830508474576273,7.75376227938975e-06,1.5224546742564908e-05,7.007381356548643e-06,12.24973357188067
15.11864406779661,2.5830508474576273,4.134813258045111e-06,9.26059257995302e-06,2.611328743785862e-06,12.24983794016584
15.389830508474576,2.5830508474576273,2.6883853418115817e-06,5.88902424803482e-06,1.764408018832966e-06,12.24989694229241
15.661016949152541,2.5830508474576273,1.5456517953862877e-06,3.293903896057479e-06,1.0820653546773687e-06,12.249942356749626
15.932203389830509,2.5830508474576273,7.144305888336e-07,1.4533342841221546e-06,5.671931629436154e-07,12.249974566663228
16.203389830508474,2.5830508474576273,4.112369954798344e-07,8.090764895898906e-07,3.3980707131409743e-07,12.249985841165522
16.474576271186443,2.5830508474576273,2.521454757451191e-07,4.841500313393781e-07,2.2092355439649575e-07,12.249991527375913
16.74576271186441,2.5830508474576273,1.297896127840299e-07,2.441849188360085e-07,2.2092355440815894e-07,12.249995726764293
17.016949152542374,2.5830508474576273,5.116609708915405e-08,8.944197380548051e-08,2.2092355441568004e-07,12.249998434765505
17.28813559322034,2.5830508474576273,4.4820906297258085e-08,5.3227906479806976e-08,2.2092355441744015e-07,12.24999906851165
17.559322033898304,2.5830508474576273,4.482090629754026e-08,2.461110554633762e-08,2.20923554418831e-07,12.249999569305654
17.83050847457627,2.5830508474576273,4.482090629758919e-08,1.964889177610942e-08,2.209235544190722e-07,12.249999656144393
18.101694915254235,2.5830508474576273,4.482090629758919e-08,1.964889177610942e-08,2.209235544190722e-07,12.249999656144393
18.372881355932204,2.5830508474576273,4.482090629758919e-08,1.964889177610942e-08,2.209235544190722e-07,12.249999656144393
18.64406779661017,2.5830508474576273,4.482090629758919e-08,1.964889177610942e-08,2.209235544190722e-07,12.249999656144393
18.915254237288135,2.5830508474576273,4.482090629758919e-08,1.964889177610942e-08,2.209235544190722e-07,12.249999656144393
19.186440677966104,2.5830508474576273,4.482090629758919e-08,1.964889177610942e-08,2.209235544190722e-07,12.249999656144393
19.45762711864407,2.5830508474576273,4.482090629758919e-08,1.964889177610942e-08,2.209235544190722e-07,12.249999656144393
19.728813559322035,2.5830508474576273,4.482090629758919e-08,1.964889177610942e-08,2.209235544190722e-07,12.249999656144393
20.0,2.5830508474576273,4.482090629758919e-08,1.964889177610942e-08,2.209235544190722e-07,12.249999656144393
4.0,2.6474576271186443,0.6450478133711659,11.849741652929968,15.41938761235265,682.481878831122
4.271186440677966,2.6474576271186443,1.1176694480596723,17.11947536378835,15.213164980485097,1544.38691070468
4.5423728813559325,2.6474576271186443,1.9575396021623088,26.029465225352,14.862831415848794,3791.315983042646
4.813559322033898,2.6474576271186443,3.4620067069049867,41.71491002487583,14.236519171854532,10158.074814461459
5.084745762711864,2.6474576271186443,5.618586867432029,62.94195556094406,13.245979005986607,23671.32683915758
5.3559322033898304,2.6474576271186443,6.963198327177211,73.9662754882174,12.182947782500882,32911.65211394913
5.627118644067797,2.6474576271186443,7.8255973927937665,85.97658252266953,10.639723181734054,44707.48944508705
5.898305084745763,2.6474576271186443,7.626965411266116,97.81612208921406,8.445633058719004,58100.42874201393
6.169491525423728,2.6474576271186443,7.077774330833615,79.6601695494154,6.849202783785082,38279.08836189527
6.4406779661016955,2.6474576271186443,6.566041378220998,46.80172995913576,5.88698042317328,12883.231770514287
6.711864406779661,2.6474576271186443,5.595494782874232,20.12738109787975,4.9116536801968635,2191.9675174076483
6.983050847457627,2.6474576271186443,4.269441954503588,3.56505215858228,3.9488901536832492,29.296567808636183
7.254237288135593,2.6474576271186443,3.929492505837717,2.5302146325020938,3.439993476303708,7.983656972011519
7.525423728813559,2.6474576271186443,3.5641778792111896,2.097000557343413,2.9954348841410177,3.0363111058564294
7.796610169491526,2.6474576271186443,3.1181469340907833,1.689983056859786,2.585837444252407,0.5255635829109121
8.067796610169491,2.6474576271186443,2.5489068519324283,1.3685401030386894,2.1369698287206544,0.0061857819801016956
8.338983050847457,2.6474576271186443,1.7637593309920911,1.214768540076817,1.5316167966980527,0.21444183590796098
8.610169491525424,2.6474576271186443,1.0410032024676064,1.0571798145324902,1.0140594671755943,0.7345354972748609
8.881355932203391,2.6474576271186443,0.4582656810823236,0.8997785789810505,0.5947892636281819,1.5638841877888563
9.152542372881356,2.6474576271186443,0.24036502863985681,0.7590793060754994,0.3844051393375628,2.567370849379145
9.423728813559322,2.6474576271186443,0.1939302791320615,0.6372590236276062,0.28907126318968496,3.6360862314844526
9.694915254237287,2.6474576271186443,0.14965242860333103,0.5255365201366194,0.20797016696733114,4.779289860092329
9.966101694915254,2.6474576271186443,0.10886131836892055,0.4240655902561514,0.14053552375494974,5.952799825762962
10.237288135593221,2.6474576271186443,0.08442150668412246,0.3180652117396675,0.09274238179323557,7.316143037799565
10.508474576271187,2.6474576271186443,0.06354868234943528,0.22513995692865532,0.055598675022443464,8.62685075503501
10.779661016949152,2.6474576271186443,0.04484804011083207,0.1479180493333588,0.02787273569319322,9.798182569907382
11.050847457627118,2.6474576271186443,0.03006153937874479,0.09145835563587203,0.011754057172531012,10.701757718969846
11.322033898305085,2.6474576271186443,0.022397196569770912,0.06513352664729476,0.009135962019113613,11.1366781355068
11.593220338983052,2.6474576271186443,0.015635927097807874,0.043204267196893284,0.006843525445465432,11.505591628454493
11.864406779661017,2.6474576271186443,0.009914845541033215,0.02570161879470216,0.004873074903522425,11.804350253646886
12.135593220338983,2.6474576271186443,0.005915144126470247,0.014471130821739843,0.0032545168479619475,11.998064045789926
12.40677966101695,2.6474576271186443,0.003306512311815775,0.007769769130730281,0.0019885863050028503,12.114406348414372
12.677966101694915,2.6474576271186443,0.0014350187240476315,0.00316289783431731,0.0010384867140991205,12.194711812416386
12.94915254237288,2.6474576271186443,0.00032666987923552523,0.0006028929575143272,0.0003971525929338172,12.239451644992986
13.220338983050848,2.6474576271186443,0.00015653850657448905,0.0002586973663493794,0.00023774981436084695,12.245473214365928
13.491525423728813,2.6474576271186443,0.00010488397221935857,0.0001680248179125753,0.00016157240237455934,12.24705974213865
13.76271186440678,2.6474576271186443,6.324848400444098e-05,9.722314516719567e-05,0.00010029249135104642,12.248298654036693
14.033898305084746,2.6474576271186443,3.377890521824704e-05,4.9390065576701404e-05,5.566407674922608e-05,12.24913568909852
14.305084745762711,2.6474576271186443,2.3075264835070166e-05,3.567169719571174e-05,3.421633561541497e-05,12.249375753252012
14.576271186440678,2.6474576271186443,1.43580748429925e-05,2.4234130968555332e-05,1.799798361239241e-05,12.249575906378627
14.847457627118644,2.6474576271186443,7.670607395080154e-06,1.504088130067197e-05,6.9551951533934295e-06,12.249736785991162
15.11864406779661,2.6474576271186443,4.091016776657386e-06,9.147169730654935e-06,2.5925110268640695e-06,12.249839925052656
15.389830508474576,2.6474576271186443,2.656898850299981e-06,5.825668349921639e-06,1.7504476395529858e-06,12.24989805101599
15.661016949152541,2.6474576271186443,1.5281400483599513e-06,3.2541904190939497e-06,1.0760054445461901e-06,12.249943051733847
15.932203389830509,2.6474576271186443,7.075886264015153e-07,1.4348475396097726e-06,5.623648624627211e-07,12.249974890180921
16.203389830508474,2.6474576271186443,4.072770336618861e-07,7.988624227815038e-07,3.3691177673190847e-07,12.249986019911587
16.474576271186443,2.6474576271186443,2.478191097352667e-07,4.809460494304191e-07,2.2092355439665144e-07,12.249991583445578
16.74576271186441,2.6474576271186443,1.2852025414116782e-07,2.4115242147926893e-07,2.2092355440830633e-07,12.249995779832982
17.016949152542374,2.6474576271186443,5.0662944073824246e-08,8.835792116750088e-08,2.2092355441573271e-07,12.249998453736426
17.28813559322034,2.6474576271186443,4.482090629728784e-08,5.020931734099287e-08,2.2092355441758687e-07,12.249999121336957
17.559322033898304,2.6474576271186443,4.482090629753021e-08,2.5630295326244563e-08,2.2092355441878148e-07,12.249999551469834
17.83050847457627,2.6474576271186443,4.482090629758919e-08,1.964889177610942e-08,2.209235544190722e-07,12.249999656144393
18.101694915254235,2.6474576271186443,4.482090629758919e-08,1.964889177610942e-08,2.209235544190722e-07,12.249999656144393
18.372881355932204,2.6474576271186443,4.482090629758919e-08,1.964889177610942e-08,2.209235544190722e-07,12.249999656144393
18.64406779661017,2.6474576271186443,4.482090629758919e-08,1.964889177610942e-08,2.209235544190722e-07,12.249999656144393
18.915254237288135,2.6474576271186443,4.482090629758919e-08,1.964889177610942e-08,2.209235544190722e-07,12.249999656144393
19.186440677966104,2.6474576271186443,4.482090629758919e-08,1.964889177610942e-08,2.209235544190722e-07,12.249999656144393
19.45762711864407,2.6474576271186443,4.482090629758919e-08,1.964889177610942e-08,2.209235544190722e-07,12.249999656144393
19.728813559322035,2.6474576271186443,4.482090629758919e-08,1.964889177610942e-08,2.209235544190722e-07,12.249999656144393
20.0,2.6474576271186443,4.482090629758919e-08,1.964889177610942e-08,2.209235544190722e-07,12.249999656144393
4.0,2.711864406779661,0.6680846972398762,11.705662051501479,15.415179675244627,663.7916894984854
4.271186440677966,2.711864406779661,1.1451135741193061,16.866052014457445,15.208326030124597,1494.9922807118946
4.5423728813559325,2.711864406779661,1.9889182290419156,25.593811584486815,14.857067478267355,3658.3782436603024
4.813559322033898,2.711864406779661,3.4948571980611263,40.95535024019237,14.229438030937075,9778.91082890179
5.084745762711864,2.711864406779661,5.643614547046285,61.72282049569164,13.237414787417627,22742.766703471476
5.3559322033898304,2.711864406779661,6.967189627919782,72.46536849514814,12.173348701218831,31564.29124594495
5.627118644067797,2.711864406779661,7.805190613631639,84.15933660846282,10.629343544276127,42806.92372420533
5.898305084745763,2.711864406779661,7.586737574430619,95.6709041207779,8.43538444260986,55543.771023430614
6.169491525423728,2.711864406779661,7.025337766760055,77.90284217934868,6.8384598641027825,36579.28038448956
6.4406779661016955,2.711864406779661,6.506627326882043,45.78224962512823,5.8751898718006546,12311.150511169968
6.711864406779661,2.711864406779661,5.537664019607955,19.695224940470027,4.899617148256379,2091.970347639978
6.983050847457627,2.711864406779661,4.221081433705457,3.4897678530132246,3.9374786096631023,27.29456049679689
7.254237288135593,2.711864406779661,3.8825309651808415,2.4780936034286154,3.4290399746550158,7.264286360960606
7.525423728813559,2.711864406779661,3.5199415802514133,2.05488988865488,2.98497831352757,2.6805047891400084
7.796610169491526,2.711864406779661,3.0783945395091408,1.6569032727361857,2.575977970583913,0.41249557214101895
8.067796610169491,2.711864406779661,2.515750264296166,1.3424021962151746,2.1280679438504593,0.020734418755220196
8.338983050847457,2.711864406779661,1.7403945166892725,1.1920577032297606,1.5245971493852388,0.27024999241301434
8.610169491525424,2.711864406779661,1.0270459973626662,1.0378429384463848,1.0090021509103178,0.8197358577071813
8.881355932203391,2.711864406779661,0.4520826549688653,0.8836935338014023,0.5915980201929038,1.6660772939905228
9.152542372881356,2.711864406779661,0.23712840489886283,0.7458659340441441,0.3822261372629048,2.6743211015246238
9.423728813559322,2.711864406779661,0.19133934356962895,0.6264847232924405,0.28736007385065254,3.7395367706248255
9.694915254237287,2.711864406779661,0.14767454765542862,0.5169121194001566,0.20669101823900163,4.874026280389519
9.966101694915254,2.711864406779661,0.1074418805474785,0.41731602193810535,0.13964185666879247,6.035423754622188
10.237288135593221,2.711864406779661,0.08333849991078732,0.3131603963878172,0.09213584430079771,7.382627024874291
10.508474576271187,2.711864406779661,0.0627484964906825,0.22177938381992723,0.055226421634819736,8.67627387744844
10.779661016949152,2.711864406779661,0.04429500173092773,0.14578307242069521,0.027682526969457177,9.831625633915442
11.050847457627118,2.711864406779661,0.029699333789976665,0.09018342826926622,0.011672665834046806,10.722621572377827
11.322033898305085,2.711864406779661,0.02213414044322893,0.06425782942007795,0.009072060453990808,11.151294664159757
11.593220338983052,2.711864406779661,0.015457251566434006,0.042644638658295944,0.006795346170828271,11.515084856019172
11.864406779661017,2.711864406779661,0.009804818886061394,0.02538124775683888,0.004838666340904825,11.809854462615904
12.135593220338983,2.711864406779661,0.005850500651977545,0.014294444210570353,0.0032315281389566795,12.001124295910573
12.40677966101695,2.711864406779661,0.003270375938671229,0.007675105283759401,0.001974531100460434,12.116053827791188
12.677966101694915,2.711864406779661,0.0014193382277120962,0.003124438982338663,0.0010311444335346013,12.195383331052538
12.94915254237288,2.711864406779661,0.0003230996116607338,0.000595581412418356,0.00039434208726257016,12.239579542265293
13.220338983050848,2.711864406779661,0.00015482903014032604,0.0002555645221225367,0.00023606776235528804,12.24552802907051
13.491525423728813,2.711864406779661,0.00010373857607770957,0.00016599564054428984,0.00016042741494406675,12.247095248506428
13.76271186440678,2.711864406779661,6.255935461920991e-05,9.604975825794839e-05,9.958044773288216e-05,12.248319186890207
14.033898305084746,2.711864406779661,3.340983467398518e-05,4.87978604504884e-05,5.526643228564126e-05,12.24914605232481
14.305084745762711,2.711864406779661,2.2824141065107082e-05,3.524210690101143e-05,3.397547654082462e-05,12.249383270891768
14.576271186440678,2.711864406779661,1.4203033171255411e-05,2.394270589336652e-05,1.7867570680461566e-05,12.249581006229693
14.847457627118644,2.711864406779661,7.58463855878965e-06,1.4865347059931655e-05,6.907192307168374e-06,12.249739857807564
15.11864406779661,2.711864406779661,4.0460721744216566e-06,9.039825983122918e-06,2.5733432081630734e-06,12.249841803556034
15.389830508474576,2.711864406779661,2.62895896620247e-06,5.753232758926041e-06,1.7385794261104832e-06,12.24989931863359
15.661016949152541,2.711864406779661,1.5121280685492056e-06,3.21720712419065e-06,1.0660616085125478e-06,12.249943698940013
15.932203389830509,2.711864406779661,6.988449908168638e-07,1.4196888949525767e-06,5.588990717485725e-07,12.249975155456935
16.203389830508474,2.711864406779661,4.014327132140418e-07,7.91717588415716e-07,3.35355383414626e-07,12.249986144946117
16.474576271186443,2.711864406779661,2.470825732395396e-07,4.7200079357548245e-07,2.2092355439708624e-07,12.249991739987504
16.74576271186441,2.711864406779661,1.27258681013326e-07,2.381606460481368e-07,2.2092355440845175e-07,12.249995832189045
17.016949152542374,2.711864406779661,5.0162831072796956e-08,8.728718679613436e-08,2.2092355441578475e-07,12.249998472474276
17.28813559322034,2.711864406779661,4.482090629727098e-08,5.191898878402077e-08,2.2092355441750375e-07,12.249999091417708
17.559322033898304,2.711864406779661,4.482090629753318e-08,2.5329395572012505e-08,2.2092355441879611e-07,12.249999556735581
17.83050847457627,2.711864406779661,4.482090629758919e-08,1.964889177610942e-08,2.209235544190722e-07,12.249999656144393
18.101694915254235,2.711864406779661,4.482090629758919e-08,1.964889177610942e-08,2.209235544190722e-07,12.249999656144393
18.372881355932204,2.711864406779661,4.482090629758919e-08,1.964889177610942e-08,2.209235544190722e-07,12.249999656144393
18.64406779661017,2.711864406779661,4.482090629758919e-08,1.964889177610942e-08,2.209235544190722e-07,12.249999656144393
18.915254237288135,2.711864406779661,4.482090629758919e-08,1.964889177610942e-08,2.209235544190722e-07,12.249999656144393
19.186440677966104,2.711864406779661,4.482090629758919e-08,1.964889177610942e-08,2.209235544190722e-07,12.249999656144393
19.45762711864407,2.711864406779661,4.482090629758919e-08,1.964889177610942e-08,2.209235544190722e-07,12.249999656144393
19.728813559322035,2.711864406779661,4.482090629758919e-08,1.964889177610942e-08,2.209235544190722e-07,12.249999656144393
20.0,2.711864406779661,4.482090629758919e-08,1.964889177610942e-08,2.209235544190722e-07,12.249999656144393
4.0,2.776271186440678,0.6920379143446276,11.556086696942373,15.411146528743679,644.6631062238113
4.271186440677966,2.776271186440678,1.1734877527387981,16.606510931846515,15.203744309631675,1445.2373420022973
4.5423728813559325,2.776271186440678,2.0212574793419567,25.15084529540353,14.85170656654264,3525.6415765387
4.813559322033898,2.776271186440678,3.5287340585474345,40.18674480028084,14.223015766309157,9402.572326263205
5.084745762711864,2.776271186440678,5.669724338108585,60.49400991359001,13.229888895097568,21825.637547921717
5.3559322033898304,2.776271186440678,6.972154616269798,70.95751770666398,12.165165211006292,30239.051684455444
5.627118644067797,2.776271186440678,7.785869501613328,82.34071231375339,10.620797264291747,40946.24318661117
5.898305084745763,2.776271186440678,7.54791985656372,93.53420066016024,8.427279294073797,53054.443320541686
6.169491525423728,2.776271186440678,6.9744645785602915,76.15801052875973,6.829836351757092,34929.75086386344
6.4406779661016955,2.776271186440678,6.448775406810745,44.77179372323191,5.865377427007138,11756.953067316115
6.711864406779661,2.776271186440678,5.4812760404560175,19.267596691919337,4.889347513866258,1995.3188221567927
6.983050847457627,2.776271186440678,4.1739037819680815,3.415381041237782,3.927565355276808,25.386004633629287
7.254237288135593,2.776271186440678,3.8366600704094624,2.4266172752741624,3.419395727063116,6.587143936820909
7.525423728813559,2.776271186440678,3.476689723028463,2.013313937797052,2.9756552540240446,2.3509624143507906
7.796610169491526,2.776271186440678,3.039496403490165,1.6242524193471988,2.5670859863531232,0.3143071723941996
8.067796610169491,2.776271186440678,2.483290117494761,1.3166120404014858,2.119957164353392,0.04345969878752136
8.338983050847457,2.776271186440678,1.7175195332996442,1.1696627657000203,1.5181440518889175,0.33159525940602325
8.610169491525424,2.776271186440678,1.0133793241026454,1.0187836129055372,1.0043163251011447,0.9082870861834702
8.881355932203391,2.776271186440678,0.4460266141892324,0.8678436634190564,0.5886206370940218,1.769939791020315
9.152542372881356,2.776271186440678,0.23395629782496324,0.7328445684082986,0.3801805152167186,2.7818523118894327
9.423728813559322,2.776271186440678,0.18879811675091346,0.615863945972189,0.28574471324367023,3.8429334451644124
9.694915254237287,2.776271186440678,0.1457331971703934,0.508407971222429,0.20547757107017847,4.968352161123155
9.966101694915254,2.776271186440678,0.10604767604672695,0.41065835167856196,0.13879038859865842,6.117480606896123
10.237288135593221,2.776271186440678,0.08227400276075643,0.30832059895084013,0.09155569301089753,7.448524466719075
10.508474576271187,2.776271186440678,0.06196145078348218,0.21846209529494695,0.05486911693783158,8.725198876592541
10.779661016949152,2.776271186440678,0.043750682526631036,0.14367476187669037,0.02749938156628858,9.864706899659938
11.050847457627118,2.776271186440678,0.02934260477114127,0.08892389911538584,0.011594074929857876,10.743253389442517
11.322033898305085,2.776271186440678,0.0218748943705444,0.0633923366819323,0.009010194150907008,11.165750285253655
11.593220338983052,2.776271186440678,0.015281050356954675,0.04209129829052527,0.006748590963778907,11.524475263614443
11.864406779661017,2.776271186440678,0.009696245968981379,0.02506434948978285,0.004805202654337264,11.81530026902471
12.135593220338983,2.776271186440678,0.005786683715512198,0.014119648833281111,0.0032091481257052737,12.004152173437422
12.40677966101695,2.776271186440678,0.0032346989849824947,0.007581449017692931,0.0019608516203893406,12.117683881997923
12.677966101694915,2.776271186440678,0.0014038563839175932,0.0030863937410764777,0.0010239935963893545,12.196047645945688
12.94915254237288,2.776271186440678,0.0003195758687948721,0.0005883440536948752,0.0003916061071070592,12.239706142489872
13.220338983050848,2.776271186440678,0.0001531415268958168,0.00025246521163075904,0.00023442685935001634,12.245582257163228
13.491525423728813,2.776271186440678,0.00010260770044183297,0.00016398778361415153,0.00015931209380414294,12.247130381861709
13.76271186440678,2.776271186440678,6.187885753036178e-05,9.488877930585409e-05,9.888677684232246e-05,12.248339502636398
14.033898305084746,2.776271186440678,3.304622976575585e-05,4.8208622401967974e-05,5.488485438031486e-05,12.249156363633407
14.305084745762711,2.776271186440678,2.257613404223996e-05,3.4817081663552896e-05,3.37406513285341e-05,12.249390708647319
14.576271186440678,2.776271186440678,1.404744953564649e-05,2.3655986940998703e-05,1.77455755728355e-05,12.249586023726064
14.847457627118644,2.776271186440678,7.5035110578654635e-06,1.468548063237232e-05,6.8575939441413396e-06,12.249743005436825
15.11864406779661,2.776271186440678,4.002015556378336e-06,8.933762172527698e-06,2.554742638759094e-06,12.249843659660803
15.389830508474576,2.776271186440678,2.6013115873339218e-06,5.6817383076488945e-06,1.726978151009096e-06,12.249900569781378
15.661016949152541,2.776271186440678,1.4950813103949285e-06,3.178304716825475e-06,1.0602809734886153e-06,12.249944379730591
15.932203389830509,2.776271186440678,6.93387185066511e-07,1.3977289500557256e-06,5.552262845308047e-07,12.24997553975558
16.203389830508474,2.776271186440678,3.9767373554974845e-07,7.818682504738996e-07,3.3267016674016814e-07,12.249986317309437
16.474576271186443,2.776271186440678,2.4290549388222696e-07,4.6874344271459415e-07,2.2092355439724455e-07,12.249991796991123
16.74576271186441,2.776271186440678,1.260054028427962e-07,2.3520856217955134e-07,2.2092355440859522e-07,12.249995883850506
17.016949152542374,2.776271186440678,4.9982180523019e-08,8.677215518252138e-08,2.209235544158098e-07,12.249998481487328
17.28813559322034,2.776271186440678,4.4820906297277606e-08,5.124745935408076e-08,2.2092355441753642e-07,12.249999103169474
17.559322033898304,2.776271186440678,4.482090629754881e-08,2.3743639944432725e-08,2.2092355441887317e-07,12.249999584486302
17.83050847457627,2.776271186440678,4.482090629758919e-08,1.964889177610942e-08,2.209235544190722e-07,12.249999656144393
18.101694915254235,2.776271186440678,4.482090629758919e-08,1.964889177610942e-08,2.209235544190722e-07,12.249999656144393
18.372881355932204,2.776271186440678,4.482090629758919e-08,1.964889177610942e-08,2.209235544190722e-07,12.249999656144393
18.64406779661017,2.776271186440678,4.482090629758919e-08,1.964889177610942e-08,2.209235544190722e-07,12.249999656144393
18.915254237288135,2.776271186440678,4.482090629758919e-08,1.964889177610942e-08,2.209235544190722e-07,12.249999656144393
19.186440677966104,2.776271186440678,4.482090629758919e-08,1.964889177610942e-08,2.209235544190722e-07,12.249999656144393
19.45762711864407,2.776271186440678,4.482090629758919e-08,1.964889177610942e-08,2.209235544190722e-07,12.249999656144393
19.728813559322035,2.776271186440678,4.482090629758919e-08,1.964889177610942e-08,2.209235544190722e-07,12.249999656144393
20.0,2.776271186440678,4.482090629758919e-08,1.964889177610942e-08,2.209235544190722e-07,12.249999656144393
4.0,2.840677966101695,0.7169240740125146,11.40117597432041,15.407297213219309,625.1470054332735
4.271186440677966,2.840677966101695,1.202801172824969,16.341142984743204,15.199430020008682,1395.2359605658814
4.5423728813559325,2.840677966101695,2.0545597194315675,24.701071680430637,14.846760847257498,3393.3746341035417
4.813559322033898,2.840677966101695,3.5636352235800755,39.409968116076946,14.217267308826532,9029.735476157413
5.084745762711864,2.840677966101695,5.696915769281315,59.25687662138743,13.223418827363275,20921.363577390293
5.3559322033898304,2.840677966101695,6.978100496138849,69.44429533917555,12.158415426573528,28937.663301280914
5.627118644067797,2.840677966101695,7.767650429852847,80.52238163823874,10.61410114018369,39127.19547566936
5.898305084745763,2.840677966101695,7.510529004482759,91.40752579070345,8.421330098410168,50633.4668685259
6.169491525423728,2.840677966101695,6.925166297095793,74.42659021280978,6.823340654677072,33330.51798818528
6.4406779661016955,2.840677966101695,6.392492399103896,43.77076619501947,5.857548504699268,11220.511424706277
6.711864406779661,2.840677966101695,5.426331906654945,18.84461604080987,4.8808472455711485,1901.9664300705065
6.983050847457627,2.840677966101695,4.127905717713455,3.341904355676172,3.9191504402274084,23.56870329121306
7.254237288135593,2.840677966101695,3.7918752792833472,2.3757916914927395,3.4110598589484202,5.9510589074141365
7.525423728813559,2.840677966101695,3.434417051555968,1.972275791352745,2.96746416202294,2.0468723835525657
7.796610169491526,2.840677966101695,3.0014470507823483,1.5920316934745287,2.5591594698953446,0.23047607061684605
8.067796610169491,2.840677966101695,2.4515210788475446,1.2911695641773824,2.1126351471034437,0.07402539850838045
8.338983050847457,2.840677966101695,1.695129731090771,1.1475824978438978,1.5122551323779212,0.3982162212170364
8.610169491525424,2.840677966101695,1.0,1.0,1.0,0.9999999999999996
8.881355932203391,2.840677966101695,0.44009603090365407,0.8522269559080362,0.5858557424730525,1.8753456739611025
9.152542372881356,2.840677966101695,0.23084790920580414,0.7200134240664134,0.37826732508754446,2.8898858965617693
9.423728813559322,2.840677966101695,0.18630598680550253,0.6053952408249025,0.2842244564091293,3.9462295206482154
9.694915254237287,2.840677966101695,0.14382793200103555,0.5000229306981729,0.20432930019419646,5.062242032931907
9.966101694915254,2.840677966101695,0.10467840049070483,0.40409170501421626,0.13798077015753868,6.198958325134315
10.237288135593221,2.840677966101695,0.08122779773677682,0.30354520446994354,0.09100169996195762,7.513831991505358
10.508474576271187,2.840677966101695,0.06118739389891828,0.21518768985776146,0.05452662882226078,8.773626314153674
10.779661016949152,2.840677966101695,0.043214984109599196,0.14159287451497135,0.027323236878327165,9.897428084196829
11.050847457627118,2.840677966101695,0.028991290517002718,0.08767964467135828,0.01151825693774864,10.763654468811822
11.322033898305085,2.840677966101695,0.021619414526590216,0.06253696353367877,0.008950347788454388,11.180046086960699
11.593220338983052,2.840677966101695,0.015107295566046104,0.041544198379847325,0.006703249462531226,11.533763530971573
11.864406779661017,2.840677966101695,0.009589117712495444,0.02475087806592518,0.004772677494474111,11.820688421127771
12.135593220338983,2.840677966101695,0.005723700999173919,0.01394669181115045,0.0031873704263304797,12.007148582132835
12.40677966101695,2.840677966101695,0.0031994894754546178,0.007488772427151606,0.0019475353518559329,12.119296993227758
12.677966101694915,2.840677966101695,0.0013885721451543927,0.0030487501274607896,0.0010170366761092897,12.196704965752808
12.94915254237288,2.840677966101695,0.00031609869145088234,0.0005811812345604474,0.00038894145041837427,12.239831439467862
13.220338983050848,2.840677966101695,0.00015147399911222688,0.0002493997752108331,0.0002328333551464962,12.245635892685357
13.491525423728813,2.840677966101695,0.00010149338395875318,0.0001619974093896072,0.00015822577541554298,12.247165209355435
13.76271186440678,2.840677966101695,6.12044549002489e-05,9.374387270656973e-05,9.82116313035929e-05,12.248359537152092
14.033898305084746,2.840677966101695,3.268606974843297e-05,4.762812903747084e-05,5.4511393736634185e-05,12.249166521919582
14.305084745762711,2.840677966101695,2.2330358032245844e-05,3.4399810647875745e-05,3.3506470925767234e-05,12.249398010709578
14.576271186440678,2.840677966101695,1.3896192449891583e-05,2.3370685830178772e-05,1.7621754434601667e-05,12.249591016411651
14.847457627118644,2.840677966101695,7.421682021409285e-06,1.4510490663836033e-05,6.810653525392258e-06,12.249746067729342
15.11864406779661,2.840677966101695,3.957774633317368e-06,8.827435529034761e-06,2.53832231134202e-06,12.24984552036526
15.389830508474576,2.840677966101695,2.571133999723775e-06,5.61981736235857e-06,1.714068581174952e-06,12.249901653393545
15.661016949152541,2.840677966101695,1.4807156346617346e-06,3.137826822280966e-06,1.0516960238521612e-06,12.249945088092142
15.932203389830509,2.840677966101695,6.848677267185148e-07,1.3829050260023462e-06,5.518984568026269e-07,12.249975799173994
16.203389830508474,2.840677966101695,3.9544544057378206e-07,7.691734364825731e-07,3.2879765848372835e-07,12.249986539468557
16.474576271186443,2.840677966101695,2.406585614178951e-07,4.630186445091973e-07,2.2092355439752278e-07,12.249991897175057
16.74576271186441,2.840677966101695,1.2476087189032885e-07,2.3229521231892316e-07,2.209235544087368e-07,12.249995934834118
17.016949152542374,2.840677966101695,4.947810932718555e-08,8.570743388912142e-08,2.2092355441586152e-07,12.24999850011995
17.28813559322034,2.840677966101695,4.4820906297289405e-08,5.0050808735688105e-08,2.2092355441759457e-07,12.249999124110857
17.559322033898304,2.840677966101695,4.4820906297539736e-08,2.466422693382218e-08,2.2092355441882843e-07,12.24999956837603
17.83050847457627,2.840677966101695,4.482090629758919e-08,1.964889177610942e-08,2.209235544190722e-07,12.249999656144393
18.101694915254235,2.840677966101695,4.482090629758919e-08,1.964889177610942e-08,2.209235544190722e-07,12.249999656144393
18.372881355932204,2.840677966101695,4.482090629758919e-08,1.964889177610942e-08,2.209235544190722e-07,12.249999656144393
18.64406779661017,2.840677966101695,4.482090629758919e-08,1.964889177610942e-08,2.209235544190722e-07,12.249999656144393
18.915254237288135,2.840677966101695,4.482090629758919e-08,1.964889177610942e-08,2.209235544190722e-07,12.249999656144393
19.186440677966104,2.840677966101695,4.482090629758919e-08,1.964889177610942e-08,2.209235544190722e-07,12.249999656144393
19.45762711864407,2.840677966101695,4.482090629758919e-08,1.964889177610942e-08,2.209235544190722e-07,12.249999656144393
19.728813559322035,2.840677966101695,4.482090629758919e-08,1.964889177610942e-08,2.209235544190722e-07,12.249999656144393
20.0,2.840677966101695,4.482090629758919e-08,1.964889177610942e-08,2.209235544190722e-07,12.249999656144393
4.0,2.905084745762712,0.7427585329228766,11.24110565858338,15.403640541640444,605.2960036462614
4.271186440677966,2.905084745762712,1.2330616884988437,16.07025503904951,15.195392968599862,1345.102393192234
4.5423728813559325,2.905084745762712,2.0888259105564924,24.245013476573746,14.842241802739212,3261.8415046552254
4.813559322033898,2.905084745762712,3.599557160001807,38.62591269369486,14.21220642294029,8661.053599241199
5.084745762711864,2.905084745762712,5.725186851999032,58.01278613038522,13.218020284370697,20031.29720902961
5.3559322033898304,2.905084745762712,6.985032996396468,67.92727345504233,12.153115151170692,27661.73820851236
5.627118644067797,2.905084745762712,7.750548031958905,78.70599830914178,10.609269410683833,37351.35859108143
5.898305084745763,2.905084745762712,7.474579829953616,89.29235589963308,8.417547227669358,48281.663909923525
6.169491525423728,2.905084745762712,6.877452712780297,72.70946348430672,6.818979820481557,31781.497390122957
6.4406779661016955,2.905084745762712,6.337783608488872,42.77955266853223,5.851707690447789,10701.671119048957
6.711864406779661,2.905084745762712,5.3728316100018425,18.426395777807205,4.874118443820696,1811.8634573908187
6.983050847457627,2.905084745762712,4.083083332197995,3.269349430325688,3.9122338911029066,21.84042057911859
7.254237288135593,2.905084745762712,3.7481715706304874,2.325622304141347,3.4040315939059385,5.3548540620246
7.525423728813559,2.905084745762712,3.393117956805299,1.931778131226917,2.9604036591016953,1.767424880319952
7.796610169491526,2.905084745762712,2.9642407636219925,1.5602420272992186,2.5521965967065534,0.16048442070602212
8.067796610169491,2.905084745762712,2.4204376779149883,1.2660745307560823,2.1060997563561292,0.11210019570127194
8.338983050847457,2.905084745762712,1.6732204222530744,1.1258155745066658,1.506928210964414,0.4698568698944355
8.610169491525424,2.905084745762712,0.9869048478902388,0.981490215348761,0.9960513333314363,1.0946902490551647
8.881355932203391,2.905084745762712,0.4342893887642397,0.8368413842406468,0.5833020572670498,1.9821726656499417
9.152542372881356,2.905084745762712,0.22780244834353486,0.7073707123960665,0.37648567750189305,2.9983458127920763
9.423728813559322,2.905084745762712,0.183862347540829,0.5950771581864931,0.28279861878587503,4.049379882957072
9.694915254237287,2.905084745762712,0.14195831064081824,0.49175585594260207,0.20324570837746908,5.155671407590971
9.966101694915254,2.905084745762712,0.10333375481149225,0.3976152072868034,0.13721266301870524,6.279845454141738
10.237288135593221,2.905084745762712,0.08019966706232484,0.29883360668069964,0.09047364858877502,7.578546411098974
10.508474576271187,2.905084745762712,0.060426175869427834,0.21195576745606942,0.05419883012983178,8.821556865505604
10.779661016949152,2.905084745762712,0.04268781080581559,0.13953717062570192,0.027154029394402347,9.929790901464129
11.050847457627118,2.905084745762712,0.028645334042217196,0.08645052527141772,0.011445186805051043,10.783826390998339
11.322033898305085,2.905084745762712,0.021367660644348925,0.06169163126134697,0.008892501549043981,11.194183061474464
11.593220338983052,2.905084745762712,0.014935967232143353,0.04100327552592907,0.006659307172774766,11.542950607070333
11.864406779661017,2.905084745762712,0.0094834153069339,0.02444082397290267,0.0047410803346975465,11.826019042202166
12.135593220338983,2.905084745762712,0.005661533326405132,0.013775588173083768,0.0031661888976796757,12.010113249655499
12.40677966101695,2.905084745762712,0.0031647283391308973,0.0073970964761318,0.0019345864033045524,12.12089279314442
12.677966101694915,2.905084745762712,0.0013734879547691588,0.0030115021004542596,0.0010102673489098691,12.197355395397679
12.94915254237288,2.905084745762712,0.00031266430888383343,0.0005740960389455004,0.00038635266022398406,12.239955379232589
13.220338983050848,2.905084745762712,0.00014982933639429548,0.00024636581617806585,0.00023127897215919791,12.245688977567603
13.491525423728813,2.905084745762712,0.00010039104234719832,0.00016003180828727713,0.00015716895900797404,12.247199603418593
13.76271186440678,2.905084745762712,6.054107741470683e-05,9.260727422159552e-05,9.75542024332062e-05,12.24837942630179
14.033898305084746,2.905084745762712,3.2333630298411036e-05,4.704996063851207e-05,5.41435183586617e-05,12.24917663952444
14.305084745762711,2.905084745762712,2.2088552279059456e-05,3.3983712112946996e-05,3.3283787755251384e-05,12.249405292256098
14.576271186440678,2.905084745762712,1.374502027453087e-05,2.3090746197648628e-05,1.7503031154227162e-05,12.24959591527393
14.847457627118644,2.905084745762712,7.342500254323546e-06,1.4334506305265073e-05,6.7636469012739945e-06,12.249749147423891
15.11864406779661,2.905084745762712,3.916449724060914e-06,8.719852483252701e-06,2.519645487066381e-06,12.249847403056767
15.389830508474576,2.905084745762712,2.544263210952558e-06,5.550036420935968e-06,1.7031195712990888e-06,12.24990287455515
15.661016949152541,2.905084745762712,1.4628503570899047e-06,3.103870702791035e-06,1.0453853293956982e-06,12.249945682322913
15.932203389830509,2.905084745762712,6.782497200175206e-07,1.3653855422264877e-06,5.475252178711559e-07,12.24997610576466
16.203389830508474,2.905084745762712,3.8986378969950485e-07,7.621405795105191e-07,3.273750806521902e-07,12.249986662543487
16.474576271186443,2.905084745762712,2.3778724438627026e-07,4.563669166907736e-07,2.2092355439784608e-07,12.249992013580256
16.74576271186441,2.905084745762712,1.2352548941906216e-07,2.294197038895606e-07,2.209235544088766e-07,12.249995985155508
17.016949152542374,2.905084745762712,4.897819416357893e-08,8.465625855526023e-08,2.2092355441591263e-07,12.24999851851552
17.28813559322034,2.905084745762712,4.4820906297289994e-08,4.999094303145083e-08,2.2092355441759746e-07,12.249999125158512
17.559322033898304,2.905084745762712,4.4820906297554156e-08,2.3201499731345353e-08,2.2092355441889953e-07,12.249999593973754
17.83050847457627,2.905084745762712,4.482090629758919e-08,1.964889177610942e-08,2.209235544190722e-07,12.249999656144393
18.101694915254235,2.905084745762712,4.482090629758919e-08,1.964889177610942e-08,2.209235544190722e-07,12.249999656144393
18.372881355932204,2.905084745762712,4.482090629758919e-08,1.964889177610942e-08,2.209235544190722e-07,12.249999656144393
18.64406779661017,2.905084745762712,4.482090629758919e-08,1.964889177610942e-08,2.209235544190722e-07,12.249999656144393
18.915254237288135,2.905084745762712,4.482090629758919e-08,1.964889177610942e-08,2.209235544190722e-07,12.249999656144393
19.186440677966104,2.905084745762712,4.482090629758919e-08,1.964889177610942e-08,2.209235544190722e-07,12.249999656144393
19.45762711864407,2.905084745762712,4.482090629758919e-08,1.964889177610942e-08,2.209235544190722e-07,12.249999656144393
19.728813559322035,2.905084745762712,4.482090629758919e-08,1.964889177610942e-08,2.209235544190722e-07,12.249999656144393
20.0,2.905084745762712,4.482090629758919e-08,1.964889177610942e-08,2.209235544190722e-07,12.249999656144393
4.0,2.969491525423729,0.7695552667219361,11.076066529378679,15.400185059011363,585.1641467560145
4.271186440677966,2.969491525423729,1.2642757268210914,15.794169086142901,15.191642524775872,1294.9506480029497
4.5423728813559325,2.969491525423729,2.1240555457889747,23.78320921674825,14.838160179264586,3131.3003427545236
4.813559322033898,2.969491525423729,3.6364948234287953,37.83548632241423,14.207845645628504,8297.154147192716
5.084745762711864,2.969491525423729,5.754534044589953,56.763112529377416,13.21370710261232,19156.713930878166
5.3559322033898304,2.969491525423729,6.9929563365835925,66.4080195939004,12.149277817354985,26412.76632200586
5.627118644067797,2.969491525423729,7.734575173309393,76.89319400430527,10.60631371297683,35620.13963107295
5.898305084745763,2.969491525423729,7.44008521286217,87.19012757712896,8.415938924597883,45999.66243562539
6.169491525423728,2.969491525423729,6.83133190513966,71.0074786921618,6.816759536773266,30282.50681174848
6.4406779661016955,2.969491525423729,6.284652903493391,41.79852046138408,5.847858747979266,10200.252846680425
6.711864406779661,2.969491525423729,5.320774113201366,18.01304188118113,4.869162853215555,1724.9572534117397
6.983050847457627,2.969491525423729,4.039432120727192,3.1977269225034077,3.9068157234404954,20.198888049334837
7.254237288135593,2.969491525423729,3.705543470629003,2.2761139888272255,3.3983102645438663,4.7973482588672
7.525423728813559,2.969491525423729,3.3527864977545305,1.891823245996418,2.9544725414459307,1.511813158140332
7.796610169491526,2.969491525423729,2.927871598157351,1.5288840962678338,2.5461957471843135,0.10381943919235177
8.067796610169491,2.969491525423729,2.3900343168834857,1.2413265435927352,2.100349069882184,0.15735791105142585
8.338983050847457,2.969491525423729,1.651786885651178,1.1043605788446615,1.5021613038516257,0.546266670881647
8.610169491525424,2.969491525423729,0.9740906983037178,0.963252330778642,0.9924686310646945,1.192178291064304
8.881355932203391,2.969491525423729,0.42860518284934046,0.8216849082715616,0.5809583957564141,2.09030215825545
9.152542372881356,2.969491525423729,0.22481913205295279,0.6949146429253702,0.37483474123160154,3.1071585047566126
9.423728813559322,2.969491525423729,0.18146659954961317,0.5849082479987749,0.28146655542310867,4.152341026127665
9.694915254237287,2.969491525423729,0.14012389707435594,0.4836056048451441,0.2022263246933506,5.248616796695213
9.966101694915254,2.969491525423729,0.10201344073635793,0.3912279900961306,0.13648574997636004,6.360131049784326
10.237288135593221,2.969491525423729,0.07918939835665195,0.29418519367215284,0.08997132934631369,7.642664911836835
10.508474576271187,2.969491525423729,0.05967764776899505,0.20876593300466048,0.053885598443630715,8.868991264814102
10.779661016949152,2.969491525423729,0.04216906672057472,0.13750740559575575,0.02699170240703614,9.961797193284745
11.050847457627118,2.969491525423729,0.028304677249466236,0.08523639840162511,0.011374842954876568,10.803770800549563
11.322033898305085,2.969491525423729,0.021119596870860305,0.06085624223186133,0.008836637809966881,11.208162524808568
11.593220338983052,2.969491525423729,0.014767035133332615,0.040468488477622536,0.006616755092800673,11.5520370676395
11.864406779661017,2.969491525423729,0.009379129537307001,0.0241341428226496,0.004710405084367031,11.831292855914779
12.135593220338983,2.969491525423729,0.0056001756982416,0.013606310573533582,0.0031456025441316793,12.013046638009557
12.40677966101695,2.969491525423729,0.0031304230901001845,0.007306393810341256,0.0019219931292452372,12.122471754509723
12.677966101694915,2.969491525423729,0.00135859677602005,0.0029746570305456974,0.001003684334702893,12.197998805618255
12.94915254237288,2.969491525423729,0.00030927446987895867,0.0005670868456431842,0.00038383292244775546,12.240077990123059
13.220338983050848,2.969491525423729,0.0001482054507682202,0.00024336365572533055,0.00022976955395733755,12.245741506186485
13.491525423728813,2.969491525423729,9.930281499601682e-05,0.00015808704029648195,0.0001561410211772005,12.247233632991762
13.76271186440678,2.969491525423729,5.988475133706471e-05,9.148436714401748e-05,9.691634648621485e-05,12.248399075883661
14.033898305084746,2.969491525423729,3.1982546262126726e-05,4.6481650900865234e-05,5.3789825910859895e-05,12.24918658461263
14.305084745762711,2.969491525423729,2.184905821687095e-05,3.3575192882492614e-05,3.3062118127300886e-05,12.249412441170142
14.576271186440678,2.969491525423729,1.359540022217649e-05,2.2813036817573404e-05,1.7390457836489564e-05,12.249600775108405
14.847457627118644,2.969491525423729,7.262129787928842e-06,1.4162346838267455e-05,6.721391309778527e-06,12.2497521601839
15.11864406779661,2.969491525423729,3.873324351395393e-06,8.615758194242681e-06,2.504077286677824e-06,12.249849224695545
15.389830508474576,2.969491525423729,2.516368865428831e-06,5.485021076697007e-06,1.6916438299921747e-06,12.24990401231919
15.661016949152541,2.969491525423729,1.446987076593092e-06,3.0672348944321102e-06,1.0382629538253284e-06,12.249946323448142
15.932203389830509,2.969491525423729,6.699926741304453e-07,1.3507610293129228e-06,5.443695454357507e-07,12.249976361693388
16.203389830508474,2.969491525423729,3.8607768291578257e-07,7.525232238914705e-07,3.248549846450616e-07,12.249986830847115
16.474576271186443,2.969491525423729,2.35847781244039e-07,4.513263892074465e-07,2.2092355439809108e-07,12.249992101789461
16.74576271186441,2.969491525423729,1.2228899584595555e-07,2.265615358563592e-07,2.209235544090155e-07,12.249996035173442
17.016949152542374,2.969491525423729,4.85495164489866e-08,8.373382739111535e-08,2.2092355441595747e-07,12.249998534658062
17.28813559322034,2.969491525423729,4.482090629729632e-08,4.934965106263243e-08,2.2092355441762864e-07,12.24999913638112
17.559322033898304,2.969491525423729,4.482090629754606e-08,2.4022529923491486e-08,2.2092355441885962e-07,12.249999579605728
17.83050847457627,2.969491525423729,4.482090629758919e-08,1.964889177610942e-08,2.209235544190722e-07,12.249999656144393
18.101694915254235,2.969491525423729,4.482090629758919e-08,1.964889177610942e-08,2.209235544190722e-07,12.249999656144393
18.372881355932204,2.969491525423729,4.482090629758919e-08,1.964889177610942e-08,2.209235544190722e-07,12.249999656144393
18.64406779661017,2.969491525423729,4.482090629758919e-08,1.964889177610942e-08,2.209235544190722e-07,12.249999656144393
18.915254237288135,2.969491525423729,4.482090629758919e-08,1.964889177610942e-08,2.209235544190722e-07,12.249999656144393
19.186440677966104,2.969491525423729,4.482090629758919e-08,1.964889177610942e-08,2.209235544190722e-07,12.249999656144393
19.45762711864407,2.969491525423729,4.482090629758919e-08,1.964889177610942e-08,2.209235544190722e-07,12.249999656144393
19.728813559322035,2.969491525423729,4.482090629758919e-08,1.964889177610942e-08,2.209235544190722e-07,12.249999656144393
20.0,2.969491525423729,4.482090629758919e-08,1.964889177610942e-08,2.209235544190722e-07,12.249999656144393
4.0,3.0338983050847457,0.797326742418907,10.906263892306592,15.396939001958506,564.8065824385754
4.271186440677966,3.0338983050847457,1.2964481979139462,15.513221277202009,15.18818757663054,1244.8938426204215
4.5423728813559325,3.0338983050847457,2.160246590345634,23.316211513871444,14.834525937633638,3002.0020445046957
4.813559322033898,3.0338983050847457,3.6744416191498486,37.039609173943475,14.204196229722042,7938.635887946473
5.084745762711864,3.0338983050847457,5.784952220303352,55.509234319740976,13.210491195960904,18298.807741678964
5.3559322033898304,3.0338983050847457,7.001873196935897,64.88809244662173,12.146914435277115,25192.111765692418
5.627118644067797,3.0338983050847457,7.719742927408946,75.08557469952589,10.605243046980673,33934.77449249631
5.898305084745763,3.0338983050847457,7.407056108254974,85.10223567258429,8.41651128822496,43787.90160368025
6.169491525423728,3.0338983050847457,6.7868102742428125,69.32144983550528,6.816684130080043,28833.270923481618
6.4406779661016955,3.0338983050847457,6.233102757481745,40.82801862219013,5.846004625374156,9716.054077948571
6.711864406779661,3.0338983050847457,5.270157390008683,17.604653612206604,4.865981872295328,1641.1924918225034
6.983050847457627,3.0338983050847457,3.996947013144685,3.1270465353944306,3.9028959517658053,18.641810846361913
7.254237288135593,3.0338983050847457,3.66398507864952,2.227271059952929,3.393895321615605,4.277358791472765
7.525423728813559,3.0338983050847457,3.3134164222318994,1.852413042288246,2.9496697879715366,1.2792347552031653
7.796610169491526,3.0338983050847457,2.8923334001775514,1.4979583271649344,2.5411555134066255,0.05997396163095211
8.067796610169491,3.0338983050847457,2.3603052823019888,1.2169250516713348,2.095381383546482,0.20947772940964626
8.338983050847457,3.0338983050847457,1.6308243737511505,1.0832160055146633,1.4979526255305462,0.6272006197630359
8.610169491525424,3.0338983050847457,0.9615543903963941,0.9452843768485211,0.9892503501894115,1.2922893621127356
8.881355932203391,3.0338983050847457,0.42304192110746003,0.8067554749440308,0.5788236654221849,2.1996191656805144
9.152542372881356,3.0338983050847457,0.2218971853882342,0.6826434228886554,0.3733137429377381,3.2162528670306516
9.423728813559322,3.0338983050847457,0.17911814884306684,0.5748870631772152,0.2802276625847731,4.255070990702005
9.694915254237287,3.0338983050847457,0.13832425887513705,0.4755710411905187,0.20127070433941852,5.341055624284882
9.966101694915254,3.0338983050847457,0.10071716443923852,0.3849291864924858,0.13579972662514186,6.439804727717539
10.237288135593221,3.0338983050847457,0.07819677832780547,0.2895993639700432,0.08949454465072192,7.706184828098326
10.508474576271187,3.0338983050847457,0.058941663794925235,0.2056177849385292,0.05358681763854029,8.915930472844655
10.779661016949152,3.0338983050847457,0.04165865574970986,0.135503349084524,0.026836196249675884,9.993448626102843
11.050847457627118,3.0338983050847457,0.027969260652145538,0.08403714252806192,0.011307199683039058,10.823489014035674
11.322033898305085,3.0338983050847457,0.020875182083927968,0.060030714563168275,0.008782741408597876,11.221985536963082
11.593220338983052,3.0338983050847457,0.014600481796823502,0.03993977849081046,0.00657557647024607,11.56102378832266
11.864406779661017,3.0338983050847457,0.00927624214971736,0.023830824125897737,0.004680641797381105,11.836510003912533
12.135593220338983,3.0338983050847457,0.005539622836593333,0.013438848736689147,0.003125600124596071,12.015948913703985
12.40677966101695,3.0338983050847457,0.003096564942821626,0.007216662526459289,0.0019097575350191262,12.124033907149588
12.677966101694915,3.0338983050847457,0.001343897962546509,0.0029382048866600638,0.0009972901547816535,12.198635371033172
12.94915254237288,3.0338983050847457,0.00030592898023116036,0.00056015310029322,0.00038138185768259874,12.240199281816713
13.220338983050848,3.0338983050847457,0.0001466026904320124,0.00024039392519043413,0.00022830006866958873,12.245793467491911
13.491525423728813,3.0338983050847457,9.822933451370046e-05,0.0001561610794135918,0.00015514277780517307,12.247267333524526
13.76271186440678,3.0338983050847457,5.9238142314536984e-05,9.037184134572438e-05,9.62944687806972e-05,12.248418543820634
14.033898305084746,3.0338983050847457,3.163734839962549e-05,4.5917565215379967e-05,5.344383973131283e-05,12.24919645578637
14.305084745762711,3.0338983050847457,2.161333543887531e-05,3.316787827820593e-05,3.285136493053446e-05,12.249419569005807
14.576271186440678,3.0338983050847457,1.3449658991363226e-05,2.253657444384967e-05,1.7276229277254733e-05,12.249605613121584
14.847457627118644,3.0338983050847457,7.18376445046728e-06,1.399348425962971e-05,6.6759283364341105e-06,12.249755115249314
15.11864406779661,3.0338983050847457,3.830785778846958e-06,8.512728110935159e-06,2.4888928752230857e-06,12.249851027710973
15.389830508474576,3.0338983050847457,2.4904372220631264e-06,5.417546972430861e-06,1.679541936091548e-06,12.249905193111418
15.661016949152541,3.0338983050847457,1.4325720348480566e-06,3.0271481995049776e-06,1.0320219843340172e-06,12.24994702496378
15.932203389830509,3.0338983050847457,6.635128301680616e-07,1.3336327016508296e-06,5.402312407220775e-07,12.249976661438836
16.203389830508474,3.0338983050847457,3.807197287436196e-07,7.454879633567389e-07,3.2349051791054566e-07,12.249986953964113
16.474576271186443,3.0338983050847457,2.3210233363104935e-07,4.48106918876421e-07,2.2092355439824757e-07,12.249992158130171
16.74576271186441,3.0338983050847457,1.2007265990227006e-07,2.2633329792745471e-07,2.2092355440902657e-07,12.249996039167604
17.016949152542374,3.0338983050847457,4.8064617295768104e-08,8.27195879599463e-08,2.2092355441600676e-07,12.24999855240725
17.28813559322034,3.0338983050847457,4.4820906297303216e-08,4.86502148001814e-08,2.2092355441766263e-07,12.249999148621255
17.559322033898304,3.0338983050847457,4.482090629754886e-08,2.373850803468076e-08,2.2092355441887343e-07,12.24999958457611
17.83050847457627,3.0338983050847457,4.482090629758919e-08,1.964889177610942e-08,2.209235544190722e-07,12.249999656144393
18.101694915254235,3.0338983050847457,4.482090629758919e-08,1.964889177610942e-08,2.209235544190722e-07,12.249999656144393
18.372881355932204,3.0338983050847457,4.482090629758919e-08,1.964889177610942e-08,2.209235544190722e-07,12.249999656144393
18.64406779661017,3.0338983050847457,4.482090629758919e-08,1.964889177610942e-08,2.209235544190722e-07,12.249999656144393
18.915254237288135,3.0338983050847457,4.482090629758919e-08,1.964889177610942e-08,2.209235544190722e-07,12.249999656144393
19.186440677966104,3.0338983050847457,4.482090629758919e-08,1.964889177610942e-08,2.209235544190722e-07,12.249999656144393
19.45762711864407,3.0338983050847457,4.482090629758919e-08,1.964889177610942e-08,2.209235544190722e-07,12.249999656144393
19.728813559322035,3.0338983050847457,4.482090629758919e-08,1.964889177610942e-08,2.209235544190722e-07,12.249999656144393
20.0,3.0338983050847457,4.482090629758919e-08,1.964889177610942e-08,2.209235544190722e-07,12.249999656144393
4.0,3.0983050847457627,0.8260837926261659,10.731917007538106,15.393910258775124,544.2792189723684
4.271186440677966,3.0983050847457627,1.3295824082523904,15.227760868142367,15.18503648901553,1195.0435664158083
4.5423728813559325,3.0983050847457627,2.197395425830423,22.84458525756883,14.8313482064827,2874.1889804321154
4.813559322033898,3.0983050847457627,3.713389367177279,36.23921082996587,14.201268092035058,7586.066320342568
5.084745762711864,3.0983050847457627,5.816434639550663,54.25253023562879,13.20838250362223,17458.687201925342
5.3559322033898304,3.0983050847457627,7.011784692896521,63.36903759273261,12.146033548765246,24001.010126059417
5.627118644067797,3.0983050847457627,7.70606055735291,73.28471715240134,10.606063745889525,32296.328500504642
5.898305084745763,3.0983050847457627,7.375501557062094,83.0300315080415,8.419268261043879,41646.63777502405
6.169491525423728,3.0983050847457627,6.743892573911882,67.65215620882344,6.818756563341573,27433.42626448963
6.4406779661016955,3.0983050847457627,6.183134290331939,39.868378007567486,5.84614745891128,9248.850665831886
6.711864406779661,3.0983050847457627,5.220978465265962,17.20132361887277,4.864576560814842,1560.511425677165
6.983050847457627,3.0983050847457627,3.9556224041694494,3.05731704109502,3.9004745974242434,17.166873591899705
7.254237288135593,3.0983050847457627,3.62349009251877,2.179097286088024,3.390786341625647,3.793703632435778
7.525423728813559,3.0983050847457627,3.275001187280702,1.8135490562276437,2.945994567151874,1.068892636917343
7.796610169491526,3.0983050847457627,2.8576198203305867,1.4674649061557992,2.537074705083408,0.0284469597663175
8.067796610169491,3.0983050847457627,2.3312447547239312,1.1928693549648153,2.091195216522713,0.2681444007043229
8.338983050847457,3.0983050847457627,1.6103281163959828,1.062380264692862,1.4943005926566184,0.7124192854303869
8.610169491525424,3.0983050847457627,0.9492927755325022,0.9275843443542131,0.9863950986267646,1.3948534481202413
8.881355932203391,3.0983050847457627,0.41759812443935973,0.7920510191629931,0.5768968685047992,2.31001227062972
9.152542372881356,3.0983050847457627,0.21903584134656764,0.670555257667315,0.37192196881992307,3.325560200729981
9.423728813559322,3.0983050847457627,0.17681640768297371,0.5650121581787058,0.27908137704090225,4.35752934993364
9.694915254237287,3.0983050847457627,0.13655896842040896,0.4676510310849889,0.2003784293343965,5.4329662489805255
9.966101694915254,3.0983050847457627,0.09944463332427164,0.3787179372840656,0.13515430726034672,6.518856572658208
10.237288135593221,3.0983050847457627,0.07722159817351679,0.2850755128985974,0.08904310465852001,7.769103824614533
10.508474576271187,3.0983050847457627,0.058218077920479866,0.20251093185816876,0.05330237535853374,8.962375426994942
10.779661016949152,3.0983050847457627,0.041156485148337196,0.13352475611842762,0.026687457999528354,10.024747146030547
11.050847457627118,3.0983050847457627,0.027639027417200743,0.082852616718303,0.01124223697179815,10.842982683036382
11.322033898305085,3.0983050847457627,0.020634377263419955,0.05921497033533598,0.008730793156743025,11.23565309858046
11.593220338983052,3.0983050847457627,0.014436278984046692,0.03941709692919122,0.006535763445724529,11.569911475803684
11.864406779661017,3.0983050847457627,0.009174741769168682,0.02353083251216598,0.00465178374766116,11.841671056529066
12.135593220338983,3.0983050847457627,0.00547986405264668,0.013273184794126154,0.003106182763597439,12.01882037506891
12.40677966101695,3.0983050847457627,0.003063145104462546,0.007127898571326683,0.0018978807342531845,12.125579318364549
12.677966101694915,3.0983050847457627,0.0013293920014720514,0.002902145643769476,0.000991075068313259,12.199265091542392
12.94915254237288,3.0983050847457627,0.00030262632985583087,0.0005532929808637406,0.00037900327735722247,12.240319286166898
13.220338983050848,3.0983050847457627,0.00014501972806909135,0.00023745735608433305,0.00022687386310304189,12.245844848680996
13.491525423728813,3.0983050847457627,9.716888907124942e-05,0.00015425753319918902,0.00015417178592953834,12.247300641890176
13.76271186440678,3.0983050847457627,5.859944624425688e-05,8.927073143522782e-05,9.56928071460933e-05,12.248437812007776
14.033898305084746,3.0983050847457627,3.129514822632056e-05,4.5361084950994354e-05,5.310939362744644e-05,12.249206193873533
14.305084745762711,3.0983050847457627,2.1380598568117843e-05,3.2764953547908283e-05,3.264642472884384e-05,12.249426620022549
14.576271186440678,3.0983050847457627,1.3303851838680319e-05,2.226471632266117e-05,1.7169743886465923e-05,12.249610370562587
14.847457627118644,3.0983050847457627,7.107093861391761e-06,1.3822397859879578e-05,6.6347307438693646e-06,12.249758109231566
15.11864406779661,3.0983050847457627,3.7909164059042747e-06,8.408647146474341e-06,2.4716792012560215e-06,12.24985284911684
15.389830508474576,3.0983050847457627,2.462666006609234e-06,5.352926362595863e-06,1.6703171411183796e-06,12.249906323967737
15.661016949152541,3.0983050847457627,1.4170716845168376e-06,2.9913513811663386e-06,1.0252663563509398e-06,12.249947651406753
15.932203389830509,3.0983050847457627,6.555070196146751e-07,1.3192176661773769e-06,5.372461788457151e-07,12.249976913701717
16.203389830508474,3.0983050847457627,3.7815175850769943e-07,7.330595305218977e-07,3.219339639192491e-07,12.249987171461573
16.474576271186443,3.0983050847457627,2.3086501696078058e-07,4.394840085140396e-07,2.2092355439866667e-07,12.249992309031056
16.74576271186441,3.0983050847457627,1.1889919150243484e-07,2.2348326779538504e-07,2.209235544091651e-07,12.249996089043123
17.016949152542374,3.0983050847457627,4.7576104910260366e-08,8.170415029829706e-08,2.2092355441605612e-07,12.249998570177409
17.28813559322034,3.0983050847457627,4.482090629730823e-08,4.8141713201721214e-08,2.2092355441768735e-07,12.24999915752003
17.559322033898304,3.0983050847457627,4.482090629756299e-08,2.2306310359227802e-08,2.2092355441894305e-07,12.249999609639568
17.83050847457627,3.0983050847457627,4.482090629758919e-08,1.964889177610942e-08,2.209235544190722e-07,12.249999656144393
18.101694915254235,3.0983050847457627,4.482090629758919e-08,1.964889177610942e-08,2.209235544190722e-07,12.249999656144393
18.372881355932204,3.0983050847457627,4.482090629758919e-08,1.964889177610942e-08,2.209235544190722e-07,12.249999656144393
18.64406779661017,3.0983050847457627,4.482090629758919e-08,1.964889177610942e-08,2.209235544190722e-07,12.249999656144393
18.915254237288135,3.0983050847457627,4.482090629758919e-08,1.964889177610942e-08,2.209235544190722e-07,12.249999656144393
19.186440677966104,3.0983050847457627,4.482090629758919e-08,1.964889177610942e-08,2.209235544190722e-07,12.249999656144393
19.45762711864407,3.0983050847457627,4.482090629758919e-08,1.964889177610942e-08,2.209235544190722e-07,12.249999656144393
19.728813559322035,3.0983050847457627,4.482090629758919e-08,1.964889177610942e-08,2.209235544190722e-07,12.249999656144393
20.0,3.0983050847457627,4.482090629758919e-08,1.964889177610942e-08,2.209235544190722e-07,12.249999656144393
4.0,3.1627118644067798,0.835780296483985,10.728007692996442,15.39247510081643,543.8232970037549
4.271186440677966,3.1627118644067798,1.3397218918989264,15.193632826800272,15.183775567945354,1189.1519160036378
4.5423728813559325,3.1627118644067798,2.207653191941666,22.767074544238085,14.830280060204883,2853.4492161189196
4.813559322033898,3.1627118644067798,3.7230546357474066,36.09172475566071,14.200465245094634,7521.973540765761
5.084745762711864,3.1627118644067798,5.823678983642654,54.012111052054905,13.207942577903005,17300.213933460982
5.3559322033898304,3.1627118644067798,7.014434655867188,63.07646578354555,12.145927212198682,23774.91519718041
5.627118644067797,3.1627118644067798,7.703840124330046,72.93718751363917,10.60637925993306,31984.80748350982
5.898305084745763,3.1627118644067798,7.36965294517703,82.63039549498342,8.420029319284978,41239.85720169638
6.169491525423728,3.1627118644067798,6.710138532565918,66.30569916791062,6.822029546511581,26329.6861529707
6.4406779661016955,3.1627118644067798,6.134747310526755,38.91991139249802,5.848288574478661,8798.398443130643
6.711864406779661,3.1627118644067798,5.1732334545698375,16.80313804745267,4.864947644440129,1482.8541356805251
6.983050847457627,3.1627118644067798,3.9154521826770416,2.988546304306776,3.899551694379906,15.77174600579198
7.254237288135593,3.1627118644067798,3.5840518331514097,2.131595905618914,3.388983032621464,3.345203556989744
7.525423728813559,3.1627118644067798,3.2375339787302817,1.7752324650562237,2.943446242581954,0.8799962677010637
7.796610169491526,3.1627118644067798,2.823724329230829,1.4374037867804073,2.533952354453315,0.008744020409463595
8.067796610169491,3.1627118644067798,2.3028468190793703,1.169158609999136,2.087789314651905,0.33304842085956843
8.338983050847457,3.1627118644067798,1.5902933270209154,1.0418516856156776,1.4912038250673612,0.8016888443520709
8.610169491525424,3.1627118644067798,0.937302719015671,0.9101501862481224,0.9839016372375956,1.4997052502046817
8.881355932203391,3.1627118644067798,0.41227232687809334,0.7775694663705867,0.5751771011627326,2.421373557463726
9.152542372881356,3.1627118644067798,0.21623434057481025,0.6586483540446558,0.37065876332631287,3.435014143504361
9.423728813559322,3.1627118644067798,0.1745607954658786,0.5552820877711524,0.2780271754057602,4.4596771952516425
9.694915254237287,3.1627118644067798,0.13482760353810558,0.45984444118383183,0.19954910781279764,5.524327967330882
9.966101694915254,3.1627118644067798,0.09819556086195833,0.37259337909627155,0.13454921904509934,6.59727727923011
10.237288135593221,3.1627118644067798,0.07626365118733983,0.28061303868996923,0.08861682913559984,7.831419807193149
10.508474576271187,3.1627118644067798,0.05750674621319054,0.19944498155066068,0.05303216477445508,9.008327202024331
10.779661016949152,3.1627118644067798,0.040662459265742974,0.13157139961732273,0.02654543496357108,10.055694464179734
11.050847457627118,3.1627118644067798,0.02731392223754043,0.08168268483540395,0.011179932885395696,10.862253396642426
11.322033898305085,3.1627118644067798,0.0203971461596422,0.0584089112964643,0.008680780325869908,11.249166558054611
11.593220338983052,3.1627118644067798,0.014274403958206162,0.038900396373046965,0.00649730198128941,11.57870081870905
11.864406779661017,3.1627118644067798,0.00907461366909292,0.02323413978773463,0.004623825487293648,11.846776461537615
12.135593220338983,3.1627118644067798,0.005420897074151869,0.013109299534395,0.0030873408872234467,12.02166134398735
12.40677966101695,3.1627118644067798,0.0030301681282726314,0.007040085898684203,0.0018863510350199306,12.127108264332158
12.677966101694915,3.1627118644067798,0.0013150767751616366,0.0028664677664970405,0.0009850466564677157,12.199888168070402
12.94915254237288,3.1627118644067798,0.00029936666909612233,0.0005465065407085814,0.00037669436103854466,12.240438002221339
13.220338983050848,3.1627118644067798,0.00014345816114983386,0.0002345508706977107,0.00022548794353116487,12.245895703600981
13.491525423728813,3.1627118644067798,9.612288582803168e-05,0.00015237261271628343,0.00015322995041431778,12.247333624386291
13.76271186440678,3.1627118644067798,5.796724960186823e-05,8.818521514447305e-05,9.510626172001589e-05,12.24845680733892
14.033898305084746,3.1627118644067798,3.095922619776855e-05,4.4809433890177114e-05,5.2779388502678234e-05,12.249215847456206
14.305084745762711,3.1627118644067798,2.1150097019123952e-05,3.2369090433593314e-05,3.244271713002881e-05,12.249433547465896
14.576271186440678,3.1627118644067798,1.3161821329700347e-05,2.199427568779043e-05,1.7061912123707074e-05,12.249615103198886
14.847457627118644,3.1627118644067798,7.03033040347597e-06,1.3656361181647017e-05,6.593814700539507e-06,12.24976101484492
15.11864406779661,3.1627118644067798,3.7495373010616233e-06,8.307972707967438e-06,2.457384780467451e-06,12.249854610908997
15.389830508474576,3.1627118644067798,2.4359275772972546e-06,5.290018783220084e-06,1.659812515626936e-06,12.249907424846192
15.661016949152541,3.1627118644067798,1.4018679090958316e-06,2.9558411019684933e-06,1.0186642271614845e-06,12.24994827283532
15.932203389830509,3.1627118644067798,6.476484722364933e-07,1.3048715813643387e-06,5.343328485055501e-07,12.249977164757963
16.203389830508474,3.1627118644067798,3.733081648362014e-07,7.26799716270206e-07,3.1881264852831404e-07,12.249987281008265
16.474576271186443,3.1627118644067798,2.2751350197986915e-07,4.367539181255357e-07,2.2092355439879936e-07,12.24999235680762
16.74576271186441,3.1627118644067798,1.1773472127831876e-07,2.2067163872850463e-07,2.2092355440930175e-07,12.249996138246624
17.016949152542374,3.1627118644067798,4.598334111498359e-08,8.223845865754194e-08,2.2092355441603013e-07,12.249998560827011
17.28813559322034,3.1627118644067798,4.4820906297314287e-08,4.752791032400511e-08,2.209235544177172e-07,12.24999916826158
17.559322033898304,3.1627118644067798,4.482090629755491e-08,2.3124835705847706e-08,2.2092355441890324e-07,12.249999595315378
17.83050847457627,3.1627118644067798,4.482090629758919e-08,1.964889177610942e-08,2.209235544190722e-07,12.249999656144393
18.101694915254235,3.1627118644067798,4.482090629758919e-08,1.964889177610942e-08,2.209235544190722e-07,12.249999656144393
18.372881355932204,3.1627118644067798,4.482090629758919e-08,1.964889177610942e-08,2.209235544190722e-07,12.249999656144393
18.64406779661017,3.1627118644067798,4.482090629758919e-08,1.964889177610942e-08,2.209235544190722e-07,12.249999656144393
18.915254237288135,3.1627118644067798,4.482090629758919e-08,1.964889177610942e-08,2.209235544190722e-07,12.249999656144393
19.186440677966104,3.1627118644067798,4.482090629758919e-08,1.964889177610942e-08,2.209235544190722e-07,12.249999656144393
19.45762711864407,3.1627118644067798,4.482090629758919e-08,1.964889177610942e-08,2.209235544190722e-07,12.249999656144393
19.728813559322035,3.1627118644067798,4.482090629758919e-08,1.964889177610942e-08,2.209235544190722e-07,12.249999656144393
20.0,3.1627118644067798,4.482090629758919e-08,1.964889177610942e-08,2.209235544190722e-07,12.249999656144393
4.0,3.227118644067797,0.8407677719053792,10.765718164799308,15.391390328385725,548.2292296403231
4.271186440677966,3.227118644067797,1.344202239063208,15.220557124600154,15.18292438609953,1193.7987452145999
4.5423728813559325,3.227118644067797,2.2113106150528874,22.78494856477202,14.829652709113308,2858.2251569871555
4.813559322033898,3.227118644067797,3.725535942389543,36.10181049278999,14.200069021830767,7526.347821734432
5.084745762711864,3.227118644067797,5.824942421339975,54.016364036426474,13.207744153551788,17303.01102758595
5.3559322033898304,3.227118644067797,7.015195529558987,63.0785705590896,12.145793636579837,23776.537913828713
5.627118644067797,3.227118644067797,7.704210340606787,72.93804207246788,10.60630131644183,31985.57164726365
5.898305084745763,3.227118644067797,7.369774002393916,82.63061317430206,8.419996516298198,41240.07822920684
6.169491525423728,3.227118644067797,6.710180077581085,66.30573375873232,6.822016346300058,26329.71421724652
6.4406779661016955,3.227118644067797,6.0952847391852,38.1312130563103,5.85163507957222,8432.387578675376
6.711864406779661,3.227118644067797,5.126917603481191,16.410176660878452,4.86709551685241,1408.1587711923762
6.983050847457627,3.227118644067797,3.876429760646379,2.920741306359359,3.90012729273839,14.454088255422308
7.254237288135593,3.227118644067797,3.5456632688372105,2.084769642351005,3.388485238318531,2.9306841442845206
7.525423728813559,3.227118644067797,3.201007730937472,1.7374640984397753,2.9420243772315997,0.7117626108485653
7.796610169491526,3.227118644067797,2.790640231913391,1.4077746978509773,2.5317877204773676,0.00037778704171245346
8.067796610169491,3.227118644067797,2.275105474034571,1.145791834909247,2.0851626547528594,0.4038861949925466
8.338983050847457,3.227118644067797,1.5707152071568118,1.021628519746559,1.4886611491631594,0.8947811066823746
8.610169491525424,3.227118644067797,0.9255811009436568,0.8929798203674237,0.9817688812798765,1.6066841409665613
8.881355932203391,3.227118644067797,0.4070630768594777,0.7633087312573738,0.5736635550400928,2.5335985730818433
9.152542372881356,3.227118644067797,0.21349193251577203,0.6469209169309817,0.36952353024527257,3.544550658475457
9.423728813559322,3.227118644067797,0.17235073668665146,0.5456954118271915,0.27706457644484433,4.561477058581948
9.694915254237287,3.227118644067797,0.13312974514732645,0.45215014648006135,0.19878237474545768,5.6151209051110555
9.966101694915254,3.227118644067797,0.09696966134771996,0.3665546561071973,0.13398420934515756,6.675057992585707
10.237288135593221,3.227118644067797,0.07532273085203466,0.2762113473537319,0.08821554905485758,7.893130848853214
10.508474576271187,3.227118644067797,0.056807526151530605,0.19641954342119072,0.05277608404940629,9.053786971615342
10.779661016949152,3.227118644067797,0.040176488894287474,0.1296430355909883,0.02641007615736407,10.08629260639049
11.050847457627118,3.227118644067797,0.02699388699769227,0.08052722478724096,0.011120265280518076,10.881302528297871
11.322033898305085,3.227118644067797,0.020163450170095725,0.05761245994559508,0.008632686036788979,11.262526923083223
11.593220338983052,3.227118644067797,0.01411483209888564,0.0383896240412308,0.006460183942058428,11.587392599491128
11.864406779661017,3.227118644067797,0.00897584680133081,0.02294072208833207,0.004596755473812523,11.851826593016277
12.135593220338983,3.227118644067797,0.005362706647167854,0.012947192683191049,0.0030690730901505596,12.024471814284004
12.40677966101695,3.227118644067797,0.0029976216135910276,0.006953225741315185,0.0018751742154160017,12.128620720453293
12.677966101694915,3.227118644067797,0.001300949097776894,0.0028311745998979725,0.0009791995167158344,12.200504541686879
12.94915254237288,3.227118644067797,0.0002961495772359726,0.0005397931756778315,0.000374454524209762,12.240555440529837
13.220338983050848,3.227118644067797,0.000141916670969781,0.00023167531354664682,0.00022414536216160664,12.245946017471997
13.491525423728813,3.227118644067797,9.508970495402733e-05,0.0001505096542728309,0.00015231497039601855,12.247366222632445
13.76271186440678,3.227118644067797,5.7345227030783e-05,8.710805261559299e-05,9.453656420004986e-05,12.248475656503054
14.033898305084746,3.227118644067797,3.062678948031116e-05,4.426279698492429e-05,5.246559179206966e-05,12.24922541329773
14.305084745762711,3.227118644067797,2.092327734695502e-05,3.1974744289922204e-05,3.224942309916673e-05,12.249440448364828
14.576271186440678,3.227118644067797,1.30200679691194e-05,2.1728697397126487e-05,1.695877961220157e-05,12.2496197507464
14.847457627118644,3.227118644067797,6.954398954987074e-06,1.3491996911758668e-05,6.554078552689796e-06,12.249763891191755
15.11864406779661,3.227118644067797,3.7105996993963123e-06,8.206186552806452e-06,2.4411414285022733e-06,12.24985639215621
15.389830508474576,3.227118644067797,2.4108942343143023e-06,5.2247398496018645e-06,1.648682351421404e-06,12.24990856722324
15.661016949152541,3.227118644067797,1.3867645342590257e-06,2.9207475533823272e-06,1.0122943490637242e-06,12.249948886971131
15.932203389830509,3.227118644067797,6.423812322783193e-07,1.2852077878858952e-06,5.312218749629294e-07,12.24997750887403
16.203389830508474,3.227118644067797,3.69689000594433e-07,7.176308493898703e-07,3.1656932345876396e-07,12.249987441463352
16.474576271186443,3.227118644067797,2.2538500128866312e-07,4.313669347480111e-07,2.2092355439906117e-07,12.2499924510798
16.74576271186441,3.227118644067797,1.1628922671385504e-07,2.173636394873369e-07,2.2092355440946255e-07,12.249996196136602
17.016949152542374,3.227118644067797,4.5540449242979425e-08,8.119459470604834e-08,2.2092355441608087e-07,12.249998579094633
17.28813559322034,3.227118644067797,4.4820906297319984e-08,4.6949914931902e-08,2.2092355441774526e-07,12.2499991783765
17.559322033898304,3.227118644067797,4.482090629756735e-08,2.1863651580676956e-08,2.2092355441896454e-07,12.249999617386099
17.83050847457627,3.227118644067797,4.482090629758919e-08,1.964889177610942e-08,2.209235544190722e-07,12.249999656144393
18.101694915254235,3.227118644067797,4.482090629758919e-08,1.964889177610942e-08,2.209235544190722e-07,12.249999656144393
18.372881355932204,3.227118644067797,4.482090629758919e-08,1.964889177610942e-08,2.209235544190722e-07,12.249999656144393
18.64406779661017,3.227118644067797,4.482090629758919e-08,1.964889177610942e-08,2.209235544190722e-07,12.249999656144393
18.915254237288135,3.227118644067797,4.482090629758919e-08,1.964889177610942e-08,2.209235544190722e-07,12.249999656144393
19.186440677966104,3.227118644067797,4.482090629758919e-08,1.964889177610942e-08,2.209235544190722e-07,12.249999656144393
19.45762711864407,3.227118644067797,4.482090629758919e-08,1.964889177610942e-08,2.209235544190722e-07,12.249999656144393
19.728813559322035,3.227118644067797,4.482090629758919e-08,1.964889177610942e-08,2.209235544190722e-07,12.249999656144393
20.0,3.227118644067797,4.482090629758919e-08,1.964889177610942e-08,2.209235544190722e-07,12.249999656144393
4.0,3.291525423728814,0.8457745323619564,10.803430427925889,15.39030460909873,552.6531488302653
4.271186440677966,3.291525423728814,1.3486928321326526,15.247479151814842,15.1820727840646,1198.4542428746665
4.5423728813559325,3.291525423728814,2.214972250298832,22.80282004669504,14.82902521796746,2863.0044121950696
4.813559322033898,3.291525423728814,3.728018383536603,36.111895029099735,14.199672770527723,7530.722853195243
5.084745762711864,3.291525423728814,5.826206039030675,54.02061672409979,13.207545726790993,17305.80815265381
5.3559322033898304,3.291525423728814,7.015956453808239,63.08067521788303,12.145660061023433,23778.160595837307
5.627118644067797,3.291525423728814,7.70458056660124,72.93889659688885,10.606223373339857,31986.335789377215
5.898305084745763,3.291525423728814,7.369895060502309,82.63083084794322,8.419963713456573,41240.29925154476
6.169491525423728,3.291525423728814,6.710221622683925,66.30576834883433,6.822003146124357,26329.7422809534
6.4406779661016955,3.291525423728814,6.095303097841807,38.13121567237056,5.85162857215197,8432.388779813753
6.711864406779661,3.291525423728814,5.085942350925202,16.05661206786847,4.870600919678671,1342.601733174923
6.983050847457627,3.291525423728814,3.8385481011354465,2.8539081696140234,3.9022014601694917,13.211556035440001
7.254237288135593,3.291525423728814,3.508317038486281,2.0386207213379124,3.389292940548614,2.548977660763473
7.525423728813559,3.291525423728814,3.1654151451830463,1.7002444500837255,2.941728736468184,0.5634170612879924
7.796610169491526,3.291525423728814,2.7583606819211055,1.378577151517581,2.5305802917070737,0.002868365231879215
8.067796610169491,3.291525423728814,2.248014642404986,1.1227679147499334,2.083314446401919,0.48036018182562584
8.338983050847457,3.291525423728814,1.5515889514622665,1.0017089443818157,1.4866715990816313,0.991473531159047
8.610169491525424,3.291525423728814,0.9141248192693517,0.8760711310318654,0.9799959000836823,1.7156341233639292
8.881355932203391,3.291525423728814,0.4019689369614492,0.7492667204557405,0.5723555171744186,2.6465862569151697
9.152542372881356,3.291525423728814,0.21080787498207393,0.6353711520183154,0.36851573231319595,3.6541079697862373
9.423728813559322,3.291525423728814,0.1701856636679103,0.5362506900901418,0.27619313814186697,4.662892939810976
9.694915254237287,3.291525423728814,0.13146498010107202,0.444567020468298,0.19807789271287818,5.705326114855159
9.966101694915254,3.291525423728814,0.09576665270322131,0.3606009171013156,0.1334590390116219,6.752190334566412
10.237288135593221,3.291525423728814,0.07439863553721797,0.2718698408406238,0.08783910276888637,7.954235350030993
10.508474576271187,3.291525423728814,0.05612027600607961,0.1934342309581349,0.0525340370173632,9.098755968897416
10.779661016949152,3.291525423728814,0.03969848229269448,0.1277394300852494,0.02628133448243654,10.116543485998784
11.050847457627118,3.291525423728814,0.02667886656205921,0.07938609883457907,0.0110632164316942,10.900131724695948
11.322033898305085,3.291525423728814,0.019933252089753457,0.05682553272497701,0.008586494467717951,11.275735309622135
11.593220338983052,3.291525423728814,0.013957538427110604,0.0378847366515645,0.006424396829907668,11.59598744154236
11.864406779661017,3.291525423728814,0.008878428356506006,0.02265054425296653,0.004570569502840977,11.856822020291554
12.135593220338983,3.291525423728814,0.005305286936968636,0.012786850953204322,0.00305137198678162,12.027252005552043
12.40677966101695,3.291525423728814,0.002965509207529258,0.006867301721719782,0.0018643389830578791,12.130116968825758
12.677966101694915,3.291525423728814,0.0012870034658591367,0.0027962723808788136,0.0009735327435026523,12.201114102954794
12.94915254237288,3.291525423728814,0.00029297589141893254,0.0005331507835560983,0.0003722821294360015,12.24067163784875
13.220338983050848,3.291525423728814,0.00014039550063834645,0.00022883113402200788,0.0002228416020625773,12.245995782427663
13.491525423728813,3.291525423728814,9.406997375002026e-05,0.00014866672231106883,0.000151427673787079,12.247398470495765
13.76271186440678,3.291525423728814,5.673123041673841e-05,8.60425306417779e-05,9.39840143177278e-05,12.248494301984499
14.033898305084746,3.291525423728814,3.0297750673814425e-05,4.3724028060909726e-05,5.215977564244001e-05,12.249234841457625
14.305084745762711,3.291525423728814,2.0698434254871246e-05,3.158683780837652e-05,3.206057978573499e-05,12.24944723657415
14.576271186440678,3.291525423728814,1.2881213102202257e-05,2.146340119471268e-05,1.685967996031419e-05,12.249624393358323
14.847457627118644,3.291525423728814,6.880597606190343e-06,1.3326488106780843e-05,6.516292216300235e-06,12.249766787568099
15.11864406779661,3.291525423728814,3.670198253394606e-06,8.107474249610034e-06,2.42762010516786e-06,12.249858119611451
15.389830508474576,3.291525423728814,2.3857717616359664e-06,5.159486215276051e-06,1.6393634797602185e-06,12.249909709157606
15.661016949152541,3.291525423728814,1.3729369077065995e-06,2.8826533957912215e-06,1.0066988962424262e-06,12.249949553617506
15.932203389830509,3.291525423728814,6.3472385500233e-07,1.2711826824170761e-06,5.284541846689032e-07,12.249977754313152
16.203389830508474,3.291525423728814,3.646888601169884e-07,7.107160194568961e-07,3.153594757984313e-07,12.249987562472814
16.474576271186443,3.291525423728814,2.227623976954519e-07,4.2526358634105884e-07,2.2092355439935782e-07,12.249992557888367
16.74576271186441,3.291525423728814,1.151519005801018e-07,2.1464336682210758e-07,2.2092355440959477e-07,12.249996243741364
17.016949152542374,3.291525423728814,4.510065927783038e-08,8.016534195406466e-08,2.209235544161309e-07,12.249998597106554
17.28813559322034,3.291525423728814,4.482090629732575e-08,4.636545733101724e-08,2.209235544177737e-07,12.249999188604509
17.559322033898304,3.291525423728814,4.482090629756077e-08,2.2530758553638357e-08,2.2092355441893212e-07,12.249999605711725
17.83050847457627,3.291525423728814,4.482090629758919e-08,1.964889177610942e-08,2.209235544190722e-07,12.249999656144393
18.101694915254235,3.291525423728814,4.482090629758919e-08,1.964889177610942e-08,2.209235544190722e-07,12.249999656144393
18.372881355932204,3.291525423728814,4.482090629758919e-08,1.964889177610942e-08,2.209235544190722e-07,12.249999656144393
18.64406779661017,3.291525423728814,4.482090629758919e-08,1.964889177610942e-08,2.209235544190722e-07,12.249999656144393
18.915254237288135,3.291525423728814,4.482090629758919e-08,1.964889177610942e-08,2.209235544190722e-07,12.249999656144393
19.186440677966104,3.291525423728814,4.482090629758919e-08,1.964889177610942e-08,2.209235544190722e-07,12.249999656144393
19.45762711864407,3.291525423728814,4.482090629758919e-08,1.964889177610942e-08,2.209235544190722e-07,12.249999656144393
19.728813559322035,3.291525423728814,4.482090629758919e-08,1.964889177610942e-08,2.209235544190722e-07,12.249999656144393
20.0,3.291525423728814,4.482090629758919e-08,1.964889177610942e-08,2.209235544190722e-07,12.249999656144393
4.0,3.3559322033898304,0.8508005793069118,10.841143781901375,15.389217960261584,557.0949744408437
4.271186440677966,3.3559322033898304,1.3531936749699305,15.274398764138002,15.181220765294867,1203.1183816644632
4.5423728813559325,3.3559322033898304,2.2186380985693797,22.82068896742478,14.828397587319248,2867.7869739947105
4.813559322033898,3.3559322033898304,3.7305019592416326,36.1219783625407,14.199276491240738,7535.098633804653
5.084745762711864,3.3559322033898304,5.827469836711822,54.02486911498326,13.207347297623807,17308.60530855699
5.3559322033898304,3.3559322033898304,7.016717428613258,63.08277975991395,12.145526485530093,23779.78324318781
5.627118644067797,3.3559322033898304,7.704950802314171,72.93975108690417,10.606145430626992,31987.099909851273
5.898305084745763,3.3559322033898304,7.370016119502434,82.63104851588511,8.419930910760737,41240.520268688
6.169491525423728,3.3559322033898304,6.710263167875593,66.30580293824812,6.821989945982659,26329.770344116856
6.4406779661016955,3.3559322033898304,6.095321456515446,38.1312182883506,5.851622064740073,8432.389980915385
6.711864406779661,3.3559322033898304,5.085948934927504,16.05661118389772,4.870598187562988,1342.6015712247229
6.983050847457627,3.3559322033898304,3.8017997455973718,2.7880521820881405,3.9057742810781657,12.041805376247803
7.254237288135593,3.3559322033898304,3.4720054744387414,1.9931508846331656,3.391406259943023,2.1989248246319186
7.525423728813559,3.3559322033898304,3.1307487080698504,1.6635736890979638,2.9425592896833654,0.4341943099044382
7.796610169491526,3.3559322033898304,2.726878695147554,1.3498104508597504,2.530329788744922,0.015743692768134518
8.067796610169491,3.3559322033898304,2.221568179656064,1.100085606805311,2.082244134506877,0.5621790202833651
8.338983050847457,3.3559322033898304,1.532909752142696,0.9820910662497747,1.4852344178948813,1.0915492306765628
8.610169491525424,3.3559322033898304,0.9029307915091546,0.8594219706282581,0.9785819186890553,1.826403786496473
8.881355932203391,3.3559322033898304,0.39698848481228227,0.7354413326579747,0.5712523701448216,2.760238889621303
9.152542372881356,3.3559322033898304,0.20818143432335418,0.6239972654975453,0.3676348922787522,3.763626524720544
9.423728813559322,3.3559322033898304,0.16806501432104204,0.5269464862493541,0.2754124613594989,4.763890236702181
9.694915254237287,3.3559322033898304,0.12983290014444074,0.4370939410891805,0.19743534945283006,5.794925489294788
9.966101694915254,3.3559322033898304,0.09458625707401554,0.35473130933877406,0.13297348646711032,6.8286664729789575
10.237288135593221,3.3559322033898304,0.07349116327319087,0.2675879303360436,0.08748734033786983,8.01473184700378
10.508474576271187,3.3559322033898304,0.05544485760718615,0.19048865640455329,0.05230592988253903,9.143235564287888
10.779661016949152,3.3559322033898304,0.039228347893301596,0.12586035634943057,0.026159163484400134,10.1464489470125
11.050847457627118,3.3559322033898304,0.026368807364091768,0.07825917395040577,0.011008766125024695,10.918742570289147
11.322033898305085,3.3559322033898304,0.019706513049692453,0.056048048786468026,0.008542193000302522,11.28879279481662
11.593220338983052,3.3559322033898304,0.013802503483146794,0.037385672753095775,0.006389931437829518,11.604486280115832
11.864406779661017,3.3559322033898304,0.008782341579803734,0.02236359440799608,0.004545259143199523,11.861762912577849
12.135593220338983,3.3559322033898304,0.005248638538668583,0.012628238096701383,0.003034233878310327,12.030002535791644
12.40677966101695,3.3559322033898304,0.0029338211766773074,0.006782308274027709,0.0018538519216692376,12.131597103364037
12.677966101694915,3.3559322033898304,0.0012732458853630503,0.002761739617224322,0.0009680439815561384,12.20171722673428
12.94915254237288,3.3559322033898304,0.00028984195888330896,0.0005265839011009634,0.0003701780433854958,12.24078651479701
13.220338983050848,3.3559322033898304,0.00013889407386643223,0.00022601746597342436,0.00022158045836881532,12.246045013619806
13.491525423728813,3.3559322033898304,9.306444936135051e-05,0.00014684244944154304,0.00015056661841701593,12.247430391901675
13.76271186440678,3.3559322033898304,5.61240762794463e-05,8.498983708418017e-05,9.34499118115121e-05,12.248512722996473
14.033898305084746,3.3559322033898304,2.9975473714817054e-05,4.318806027001713e-05,5.1859731825794374e-05,12.249244220602824
14.305084745762711,3.3559322033898304,2.0477741388315317e-05,3.120141584905423e-05,3.18758261498125e-05,12.249453981307191
14.576271186440678,3.3559322033898304,1.2743095983011969e-05,2.1203447202878678e-05,1.6762602433877794e-05,12.249628942483861
14.847457627118644,3.3559322033898304,6.807093173014448e-06,1.3166273675596522e-05,6.477011353121536e-06,12.249769591294116
15.11864406779661,3.3559322033898304,3.6318438462690894e-06,8.007200572200497e-06,2.413683000314599e-06,12.249859874390706
15.389830508474576,3.3559322033898304,2.3584447557830603e-06,5.100930787178962e-06,1.6305441201373399e-06,12.249910733873845
15.661016949152541,3.3559322033898304,1.3571598500539113e-06,2.8513945469957e-06,1.0000292406080764e-06,12.24995010064624
15.932203389830509,3.3559322033898304,6.285812240961097e-07,1.2550585802845954e-06,5.24834314836881e-07,12.24997803648469
16.203389830508474,3.3559322033898304,3.6206481131548614e-07,6.989451530439433e-07,3.138947785680432e-07,12.249987768462871
16.474576271186443,3.3559322033898304,2.2090761867736558e-07,4.204701083716095e-07,2.209235543995908e-07,12.249992641774206
16.74576271186441,3.3559322033898304,1.1402402126972973e-07,2.119583240884737e-07,2.2092355440972527e-07,12.249996290729609
17.016949152542374,3.3559322033898304,4.482090629700247e-08,7.915033331369309e-08,2.2092355441618024e-07,12.249998614869202
17.28813559322034,3.3559322033898304,4.482090629731958e-08,4.699073776760637e-08,2.209235544177433e-07,12.249999177662101
17.559322033898304,3.3559322033898304,4.482090629756342e-08,2.2262571213256834e-08,2.2092355441894517e-07,12.249999610405004
17.83050847457627,3.3559322033898304,4.482090629758919e-08,1.964889177610942e-08,2.209235544190722e-07,12.249999656144393
18.101694915254235,3.3559322033898304,4.482090629758919e-08,1.964889177610942e-08,2.209235544190722e-07,12.249999656144393
18.372881355932204,3.3559322033898304,4.482090629758919e-08,1.964889177610942e-08,2.209235544190722e-07,12.249999656144393
18.64406779661017,3.3559322033898304,4.482090629758919e-08,1.964889177610942e-08,2.209235544190722e-07,12.249999656144393
18.915254237288135,3.3559322033898304,4.482090629758919e-08,1.964889177610942e-08,2.209235544190722e-07,12.249999656144393
19.186440677966104,3.3559322033898304,4.482090629758919e-08,1.964889177610942e-08,2.209235544190722e-07,12.249999656144393
19.45762711864407,3.3559322033898304,4.482090629758919e-08,1.964889177610942e-08,2.209235544190722e-07,12.249999656144393
19.728813559322035,3.3559322033898304,4.482090629758919e-08,1.964889177610942e-08,2.209235544190722e-07,12.249999656144393
20.0,3.3559322033898304,4.482090629758919e-08,1.964889177610942e-08,2.209235544190722e-07,12.249999656144393
4.0,3.4203389830508475,0.8558459137940491,10.878857527331721,15.388130399156026,561.5546251465827
4.271186440677966,3.4203389830508475,1.3577047713725177,15.301315817397956,15.18036833324387,1207.791134093991
4.5423728813559325,3.4203389830508475,2.2223081607472728,22.838555304394013,14.827769817720606,2872.5728346222545
4.813559322033898,3.4203389830508475,3.7329866695570977,36.13206049106494,14.198880184025068,7539.475162218714
5.084745762711864,3.4203389830508475,5.828733814380637,54.02912120898525,13.207148866053373,17311.402495187882
5.3559322033898304,3.4203389830508475,7.017478453972746,63.0848841851729,12.145392910100348,23781.405855863715
5.627118644067797,3.4203389830508475,7.7053210477458975,72.94060554251323,10.606067488303202,31987.864008684206
5.898305084745763,3.4203389830508475,7.3701371793941615,82.63126617813926,8.419898108210376,41240.74128064818
6.169491525423728,3.4203389830508475,6.7103047131569795,66.305837526934,6.82197674587651,26329.798406704704
6.4406779661016955,3.4203389830508475,6.095339815203742,38.13122090421047,5.851615557340799,8432.391181961926
6.711864406779661,3.4203389830508475,5.085955518921028,16.056610299916414,4.870595455455392,1342.6014092725995
6.983050847457627,3.4203389830508475,3.800753490104305,2.7861588755617297,3.9058993425781714,12.008977676865994
7.254237288135593,3.4203389830508475,3.43672062459482,1.9483614070242792,3.394825454858075,1.879376454460295
7.525423728813559,3.4203389830508475,3.097000709138053,1.6274516713205183,2.944516210708256,0.32333914241560696
7.796610169491526,3.4203389830508475,2.6961871631220715,1.3214736978284127,2.531036165112614,0.03853987582964636
8.067796610169491,3.4203389830508475,2.195759882942743,1.07774354556659,2.081951400916056,0.6490576401499524
8.338983050847457,3.4203389830508475,1.514672803648717,0.9627729242690302,1.4843490596245204,1.1947969734515944
8.610169491525424,3.4203389830508475,0.8919959557001749,0.8430301618749754,0.9775263190239203,1.9388462536313502
8.881355932203391,3.4203389830508475,0.3921203135206751,0.7218304595777881,0.5703535923782026,2.8744620347279617
9.152542372881356,3.4203389830508475,0.20561188568091546,0.6127974650007606,0.36688059173589543,3.8730489444326786
9.423728813559322,3.4203389830508475,0.1659882338537479,0.5177813673252357,0.274722185702828,4.864435723990814
9.694915254237287,3.4203389830508475,0.12823310036854124,0.42972979308486897,0.19685446138115714,5.883901715169569
9.966101694915254,3.4203389830508475,0.0934281987397767,0.34894498855956363,0.13252734525065035,6.904478981712846
10.237288135593221,3.4203389830508475,0.07260011634787725,0.26336502538139134,0.08716011911505316,8.07461915953903
10.508474576271187,3.4203389830508475,0.05478113276737273,0.18758243165904606,0.05209167881923863,9.187227250136196
10.779661016949152,3.4203389830508475,0.03876599650605884,0.1240055792281772,0.026043520707739146,10.176011011505121
11.050847457627118,3.4203389830508475,0.026063652212762543,0.07714632646532543,0.010956897080901834,10.937136509901146
11.322033898305085,3.4203389830508475,0.019483199255936695,0.05527991700467703,0.008499766800859612,11.301700635068425
11.593220338983052,3.4203389830508475,0.013649701404516127,0.03689239529214934,0.006356775712897337,11.612889637577334
11.864406779661017,3.4203389830508475,0.008687576889378965,0.02207983239749151,0.004520819253927093,11.86664992678578
12.135593220338983,3.4203389830508475,0.005192744766172483,0.012471360871196605,0.0030176563428581686,12.032723277516428
12.40677966101695,3.4203389830508475,0.0029025567960847785,0.006698243107396366,0.0018437002338113414,12.133061161000096
12.677966101694915,3.4203389830508475,0.0012596692918394113,0.002727587447577971,0.0009627314639540016,12.202313718000408
12.94915254237288,3.4203389830508475,0.0002867501615575015,0.0005200863180548069,0.00036814226221791975,12.240900179995153
13.220338983050848,3.4203389830508475,0.00013741163512006948,0.0002232357335342661,0.00022035870154680384,12.246093686126851
13.491525423728813,3.4203389830508475,9.207218327182931e-05,0.00014503795413871168,0.00014973281948881708,12.247461967277621
13.76271186440678,3.4203389830508475,5.552518826678763e-05,8.394878478232344e-05,9.293012650435179e-05,12.248530940312547
14.033898305084746,3.4203389830508475,2.965492284149086e-05,4.266083206219063e-05,5.1572574633064514e-05,12.249253446813572
14.305084745762711,3.4203389830508475,2.0258707572111462e-05,3.082174335512619e-05,3.169844260136517e-05,12.249460625428657
14.576271186440678,3.4203389830508475,1.2608135353403016e-05,2.094448358846149e-05,1.666711313311165e-05,12.249633474278896
14.847457627118644,3.4203389830508475,6.735133499684043e-06,1.3004395120286898e-05,6.441501021583044e-06,12.249772424142357
15.11864406779661,3.4203389830508475,3.5928235448482095e-06,7.91133719808882e-06,2.3996191703804183e-06,12.249861551990215
15.389830508474576,3.4203389830508475,2.334306182476119e-06,5.037809440403177e-06,1.6203614827484138e-06,12.249911838493409
15.661016949152541,3.4203389830508475,1.3423147028313993e-06,2.8166823951549793e-06,9.956564650341954e-07,12.249950708107669
15.932203389830509,3.4203389830508475,6.214617004813383e-07,1.2418614733751208e-06,5.206883606484082e-07,12.249978267433852
16.203389830508474,3.4203389830508475,3.572888111444935e-07,6.922858603560704e-07,3.127902551845617e-07,12.249987885000435
16.474576271186443,3.4203389830508475,2.187572698104519e-07,4.15163658428741e-07,2.2092355439984873e-07,12.249992734637054
16.74576271186441,3.4203389830508475,1.1290581033712674e-07,2.09307825467921e-07,2.209235544098541e-07,12.249996337113325
17.016949152542374,3.4203389830508475,4.482090629701234e-08,7.814922534147305e-08,2.209235544162289e-07,12.249998632388593
17.28813559322034,3.4203389830508475,4.482090629733694e-08,4.5230803555568556e-08,2.2092355441782883e-07,12.249999208460949
17.559322033898304,3.4203389830508475,4.4820906297578124e-08,2.0771092853696113e-08,2.2092355441901764e-07,12.249999636505876
17.83050847457627,3.4203389830508475,4.482090629758919e-08,1.964889177610942e-08,2.209235544190722e-07,12.249999656144393
18.101694915254235,3.4203389830508475,4.482090629758919e-08,1.964889177610942e-08,2.209235544190722e-07,12.249999656144393
18.372881355932204,3.4203389830508475,4.482090629758919e-08,1.964889177610942e-08,2.209235544190722e-07,12.249999656144393
18.64406779661017,3.4203389830508475,4.482090629758919e-08,1.964889177610942e-08,2.209235544190722e-07,12.249999656144393
18.915254237288135,3.4203389830508475,4.482090629758919e-08,1.964889177610942e-08,2.209235544190722e-07,12.249999656144393
19.186440677966104,3.4203389830508475,4.482090629758919e-08,1.964889177610942e-08,2.209235544190722e-07,12.249999656144393
19.45762711864407,3.4203389830508475,4.482090629758919e-08,1.964889177610942e-08,2.209235544190722e-07,12.249999656144393
19.728813559322035,3.4203389830508475,4.482090629758919e-08,1.964889177610942e-08,2.209235544190722e-07,12.249999656144393
20.0,3.4203389830508475,4.482090629758919e-08,1.964889177610942e-08,2.209235544190722e-07,12.249999656144393
4.0,3.4847457627118645,0.8609105364787963,10.916570965949576,15.387041943038557,566.0320184372152
4.271186440677966,3.4847457627118645,1.3622261250726568,15.328230167560355,15.179515491364329,1212.472472503364
4.5423728813559325,3.4847457627118645,2.2259824377081716,22.8564190350509,14.827141909723473,2877.361986298092
4.813559322033898,3.4847457627118645,3.7354725145351058,36.14214141262502,14.198483848935966,7543.852437092716
5.084745762711864,3.4847457627118645,5.829997972034386,54.03337300601388,13.206950432082854,17314.19971243869
5.3559322033898304,3.4847457627118645,7.018239529884158,63.08698849364886,12.145259334734902,23783.028433847292
5.627118644067797,3.4847457627118645,7.70569130289519,72.94145996371256,10.605989546368793,31988.62808587179
5.898305084745763,3.4847457627118645,7.370258240177504,82.63148383470948,8.41986530580537,41240.962287429174
6.169491525423728,3.4847457627118645,6.710346258528416,66.30587211491624,6.82196354580478,26329.82646873663
6.4406779661016955,3.4847457627118645,6.095358173903994,38.13122351998013,5.851609049952502,8432.392382967135
6.711864406779661,3.4847457627118645,5.0859621029221636,16.056609415926246,4.870592723347333,1342.6012473188619
6.983050847457627,3.4847457627118645,3.8007550367532046,2.7861587492934206,3.905898541966964,12.008975489016875
7.254237288135593,3.4847457627118645,3.4299074680241146,1.939639981560497,3.39565059779143,1.8200706856163351
7.525423728813559,3.4847457627118645,3.0641632579725724,1.5918779505734164,2.9475998768067773,0.2301071744765904
7.796610169491526,3.4847457627118645,2.6662788656918317,1.2935658007882556,2.5326996078342257,0.07080149226153301
8.067796610169491,3.4847457627118645,2.1705835001117606,1.055740247804985,2.0824361648649994,0.7407173561335813
8.338983050847457,3.4847457627118645,1.4968733068167595,0.9437524933754945,1.4840151891138216,1.301011170631738
8.610169491525424,3.4847457627118645,0.8813172726906762,0.8268934999292914,0.9768286389478004,2.0528191276456065
8.881355932203391,3.4847457627118645,0.38736303182689746,0.708431987096323,0.5696587587636038,2.9891644779471256
9.152542372881356,3.4847457627118645,0.20309851322240996,0.6017699597122428,0.36625247180086407,3.982319982611214
9.423728813559322,3.4847457627118645,0.16395477374457731,0.508753903076716,0.2741219939542583,4.964497533006172
9.694915254237287,3.4847457627118645,0.12666518227176402,0.4224734611852884,0.1963349700784397,5.972238338044186
9.966101694915254,3.4847457627118645,0.09229220491107645,0.3432411126250313,0.13212042766285362,6.979620912787383
10.237288135593221,3.4847457627118645,0.07172529886034136,0.2592005372902417,0.08685730822797325,8.133896338242955
10.508474576271187,3.4847457627118645,0.054128964737973725,0.1847151768606119,0.051891201232866946,9.230732508455834
10.779661016949152,3.4847457627118645,0.03831134054632044,0.12217486945320982,0.025934363238300222,10.205231651605754
11.050847457627118,3.4847457627118645,0.025763349280610134,0.07604741997207945,0.010907591853586442,10.955315213516167
11.322033898305085,3.4847457627118645,0.019263272526569855,0.05452105766014045,0.008459204209256856,11.314459901749917
11.593220338983052,3.4847457627118645,0.013499111215905555,0.036404842107775684,0.006324923653082115,11.6211984664195
11.864406779661017,3.4847457627118645,0.008594117759762645,0.021799245107522937,0.0044972418223593776,11.871483254913711
12.135593220338983,3.4847457627118645,0.005137599960650788,0.012316206500265556,0.003001632711912429,12.035414442136334
12.40677966101695,3.4847457627118645,0.00287170754823702,0.006615101355666208,0.0018338879744448117,12.134509223563
12.677966101694915,3.4847457627118645,0.0012462725127948657,0.0026938066430075226,0.0009575969042765347,12.202903737461302
12.94915254237288,3.4847457627118645,0.0002837004043053957,0.0005136580256028074,0.0003661723550745737,12.241012633580493
13.220338983050848,3.4847457627118645,0.00013594946694777912,0.0002204828051733795,0.00021917759671365245,12.246141854738635
13.491525423728813,3.4847457627118645,9.109197658102831e-05,0.00014325424011930968,0.00014892734236162126,12.247493179059017
13.76271186440678,3.4847457627118645,5.4934869915403295e-05,8.291750086954207e-05,9.242818492532991e-05,12.248548986705478
14.033898305084746,3.4847457627118645,2.933967480231838e-05,4.2137880620086414e-05,5.129293309307225e-05,12.24926259818665
14.305084745762711,3.4847457627118645,2.004339431102195e-05,3.04441551552792e-05,3.152781153417146e-05,12.24946723307757
14.576271186440678,3.4847457627118645,1.2473283440501962e-05,2.068957826129737e-05,1.6578405074681706e-05,12.249637935055791
14.847457627118644,3.4847457627118645,6.66216002335134e-06,1.2849563978716857e-05,6.405655021360301e-06,12.249775133662318
15.11864406779661,3.4847457627118645,3.553071195563741e-06,7.818928073209573e-06,2.3867651692926244e-06,12.249863169140815
15.389830508474576,3.4847457627118645,2.3101842288495904e-06,4.974920778957418e-06,1.611908314172336e-06,12.249912939041055
15.661016949152541,3.4847457627118645,1.3292959349291805e-06,2.780625050209518e-06,9.891296391861218e-07,12.249951339109943
15.932203389830509,3.4847457627118645,6.154478628530244e-07,1.226078118026071e-06,5.173280069059721e-07,12.249978543642328
16.203389830508474,3.4847457627118645,3.541233947939553e-07,6.840925445313001e-07,3.091995121988259e-07,12.249988028383392
16.474576271186443,3.4847457627118645,2.162849700942415e-07,4.094424422179516e-07,2.2092355440012682e-07,12.249992834758308
16.74576271186441,3.4847457627118645,1.1179743506730699e-07,2.0669116680547894e-07,2.2092355440998128e-07,12.249996382904845
17.016949152542374,3.4847457627118645,4.482090629702208e-08,7.716169594192943e-08,2.2092355441627688e-07,12.249998649670356
17.28813559322034,3.4847457627118645,4.482090629734259e-08,4.4657421575675235e-08,2.209235544178567e-07,12.249999218495132
17.559322033898304,3.4847457627118645,4.482090629756903e-08,2.1692900474785997e-08,2.2092355441897285e-07,12.249999620374245
17.83050847457627,3.4847457627118645,4.482090629758919e-08,1.964889177610942e-08,2.209235544190722e-07,12.249999656144393
18.101694915254235,3.4847457627118645,4.482090629758919e-08,1.964889177610942e-08,2.209235544190722e-07,12.249999656144393
18.372881355932204,3.4847457627118645,4.482090629758919e-08,1.964889177610942e-08,2.209235544190722e-07,12.249999656144393
18.64406779661017,3.4847457627118645,4.482090629758919e-08,1.964889177610942e-08,2.209235544190722e-07,12.249999656144393
18.915254237288135,3.4847457627118645,4.482090629758919e-08,1.964889177610942e-08,2.209235544190722e-07,12.249999656144393
19.186440677966104,3.4847457627118645,4.482090629758919e-08,1.964889177610942e-08,2.209235544190722e-07,12.249999656144393
19.45762711864407,3.4847457627118645,4.482090629758919e-08,1.964889177610942e-08,2.209235544190722e-07,12.249999656144393
19.728813559322035,3.4847457627118645,4.482090629758919e-08,1.964889177610942e-08,2.209235544190722e-07,12.249999656144393
20.0,3.4847457627118645,4.482090629758919e-08,1.964889177610942e-08,2.209235544190722e-07,12.249999656144393
4.0,3.5491525423728816,0.8659944476192588,10.954283400660012,15.38595260913961,570.5270706257965
4.271186440677966,3.5491525423728816,1.3667577397373398,15.355141670730953,15.17866224310811,1217.1623690635718
4.5423728813559325,3.5491525423728816,2.2296609303206707,22.87428013685914,14.826513863879795,2882.154421226894
4.813559322033898,3.5491525423728816,3.7379594942275,36.15222112517506,14.198087486028673,7548.230457081649
5.084745762711864,3.5491525423728816,5.831262309670387,54.037624505978876,13.206751995715372,17316.996960202672
5.3559322033898304,3.5491525423728816,7.0190006563470755,63.0890926853314,12.145125759434215,23784.6509771213
5.627118644067797,3.5491525423728816,7.7060615677623865,72.94231435050354,10.605911604823696,31989.39214141414
5.898305084745763,3.5491525423728816,7.370379301852841,82.63170148558581,8.419832503545896,41241.183289020766
6.169491525423728,3.5491525423728816,6.7103878039879845,66.30590670219974,6.821950345767757,26329.8545302166
6.4406779661016955,3.5491525423728816,6.095376532615641,38.131226135664875,5.851602542575006,8432.393583933439
6.711864406779661,3.5491525423728816,5.085968686921473,16.056608531938995,4.870589991241437,1342.6010853656683
6.983050847457627,3.5491525423728816,3.80075658342376,2.7861586230238946,3.9058977413435185,12.008973301146874
7.254237288135593,3.5491525423728816,3.4299081619979765,1.9396399183064732,3.3956502200401033,1.8200702589363573
7.525423728813559,3.5491525423728816,3.0507201660078507,1.5771867187816768,2.949220892659054,0.1962195832038566
7.796610169491526,3.5491525423728816,2.637146483693694,1.2660854820472622,2.535320536538018,0.11208186324071313
8.067796610169491,3.5491525423728816,2.146032737403369,1.0340741174840584,2.0836985838570907,0.8368859468441914
8.338983050847457,3.5491525423728816,1.4795064736071863,0.9250276869810361,1.48423268319209,1.4099918633411535
8.610169491525424,3.5491525423728816,0.8708917280076857,0.8110097532451176,0.9764885739535906,2.168184442327357
8.881355932203391,3.5491525423728816,0.3827152645771137,0.6952437964049608,0.5691675400613679,3.1042581656605757
9.152542372881356,3.5491525423728816,0.2006406098936507,0.5909129607805702,0.36575023400767104,4.091386481455394
9.423728813559322,3.5491525423728816,0.1619640927194892,0.499862666712731,0.2736116085842127,5.064045117359473
9.694915254237287,3.5491525423728816,0.1251287513991109,0.41532383600753175,0.19587664480446892,6.059919674593262
9.966101694915254,3.5491525423728816,0.09117800763848748,0.33761884104115886,0.13175255865272062,7.054085793192064
10.237288135593221,3.5491525423728816,0.07086651582269254,0.25509388567993735,0.0865787856992717,8.192562566296651
10.508474576271187,3.5491525423728816,0.053488218514303174,0.18188651110656548,0.05170442066454588,9.273752948900844
10.779661016949152,3.5491525423728816,0.03786429212592815,0.1203679975854326,0.02583165282225889,10.234112885021968
11.050847457627118,3.5491525423728816,0.025467843541946443,0.07496233434699859,0.010860832653087106,10.97328009624472
11.322033898305085,3.5491525423728816,0.019046697043250335,0.053771388914996984,0.008420491623603144,11.327071708149102
11.593220338983052,3.5491525423728816,0.01335070957074145,0.03592297142003268,0.006294363131515786,11.629413374372204
11.864406779661017,3.5491525423728816,0.008501953088259715,0.02152179982523228,0.004474521375483057,11.876263427231669
12.135593220338983,3.5491525423728816,0.005083203886321313,0.012162740356971983,0.0029861593981527737,12.03807662033418
12.40677966101695,3.5491525423728816,0.0028412744210280345,0.006532863682854407,0.0018244118880606677,12.135941624974414
12.677966101694915,3.5491525423728816,0.0012330569246784533,0.0026603921123248084,0.0009526355702871338,12.203487373573012
12.94915254237288,3.5491525423728816,0.0002806901236933413,0.0005073014835257148,0.0003642700226140676,12.241123832505766
13.220338983050848,3.5491525423728816,0.0001345068444661306,0.000217760235189931,0.00021803431232510966,12.246189492256176
13.491525423728813,3.5491525423728816,9.01253136865051e-05,0.0001414885108793665,0.00014814952843731277,12.24752407617835
13.76271186440678,3.5491525423728816,5.4351273751379734e-05,8.189864890722286e-05,9.194420136025558e-05,12.2485668155653
14.033898305084746,3.5491525423728816,2.9027483913629727e-05,4.1621958909950515e-05,5.1024102044168076e-05,12.249271626546497
14.305084745762711,3.5491525423728816,1.9831101509843595e-05,3.007103591031215e-05,3.1360005659096345e-05,12.249473762523237
14.576271186440678,3.5491525423728816,1.2341709210667223e-05,2.043611964430919e-05,1.6488815141716217e-05,12.249642370516439
14.847457627118644,3.5491525423728816,6.592053071496999e-06,1.2691184952004056e-05,6.372361693200629e-06,12.24977790527
15.11864406779661,3.5491525423728816,3.5162437423412285e-06,7.722053172102255e-06,2.3741399581680604e-06,12.249864864442175
15.389830508474576,3.5491525423728816,2.2840014118881007e-06,4.9179944862520455e-06,1.6038974680943882e-06,12.249913935247653
15.661016949152541,3.5491525423728816,1.3139405052217663e-06,2.7496154894786732e-06,9.844757348329437e-07,12.249951881776184
15.932203389830509,3.5491525423728816,6.082305254524838e-07,1.2124830160105172e-06,5.149386811325048e-07,12.249978781556404
16.203389830508474,3.5491525423728816,3.4945567043799716e-07,6.773419161614657e-07,3.0815434239035497e-07,12.249988146519334
16.474576271186443,3.5491525423728816,2.1446576163074768e-07,4.0481968639770984e-07,2.209235544003515e-07,12.24999291565651
16.74576271186441,3.5491525423728816,1.1069111993642686e-07,2.0409307411099724e-07,2.2092355441010757e-07,12.249996428371459
17.016949152542374,3.5491525423728816,4.482090629703169e-08,7.618744233767403e-08,2.2092355441632426e-07,12.249998666719792
17.28813559322034,3.5491525423728816,4.4820906297351893e-08,4.371340014077167e-08,2.2092355441790257e-07,12.249999235015505
17.559322033898304,3.5491525423728816,4.4820906297579864e-08,2.0594830207715086e-08,2.2092355441902622e-07,12.24999963959047
17.83050847457627,3.5491525423728816,4.482090629758919e-08,1.964889177610942e-08,2.209235544190722e-07,12.249999656144393
18.101694915254235,3.5491525423728816,4.482090629758919e-08,1.964889177610942e-08,2.209235544190722e-07,12.249999656144393
18.372881355932204,3.5491525423728816,4.482090629758919e-08,1.964889177610942e-08,2.209235544190722e-07,12.249999656144393
18.64406779661017,3.5491525423728816,4.482090629758919e-08,1.964889177610942e-08,2.209235544190722e-07,12.249999656144393
18.915254237288135,3.5491525423728816,4.482090629758919e-08,1.964889177610942e-08,2.209235544190722e-07,12.249999656144393
19.186440677966104,3.5491525423728816,4.482090629758919e-08,1.964889177610942e-08,2.209235544190722e-07,12.249999656144393
19.45762711864407,3.5491525423728816,4.482090629758919e-08,1.964889177610942e-08,2.209235544190722e-07,12.249999656144393
19.728813559322035,3.5491525423728816,4.482090629758919e-08,1.964889177610942e-08,2.209235544190722e-07,12.249999656144393
20.0,3.5491525423728816,4.482090629758919e-08,1.964889177610942e-08,2.209235544190722e-07,12.249999656144393
4.0,3.613559322033898,0.8710976470773046,10.991994135586008,15.384862414662704,575.0396968569772
4.271186440677966,3.613559322033898,1.3712996189683002,15.382050183158347,15.177808591926146,1221.8607957772392
4.5423728813559325,3.613559322033898,2.233343639446238,22.892138587298078,14.82588568074152,2886.950131597669
4.813559322033898,3.613559322033898,3.740447608685613,36.16229962666942,14.197691095358449,7552.60922083963
5.084745762711864,3.613559322033898,5.832526827285778,54.04187570878858,13.206553556954084,17319.794238372153
5.3559322033898304,3.613559322033898,7.019761833359276,63.091196760208994,12.144992184198971,23786.27348566763
5.627118644067797,3.613559322033898,7.706431842346483,72.94316870288615,10.60583366366806,31990.156175310174
5.898305084745763,3.613559322033898,7.3705003644198275,82.63191913076864,8.419799701432112,41241.40428542334
6.169491525423728,3.613559322033898,6.71042934953678,66.30594128876547,6.821937145765964,26329.882591129182
6.4406779661016955,3.613559322033898,6.095394891347096,38.13122875123809,5.851596035207421,8432.394784848624
6.711864406779661,3.613559322033898,5.085975270920214,16.05660764793881,4.870587259139831,1342.6009234101152
6.983050847457627,3.613559322033898,3.8007581300812996,2.78615849675511,3.905896940727423,12.008971113289913
7.254237288135593,3.613559322033898,3.4299088559856483,1.939639855052396,3.3956498422785946,1.820069832256068
7.525423728813559,3.613559322033898,3.0507204687461833,1.5771866861451362,2.9492207187679425,0.19621951091934403
7.796610169491526,3.613559322033898,2.6173295119454925,1.2472156523244828,2.537709452202264,0.145894105591458
8.067796610169491,3.613559322033898,2.122101268296124,1.0127434505439823,2.0857390525890023,0.9372977193536314
8.338983050847457,3.613559322033898,1.4625675299440144,0.9065963608067051,1.4850016308376885,1.5215446948074185
8.610169491525424,3.613559322033898,0.8607163328271329,0.7953766661321501,0.9765059768462012,2.2848085991092084
8.881355932203391,3.613559322033898,0.37817565346789644,0.6822637634694556,0.5688797043253665,3.2196581576814336
9.152542372881356,3.613559322033898,0.19823747819564758,0.5802246815556087,0.36537363869344763,4.200197329566268
9.423728813559322,3.613559322033898,0.16001565572711976,0.4911062366241253,0.2731907940766302,5.163049206897252
9.694915254237287,3.613559322033898,0.12362341822679501,0.4082798120136663,0.19547928171324463,6.146930820372804
9.966101694915254,3.613559322033898,0.09008534069055762,0.3320773393681405,0.13142358259020723,7.127867556818934
10.237288135593221,3.613559322033898,0.07002357662339874,0.2510444869905243,0.08632443794481935,8.250617317967922
10.508474576271187,3.613559322033898,0.052858760672444854,0.17909605569695167,0.05153126580313748,9.31629025759213
10.779661016949152,3.613559322033898,0.03742476514279111,0.11858473313475114,0.025735352829061007,10.262656788470853
11.050847457627118,3.613559322033898,0.025177080934880584,0.07389093875534598,0.01081660591570117,10.991032764469859
11.322033898305085,3.613559322033898,0.018833436586706966,0.0530308341524604,0.008383615870103306,11.339537085900101
11.593220338983052,3.613559322033898,0.013204471271325227,0.035446736276093106,0.00626508836322312,11.637535059622287
11.864406779661017,3.613559322033898,0.008411071137131942,0.021247463473739014,0.004452654154380281,11.880990981109989
12.135593220338983,3.613559322033898,0.005029541003460445,0.012010967736257785,0.0029712343326020883,12.040709710527745
12.40677966101695,3.613559322033898,0.0028112492039614697,0.006451535736082522,0.0018152679908347135,12.137358264077015
12.677966101694915,3.613559322033898,0.0012200175310762024,0.0026273492890903968,0.0009478445686861514,12.204064530967706
12.94915254237288,3.613559322033898,0.0002777200718993191,0.0005010146555665693,0.0003624337272074623,12.241233812375613
13.220338983050848,3.613559322033898,0.00013308323673776086,0.00021506723122325923,0.0002169322226292158,12.246236612540551
13.491525423728813,3.613559322033898,8.917085052055312e-05,0.0001397434872983594,0.00014739751138533044,12.24755461102379
13.76271186440678,3.613559322033898,5.377614814124085e-05,8.088942898812081e-05,9.147749675007389e-05,12.24858447588708
14.033898305084746,3.613559322033898,2.872085280816953e-05,4.111069366233864e-05,5.076001558117874e-05,12.249280573423961
14.305084745762711,3.613559322033898,1.962176416977263e-05,2.970209926810171e-05,3.1197902957366084e-05,12.249480218776647
14.576271186440678,3.613559322033898,1.2210365033053799e-05,2.0186687896406395e-05,1.6405837661195825e-05,12.2496467355087
14.847457627118644,3.613559322033898,6.522830569619425e-06,1.2534613668134224e-05,6.340143214190911e-06,12.249780645242783
15.11864406779661,3.613559322033898,3.4787669392277325e-06,7.629095434188073e-06,2.361382205931396e-06,12.249866491193666
15.389830508474576,3.613559322033898,2.2607378548669667e-06,4.856962890465996e-06,1.5946317728905594e-06,12.24991500329685
15.661016949152541,3.613559322033898,1.301214007422856e-06,2.714387456466067e-06,9.78353118712222e-07,12.24995249826556
15.932203389830509,3.613559322033898,6.023541269218009e-07,1.1970549439842312e-06,5.117833626135996e-07,12.249979051547431
16.203389830508474,3.613559322033898,3.468758796082277e-07,6.663055429204976e-07,3.0685084644757636e-07,12.249988339655768
16.474576271186443,3.613559322033898,2.112297303541404e-07,4.0143864036005297e-07,2.2092355440051582e-07,12.249992974824798
16.74576271186441,3.613559322033898,1.0954704919529392e-07,2.0143958238799753e-07,2.209235544102365e-07,12.24999647480756
17.016949152542374,3.613559322033898,4.4820906297041165e-08,7.522617927065417e-08,2.2092355441637095e-07,12.249998683541895
17.28813559322034,3.613559322033898,4.482090629735337e-08,4.356441897485622e-08,2.2092355441790983e-07,12.249999237622678
17.559322033898304,3.613559322033898,4.4820906297574484e-08,2.114014727748014e-08,2.209235544189997e-07,12.249999630047423
17.83050847457627,3.613559322033898,4.482090629758919e-08,1.964889177610942e-08,2.209235544190722e-07,12.249999656144393
18.101694915254235,3.613559322033898,4.482090629758919e-08,1.964889177610942e-08,2.209235544190722e-07,12.249999656144393
18.372881355932204,3.613559322033898,4.482090629758919e-08,1.964889177610942e-08,2.209235544190722e-07,12.249999656144393
18.64406779661017,3.613559322033898,4.482090629758919e-08,1.964889177610942e-08,2.209235544190722e-07,12.249999656144393
18.915254237288135,3.613559322033898,4.482090629758919e-08,1.964889177610942e-08,2.209235544190722e-07,12.249999656144393
19.186440677966104,3.613559322033898,4.482090629758919e-08,1.964889177610942e-08,2.209235544190722e-07,12.249999656144393
19.45762711864407,3.613559322033898,4.482090629758919e-08,1.964889177610942e-08,2.209235544190722e-07,12.249999656144393
19.728813559322035,3.613559322033898,4.482090629758919e-08,1.964889177610942e-08,2.209235544190722e-07,12.249999656144393
20.0,3.613559322033898,4.482090629758919e-08,1.964889177610942e-08,2.209235544190722e-07,12.249999656144393
4.0,3.6779661016949152,0.8762201343196705,11.029702476113638,15.383771376783635,579.569811115432
4.271186440677966,3.6779661016949152,1.3758517663019834,15.408955561236628,15.176954541268397,1226.5677244793912
4.5423728813559325,3.6779661016949152,2.237030565939296,22.90999436386263,14.825257360860599,2891.7491095837636
4.813559322033898,3.6779661016949152,3.7429368579605247,36.172376915063744,14.197294676980535,7556.988727020363
5.084745762711864,3.6779661016949152,5.833791524877951,54.04612661435039,13.206355115802156,17322.591546838823
5.3559322033898304,3.6779661016949152,7.020523060919164,63.09330071827198,12.14485860902974,23787.895959469617
5.627118644067797,3.6779661016949152,7.706802126646922,72.9440230208597,10.60575572290201,31990.92018755814
5.898305084745763,3.6779661016949152,7.370621427879148,82.63213677026931,8.419766899463397,41241.62527664836
6.169491525423728,3.6779661016949152,6.710470895175553,66.30597587462418,6.821923945798645,26329.910651483096
6.4406779661016955,3.6779661016949152,6.095413250086423,38.13123136672355,5.851589527852134,8432.395985723599
6.711864406779661,3.6779661016949152,5.085981854922046,16.056606763934386,4.870584527039685,1342.6007614537948
6.983050847457627,3.6779661016949152,3.8007596767402316,2.7861583704840185,3.9058961401136827,12.008968925393186
7.254237288135593,3.6779661016949152,3.4299095499570558,1.9396397917973167,3.3956494645306345,1.8200694055690714
7.525423728813559,3.6779661016949152,3.050720771467763,1.5771866535101675,2.9492205448888904,0.1962194386383262
7.796610169491526,3.6779661016949152,2.6173296220006166,1.247215638978941,2.5377093840880853,0.1458941310788328
8.067796610169491,3.6779661016949152,2.098782740242307,0.9917464398836899,2.088558202439916,1.0416935584227596
8.338983050847457,3.6779661016949152,1.446051720954429,0.8884563152801487,1.4863223325321413,1.6354808836047658
8.610169491525424,3.6779661016949152,0.8507881256747871,0.7799919602703705,0.9768808578631094,2.4025623083086103
8.881355932203391,3.6779661016949152,0.3737428567905055,0.6694897617743605,0.5687951156775398,3.335282550953003
9.152542372881356,3.6779661016949152,0.1958884292318059,0.5697033395355312,0.3651225068443926,4.308703402365307
9.423728813559322,3.6779661016949152,0.15810893540455134,0.4824831930336606,0.27285935583454346,5.261481819160666
9.694915254237287,3.6779661016949152,0.12214879821459376,0.4013402881578401,0.19514270355780758,6.23325762535416
9.966101694915254,3.6779661016949152,0.08901394116787971,0.3266157768168068,0.1311333601012922,7.2009605661161675
10.237288135593221,3.6779661016949152,0.06919629047108745,0.24705176738879875,0.0860941626203813,8.308060169258077
10.508474576271187,3.6779661016949152,0.052240459278155044,0.17634343382302517,0.05137167039760564,9.358346199675156
10.779661016949152,3.6779661016949152,0.0369926727528749,0.11682485396443351,0.025645428734009674,10.290865346271232
11.050847457627118,3.6779661016949152,0.024891013351155372,0.07283309842137717,0.010774894848159352,11.008574904036259
11.322033898305085,3.6779661016949152,0.01862345699265163,0.052299301127019436,0.008348567781237439,11.351857335892001
11.593220338983052,3.6779661016949152,0.013060378957195846,0.03497608259701835,0.006237087284297159,11.645564344263633
11.864406779661017,3.6779661016949152,0.008321457103561785,0.02097622473888254,0.004431629682578304,11.885666079596403
12.135593220338983,3.6779661016949152,0.004976610996871372,0.011860865391768623,0.0029568488042000986,12.043314106443056
12.40677966101695,3.6779661016949152,0.0027816320105045122,0.0063710975580142945,0.0018064554699206332,12.138759485760335
12.677966101694915,3.6779661016949152,0.0012071545450851417,0.002594665122918725,0.0009432285534789949,12.204635437143295
12.94915254237288,3.6779661016949152,0.0002747907620495236,0.0004947954874655958,0.00036066189894228744,12.241342609110436
13.220338983050848,3.6779661016949152,0.00013167824682808226,0.0002124052920029957,0.00021586674427035267,12.246283189364997
13.491525423728813,3.6779661016949152,8.822908369168963e-05,0.000138017554850448,0.0001466719543585567,12.247584811845398
13.76271186440678,3.6779661016949152,5.3208172794931205e-05,7.989296637681378e-05,9.102401016164327e-05,12.24860191298144
14.033898305084746,3.6779661016949152,2.841759043070256e-05,4.060429819342263e-05,5.051040970120501e-05,12.249289435086043
14.305084745762711,3.6779661016949152,1.9414747576830803e-05,2.9336798808191084e-05,3.104388405294889e-05,12.249486611399902
14.576271186440678,3.6779661016949152,1.2082243348127733e-05,1.993885281029379e-05,1.6322225971573495e-05,12.249651072560551
14.847457627118644,3.6779661016949152,6.453965612091039e-06,1.2382747952390569e-05,6.306762753283037e-06,12.249783302869158
15.11864406779661,3.6779661016949152,3.442774927792087e-06,7.534246048894655e-06,2.3495370270782653e-06,12.249868151048924
15.389830508474576,3.6779661016949152,2.2374375065535558e-06,4.796032350251555e-06,1.5869217837829868e-06,12.249916069577631
15.661016949152541,3.6779661016949152,1.2871221187924246e-06,2.681211887266333e-06,9.7453199423091e-07,12.249953078836901
15.932203389830509,3.6779661016949152,5.953503357329099e-07,1.1836908949165333e-06,5.095568277640534e-07,12.249979285418094
16.203389830508474,3.6779661016949152,3.423440128243498e-07,6.59667726084372e-07,3.058509834886233e-07,12.249988455817512
16.474576271186443,3.6779661016949152,2.099844599783552e-07,3.9424045200662625e-07,2.2092355440086567e-07,12.249993100793057
16.74576271186441,3.6779661016949152,1.0780509276808334e-07,2.008930489632387e-07,2.2092355441026308e-07,12.249996484371893
17.016949152542374,3.6779661016949152,4.4820906297050515e-08,7.427763740441222e-08,2.2092355441641706e-07,12.249998700141377
17.28813559322034,3.6779661016949152,4.48209062973588e-08,4.301364550257471e-08,2.2092355441793661e-07,12.249999247261213
17.559322033898304,3.6779661016949152,4.4820906297576986e-08,2.088689677564763e-08,2.2092355441901203e-07,12.249999634479305
17.83050847457627,3.6779661016949152,4.482090629758919e-08,1.964889177610942e-08,2.209235544190722e-07,12.249999656144393
18.101694915254235,3.6779661016949152,4.482090629758919e-08,1.964889177610942e-08,2.209235544190722e-07,12.249999656144393
18.372881355932204,3.6779661016949152,4.482090629758919e-08,1.964889177610942e-08,2.209235544190722e-07,12.249999656144393
18.64406779661017,3.6779661016949152,4.482090629758919e-08,1.964889177610942e-08,2.209235544190722e-07,12.249999656144393
18.915254237288135,3.6779661016949152,4.482090629758919e-08,1.964889177610942e-08,2.209235544190722e-07,12.249999656144393
19.186440677966104,3.6779661016949152,4.482090629758919e-08,1.964889177610942e-08,2.209235544190722e-07,12.249999656144393
19.45762711864407,3.6779661016949152,4.482090629758919e-08,1.964889177610942e-08,2.209235544190722e-07,12.249999656144393
19.728813559322035,3.6779661016949152,4.482090629758919e-08,1.964889177610942e-08,2.209235544190722e-07,12.249999656144393
20.0,3.6779661016949152,4.482090629758919e-08,1.964889177610942e-08,2.209235544190722e-07,12.249999656144393
4.0,3.7423728813559323,0.8813619084190988,11.067407728936862,15.382679512649636,584.117326234426
4.271186440677966,3.7423728813559323,1.380414185209532,15.4358576615081,15.1761000945838,1231.2831268382222
4.5423728813559325,3.7423728813559323,2.2407217106471387,22.927847444063634,14.824628904788982,2896.551347342982
4.813559322033898,3.7423728813559323,3.745427242102891,36.18245298831435,14.196898230950193,7561.368974276861
5.084745762711864,3.7423728813559323,5.835056402443773,54.05037722257411,13.20615667226274,17325.388885495944
5.3559322033898304,3.7423728813559323,7.021284339025154,63.09540455950847,12.144725033927138,23789.51839850886
5.627118644067797,3.7423728813559323,7.707172420665133,72.94487730442187,10.6056777825254,31991.68417815486
5.898305084745763,3.7423728813559323,7.370742492229887,82.63235440407318,8.419734097640523,41241.84626268091
6.169491525423728,3.7423728813559323,6.710512440902567,66.30601045978159,6.821910745866147,26329.93871128297
6.4406779661016955,3.7423728813559323,6.095431608840266,38.131233982118125,5.8515830205071095,8432.397186556933
6.711864406779661,3.7423728813559323,5.085988438929427,16.056605879915384,4.870581794941184,1342.6005994948137
6.983050847457627,3.7423728813559323,3.8007612233935055,2.786158244218169,3.9058953394978415,12.008966737587485
7.254237288135593,3.7423728813559323,3.4299102439568894,1.9396397285355118,3.3956490867723805,1.820068978836756
7.525423728813559,3.7423728813559323,3.0507210741972726,1.5771866208754606,2.94922037100175,0.19621936635790146
7.796610169491526,3.7423728813559323,2.6173297320742606,1.2472156256207874,2.537709315983095,0.14589415659029611
8.067796610169491,3.7423728813559323,2.097966619249262,0.9910075764963406,2.0886725178753633,1.0454675155212287
8.338983050847457,3.7423728813559323,1.429954313729746,0.8706052987202452,1.488195300504806,1.7516171858942546
8.610169491525424,3.7423728813559323,0.841104173784992,0.7648533362053371,0.9776133851133748,2.5213205283093147
8.881355932203391,3.7423728813559323,0.3694155504706,0.6569196614035151,0.5689137351755043,3.4510524350541654
9.152542372881356,3.7423728813559323,0.19359278412872036,0.5593471538751824,0.36499671898000774,4.416857548110974
9.423728813559322,3.7423728813559323,0.15624341097026873,0.4739921219067893,0.27261714042146046,5.3593161893168135
9.694915254237287,3.7423728813559323,0.1207045122565359,0.39450416549340506,0.19486676056662153,6.318886707563207
9.966101694915254,3.7423728813559323,0.08796355082978745,0.3212333243768514,0.13088176538477556,7.27335962771887
10.237288135593221,3.7423728813559323,0.06838447131842038,0.24311514746744134,0.08588786636238124,8.364891012620497
10.508474576271187,3.7423728813559323,0.051633183554998255,0.17362827240362894,0.051225573024356826,9.399922589048172
10.779661016949152,3.7423728813559323,0.036567930867560695,0.11508813299530828,0.025561847836063276,10.318740662309265
11.050847457627118,3.7423728813559323,0.02460958524233152,0.07178869499345582,0.010735686597955655,11.025907942169917
11.322033898305085,3.7423728813559323,0.018416722699773867,0.051576714215565644,0.008315335235361005,11.364033485285562
11.593220338983052,3.7423728813559323,0.012918407580415707,0.03451096353469706,0.006210354584971498,11.653501929418384
11.864406779661017,3.7423728813559323,0.008233098608070085,0.020708049522761486,0.004411446301377084,11.890289279070656
12.135593220338983,3.7423728813559323,0.0049243977529268195,0.011712433725347927,0.0029430052927585564,12.045889791704973
12.40677966101695,3.7423728813559323,0.002752414989973148,0.0062915541477002205,0.0017979706331778754,12.140145200250203
12.677966101694915,3.7423728813559323,0.0011944633034668521,0.002562344733133763,0.0009387844901768727,12.205200002235978
12.94915254237288,3.7423728813559323,0.0002718992535657657,0.0004886478758973213,0.00035895552052034893,12.241450154526458
13.220338983050848,3.7423728813559323,0.0001302924098250089,0.00020977108714260193,0.0002148424705173735,12.246329280999431
13.491525423728813,3.7423728813559323,8.730043635904792e-05,0.0001363092706619519,0.0001459734158290146,12.247614703889772
13.76271186440678,3.7423728813559323,5.264746991164521e-05,7.890716270199902e-05,9.058900603522501e-05,12.248619163567339
14.033898305084746,3.7423728813559323,2.8117580518017312e-05,4.010497834608213e-05,5.026854191323788e-05,12.249298172931498
14.305084745762711,3.7423728813559323,1.9209970218024148e-05,2.8977644625401578e-05,3.0891914626453465e-05,12.249492896467203
14.576271186440678,3.7423728813559323,1.1953850712507296e-05,1.9697191421015697e-05,1.6241990309304388e-05,12.249655301575
14.847457627118644,3.7423728813559323,6.385331559514662e-06,1.2231422880695776e-05,6.2776769409382625e-06,12.249785951034632
15.11864406779661,3.7423728813559323,3.405978544208535e-06,7.442665522292791e-06,2.3387849095355537e-06,12.249869753699565
15.389830508474576,3.7423728813559323,2.2135938102303172e-06,4.738625744963845e-06,1.5789887448815075e-06,12.249917074189801
15.661016949152541,3.7423728813559323,1.2734503460701312e-06,2.6488529475630303e-06,9.695251989741916e-07,12.249953645117266
15.932203389830509,3.7423728813559323,5.903676986273857e-07,1.1662269166754287e-06,5.071308336752351e-07,12.249979591037457
16.203389830508474,3.7423728813559323,3.393618481368006e-07,6.519186137982748e-07,3.0272425412248835e-07,12.249988591426915
16.474576271186443,3.7423728813559323,2.0686943257765247e-07,3.909139970622493e-07,2.2092355440102735e-07,12.249993159006001
16.74576271186441,3.7423728813559323,1.0675914640956605e-07,1.9835135192095105e-07,2.209235544103866e-07,12.249996528851582
17.016949152542374,3.7423728813559323,4.4820906297059747e-08,7.334156190163084e-08,2.2092355441646257e-07,12.249998716522695
17.28813559322034,3.7423728813559323,4.4820906297367564e-08,4.212471262940816e-08,2.2092355441797981e-07,12.249999262817537
17.559322033898304,3.7423728813559323,4.482090629758919e-08,1.964889177610942e-08,2.209235544190722e-07,12.249999656144393
17.83050847457627,3.7423728813559323,4.482090629758919e-08,1.964889177610942e-08,2.209235544190722e-07,12.249999656144393
18.101694915254235,3.7423728813559323,4.482090629758919e-08,1.964889177610942e-08,2.209235544190722e-07,12.249999656144393
18.372881355932204,3.7423728813559323,4.482090629758919e-08,1.964889177610942e-08,2.209235544190722e-07,12.249999656144393
18.64406779661017,3.7423728813559323,4.482090629758919e-08,1.964889177610942e-08,2.209235544190722e-07,12.249999656144393
18.915254237288135,3.7423728813559323,4.482090629758919e-08,1.964889177610942e-08,2.209235544190722e-07,12.249999656144393
19.186440677966104,3.7423728813559323,4.482090629758919e-08,1.964889177610942e-08,2.209235544190722e-07,12.249999656144393
19.45762711864407,3.7423728813559323,4.482090629758919e-08,1.964889177610942e-08,2.209235544190722e-07,12.249999656144393
19.728813559322035,3.7423728813559323,4.482090629758919e-08,1.964889177610942e-08,2.209235544190722e-07,12.249999656144393
20.0,3.7423728813559323,4.482090629758919e-08,1.964889177610942e-08,2.209235544190722e-07,12.249999656144393
4.0,3.8067796610169493,0.8865229680555293,11.105109202102264,15.381586839378567,588.6821539045628
4.271186440677966,3.8067796610169493,1.3849868790968014,15.462756340666083,15.175245255320212,1236.0069743559004
4.5423728813559325,3.8067796610169493,2.244417074409952,22.945697805427674,14.824000313078622,2901.3568370175676
4.813559322033898,3.8067796610169493,3.747918761163051,36.19252784437845,14.196501757322665,7565.749961261562
5.084745762711864,3.8067796610169493,5.836321459980885,54.0546275333678,13.205958226338963,17328.18625423559
5.3559322033898304,3.8067796610169493,7.022045667675618,63.097508283910194,12.144591458891703,23791.14080276979
5.627118644067797,3.8067796610169493,7.707542724398842,72.94573155357345,10.605599842538592,31992.448147099967
5.898305084745763,3.8067796610169493,7.37086355747116,82.63257203219418,8.41970129596318,41242.06724353508
6.169491525423728,3.8067796610169493,6.71055398671705,66.30604504421717,6.821897545969622,26329.96677051217
6.4406779661016955,3.8067796610169493,6.095449967607688,38.13123659740899,5.851576513173592,8432.398387342735
6.711864406779661,3.8067796610169493,5.0859950229351565,16.056604995897672,4.870579062844809,1342.6004375360787
6.983050847457627,3.8067796610169493,3.80076277006107,2.7861581179466577,3.905894538879193,12.008964549683878
7.254237288135593,3.8067796610169493,3.4299109379448,1.939639665275267,3.395648709019309,1.8200685521150144
7.525423728813559,3.8067796610169493,3.0507213769102375,1.5771865882418648,2.949220197125481,0.19621929407995098
7.796610169491526,3.8067796610169493,2.617329842188471,1.2472156122612268,2.5377092478386056,0.14589418210444854
8.067796610169491,3.8067796610169493,2.097966650396428,0.991007572033285,2.088672496527002,1.0454675383381775
8.338983050847457,3.8067796610169493,1.4229863510241008,0.8628234167538456,1.4891970435321191,1.8034917599250784
8.610169491525424,3.8067796610169493,0.8316615748562228,0.7499584748451174,0.9787038839022827,2.6409624026605365
8.881355932203391,3.8067796610169493,0.36519242799093965,0.6445513309496373,0.5692356202870409,3.5668918223122765
9.152542372881356,3.8067796610169493,0.19134987315422047,0.5491543486176559,0.364996215393833,4.524614515476532
9.423728813559322,3.8067796610169493,0.1544185687959404,0.46563161328658526,0.27246403578721823,5.456526763058932
9.694915254237287,3.8067796610169493,0.11929018523282682,0.38777035348068717,0.19465132915742142,6.40380535807883
9.966101694915254,3.8067796610169493,0.08693391323860837,0.315929158631817,0.1306686923039851,7.3450599319045
10.237288135593221,3.8067796610169493,0.0675879344500452,0.23923405544181417,0.08570546467061375,8.421109862787855
10.508474576271187,3.8067796610169493,0.05103680535774208,0.17095019513712714,0.05109291815210561,9.441021392709159
10.779661016949152,3.8067796610169493,0.036150456181169716,0.11337434600644943,0.025484579185902995,10.346284834464571
11.050847457627118,3.8067796610169493,0.024332746405139525,0.07075759979316211,0.010698967552925674,11.043033490672716
11.322033898305085,3.8067796610169493,0.018213199216139658,0.050862993112162275,0.00828390699166736,11.376066645964208
11.593220338983052,3.8067796610169493,0.01277853615720974,0.03405133327123495,0.00618488044726902,11.661348500863067
11.864406779661017,3.8067796610169493,0.008145985012600776,0.02044291436943013,0.004392095344531864,11.894860953209445
12.135593220338983,3.8067796610169493,0.004872901589337711,0.011565642415093913,0.002929698459901721,12.048437283263818
12.40677966101695,3.8067796610169493,0.002723600124940977,0.006212882186777066,0.001789811532073966,12.141515811138067
12.677966101694915,3.8067796610169493,0.0011819450078592421,0.0025303829704712492,0.0009345082412889408,12.205758315754107
12.94915254237288,3.8067796610169493,0.0002690474164085831,0.00048256652706294513,0.00035731446449458897,12.24155654121673
13.220338983050848,3.8067796610169493,0.00012892536737874153,0.00020716623995385721,0.00021385511835148198,12.246374859037372
13.491525423728813,3.8067796610169493,8.638367924587626e-05,0.0001346211012490976,0.0001453002140078984,12.247644243995893
13.76271186440678,3.8067796610169493,5.209514964150481e-05,7.793114870372115e-05,9.016886804943349e-05,12.248636242855579
14.033898305084746,3.8067796610169493,2.782361369621183e-05,3.960880843761705e-05,5.0032616123977905e-05,12.2493068556577
14.305084745762711,3.8067796610169493,1.9008385725457402e-05,2.862031273547412e-05,3.0748791906462197e-05,12.249499149646638
14.576271186440678,3.8067796610169493,1.1828757567522625e-05,1.945420270894116e-05,1.616622485981653e-05,12.249659553818
14.847457627118644,3.8067796610169493,6.318285495522682e-06,1.208276145702174e-05,6.246587413851909e-06,12.249788552586956
15.11864406779661,3.8067796610169493,3.3711730307052403e-06,7.350577826301659e-06,2.326611038027615e-06,12.249871365225731
15.389830508474576,3.8067796610169493,2.1900089870259407e-06,4.681868665013691e-06,1.5713781800017124e-06,12.249918067435358
15.661016949152541,3.8067796610169493,1.2604249706541966e-06,2.617587719392674e-06,9.635418349578917e-07,12.249954192257732
15.932203389830509,3.8067796610169493,5.835464771000113e-07,1.1531664270633215e-06,5.050482998088132e-07,12.249979819595834
16.203389830508474,3.8067796610169493,3.3498418387880863e-07,6.453239322218251e-07,3.0183277661627286e-07,12.249988706833784
16.474576271186443,3.8067796610169493,2.0512038802945857e-07,3.86425557714595e-07,2.2092355440124549e-07,12.24999323755367
16.74576271186441,3.8067796610169493,1.0549974441117112e-07,1.954389955565769e-07,2.2092355441052815e-07,12.249996579817811
17.016949152542374,3.8067796610169493,4.482090629706885e-08,7.241771115493287e-08,2.2092355441650746e-07,12.249998732690084
17.28813559322034,3.8067796610169493,4.4820906297369185e-08,4.196023154804105e-08,2.209235544179878e-07,12.249999265695955
17.559322033898304,3.8067796610169493,4.4820906297582214e-08,2.0355917843641633e-08,2.2092355441903784e-07,12.249999643771437
17.83050847457627,3.8067796610169493,4.482090629758919e-08,1.964889177610942e-08,2.209235544190722e-07,12.249999656144393
18.101694915254235,3.8067796610169493,4.482090629758919e-08,1.964889177610942e-08,2.209235544190722e-07,12.249999656144393
18.372881355932204,3.8067796610169493,4.482090629758919e-08,1.964889177610942e-08,2.209235544190722e-07,12.249999656144393
18.64406779661017,3.8067796610169493,4.482090629758919e-08,1.964889177610942e-08,2.209235544190722e-07,12.249999656144393
18.915254237288135,3.8067796610169493,4.482090629758919e-08,1.964889177610942e-08,2.209235544190722e-07,12.249999656144393
19.186440677966104,3.8067796610169493,4.482090629758919e-08,1.964889177610942e-08,2.209235544190722e-07,12.249999656144393
19.45762711864407,3.8067796610169493,4.482090629758919e-08,1.964889177610942e-08,2.209235544190722e-07,12.249999656144393
19.728813559322035,3.8067796610169493,4.482090629758919e-08,1.964889177610942e-08,2.209235544190722e-07,12.249999656144393
20.0,3.8067796610169493,4.482090629758919e-08,1.964889177610942e-08,2.209235544190722e-07,12.249999656144393
4.0,3.8711864406779664,0.8917033115172748,11.142806205053255,15.380493374058096,593.2642046826511
4.271186440677966,3.8711864406779664,1.3895698513043004,15.489651455557395,15.17439002692434,1240.7392383693161
4.5423728813559325,3.8711864406779664,2.248116658060853,22.96354542549751,14.823371586281455,2906.1655707343416
4.813559322033898,3.8711864406779664,3.7504114151909302,36.20260148121447,14.196105256153203,7570.131686626448
5.084745762711864,3.8711864406779664,5.837586697486272,54.0588775466405,13.205759778033984,17330.98365295049
5.3559322033898304,3.8711864406779664,7.022807046869292,63.099611891463894,12.144457883924053,23792.763172232953
5.627118644067797,3.8711864406779664,7.7079130378479785,72.94658576831463,10.605521902941566,31993.212094392507
5.898305084745763,3.8711864406779664,7.370984623605905,82.63278965462065,8.419668494431102,41242.288219199014
6.169491525423728,3.8711864406779664,6.710595532624671,66.30607962795557,6.821884346106243,26329.994829190673
6.4406779661016955,3.8711864406779664,6.095468326393334,38.131239212601386,5.851570005849406,8432.39958808341
6.711864406779661,3.8711864406779664,5.086001606937499,16.056604111871362,4.870576330753489,1342.600275575778
6.983050847457627,3.8711864406779664,3.800764316723433,2.786157991673723,3.905893738265089,12.008962361755806
7.254237288135593,3.8711864406779664,3.429911631911867,1.9396396020197746,3.3956483312754697,1.82006812542538
7.525423728813559,3.8711864406779664,3.05072167965126,1.5771865556107387,2.9492200232241728,0.196219221807484
7.796610169491526,3.8711864406779664,2.617329952241762,1.2472155989090017,2.5377091797412707,0.14589420760459387
8.067796610169491,3.8711864406779664,2.097966681560103,0.9910075675600912,2.088672475196724,1.0454675612069575
8.338983050847457,3.8711864406779664,1.4229863621671204,0.8628234142722394,1.4891970347571784,1.8034917765883371
8.610169491525424,3.8711864406779664,0.8232077731554767,0.7365047589840163,0.9800197289010216,2.751412092817863
8.881355932203391,3.8711864406779664,0.3610722008802401,0.6323826375673118,0.5697609252921935,3.6827275944257294
9.152542372881356,3.8711864406779664,0.1891590364029581,0.5391231509015111,0.3651209965692919,4.631930933210889
9.423728813559322,3.8711864406779664,0.1526339025329496,0.4574002616595156,0.27239997104050745,5.553089166997184
9.694915254237287,3.8711864406779664,0.11790544804028681,0.3811377621717043,0.1944963134675814,6.488001622953014
9.966101694915254,3.8711864406779664,0.08592477583595766,0.31070246014769637,0.13049404925603453,7.4160570645517545
10.237288135593221,3.8711864406779664,0.0668064963107018,0.2354079244949894,0.08554688424881361,8.476716889556675
10.508474576271187,3.8711864406779664,0.050451196892909604,0.16830883284657627,0.05097365447570331,9.481644570273517
10.779661016949152,3.8711864406779664,0.035740166029506804,0.11168326765244802,0.025413595822162266,10.37350001779171
11.050847457627118,3.8711864406779664,0.02406044704462847,0.06973968516643278,0.010664724948606551,11.059953157631883
11.322033898305085,3.8711864406779664,0.01801285084055647,0.05015805970688806,0.008254274490251493,11.387957898589205
11.593220338983052,3.8711864406779664,0.012640740607961012,0.03359714557564764,0.006160660176744375,11.669104753618859
11.864406779661017,3.8711864406779664,0.00806010442918235,0.020180787606060437,0.00437357385541611,11.899381618071445
12.135593220338983,3.8711864406779664,0.0048221163684880235,0.011420479637456316,0.0029169227137187236,12.050956777314195
12.40677966101695,3.8711864406779664,0.002695175126346094,0.006135093242255851,0.0017819790243488486,12.142871114317337
12.677966101694915,3.8711864406779664,0.0011695982625268965,0.0024987720169559204,0.000930401325693729,12.20631051383822
12.94915254237288,3.8711864406779664,0.0002662342388234057,0.00047655257714634606,0.00035573763137931934,12.241661749289676
13.220338983050848,3.8711864406779664,0.0001275766348415151,0.00020459003270913783,0.0002129077224980536,12.246419936034345
13.491525423728813,3.8711864406779664,8.547976337261826e-05,0.00013295034421502406,0.00014465362955696105,12.247673479449947
13.76271186440678,3.8711864406779664,5.1550194186834004e-05,7.696593080510032e-05,8.9764768173523e-05,12.248653133234376
14.033898305084746,3.8711864406779664,2.7531589030962126e-05,3.912047585084499e-05,4.980858865054984e-05,12.24931540123768
14.305084745762711,3.8711864406779664,1.8809420850817485e-05,2.826687197003073e-05,3.061093606821818e-05,12.249505334734371
14.576271186440678,3.8711864406779664,1.1704509257699365e-05,1.9215824584243143e-05,1.6092558351960937e-05,12.249663725377573
14.847457627118644,3.8711864406779664,6.252590543696617e-06,1.1932995911299734e-05,6.2187086181934056e-06,12.249791173461524
15.11864406779661,3.8711864406779664,3.335342417705127e-06,7.260993535486627e-06,2.316643021370777e-06,12.249872932942639
15.389830508474576,3.8711864406779664,2.1675863386719534e-06,4.622999675746676e-06,1.5644531990022183e-06,12.249919097639248
15.661016949152541,3.8711864406779664,1.246840382953201e-06,2.5853456642161633e-06,9.601022329988653e-07,12.24995475649265
15.932203389830509,3.8711864406779664,5.77919327872874e-07,1.138498539929907e-06,5.022707654043321e-07,12.24998007628365
16.203389830508474,3.8711864406779664,3.324694215583282e-07,6.349683536919059e-07,3.0069617017630204e-07,12.249988888056329
16.474576271186443,3.8711864406779664,2.0279365019193794e-07,3.810270883756172e-07,2.209235544015079e-07,12.24999333202686
16.74576271186441,3.8711864406779664,1.0447921451766576e-07,1.9297485562837607e-07,2.2092355441064795e-07,12.249996622940255
17.016949152542374,3.8711864406779664,4.4820906297077845e-08,7.150585565201232e-08,2.2092355441655177e-07,12.249998748647554
17.28813559322034,3.8711864406779664,4.482090629736507e-08,4.237752366536472e-08,2.209235544179675e-07,12.249999258393343
17.559322033898304,3.8711864406779664,4.4820906297584636e-08,2.0111161890249662e-08,2.2092355441904975e-07,12.249999648054668
17.83050847457627,3.8711864406779664,4.482090629758919e-08,1.964889177610942e-08,2.209235544190722e-07,12.249999656144393
18.101694915254235,3.8711864406779664,4.482090629758919e-08,1.964889177610942e-08,2.209235544190722e-07,12.249999656144393
18.372881355932204,3.8711864406779664,4.482090629758919e-08,1.964889177610942e-08,2.209235544190722e-07,12.249999656144393
18.64406779661017,3.8711864406779664,4.482090629758919e-08,1.964889177610942e-08,2.209235544190722e-07,12.249999656144393
18.915254237288135,3.8711864406779664,4.482090629758919e-08,1.964889177610942e-08,2.209235544190722e-07,12.249999656144393
19.186440677966104,3.8711864406779664,4.482090629758919e-08,1.964889177610942e-08,2.209235544190722e-07,12.249999656144393
19.45762711864407,3.8711864406779664,4.482090629758919e-08,1.964889177610942e-08,2.209235544190722e-07,12.249999656144393
19.728813559322035,3.8711864406779664,4.482090629758919e-08,1.964889177610942e-08,2.209235544190722e-07,12.249999656144393
20.0,3.8711864406779664,4.482090629758919e-08,1.964889177610942e-08,2.209235544190722e-07,12.249999656144393
4.0,3.935593220338983,0.8969029367022691,11.180498048674137,15.379399133744888,597.8633880007411
4.271186440677966,3.935593220338983,1.3941631051072203,15.516542863185222,15.173534412841729,1245.4798900509102
4.5423728813559325,3.935593220338983,2.2518204624258162,22.981390281831747,14.822742724949427,2910.977540604636
4.813559322033898,3.935593220338983,3.752905204236123,36.212673896781496,14.195708727497058,7574.514149022823
5.084745762711864,3.935593220338983,5.838852114956913,54.063127262300775,13.205561327350978,17333.78108153304
5.3559322033898304,3.935593220338983,7.023568476604186,63.10171538215992,12.14432430902481,23794.38550688168
5.627118644067797,3.935593220338983,7.708283361013596,72.94743994864265,10.60544396373428,31993.976020028913
5.898305084745763,3.935593220338983,7.371105690631304,82.63300727136458,8.419635693044539,41242.5091896848
6.169491525423728,3.935593220338983,6.710637078619205,66.30611421097687,6.821871146278713,26330.02288730233
6.4406779661016955,3.935593220338983,6.095486685188386,38.131241827698936,5.851563498537579,8432.400788780626
6.711864406779661,3.935593220338983,5.086008190942862,16.056603227839613,4.870573598663616,1342.6001136144905
6.983050847457627,3.935593220338983,3.8007658633839374,2.7861578654029193,3.905892937650628,12.00896017386486
7.254237288135593,3.935593220338983,3.4299123259105073,1.939639538760266,3.3956479535144544,1.8200676987087048
7.525423728813559,3.935593220338983,3.0507219823573024,1.577186522978936,2.9492198493517865,0.19621914953353134
7.796610169491526,3.935593220338983,2.61733006233483,1.2472155855551594,2.5377091116053494,0.14589423310782987
8.067796610169491,3.935593220338983,2.097966712782426,0.991007563074834,2.088672453821204,1.0454675841374115
8.338983050847457,3.935593220338983,1.4229863732369783,0.8628234118201714,1.4891970260320269,1.8034917930532566
8.610169491525424,3.935593220338983,0.823207776204561,0.7365047578166979,0.9800197259773339,2.7514121024992413
8.881355932203391,3.935593220338983,0.357053598784267,0.6204114481044828,0.5704899015041309,3.798489439040933
9.152542372881356,3.935593220338983,0.18701962358191856,0.5292517928215437,0.36537112261961396,4.738765251903097
9.423728813559322,3.935593220338983,0.15088891258648368,0.4492966671997493,0.2724249171125025,5.648980168734399
9.694915254237287,3.935593220338983,0.1165499359761361,0.37460530884434856,0.1944016443592609,6.57146420406371
9.966101694915254,3.935593220338983,0.08493588954253853,0.3055524128414576,0.1303577613154314,7.4863470064822195
10.237288135593221,3.935593220338983,0.06603997751856733,0.23163618608326542,0.08541205967488542,8.53171251043786
10.508474576271187,3.935593220338983,0.04987623233105966,0.16570381678885693,0.050867736115174575,9.52179417430997
10.779661016949152,3.935593220338983,0.0353369776443374,0.11001468061412142,0.02534887159251492,10.400388276444295
11.050847457627118,3.935593220338983,0.0237926349394609,0.06873483142492115,0.010632947909339555,11.076668431632704
11.322033898305085,3.935593220338983,0.01781564585674042,0.0494618280780625,0.00822642745315883,11.399708461364053
11.593220338983052,3.935593220338983,0.012505003620348357,0.033148347476245676,0.00613768336012568,11.676771500043234
11.864406779661017,3.935593220338983,0.007975441814202214,0.019921654396452236,0.004355875643864477,11.903851500023908
12.135593220338983,3.935593220338983,0.004772029760427892,0.011276941727834314,0.0029046773116045053,12.05344832860498
12.40677966101695,3.935593220338983,0.0026671434394544744,0.006058168115322964,0.0017744654018673513,12.144211441737555
12.677966101694915,3.935593220338983,0.0011574174793423256,0.002467519692361486,0.0009264624363768172,12.206856459467621
12.94915254237288,3.935593220338983,0.0002634602583956586,0.00047060435874353136,0.0003542237574198,12.241765807899876
13.220338983050848,3.935593220338983,0.00012624629514568282,0.00020204263278221415,0.00021199678298705653,12.246464509058967
13.491525423728813,3.935593220338983,8.458754019827842e-05,0.0001312993300173818,0.00014403211287065902,12.247702369471657
13.76271186440678,3.935593220338983,5.1011164532069416e-05,7.601366283646548e-05,8.937705118079697e-05,12.248669797013342
14.033898305084746,3.935593220338983,2.724437536214897e-05,3.863638617461478e-05,4.95918929670493e-05,12.249323872571754
14.305084745762711,3.935593220338983,1.86127163028342e-05,2.7919371097414603e-05,3.0475394467102648e-05,12.249511415877611
14.576271186440678,3.935593220338983,1.1581685214362663e-05,1.8979643037272914e-05,1.602365715675426e-05,12.249667858498265
14.847457627118644,3.935593220338983,6.187999681848472e-06,1.1785426059580355e-05,6.190450912186912e-06,12.249793755912059
15.11864406779661,3.935593220338983,3.3003295857714743e-06,7.173056813083425e-06,2.3060225310717887e-06,12.249874471827345
15.389830508474576,3.935593220338983,2.1446947807752834e-06,4.567403411857458e-06,1.5573540480471398e-06,12.24992007057067
15.661016949152541,3.935593220338983,1.2348742739020746e-06,2.552306571825754e-06,9.549736477620192e-07,12.249955334675706
15.932203389830509,3.935593220338983,5.712997967188882e-07,1.1256682252638037e-06,5.003495865918413e-07,12.249980300813974
16.203389830508474,3.935593220338983,3.2822494543831785e-07,6.285039670912766e-07,2.998618477708628e-07,12.249989001183042
16.474576271186443,3.935593220338983,2.0089623700407797e-07,3.763249547670641e-07,2.2092355440173642e-07,12.249993414314176
16.74576271186441,3.935593220338983,1.034684913267677e-07,1.9054222807888266e-07,2.2092355441076616e-07,12.249996665511233
17.016949152542374,3.935593220338983,4.48209062971006e-08,6.919812736965379e-08,2.2092355441666395e-07,12.249998789032798
17.28813559322034,3.935593220338983,4.482090629738268e-08,4.0592041874650927e-08,2.209235544180543e-07,12.249999289639273
17.559322033898304,3.935593220338983,4.48209062975873e-08,1.983990724610739e-08,2.209235544190629e-07,12.249999652801622
17.83050847457627,3.935593220338983,4.482090629758919e-08,1.964889177610942e-08,2.209235544190722e-07,12.249999656144393
18.101694915254235,3.935593220338983,4.482090629758919e-08,1.964889177610942e-08,2.209235544190722e-07,12.249999656144393
18.372881355932204,3.935593220338983,4.482090629758919e-08,1.964889177610942e-08,2.209235544190722e-07,12.249999656144393
18.64406779661017,3.935593220338983,4.482090629758919e-08,1.964889177610942e-08,2.209235544190722e-07,12.249999656144393
18.915254237288135,3.935593220338983,4.482090629758919e-08,1.964889177610942e-08,2.209235544190722e-07,12.249999656144393
19.186440677966104,3.935593220338983,4.482090629758919e-08,1.964889177610942e-08,2.209235544190722e-07,12.249999656144393
19.45762711864407,3.935593220338983,4.482090629758919e-08,1.964889177610942e-08,2.209235544190722e-07,12.249999656144393
19.728813559322035,3.935593220338983,4.482090629758919e-08,1.964889177610942e-08,2.209235544190722e-07,12.249999656144393
20.0,3.935593220338983,4.482090629758919e-08,1.964889177610942e-08,2.209235544190722e-07,12.249999656144393
4.0,4.0,0.902121841119321,11.218184045333777,15.378304135463793,602.4796121752919
4.271186440677966,4.0,1.3987666437154087,15.543430420711658,15.172678416516668,1250.2289004094498
4.5423728813559325,4.0,2.255528488323728,22.999232352005464,14.822113729634461,2915.7927387244968
4.813559322033898,4.0,3.7554001283477514,36.2227450890396,14.195312171409485,7578.897347101446
5.084745762711864,4.0,5.840117712390389,54.06737668025711,13.205362874293064,17336.578539875565
5.3559322033898304,4.0,7.024329956878786,63.103818755988016,12.144190734194543,23796.007806698864
5.627118644067797,4.0,7.7086536938946315,72.94829409456058,10.605366024916808,31994.73992401082
5.898305084745763,4.0,7.37122675854884,82.63322488241107,8.41960289180362,41242.7301549773
6.169491525423728,4.0,6.710678624701563,66.30614879329201,6.821857946486406,26330.050944856008
6.4406779661016955,4.0,6.095505043996629,38.13124444270065,5.851556991236888,8432.40198943392
6.711864406779661,4.0,5.086014774950685,16.056602343797284,4.870570866576211,1342.599951651275
6.983050847457627,4.0,3.8007674100366255,2.7861577391349233,3.905892137038222,12.008957986022763
7.254237288135593,4.0,3.4299130198926338,1.9396394755074897,3.395647575755208,1.8200672720374915
7.525423728813559,4.0,3.050722285098532,1.577186490341047,2.949219675459164,0.1962190772461125
7.796610169491526,4.0,2.6173301724449463,1.2472155721902312,2.5377090434796328,0.14589425863224026
8.067796610169491,4.0,2.0979667439858507,0.9910075585859986,2.0886724324839725,1.0454676070861575
8.338983050847457,4.0,1.4229863843296158,0.8628234093612066,1.4891970172901425,1.8034918095644854
8.610169491525424,4.0,0.8232077793230779,0.7365047566135041,0.9800197229819375,2.7514121124781576
8.881355932203391,4.0,0.3551981813494782,0.6148483296247231,0.5709033100266422,3.852894659331795
9.152542372881356,4.0,0.18493099396176238,0.5195385116817238,0.36574671390578617,4.84507770257271
9.423728813559322,4.0,0.1491831070631707,0.441319434422084,0.27253888555322076,5.744177667604954
9.694915254237287,4.0,0.11522328994028613,0.3681719138167447,0.19436727924003397,6.654182496478744
9.966101694915254,4.0,0.083967008429708,0.3004782052102007,0.13025976972663295,7.555926107611133
10.237288135593221,4.0,0.06528819917042195,0.2279182791681275,0.08530093686298457,8.586097251926269
10.508474576271187,4.0,0.049311787344110736,0.16313478015508956,0.05077512225571159,9.56147232538749
10.779661016949152,4.0,0.034940809781338206,0.10836836366808876,0.02529038363594892,10.426951774834063
11.050847457627118,4.0,0.023529261614565564,0.06774291275060243,0.010603624718570594,11.093180915789054
11.322033898305085,4.0,0.01762154919949825,0.048774221022870025,0.008200358292236845,11.411319411077194
11.593220338983052,4.0,0.012371300504376815,0.0327048973787234,0.006115945532898406,11.684349360325793
11.864406779661017,4.0,0.007891986464750613,0.01966548422550229,0.0043389965469709186,11.908271096490106
12.135593220338983,4.0,0.004722638649588323,0.011135011457418605,0.0028929558436427564,12.055912227496151
12.40677966101695,4.0,0.0026394956664535707,0.005982105780932963,0.0017672750554017021,12.145536808768508
12.677966101694915,4.0,0.0011454067069440678,0.0024366096542101116,0.0009226896486739956,12.207396437717614
12.94915254237288,4.0,0.00026072326262545104,0.0004647235965302791,0.00035277421046237136,12.24186868686085
13.220338983050848,4.0,0.0001249331970594235,0.00019952421324927286,0.00021112611696454646,12.246508575080084
13.491525423728813,4.0,8.370740900303545e-05,0.00012966663974706656,0.00014343620289882978,12.247730938888408
13.76271186440678,4.0,5.048074768896002e-05,7.506966555810076e-05,8.900468207198685e-05,12.248686316074325
14.033898305084746,4.0,2.6960157557879408e-05,3.8158750791939805e-05,4.938535155345224e-05,12.2493322309617
14.305084745762711,4.0,1.8419085921384175e-05,2.7573787962535422e-05,3.0348321906083263e-05,12.249517463462615
14.576271186440678,4.0,1.1461793657543374e-05,1.8745110528876403e-05,1.5954442502335362e-05,12.249671962761862
14.847457627118644,4.0,6.1222644647098615e-06,1.164271825140917e-05,6.165022302763624e-06,12.2497962532778
15.11864406779661,4.0,3.2665785082192555e-06,7.083470575952405e-06,2.2961817028669908e-06,12.249876039578519
15.389830508474576,4.0,2.123095529051331e-06,4.5104368912488855e-06,1.549862133242674e-06,12.249921067481548
15.661016949152541,4.0,1.220932117125012e-06,2.5231624507391466e-06,9.513749953026397e-07,12.249955844696899
15.932203389830509,4.0,5.647937670451771e-07,1.1129305634152844e-06,4.9850125641405e-07,12.249980523722876
16.203389830508474,4.0,3.2507116175156785e-07,6.205208316162441e-07,2.98301368508626e-07,12.249989140887852
16.474576271186443,4.0,1.9823046146025423e-07,3.7342323132647835e-07,2.2092355440187748e-07,12.249993465094322
16.74576271186441,4.0,1.0246767625013636e-07,1.8814059151691386e-07,2.2092355441088292e-07,12.249996707539868
17.016949152542374,4.0,4.4820906297098915e-08,6.936952939663493e-08,2.209235544166556e-07,12.249998786033261
17.28813559322034,4.0,4.482090629738442e-08,4.0415169283521005e-08,2.209235544180629e-07,12.249999292734547
17.559322033898304,4.0,4.482090629758919e-08,1.964889177610942e-08,2.209235544190722e-07,12.249999656144393
17.83050847457627,4.0,4.482090629758919e-08,1.964889177610942e-08,2.209235544190722e-07,12.249999656144393
18.101694915254235,4.0,4.482090629758919e-08,1.964889177610942e-08,2.209235544190722e-07,12.249999656144393
18.372881355932204,4.0,4.482090629758919e-08,1.964889177610942e-08,2.209235544190722e-07,12.249999656144393
18.64406779661017,4.0,4.482090629758919e-08,1.964889177610942e-08,2.209235544190722e-07,12.249999656144393
18.915254237288135,4.0,4.482090629758919e-08,1.964889177610942e-08,2.209235544190722e-07,12.249999656144393
19.186440677966104,4.0,4.482090629758919e-08,1.964889177610942e-08,2.209235544190722e-07,12.249999656144393
19.45762711864407,4.0,4.482090629758919e-08,1.964889177610942e-08,2.209235544190722e-07,12.249999656144393
19.728813559322035,4.0,4.482090629758919e-08,1.964889177610942e-08,2.209235544190722e-07,12.249999656144393
20.0,4.0,4.482090629758919e-08,1.964889177610942e-08,2.209235544190722e-07,12.249999656144393
