D,eta,mu_ee,mu_mumu,mu_tautau,chi2_mumu
4.0,0.2,0.39996674436970703,1.844464217740718,15.848504757090874,1.2346777553241777
4.161616161616162,0.2,0.6227774725727037,2.5749479409238885,15.839722642971903,8.628141649258035
4.3232323232323235,0.2,0.9445652275080726,3.619415123862085,15.827243668089393,30.786271825173465
4.484848484848484,0.2,1.402283675868368,5.1301803235611265,15.809247271721816,86.9640327892662
4.646464646464646,0.2,2.0491969490442274,7.353192733685786,15.782774710742258,221.50314827755773
4.808080808080808,0.2,2.9873676864295797,10.781920646124737,15.742040443204568,550.1277188136349
4.96969696969697,0.2,4.373169330435218,16.24714936237413,15.677097256373877,1377.736526179041
5.1313131313131315,0.2,5.976391433435082,21.65916686082003,15.597565614927875,2565.2115118409283
5.292929292929293,0.2,7.794132196848166,27.91534384659764,15.491075069330718,4394.146620645646
5.454545454545455,0.2,9.845861010660231,36.03086150633417,15.338700868352017,7495.6035541931105
5.616161616161616,0.2,12.099591220879915,46.978924058401205,15.112700878310307,12983.9894895094
5.777777777777778,0.2,14.37164528739282,61.88954218834829,14.77075623991556,22868.654463474795
5.9393939393939394,0.2,16.459162206058785,83.1952569040696,14.229132264919391,41815.400325017144
6.101010101010101,0.2,18.440465733572463,82.7718984071098,13.810776678107128,41383.66156485623
6.262626262626263,0.2,20.379923424156953,65.4102998506553,13.556082165071384,25608.240543567506
6.424242424242424,0.2,22.016412930091988,48.59010744465129,13.240570299241941,13918.164003985832
6.5858585858585865,0.2,23.099185551114314,32.7252188063636,12.860641619262589,6132.933332915973
6.747474747474747,0.2,23.52311419043489,18.81881752141426,12.394374019622736,1896.3450240270527
6.909090909090909,0.2,23.058434353735198,7.8568285050920394,11.831449766808426,260.5664646510568
7.070707070707071,0.2,22.689115771738976,3.422892409817185,11.329543209832549,25.575585635599868
7.232323232323233,0.2,23.383029958002474,3.27478705874062,10.98956888854555,21.96766572263315
7.3939393939393945,0.2,23.803043044262505,3.108659428953711,10.631585652179217,18.246981525952638
7.555555555555555,0.2,23.888078704253743,2.920440928275581,10.262041400414944,14.44837885234694
7.717171717171718,0.2,23.68781701040729,2.7216977571971954,9.866452910773413,10.918031008625604
7.878787878787879,0.2,23.119575775296603,2.5043462780352157,9.458660354390267,7.6223793863139635
8.040404040404042,0.2,21.42633593128775,2.3182878555559916,8.934814750438239,5.270328660385137
8.202020202020202,0.2,17.308531867515654,2.2425412042883535,8.083224772476177,4.436723005772931
8.363636363636363,0.2,13.430915977120772,2.155299586667089,7.154057433702243,3.5654841601217226
8.525252525252526,0.2,9.877373518010238,2.0600681832406944,6.1388342685474875,2.723062540791694
8.686868686868687,0.2,6.700476729359934,1.9487469421748569,5.0699014576970844,1.8820200409140986
8.848484848484848,0.2,4.015088449222282,1.8235219437671566,3.9637735568157106,1.1210677303269412
9.01010101010101,0.2,2.0325748814084443,1.6830803523753404,2.9180068560485535,0.5008405368809182
9.171717171717173,0.2,1.8858373831878594,1.5721214565327764,2.55291424796094,0.1851612237435278
9.333333333333334,0.2,1.7255147254743797,1.4599544675243987,2.1994519335389553,0.0224658636008387
9.494949494949495,0.2,1.5534388369335885,1.3459468764309421,1.8647305379179193,0.018260876047323935
9.656565656565657,0.2,1.372445566943555,1.2300817016038883,1.55393074253961,0.18045142581143767
9.818181818181818,0.2,1.186876382031539,1.1149785294613337,1.263202266793824,0.5077327416751486
9.97979797979798,0.2,0.999999981281862,0.9999999872503997,1.0000000609277182,1.0000000637480018
10.141414141414142,0.2,0.8831764464828684,0.8616566163917991,0.7909745936458158,1.8113349917170398
10.303030303030305,0.2,0.7749175616827289,0.7266703058249835,0.6082716259022906,2.8335804816113823
10.464646464646465,0.2,0.6669045252862951,0.5997599313843335,0.4491534042966541,4.00240104636254
10.626262626262626,0.2,0.5610155531940051,0.4827234550964223,0.3124103393338378,5.258726623939031
10.787878787878789,0.2,0.45899183972300783,0.3759889384382039,0.2003095819676868,6.553741588755725
10.94949494949495,0.2,0.3627050683591226,0.2810000405252642,0.11239592093085837,7.826005683152877
11.11111111111111,0.2,0.30103921794980915,0.2241943874588482,0.08127124939396227,8.640742740520457
11.272727272727273,0.2,0.2548042698623964,0.18407420887869136,0.06947521425684705,9.240472059462375
11.434343434343436,0.2,0.2110764447938431,0.14776029602656263,0.058520661047580594,9.80065172629676
11.595959595959597,0.2,0.17027211001580103,0.11513850617677847,0.048648914602937576,10.317931614435249
11.757575757575758,0.2,0.1327884534577598,0.08642273374219377,0.03963005629451943,10.78428271518332
11.91919191919192,0.2,0.09905125628493379,0.061622043696976984,0.031566404828342526,11.195347211986602
12.080808080808081,0.2,0.07013268257254883,0.041776977577762935,0.024759070410863854,11.529811116486224
12.242424242424244,0.2,0.047689610463153655,0.02747117984741007,0.01898023565862332,11.773971013434124
12.404040404040405,0.2,0.030665143502090382,0.017030596117050885,0.013981765179663465,11.953777325477244
12.565656565656566,0.2,0.018149254083779466,0.009646251389505846,0.009775619934922862,12.081772164220329
12.727272727272728,0.2,0.009389671769688544,0.004705640790217816,0.006309240217325207,12.167789680266477
12.88888888888889,0.2,0.0037736692162769125,0.0017054825586109532,0.0036109717123182904,12.220172234416541
13.050505050505052,0.2,0.0013899266308672294,0.0005320019597656417,0.0020630084090337815,12.240691734617132
13.212121212121213,0.2,0.0011556514842629914,0.00043419578877686746,0.0016907704953381783,12.242402751983798
13.373737373737374,0.2,0.0009381941635471649,0.00034516230777370326,0.001359038134372759,12.243960404220324
13.535353535353536,0.2,0.0007386585657081628,0.00026572974636858784,0.0010615896373763682,12.245350170765409
13.696969696969697,0.2,0.0005593382378668585,0.00019569365966204185,0.0008030975773528713,12.246575600305963
13.85858585858586,0.2,0.0004013197399445215,0.00013583700108746343,0.0005795063555082711,12.247622967804034
14.02020202020202,0.2,0.00027572404212334255,9.007260493765466e-05,0.0004009789095822633,12.248423780120302
14.181818181818183,0.2,0.00022575530342125268,7.584939168562488e-05,0.0003059482082786173,12.248672671602561
14.343434343434344,0.2,0.00018001814372826916,6.272373514777793e-05,0.0002230408235980662,12.248902359224077
14.505050505050505,0.2,0.00013877361980769653,5.064869687395531e-05,0.0001536823213926538,12.24911366383777
14.666666666666668,0.2,0.00010202217543802136,3.988162586631923e-05,9.68081417996962e-05,12.24930208148824
14.828282828282829,0.2,7.031700702077968e-05,3.0247979839480962e-05,5.340597257604903e-05,12.249470666071183
14.989898989898991,0.2,4.411905979363397e-05,2.182254988943033e-05,2.2762601814041506e-05,12.249618108353333
15.151515151515152,0.2,3.528024089022556e-05,1.730491265633978e-05,1.737579250781779e-05,12.249697165900134
15.313131313131315,0.2,2.7770181034485075e-05,1.3495824878448269e-05,1.3902974588402839e-05,12.249763824202983
15.474747474747476,0.2,2.1016019172040813e-05,1.020020522532157e-05,1.1723929271314124e-05,12.249821497058829
15.636363636363637,0.2,1.537379902483419e-05,7.10833107363387e-06,1.1723929279289215e-05,12.249875604522014
15.7979797979798,0.2,1.0470983612092488e-05,4.62137371456584e-06,1.1723929285704024e-05,12.249919126093472
15.95959595959596,0.2,6.312028219960776e-06,2.7566432060501903e-06,1.17239292905139e-05,12.249951758791383
16.121212121212125,0.2,4.5331524079348e-06,2.0051204235185935e-06,1.1723929292452381e-05,12.249964910417715
16.282828282828284,0.2,3.764586780666613e-06,1.4814834842102394e-06,1.1723929293803023e-05,12.24997407405274
16.444444444444443,0.2,2.5091892719321896e-06,1.2071044542855633e-06,1.1723929294510793e-05,12.249978875681151
16.60606060606061,0.2,2.0147206162774285e-06,7.744218551201429e-07,1.1723929295626827e-05,12.249986447621282
16.767676767676768,0.2,1.3292074551437844e-06,5.017347267894671e-07,1.1723929296330198e-05,12.249991219643851
16.92929292929293,0.2,1.3176930399520637e-06,3.613910733952469e-07,1.1723929296692183e-05,12.24999367565703
17.090909090909093,0.2,1.3176930399886896e-06,2.3504770974339522e-07,1.1723929297018055e-05,12.249995886665424
17.252525252525253,0.2,1.3176930400235959e-06,1.1463713074581336e-07,1.1723929297328626e-05,12.249997993850291
17.414141414141415,0.2,1.3176930400353993e-06,7.39205198084775e-08,1.1723929297433645e-05,12.249998706390937
17.575757575757578,0.2,1.3176930400353993e-06,7.39205198084775e-08,1.1723929297433645e-05,12.249998706390937
17.737373737373737,0.2,1.3176930400353993e-06,7.39205198084775e-08,1.1723929297433645e-05,12.249998706390937
17.8989898989899,0.2,1.3176930400353993e-06,7.39205198084775e-08,1.1723929297433645e-05,12.249998706390937
18.060606060606062,0.2,1.3176930400353993e-06,7.39205198084775e-08,1.1723929297433645e-05,12.249998706390937
18.22222222222222,0.2,1.3176930400353993e-06,7.39205198084775e-08,1.1723929297433645e-05,12.249998706390937
18.383838383838388,0.2,1.3176930400353993e-06,7.39205198084775e-08,1.1723929297433645e-05,12.249998706390937
18.545454545454547,0.2,1.3176930400353993e-06,7.39205198084775e-08,1.1723929297433645e-05,12.249998706390937
18.707070707070706,0.2,1.3176930400353993e-06,7.39205198084775e-08,1.1723929297433645e-05,12.249998706390937
18.868686868686872,0.2,1.3176930400353993e-06,7.39205198084775e-08,1.1723929297433645e-05,12.249998706390937
19.03030303030303,0.2,1.3176930400353993e-06,7.39205198084775e-08,1.1723929297433645e-05,12.249998706390937
19.191919191919194,0.2,1.3176930400353993e-06,7.39205198084775e-08,1.1723929297433645e-05,12.249998706390937
19.353535353535356,0.2,1.3176930400353993e-06,7.39205198084775e-08,1.1723929297433645e-05,12.249998706390937
19.515151515151516,0.2,1.3176930400353993e-06,7.39205198084775e-08,1.1723929297433645e-05,12.249998706390937
19.67676767676768,0.2,1.3176930400353993e-06,7.39205198084775e-08,1.1723929297433645e-05,12.249998706390937
19.83838383838384,0.2,1.3176930400353993e-06,7.39205198084775e-08,1.1723929297433645e-05,12.249998706390937
20.0,0.2,1.3176930400353993e-06,7.39205198084775e-08,1.1723929297433645e-05,12.249998706390937
4.0,0.29500000000000004,0.4057969693756566,1.8584545396149545,15.848368653293925,1.3136285305847502
4.161616161616162,0.29500000000000004,0.6281861783035213,2.586035678347517,15.839612411395846,8.791753939457847
4.3232323232323235,0.29500000000000004,0.9494339032565715,3.6282367914598668,15.827153833801692,31.031494992596006
4.484848484848484,0.29500000000000004,1.406562403081363,5.13724832621212,15.809173372616575,87.29390657359558
4.646464646464646,0.29500000000000004,2.0528926319532976,7.358918043928988,15.78271311285332,221.9294015891404
4.808080808080808,0.29500000000000004,2.9905497126911302,10.786667034452137,15.741987821794313,550.6844875979402
4.96969696969697,0.29500000000000004,4.3759198587152595,16.25119527755292,15.67705096901027,1378.487507325063
5.1313131313131315,0.29500000000000004,5.978612379080568,21.66222271487076,15.597527322545242,2565.9854334189044
5.292929292929293,0.29500000000000004,7.795845000846648,27.91757762829415,15.491043756144515,4394.887020453791
5.454545454545455,0.29500000000000004,9.847141486285865,36.03249640209045,15.338675002074869,7496.311294005051
5.616161616161616,0.29500000000000004,12.100522830118274,46.98012970933421,15.112679148986414,12984.676401998317
5.777777777777778,0.29500000000000004,14.372300083444042,61.890434449475265,14.770737711906476,22869.32912428915
5.9393939393939394,0.29500000000000004,16.45960480980148,83.19591993473689,14.229116172945227,41816.07823731178
6.101010101010101,0.29500000000000004,18.440759995139274,82.77226614702755,13.810764733268181,41384.03561189178
6.262626262626263,0.29500000000000004,20.38011772396856,65.41046423024385,13.55607408305344,25608.372068570785
6.424242424242424,0.29500000000000004,22.016538482360435,48.59017607687825,13.240564778324746,13918.204488542326
6.5858585858585865,0.29500000000000004,23.099262257161648,32.72524384846344,12.860637938317529,6132.943138535604
6.747474747474747,0.29500000000000004,23.52316086846059,18.818825404738536,12.394371494420914,1896.3467405047788
6.909090909090909,0.29500000000000004,23.058461715302798,7.856830268221199,11.831448037187036,260.5666069538589
7.070707070707071,0.29500000000000004,22.6891319528373,3.4228928207424247,11.32954205950906,25.57559602632027
7.232323232323233,0.29500000000000004,23.383040068962217,3.274787273159135,10.989568146145729,21.96767074749666
7.3939393939393945,0.29500000000000004,23.803049293501353,3.1086595388840936,10.631585173654281,18.246983873872523
7.555555555555555,0.29500000000000004,23.888082519302504,2.9204409821261206,10.262041093717318,14.448379875804015
7.717171717171718,0.29500000000000004,23.687819322059468,2.721697783283928,9.866452713108682,10.91803143961031
7.878787878787879,0.29500000000000004,23.119577147746693,2.504346290793227,9.458660227271857,7.622379562429739
8.040404040404042,0.29500000000000004,21.426336712324385,2.3182878594458893,8.934814670184977,5.270328705035709
8.202020202020202,0.29500000000000004,17.30853225458524,2.2425412073907727,8.083224716561698,4.436723038446882
8.363636363636363,0.29500000000000004,13.430916145502582,2.15529958519076,7.154057404610252,3.5654841461833406
8.525252525252526,0.29500000000000004,9.877373599912803,2.060068183466466,6.138834245256284,2.7230625426545005
8.686868686868687,0.29500000000000004,6.700476771639197,1.948746937897368,5.0699014480889195,1.8820200115733627
8.848484848484848,0.29500000000000004,4.015088448229156,1.8235219441689383,3.9637735566164856,1.1210677324539833
9.01010101010101,0.29500000000000004,2.032574876227585,1.6830803529246037,2.918006861007066,0.5008405388244889
9.171717171717173,0.29500000000000004,1.8858373950489116,1.5721214454816776,2.552914253838295,0.1851611999668885
9.333333333333334,0.29500000000000004,1.7255147549169647,1.4599544481915865,2.199451933259224,0.02246584911223524
9.494949494949495,0.29500000000000004,1.5534387867888673,1.3459469041352607,1.8647305581632532,0.018260857328516764
9.656565656565657,0.29500000000000004,1.3724455741930819,1.2300816739099623,1.553930793694787,0.18045148463275232
9.818181818181818,0.29500000000000004,1.1868763550459458,1.1149785219402235,1.2632023320054404,0.5077327684711225
9.97979797979798,0.29500000000000004,1.0000000019203643,1.000000009653553,0.9999999781200672,0.9999999517322348
10.141414141414142,0.29500000000000004,0.8831764474288814,0.8616566054992729,0.7909746060697452,1.8113350650160336
10.303030303030305,0.29500000000000004,0.7749175435304954,0.7266702822236948,0.6082717047026206,2.8335806802544914
10.464646464646465,0.29500000000000004,0.6669045003693536,0.5997600342585228,0.44915326462895605,4.002400017312002
10.626262626262626,0.29500000000000004,0.5610155515167378,0.4827234964085502,0.31241029209087245,5.258726150255967
10.787878787878789,0.29500000000000004,0.4589918828906309,0.3759889549303822,0.2003094998998918,6.553741377653564
10.94949494949495,0.29500000000000004,0.36270525377163587,0.28099996622233214,0.11239583853872388,7.826006722465134
11.11111111111111,0.29500000000000004,0.30103917174198125,0.22419436844997506,0.08127130463861672,8.640743019904704
11.272727272727273,0.29500000000000004,0.25480414825339615,0.18407424532358088,0.06947525672751273,9.240471505533868
11.434343434343436,0.29500000000000004,0.2110762383640219,0.14776030560173137,0.05852080088190423,9.80065157641668
11.595959595959597,0.29500000000000004,0.17027233031284975,0.11513847283253324,0.04864879596044848,10.317932149969465
11.757575757575758,0.29500000000000004,0.13278828883755403,0.08642289008229229,0.039630010810547796,10.784280148123482
11.91919191919192,0.29500000000000004,0.09905164735681138,0.061621783578612706,0.031566407360333844,11.195351563695583
12.080808080808081,0.29500000000000004,0.07013267410089671,0.041776976376078835,0.024759059864728573,11.529811136888162
12.242424242424244,0.29500000000000004,0.0476896389400125,0.027471163772638883,0.01898023146963,11.773971289222715
12.404040404040405,0.29500000000000004,0.030665690488725514,0.017030233858205797,0.01398189608055155,11.953783587889303
12.565656565656566,0.29500000000000004,0.01814956093828523,0.009646122924504228,0.009775469468663258,12.081774396867889
12.727272727272728,0.29500000000000004,0.009389886883774519,0.004705546152679454,0.006309139244779315,12.167791330856826
12.88888888888889,0.29500000000000004,0.003773915514739254,0.001705380537272101,0.0036108912535957848,12.220174017615088
13.050505050505052,0.29500000000000004,0.0013898547760242772,0.0005320168764241084,0.002063173243698882,12.240691473674808
13.212121212121213,0.29500000000000004,0.0011557146346334796,0.0004341683617048754,0.0016907948230526183,12.242403231808703
13.373737373737374,0.29500000000000004,0.000938187056363435,0.00034516818738087695,0.0013589802071351184,12.243960301352566
13.535353535353536,0.29500000000000004,0.0007387025740306387,0.0002657035832828322,0.0010617319347345597,12.24535062853251
13.696969696969697,0.29500000000000004,0.0005593094608237208,0.00019570407171190944,0.0008030496447833101,12.24657541812056
13.85858585858586,0.29500000000000004,0.0004012998320038976,0.0001358568683562897,0.0005793569443818114,12.247622620160568
14.02020202020202,0.29500000000000004,0.0002756822803919672,9.007057099098207e-05,0.00040115449156553505,12.248423815712078
14.181818181818183,0.29500000000000004,0.0002257878785540573,7.584148096860362e-05,0.00030587164642280654,12.248672810032613
14.343434343434344,0.29500000000000004,0.00018006610387337268,6.270878742901167e-05,0.0002230800716617647,12.248902620797441
14.505050505050505,0.29500000000000004,0.00013873997796711907,5.067265178307544e-05,0.00015363427434045325,12.249113244642029
14.666666666666668,0.29500000000000004,0.00010214091482209048,3.9803983717364564e-05,9.697661571547348e-05,12.249303440187177
14.828282828282829,0.29500000000000004,7.044966602995354e-05,3.0216939623419016e-05,5.3245970020370684e-05,12.249471209263234
14.989898989898991,0.29500000000000004,4.431886922856133e-05,2.174077342168405e-05,2.2686110228611577e-05,12.24961953941925
15.151515151515152,0.29500000000000004,3.512582323197452e-05,1.7342912000987372e-05,1.749876823836123e-05,12.249696500919836
15.313131313131315,0.29500000000000004,2.782322427529548e-05,1.3451076825825241e-05,1.3951708203209647e-05,12.249764607286366
15.474747474747476,0.29500000000000004,2.1136505603050545e-05,1.009246716127705e-05,1.1723929271592001e-05,12.249823382461285
15.636363636363637,0.29500000000000004,1.5396141460649607e-05,7.126063248593848e-06,1.1723929279243478e-05,12.249875294210526
15.7979797979798,0.29500000000000004,1.0387653036484914e-05,4.673865798198688e-06,1.1723929285568638e-05,12.24991820748506
15.95959595959596,0.29500000000000004,6.216858179656948e-06,2.78895607582224e-06,1.1723929290430563e-05,12.249951193317283
16.121212121212125,0.29500000000000004,4.561838469271532e-06,1.952983993643643e-06,1.1723929292586853e-05,12.249965822803949
16.282828282828284,0.29500000000000004,3.5539545780690603e-06,1.549687620485178e-06,1.172392929362712e-05,12.24997288048165
16.444444444444443,0.29500000000000004,2.8282716656210815e-06,1.1020912948213922e-06,1.1723929294781632e-05,12.24998071340993
16.60606060606061,0.29500000000000004,2.014720616277428e-06,7.744218551201429e-07,1.1723929295626827e-05,12.249986447621282
16.767676767676768,0.29500000000000004,1.3292074551437844e-06,5.017347267894671e-07,1.1723929296330198e-05,12.249991219643851
16.92929292929293,0.29500000000000004,1.3176930399740453e-06,2.855644093989823e-07,1.172392929688776e-05,12.249995002623342
17.090909090909093,0.29500000000000004,1.3176930400073718e-06,1.7060273439100867e-07,1.1723929297184275e-05,12.249997014452326
17.252525252525253,0.29500000000000004,1.3176930400235959e-06,1.1463713074581336e-07,1.1723929297328626e-05,12.249997993850291
17.414141414141415,0.29500000000000004,1.3176930400353993e-06,7.39205198084775e-08,1.1723929297433645e-05,12.249998706390937
17.575757575757578,0.29500000000000004,1.3176930400353993e-06,7.39205198084775e-08,1.1723929297433645e-05,12.249998706390937
17.737373737373737,0.29500000000000004,1.3176930400353993e-06,7.39205198084775e-08,1.1723929297433645e-05,12.249998706390937
17.8989898989899,0.29500000000000004,1.3176930400353993e-06,7.39205198084775e-08,1.1723929297433645e-05,12.249998706390937
18.060606060606062,0.29500000000000004,1.3176930400353993e-06,7.39205198084775e-08,1.1723929297433645e-05,12.249998706390937
18.22222222222222,0.29500000000000004,1.3176930400353993e-06,7.39205198084775e-08,1.1723929297433645e-05,12.249998706390937
18.383838383838388,0.29500000000000004,1.3176930400353993e-06,7.39205198084775e-08,1.1723929297433645e-05,12.249998706390937
18.545454545454547,0.29500000000000004,1.3176930400353993e-06,7.39205198084775e-08,1.1723929297433645e-05,12.249998706390937
18.707070707070706,0.29500000000000004,1.3176930400353993e-06,7.39205198084775e-08,1.1723929297433645e-05,12.249998706390937
18.868686868686872,0.29500000000000004,1.3176930400353993e-06,7.39205198084775e-08,1.1723929297433645e-05,12.249998706390937
19.03030303030303,0.29500000000000004,1.3176930400353993e-06,7.39205198084775e-08,1.1723929297433645e-05,12.249998706390937
19.191919191919194,0.29500000000000004,1.3176930400353993e-06,7.39205198084775e-08,1.1723929297433645e-05,12.249998706390937
19.353535353535356,0.29500000000000004,1.3176930400353993e-06,7.39205198084775e-08,1.1723929297433645e-05,12.249998706390937
19.515151515151516,0.29500000000000004,1.3176930400353993e-06,7.39205198084775e-08,1.1723929297433645e-05,12.249998706390937
19.67676767676768,0.29500000000000004,1.3176930400353993e-06,7.39205198084775e-08,1.1723929297433645e-05,12.249998706390937
19.83838383838384,0.29500000000000004,1.3176930400353993e-06,7.39205198084775e-08,1.1723929297433645e-05,12.249998706390937
20.0,0.29500000000000004,1.3176930400353993e-06,7.39205198084775e-08,1.1723929297433645e-05,12.249998706390937
4.0,0.39,0.4116958412530303,1.8724954537290377,15.84823200377099,1.395324711216308
4.161616161616162,0.39,0.6336326383090661,2.597144136898142,15.839501939520245,8.95721302818498
4.3232323232323235,0.39,0.9543226032373089,3.6370667488611717,15.82706389271442,31.277922742876825
4.484848484848484,0.39,1.4108514517190984,5.144319556712305,15.809099425440493,87.62455589236394
4.646464646464646,0.39,2.0565935255723318,7.364644564241015,15.782651492989562,222.35615486081176
4.808080808080808,0.39,2.9937343540571715,10.791413850011985,15.741935190091045,551.2415881387307
4.96969696969697,0.39,4.378671701364925,16.25524132223688,15.677004676707284,1379.238717136838
5.1313131313131315,0.39,5.980833940885686,21.665278587689066,15.59748902789874,2566.7594764790565
5.292929292929293,0.39,7.79755808022981,27.919811400335753,15.491012441932149,4395.627479433614
5.454545454545455,0.39,9.848422080932814,36.03413128517278,15.338649135334993,7497.019061741151
5.616161616161616,0.39,12.101454489158217,46.981335350419364,15.112657419458191,12985.363327046187
5.777777777777778,0.39,14.372954899524284,61.89132670396432,14.770719183811876,22870.003790035917
5.9393939393939394,0.39,16.460047421110282,83.1965829611458,14.22910008094199,41816.756150747526
6.101010101010101,0.39,18.44105425968514,82.77263388483492,13.810752788421883,41384.40965847114
6.262626262626263,0.39,20.38031202486212,65.41062860880932,13.556066001041684,25608.503593093224
6.424242424242424,0.39,22.01666403477175,48.59024470920254,13.240559257405666,13918.24497321511
6.5858585858585865,0.39,23.09933896302153,32.725268890367744,12.860634257389787,6132.952944086507
6.747474747474747,0.39,23.523207547572305,18.818833288220485,12.394368969160789,1896.348457017613
6.909090909090909,0.39,23.05848907665216,7.856832031396441,11.831446307560078,260.5667492604193
7.070707070707071,0.39,22.68914813614352,3.422893231745249,11.329540909012705,25.57560641900461
7.232323232323233,0.39,23.383050175413636,3.2747874878399728,10.98956740382653,21.967675778508227
7.3939393939393945,0.39,23.803055543887414,3.1086596481778304,10.631584695539225,18.246986208194922
7.555555555555555,0.39,23.888086345089672,2.920441036693186,10.262040785629802,14.448380912879067
7.717171717171718,0.39,23.68782164046284,2.7216978091697146,9.866452515077698,10.918031867275147
7.878787878787879,0.39,23.119578535142733,2.5043463015943006,9.458660101117047,7.6223797115313126
8.040404040404042,0.39,21.426337506971134,2.3182878642299545,8.934814587476195,5.270328759950072
8.202020202020202,0.39,17.308532639429238,2.242541207143632,8.083224665919586,4.4367230358440555
8.363636363636363,0.39,13.430916324265839,2.1552995861663944,7.154057369522549,3.565484155394542
8.525252525252526,0.39,9.87737368286602,2.06006817964014,6.138834229410101,2.7230625110840507
8.686868686868687,0.39,6.700476814821439,1.9487469354283522,5.069901433897374,1.882019994637551
8.848484848484848,0.39,4.015088454696158,1.8235219427866547,3.963773555321062,1.1210677251361403
9.01010101010101,0.39,2.0325748774757804,1.683080356439864,2.9180068526507412,0.5008405512632531
9.171717171717173,0.39,1.885837405929895,1.5721214438146094,2.552914241684526,0.18516119638016104
9.333333333333334,0.39,1.7255147549407284,1.4599544510545615,2.199451924442319,0.022465851257836348
9.494949494949495,0.39,1.5534388069362202,1.3459468965364656,1.864730540421871,0.018260862462747156
9.656565656565657,0.39,1.3724455866485061,1.2300816675393034,1.5539307860197857,0.18045149816389874
9.818181818181818,0.39,1.186876352612155,1.1149785287973366,1.263202324733296,0.5077327440408164
9.97979797979798,0.39,0.9999999886585147,1.000000012600594,0.9999999921259703,0.999999936997031
10.141414141414142,0.39,0.883176385338797,0.861656639769084,0.7909746490273347,1.81133483440446
10.303030303030305,0.39,0.7749175520213251,0.7266702868119094,0.6082716770551112,2.833580641637226
10.464646464646465,0.39,0.6669046224966224,0.599759935851598,0.44915326162606906,4.002401001676488
10.626262626262626,0.39,0.5610155942274448,0.4827234091359706,0.3124103830100569,5.258727150919597
10.787878787878789,0.39,0.4589918758219391,0.3759889394635027,0.2003095303770061,6.553741575631759
10.94949494949495,0.39,0.3627051597038196,0.28099999343804427,0.11239589234515598,7.826006341785353
11.11111111111111,0.39,0.3010391929032759,0.2241943921088634,0.0812712713542963,8.64074267217653
11.272727272727273,0.39,0.25480408509673685,0.18407426344037817,0.06947527829112932,9.240471230175366
11.434343434343436,0.39,0.21107647911112395,0.14776021866718933,0.05852072402572308,9.800652937202782
11.595959595959597,0.39,0.17027211763024827,0.1151386104541862,0.048648800491680654,10.317929939659994
11.757575757575758,0.39,0.13278842939544225,0.08642274989486788,0.03963005462916065,10.784282449961001
11.91919191919192,0.39,0.09905119242639951,0.06162204678206735,0.03156641803453748,11.19534716037389
12.080808080808081,0.39,0.07013253978655323,0.04177694290033002,0.024759254319347394,11.52981170523233
12.242424242424244,0.39,0.04768952718124237,0.027471122978054083,0.018980449003843512,11.773971989119524
12.404040404040405,0.39,0.030665374800715937,0.017030376013085477,0.013981975950319123,11.953781130440671
12.565656565656566,0.39,0.018149456929482208,0.0096461721182473,0.009775503635406716,12.081773541909014
12.727272727272728,0.39,0.009390006275354515,0.004705502168795979,0.006309093561995983,12.167792097987695
12.88888888888889,0.39,0.0037738870217484005,0.001705359117185165,0.003611106733382622,12.220174392009998
13.050505050505052,0.39,0.0013899432138145536,0.0005319866667204444,0.0020631137924535027,12.240692002143724
13.212121212121213,0.39,0.0011556783770388767,0.0004341762908483965,0.0016908897874908428,12.242403093091724
13.373737373737374,0.39,0.000938164156005221,0.0003451641185123764,0.001359132228964715,12.243960372540212
13.535353535353536,0.39,0.0007387466989172935,0.00026569792102093027,0.0010616027396045664,12.245350727603288
13.696969696969697,0.39,0.0005592942010947316,0.0001957092362317082,0.0008030243427255153,12.246575327754101
13.85858585858586,0.39,0.00040125745256261376,0.00013586062703589114,0.0005795134989949668,12.247622554390057
14.02020202020202,0.39,0.00027558876973803677,9.010339047000499e-05,0.00040113962726563815,12.248423241408153
14.181818181818183,0.39,0.00022581080832534688,7.583951470297988e-05,0.0003058408177475105,12.248672844440396
14.343434343434344,0.39,0.00018008430844364335,6.269890185551853e-05,0.00022309228379323168,12.248902793787229
14.505050505050505,0.39,0.00013882309941099842,5.063032682207722e-05,0.000153720786423022,12.249113985302047
14.666666666666668,0.39,0.00010209698174502269,3.982449128795418e-05,9.696351279784809e-05,12.249303081314896
14.828282828282829,0.39,7.048554503267699e-05,3.0187220015391584e-05,5.3328289151450235e-05,12.249471729345153
14.989898989898991,0.39,4.41690034985015e-05,2.1799998027102916e-05,2.2751314109884878e-05,12.24961850300477
15.151515151515152,0.39,3.518646182218005e-05,1.730869261012297e-05,1.750899713850923e-05,12.249697099751764
15.313131313131315,0.39,2.7720992124552985e-05,1.3506181296956457e-05,1.3920300213040473e-05,12.249763642967407
15.474747474747476,0.39,2.1225487798843654e-05,1.004337583546545e-05,1.1723929271718616e-05,12.249824241553313
15.636363636363637,0.39,1.5397573526144838e-05,7.130504327312128e-06,1.1723929279232023e-05,12.249875216492045
15.7979797979798,0.39,1.0345184112067114e-05,4.700813569114221e-06,1.1723929285499135e-05,12.24991773590065
15.95959595959596,0.39,6.298095553649866e-06,2.754878095035988e-06,1.1723929290518454e-05,12.24995178968077
16.121212121212125,0.39,4.6254531211734195e-06,1.942679444280343e-06,1.1723929292613428e-05,12.249966003133311
16.282828282828284,0.39,3.602863879745539e-06,1.5335362073147227e-06,1.1723929293668775e-05,12.249973163131067
16.444444444444443,0.39,2.6615729714453534e-06,1.155572022494056e-06,1.1723929294643701e-05,12.24997977749795
16.60606060606061,0.39,2.0147206162774285e-06,7.744218551201429e-07,1.1723929295626827e-05,12.249986447621282
16.767676767676768,0.39,1.317693039897532e-06,5.495013240551538e-07,1.1723929296206995e-05,12.249990383728715
16.92929292929293,0.39,1.3176930399740453e-06,2.855644093989823e-07,1.172392929688776e-05,12.249995002623342
17.090909090909093,0.39,1.3176930400073718e-06,1.7060273439100867e-07,1.1723929297184275e-05,12.249997014452326
17.252525252525253,0.39,1.3176930400147804e-06,1.450463916976093e-07,1.1723929297250193e-05,12.249997461688272
17.414141414141415,0.39,1.3176930400278778e-06,9.986559895592724e-08,1.1723929297366726e-05,12.24999825235208
17.575757575757578,0.39,1.3176930400353993e-06,7.39205198084775e-08,1.1723929297433645e-05,12.249998706390937
17.737373737373737,0.39,1.3176930400353993e-06,7.39205198084775e-08,1.1723929297433645e-05,12.249998706390937
17.8989898989899,0.39,1.3176930400353993e-06,7.39205198084775e-08,1.1723929297433645e-05,12.249998706390937
18.060606060606062,0.39,1.3176930400353993e-06,7.39205198084775e-08,1.1723929297433645e-05,12.249998706390937
18.22222222222222,0.39,1.3176930400353993e-06,7.39205198084775e-08,1.1723929297433645e-05,12.249998706390937
18.383838383838388,0.39,1.3176930400353993e-06,7.39205198084775e-08,1.1723929297433645e-05,12.249998706390937
18.545454545454547,0.39,1.3176930400353993e-06,7.39205198084775e-08,1.1723929297433645e-05,12.249998706390937
18.707070707070706,0.39,1.3176930400353993e-06,7.39205198084775e-08,1.1723929297433645e-05,12.249998706390937
18.868686868686872,0.39,1.3176930400353993e-06,7.39205198084775e-08,1.1723929297433645e-05,12.249998706390937
19.03030303030303,0.39,1.3176930400353993e-06,7.39205198084775e-08,1.1723929297433645e-05,12.249998706390937
19.191919191919194,0.39,1.3176930400353993e-06,7.39205198084775e-08,1.1723929297433645e-05,12.249998706390937
19.353535353535356,0.39,1.3176930400353993e-06,7.39205198084775e-08,1.1723929297433645e-05,12.249998706390937
19.515151515151516,0.39,1.3176930400353993e-06,7.39205198084775e-08,1.1723929297433645e-05,12.249998706390937
19.67676767676768,0.39,1.3176930400353993e-06,7.39205198084775e-08,1.1723929297433645e-05,12.249998706390937
19.83838383838384,0.39,1.3176930400353993e-06,7.39205198084775e-08,1.1723929297433645e-05,12.249998706390937
20.0,0.39,1.3176930400353993e-06,7.39205198084775e-08,1.1723929297433645e-05,12.249998706390937
4.0,0.48500000000000004,0.4176638878121282,1.8865865129634083,15.848094812227641,1.479790216236807
4.161616161616162,0.48500000000000004,0.6391170210871737,2.6082731752122505,15.83939122844485,9.124525412109337
4.3232323232323235,0.48500000000000004,0.9592313785485431,3.6459049522918017,15.826973845156063,31.525556592055246
4.484848484848484,0.48500000000000004,1.4151508366268881,5.151394001665248,15.809025430292536,87.95598097331253
4.646464646464646,0.48500000000000004,2.0602996340615896,7.370372290532592,15.782589851181223,222.7834080472462
4.808080808080808,0.48500000000000004,2.996921611667038,10.79616109153794,15.741882548104282,551.7990203633213
4.96969696969697,0.48500000000000004,4.381424858688242,16.25928749602416,15.676958379468042,1379.9901555593747
5.1313131313131315,0.48500000000000004,5.983056118915664,21.66833447916115,15.597450730989385,2567.533640994704
5.292929292929293,0.48500000000000004,7.799271435013676,27.922045162687855,15.49098112669396,4396.36799757284
5.454545454545455,0.48500000000000004,9.849702794573837,36.03576615563376,15.33862326813213,7497.726857423405
5.616161616161616,0.48500000000000004,12.102386198072123,46.982540981731304,15.112635689724106,12986.050264695084
5.777777777777778,0.48500000000000004,14.373609735659459,61.89221895188802,14.770700655630561,22870.67846076975
5.9393939393939394,0.48500000000000004,16.460490040058453,83.19724598318629,14.22908398890962,41817.434065211775
6.101010101010101,0.48500000000000004,18.441348527092643,82.77300162055386,13.810740843570473,41384.783704616624
6.262626262626263,0.48500000000000004,20.380506326921296,65.41079298729694,13.55605791901465,25608.635117891135
6.424242424242424,0.48500000000000004,22.016789587668153,48.59031334110087,13.24055373649138,13918.285457695514
6.5858585858585865,0.48500000000000004,23.099415668967577,32.725293932580946,12.860630576446818,6132.962749766203
6.747474747474747,0.48500000000000004,23.523254225737315,18.8188411715037,12.394366443959516,1896.3501734879526
6.909090909090909,0.48500000000000004,23.05851643764236,7.856833794485377,11.831444577972027,260.5668915600527
7.070707070707071,0.48500000000000004,22.689164317695354,3.422893642649661,11.3295397586797,25.57561680920258
7.232323232323233,0.48500000000000004,23.38306028299521,3.274787702338763,10.989566661573178,21.967680805254115
7.3939393939393945,0.48500000000000004,23.803061796164325,3.108659758098763,10.631584216814673,18.246988555913276
7.555555555555555,0.48500000000000004,23.888090170564197,2.9204410908426524,10.262040477902374,14.448381942017468
7.717171717171718,0.48500000000000004,23.687823955945486,2.7216978350750134,9.866452317266763,10.918032295262359
7.878787878787879,0.48500000000000004,23.11957992037308,2.504346313767731,9.458659973565972,7.6223798795773465
8.040404040404042,0.48500000000000004,21.426338292725955,2.31828786828492,8.934814506569927,5.270328806495393
8.202020202020202,0.48500000000000004,17.308533026574622,2.2425412073424082,8.083224614328065,4.436723037937519
8.363636363636363,0.48500000000000004,13.43091649818992,2.1552995846373477,7.154057339579211,3.5654841409584384
8.525252525252526,0.48500000000000004,9.877373748337348,2.0600681804860965,6.138834209756267,2.7230625180639136
8.686868686868687,0.48500000000000004,6.700476842801134,1.9487469333952134,5.069901426346035,1.882019980691568
8.848484848484848,0.48500000000000004,4.015088472109724,1.8235219421373572,3.9637735438745185,1.1210677216987435
9.01010101010101,0.48500000000000004,2.0325748849328864,1.6830803559242082,2.918006843911346,0.5008405494386029
9.171717171717173,0.48500000000000004,1.88583740022139,1.5721214475657401,2.5529142420299444,0.18516120445078663
9.333333333333334,0.48500000000000004,1.7255147553224073,1.459954453106665,2.199451919547546,0.022465852795745683
9.494949494949495,0.48500000000000004,1.5534388035364433,1.3459469000634754,1.8647305392419988,0.018260860079674417
9.656565656565657,0.48500000000000004,1.3724455809143752,1.2300816811676525,1.5539307662813142,0.18045146921757046
9.818181818181818,0.48500000000000004,1.1868763503295277,1.114978532214478,1.2632023194561606,0.5077327318663329
9.97979797979798,0.48500000000000004,0.9999999900641613,1.0000000115589953,0.9999999953490047,0.9999999422050239
10.141414141414142,0.48500000000000004,0.8831763993849568,0.8616566300223488,0.7909746470743303,1.811334899993088
10.303030303030305,0.48500000000000004,0.7749176229864151,0.7266702516890249,0.6082716285023196,2.833580937253256
10.464646464646465,0.48500000000000004,0.6669046155371906,0.599759922438251,0.4491532945797515,4.002401135850211
10.626262626262626,0.48500000000000004,0.5610154837982577,0.48272349563175077,0.3124103796093813,5.258726159162715
10.787878787878789,0.48500000000000004,0.45899184867470094,0.3759889353377051,0.20030955427904962,6.553741628442541
10.94949494949495,0.48500000000000004,0.3627052545892938,0.28099995746755885,0.1123958478299383,7.82600684492253
11.11111111111111,0.48500000000000004,0.3010392004188808,0.22419440251074582,0.08127124966332763,8.640742519294136
11.272727272727273,0.48500000000000004,0.25480424370710175,0.18407418419790916,0.06947525733950735,9.240472434587373
11.434343434343436,0.48500000000000004,0.21107643129874742,0.14776026441924428,0.058520713638857934,9.800652221046006
11.595959595959597,0.48500000000000004,0.1702724051025528,0.11513840991846652,0.04864879495582026,10.31793316041779
11.757575757575758,0.48500000000000004,0.132788335052185,0.08642284252294466,0.039630027610181,10.784280929034376
11.91919191919192,0.48500000000000004,0.09905123626902883,0.061622063667867245,0.031566351168043426,11.195346877879112
12.080808080808081,0.48500000000000004,0.0701325749977902,0.04177695634578273,0.024759216257124177,11.529811476958283
12.242424242424244,0.48500000000000004,0.04768955960740881,0.027471123644209724,0.018980404185501367,11.773971977690547
12.404040404040405,0.48500000000000004,0.030665381459469957,0.017030321598856882,0.01398211511800494,11.953782071106003
12.565656565656566,0.48500000000000004,0.018149148152606816,0.009646297134240717,0.009775620786187485,12.081771369203295
12.727272727272728,0.48500000000000004,0.009390071643403669,0.004705471781671719,0.006309060903026964,12.167792627975043
12.88888888888889,0.48500000000000004,0.003773823028812424,0.001705399041805939,0.003611039305039844,12.220173694180216
13.050505050505052,0.48500000000000004,0.0013899050891978092,0.0005320021147204351,0.002063080825580419,12.240691731906452
13.212121212121213,0.48500000000000004,0.0011556667792036565,0.0004341850417151745,0.001690815759586866,12.24240293999905
13.373737373737374,0.48500000000000004,0.0009381626004877158,0.00034516619612024086,0.0013590740577783408,12.243960336191035
13.535353535353536,0.48500000000000004,0.0007387600841671717,0.00026568963841925577,0.0010616923005914351,12.24535087252131
13.696969696969697,0.48500000000000004,0.0005592705002456167,0.00019570733203863713,0.0008031898919213652,12.246575361072818
13.85858585858586,0.48500000000000004,0.00040131674861857016,0.00013583899405882147,0.0005795067026980497,12.247622932930419
14.02020202020202,0.48500000000000004,0.0002756799636282804,9.007616273813456e-05,0.0004011260679039786,12.248423717862803
14.181818181818183,0.48500000000000004,0.00022581975102478613,7.58366378773573e-05,0.0003058152886557007,12.24867289478212
14.343434343434344,0.48500000000000004,0.00018012463349389846,6.270307409592568e-05,0.0002229100465684763,12.248902720776293
14.505050505050505,0.48500000000000004,0.00013882478229303088,5.066011496512737e-05,0.00015349945152272963,12.249113464028403
14.666666666666668,0.48500000000000004,0.00010207612028371054,3.9839244360248286e-05,9.696109940498962e-05,12.249302823143475
14.828282828282829,0.48500000000000004,7.038503850437108e-05,3.0208558963619256e-05,5.34481036181604e-05,12.249471355921616
14.989898989898991,0.48500000000000004,4.4184606284572476e-05,2.179549368652663e-05,2.2748680146917712e-05,12.249618581829505
15.151515151515152,0.48500000000000004,3.523042747071264e-05,1.7286188726312993e-05,1.7512462830223292e-05,12.249697493564867
15.313131313131315,0.48500000000000004,2.7797599932690516e-05,1.3493724180805091e-05,1.3853801429195196e-05,12.249763860964835
15.474747474747476,0.48500000000000004,2.116184048808893e-05,1.0075965984034293e-05,1.1723929271634561e-05,12.249823671229807
15.636363636363637,0.48500000000000004,1.5406466475072878e-05,7.136916125035632e-06,1.1723929279215486e-05,12.249875104286158
15.7979797979798,0.48500000000000004,1.0319439772820469e-05,4.717213833673677e-06,1.1723929285456836e-05,12.249917448896982
15.95959595959596,0.48500000000000004,6.3287084206907966e-06,2.7257214025358287e-06,1.1723929290593656e-05,12.249952299921887
16.121212121212125,0.48500000000000004,4.570659167747493e-06,1.9872152074579196e-06,1.1723929292498562e-05,12.249965223758547
16.282828282828284,0.48500000000000004,3.5961783285415638e-06,1.5079859315763709e-06,1.1723929293734677e-05,12.249973610260405
16.444444444444443,0.48500000000000004,2.6907665418339787e-06,1.1459951471533047e-06,1.17239292946684e-05,12.24997994509313
16.60606060606061,0.48500000000000004,1.8818344611206678e-06,8.165862541036485e-07,1.172392929551808e-05,12.249985709744719
16.767676767676768,0.48500000000000004,1.3176930398999735e-06,5.410785781693486e-07,1.172392929622872e-05,12.249990531126707
16.92929292929293,0.48500000000000004,1.3176930399652238e-06,3.159944764045418e-07,1.1723929296809271e-05,12.249994470097286
17.090909090909093,0.48500000000000004,1.3176930400073718e-06,1.7060273439100867e-07,1.1723929297184275e-05,12.249997014452326
17.252525252525253,0.48500000000000004,1.3176930400235959e-06,1.1463713074581336e-07,1.1723929297328626e-05,12.249997993850291
17.414141414141415,0.48500000000000004,1.3176930400353993e-06,7.39205198084775e-08,1.1723929297433645e-05,12.249998706390937
17.575757575757578,0.48500000000000004,1.3176930400353993e-06,7.39205198084775e-08,1.1723929297433645e-05,12.249998706390937
17.737373737373737,0.48500000000000004,1.3176930400353993e-06,7.39205198084775e-08,1.1723929297433645e-05,12.249998706390937
17.8989898989899,0.48500000000000004,1.3176930400353993e-06,7.39205198084775e-08,1.1723929297433645e-05,12.249998706390937
18.060606060606062,0.48500000000000004,1.3176930400353993e-06,7.39205198084775e-08,1.1723929297433645e-05,12.249998706390937
18.22222222222222,0.48500000000000004,1.3176930400353993e-06,7.39205198084775e-08,1.1723929297433645e-05,12.249998706390937
18.383838383838388,0.48500000000000004,1.3176930400353993e-06,7.39205198084775e-08,1.1723929297433645e-05,12.249998706390937
18.545454545454547,0.48500000000000004,1.3176930400353993e-06,7.39205198084775e-08,1.1723929297433645e-05,12.249998706390937
18.707070707070706,0.48500000000000004,1.3176930400353993e-06,7.39205198084775e-08,1.1723929297433645e-05,12.249998706390937
18.868686868686872,0.48500000000000004,1.3176930400353993e-06,7.39205198084775e-08,1.1723929297433645e-05,12.249998706390937
19.03030303030303,0.48500000000000004,1.3176930400353993e-06,7.39205198084775e-08,1.1723929297433645e-05,12.249998706390937
19.191919191919194,0.48500000000000004,1.3176930400353993e-06,7.39205198084775e-08,1.1723929297433645e-05,12.249998706390937
19.353535353535356,0.48500000000000004,1.3176930400353993e-06,7.39205198084775e-08,1.1723929297433645e-05,12.249998706390937
19.515151515151516,0.48500000000000004,1.3176930400353993e-06,7.39205198084775e-08,1.1723929297433645e-05,12.249998706390937
19.67676767676768,0.48500000000000004,1.3176930400353993e-06,7.39205198084775e-08,1.1723929297433645e-05,12.249998706390937
19.83838383838384,0.48500000000000004,1.3176930400353993e-06,7.39205198084775e-08,1.1723929297433645e-05,12.249998706390937
20.0,0.48500000000000004,1.3176930400353993e-06,7.39205198084775e-08,1.1723929297433645e-05,12.249998706390937
4.0,0.5800000000000001,0.4237016366992912,1.9007272641867146,15.847957082417789,1.5670487068744496
4.161616161616162,0.5800000000000001,0.6446394950245384,2.6194226510013334,15.839280279277439,9.2936975110945
4.3232323232323235,0.5800000000000001,0.96416028024867,3.6547513578399147,15.826883691456406,31.77439803550587
4.484848484848484,0.5800000000000001,1.4194605726383493,5.1584716476541495,15.808951387271899,88.2881820388756
4.646464646464646,0.5800000000000001,2.0640109615792426,7.376101218710441,15.782528187458608,223.21116110170263
4.808080808080808,0.5800000000000001,3.000111486659204,10.800908757762215,15.741829895843555,552.3567841985644
4.96969696969697,0.5800000000000001,4.384179330991819,16.263333798513063,15.676912077295643,1380.7418225376296
5.1313131313131315,0.5800000000000001,5.9852789132489574,21.671390389173087,15.59741243181811,2568.3079269391187
5.292929292929293,0.5800000000000001,7.800985065212086,27.92427891532049,15.490949810430248,4397.10857486072
5.454545454545455,0.5800000000000001,9.85098362723632,36.037401013433644,15.33859740046648,7498.434681033838
5.616161616161616,0.5800000000000001,12.103317956813385,46.98374660323432,15.112613959785028,12986.73721492423
5.777777777777778,0.5800000000000001,14.374264591798191,61.893111193196646,14.770682127363772,22871.353136452835
5.9393939393939394,0.5800000000000001,16.460932666669635,83.19790900090695,14.229067896847042,41818.11198075408
6.101010101010101,0.5800000000000001,18.44164279743504,82.7733693546608,13.810728898705044,41385.1577508128
6.262626262626263,0.5800000000000001,20.38070063003327,65.41095736484786,13.556049836992857,25608.76664227731
6.424242424242424,0.5800000000000001,22.016915140980426,48.59038197307005,13.240548215568477,13918.325942276591
6.5858585858585865,0.5800000000000001,23.099492375361724,32.72531897474699,12.860626895494482,6132.9725554352735
6.747474747474747,0.5800000000000001,23.523300904874038,18.81884905480805,12.394363918718003,1896.351889963671
6.909090909090909,0.5800000000000001,23.058543799054238,7.856835557748443,11.831442848322508,260.567033873779
7.070707070707071,0.5800000000000001,22.68918050012048,3.4228940536085863,11.329538608256811,25.57562720078111
7.232323232323233,0.5800000000000001,23.383070390766456,3.2747879170534637,10.98956591915378,21.967685837060408
7.3939393939393945,0.5800000000000001,23.803068050461654,3.1086598675624217,10.63158373832022,18.246990893865203
7.555555555555555,0.5800000000000001,23.888093993261897,2.9204411454827155,10.262040169952519,14.448382980479952
7.717171717171718,0.5800000000000001,23.687826269918485,2.7216978609874287,9.86645211955753,10.918032723367153
7.878787878787879,0.5800000000000001,23.119581307691345,2.5043463252767197,9.458659846609526,7.622380038451217
8.040404040404042,0.5800000000000001,21.426339076690102,2.318287873067298,8.934814424921074,5.27032886139039
8.202020202020202,0.5800000000000001,17.30853340175644,2.2425412089659726,8.083224562321647,4.436723055036517
8.363636363636363,0.5800000000000001,13.430916685237765,2.155299584335348,7.1540573049066785,3.5654841381071845
8.525252525252526,0.5800000000000001,9.877373838227335,2.06006817875234,6.138834188159347,2.7230625037589435
8.686868686868687,0.5800000000000001,6.700476872216738,1.9487469342502344,5.069901412121644,1.8820199865564446
8.848484848484848,0.5800000000000001,4.01508848137436,1.8235219391528725,3.9637735429385432,1.1210677058988094
9.01010101010101,0.5800000000000001,2.032574887685832,1.6830803559943663,2.918006839547263,0.5008405496868577
9.171717171717173,0.5800000000000001,1.8858374009888876,1.5721214443578229,2.552914248497452,0.18516119754889462
9.333333333333334,0.5800000000000001,1.725514755579128,1.459954454486592,2.199451916256329,0.022465853829905184
9.494949494949495,0.5800000000000001,1.5534388147601346,1.3459468959843133,1.8647305309151463,0.01826086283581649
9.656565656565657,0.5800000000000001,1.3724455597573595,1.230081681312201,1.5539308021593068,0.18045146891055228
9.818181818181818,0.5800000000000001,1.1868763487232095,1.1149785344450898,1.2632023158316976,0.5077327239191802
9.97979797979798,0.5800000000000001,0.9999999830829486,1.0000000132228004,1.0000000019390598,0.9999999338859986
10.141414141414142,0.5800000000000001,0.8831764076998301,0.8616566223660828,0.7909746447491088,1.811334951514339
10.303030303030305,0.5800000000000001,0.7749176037126924,0.7266702485520183,0.6082716681559304,2.833580963656254
10.464646464646465,0.5800000000000001,0.6669046129440003,0.5997599152952964,0.4491533181434513,4.002401207301194
10.626262626262626,0.5800000000000001,0.561015540217909,0.48272345136646383,0.31241037454736426,5.258726666706575
10.787878787878789,0.5800000000000001,0.45899185298225564,0.3759889309779834,0.2003095673737259,6.553741684247582
10.94949494949495,0.5800000000000001,0.3627051912248683,0.2809999772187938,0.11239588249510614,7.826006568652122
11.11111111111111,0.5800000000000001,0.30103929085853304,0.22419433178350454,0.08127125812960695,8.640743558812744
11.272727272727273,0.5800000000000001,0.25480408648286273,0.18407430332805066,0.06947524471214762,9.24047062391978
11.434343434343436,0.5800000000000001,0.2110763661716446,0.14776030082753594,0.05852071114915718,9.800651651147144
11.595959595959597,0.5800000000000001,0.17027220607591156,0.11513848316747502,0.048648876574185866,10.317931983982351
11.757575757575758,0.5800000000000001,0.1327884303002821,0.08642276145381715,0.0396300568012468,10.784282260166345
11.91919191919192,0.5800000000000001,0.09905143845458349,0.06162192809506146,0.03156636124501608,11.19534914597488
12.080808080808081,0.5800000000000001,0.07013281752721252,0.04177684689694005,0.024759123946591282,11.529813335157613
12.242424242424244,0.5800000000000001,0.047689582421219824,0.027471124673976353,0.018980374451140945,11.773971960023244
12.404040404040405,0.5800000000000001,0.030665512873259825,0.01703033250111789,0.013981906469757594,11.953781882637303
12.565656565656566,0.5800000000000001,0.018149321574989285,0.009646224301469023,0.009775544116380328,12.081772634994753
12.727272727272728,0.5800000000000001,0.009389970365305936,0.004705509872303081,0.006309117410397321,12.167791963629433
12.88888888888889,0.5800000000000001,0.003773836976335661,0.001705389722943993,0.0036110484848604772,12.220173857061647
13.050505050505052,0.5800000000000001,0.0013898813308699351,0.0005320132207460174,0.00206306144432331,12.24069153762486
13.212121212121213,0.5800000000000001,0.0011557036319426572,0.0004341727730891619,0.0016908182835074195,12.242403154633415
13.373737373737374,0.5800000000000001,0.0009381720484449679,0.0003451684221891103,0.0013590358806750752,12.243960297244435
13.535353535353536,0.5800000000000001,0.000738711819280203,0.0002657065026115944,0.0010616853921426536,12.245350577453955
13.696969696969697,0.5800000000000001,0.0005592666205234046,0.00019571027080838769,0.0008031499059950267,12.24657530965154
13.85858585858586,0.5800000000000001,0.00040128548080009237,0.00013584444820104142,0.000579587458231565,12.24762283749219
14.02020202020202,0.5800000000000001,0.00027566557292851173,9.00744248812555e-05,0.00040119073848970515,12.248423748273336
14.181818181818183,0.5800000000000001,0.00022582579089137813,7.583471244733392e-05,0.00030579815933649135,12.248672928475315
14.343434343434344,0.5800000000000001,0.00018012684540291926,6.269721056093636e-05,0.0002229455646004922,12.248902823383558
14.505050505050505,0.5800000000000001,0.0001387652654553875,5.0661790716972884e-05,0.00015366483420037333,12.249113434703805
14.666666666666668,0.5800000000000001,0.00010205717276034847,3.984724164720596e-05,9.695479920083895e-05,12.249302683194939
14.828282828282829,0.5800000000000001,7.044192160598207e-05,3.0199443234689125e-05,5.336010948482554e-05,12.249471515443426
14.989898989898991,0.5800000000000001,4.4255884598470675e-05,2.174866103806708e-05,2.2778203262023364e-05,12.249619401388106
15.151515151515152,0.5800000000000001,3.518244565299953e-05,1.731963969547494e-05,1.7481451456592983e-05,12.249696908180136
15.313131313131315,0.5800000000000001,2.7820033193821913e-05,1.3471275741419109e-05,1.3886611978417382e-05,12.249764253808744
15.474747474747476,0.5800000000000001,2.1125566367971248e-05,1.0101051524887076e-05,1.1723929271569861e-05,12.249823232236006
15.636363636363637,0.5800000000000001,1.5293078379669726e-05,7.183992244705912e-06,1.172392927909407e-05,12.249874280458277
15.7979797979798,0.5800000000000001,1.0302165922928917e-05,4.728245531828457e-06,1.1723929285428384e-05,12.249917255842917
15.95959595959596,0.5800000000000001,6.298928050174199e-06,2.7567225592261485e-06,1.1723929290513697e-05,12.24995175740271
16.121212121212125,0.5800000000000001,4.611905209477525e-06,1.9744182340041593e-06,1.1723929292531565e-05,12.249965447705266
16.282828282828284,0.5800000000000001,3.5485092436365996e-06,1.5514979574811522e-06,1.172392929362245e-05,12.249972848800786
16.444444444444443,0.5800000000000001,2.715462996846888e-06,1.137964916147884e-06,1.1723929294689112e-05,12.24998008562206
16.60606060606061,0.5800000000000001,1.901926308842473e-06,8.100451864615784e-07,1.172392929553495e-05,12.249985824213335
16.767676767676768,0.5800000000000001,1.3292074551437844e-06,5.017347267894671e-07,1.1723929296330198e-05,12.249991219643851
16.92929292929293,0.5800000000000001,1.3176930399740453e-06,2.855644093989823e-07,1.172392929688776e-05,12.249995002623342
17.090909090909093,0.5800000000000001,1.3176930400073718e-06,1.7060273439100856e-07,1.1723929297184275e-05,12.249997014452326
17.252525252525253,0.5800000000000001,1.3176930400235959e-06,1.1463713074581336e-07,1.1723929297328626e-05,12.249997993850291
17.414141414141415,0.5800000000000001,1.3176930400353993e-06,7.39205198084775e-08,1.1723929297433645e-05,12.249998706390937
17.575757575757578,0.5800000000000001,1.3176930400353993e-06,7.39205198084775e-08,1.1723929297433645e-05,12.249998706390937
17.737373737373737,0.5800000000000001,1.3176930400353993e-06,7.39205198084775e-08,1.1723929297433645e-05,12.249998706390937
17.8989898989899,0.5800000000000001,1.3176930400353993e-06,7.39205198084775e-08,1.1723929297433645e-05,12.249998706390937
18.060606060606062,0.5800000000000001,1.3176930400353993e-06,7.39205198084775e-08,1.1723929297433645e-05,12.249998706390937
18.22222222222222,0.5800000000000001,1.3176930400353993e-06,7.39205198084775e-08,1.1723929297433645e-05,12.249998706390937
18.383838383838388,0.5800000000000001,1.3176930400353993e-06,7.39205198084775e-08,1.1723929297433645e-05,12.249998706390937
18.545454545454547,0.5800000000000001,1.3176930400353993e-06,7.39205198084775e-08,1.1723929297433645e-05,12.249998706390937
18.707070707070706,0.5800000000000001,1.3176930400353993e-06,7.39205198084775e-08,1.1723929297433645e-05,12.249998706390937
18.868686868686872,0.5800000000000001,1.3176930400353993e-06,7.39205198084775e-08,1.1723929297433645e-05,12.249998706390937
19.03030303030303,0.5800000000000001,1.3176930400353993e-06,7.39205198084775e-08,1.1723929297433645e-05,12.249998706390937
19.191919191919194,0.5800000000000001,1.3176930400353993e-06,7.39205198084775e-08,1.1723929297433645e-05,12.249998706390937
19.353535353535356,0.5800000000000001,1.3176930400353993e-06,7.39205198084775e-08,1.1723929297433645e-05,12.249998706390937
19.515151515151516,0.5800000000000001,1.3176930400353993e-06,7.39205198084775e-08,1.1723929297433645e-05,12.249998706390937
19.67676767676768,0.5800000000000001,1.3176930400353993e-06,7.39205198084775e-08,1.1723929297433645e-05,12.249998706390937
19.83838383838384,0.5800000000000001,1.3176930400353993e-06,7.39205198084775e-08,1.1723929297433645e-05,12.249998706390937
20.0,0.5800000000000001,1.3176930400353993e-06,7.39205198084775e-08,1.1723929297433645e-05,12.249998706390937
4.0,0.675,0.4298096153347855,1.91491724831516,15.847818818143327,1.6571235788278513
4.161616161616162,0.675,0.6502002283888364,2.63059242105898,15.83916909313379,9.464735667298767
4.3232323232323235,0.675,0.9691093593550862,3.663605921456406,15.826793431946554,32.02444854782814
4.484848484848484,0.675,1.423780674575464,5.165552481242764,15.808877296477974,88.62115930620959
4.646464646464646,0.675,2.0677275122803556,7.381831344679361,15.782466501852035,223.63941397617802
4.808080808080808,0.675,3.0033039801703114,10.805656847418105,15.741777233318393,552.9148795711441
4.96969696969697,0.675,4.3869351185799,16.267380229302812,15.676865770193194,1381.4937180166505
5.1313131313131315,0.675,5.987502323957885,21.674446317616553,15.597374130385845,2569.0823342869717
5.292929292929293,0.675,7.802698970841276,27.92651265819369,15.490918493141395,4397.849211283188
5.454545454545455,0.675,9.852264578917467,36.03903585856246,15.338571532338207,7499.142532567347
5.616161616161616,0.675,12.104249765415691,46.98495221492708,15.112592229640638,12987.424177732404
5.777777777777778,0.675,14.374919467990027,61.89400342792553,14.770663599010481,22872.027817111662
5.9393939393939394,0.675,16.461375300878476,83.1985720143361,14.229051804755183,41818.78989740329
6.101010101010101,0.675,18.44193707056644,82.77373708676389,13.810716953834952,41385.53179666107
6.262626262626263,0.675,20.380894934176244,65.41112174182878,13.556041754969131,25608.898166545147
6.424242424242424,0.675,22.01704069451126,48.59045060477604,13.24054269465297,13918.366426761295
6.5858585858585865,0.675,23.099569081747283,32.72534401680846,12.860623214548765,6132.982361071234
6.747474747474747,0.675,23.52334758348147,18.818856938200835,12.394361393490943,1896.3536064594211
6.909090909090909,0.675,23.058571160031367,7.856837320851052,11.831441118735414,260.5671761745937
7.070707070707071,0.675,22.689196682318848,3.4228944645650223,11.329537457854242,25.575637592298804
7.232323232323233,0.675,23.38308049824252,3.274788131720251,10.989565176782236,21.967690867744437
7.3939393939393945,0.675,23.803074302492888,3.1086599772091534,10.631583259826716,18.246993235727405
7.555555555555555,0.675,23.888097815037103,2.9204411998541193,10.262039862306564,14.448384013836462
7.717171717171718,0.675,23.687828583019908,2.7216978869039967,9.866451921907188,10.918033151540564
7.878787878787879,0.675,23.119582685744394,2.5043463369924877,9.458659720192571,7.622380200179533
8.040404040404042,0.675,21.426339857266193,2.3182878773256235,8.934814344266462,5.2703289102699955
8.202020202020202,0.675,17.308533792606077,2.2425412093551276,8.083224509962799,4.436723059135007
8.363636363636363,0.675,13.430916866488229,2.15529958259518,7.154057273819784,3.5654841216778324
8.525252525252526,0.675,9.877373916563005,2.060068178275518,6.138834167284508,2.723062499824758
8.686868686868687,0.675,6.700476905205918,1.948746931507893,5.069901403416245,1.8820199677458014
8.848484848484848,0.675,4.015088494770391,1.8235219400692004,3.963773531698854,1.1210677107498714
9.01010101010101,0.675,2.032574892459034,1.6830803524674511,2.918006840424377,0.5008405372068526
9.171717171717173,0.675,1.8858374041246713,1.5721214442072855,2.5529142441262453,0.1851611972250108
9.333333333333334,0.675,1.7255147495592404,1.459954453598929,2.199451928207141,0.022465853164663426
9.494949494949495,0.675,1.5534388031150368,1.3459468959337995,1.8647305493306154,0.01826086286994685
9.656565656565657,0.675,1.372445568985522,1.2300816765895792,1.5539307965335587,0.18045147894130198
9.818181818181818,0.675,1.1868763724079712,1.114978523952306,1.2632022995239713,0.5077327613025384
9.97979797979798,0.675,1.0000000005242917,0.9999999904703372,1.000000018520419,1.0000000476483144
10.141414141414142,0.675,0.8831764063012055,0.8616566096715533,0.7909746782959655,1.8113350369395382
10.303030303030305,0.675,0.7749175987488682,0.7266702546295511,0.6082716562268456,2.8335809125039586
10.464646464646465,0.675,0.6669045879241439,0.5997599609068313,0.44915326802105077,4.002400751048976
10.626262626262626,0.675,0.5610155245855358,0.48272345555487,0.31241039214085636,5.258726618682488
10.787878787878789,0.675,0.45899186972209993,0.3759889390227413,0.20030953344760288,6.5537415812735675
10.94949494949495,0.675,0.3627051973168468,0.2810000135648295,0.11239583403210407,7.826006060261949
11.11111111111111,0.675,0.3010392821014614,0.22419434747148426,0.08127124430537262,8.640743328237551
11.272727272727273,0.675,0.2548041959790931,0.18407423769005976,0.0694752332188328,9.240471621556306
11.434343434343436,0.675,0.2110763471560338,0.14776032174817358,0.05852070534390456,9.800651323676483
11.595959595959597,0.675,0.17027228887503693,0.11513847186070715,0.04864883008686535,10.31793216557774
11.757575757575758,0.675,0.13278853496357268,0.08642272678090768,0.03962999396134359,10.78428282948566
11.91919191919192,0.675,0.0990512136594592,0.061622065211777086,0.031566376660035374,11.195346852049925
12.080808080808081,0.675,0.07013256941233796,0.04177697006482768,0.02475917420950884,11.52981124403925
12.242424242424244,0.675,0.047689606686400904,0.027471129949081203,0.018980356219965765,11.77397186952032
12.404040404040405,0.675,0.03066535547375207,0.01703040075205942,0.01398195115453035,11.953780702775056
12.565656565656566,0.675,0.01814929521341494,0.00964623847971983,0.009775553374574157,12.081772388584948
12.727272727272728,0.675,0.00938993752993175,0.004705547016801186,0.006309033572374196,12.167791315785523
12.88888888888889,0.675,0.0037737980206240507,0.0017054140935057846,0.0036110082161573895,12.220173431096336
13.050505050505052,0.675,0.0013899207339845903,0.0005319932351117813,0.0020631213299839857,12.240691887240555
13.212121212121213,0.675,0.0011556936486802401,0.0004341802710981823,0.0016907779441174174,12.242403023458955
13.373737373737374,0.675,0.0009381720686168445,0.0003451701365775177,0.0013590109014878643,12.243960267250037
13.535353535353536,0.675,0.0007387235572254894,0.0002656983402181228,0.0010617341044673388,12.24535072026873
13.696969696969697,0.675,0.0005592638328227431,0.00019571238242579683,0.0008031211753937757,12.2465752727034
13.85858585858586,0.675,0.00040123411531340654,0.00013587388747583753,0.0005794552920315383,12.247622322354879
14.02020202020202,0.675,0.0002756274865686036,9.00972857668911e-05,0.0004010511098637157,12.248423348233581
14.181818181818183,0.675,0.0002258333308291602,7.58344036196972e-05,0.0003057901851497909,12.248672933879504
14.343434343434344,0.675,0.000180132475435892,6.269440455874678e-05,0.0002229760858964359,12.248902872486397
14.505050505050505,0.675,0.00013875173999775575,5.0670414955296043e-05,0.000153646300391678,12.249113283785098
14.666666666666668,0.675,0.00010210369105147941,3.981797929339493e-05,9.700740106069481e-05,12.24930319527156
14.828282828282829,0.675,7.04596624064551e-05,3.0182979177519188e-05,5.338854887614962e-05,12.249471803558217
14.989898989898991,0.675,4.427210787808655e-05,2.176115849621703e-05,2.271589117033098e-05,12.249619182685986
15.151515151515152,0.675,3.512867994780943e-05,1.7334192916694176e-05,1.7520452091533302e-05,12.249696653501921
15.313131313131315,0.675,2.7761422786701872e-05,1.350027595179139e-05,1.3877602904067368e-05,12.24976374630995
15.474747474747476,0.675,2.1200170076024553e-05,1.0081777510506772e-05,1.172392927161957e-05,12.249823569528825
15.636363636363637,0.675,1.5291548221136093e-05,7.170415977341151e-06,1.1723929279129087e-05,12.249874518041734
15.7979797979798,0.675,1.037653597173352e-05,4.7011911390334164e-06,1.172392928549816e-05,12.249917729293198
15.95959595959596,0.675,6.236735645451694e-06,2.7638155541197933e-06,1.1723929290495407e-05,12.24995163327554
16.121212121212125,0.675,4.555430413331763e-06,1.9938200701613056e-06,1.1723929292481526e-05,12.249965108173615
16.282828282828284,0.675,3.5775257410879514e-06,1.5418793250892513e-06,1.1723929293647258e-05,12.249973017126667
16.444444444444443,0.675,2.729584967196318e-06,1.1333645801981139e-06,1.1723929294700976e-05,12.249980166127873
16.60606060606061,0.675,1.9167413560005572e-06,8.052608664507999e-07,1.1723929295547289e-05,12.249985907938889
16.767676767676768,0.675,1.3176930399034635e-06,5.290396444179903e-07,1.1723929296259772e-05,12.249990741807972
16.92929292929293,0.675,1.317693039967557e-06,3.07946417941052e-07,1.172392929683003e-05,12.249994610938277
17.090909090909093,0.675,1.3176930400021039e-06,1.8877486138821462e-07,1.1723929297137405e-05,12.249996696440146
17.252525252525253,0.675,1.3176930400235959e-06,1.1463713074581336e-07,1.1723929297328626e-05,12.249997993850291
17.414141414141415,0.675,1.3176930400353993e-06,7.39205198084775e-08,1.1723929297433645e-05,12.249998706390937
17.575757575757578,0.675,1.3176930400353993e-06,7.39205198084775e-08,1.1723929297433645e-05,12.249998706390937
17.737373737373737,0.675,1.3176930400353993e-06,7.39205198084775e-08,1.1723929297433645e-05,12.249998706390937
17.8989898989899,0.675,1.3176930400353993e-06,7.39205198084775e-08,1.1723929297433645e-05,12.249998706390937
18.060606060606062,0.675,1.3176930400353993e-06,7.39205198084775e-08,1.1723929297433645e-05,12.249998706390937
18.22222222222222,0.675,1.3176930400353993e-06,7.39205198084775e-08,1.1723929297433645e-05,12.249998706390937
18.383838383838388,0.675,1.3176930400353993e-06,7.39205198084775e-08,1.1723929297433645e-05,12.249998706390937
18.545454545454547,0.675,1.3176930400353993e-06,7.39205198084775e-08,1.1723929297433645e-05,12.249998706390937
18.707070707070706,0.675,1.3176930400353993e-06,7.39205198084775e-08,1.1723929297433645e-05,12.249998706390937
18.868686868686872,0.675,1.3176930400353993e-06,7.39205198084775e-08,1.1723929297433645e-05,12.249998706390937
19.03030303030303,0.675,1.3176930400353993e-06,7.39205198084775e-08,1.1723929297433645e-05,12.249998706390937
19.191919191919194,0.675,1.3176930400353993e-06,7.39205198084775e-08,1.1723929297433645e-05,12.249998706390937
19.353535353535356,0.675,1.3176930400353993e-06,7.39205198084775e-08,1.1723929297433645e-05,12.249998706390937
19.515151515151516,0.675,1.3176930400353993e-06,7.39205198084775e-08,1.1723929297433645e-05,12.249998706390937
19.67676767676768,0.675,1.3176930400353993e-06,7.39205198084775e-08,1.1723929297433645e-05,12.249998706390937
19.83838383838384,0.675,1.3176930400353993e-06,7.39205198084775e-08,1.1723929297433645e-05,12.249998706390937
20.0,0.675,1.3176930400353993e-06,7.39205198084775e-08,1.1723929297433645e-05,12.249998706390937
4.0,0.77,0.43598835085044463,1.9291560003734392,15.847680023253751,1.7500379545700948
4.161616161616162,0.77,0.6557993893208459,2.641782341268317,15.839057671137626,9.63764614428639
4.3232323232323235,0.77,0.9740786668433004,3.6724685989560877,15.826703066958911,32.27570958275902
4.484848484848484,0.77,1.4281111572488256,5.172636488974874,15.808803158010381,88.95491298715415
4.646464646464646,0.77,2.0714492903169717,7.387562664340839,15.782404794391862,224.06816662130228
4.808080808080808,0.77,3.0064990933380504,10.810405359237162,15.741724560538326,553.4733064072468
4.96969696969697,0.77,4.38969222175637,16.271426787990837,15.676819458163816,1382.2458419410716
5.1313131313131315,0.77,5.989726351116731,21.677502264377015,15.597335826693552,2569.856863011343
5.292929292929293,0.77,7.804413151920901,27.928746391290588,15.49088717482754,4398.589906833834
5.454545454545455,0.77,9.853545649608993,36.04067069103587,15.33854566374725,7499.850412029948
5.616161616161616,0.77,12.10518162384257,46.98615781683988,15.11257049929101,12988.111153136446
5.777777777777778,0.77,14.375574364175753,61.89489565600662,14.770645070572261,22872.70250269455
5.9393939393939394,0.77,16.4618179427499,83.19923502354318,14.229035712632013,41819.46781523032
6.101010101010101,0.77,18.442231346588727,82.77410481702725,13.810705008955479,41385.90584232835
6.262626262626263,0.77,20.381089239483483,65.41128611813205,13.55603367294252,25609.029690608528
6.424242424242424,0.77,22.017166248608145,48.5905192362155,13.240537173734575,13918.406911147657
6.5858585858585865,0.77,23.09964578819045,32.725369058823716,12.860619533606119,6132.992166696938
6.747474747474747,0.77,23.523394262258623,18.818864821407676,12.394358868275447,1896.3553229154616
6.909090909090909,0.77,23.05859852116153,7.85683908398949,11.831439389130445,260.5673184783389
7.070707070707071,0.77,22.689212864444844,3.422894875460722,11.329536307493482,25.575647982282813
7.232323232323233,0.77,23.383090606191132,3.2747883462761327,10.98956443446453,21.967695895829976
7.3939393939393945,0.77,23.803080554775033,3.108660086945484,10.631582781245697,18.246995579503434
7.555555555555555,0.77,23.88810163951045,2.920441254327457,10.26203955438944,14.448385049130321
7.717171717171718,0.77,23.68783089922556,2.7216979127655425,9.86645172408496,10.918033578804948
7.878787878787879,0.77,23.119584068437593,2.5043463486642628,9.458659593457359,7.622380361300559
8.040404040404042,0.77,21.42634064044883,2.3182878820743866,8.934814262740106,5.270328964779141
8.202020202020202,0.77,17.30853417512293,2.2425412100887097,8.08322445822459,4.436723066860921
8.363636363636363,0.77,13.430917040531765,2.1552995825195156,7.15405724137498,3.565484120963467
8.525252525252526,0.77,9.877373996286018,2.0600681759144996,6.138834149568774,2.7230624803443435
8.686868686868687,0.77,6.7004769380546065,1.948746931120123,5.069901389979763,1.8820199650859577
8.848484848484848,0.77,4.01508850539949,1.8235219385947727,3.963773527219469,1.1210677029442155
9.01010101010101,0.77,2.0325749002724645,1.683080348138623,2.9180068387807157,0.5008405218892751
9.171717171717173,0.77,1.8858374099722441,1.572121439791055,2.552914245552148,0.18516118772341128
9.333333333333334,0.77,1.7255147504861053,1.4599544545966157,2.1994519246882662,0.02246585391236037
9.494949494949495,0.77,1.5534388116212374,1.345946893370689,1.8647305418137425,0.0182608646017478
9.656565656565657,0.77,1.372445567553069,1.230081684057171,1.553930782803851,0.18045146308029367
9.818181818181818,0.77,1.1868763793645047,1.114978512015748,1.2632023108438208,0.5077328038297314
9.97979797979798,0.77,0.9999999809691874,1.0000000142481715,1.000000007619553,0.9999999287591431
10.141414141414142,0.77,0.8831763937106569,0.8616566306527081,0.7909746565712876,1.811334895751216
10.303030303030305,0.77,0.7749175963620989,0.7266702604754568,0.6082716483027217,2.833580863301181
10.464646464646465,0.77,0.6669045893871097,0.5997599507888203,0.4491532890534338,4.002400852259445
10.626262626262626,0.77,0.5610155620512588,0.4827234271567377,0.3124103867818176,5.258726944294252
10.787878787878789,0.77,0.45899188257337986,0.3759889452807044,0.2003095079984955,6.553741501170776
10.94949494949495,0.77,0.36270523922040676,0.2809999781818615,0.11239584451072195,7.8260065551812135
11.11111111111111,0.77,0.3010392758311306,0.22419435953111566,0.08127123398029865,8.640743150990266
11.272727272727273,0.77,0.2548041581014274,0.18407424780717524,0.06947524704080824,9.240471467785538
11.434343434343436,0.77,0.21107642277246802,0.1477602526946458,0.058520725906858716,9.800652404571107
11.595959595959597,0.77,0.17027218626513796,0.11513854168506411,0.04864882817150656,10.317931044144897
11.757575757575758,0.77,0.1327882731580292,0.0864228751539313,0.039630024404024626,10.784280393242899
11.91919191919192,0.77,0.09905123865495534,0.061622073573837234,0.031566339647498595,11.195346712154965
12.080808080808081,0.77,0.07013258793569693,0.04177697518223476,0.024759160119014027,11.529811157156994
12.242424242424244,0.77,0.04768974678984968,0.027471026569135425,0.01898039097375373,11.77397364316989
12.404040404040405,0.77,0.030665355622299592,0.01703035985499028,0.013982038939204924,11.953781409767606
12.565656565656566,0.77,0.01814940769980576,0.009646190855322164,0.00977550394037501,12.081773216269466
12.727272727272728,0.77,0.009389991753784717,0.0047055246331714025,0.006309023472688385,12.167791706182458
12.88888888888889,0.77,0.0037738116287453385,0.0017054052247106291,0.0036110189824908124,12.220173586111192
13.050505050505052,0.77,0.0013899009078318528,0.0005320026961196057,0.002063101733718077,12.240691721735834
13.212121212121213,0.77,0.001155676204303572,0.00043418219043721556,0.0016908256810142584,12.242402989880937
13.373737373737374,0.77,0.000938162318785529,0.00034516783523653267,0.00135908411265552,12.243960307513571
13.535353535353536,0.77,0.00073874331744829,0.0002656961192139067,0.0010616683990742662,12.245350759128927
13.696969696969697,0.77,0.0005592276894363005,0.0001957334786262558,0.0008030506476821501,12.246574903571505
13.85858585858586,0.77,0.0004012743440641357,0.0001358586242841845,0.0005794581948236345,12.247622589434812
14.02020202020202,0.77,0.0002756798899269312,9.008080348247388e-05,0.00040105311234636524,12.248423636654998
14.181818181818183,0.77,0.00022583620497647312,7.583322896789598e-05,0.000305780380127876,12.248672954434802
14.343434343434344,0.77,0.00018013350468191715,6.26911734824939e-05,0.00022299510045236954,12.248902929027699
14.505050505050505,0.77,0.00013879238692152888,5.064925226769446e-05,0.00015368863204687688,12.24911365411873
14.666666666666668,0.77,0.00010208603873924605,3.982663828273191e-05,9.69969631468644e-05,12.249303043743556
14.828282828282829,0.77,7.049290154135187e-05,3.0179094185034013e-05,5.332933417863077e-05,12.249471871544122
14.989898989898991,0.77,4.42016553111234e-05,2.178846126874342e-05,2.2745060643718166e-05,12.2496187048949
15.151515151515152,0.77,3.518361536572252e-05,1.7326752069480063e-05,1.746912112237664e-05,12.249696783715132
15.313131313131315,0.77,2.77864068899945e-05,1.3484294533604698e-05,1.3901191540496593e-05,12.249764025982072
15.474747474747476,0.77,2.1144217152492507e-05,1.0088533662383397e-05,1.1723929271602147e-05,12.249823451297019
15.636363636363637,0.77,1.530970659925437e-05,7.169267047978906e-06,1.172392927913205e-05,12.249874538147898
15.7979797979798,0.77,1.0356360026442075e-05,4.711499121658124e-06,1.1723929285471573e-05,12.249917548904106
15.95959595959596,0.77,6.225888667091686e-06,2.782573085140106e-06,1.1723929290447026e-05,12.249951305019401
16.121212121212125,0.77,4.592147013248232e-06,1.98500014498435e-06,1.1723929292504274e-05,12.249965262522087
16.282828282828284,0.77,3.5764213144367118e-06,1.5246718008919996e-06,1.1723929293691641e-05,12.249973318258013
16.444444444444443,0.77,2.6570286353448414e-06,1.1570710927485983e-06,1.1723929294639834e-05,12.249979751264243
16.60606060606061,0.77,1.922933136813739e-06,7.994542807336293e-07,1.1723929295562266e-05,12.249986009554078
16.767676767676768,0.77,1.3176930399043268e-06,5.26061803152031e-07,1.1723929296267453e-05,12.24999079392017
16.92929292929293,0.77,1.3176930399685296e-06,3.045910881788896e-07,1.1723929296838684e-05,12.249994669656534
17.090909090909093,0.77,1.3176930400026676e-06,1.8683011105323988e-07,1.1723929297142421e-05,12.249996730473269
17.252525252525253,0.77,1.3176930400235959e-06,1.146371307458134e-07,1.1723929297328626e-05,12.249997993850291
17.414141414141415,0.77,1.3176930400353993e-06,7.39205198084775e-08,1.1723929297433645e-05,12.249998706390937
17.575757575757578,0.77,1.3176930400353993e-06,7.39205198084775e-08,1.1723929297433645e-05,12.249998706390937
17.737373737373737,0.77,1.3176930400353993e-06,7.39205198084775e-08,1.1723929297433645e-05,12.249998706390937
17.8989898989899,0.77,1.3176930400353993e-06,7.39205198084775e-08,1.1723929297433645e-05,12.249998706390937
18.060606060606062,0.77,1.3176930400353993e-06,7.39205198084775e-08,1.1723929297433645e-05,12.249998706390937
18.22222222222222,0.77,1.3176930400353993e-06,7.39205198084775e-08,1.1723929297433645e-05,12.249998706390937
18.383838383838388,0.77,1.3176930400353993e-06,7.39205198084775e-08,1.1723929297433645e-05,12.249998706390937
18.545454545454547,0.77,1.3176930400353993e-06,7.39205198084775e-08,1.1723929297433645e-05,12.249998706390937
18.707070707070706,0.77,1.3176930400353993e-06,7.39205198084775e-08,1.1723929297433645e-05,12.249998706390937
18.868686868686872,0.77,1.3176930400353993e-06,7.39205198084775e-08,1.1723929297433645e-05,12.249998706390937
19.03030303030303,0.77,1.3176930400353993e-06,7.39205198084775e-08,1.1723929297433645e-05,12.249998706390937
19.191919191919194,0.77,1.3176930400353993e-06,7.39205198084775e-08,1.1723929297433645e-05,12.249998706390937
19.353535353535356,0.77,1.3176930400353993e-06,7.39205198084775e-08,1.1723929297433645e-05,12.249998706390937
19.515151515151516,0.77,1.3176930400353993e-06,7.39205198084775e-08,1.1723929297433645e-05,12.249998706390937
19.67676767676768,0.77,1.3176930400353993e-06,7.39205198084775e-08,1.1723929297433645e-05,12.249998706390937
19.83838383838384,0.77,1.3176930400353993e-06,7.39205198084775e-08,1.1723929297433645e-05,12.249998706390937
20.0,0.77,1.3176930400353993e-06,7.39205198084775e-08,1.1723929297433645e-05,12.249998706390937
4.0,0.865,0.44223837002703215,1.9434430495570174,15.847540701645759,1.8458146756989435
4.161616161616162,0.865,0.6614371458267944,2.652992266609339,15.838946014420543,9.812435126142555
4.3232323232323235,0.865,0.9790682536459367,3.681339346018513,15.82661259682718,32.5281825730761
4.484848484848484,0.865,1.4324520354568633,5.179723657374671,15.808728971968954,89.28944328823599
4.646464646464646,0.865,2.075176299838066,7.393295173593588,15.78234306510849,224.49741898637618
4.808080808080808,0.865,3.0096968272983333,10.81515429195107,15.741671877512907,554.032064632779
4.96969696969697,0.865,4.39245064082641,16.275473474177033,15.676773141210598,1382.9981942559034
5.1313131313131315,0.865,5.991950994800403,21.680558229339447,15.597297520742206,2570.631513085175
5.292929292929293,0.865,7.806127608463353,27.93098011457194,15.490855855489086,4399.330661498823
5.454545454545455,0.865,9.854826839324108,36.04230551081976,15.338519794693887,7500.55831940608
5.616161616161616,0.865,12.106113532130891,46.987363408924566,15.112548768736273,12988.798141108464
5.777777777777778,0.865,14.376229280418189,61.89578787746557,14.770626542047944,22873.377193220687
5.9393939393939394,0.865,16.462260592254708,83.19989802835116,14.22901962048019,41820.145734054044
6.101010101010101,0.865,18.442525625497694,82.77447254542216,13.810693064067005,41386.27988778539
6.262626262626263,0.865,20.381283545768746,65.4114504940637,13.556025590911451,25609.161214712294
6.424242424242424,0.865,22.017291803061315,48.590587867367496,13.240531652820128,13918.447395423327
6.5858585858585865,0.865,23.099722494709198,32.725394100640415,12.860615852672899,6133.001972252733
6.747474747474747,0.865,23.52344094101243,18.818872704733536,12.394356343050397,1896.3570393981938
6.909090909090909,0.865,23.058625882443962,7.8568408471769775,11.831437659507506,260.5674607860819
7.070707070707071,0.865,22.689229047062227,3.4228952863958817,11.329535157078112,25.575658373266727
7.232323232323233,0.865,23.383100714297214,3.274788560888325,10.989563692095578,21.967700925235732
7.3939393939393945,0.865,23.803086806756212,3.1086601965487035,10.631582302791049,18.246997920436588
7.555555555555555,0.865,23.888105462861734,2.9204413087415753,10.262039246587323,14.448386083298715
7.717171717171718,0.865,23.687833214281273,2.721697938643822,9.866451526341864,10.918034006345803
7.878787878787879,0.865,23.11958545232758,2.504346360300034,9.458659466630383,7.6223805219245815
8.040404040404042,0.865,21.426341425086896,2.318287886308344,8.934814181723985,5.270329013379036
8.202020202020202,0.865,17.308534559441828,2.2425412108569556,8.083224406195031,4.436723074951907
8.363636363636363,0.865,13.430917221640211,2.1552995815224976,7.154057208895764,3.5654841115503757
8.525252525252526,0.865,9.877374075863292,2.060068175387415,6.138834128746307,2.7230624759954463
8.686868686868687,0.865,6.700476964636707,1.9487469305159824,5.069901380091161,1.882019960941953
8.848484848484848,0.865,4.01508851194898,1.8235219390130522,3.963773521433918,1.121067705158597
9.01010101010101,0.865,2.0325749044234964,1.683080349281891,2.9180068304533204,0.5008405259347345
9.171717171717173,0.865,1.8858374065395844,1.5721214445296499,2.5529142397683415,0.18516119791858351
9.333333333333334,0.865,1.7255147580742383,1.4599544523019057,2.1994519181033207,0.022465852192634337
9.494949494949495,0.865,1.553438806104563,1.3459468964132533,1.8647305429343108,0.018260862545997267
9.656565656565657,0.865,1.3724455742756334,1.2300816804088266,1.553930780967062,0.18045147082930071
9.818181818181818,0.865,1.1868763750986222,1.1149785157297758,1.2632023093594085,0.5077327905975101
9.97979797979798,0.865,1.00000000019142,1.0000000017605346,0.9999999973827759,0.9999999911973265
10.141414141414142,0.865,0.8831764007417914,0.8616566262621641,0.7909746547148893,1.8113349252964694
10.303030303030305,0.865,0.7749175863563785,0.7266702574010853,0.6082716727116702,2.833580889177004
10.464646464646465,0.865,0.6669045889874364,0.5997599415071473,0.44915330442794144,4.002400945104025
10.626262626262626,0.865,0.5610155587483551,0.48272344280159374,0.312410364479962,5.258726764911006
10.787878787878789,0.865,0.45899181676309136,0.3759889763761154,0.20030954056693193,6.553741103145221
10.94949494949495,0.865,0.36270521017577484,0.2809999982571544,0.11239584023152184,7.826006274378053
11.11111111111111,0.865,0.3010392739575981,0.22419437119053648,0.08127122673833186,8.640742979625108
11.272727272727273,0.865,0.254804235301037,0.1840742024100691,0.06947523771272666,9.240472157779434
11.434343434343436,0.865,0.21107638450945176,0.14776028152368223,0.05852072412930971,9.800651953310293
11.595959595959597,0.865,0.1702723398792848,0.11513843677715783,0.0486488220185206,10.317932729046534
11.757575757575758,0.865,0.13278834382148585,0.08642281721166618,0.039630044329368244,10.784281344638346
11.91919191919192,0.865,0.09905137396240979,0.061621981581562166,0.03156634766957181,11.195348251160398
12.080808080808081,0.865,0.0701327196520631,0.041776882162968085,0.024759190520868498,11.529812736418421
12.242424242424244,0.865,0.047689563145967645,0.027471111339712074,0.01898042321390724,11.773972188794028
12.404040404040405,0.865,0.030665452299305427,0.01703036614237013,0.013981910012878483,11.953781301076916
12.565656565656566,0.865,0.018149377635628065,0.009646205574507273,0.009775515559100096,12.081772960458531
12.727272727272728,0.865,0.00939002997436267,0.0047055051151539875,0.006309012841437589,12.167792046599734
12.88888888888889,0.865,0.0037738219940514147,0.0017053981892388792,0.0036110271411465616,12.220173709081964
13.050505050505052,0.865,0.0013899157671856835,0.0005320015002980124,0.002063053174216587,12.240691742654757
13.212121212121213,0.865,0.0011556951808950125,0.0004341743883130404,0.0016908281438458674,12.242403126375766
13.373737373737374,0.865,0.0009381959116657417,0.0003451547651817336,0.0013590968511325565,12.243960536183142
13.535353535353536,0.865,0.0007387587373670795,0.0002656943860770661,0.001061617127797011,12.245350789453065
13.696969696969697,0.865,0.000559219345225893,0.0001957289222228824,0.0008031371900853038,12.246574983297414
13.85858585858586,0.865,0.0004012580343203209,0.00013586012596712783,0.0005795176658376203,12.24762256315791
14.02020202020202,0.865,0.0002756704816214912,9.007920474387237e-05,0.00040110481948696223,12.248423664631126
14.181818181818183,0.865,0.00022583842993659334,7.583230634113448e-05,0.0003057727047558054,12.248672970579893
14.343434343434344,0.865,0.0001800876164496317,6.271077606826496e-05,0.00022296197650674993,12.248902585997813
14.505050505050505,0.865,0.00013879357125248505,5.066273256931906e-05,0.00015356458294557088,12.249113418221986
14.666666666666668,0.865,0.00010207552026000564,3.983466437997525e-05,9.699191079925118e-05,12.249302903290852
14.828282828282829,0.865,7.050436099714182e-05,3.0169864202917604e-05,5.335733570601667e-05,12.249472033065327
14.989898989898991,0.865,4.420711507420789e-05,2.178735798789886e-05,2.2744430463133334e-05,12.249618724202014
15.151515151515152,0.865,3.518671811093398e-05,1.7304280043858023e-05,1.7523376480005006e-05,12.24969717697072
15.313131313131315,0.865,2.781854871853427e-05,1.3477978271166944e-05,1.3864241910386564e-05,12.2497641365156
15.474747474747476,0.865,2.1121816423951427e-05,1.010395355020902e-05,1.1723929271562375e-05,12.249823181450928
15.636363636363637,0.865,1.5320382897414945e-05,7.166739772724079e-06,1.1723929279138568e-05,12.24987458237499
15.7979797979798,0.865,1.0340650642793235e-05,4.719539898283856e-06,1.1723929285450834e-05,12.24991740819099
15.95959595959596,0.865,6.250848345512546e-06,2.763078901908567e-06,1.1723929290497306e-05,12.24995164616693
16.121212121212125,0.865,4.55077436029335e-06,1.9991797230434156e-06,1.1723929292467702e-05,12.249965014379821
16.282828282828284,0.865,3.546631036250856e-06,1.5521229472091092e-06,1.172392929362084e-05,12.249972837863476
16.444444444444443,0.865,2.7467498514284365e-06,1.1245099170189073e-06,1.1723929294723814e-05,12.249980321084353
16.60606060606061,0.865,1.9151396674305063e-06,7.896654831494388e-07,1.1723929295587515e-05,12.249986180857938
16.767676767676768,0.865,1.3176930399050203e-06,5.236695460890388e-07,1.1723929296273623e-05,12.249990835784654
16.92929292929293,0.865,1.3176930399740453e-06,2.855644093989823e-07,1.172392929688776e-05,12.249995002623342
17.090909090909093,0.865,1.3176930400073718e-06,1.7060273439100867e-07,1.1723929297184275e-05,12.249997014452326
17.252525252525253,0.865,1.3176930400235959e-06,1.1463713074581336e-07,1.1723929297328626e-05,12.249997993850291
17.414141414141415,0.865,1.3176930400323173e-06,8.455170136406967e-08,1.1723929297406225e-05,12.249998520345265
17.575757575757578,0.865,1.3176930400353993e-06,7.39205198084775e-08,1.1723929297433645e-05,12.249998706390937
17.737373737373737,0.865,1.3176930400353993e-06,7.39205198084775e-08,1.1723929297433645e-05,12.249998706390937
17.8989898989899,0.865,1.3176930400353993e-06,7.39205198084775e-08,1.1723929297433645e-05,12.249998706390937
18.060606060606062,0.865,1.3176930400353993e-06,7.39205198084775e-08,1.1723929297433645e-05,12.249998706390937
18.22222222222222,0.865,1.3176930400353993e-06,7.39205198084775e-08,1.1723929297433645e-05,12.249998706390937
18.383838383838388,0.865,1.3176930400353993e-06,7.39205198084775e-08,1.1723929297433645e-05,12.249998706390937
18.545454545454547,0.865,1.3176930400353993e-06,7.39205198084775e-08,1.1723929297433645e-05,12.249998706390937
18.707070707070706,0.865,1.3176930400353993e-06,7.39205198084775e-08,1.1723929297433645e-05,12.249998706390937
18.868686868686872,0.865,1.3176930400353993e-06,7.39205198084775e-08,1.1723929297433645e-05,12.249998706390937
19.03030303030303,0.865,1.3176930400353993e-06,7.39205198084775e-08,1.1723929297433645e-05,12.249998706390937
19.191919191919194,0.865,1.3176930400353993e-06,7.39205198084775e-08,1.1723929297433645e-05,12.249998706390937
19.353535353535356,0.865,1.3176930400353993e-06,7.39205198084775e-08,1.1723929297433645e-05,12.249998706390937
19.515151515151516,0.865,1.3176930400353993e-06,7.39205198084775e-08,1.1723929297433645e-05,12.249998706390937
19.67676767676768,0.865,1.3176930400353993e-06,7.39205198084775e-08,1.1723929297433645e-05,12.249998706390937
19.83838383838384,0.865,1.3176930400353993e-06,7.39205198084775e-08,1.1723929297433645e-05,12.249998706390937
20.0,0.865,1.3176930400353993e-06,7.39205198084775e-08,1.1723929297433645e-05,12.249998706390937
4.0,0.96,0.44856019923156176,1.9577779192960196,15.84740085726286,1.9444762953387316
4.161616161616162,0.96,0.6671136657702292,2.6642220511664862,15.83883412412201,9.989108716597487
4.3232323232323235,0.96,0.9840781706518685,3.6902181181887537,15.826522021886358,32.781868930500224
4.484848484848484,0.96,1.4368033239863023,5.186813972946826,15.80865473845372,89.62475041065828
4.646464646464646,0.96,2.0789085449902758,7.399028868334192,15.782281314032346,224.92717101941878
4.808080808080808,0.96,3.0128971831864977,10.819903644291513,15.741619184251679,554.5911541733532
4.96969696969697,0.96,4.395210376093381,16.27952028745808,15.676726819336679,1383.7507749054782
5.1313131313131315,0.96,5.994176255081846,21.68361421239525,15.597259212532723,2571.406284483016
5.292929292929293,0.96,7.807842340489206,27.933213828012047,15.490824535126245,4400.071475268811
5.454545454545455,0.96,9.856108148068866,36.043940317923266,15.338493925178003,7501.266254698933
5.616161616161616,0.96,12.107045490253036,46.98856899122362,15.11252703797627,12989.485141672225
5.777777777777778,0.96,14.376884216671128,61.89668009232645,14.770608013437919,22874.051888708047
5.9393939393939394,0.96,16.462703249423402,83.20056102893,14.22900352829709,41820.823654048116
6.101010101010101,0.96,18.442819907261086,82.77484027188707,13.81068111917114,41386.65393296957
6.262626262626263,0.96,20.38147785320785,65.41161486918972,13.556017508880252,25609.292738509186
6.424242424242424,0.96,22.01741735790888,48.5906564985832,13.240526131898177,13918.487879795455
6.5858585858585865,0.96,23.099799201547306,32.72541914249981,12.860612171729318,6133.011777833085
6.747474747474747,0.96,23.523487619985968,18.818880588052128,12.394353817819129,1896.35875588012
6.909090909090909,0.96,23.058653243918183,7.856842610258705,11.83143592990196,260.56760308532785
7.070707070707071,0.96,22.6892452295037,3.422895697333793,11.329534006671517,25.575668764322327
7.232323232323233,0.96,23.383110821677,3.274788775503582,10.98956294976879,21.967705954713875
7.3939393939393945,0.96,23.803093059101432,3.1086603061333413,10.63158182432539,18.247000260973024
7.555555555555555,0.96,23.888109285448,2.920441363012919,10.26203893897441,14.448387114753647
7.717171717171718,0.96,23.68783552849192,2.7216979645296515,9.866451328639108,10.9180344340114
7.878787878787879,0.96,23.11958683712382,2.504346371917498,9.45865933976535,7.622380682295883
8.040404040404042,0.96,21.426342205374063,2.3182878910536684,8.934814100516359,5.270329067848714
8.202020202020202,0.96,17.308534938375537,2.242541211827189,8.08322435460083,4.436723085170174
8.363636363636363,0.96,13.43091740137871,2.155299580934296,7.154057176167831,3.5654841059970215
8.525252525252526,0.96,9.877374159350348,2.060068173993603,6.138834108233056,2.723062464495308
8.686868686868687,0.96,6.700476994692285,1.9487469299194933,5.069901368395994,1.8820199568504334
8.848484848484848,0.96,4.0150885243302525,1.8235219365933757,3.96377351777636,1.1210676923487712
9.01010101010101,0.96,2.0325749032066462,1.6830803519601716,2.918006826827645,0.5008405354118417
9.171717171717173,0.96,1.8858374129410367,1.5721214425813304,2.552914235182505,0.18516119372673895
9.333333333333334,0.96,1.725514755722703,1.45995445369455,2.1994519176925165,0.02246585323632462
9.494949494949495,0.96,1.5534388126314065,1.345946894309979,1.8647305375381193,0.01826086396710354
9.656565656565657,0.96,1.372445579329592,1.2300816771795218,1.5539307791109982,0.18045147768827638
9.818181818181818,0.96,1.1868763721255173,1.1149785191300552,1.2632023086461162,0.5077327784831016
9.97979797979798,0.96,0.999999990124016,0.9999999988879786,1.0000000214834106,1.0000000055601062
10.141414141414142,0.96,0.8831764055635171,0.8616566219426778,0.7909746524934522,1.8113349543635553
10.303030303030305,0.96,0.7749175856683302,0.7266702618157221,0.6082716647245515,2.833580852020675
10.464646464646465,0.96,0.6669045974632045,0.5997599419731865,0.4491532865026779,4.002400940442235
10.626262626262626,0.96,0.5610155375145467,0.4827234505893819,0.3124103818835114,5.258726675616562
10.787878787878789,0.96,0.4589918672549947,0.3759889388526557,0.2003095346998137,6.553741583450687
10.94949494949495,0.96,0.3627052425267284,0.28099997140219385,0.11239584802688521,7.826006650011817
11.11111111111111,0.96,0.3010393030650863,0.2241943179631156,0.08127125914427984,8.640743761938891
11.272727272727273,0.96,0.25480422371520267,0.1840742304050978,0.06947521728367399,9.24047173228097
11.434343434343436,0.96,0.21107636934880142,0.14776029816085626,0.058520718769754676,9.80065169288867
11.595959595959597,0.96,0.1702722525302785,0.11513849625391562,0.048648821280672404,10.317931773804055
11.757575757575758,0.96,0.1327882990670514,0.08642285372819382,0.03963003003913652,10.784280745047385
11.91919191919192,0.96,0.09905121620169105,0.06162206891403602,0.03156635791285773,11.195346790112154
12.080808080808081,0.96,0.07013258206170518,0.04177698146609006,0.02475914188167676,11.529811050471034
12.242424242424244,0.96,0.047689582723594234,0.02747111671895287,0.0189804058118378,11.773972096504485
12.404040404040405,0.96,0.03066544283690871,0.017030336764438523,0.013981984494641667,11.953781808936762
12.565656565656566,0.96,0.01814943418776907,0.009646157071115928,0.009775568326232019,12.081773803419471
12.727272727272728,0.96,0.009389954051749656,0.004705515379958732,0.0063091338852227065,12.167791867569415
12.88888888888889,0.96,0.003773850678109353,0.0017053981860393817,0.0036109664239909536,12.22017370913789
13.050505050505052,0.96,0.0013899127356134361,0.0005319963375663984,0.002063126075345647,12.240691832968228
13.212121212121213,0.96,0.001155682245578917,0.0004341769639030911,0.001690863233717859,12.242403081316915
13.373737373737374,0.96,0.000938191983571318,0.0003451567402789947,0.0013590709638260157,12.24396050162746
13.535353535353536,0.96,0.0007387211392851454,0.0002657010222669885,0.0010617027907829464,12.245350673341783
13.696969696969697,0.96,0.0005592665931632971,0.00019571702148845428,0.0008030708968633805,12.246575191531155
13.85858585858586,0.96,0.0004012877233410067,0.00013584917444678696,0.0005795135152999426,12.247622754790918
14.02020202020202,0.96,0.00027563582237509363,9.009238920259975e-05,0.0004011068436495758,12.248423433917942
14.181818181818183,0.96,0.00022589285020259227,7.58195796086604e-05,0.0003057182159614767,12.24867319328565
14.343434343434344,0.96,0.00018009290116505208,6.270656960042738e-05,0.0002229786487558534,12.248902659607703
14.505050505050505,0.96,0.00013876070272238566,5.066348667136022e-05,0.00015365806674848915,12.249113405025682
14.666666666666668,0.96,0.0001020641539735661,3.9839957895057134e-05,9.698507391960223e-05,12.249302810656971
14.828282828282829,0.96,7.04516867258514e-05,3.0182345384660047e-05,5.3414983599453975e-05,12.24947181464935
14.989898989898991,0.96,4.424796860290962e-05,2.175988149600318e-05,2.2762690218819392e-05,12.249619205033145
15.151515151515152,0.96,3.516171089037245e-05,1.7322548061493142e-05,1.750337885951849e-05,12.249696857284361
15.313131313131315,0.96,2.776319757224387e-05,1.349076236944234e-05,1.3908560018188325e-05,12.249763912796036
15.474747474747476,0.96,2.1103456774043026e-05,1.011615673462848e-05,1.1723929271530901e-05,12.249822967896746
15.636363636363637,0.96,1.5332514241324987e-05,7.166385101024026e-06,1.1723929279139481e-05,12.249874588581708
15.7979797979798,0.96,1.0328072431792496e-05,4.7259873492883214e-06,1.1723929285434205e-05,12.24991729536098
15.95959595959596,0.96,6.280662999407807e-06,2.7517436526208224e-06,1.172392929052654e-05,12.2499518445334
16.121212121212125,0.96,4.618594317997968e-06,1.9636807196304983e-06,1.172392929255926e-05,12.249965635611504
16.282828282828284,0.96,3.563372722469763e-06,1.5436222519973945e-06,1.1723929293642764e-05,12.249972986625478
16.444444444444443,0.96,2.6907665418339787e-06,1.1459951471533047e-06,1.17239292946684e-05,12.24997994509313
16.60606060606061,0.96,1.946577753147962e-06,7.957239852106768e-07,1.1723929295571885e-05,12.249986074834213
16.767676767676768,0.96,1.317693039913429e-06,4.946637388113547e-07,1.1723929296348438e-05,12.249991343386098
16.92929292929293,0.96,1.3176930399695422e-06,3.0109780897380054e-07,1.1723929296847695e-05,12.249994730788908
17.090909090909093,0.96,1.3176930400073718e-06,1.7060273439100867e-07,1.1723929297184275e-05,12.249997014452326
17.252525252525253,0.96,1.3176930400200578e-06,1.2684185949552019e-07,1.1723929297297147e-05,12.249997780267556
17.414141414141415,0.96,1.3176930400353993e-06,7.39205198084775e-08,1.1723929297433645e-05,12.249998706390937
17.575757575757578,0.96,1.3176930400353993e-06,7.39205198084775e-08,1.1723929297433645e-05,12.249998706390937
17.737373737373737,0.96,1.3176930400353993e-06,7.39205198084775e-08,1.1723929297433645e-05,12.249998706390937
17.8989898989899,0.96,1.3176930400353993e-06,7.39205198084775e-08,1.1723929297433645e-05,12.249998706390937
18.060606060606062,0.96,1.3176930400353993e-06,7.39205198084775e-08,1.1723929297433645e-05,12.249998706390937
18.22222222222222,0.96,1.3176930400353993e-06,7.39205198084775e-08,1.1723929297433645e-05,12.249998706390937
18.383838383838388,0.96,1.3176930400353993e-06,7.39205198084775e-08,1.1723929297433645e-05,12.249998706390937
18.545454545454547,0.96,1.3176930400353993e-06,7.39205198084775e-08,1.1723929297433645e-05,12.249998706390937
18.707070707070706,0.96,1.3176930400353993e-06,7.39205198084775e-08,1.1723929297433645e-05,12.249998706390937
18.868686868686872,0.96,1.3176930400353993e-06,7.39205198084775e-08,1.1723929297433645e-05,12.249998706390937
19.03030303030303,0.96,1.3176930400353993e-06,7.39205198084775e-08,1.1723929297433645e-05,12.249998706390937
19.191919191919194,0.96,1.3176930400353993e-06,7.39205198084775e-08,1.1723929297433645e-05,12.249998706390937
19.353535353535356,0.96,1.3176930400353993e-06,7.39205198084775e-08,1.1723929297433645e-05,12.249998706390937
19.515151515151516,0.96,1.3176930400353993e-06,7.39205198084775e-08,1.1723929297433645e-05,12.249998706390937
19.67676767676768,0.96,1.3176930400353993e-06,7.39205198084775e-08,1.1723929297433645e-05,12.249998706390937
19.83838383838384,0.96,1.3176930400353993e-06,7.39205198084775e-08,1.1723929297433645e-05,12.249998706390937
20.0,0.96,1.3176930400353993e-06,7.39205198084775e-08,1.1723929297433645e-05,12.249998706390937
4.0,1.055,0.4549543643543642,1.9721601273204823,15.847260494094936,2.0460450705961915
4.161616161616162,1.055,0.6728291168642834,2.675471548136093,15.838722001389282,10.16767293815426
4.3232323232323235,1.055,0.9891084687051328,3.6991048708783163,15.82643134247273,33.036770045602495
4.484848484848484,1.055,1.4411650376119225,5.193907422176565,15.808580457564945,89.96083455029019
4.646464646464646,1.055,2.0826460299163374,7.404763744456017,15.782219541193898,225.35742266708405
4.808080808080808,1.055,3.0161001621377976,10.824653414989154,15.7415664807642,555.1505749541669
4.96969696969697,1.055,4.397971427861492,16.283567227432755,15.676680492545167,1384.5035838344397
5.1313131313131315,1.055,5.996402132033785,21.68667021343223,15.597220902066065,2572.1811771784905
5.292929292929293,1.055,7.809557348009724,27.935447531579058,15.490793213739355,4400.812348132407
5.454545454545455,1.055,9.857389575833439,36.04557511232457,15.338468055199936,7501.974217898273
5.616161616161616,1.055,12.10797749823407,46.989774563694205,15.112505307011219,12990.172154802869
5.777777777777778,1.055,14.377539172947758,61.897572300553854,14.770589484742388,22874.726589129627
5.9393939393939394,1.055,16.463145914205768,83.20122402523405,14.228987436084177,41821.5015751658
6.101010101010101,1.055,18.443114191934097,82.77520799659635,13.810669174264172,41387.02797805823
6.262626262626263,1.055,20.381672161713684,65.41177924388003,13.556009426843579,25609.424262295186
6.424242424242424,1.055,22.01754291314482,48.59072512942821,13.240520610981728,13918.528364007792
6.5858585858585865,1.055,23.099875908400676,32.7254441844043,12.860608490785582,6133.021583438933
6.747474747474747,1.055,23.523534299079127,18.818888471293583,12.39435129259099,1896.3604723460285
6.909090909090909,1.055,23.058680604911384,7.8568443734625495,11.831434200289394,260.5677453944686
7.070707070707071,1.055,22.689261411294293,3.4228961082817553,11.329532856296918,25.57567915563419
7.232323232323233,1.055,23.38312092895485,3.2747889901068317,10.98956220745693,21.96771098391121
7.3939393939393945,1.055,23.803099311053725,3.108660415726276,10.631581345881091,18.247002601686813
7.555555555555555,1.055,23.8881131088359,2.920441417502215,10.262038631113592,14.448388150350905
7.717171717171718,1.055,23.687837842116117,2.7216979904244565,9.86645113097832,10.918034861825292
7.878787878787879,1.055,23.11958822025358,2.504346383582413,9.458659212982322,7.622380843322212
8.040404040404042,1.055,21.42634299160213,2.318287895618006,8.934814018895837,5.270329120240914
8.202020202020202,1.055,17.308535319432053,2.242541212783221,8.083224302741804,4.4367230952388805
8.363636363636363,1.055,13.43091758158319,2.15529957993625,7.154057144039166,3.565484096574224
8.525252525252526,1.055,9.877374240974865,2.060068172345345,6.138834088750078,2.7230624508957755
8.686868686868687,1.055,6.700477031729312,1.9487469279485579,5.0699013564615445,1.882019943331124
8.848484848484848,1.055,4.0150885406605505,1.82352193468925,3.9637735098596623,1.1210676822682837
9.01010101010101,1.055,2.0325749099463186,1.6830803479954222,2.9180068262451706,0.5008405213825585
9.171717171717173,1.055,1.8858374148142418,1.5721214398235386,2.5529142380818115,0.18516118779330026
9.333333333333334,1.055,1.7255147593685172,1.45995445011398,2.199451920563402,0.022465850552935842
9.494949494949495,1.055,1.5534388082269095,1.3459468969016313,1.8647305390935085,0.018260862216017932
9.656565656565657,1.055,1.3724455710411811,1.230081680486379,1.553930785111471,0.18045147066458103
9.818181818181818,1.055,1.1868763655109764,1.1149785179941094,1.2632023231536558,0.5077327825302135
9.97979797979798,1.055,0.999999995052312,1.0000000040579868,1.0000000018340747,0.9999999797100655
10.141414141414142,1.055,0.8831764102652103,0.8616566191312107,0.7909746513422953,1.8113349732827388
10.303030303030305,1.055,0.7749176151762158,0.7266702478393307,0.6082716434468621,2.8335809696546765
10.464646464646465,1.055,0.6669045761018002,0.5997599626855429,0.4491532856618038,4.002400733256521
10.626262626262626,1.055,0.561015527756222,0.48272345333914196,0.31241039247941027,5.25872664408793
10.787878787878789,1.055,0.4589918662057735,0.37598893471050704,0.20030954290063097,6.553741636470763
10.94949494949495,1.055,0.36270520655029503,0.28099997928041287,0.11239586637660097,7.826006539815227
11.11111111111111,1.055,0.301039298825178,0.2241943310785678,0.08127125087271948,8.6407435691736
11.272727272727273,1.055,0.25480413907933697,0.18407429173761536,0.0694752139485439,9.240470800083635
11.434343434343436,1.055,0.21107642254051748,0.1477602498861815,0.058520732569066994,9.800652448531991
11.595959595959597,1.055,0.1702723013218825,0.11513848784061739,0.04864879651635615,10.317931908928092
11.757575757575758,1.055,0.1327883551659705,0.08642280847228864,0.039630046016219736,10.78428148813643
11.91919191919192,1.055,0.09905123475558529,0.06162207501950476,0.03156633275909382,11.195346687969352
12.080808080808081,1.055,0.07013269006294705,0.041776904321862846,0.024759168266020624,11.529812360209387
12.242424242424244,1.055,0.0476895926303306,0.02747111758962199,0.018980389098089953,11.773972081566754
12.404040404040405,1.055,0.030665348437599046,0.01703038004824433,0.013982006058560037,11.953781060684394
12.565656565656566,1.055,0.018149317503118757,0.009646228237670201,0.009775535666651547,12.081772566585853
12.727272727272728,1.055,0.009389934490427434,0.0047055386384150175,0.006309078746345909,12.16779146191447
12.88888888888889,1.055,0.003773845983497924,0.0017053886784584708,0.0036110393111411024,12.220173875317878
13.050505050505052,1.055,0.0013898989789895124,0.0005320029608682431,0.0020631113357277462,12.240691717104495
13.212121212121213,1.055,0.001155706038763475,0.00043417279702681947,0.0016907999360141696,12.242403154214639
13.373737373737374,1.055,0.000938160760120867,0.00034516806293029143,0.0013590866645595868,12.243960303529915
13.535353535353536,1.055,0.0007387357796911108,0.00026569915987491587,0.0010616576557234494,12.24535070592746
13.696969696969697,1.055,0.0005592665621864542,0.00019571837711534717,0.0008030621429448531,12.246575167811
13.85858585858586,1.055,0.0004012731466638115,0.0001358512565416487,0.0005795572983833234,12.24762271835779
14.02020202020202,1.055,0.00027567154191341536,9.008022020988362e-05,0.0004011007004788046,12.24842364686161
14.181818181818183,1.055,0.00022587994422904612,7.581682006076104e-05,0.00030580514023460743,12.248673241575124
14.343434343434344,1.055,0.00018009956043345675,6.270393106883947e-05,0.0002229951985910884,12.248902705779937
14.505050505050505,1.055,0.00013875246053268744,5.066885157366345e-05,0.00015364681903762408,12.24911331114329
14.666666666666668,1.055,0.00010205483525258962,3.9844297516687685e-05,9.697946823831857e-05,12.249302734715755
14.828282828282829,1.055,7.047696820796356e-05,3.01796954606049e-05,5.336959216212986e-05,12.249471861022021
14.989898989898991,1.055,4.4209766860341385e-05,2.1785360994682656e-05,2.274353538923586e-05,12.249618759148852
15.151515151515152,1.055,3.518682210252317e-05,1.731225176352747e-05,1.7506807075160702e-05,12.249697037467348
15.313131313131315,1.055,2.7794596000804338e-05,1.3486432126502591e-05,1.3879059132559274e-05,12.249763988574559
15.474747474747476,1.055,2.1150358612245618e-05,1.0101103772135352e-05,1.1723929271569724e-05,12.249823231321686
15.636363636363637,1.055,1.5276883900400285e-05,7.18962487975563e-06,1.1723929279079544e-05,12.249874181887671
15.7979797979798,1.055,1.0317774087531923e-05,4.731272368313645e-06,1.1723929285420575e-05,12.249917202873457
15.95959595959596,1.055,6.259831561152739e-06,2.762599355182373e-06,1.1723929290498542e-05,12.249951654558979
16.121212121212125,1.055,4.581809664418415e-06,1.9770217010354963e-06,1.1723929292524852e-05,12.249965402144658
16.282828282828284,1.055,3.567335060104921e-06,1.5323920074475718e-06,1.172392929367173e-05,12.249973183154543
16.444444444444443,1.055,2.6839927523981567e-06,1.134841795035111e-06,1.1723929294697168e-05,12.249980140276636
16.60606060606061,1.055,1.952282067328975e-06,7.939154400869604e-07,1.172392929557655e-05,12.249986106483735
16.767676767676768,1.055,1.3176930399062752e-06,5.19341013921061e-07,1.1723929296284787e-05,12.249990911533938
16.92929292929293,1.055,1.3176930399700333e-06,2.994037825968563e-07,1.1723929296852065e-05,12.24999476043436
17.090909090909093,1.055,1.3176930400073718e-06,1.7060273439100867e-07,1.1723929297184275e-05,12.249997014452326
17.252525252525253,1.055,1.3176930400204362e-06,1.2553577181547987e-07,1.1723929297300515e-05,12.249997803124089
17.414141414141415,1.055,1.3176930400353993e-06,7.39205198084775e-08,1.1723929297433645e-05,12.249998706390937
17.575757575757578,1.055,1.3176930400353993e-06,7.39205198084775e-08,1.1723929297433645e-05,12.249998706390937
17.737373737373737,1.055,1.3176930400353993e-06,7.39205198084775e-08,1.1723929297433645e-05,12.249998706390937
17.8989898989899,1.055,1.3176930400353993e-06,7.39205198084775e-08,1.1723929297433645e-05,12.249998706390937
18.060606060606062,1.055,1.3176930400353993e-06,7.39205198084775e-08,1.1723929297433645e-05,12.249998706390937
18.22222222222222,1.055,1.3176930400353993e-06,7.39205198084775e-08,1.1723929297433645e-05,12.249998706390937
18.383838383838388,1.055,1.3176930400353993e-06,7.39205198084775e-08,1.1723929297433645e-05,12.249998706390937
18.545454545454547,1.055,1.3176930400353993e-06,7.39205198084775e-08,1.1723929297433645e-05,12.249998706390937
18.707070707070706,1.055,1.3176930400353993e-06,7.39205198084775e-08,1.1723929297433645e-05,12.249998706390937
18.868686868686872,1.055,1.3176930400353993e-06,7.39205198084775e-08,1.1723929297433645e-05,12.249998706390937
19.03030303030303,1.055,1.3176930400353993e-06,7.39205198084775e-08,1.1723929297433645e-05,12.249998706390937
19.191919191919194,1.055,1.3176930400353993e-06,7.39205198084775e-08,1.1723929297433645e-05,12.249998706390937
19.353535353535356,1.055,1.3176930400353993e-06,7.39205198084775e-08,1.1723929297433645e-05,12.249998706390937
19.515151515151516,1.055,1.3176930400353993e-06,7.39205198084775e-08,1.1723929297433645e-05,12.249998706390937
19.67676767676768,1.055,1.3176930400353993e-06,7.39205198084775e-08,1.1723929297433645e-05,12.249998706390937
19.83838383838384,1.055,1.3176930400353993e-06,7.39205198084775e-08,1.1723929297433645e-05,12.249998706390937
20.0,1.055,1.3176930400353993e-06,7.39205198084775e-08,1.1723929297433645e-05,12.249998706390937
4.0,1.15,0.46142139074598193,1.9865891857271085,15.847119616177835,2.1505429550749517
4.161616161616162,1.15,0.678583666663749,2.686740609834163,15.838609647377362,10.348133731227461
4.3232323232323235,1.15,0.9941591986042294,3.7079995593660713,15.826340558923853,33.29288728771237
4.484848484848484,1.15,1.4455371910961574,5.201003991529836,15.808506129403089,90.2976958976609
4.646464646464646,1.15,2.0863887587569456,7.41049979784976,15.782157746623646,225.78817387470008
4.808080808080808,1.15,3.019305765285611,10.829403602774537,15.741513767060034,555.7103269001088
4.96969696969697,1.15,4.400733796434808,16.287614293699324,15.67663416083917,1385.2566209872525
5.1313131313131315,1.15,5.998628625731692,21.689726232334955,15.597182589343198,2572.956191144383
5.292929292929293,1.15,7.81127263104468,27.937681225241516,15.490761891328697,4401.55328007835
5.454545454545455,1.15,9.85867112263465,36.04720989402843,15.338442184759531,7502.682209005382
5.616161616161616,1.15,12.108909556051225,46.990980126354266,15.112483575841164,12990.859180510184
5.777777777777778,1.15,14.378194149259507,61.89846450218117,14.770570955960846,22875.401294510473
5.9393939393939394,1.15,16.463588586620308,83.20188701717332,14.228971343842247,41822.179497314915
6.101010101010101,1.15,18.443408479462974,82.77557571932262,13.810657229350616,41387.40202282004
6.262626262626263,1.15,20.381866471251193,65.4119436178739,13.556001344807653,25609.555785861667
6.424242424242424,1.15,22.01766846877701,48.590793760174,13.240515090062692,13918.568848220484
6.5858585858585865,1.15,23.099952615446973,32.72546922620508,12.86060480984274,6133.031389012008
6.747474747474747,1.15,23.52358097806965,18.81889635458874,12.39434876736282,1896.362188824406
6.909090909090909,1.15,23.058707966327415,7.8568461365812885,11.831432470678173,260.5678876967794
7.070707070707071,1.15,22.68927759382209,3.4228965192143317,11.329531705890574,25.57568954655912
7.232323232323233,1.15,23.38313103683042,3.2747892047474187,10.989561465084284,21.96771601398412
7.3939393939393945,1.15,23.80310556367284,3.1086605254510027,10.631580867287282,18.2470049452156
7.555555555555555,1.15,23.888116931570487,2.9204414718587492,10.262038323416276,14.448389183425
7.717171717171718,1.15,23.68784015739239,2.721698016451152,9.8664509330622,10.918035291818185
7.878787878787879,1.15,23.119589602159195,2.5043463952861913,9.458659086272958,7.622381004885029
8.040404040404042,1.15,21.42634377763354,2.3182879001451187,8.93481393734592,5.270329172205822
8.202020202020202,1.15,17.308535707642644,2.2425412135808362,8.083224250151074,4.436723103639178
8.363636363636363,1.15,13.430917763347814,2.155299579689555,7.154057110375029,3.565484094245115
8.525252525252526,1.15,9.877374317249318,2.0600681714345366,6.138834069382826,2.7230624433808304
8.686868686868687,1.15,6.700477063581857,1.948746926813401,5.069901344927279,1.8820199355447012
8.848484848484848,1.15,4.015088551170061,1.823521933457597,3.963773504795044,1.1210676757478828
9.01010101010101,1.15,2.0325749101514967,1.683080349422677,2.9180068227766296,0.5008405264329057
9.171717171717173,1.15,1.8858374158041726,1.572121441869646,2.552914232378588,0.18516119219553742
9.333333333333334,1.15,1.7255147574534497,1.4599544515883134,2.199451920214657,0.0224658516578464
9.494949494949495,1.15,1.5534388135207187,1.3459468951233913,1.8647305349309193,0.018260863417510327
9.656565656565657,1.15,1.372445575499829,1.230081677759555,1.5539307831885574,0.18045147645629817
9.818181818181818,1.15,1.1868763634468027,1.1149785202939237,1.2632023210203158,0.5077327743365074
9.97979797979798,1.15,0.9999999911192874,1.0000000055167724,1.0000000046220316,0.9999999724161379
10.141414141414142,1.15,0.8831764135598444,0.8616566161693457,0.7909746498168695,1.811334993213994
10.303030303030305,1.15,0.7749176061007459,0.7266702465752063,0.608271662211526,2.8335809802943333
10.464646464646465,1.15,0.6669045770056826,0.599759954817587,0.44915329757836536,4.002400811959688
10.626262626262626,1.15,0.5610155281128365,0.48272346295070123,0.31241037523826687,5.258726533882207
10.787878787878789,1.15,0.45899187494847854,0.3759889391318909,0.20030952501331856,6.553741579876436
10.94949494949495,1.15,0.36270524472897975,0.2809999668538187,0.11239585037760808,7.826006713632214
11.11111111111111,1.15,0.30103929325826695,0.22419434051716308,0.08127124342040085,8.640743430449179
11.272727272727273,1.15,0.2548041987175764,0.18407425396155855,0.06947520966572895,9.240471374244626
11.434343434343436,1.15,0.21107633019507702,0.1477603262351799,0.058520713053037826,9.80065125344139
11.595959595959597,1.15,0.17027222761336813,0.11513853058373742,0.04864879687104441,10.317931222440734
11.757575757575758,1.15,0.132788321057059,0.08642284240358157,0.039630035197662054,10.784280930994285
11.91919191919192,1.15,0.09905134140522029,0.06162200853827061,0.031566340813040626,11.195347800182079
12.080808080808081,1.15,0.07013269246572393,0.041776913159626373,0.02475915931085924,11.529812210163703
12.242424242424244,1.15,0.047689606028254436,0.027471121270350618,0.018980377186681316,11.773972018417926
12.404040404040405,1.15,0.030665496928648436,0.0170303189134668,0.013981946078039587,11.953782117528668
12.565656565656566,1.15,0.018149302340807215,0.009646236220922751,0.009775541785060304,12.081772427841535
12.727272727272728,1.15,0.009389971047889734,0.004705524343251674,0.006309068252164997,12.167791711238998
12.88888888888889,1.15,0.0037738223740767267,0.0017054030691662214,0.0036110164330247,12.220173623787268
13.050505050505052,1.15,0.001389910321219062,0.0005320020418493991,0.00206307402609772,12.240691733181214
13.212121212121213,1.15,0.0011556943363134498,0.0004341750757494685,0.001690831547352299,12.242403114349358
13.373737373737374,1.15,0.0009381926861051589,0.0003451606154629515,0.001359034405035234,12.243960433828462
13.535353535353536,1.15,0.0007387406899033279,0.0002656949755879678,0.0010616885386080504,12.245350779138583
13.696969696969697,1.15,0.0005592649307926088,0.00019571894692567635,0.0008030525298235188,12.246575157840711
13.85858585858586,1.15,0.0004012798960298635,0.00013585788536086513,0.0005794391855518107,12.24762260236471
14.02020202020202,1.15,0.00027566516618177534,9.007906958023445e-05,0.0004011356808426368,12.248423666996336
14.181818181818183,1.15,0.00022587801808785887,7.581748608136682e-05,0.000305797340227762,12.248673229920394
14.343434343434344,1.15,0.00018013433718541818,6.268477892659549e-05,0.0002230451919615687,12.248903040927415
14.505050505050505,1.15,0.00013877961576407778,5.065481085448347e-05,0.00015367511895787185,12.24911355684698
14.666666666666668,1.15,0.0001021355540710288,3.9811782872114794e-05,9.697035022742133e-05,12.249303303705847
14.828282828282829,1.15,7.045237986026722e-05,3.019455534579656e-05,5.336118544047425e-05,12.249471600979641
14.989898989898991,1.15,4.421080408645559e-05,2.1783606120790875e-05,2.2741953922691778e-05,12.249618789858669
15.151515151515152,1.15,3.51659459338028e-05,1.7326840517912113e-05,1.7491492570110082e-05,12.249696782167305
15.313131313131315,1.15,2.775007055909025e-05,1.3496268066697816e-05,1.3914705509089162e-05,12.249763816447263
15.474747474747476,1.15,2.1119606604521197e-05,1.0105261607628583e-05,1.1723929271559002e-05,12.249823158560089
15.636363636363637,1.15,1.529025414190635e-05,7.187260456662102e-06,1.172392927908564e-05,12.249874223264863
15.7979797979798,1.15,1.0347562054161774e-05,4.709401111640292e-06,1.1723929285476985e-05,12.249917585619157
15.95959595959596,1.15,6.283983944095942e-06,2.753198656410572e-06,1.1723929290522786e-05,12.249951819070885
16.121212121212125,1.15,4.601658004385715e-06,1.971448302378867e-06,1.1723929292539226e-05,12.249965499678996
16.282828282828284,1.15,3.600750251374092e-06,1.534230146095136e-06,1.1723929293666986e-05,12.249973150987154
16.444444444444443,1.15,2.7133998096768837e-06,1.1386332959850108e-06,1.1723929294687388e-05,12.249980073925418
16.60606060606061,1.15,1.9536152485690393e-06,7.909769494142449e-07,1.172392929558413e-05,12.24998615790729
16.767676767676768,1.15,1.3176930399066486e-06,5.180529166610173e-07,1.1723929296288109e-05,12.249990934075637
16.92929292929293,1.15,1.3176930399740453e-06,2.855644093989823e-07,1.172392929688776e-05,12.249995002623342
17.090909090909093,1.15,1.3176930400043076e-06,1.811728247578768e-07,1.1723929297157012e-05,12.249996829475771
17.252525252525253,1.15,1.3176930400238315e-06,1.1382405804491829e-07,1.1723929297330724e-05,12.249998008079064
17.414141414141415,1.15,1.3176930400332675e-06,8.127397498518508e-08,1.1723929297414678e-05,12.249998577705476
17.575757575757578,1.15,1.3176930400353993e-06,7.39205198084775e-08,1.1723929297433645e-05,12.249998706390937
17.737373737373737,1.15,1.3176930400353993e-06,7.39205198084775e-08,1.1723929297433645e-05,12.249998706390937
17.8989898989899,1.15,1.3176930400353993e-06,7.39205198084775e-08,1.1723929297433645e-05,12.249998706390937
18.060606060606062,1.15,1.3176930400353993e-06,7.39205198084775e-08,1.1723929297433645e-05,12.249998706390937
18.22222222222222,1.15,1.3176930400353993e-06,7.39205198084775e-08,1.1723929297433645e-05,12.249998706390937
18.383838383838388,1.15,1.3176930400353993e-06,7.39205198084775e-08,1.1723929297433645e-05,12.249998706390937
18.545454545454547,1.15,1.3176930400353993e-06,7.39205198084775e-08,1.1723929297433645e-05,12.249998706390937
18.707070707070706,1.15,1.3176930400353993e-06,7.39205198084775e-08,1.1723929297433645e-05,12.249998706390937
18.868686868686872,1.15,1.3176930400353993e-06,7.39205198084775e-08,1.1723929297433645e-05,12.249998706390937
19.03030303030303,1.15,1.3176930400353993e-06,7.39205198084775e-08,1.1723929297433645e-05,12.249998706390937
19.191919191919194,1.15,1.3176930400353993e-06,7.39205198084775e-08,1.1723929297433645e-05,12.249998706390937
19.353535353535356,1.15,1.3176930400353993e-06,7.39205198084775e-08,1.1723929297433645e-05,12.249998706390937
19.515151515151516,1.15,1.3176930400353993e-06,7.39205198084775e-08,1.1723929297433645e-05,12.249998706390937
19.67676767676768,1.15,1.3176930400353993e-06,7.39205198084775e-08,1.1723929297433645e-05,12.249998706390937
19.83838383838384,1.15,1.3176930400353993e-06,7.39205198084775e-08,1.1723929297433645e-05,12.249998706390937
20.0,1.15,1.3176930400353993e-06,7.39205198084775e-08,1.1723929297433645e-05,12.249998706390937
4.0,1.2449999999999999,0.4679618031539952,2.0010646010473905,15.846978227592908,2.2579915914516175
4.161616161616162,1.2449999999999999,0.6843774825571456,2.6980290877040414,15.838497063248967,10.530496953286162
4.3232323232323235,1.2449999999999999,0.9992304111009284,3.716902138798974,15.826249671578573,33.55022200482037
4.484848484848484,1.2449999999999999,1.4499197991895243,5.208103667453321,15.808431754068819,90.63533463794649
4.646464646464646,1.2449999999999999,2.090136735649392,7.416237024403582,15.782095930352131,226.21942458627785
4.808080808080808,1.2449999999999999,3.0225139937638965,10.834154206378374,15.741461043148739,556.2704099357923
4.96969696969697,1.2449999999999999,4.403497482116713,16.291661485856675,15.676587824221803,1386.0098863084186
5.1313131313131315,1.2449999999999999,6.0008557362477,21.69278226899374,15.59714427436506,2573.7313263549167
5.292929292929293,1.2449999999999999,7.812988189609192,27.939914908967765,15.49073056789458,4402.294271095308
5.454545454545455,1.2449999999999999,9.859952788468705,36.04884466301474,15.338416313857056,7503.390228010781
5.616161616161616,1.2449999999999999,12.109841663716388,46.99218567919778,15.112461844466068,12991.546218790294
5.777777777777778,1.2449999999999999,14.378849145602002,61.8993566971909,14.770552427093518,22876.07600483711
5.9393939393939394,1.2449999999999999,16.464031266704,83.20255000487694,14.228955251569,41822.85742062744
6.101010101010101,1.2449999999999999,18.443702769826263,82.77594344023402,13.810645284428523,41387.77606742602
6.262626262626263,1.2449999999999999,20.38206078188697,65.41210799118274,13.555993262770663,25609.687309217745
6.424242424242424,1.2449999999999999,22.01779402480599,48.59086239070765,13.24050956914403,13918.60933236691
6.5858585858585865,1.2449999999999999,23.100029322652244,32.725494268001945,12.860601128897114,6133.041194591391
6.747474747474747,1.2449999999999999,23.5236276569621,18.818904237780636,12.394346242149327,1896.3639052810765
6.909090909090909,1.2449999999999999,23.058735327405348,7.85684789974538,11.831430741072234,260.5680300027895
7.070707070707071,1.2449999999999999,22.689293776020744,3.4228969301477203,11.329530555500856,25.575699937506695
7.232323232323233,1.2449999999999999,23.38314114454578,3.274789419373563,10.989560722729287,21.96772104371914
7.3939393939393945,1.2449999999999999,23.803111815117493,3.108660635024966,10.631580388890438,18.2470072855245
7.555555555555555,1.2449999999999999,23.888120753612057,2.9204415263020733,10.262038015687684,14.448390218148614
7.717171717171718,1.2449999999999999,23.68784247231569,2.721698042310455,9.86645073534176,10.91803571904556
7.878787878787879,1.2449999999999999,23.119590985495613,2.5043464067467234,9.45865895969178,7.6223811630899965
8.040404040404042,1.2449999999999999,21.426344558138204,2.3182879048098113,8.934813856216538,5.270329225749958
8.202020202020202,1.2449999999999999,17.308536085973966,2.242541214666226,8.083224198473715,4.4367231150702455
8.363636363636363,1.2449999999999999,13.430917940749891,2.1552995786732416,7.154057078786458,3.565484084649853
8.525252525252526,1.2449999999999999,9.877374397119633,2.060068169930038,6.138834050079803,2.723062430967434
8.686868686868687,1.2449999999999999,6.700477097103653,1.9487469250842888,5.069901334116828,1.8820199236841384
8.848484848484848,1.2449999999999999,4.015088560404843,1.823521933383685,3.9637734982970545,1.121067675356591
9.01010101010101,1.2449999999999999,2.0325749155025195,1.6830803474637739,2.9180068198825677,0.5008405195013188
9.171717171717173,1.2449999999999999,1.885837418778171,1.5721214409251407,2.552914230436138,0.18516119016341712
9.333333333333334,1.2449999999999999,1.7255147623499556,1.4599544503555997,2.1994519161798753,0.022465850734012978
9.494949494949495,1.2449999999999999,1.553438809720535,1.3459468972574622,1.8647305364478817,0.018260861975595864
9.656565656565657,1.2449999999999999,1.3724455741421593,1.2300816823115024,1.553930775744076,0.18045146678805732
9.818181818181818,1.2449999999999999,1.1868763620765854,1.1149785225987487,1.263202319615857,0.5077327661249496
9.97979797979798,1.2449999999999999,0.9999999915211251,1.0000000056935683,1.0000000049661026,0.9999999715321584
10.141414141414142,1.2449999999999999,0.8831763966387027,0.8616566260360208,0.7909746598855165,1.8113349268182544
10.303030303030305,1.2449999999999999,0.7749176040590063,0.7266702508010235,0.6082716568503905,2.833580944727227
10.464646464646465,1.2449999999999999,0.6669045844554851,0.5997599541612866,0.44915328427913365,4.002400818524662
10.626262626262626,1.2449999999999999,0.5610155510079561,0.4827234448165753,0.31241037320953124,5.258726741807312
10.787878787878789,1.2449999999999999,0.45899187494158883,0.3759889368041354,0.20030953334293913,6.55374160967203
10.94949494949495,1.2449999999999999,0.3627052140851314,0.28099997388474424,0.11239586575076942,7.8260066152871435
11.11111111111111,1.2449999999999999,0.3010392906147776,0.2241943500597998,0.0812712376652601,8.640743290195601
11.272727272727273,1.2449999999999999,0.2548041750822669,0.18407425897713148,0.06947522001148214,9.240471298012572
11.434343434343436,1.2449999999999999,0.21107637825683107,0.14776028318551368,0.0585207251826512,9.800651927297656
11.595959595959597,1.2449999999999999,0.17027231484954594,0.1151384474961337,0.048648832669164865,10.317932556891533
11.757575757575758,1.2449999999999999,0.13278836262873833,0.0864228021275635,0.039630047063117894,10.784281592315011
11.91919191919192,1.2449999999999999,0.09905122227105329,0.06162207383969234,0.031566349243704155,11.195346707707282
12.080808080808081,1.2449999999999999,0.07013264899119297,0.04177690749764801,0.0247592126365698,11.529812306291577
12.242424242424244,1.2449999999999999,0.04768969272878507,0.027471057994798608,0.01898039708114488,11.773973104011983
12.404040404040405,1.2449999999999999,0.030665416783836576,0.017030359161774013,0.013981969095188713,11.953781421751321
12.565656565656566,1.2449999999999999,0.01814935169255471,0.009646196482165604,0.009775580471857075,12.081773118478175
12.727272727272728,1.2449999999999999,0.009389999200545425,0.004705510813618222,0.006309057460864668,12.167791947211784
12.88888888888889,1.2449999999999999,0.0037738289321014324,0.0017053984252636345,0.0036110224647386935,12.220173704956562
13.050505050505052,1.2449999999999999,0.001389912701966523,0.0005319996665559515,0.0020630860710590033,12.240691774733047
13.212121212121213,1.2449999999999999,0.001155689747321872,0.00043417900818964843,0.0016908088316087287,12.242403045552997
13.373737373737374,1.2449999999999999,0.0009381850829256865,0.00034515991863250426,0.0013590778907220267,12.243960446019987
13.535353535353536,1.2449999999999999,0.0007387516038125156,0.00026569385870817955,0.0010616513791380541,12.24535079868027
13.696969696969697,1.2449999999999999,0.0005592564485808039,0.00019571694515466248,0.0008031127389636535,12.246575192866805
13.85858585858586,1.2449999999999999,0.0004012681413117375,0.00013585898520312238,0.0005794819540610461,12.247622583119341
14.02020202020202,1.2449999999999999,0.0002756386852382103,9.008919315357484e-05,0.00040113465097010376,12.2484234898452
14.181818181818183,1.2449999999999999,0.00022587812057442235,7.58186327390228e-05,0.0003057930790013967,12.24867320985497
14.343434343434344,1.2449999999999999,0.00018014623014309464,6.268748166376386e-05,0.00022297779045235433,12.248902993631633
14.505050505050505,1.2449999999999999,0.00013878141382630657,5.066375260812089e-05,0.00015358996116952048,12.249113400371954
14.666666666666668,1.2449999999999999,0.00010212220444476631,3.981760904706297e-05,9.69667247035027e-05,12.249303201750685
14.828282828282829,1.2449999999999999,7.04734885230104e-05,3.0191269279185284e-05,5.332665911696205e-05,12.249471658484564
14.989898989898991,1.2449999999999999,4.4242027203048734e-05,2.176270335666332e-05,2.275622255343553e-05,12.249619155651349
15.151515151515152,1.2449999999999999,3.521630745146017e-05,1.7293854192264246e-05,1.750993234885021e-05,12.249697359420866
15.313131313131315,1.2449999999999999,2.777797436536509e-05,1.349232002536094e-05,1.3889373441109286e-05,12.249763885537318
15.474747474747476,1.2449999999999999,2.110594379806116e-05,1.011471963206562e-05,1.172392927153461e-05,12.249822993045859
15.636363636363637,1.2449999999999999,1.533951800355693e-05,7.159084600760586e-06,1.1723929279158311e-05,12.249874716339813
15.7979797979798,1.2449999999999999,1.0337321298378614e-05,4.7151476228238794e-06,1.1723929285462164e-05,12.249917485055553
15.95959595959596,1.2449999999999999,6.265799594703433e-06,2.762151279770121e-06,1.1723929290499696e-05,12.249951662400289
16.121212121212125,1.2449999999999999,4.571833563513073e-06,1.9821585074242405e-06,1.1723929292511604e-05,12.249965312250675
16.282828282828284,1.2449999999999999,3.6096743524219267e-06,1.5290572132261508e-06,1.1723929293680328e-05,12.249973241513377
16.444444444444443,1.2449999999999999,2.7060292586214825e-06,1.1297523394414098e-06,1.1723929294710293e-05,12.249980229342032
16.60606060606061,1.2449999999999999,1.9458994673783965e-06,7.848994717992728e-07,1.1723929295599805e-05,12.249986264263091
16.767676767676768,1.2449999999999999,1.3176930399086185e-06,5.112576992147821e-07,1.1723929296305636e-05,12.249991052991893
16.92929292929293,1.2449999999999999,1.3176930399705972e-06,2.9745808006440896e-07,1.1723929296857081e-05,12.249994794484147
17.090909090909093,1.2449999999999999,1.3176930400045073e-06,1.8048377749601583e-07,1.172392929715879e-05,12.249996841534095
17.252525252525253,1.2449999999999999,1.3176930400235959e-06,1.1463713074581336e-07,1.1723929297328626e-05,12.249997993850291
17.414141414141415,1.2449999999999999,1.3176930400353993e-06,7.39205198084775e-08,1.1723929297433645e-05,12.249998706390937
17.575757575757578,1.2449999999999999,1.3176930400353993e-06,7.39205198084775e-08,1.1723929297433645e-05,12.249998706390937
17.737373737373737,1.2449999999999999,1.3176930400353993e-06,7.39205198084775e-08,1.1723929297433645e-05,12.249998706390937
17.8989898989899,1.2449999999999999,1.3176930400353993e-06,7.39205198084775e-08,1.1723929297433645e-05,12.249998706390937
18.060606060606062,1.2449999999999999,1.3176930400353993e-06,7.39205198084775e-08,1.1723929297433645e-05,12.249998706390937
18.22222222222222,1.2449999999999999,1.3176930400353993e-06,7.39205198084775e-08,1.1723929297433645e-05,12.249998706390937
18.383838383838388,1.2449999999999999,1.3176930400353993e-06,7.39205198084775e-08,1.1723929297433645e-05,12.249998706390937
18.545454545454547,1.2449999999999999,1.3176930400353993e-06,7.39205198084775e-08,1.1723929297433645e-05,12.249998706390937
18.707070707070706,1.2449999999999999,1.3176930400353993e-06,7.39205198084775e-08,1.1723929297433645e-05,12.249998706390937
18.868686868686872,1.2449999999999999,1.3176930400353993e-06,7.39205198084775e-08,1.1723929297433645e-05,12.249998706390937
19.03030303030303,1.2449999999999999,1.3176930400353993e-06,7.39205198084775e-08,1.1723929297433645e-05,12.249998706390937
19.191919191919194,1.2449999999999999,1.3176930400353993e-06,7.39205198084775e-08,1.1723929297433645e-05,12.249998706390937
19.353535353535356,1.2449999999999999,1.3176930400353993e-06,7.39205198084775e-08,1.1723929297433645e-05,12.249998706390937
19.515151515151516,1.2449999999999999,1.3176930400353993e-06,7.39205198084775e-08,1.1723929297433645e-05,12.249998706390937
19.67676767676768,1.2449999999999999,1.3176930400353993e-06,7.39205198084775e-08,1.1723929297433645e-05,12.249998706390937
19.83838383838384,1.2449999999999999,1.3176930400353993e-06,7.39205198084775e-08,1.1723929297433645e-05,12.249998706390937
20.0,1.2449999999999999,1.3176930400353993e-06,7.39205198084775e-08,1.1723929297433645e-05,12.249998706390937
4.0,1.34,0.47457612565967205,2.0155858743171753,15.84683633246657,2.368412304117758
4.161616161616162,1.34,0.690210731758828,2.7093368323242504,15.838384250174444,10.71476837800564
4.3232323232323235,1.34,1.004322156899401,3.725812564193121,15.826158680776995,33.80877552349112
4.484848484848484,1.34,1.454312876629968,5.215206436374539,15.808357331663025,90.9737509509607
4.646464646464646,1.34,2.0938899647277287,7.421975420002895,15.782034092409917,226.65117474449409
4.808080808080808,1.34,3.0257248487051265,10.838905224530095,15.741408309039898,556.8308239853843
4.96969696969697,1.34,4.406262485211275,16.295708803501967,15.67654148269619,1386.7633797420374
5.1313131313131315,1.34,6.003083463656519,21.695838323295657,15.597105957132602,2574.506582783479
5.292929292929293,1.34,7.814704023719629,27.942148582731665,15.49069924343725,4403.035321173778
5.454545454545455,1.34,9.861234573337848,36.050479419282944,15.338390442492537,7504.098274913442
5.616161616161616,1.34,12.110773821231327,46.99339122223075,15.11244011288585,12992.233269646173
5.777777777777778,1.34,14.379504161971594,61.90024888556947,14.770533898140643,22876.75072009906
5.9393939393939394,1.34,16.464473954396766,83.2032129883113,14.228939159265993,41823.53534506887
6.101010101010101,1.34,18.443997063084776,82.77631115931159,13.810633339496722,41388.15011185686
6.262626262626263,1.34,20.3822550936518,65.41227236393159,13.555985180729076,25609.818832463494
6.424242424242424,1.34,22.01791958116205,48.5909310210697,13.240504048226779,13918.649816470992
6.5858585858585865,1.34,23.100106030006494,32.7255193096874,12.860597447954017,6133.0510001349885
6.747474747474747,1.34,23.523674336195,18.818912121034124,12.394343716917387,1896.365621751935
6.909090909090909,1.34,23.058762688869127,7.856849662844163,11.8314290114652,260.56817230356745
7.070707070707071,1.34,22.689309958179457,3.4228973410840733,11.32952940511302,25.575710328531336
7.232323232323233,1.34,23.38315125278115,3.2747896339794447,10.989559980358067,21.96772607297988
7.3939393939393945,1.34,23.80311806764792,3.1086607447165946,10.631579910329128,18.247009628346675
7.555555555555555,1.34,23.888124577336207,2.9204415806915125,10.262037707886858,14.44839125184816
7.717171717171718,1.34,23.687844787588705,2.721698068285383,9.866450537469794,10.918036148183209
7.878787878787879,1.34,23.119592365650213,2.5043464186644013,9.458658832869375,7.6223813276055585
8.040404040404042,1.34,21.426345339923753,2.318287909149945,8.9348137753442,5.27032927556861
8.202020202020202,1.34,17.308536471746336,2.2425412152054887,8.083224146569918,4.436723120749636
8.363636363636363,1.34,13.430918125221325,2.155299578098099,7.154057045118985,3.565484079219791
8.525252525252526,1.34,9.87737447603592,2.0600681682408104,6.138834031416053,2.723062417029868
8.686868686868687,1.34,6.700477132203559,1.948746923541586,5.069901322198547,1.8820199131022202
8.848484848484848,1.34,4.015088575006343,1.8235219320592022,3.9637734906368407,1.1210676683447474
9.01010101010101,1.34,2.032574920113597,1.6830803467891036,2.918006814681814,0.5008405171139949
9.171717171717173,1.34,1.885837418673625,1.5721214392015166,2.5529142340128788,0.18516118645500876
9.333333333333334,1.34,1.7255147648073335,1.4599544495190973,2.199451913561321,0.022465850107112446
9.494949494949495,1.34,1.5534388141578366,1.345946895706134,1.8647305330630741,0.018260863023772146
9.656565656565657,1.34,1.3724455682280803,1.2300816847696507,1.5539307809829903,0.18045146156700195
9.818181818181818,1.34,1.1868763605484995,1.11497852424595,1.263202318035739,0.5077327602563528
9.97979797979798,1.34,0.9999999883595461,1.0000000067929864,1.0000000071001371,0.9999999660350679
10.141414141414142,1.34,0.8831764009731384,0.8616566235323142,0.790974658455131,1.8113349436664274
10.303030303030305,1.34,0.7749176022432895,0.7266702543681318,0.6082716521995898,2.833580914704226
10.464646464646465,1.34,0.6669045855366179,0.5997599488205431,0.44915329520861813,4.002400871948122
10.626262626262626,1.34,0.5610155423687416,0.48272344739099515,0.31241038216692035,5.258726712289125
10.787878787878789,1.34,0.4589918400215222,0.37598896322911873,0.20030953080505193,6.553741271428594
10.94949494949495,1.34,0.36270524631661316,0.28099996360295176,0.1123958520647761,7.82600675910372
11.11111111111111,1.34,0.3010392647740369,0.22419435060481324,0.08127125212738749,8.640743282185229
11.272727272727273,1.34,0.2548042239438639,0.18407422904753387,0.06947521596934543,9.24047175291468
11.434343434343436,1.34,0.21107642238909705,0.14776024825966697,0.058520736392323344,9.800652473991816
11.595959595959597,1.34,0.17027225371449803,0.1151384891224904,0.048648831290859444,10.317931888340228
11.757575757575758,1.34,0.13278833321556677,0.08642283195034678,0.039630037820254364,10.784281102633415
11.91919191919192,1.34,0.09905123644851757,0.06162207829741778,0.03156633005442292,11.19534663313077
12.080808080808081,1.34,0.07013267346332318,0.04177692647193195,0.0247591463695039,11.529811984150198
12.242424242424244,1.34,0.04768957801639203,0.027471110488804025,0.01898041746033207,11.773972203392725
12.404040404040405,1.34,0.03066534433459983,0.017030391665999078,0.013981987176126236,11.953780859846871
12.565656565656566,1.34,0.018149354557578115,0.009646215311817603,0.009775519029448456,12.081772791229703
12.727272727272728,1.34,0.009389960499645085,0.004705524533511626,0.006309082163202928,12.16779170792064
12.88888888888889,1.34,0.0037738343964305414,0.0017053943657670935,0.0036110274844496494,12.220173775911217
13.050505050505052,1.34,0.0013898978758289941,0.0005320031149912212,0.002063116861028931,12.240691714408369
13.212121212121213,1.34,0.001155699971649575,0.00043417379706770187,0.001690810057023977,12.24240313671935
13.373737373737374,1.34,0.0009381774325557958,0.000345158906629786,0.0013591135813535282,12.243960463725667
13.535353535353536,1.34,0.0007387250399653489,0.0002656986022649909,0.0010617101298820509,12.245350715683783
13.696969696969697,1.34,0.0005592571433284803,0.00019571801788362904,0.0008031028804360487,12.246575174096677
13.85858585858586,1.34,0.00040128884541829263,0.00013585127138847705,0.0005794817309514316,12.247622718097997
14.02020202020202,1.34,0.0002756734409794888,9.008207308883248e-05,0.00040106439230874416,12.248423614438316
14.181818181818183,1.34,0.0002259006982333138,7.580725718678072e-05,0.00030581986804998333,12.248673408916357
14.343434343434344,1.34,0.00018014585949519655,6.268612048612322e-05,0.0002229886135768088,12.248903017451173
14.505050505050505,1.34,0.00013875895252435364,5.06643025890443e-05,0.00015365538651692436,12.249113390747636
14.666666666666668,1.34,0.00010211262834393858,3.982334207131117e-05,9.696539804098542e-05,12.249303101425616
14.828282828282829,1.34,7.048018598526621e-05,3.018355784315839e-05,5.3343351060709766e-05,12.249471793431786
14.989898989898991,1.34,4.420388950736157e-05,2.1778386702256568e-05,2.2770249908772876e-05,12.24961888119707
15.151515151515152,1.34,3.5196295461094426e-05,1.730767053103752e-05,1.7496565436542108e-05,12.249697117637927
15.313131313131315,1.34,2.7788805068397844e-05,1.3482567557373322e-05,1.390091606869431e-05,12.249764056203865
15.474747474747476,1.34,2.1177142014150816e-05,1.0078431143026205e-05,1.1723929271628202e-05,12.249823628089837
15.636363636363637,1.34,1.5332878567038756e-05,7.152850422761049e-06,1.1723929279174391e-05,12.249874825437367
15.7979797979798,1.34,1.0328544403466307e-05,4.720078742796316e-06,1.1723929285449445e-05,12.249917398761243
15.95959595959596,1.34,6.28635766033039e-06,2.7542386514846387e-06,1.1723929290520104e-05,12.249951800871006
16.121212121212125,1.34,4.589556893595495e-06,1.976998046088324e-06,1.1723929292524913e-05,12.249965402558617
16.282828282828284,1.34,3.60955727263723e-06,1.5213058991087864e-06,1.172392929370032e-05,12.24997337716123
16.444444444444443,1.34,2.679590378872314e-06,1.149383973055175e-06,1.1723929294659661e-05,12.249979885788726
16.60606060606061,1.34,1.9167413560005572e-06,8.052608664507999e-07,1.1723929295547289e-05,12.249985907938889
16.767676767676768,1.34,1.31769303990738e-06,5.155297314266839e-07,1.1723929296294618e-05,12.249990978231361
16.92929292929293,1.34,1.3176930399708928e-06,2.9643881891464764e-07,1.172392929685971e-05,12.249994812321217
17.090909090909093,1.34,1.3176930400046827e-06,1.798790538387655e-07,1.172392929716035e-05,12.249996852116757
17.252525252525253,1.34,1.3176930400235959e-06,1.1463713074581336e-07,1.1723929297328626e-05,12.249997993850291
17.414141414141415,1.34,1.317693040033572e-06,8.022366466625823e-08,1.1723929297417389e-05,12.249998596085907
17.575757575757578,1.34,1.3176930400353993e-06,7.39205198084775e-08,1.1723929297433645e-05,12.249998706390937
17.737373737373737,1.34,1.3176930400353993e-06,7.39205198084775e-08,1.1723929297433645e-05,12.249998706390937
17.8989898989899,1.34,1.3176930400353993e-06,7.39205198084775e-08,1.1723929297433645e-05,12.249998706390937
18.060606060606062,1.34,1.3176930400353993e-06,7.39205198084775e-08,1.1723929297433645e-05,12.249998706390937
18.22222222222222,1.34,1.3176930400353993e-06,7.39205198084775e-08,1.1723929297433645e-05,12.249998706390937
18.383838383838388,1.34,1.3176930400353993e-06,7.39205198084775e-08,1.1723929297433645e-05,12.249998706390937
18.545454545454547,1.34,1.3176930400353993e-06,7.39205198084775e-08,1.1723929297433645e-05,12.249998706390937
18.707070707070706,1.34,1.3176930400353993e-06,7.39205198084775e-08,1.1723929297433645e-05,12.249998706390937
18.868686868686872,1.34,1.3176930400353993e-06,7.39205198084775e-08,1.1723929297433645e-05,12.249998706390937
19.03030303030303,1.34,1.3176930400353993e-06,7.39205198084775e-08,1.1723929297433645e-05,12.249998706390937
19.191919191919194,1.34,1.3176930400353993e-06,7.39205198084775e-08,1.1723929297433645e-05,12.249998706390937
19.353535353535356,1.34,1.3176930400353993e-06,7.39205198084775e-08,1.1723929297433645e-05,12.249998706390937
19.515151515151516,1.34,1.3176930400353993e-06,7.39205198084775e-08,1.1723929297433645e-05,12.249998706390937
19.67676767676768,1.34,1.3176930400353993e-06,7.39205198084775e-08,1.1723929297433645e-05,12.249998706390937
19.83838383838384,1.34,1.3176930400353993e-06,7.39205198084775e-08,1.1723929297433645e-05,12.249998706390937
20.0,1.34,1.3176930400353993e-06,7.39205198084775e-08,1.1723929297433645e-05,12.249998706390937
4.0,1.435,0.48126488161453124,2.0301525011475725,15.846693934969831,2.481826091890884
4.161616161616162,1.435,0.6960835813010763,2.720663693416409,15.838271209331756,10.900953694426688
4.3232323232323235,1.435,1.0094344866554048,3.734730790434521,15.8260675868605,34.06854914876876
4.484848484848484,1.435,1.458716438143117,5.222312284702062,15.8082828622868,91.31294501115188
4.646464646464646,1.435,2.0976484501235597,7.4277149805303795,15.781972232827611,227.08342429068975
4.808080808080808,1.435,3.028938331241592,10.843656655959663,15.741355564743083,557.3915689728201
4.96969696969697,1.435,4.409028806021587,16.299756246234168,15.676495136265444,1387.5171012324631
5.1313131313131315,1.435,6.005311808030234,21.698894395127976,15.597067637646786,2575.2819604034876
5.292929292929293,1.435,7.816420133389489,27.94438224649992,15.490667917957047,4403.776430301876
5.454545454545455,1.435,9.862516477248494,36.052114162825845,15.338364570666021,7504.806349709471
5.616161616161616,1.435,12.111706028595703,46.99459675543619,15.11241838110071,12992.920333067703
5.777777777777778,1.435,14.38015919836448,61.90114106735629,14.770515369101814,22877.425440325907
5.9393939393939394,1.435,16.464916649749885,83.20387596736286,14.22892306693367,41824.21327052304
6.101010101010101,1.435,18.444291359245632,82.77667887644901,13.810621394556689,41388.52415600438
6.262626262626263,1.435,20.382449406469522,65.41243673612925,13.555977098684806,25609.95035560593
6.424242424242424,1.435,22.018045137951464,48.5909996511967,13.24049852730972,13918.690300495291
6.5858585858585865,1.435,23.100182737437024,32.72554435136891,12.860593767011366,6133.060805684879
6.747474747474747,1.435,23.52372101530127,18.818920004305326,12.394341191690232,1896.3673382274267
6.909090909090909,1.435,23.058790050042926,7.856851426033322,11.831427281849175,260.5683146116784
7.070707070707071,1.435,22.68932614034591,3.422897751991344,11.329528254743243,25.575720718822712
7.232323232323233,1.435,23.38316136058535,3.2747898485425706,10.989559238042915,21.967731101239213
7.3939393939393945,1.435,23.80312432006944,3.1086608542676117,10.63157943188564,18.24701196816578
7.555555555555555,1.435,23.88812840091911,2.920441635154496,10.262037400035368,14.448392286945486
7.717171717171718,1.435,23.687847103116024,2.721698094257535,9.866450339595758,10.918036577275
7.878787878787879,1.435,23.119593748864766,2.504346430163394,9.458658706276774,7.622381486341454
8.040404040404042,1.435,21.426346124653953,2.3182879139269987,8.93481369361318,5.270329330402494
8.202020202020202,1.435,17.30853685282872,2.2425412162708307,8.083224094522784,4.436723131969567
8.363636363636363,1.435,13.430918304423585,2.1552995774116774,7.15405701265302,3.5654840727391166
8.525252525252526,1.435,9.877374558445096,2.060068167291493,6.1388340104177415,2.7230624091971896
8.686868686868687,1.435,6.700477164978657,1.9487469225305383,5.069901310109497,1.882019906167104
8.848484848484848,1.435,4.015088586420309,1.8235219310521418,3.9637734846066577,1.1210676630133447
9.01010101010101,1.435,2.032574922331109,1.683080345652636,2.918006814019075,0.5008405130925995
9.171717171717173,1.435,1.885837422385818,1.5721214396607264,2.552914228121312,0.18516118744300689
9.333333333333334,1.435,1.725514763047958,1.4599544508545714,2.199451913917992,0.022465851107957697
9.494949494949495,1.435,1.5534388141979985,1.3459468931087242,1.8647305385593913,0.018260864778748005
9.656565656565657,1.435,1.3724455720095416,1.2300816823206335,1.553930779740311,0.18045146676866297
9.818181818181818,1.435,1.1868763653664292,1.1149785181033867,1.2632023232036143,0.5077327821408839
9.97979797979798,1.435,0.9999999994595241,0.9999999997614595,1.0000000009662373,1.000000001192702
10.141414141414142,1.435,0.883176404180457,0.8616566208203702,0.7909746567186695,1.8113349619158912
10.303030303030305,1.435,0.7749175958857275,0.7266702529784348,0.6082716667045526,2.83358092640078
10.464646464646465,1.435,0.666904569783432,0.5997599628411332,0.4491532934496619,4.002400731700153
10.626262626262626,1.435,0.5610155280930869,0.48272345130345307,0.312410391995718,5.258726667429052
10.787878787878789,1.435,0.45899184105306373,0.37598895857007797,0.2003095370920683,6.553741331064957
10.94949494949495,1.435,0.362705192499513,0.28099999809164306,0.11239585688505888,7.826006276693141
11.11111111111111,1.435,0.30103926420268773,0.22419435809431495,0.08127124651366703,8.640743172107749
11.272727272727273,1.435,0.2548041639446471,0.18407427584640618,0.06947521421502205,9.240471041615256
11.434343434343436,1.435,0.21107634841035888,0.14776030956436229,0.05852072050370994,9.800651514389633
11.595959595959597,1.435,0.17027228948811354,0.115138483396261,0.04864881241616698,10.317931980307876
11.757575757575758,1.435,0.1327883681153014,0.08642279746297554,0.03963004783278846,10.784281668906218
11.91919191919192,1.435,0.09905131773480738,0.0616220222707386,0.03156633539081092,11.195347570441665
12.080808080808081,1.435,0.07013267607914926,0.041776931844627295,0.02475914049822276,11.529811892933713
12.242424242424244,1.435,0.04768959012913459,0.027471114143776485,0.018980406199423677,11.773972140685787
12.404040404040405,1.435,0.030665463604976725,0.017030341903299533,0.013981940357756965,11.95378172010065
12.565656565656566,1.435,0.01814939719734803,0.009646183961749369,0.009775555866590216,12.081773336075782
12.727272727272728,1.435,0.009389945707561508,0.004705541035032632,0.006309045060718478,12.167791420114629
12.88888888888889,1.435,0.003773816387008634,0.0017054055869689156,0.0036110100707472015,12.220173579779392
13.050505050505052,1.435,0.0013899070335987146,0.0005320023664311321,0.002063086588217009,12.24069172750319
13.212121212121213,1.435,0.0011556910882644833,0.0004341755920763427,0.0016908348568354262,12.242403105316441
13.373737373737374,1.435,0.0009381855019810466,0.00034516221421265856,0.001359046143392152,12.243960405857235
13.535353535353536,1.435,0.0007387356697207888,0.00026569743805107557,0.0010616766398873687,12.245350736053657
13.696969696969697,1.435,0.0005592565957233227,0.00019571854600633338,0.0008030926752190481,12.246575164855818
13.85858585858586,1.435,0.0004012780545899411,0.0001358526633314647,0.0005795160221647937,12.24762269374136
14.02020202020202,1.435,0.0002756680654588656,9.008098248563494e-05,0.0004010946227547175,12.248423633522645
14.181818181818183,1.435,0.000225897769707314,7.580842037970925e-05,0.00030581262699520633,12.248673388561581
14.343434343434344,1.435,0.000180147248899988,6.268553496777845e-05,0.00022300012135421362,12.24890302769729
14.505050505050505,1.435,0.00013875279886556857,5.066811598928813e-05,0.00015364706234307905,12.249113324015546
14.666666666666668,1.435,0.00010210255132641496,3.98276259496531e-05,9.696256667517584e-05,12.249303026459877
14.828282828282829,1.435,7.044655339090589e-05,3.019100328563289e-05,5.3382825228416165e-05,12.249471663139353
14.989898989898991,1.435,4.421495011959766e-05,2.1782290910160252e-05,2.274144924041631e-05,12.249618812874498
15.151515151515152,1.435,3.517202176249789e-05,1.7316262515733776e-05,1.75148800445172e-05,12.249696967280055
15.313131313131315,1.435,2.776330734402702e-05,1.3495461707648837e-05,1.3895736719005716e-05,12.249763830558411
15.474747474747476,1.435,2.1161192931935313e-05,1.0088265455420353e-05,1.1723929271602838e-05,12.24982345599061
15.636363636363637,1.435,1.5340153887543684e-05,7.153526226205301e-06,1.1723929279172648e-05,12.249874813610868
15.7979797979798,1.435,1.0320937708655268e-05,4.724356190521503e-06,1.1723929285438415e-05,12.24991732390616
15.95959595959596,1.435,6.2971964981251655e-06,2.744292485566339e-06,1.1723929290545758e-05,12.24995197492857
16.121212121212125,1.435,4.564527203159076e-06,1.985927571752092e-06,1.1723929292501882e-05,12.249965246292142
16.282828282828284,1.435,3.6190622494840492e-06,1.5186129901817602e-06,1.1723929293707266e-05,12.249973424287083
16.444444444444443,1.435,2.7222267155206013e-06,1.1260319035569725e-06,1.172392929471989e-05,12.24998029444961
16.60606060606061,1.435,1.922778443656751e-06,8.033197770377617e-07,1.1723929295552297e-05,12.249985941907932
16.767676767676768,1.435,1.317693039907613e-06,5.147262041899353e-07,1.172392929629669e-05,12.249990992293082
16.92929292929293,1.435,1.3176930399710224e-06,2.9599200295851233e-07,1.1723929296860864e-05,12.249994820140495
17.090909090909093,1.435,1.3176930400073718e-06,1.7060273439100867e-07,1.1723929297184275e-05,12.249997014452326
17.252525252525253,1.435,1.3176930400235959e-06,1.146371307458134e-07,1.1723929297328626e-05,12.249997993850291
17.414141414141415,1.435,1.3176930400353993e-06,7.39205198084775e-08,1.1723929297433645e-05,12.249998706390937
17.575757575757578,1.435,1.3176930400353993e-06,7.39205198084775e-08,1.1723929297433645e-05,12.249998706390937
17.737373737373737,1.435,1.3176930400353993e-06,7.39205198084775e-08,1.1723929297433645e-05,12.249998706390937
17.8989898989899,1.435,1.3176930400353993e-06,7.39205198084775e-08,1.1723929297433645e-05,12.249998706390937
18.060606060606062,1.435,1.3176930400353993e-06,7.39205198084775e-08,1.1723929297433645e-05,12.249998706390937
18.22222222222222,1.435,1.3176930400353993e-06,7.39205198084775e-08,1.1723929297433645e-05,12.249998706390937
18.383838383838388,1.435,1.3176930400353993e-06,7.39205198084775e-08,1.1723929297433645e-05,12.249998706390937
18.545454545454547,1.435,1.3176930400353993e-06,7.39205198084775e-08,1.1723929297433645e-05,12.249998706390937
18.707070707070706,1.435,1.3176930400353993e-06,7.39205198084775e-08,1.1723929297433645e-05,12.249998706390937
18.868686868686872,1.435,1.3176930400353993e-06,7.39205198084775e-08,1.1723929297433645e-05,12.249998706390937
19.03030303030303,1.435,1.3176930400353993e-06,7.39205198084775e-08,1.1723929297433645e-05,12.249998706390937
19.191919191919194,1.435,1.3176930400353993e-06,7.39205198084775e-08,1.1723929297433645e-05,12.249998706390937
19.353535353535356,1.435,1.3176930400353993e-06,7.39205198084775e-08,1.1723929297433645e-05,12.249998706390937
19.515151515151516,1.435,1.3176930400353993e-06,7.39205198084775e-08,1.1723929297433645e-05,12.249998706390937
19.67676767676768,1.435,1.3176930400353993e-06,7.39205198084775e-08,1.1723929297433645e-05,12.249998706390937
19.83838383838384,1.435,1.3176930400353993e-06,7.39205198084775e-08,1.1723929297433645e-05,12.249998706390937
20.0,1.435,1.3176930400353993e-06,7.39205198084775e-08,1.1723929297433645e-05,12.249998706390937
4.0,1.53,0.4880285935768699,2.04476397179722,15.8465510393178,2.598253620798291
4.161616161616162,1.53,0.7019961980261525,2.732009519853192,15.838157941906406,11.089058506122072
4.3232323232323235,1.53,1.0145674509751628,3.743656772280053,15.825976390171714,34.329544164088475
4.484848484848484,1.53,1.4631304984419184,5.229421198825463,15.808208346041448,91.65291698758654
4.646464646464646,1.53,2.1014121959649175,7.433455701866147,15.781910351635858,227.51617316488202
4.808080808080808,1.53,3.032154442504065,10.848408499396106,15.74130281026788,557.9526448216285
4.96969696969697,1.53,4.411796444851438,16.303803813650415,15.676448784932687,1388.2710507236286
5.1313131313131315,1.53,6.007540769443785,21.701950484377925,15.597029315908568,2576.057459188332
5.292929292929293,1.53,7.818136518639595,27.94661590024333,15.490636591454217,4404.517598469075
5.454545454545455,1.53,9.863798500204537,36.05374889363066,15.33833869837764,7505.514452392551
5.616161616161616,1.53,12.11263828581043,46.99580227882382,15.112396649110547,12993.60740905997
5.777777777777778,1.53,14.38081425479072,61.90203324252739,14.770496839977165,22878.100165499305
5.9393939393939394,1.53,16.465359352720714,83.20453894217883,14.228906974571004,41824.891197140314
6.101010101010101,1.53,18.444585658237123,82.77704659176932,13.810609449608197,41388.8981999937
6.262626262626263,1.53,20.382643720346966,65.41260110769942,13.555969016639224,25610.08187858399
6.424242424242424,1.53,22.018170695161235,48.59106828116889,13.240493006390812,13918.73078448715
6.5858585858585865,1.53,23.10025944494988,32.7255693929516,12.860590086072913,6133.070611203912
6.747474747474747,1.53,23.52376769434411,18.818927887595546,12.3943386664645,1896.3690547078365
6.909090909090909,1.53,23.058817411471743,7.856853189129349,11.831425552245388,260.56845691231155
7.070707070707071,1.53,22.68934232264145,3.422898162927154,11.329527104348353,25.575731109837843
7.232323232323233,1.53,23.383171468221008,3.274790063147071,10.989558495709392,21.96773613046874
7.3939393939393945,1.53,23.803130572486214,3.108660963938508,10.631578953351523,18.24701431054545
7.555555555555555,1.53,23.888132223435136,2.920441689518627,10.262037092340703,14.448393320164106
7.717171717171718,1.53,23.68784941647179,2.7216981201275274,9.86645014197457,10.918037004679
7.878787878787879,1.53,23.11959513452309,2.5043464419641275,9.458658579119806,7.622381649242675
8.040404040404042,1.53,21.42634690782522,2.3182879184768392,8.934813612343815,5.270329382628288
8.202020202020202,1.53,17.308537235947707,2.2425412169763668,8.083224042741394,4.436723139400107
8.363636363636363,1.53,13.43091848400287,2.1552995764530967,7.154056980561931,3.565484063688921
8.525252525252526,1.53,9.877374639691725,2.0600681661090006,6.1388339901825555,2.7230623994406207
8.686868686868687,1.53,6.700477194534867,1.9487469220717295,5.0699012984529395,1.8820199030199805
8.848484848484848,1.53,4.015088596877768,1.8235219298344705,3.963773479459516,1.1210676565669635
9.01010101010101,1.53,2.0325749281323064,1.6830803443855846,2.9180068087603215,0.5008405086091328
9.171717171717173,1.53,1.885837423301484,1.5721214392560687,2.552914227542295,0.18516118657237868
9.333333333333334,1.53,1.7255147651568306,1.4599544500909656,2.199451911765059,0.022465850535688087
9.494949494949495,1.53,1.5534388110791508,1.3459468949838056,1.8647305395871066,0.01826086351182332
9.656565656565657,1.53,1.3724455753213582,1.2300816801756964,1.553930778651893,0.18045147132446432
9.818181818181818,1.53,1.1868763638239022,1.1149785198252204,1.2632023215970223,0.5077327760063888
9.97979797979798,1.53,0.9999999866725207,1.0000000081395242,1.0000000093500567,0.9999999593023792
10.141414141414142,1.53,0.8831764075083505,0.8616566189514296,0.7909746556625481,1.8113349744925382
10.303030303030305,1.53,0.7749175947992416,0.7266702559638624,0.6082716620165055,2.8335809012735655
10.464646464646465,1.53,0.6669045708503748,0.5997599569133658,0.44915330191978675,4.002400790995611
10.626262626262626,1.53,0.5610155284350664,0.4827234587358416,0.3124103791195414,5.258726582209607
10.787878787878789,1.53,0.4589918724213436,0.3759889371106845,0.2003095341481363,6.553741605748157
10.94949494949495,1.53,0.36270522206834305,0.2809999875833745,0.11239584544901672,7.826006423677546
11.11111111111111,1.53,0.30103925241123886,0.2241943562449105,0.08127125734150445,8.6407431992895
11.272727272727273,1.53,0.25480420722686137,0.18407424843935746,0.06947521097937001,9.240471458176959
11.434343434343436,1.53,0.21107638637312082,0.14776027555815774,0.05852072990702077,9.80065204668863
11.595959595959597,1.53,0.17027223482106693,0.11513851579939698,0.0486488116955203,10.3179314598886
11.757575757575758,1.53,0.13278834201407727,0.08642282387190522,0.039630039689941755,10.784281235279122
11.91919191919192,1.53,0.09905122605524214,0.06162207691534545,0.03156634379657534,11.195346656252458
12.080808080808081,1.53,0.07013264171933735,0.041776926076599774,0.024759185058446518,11.52981199086206
12.242424242424244,1.53,0.04768959649948211,0.027471114903493105,0.01898039465014269,11.773972127651621
12.404040404040405,1.53,0.030665400817738175,0.017030373426546595,0.013981959606474617,11.953781175154477
12.565656565656566,1.53,0.018149396861888566,0.009646201220274205,0.009775503571785561,12.081773036132585
12.727272727272728,1.53,0.009389970189505017,0.004705528989189766,0.0063090377195747435,12.167791630208352
12.88888888888889,1.53,0.003773821960162611,0.001705401590748163,0.003611015244749427,12.220173649628068
13.050505050505052,1.53,0.0013899091795453694,0.0005320004151858137,0.002063095616349313,12.240691761637006
13.212121212121213,1.53,0.0011556874682407037,0.000434178727097121,0.0016908160387956058,12.242403050470589
13.373737373737374,1.53,0.000938179767676053,0.00034516155031643963,0.0013590808093672958,12.243960417472557
13.535353535353536,1.53,0.0007387448623707831,0.0002656963763028777,0.001061647141040458,12.245350754630724
13.696969696969697,1.53,0.0005592571950659792,0.00019571938614243822,0.0008030852866403136,12.246575150155493
13.85858585858586,1.53,0.0004012673727372912,0.00013585346574504105,0.0005795442791348465,12.247622679700488
14.02020202020202,1.53,0.0002756464600039377,9.008914179588735e-05,0.0004010965136133902,12.248423490743905
14.181818181818183,1.53,0.00022589663683829716,7.58099196946652e-05,0.0003058082237560232,12.24867336232499
14.343434343434344,1.53,0.0001801111766005266,6.269373840063327e-05,0.00022304120902854748,12.24890288414364
14.505050505050505,1.53,0.000138775157248428,5.065832690771595e-05,0.0001536704983423108,12.249113495318275
14.666666666666668,1.53,0.00010212046724619435,3.981601887077622e-05,9.698548317060961e-05,12.249303229577981
14.828282828282829,1.53,7.046431399308297e-05,3.0188644261906634e-05,5.3353544098680115e-05,12.249471704421378
14.989898989898991,1.53,4.4239917001724427e-05,2.176527042449429e-05,2.2752996436579002e-05,12.249619110728364
15.151515151515152,1.53,3.519516105157374e-05,1.731273866480965e-05,1.7488474528448825e-05,12.249697028946679
15.313131313131315,1.53,2.777576085412048e-05,1.3487719390579088e-05,1.3906480267514275e-05,12.249763966047656
15.474747474747476,1.53,2.1137624020771597e-05,1.0092303790667133e-05,1.1723929271592423e-05,12.24982338532025
15.636363636363637,1.53,1.530103959607892e-05,7.170210494639436e-06,1.1723929279129617e-05,12.249874521637665
15.7979797979798,1.53,1.031426360356989e-05,4.728093515513734e-06,1.1723929285428774e-05,12.24991725850319
15.95959595959596,1.53,6.288138037508938e-06,2.755018687223033e-06,1.1723929290518093e-05,12.249951787220411
16.121212121212125,1.53,4.606198962614844e-06,1.9645188301198326e-06,1.1723929292557098e-05,12.249965620944591
16.282828282828284,1.53,3.588018729052006e-06,1.5296159194598588e-06,1.1723929293678888e-05,12.24997323173603
16.444444444444443,1.53,2.695783358716012e-06,1.1424338893337323e-06,1.1723929294677586e-05,12.249980007415093
16.60606060606061,1.53,1.915844162966075e-06,7.965070589191916e-07,1.1723929295569869e-05,12.249986061130432
16.767676767676768,1.53,1.3176930399091467e-06,5.094353759407266e-07,1.1723929296310337e-05,12.249991084882542
16.92929292929293,1.53,1.317693039971252e-06,2.952001540133283e-07,1.1723929296862907e-05,12.249994833997844
17.090909090909093,1.53,1.3176930400073718e-06,1.706027247727719e-07,1.1723929297184275e-05,12.249997014452495
17.252525252525253,1.53,1.3176930400213836e-06,1.222684372762528e-07,1.1723929297308943e-05,12.249997860302438
17.414141414141415,1.53,1.3176930400353993e-06,7.39205198084775e-08,1.1723929297433645e-05,12.249998706390937
17.575757575757578,1.53,1.3176930400353993e-06,7.39205198084775e-08,1.1723929297433645e-05,12.249998706390937
17.737373737373737,1.53,1.3176930400353993e-06,7.39205198084775e-08,1.1723929297433645e-05,12.249998706390937
17.8989898989899,1.53,1.3176930400353993e-06,7.39205198084775e-08,1.1723929297433645e-05,12.249998706390937
18.060606060606062,1.53,1.3176930400353993e-06,7.39205198084775e-08,1.1723929297433645e-05,12.249998706390937
18.22222222222222,1.53,1.3176930400353993e-06,7.39205198084775e-08,1.1723929297433645e-05,12.249998706390937
18.383838383838388,1.53,1.3176930400353993e-06,7.39205198084775e-08,1.1723929297433645e-05,12.249998706390937
18.545454545454547,1.53,1.3176930400353993e-06,7.39205198084775e-08,1.1723929297433645e-05,12.249998706390937
18.707070707070706,1.53,1.3176930400353993e-06,7.39205198084775e-08,1.1723929297433645e-05,12.249998706390937
18.868686868686872,1.53,1.3176930400353993e-06,7.39205198084775e-08,1.1723929297433645e-05,12.249998706390937
19.03030303030303,1.53,1.3176930400353993e-06,7.39205198084775e-08,1.1723929297433645e-05,12.249998706390937
19.191919191919194,1.53,1.3176930400353993e-06,7.39205198084775e-08,1.1723929297433645e-05,12.249998706390937
19.353535353535356,1.53,1.3176930400353993e-06,7.39205198084775e-08,1.1723929297433645e-05,12.249998706390937
19.515151515151516,1.53,1.3176930400353993e-06,7.39205198084775e-08,1.1723929297433645e-05,12.249998706390937
19.67676767676768,1.53,1.3176930400353993e-06,7.39205198084775e-08,1.1723929297433645e-05,12.249998706390937
19.83838383838384,1.53,1.3176930400353993e-06,7.39205198084775e-08,1.1723929297433645e-05,12.249998706390937
20.0,1.53,1.3176930400353993e-06,7.39205198084775e-08,1.1723929297433645e-05,12.249998706390937
4.0,1.625,0.4948677832481839,2.059419771245907,15.846407649769226,2.7177152169375263
4.161616161616162,1.625,0.7079487485783631,2.7433741596663936,15.838044449091381,11.279088330371184
4.3232323232323235,1.625,1.0197211004144224,3.7525904643583288,15.825885091054529,34.591761831185856
4.484848484848484,1.625,1.4675550722268638,5.236533165115476,15.808133783028472,91.99366704394355
4.646464646464646,1.625,2.1051812063771957,7.439197579887573,15.781848448865333,227.9494213057494
4.808080808080808,1.625,3.035373183623676,10.853160753568211,15.741250045623884,558.5140514550143
4.96969696969697,1.625,4.41456540200299,16.307851505349664,15.676402428701033,1389.0252281597263
5.1313131313131315,1.625,6.009770347970792,21.705006590933653,15.596990991918881,2576.833079111619
5.292929292929293,1.625,7.819853179483631,27.94884954392943,15.49060526392909,4405.258825663762
5.454545454545455,1.625,9.865080642203493,36.05538361168962,15.338312825627533,7506.222582958535
5.616161616161616,1.625,12.113570592872296,46.9970077923857,15.112374916915481,12994.294497618013
5.777777777777778,1.625,14.381469331242787,61.902925411055946,14.770478310767118,22878.774895598744
5.9393939393939394,1.625,16.465802063341336,83.20520191270899,14.22889088217799,41825.56912486928
6.101010101010101,1.625,18.444879960127736,82.77741430521716,13.810597504650511,41389.27224376851
6.262626262626263,1.625,20.382838035331712,65.41276547857852,13.555960934592328,25610.21340134683
6.424242424242424,1.625,22.01829625279769,48.591136911002806,13.240487485469476,13918.77126845632
6.5858585858585865,1.625,23.10033615264773,32.72559443450361,12.86058640513233,6133.080416718773
6.747474747474747,1.625,23.523814373575078,18.818935770788567,12.394336141242189,1896.3707711678594
6.909090909090909,1.625,23.058844772675716,7.856854952306656,11.831423822631338,260.5685992195437
7.070707070707071,1.625,22.689358504907045,3.422898573865244,11.329525953954027,25.575741500912738
7.232323232323233,1.625,23.3831815759381,3.274790277816299,10.98955775332339,21.967741161215727
7.3939393939393945,1.625,23.803136824361992,3.1086610735435865,10.631578474898896,18.24701665151951
7.555555555555555,1.625,23.888136045967528,2.920441743950575,10.262036784588517,14.448394354671665
7.717171717171718,1.625,23.687851731050383,2.721698146096256,9.866449944177036,10.918037433714249
7.878787878787879,1.625,23.11959651729723,2.5043464534936417,9.45865845252533,7.622381808399901
8.040404040404042,1.625,21.426347692483482,2.3182879229985733,8.934813530964757,5.270329434531461
8.202020202020202,1.625,17.308537619955324,2.2425412177035966,8.08322399080984,4.436723147059121
8.363636363636363,1.625,13.430918661361623,2.155299575739647,7.154056948476957,3.5654840569530672
8.525252525252526,1.625,9.877374716569332,2.0600681643790724,6.138833972152857,2.7230623851672386
8.686868686868687,1.625,6.700477226935317,1.9487469201964824,5.069901288346487,1.8820198901570298
8.848484848484848,1.625,4.015088607546044,1.8235219294102374,3.9637734727528904,1.1210676543210634
9.01010101010101,1.625,2.0325749289242654,1.6830803437620843,2.918006809218447,0.500840506402874
9.171717171717173,1.625,1.8858374252621977,1.5721214398591767,2.5529142233913777,0.1851611878699764
9.333333333333334,1.625,1.7255147671280404,1.459954449508795,2.1994519100026815,0.02246585009939166
9.494949494949495,1.625,1.553438810012953,1.345946898102169,1.8647305340438158,0.018260861404858112
9.656565656565657,1.625,1.3724455703755805,1.230081682327586,1.553930782801988,0.18045146675389612
9.818181818181818,1.625,1.1868763624887289,1.114978521371094,1.2632023202070113,0.5077327704987988
9.97979797979798,1.625,0.9999999965732811,1.0000000018514235,1.000000003801817,0.9999999907428823
10.141414141414142,1.625,0.8831764100039076,0.8616566168685823,0.7909746543329544,1.8113349885086267
10.303030303030305,1.625,0.7749176134822517,0.7266702472877595,0.6082716484073097,2.8335809742970426
10.464646464646465,1.625,0.6669045776626202,0.5997599569577413,0.4491532919782724,4.002400790551724
10.626262626262626,1.625,0.5610155468932755,0.48272344589397814,0.3124103778594632,5.258726729453858
10.787878787878789,1.625,0.4589918713301695,0.37598893443488046,0.2003095394574984,6.55374163999882
10.94949494949495,1.625,0.3627051999152243,0.2809999917582695,0.1123958575153581,7.826006365281202
11.11111111111111,1.625,0.30103925277352656,0.22419436263629225,0.08127125211823051,8.640743105351715
11.272727272727273,1.625,0.2548041886329606,0.18407425261345298,0.06947521883224132,9.24047139473458
11.434343434343436,1.625,0.21107643333781229,0.1477602549369526,0.058520715011494466,9.800652369472285
11.595959595959597,1.625,0.170272316856383,0.11513846356834391,0.04864881027029312,10.317932298759473
11.757575757575758,1.625,0.13278837592367,0.08642279623531147,0.03963004949831483,10.78428168906411
11.91919191919192,1.625,0.09905123752496789,0.061622080411446754,0.03156632829124785,11.195346597763649
12.080808080808081,1.625,0.07013264259221076,0.04177692888267684,0.02475917644930839,11.529811943221079
12.242424242424244,1.625,0.047689621753836196,0.027471126881382715,0.01898033545736486,11.77397192215163
12.404040404040405,1.625,0.03066539789967945,0.017030355457618225,0.013982000554841983,11.953781485785507
12.565656565656566,1.625,0.018149355870244587,0.009646201202360722,0.009775564208218599,12.081773036443911
12.727272727272728,1.625,0.009389982805740542,0.004705513840093456,0.006309081202984619,12.16779189442648
12.88888888888889,1.625,0.0037738312353842313,0.0017053979228171946,0.0036110186455638937,12.220173713738667
13.050505050505052,1.625,0.0013899166739538007,0.0005319999381105234,0.0020630702265641673,12.24069176998265
13.212121212121213,1.625,0.001155698616061949,0.0004341744182070995,0.0016908157584262394,12.242403125852782
13.373737373737374,1.625,0.0009381793186950515,0.0003451626618861823,0.0013590677979431651,12.243960398024884
13.535353535353536,1.625,0.0007387478062789226,0.0002656935778784166,0.0010616696112047829,12.245350803593858
13.696969696969697,1.625,0.0005592511482301463,0.00019571782665482815,0.0008031295019902513,12.246575177442713
13.85858585858586,1.625,0.00040126798015672425,0.00013585650192974772,0.000579516605685682,12.247622626572406
14.02020202020202,1.625,0.00027566916032166944,9.008147435638077e-05,0.00040109332137750706,12.248423624915462
14.181818181818183,1.625,0.00022589443420152966,7.581084025681169e-05,0.0003058027078598671,12.248673346216025
14.343434343434344,1.625,0.00018012164184514975,6.269528546375361e-05,0.00022298980117560735,12.24890285707125
14.505050505050505,1.625,0.0001388008992932559,5.0651870852997814e-05,0.00015363220176950096,12.249113608295145
14.666666666666668,1.625,0.00010211112196014082,3.982023522098667e-05,9.698182003350926e-05,12.249303155793948
14.828282828282829,1.625,7.04720722484149e-05,3.0183165562052e-05,5.33670260936405e-05,12.24947180029656
14.989898989898991,1.625,4.4240580638573514e-05,2.1766042405412208e-05,2.2752195310394327e-05,12.24961909721891
15.151515151515152,1.625,3.517208101117752e-05,1.731918381296598e-05,1.7504258093336152e-05,12.249696916157987
15.313131313131315,1.625,2.779371641778143e-05,1.3484265712515386e-05,1.3886604166545584e-05,12.249764026486439
15.474747474747476,1.625,2.1165851778149873e-05,1.0083836508297577e-05,1.1723929271614261e-05,12.249823533496627
15.636363636363637,1.625,1.530934810410244e-05,7.169796791691939e-06,1.1723929279130684e-05,12.249874528877431
15.7979797979798,1.625,1.0335532218603199e-05,4.7128020400736984e-06,1.1723929285468213e-05,12.24991752610311
15.95959595959596,1.625,6.260943320565115e-06,2.7571752192883936e-06,1.172392929051253e-05,12.249951749481173
16.121212121212125,1.625,4.591002859183555e-06,1.976529959693203e-06,1.172392929252612e-05,12.24996541075012
16.282828282828284,1.625,3.597864351386094e-06,1.526880747429246e-06,1.1723929293685942e-05,12.24997327960149
16.444444444444443,1.625,2.693525989063003e-06,1.1364115276281652e-06,1.1723929294693119e-05,12.249980112806336
16.60606060606061,1.625,1.921244612096588e-06,7.952781905046493e-07,1.1723929295573037e-05,12.249986082635619
16.767676767676768,1.625,1.3176930399046915e-06,5.248038290443905e-07,1.1723929296270697e-05,12.24999081593471
16.92929292929293,1.625,1.3176930399714491e-06,2.945200732043701e-07,1.172392929686466e-05,12.249994845899257
17.090909090909093,1.625,1.3176930400052114e-06,1.7805471553635234e-07,1.1723929297165056e-05,12.249996884042671
17.252525252525253,1.625,1.3176930400215378e-06,1.2173630129317232e-07,1.1723929297310315e-05,12.249997869614818
17.414141414141415,1.625,1.3176930400340044e-06,7.873191177853531e-08,1.1723929297421236e-05,12.249998622191578
17.575757575757578,1.625,1.3176930400353993e-06,7.39205198084775e-08,1.1723929297433645e-05,12.249998706390937
17.737373737373737,1.625,1.3176930400353993e-06,7.39205198084775e-08,1.1723929297433645e-05,12.249998706390937
17.8989898989899,1.625,1.3176930400353993e-06,7.39205198084775e-08,1.1723929297433645e-05,12.249998706390937
18.060606060606062,1.625,1.3176930400353993e-06,7.39205198084775e-08,1.1723929297433645e-05,12.249998706390937
18.22222222222222,1.625,1.3176930400353993e-06,7.39205198084775e-08,1.1723929297433645e-05,12.249998706390937
18.383838383838388,1.625,1.3176930400353993e-06,7.39205198084775e-08,1.1723929297433645e-05,12.249998706390937
18.545454545454547,1.625,1.3176930400353993e-06,7.39205198084775e-08,1.1723929297433645e-05,12.249998706390937
18.707070707070706,1.625,1.3176930400353993e-06,7.39205198084775e-08,1.1723929297433645e-05,12.249998706390937
18.868686868686872,1.625,1.3176930400353993e-06,7.39205198084775e-08,1.1723929297433645e-05,12.249998706390937
19.03030303030303,1.625,1.3176930400353993e-06,7.39205198084775e-08,1.1723929297433645e-05,12.249998706390937
19.191919191919194,1.625,1.3176930400353993e-06,7.39205198084775e-08,1.1723929297433645e-05,12.249998706390937
19.353535353535356,1.625,1.3176930400353993e-06,7.39205198084775e-08,1.1723929297433645e-05,12.249998706390937
19.515151515151516,1.625,1.3176930400353993e-06,7.39205198084775e-08,1.1723929297433645e-05,12.249998706390937
19.67676767676768,1.625,1.3176930400353993e-06,7.39205198084775e-08,1.1723929297433645e-05,12.249998706390937
19.83838383838384,1.625,1.3176930400353993e-06,7.39205198084775e-08,1.1723929297433645e-05,12.249998706390937
20.0,1.625,1.3176930400353993e-06,7.39205198084775e-08,1.1723929297433645e-05,12.249998706390937
4.0,1.72,0.5017829714095153,2.0741193792694688,15.846263770625962,2.8402308594165873
4.161616161616162,1.72,0.7139413993961387,2.754757460055095,15.837930732087122,11.471048597343328
4.3232323232323235,1.72,1.024895485477672,3.7615318211706326,15.825793689854075,34.85520339000927
4.484848484848484,1.72,1.4719901741854429,5.243648169924177,15.808059173349593,92.33519533850924
4.646464646464646,1.72,2.1089554854825914,7.444940610469413,15.781786524546742,228.38316865063942
4.808080808080808,1.72,3.038594555730115,10.857913417204614,15.74119727082069,559.0757887958689
4.96969696969697,1.72,4.417335677779663,16.311899320929392,15.676356067573614,1389.77963348459
5.1313131313131315,1.72,6.0120005436834605,21.708062714682438,15.596952665678707,2577.608820146719
5.292929292929293,1.72,7.821570115937605,27.95108317753048,15.49057393538193,4406.000111875889
5.454545454545455,1.72,9.866362903253698,36.057018316996604,15.33828695241572,7506.930741403987
5.616161616161616,1.72,12.114502949782244,46.998213296125456,15.11235318451548,12994.98159874345
5.777777777777778,1.72,14.382124427719122,61.9038175729699,14.770459781471384,22879.449630645133
5.9393939393939394,1.72,16.46624478159775,83.20586487890161,14.228874789755567,41826.24705365691
6.101010101010101,1.72,18.445174264880528,82.77778201679669,13.810585559684448,41389.64628733299
6.262626262626263,1.72,20.383032351349193,65.41292984894346,13.555952852542461,25610.344924035973
6.424242424242424,1.72,22.01842181080734,48.591205540587204,13.24048196455047,13918.811752337177
6.5858585858585865,1.72,23.100412860410128,32.72561947602301,12.860582724193577,6133.090222228702
6.747474747474747,1.72,23.523861052902603,18.818943653960282,12.394333616018537,1896.3724876240203
6.909090909090909,1.72,23.058872134112907,7.856856715443366,11.83142209301795,260.5687415235381
7.070707070707071,1.72,22.689374687314285,3.4228989847991285,11.32952480355344,25.5757518918834
7.232323232323233,1.72,23.383191683909487,3.2747904923976567,10.989557010985349,21.967746189904048
7.3939393939393945,1.72,23.803143076809235,3.108661183140668,10.631577996420296,18.247018992322925
7.555555555555555,1.72,23.888139870249958,2.9204417984019857,10.26203647669653,14.448395389549153
7.717171717171718,1.72,23.68785404777664,2.721698172003719,9.866449746260232,10.918037861737332
7.878787878787879,1.72,23.119597900318233,2.5043464651752143,9.458658325727377,7.622381969656194
8.040404040404042,1.72,21.426348477181328,2.3182879274998593,8.934813449605219,5.27032948619992
8.202020202020202,1.72,17.308538004673977,2.2425412184449978,8.083223938738826,4.436723154867385
8.363636363636363,1.72,13.430918842479759,2.155299575055148,7.1540569156523,3.5654840504905434
8.525252525252526,1.72,9.877374795436129,2.0600681638663305,6.13883395139056,2.723062380936682
8.686868686868687,1.72,6.700477259338326,1.9487469192796556,5.069901276277135,1.8820198838682056
8.848484848484848,1.72,4.015088619836263,1.8235219275538381,3.963773467719552,1.1210676444932413
9.01010101010101,1.72,2.0325749338433985,1.6830803436132058,2.9180068028444497,0.500840505876067
9.171717171717173,1.72,1.8858374284928652,1.572121438407827,2.552914221711373,0.18516118474737142
9.333333333333334,1.72,1.7255147689944461,1.4599544490864966,2.1994519085789546,0.022465849782908297
9.494949494949495,1.72,1.55343881626027,1.3459468931561742,1.8647305349084853,0.018260864746687724
9.656565656565657,1.72,1.3724455734118042,1.2300816804192052,1.5539307816646977,0.18045147080725682
9.818181818181818,1.72,1.1868763615242652,1.1149785229558997,1.2632023192081214,0.5077327648525033
9.97979797979798,1.72,0.9999999938312225,1.000000002920235,1.0000000055287612,0.9999999853988248
10.141414141414142,1.72,0.8831764045790351,0.8616566262697631,0.7909746463035733,1.8113349252453337
10.303030303030305,1.72,0.774917607504584,0.7266702464699041,0.60827166067686,2.833580981180622
10.464646464646465,1.72,0.6669045781090279,0.5997599519490473,0.4491532995485607,4.002400840653692
10.626262626262626,1.72,0.5610155403844954,0.4827234478353962,0.31241038457800757,5.2587267071936425
10.787878787878789,1.72,0.45899187699454147,0.37598893748981,0.20030952773264177,6.5537416008953
10.94949494949495,1.72,0.3627052258084366,0.280999982760835,0.1123958473078777,7.826006491132821
11.11111111111111,1.72,0.30103927886910914,0.22419433986435452,0.08127125442994089,8.640743440043881
11.272727272727273,1.72,0.25480417226210667,0.18407425644859568,0.0694752258637442,9.240471336443969
11.434343434343436,1.72,0.21107635831470767,0.14776029682597056,0.058520724854668554,9.80065171378363
11.595959595959597,1.72,0.17027226911707122,0.11513849511047307,0.04864881043364312,10.317931792168624
11.757575757575758,1.72,0.13278836588558784,0.08642282865334079,0.03963000909011283,10.784281156769314
11.91919191919192,1.72,0.09905130563443419,0.06162203377021843,0.031566332952837575,11.195347378058536
12.080808080808081,1.72,0.07013270581535921,0.04177688466039098,0.024759190836959908,11.529812694017703
12.242424242424244,1.72,0.04768959734130142,0.027471119656850125,0.018980379030075434,11.773972046100125
12.404040404040405,1.72,0.030665441305568756,0.017030357263821332,0.013981936524458415,11.953781454561458
12.565656565656566,1.72,0.018149343613484456,0.009646208033249467,0.009775566722571283,12.08177291772701
12.727272727272728,1.72,0.009389951528080328,0.004705523343158128,0.006309097770924321,12.167791728681813
12.88888888888889,1.72,0.003773835493219893,0.0017053948457747012,0.0036110228896374654,12.220173767521311
13.050505050505052,1.72,0.0013899148673694496,0.0005319971181914493,0.0020631098781026054,12.240691819312485
13.212121212121213,1.72,0.0011556949752459442,0.00043417726988320996,0.0016908000669519968,12.242403075963924
13.373737373737374,1.72,0.0009381745537526775,0.00034516204455675074,0.0013590974310316016,12.243960408825487
13.535353535353536,1.72,0.0007387322090201533,0.00026569904702265833,0.0010616685346156714,12.245350707901997
13.696969696969697,1.72,0.0005592592216757034,0.0001957200739772023,0.0008030691720416956,12.246575138120066
13.85858585858586,1.72,0.0004012654824223296,0.00013585918672696432,0.0005794927612782894,12.247622579593019
14.02020202020202,1.72,0.00027566491193569494,9.008059753278763e-05,0.0004011169459279411,12.248423640258887
14.181818181818183,1.72,0.0002258923463023605,7.581161598012854e-05,0.00030579762724700153,12.248673332641605
14.343434343434344,1.72,0.0001801227116572112,6.269379374018831e-05,0.00022299756980695377,12.24890288317524
14.505050505050505,1.72,0.00013875937646984666,5.066526940883483e-05,0.000153655441783695,12.249113373828905
14.666666666666668,1.72,0.00010210444710634912,3.982462442840173e-05,9.698011691997102e-05,12.249303078985005
14.828282828282829,1.72,7.048627947648018e-05,3.0181421350754595e-05,5.3341716597406546e-05,12.249471830819598
14.989898989898991,1.72,4.421755792276489e-05,2.1781330201516964e-05,2.2741026956626687e-05,12.249618829686636
15.151515151515152,1.72,3.5181663551899964e-05,1.7311935398721456e-05,1.7505467169400115e-05,12.249697043003662
15.313131313131315,1.72,2.7772172700418017e-05,1.3494929774943286e-05,1.3883070384034434e-05,12.249763839867143
15.474747474747476,1.72,2.1153390813996456e-05,1.00918461198007e-05,1.1723929271593602e-05,12.249823393329432
15.636363636363637,1.72,1.5314724252405213e-05,7.168486868915592e-06,1.1723929279134062e-05,12.249874551800959
15.7979797979798,1.72,1.0328792531122372e-05,4.716773564495891e-06,1.1723929285457971e-05,12.249917456601668
15.95959595959596,1.72,6.256580639740157e-06,2.76675122658634e-06,1.1723929290487832e-05,12.249951581901376
16.121212121212125,1.72,4.603762651822519e-06,1.972828791052495e-06,1.1723929292535665e-05,12.24996547552048
16.282828282828284,1.72,3.6045012671156518e-06,1.523523004556174e-06,1.1723929293694603e-05,12.249973338361922
16.444444444444443,1.72,2.710401647066364e-06,1.1378987598138373e-06,1.1723929294689282e-05,12.249980086779791
16.60606060606061,1.72,1.9384483756932073e-06,7.983095445005253e-07,1.1723929295565217e-05,12.249986029586951
16.767676767676768,1.72,1.317693039908253e-06,5.125184842527468e-07,1.1723929296302385e-05,12.249991030928163
16.92929292929293,1.72,1.3176930399715628e-06,2.9412772708089087e-07,1.1723929296865674e-05,12.249994852765315
17.090909090909093,1.72,1.3176930400053126e-06,1.7770548641691026e-07,1.1723929297165955e-05,12.249996890154184
17.252525252525253,1.72,1.3176930400216718e-06,1.2127352686437974e-07,1.1723929297311508e-05,12.249997877713371
17.414141414141415,1.72,1.3176930400353993e-06,7.39205198084775e-08,1.1723929297433645e-05,12.249998706390937
17.575757575757578,1.72,1.3176930400353993e-06,7.39205198084775e-08,1.1723929297433645e-05,12.249998706390937
17.737373737373737,1.72,1.3176930400353993e-06,7.39205198084775e-08,1.1723929297433645e-05,12.249998706390937
17.8989898989899,1.72,1.3176930400353993e-06,7.39205198084775e-08,1.1723929297433645e-05,12.249998706390937
18.060606060606062,1.72,1.3176930400353993e-06,7.39205198084775e-08,1.1723929297433645e-05,12.249998706390937
18.22222222222222,1.72,1.3176930400353993e-06,7.39205198084775e-08,1.1723929297433645e-05,12.249998706390937
18.383838383838388,1.72,1.3176930400353993e-06,7.39205198084775e-08,1.1723929297433645e-05,12.249998706390937
18.545454545454547,1.72,1.3176930400353993e-06,7.39205198084775e-08,1.1723929297433645e-05,12.249998706390937
18.707070707070706,1.72,1.3176930400353993e-06,7.39205198084775e-08,1.1723929297433645e-05,12.249998706390937
18.868686868686872,1.72,1.3176930400353993e-06,7.39205198084775e-08,1.1723929297433645e-05,12.249998706390937
19.03030303030303,1.72,1.3176930400353993e-06,7.39205198084775e-08,1.1723929297433645e-05,12.249998706390937
19.191919191919194,1.72,1.3176930400353993e-06,7.39205198084775e-08,1.1723929297433645e-05,12.249998706390937
19.353535353535356,1.72,1.3176930400353993e-06,7.39205198084775e-08,1.1723929297433645e-05,12.249998706390937
19.515151515151516,1.72,1.3176930400353993e-06,7.39205198084775e-08,1.1723929297433645e-05,12.249998706390937
19.67676767676768,1.72,1.3176930400353993e-06,7.39205198084775e-08,1.1723929297433645e-05,12.249998706390937
19.83838383838384,1.72,1.3176930400353993e-06,7.39205198084775e-08,1.1723929297433645e-05,12.249998706390937
20.0,1.72,1.3176930400353993e-06,7.39205198084775e-08,1.1723929297433645e-05,12.249998706390937
4.0,1.815,0.5087746778578681,2.0888622705160014,15.84611940623248,2.96582017337788
4.161616161616162,1.815,0.719974316704116,2.766159267393837,15.83781679210145,11.664944649287907
4.3232323232323235,1.815,1.0300906566170054,3.770480797091745,15.825702186916729,35.119870058629466
4.484848484848484,1.815,1.4764358189924003,5.250766199584877,15.807984517106732,92.67750202415849
4.646464646464646,1.815,2.1127350374001566,7.450684789483887,15.781724578710833,228.81741513557287
4.808080808080808,1.815,3.0418185599527994,10.862666489033364,15.741144485867899,559.6378567667186
4.96969696969697,1.815,4.420107272484494,16.315947259987677,15.676309701553542,1390.5342666420865
5.1313131313131315,1.815,6.0142313566563015,21.711118855511923,15.596914337188979,2578.3846822670753
5.292929292929293,1.815,7.823287328018165,27.953316801013415,15.49054260581305,4406.7414570936335
5.454545454545455,1.815,9.86764528335762,36.05865300953841,15.338261078742349,7507.638927722412
5.616161616161616,1.815,12.115435356547016,46.99941879003179,15.112331451910608,12995.668712429402
5.777777777777778,1.815,14.38277954422897,61.90470972827272,14.770441252089785,22880.124370640875
5.9393939393939394,1.815,16.466687507495777,83.20652784081913,14.228858697302849,41826.92498356697
6.101010101010101,1.815,18.445468572512574,82.77814972650474,13.810573614709579,41390.02033068388
6.262626262626263,1.815,20.383226668471497,65.41309421867402,13.555944770490244,25610.47644655522
6.424242424242424,1.815,22.01854736916403,48.59127417000552,13.240476443632076,13918.852236178936
6.5858585858585865,1.815,23.100489568341985,32.725644517427895,12.860579043257044,6133.100027701627
6.747474747474747,1.815,23.523907732133107,18.818951537139696,12.394331090799149,1896.3742040826337
6.909090909090909,1.815,23.058899495518023,7.856858478578037,11.831420363406485,260.5688838274067
7.070707070707071,1.815,22.68939086956668,3.4228993957164877,11.329523653173293,25.575762282438323
7.232323232323233,1.815,23.383201791529512,3.2747907069844415,10.989556268666355,21.96775121872014
7.3939393939393945,1.815,23.80314932891648,3.1086612928312225,10.631577517885567,18.247021335122902
7.555555555555555,1.815,23.888143692971166,2.920441852789873,10.26203616896961,14.448396423219382
7.717171717171718,1.815,23.68785636146914,2.721698197966849,9.86644954853059,10.918038290680101
7.878787878787879,1.815,23.119599282573763,2.504346476879504,9.45865819897702,7.622382131226078
8.040404040404042,1.815,21.42634926139397,2.3182879321842984,8.934813368045875,5.270329539970716
8.202020202020202,1.815,17.30853838585244,2.242541219588628,8.083223886598855,4.436723166911828
8.363636363636363,1.815,13.430919021443833,2.1552995745606407,7.154056882907301,3.565484045821781
8.525252525252526,1.815,9.87737487478863,2.060068162548138,6.138833931927332,2.723062370060469
8.686868686868687,1.815,6.700477295552884,1.948746917597206,5.069901264107258,1.8820198723277186
8.848484848484848,1.815,4.015088632230251,1.823521927085907,3.9637734596473013,1.121067642016003
9.01010101010101,1.815,2.0325749368378507,1.6830803430441728,2.9180068001811783,0.5008405038625411
9.171717171717173,1.815,1.8858374314548751,1.572121437166382,2.552914220301372,0.1851611820763803
9.333333333333334,1.815,1.7255147705584595,1.4599544486178642,2.1994519071678655,0.02246584943170078
9.494949494949495,1.815,1.5534388178403806,1.345946892672934,1.8647305335585227,0.018260865073195597
9.656565656565657,1.815,1.372445576310177,1.2300816788719207,1.5539307808502545,0.18045147409365664
9.818181818181818,1.815,1.186876360449229,1.1149785241760817,1.26320231808866,0.5077327605052775
9.97979797979798,1.815,0.9999999965305946,1.000000005743093,0.999999994971094,0.9999999712845353
10.141414141414142,1.815,0.883176406966674,0.8616566240219012,0.7909746456030293,1.811334940371853
10.303030303030305,1.815,0.7749176059838323,0.7266702493302862,0.6082716570430251,2.833580957105867
10.464646464646465,1.815,0.6669045785766748,0.5997599475258065,0.44915330637214446,4.002400884899373
10.626262626262626,1.815,0.5610155399496636,0.4827234542136104,0.3124103740675495,5.258726634061314
10.787878787878789,1.815,0.45899184491481193,0.3759889518917831,0.2003095417815922,6.553741416548053
10.94949494949495,1.815,0.3627052057715709,0.28099998674565135,0.11239585801159784,7.8260064353952
11.11111111111111,1.815,0.30103927780861617,0.22419434644404476,0.08127124990584979,8.640743343338416
11.272727272727273,1.815,0.2548042083130167,0.18407423436075138,0.06947522252657168,9.240471672158705
11.434343434343436,1.815,0.21107639195339084,0.1477602703351985,0.058520733151280105,9.800652128443591
11.595959595959597,1.815,0.17027228262529187,0.11513848082355929,0.048648821662709577,10.31793202162744
11.757575757575758,1.815,0.13278839499594733,0.08642280365956531,0.039630019473352214,10.784281567159978
11.91919191919192,1.815,0.09905122547292361,0.061622077047930504,0.03156633904730117,11.195346654034344
12.080808080808081,1.815,0.07013263705511857,0.04177693901378781,0.024759166255587172,11.529811771217219
12.242424242424244,1.815,0.04768960233385167,0.02747112000870811,0.018980370716412915,11.773972040063436
12.404040404040405,1.815,0.0306654368768409,0.017030342190210997,0.013981974532484074,11.95378171514078
12.565656565656566,1.815,0.018149346135389825,0.009646221321826087,0.009775522071074919,12.081772686779228
12.727272727272728,1.815,0.009389973787228598,0.0047055150800453865,0.0063090901176817045,12.167791872800255
12.88888888888889,1.815,0.0037738403071874015,0.001705392543571065,0.0036110276480616995,12.220173807760801
13.050505050505052,1.815,0.001389906759502082,0.0005320009272385483,0.002063102158252393,12.24069175267949
13.212121212121213,1.815,0.0011556875051179508,0.000434178241236196,0.001690819161100883,12.24240305897052
13.373737373737374,1.815,0.0009381802534672238,0.00034516418967149256,0.0013590437540034967,12.243960371295234
13.535353535353536,1.815,0.000738735507095612,0.00026569640171721223,0.0010616875329478106,12.245350754186058
13.696969696969697,1.815,0.0005592595894638206,0.00019572070220907057,0.0008030641739374301,12.24657512712755
13.85858585858586,1.815,0.00040128090736668044,0.00013585348104025092,0.0005794920307796911,12.247622679432846
14.02020202020202,1.815,0.00027564686432019197,9.008749569862628e-05,0.000401117371268082,12.248423519548751
14.181818181818183,1.815,0.00022589166667355418,7.58127097814545e-05,0.0003057946890405626,12.248673313501115
14.343434343434344,1.815,0.0001801248717155997,6.269287670072512e-05,0.00022300601350909465,12.248902899222715
14.505050505050505,1.815,0.00013877623240641924,5.065656408625184e-05,0.0001536729349719936,12.249113526166532
14.666666666666668,1.815,0.00010209692036565067,3.982794920459459e-05,9.697711893323703e-05,12.249303020803076
14.828282828282829,1.815,7.045954056414601e-05,3.0187494905881075e-05,5.337314598421149e-05,12.249471724534677
14.989898989898991,1.815,4.421917985412265e-05,2.1781106716979292e-05,2.274086318789886e-05,12.249618833597557
15.151515151515152,1.815,3.5195201376252524e-05,1.7306503968384887e-05,1.750734415324284e-05,12.24969713805252
15.313131313131315,1.815,2.778219200946915e-05,1.348842443170384e-05,1.3892781592958169e-05,12.249763953709554
15.474747474747476,1.815,2.11420277059118e-05,1.009892550182758e-05,1.1723929271575343e-05,12.24982326944114
15.636363636363637,1.815,1.5321443122353336e-05,7.168207268757474e-06,1.1723929279134782e-05,12.24987455669394
15.7979797979798,1.815,1.0322763510973282e-05,4.720328827175386e-06,1.1723929285448801e-05,12.24991739438478
15.95959595959596,1.815,6.265121331856397e-06,2.7575247047903322e-06,1.172392929051163e-05,12.249951743365187
16.121212121212125,1.815,4.583178714832938e-06,1.980104545495474e-06,1.1723929292516901e-05,12.249965348194957
16.282828282828284,1.815,3.580941529514815e-06,1.533315385147576e-06,1.1723929293669346e-05,12.249973166995453
16.444444444444443,1.815,2.7076660987367653e-06,1.1327453146575068e-06,1.1723929294702573e-05,12.24998017696501
16.60606060606061,1.815,1.9418917056319563e-06,7.970189645012708e-07,1.1723929295568546e-05,12.249986052172087
16.767676767676768,1.815,1.3176930399095054e-06,5.08198463316852e-07,1.1723929296313527e-05,12.249991106528505
16.92929292929293,1.815,1.3176930399716977e-06,2.936627101303391e-07,1.1723929296866871e-05,12.249994860903108
17.090909090909093,1.815,1.317693040005405e-06,1.7738752158476885e-07,1.1723929297166777e-05,12.249996895718565
17.252525252525253,1.815,1.3176930400242705e-06,1.1230942453626126e-07,1.1723929297334628e-05,12.24999803458515
17.414141414141415,1.815,1.3176930400353993e-06,7.39205198084775e-08,1.1723929297433645e-05,12.249998706390937
17.575757575757578,1.815,1.3176930400353993e-06,7.39205198084775e-08,1.1723929297433645e-05,12.249998706390937
17.737373737373737,1.815,1.3176930400353993e-06,7.39205198084775e-08,1.1723929297433645e-05,12.249998706390937
17.8989898989899,1.815,1.3176930400353993e-06,7.39205198084775e-08,1.1723929297433645e-05,12.249998706390937
18.060606060606062,1.815,1.3176930400353993e-06,7.39205198084775e-08,1.1723929297433645e-05,12.249998706390937
18.22222222222222,1.815,1.3176930400353993e-06,7.39205198084775e-08,1.1723929297433645e-05,12.249998706390937
18.383838383838388,1.815,1.3176930400353993e-06,7.39205198084775e-08,1.1723929297433645e-05,12.249998706390937
18.545454545454547,1.815,1.3176930400353993e-06,7.39205198084775e-08,1.1723929297433645e-05,12.249998706390937
18.707070707070706,1.815,1.3176930400353993e-06,7.39205198084775e-08,1.1723929297433645e-05,12.249998706390937
18.868686868686872,1.815,1.3176930400353993e-06,7.39205198084775e-08,1.1723929297433645e-05,12.249998706390937
19.03030303030303,1.815,1.3176930400353993e-06,7.39205198084775e-08,1.1723929297433645e-05,12.249998706390937
19.191919191919194,1.815,1.3176930400353993e-06,7.39205198084775e-08,1.1723929297433645e-05,12.249998706390937
19.353535353535356,1.815,1.3176930400353993e-06,7.39205198084775e-08,1.1723929297433645e-05,12.249998706390937
19.515151515151516,1.815,1.3176930400353993e-06,7.39205198084775e-08,1.1723929297433645e-05,12.249998706390937
19.67676767676768,1.815,1.3176930400353993e-06,7.39205198084775e-08,1.1723929297433645e-05,12.249998706390937
19.83838383838384,1.815,1.3176930400353993e-06,7.39205198084775e-08,1.1723929297433645e-05,12.249998706390937
20.0,1.815,1.3176930400353993e-06,7.39205198084775e-08,1.1723929297433645e-05,12.249998706390937
4.0,1.91,0.5158434213425238,2.1036479145833127,15.84597456097533,3.0945024231090312
4.161616161616162,1.91,0.7260476665051351,2.777579427240935,15.837702630349519,11.86078173973414
4.3232323232323235,1.91,1.035306664231315,3.7794373463709245,15.825610582590103,35.38576303315442
4.484848484848484,1.91,1.4808920213094598,5.257887240412496,15.807909814402024,93.02058724835967
4.646464646464646,1.91,2.1165198662460427,7.456430112800398,15.781662611388388,229.25216069522142
4.808080808080808,1.91,3.0450451974198494,10.86741996778225,15.741091690775121,560.2002552897628
4.96969696969697,1.91,4.422880186419532,16.31999532212252,15.676263330643945,1391.2891275759862
5.1313131313131315,1.91,6.016462786962119,21.71417501331003,15.596876006450657,2579.1606654461843
5.292929292929293,1.91,7.825004815742552,27.95555041435095,15.490511275222708,4407.482861307093
5.454545454545455,1.91,9.86892778251819,36.06028768931732,15.338235204607415,7508.34714191401
5.616161616161616,1.91,12.116367813157051,47.00062427409872,15.112309719101033,12996.355838672009
5.777777777777778,1.91,14.383434680769282,61.90560187695715,14.770422722622454,22880.79911558025
5.9393939393939394,1.91,16.467130241018815,83.20719079842772,14.228842604820557,41827.602914564726
6.101010101010101,1.91,18.44576288300081,82.77851743432016,13.810561669726836,41390.39437379968
6.262626262626263,1.91,20.38342098670857,65.41325858776104,13.555936688435624,25610.607968897257
6.424242424242424,1.91,22.018672927942006,48.59134279926798,13.240470922711932,13918.892719987634
6.5858585858585865,1.91,23.100566276506726,32.725669558902815,12.860575362311586,6133.109833209815
6.747474747474747,1.91,23.523954411583023,18.818959420370362,12.39432856556708,1896.3759205531837
6.909090909090909,1.91,23.058926856731794,7.856860241692421,11.831418633810342,260.5690261296769
7.070707070707071,1.91,22.689407051637524,3.422899806660248,11.32952250278685,25.575772673662925
7.232323232323233,1.91,23.383211899225657,3.2747909216281537,10.989555526300947,21.96775624887088
7.3939393939393945,1.91,23.803155581299333,3.108661402418037,10.6315770394175,18.247023675707325
7.555555555555555,1.91,23.888147516246296,2.9204419072153756,10.262035861169398,14.448397457604557
7.717171717171718,1.91,23.68785867654401,2.7216982238018317,9.866449350817945,10.91803871750573
7.878787878787879,1.91,23.11960066543147,2.5043464885660125,9.458658072193208,7.622382292550513
8.040404040404042,1.91,21.426350043107643,2.3182879365550972,8.934813287146252,5.2703295901413645
8.202020202020202,1.91,17.308538771971676,2.242541220343781,8.083223834347704,4.436723174864926
8.363636363636363,1.91,13.430919200738257,2.1552995738297756,7.154056850492824,3.5654840389215043
8.525252525252526,1.91,9.877374955092524,2.0600681614090863,6.138833911840368,2.7230623606623237
8.686868686868687,1.91,6.700477326139059,1.9487469167079399,5.069901252822308,1.8820198662279422
8.848484848484848,1.91,4.0150886446577685,1.8235219257337323,3.963773453628299,1.121067634857557
9.01010101010101,1.91,2.0325749421206254,1.683080340508849,2.9180067981254485,0.5008404948912872
9.171717171717173,1.91,1.8858374309856414,1.572121437253018,2.552914220987723,0.1851611822627788
9.333333333333334,1.91,1.7255147678281761,1.4599544499074635,2.1994519084757287,0.02246585039816599
9.494949494949495,1.91,1.5534388151732654,1.3459468942073765,1.8647305346453835,0.018260864036428397
9.656565656565657,1.91,1.3724455736508885,1.230081682199525,1.5539307771369324,0.1804514670258948
9.818181818181818,1.91,1.186876366154298,1.1149785215189487,1.2632023133910104,0.5077327699720271
9.97979797979798,1.91,0.9999999916509508,1.0000000040995398,1.000000007202785,0.9999999795023006
10.141414141414142,1.91,0.8831764094576373,0.8616566223301821,0.790974645277429,1.811334951755925
10.303030303030305,1.91,0.7749176046587757,0.7266702519477777,0.608271653805535,2.8335809350754317
10.464646464646465,1.91,0.6669045720775304,0.5997599626117707,0.44915328967092505,4.002400733994466
10.626262626262626,1.91,0.5610155542894618,0.4827234428318604,0.3124103728060332,5.258726764563968
10.787878787878789,1.91,0.45899185228728295,0.3759889545590705,0.20030953152544562,6.5537413824064075
10.94949494949495,1.91,0.3627052222507935,0.2809999738204317,0.11239586104533704,7.826006616186714
11.11111111111111,1.91,0.30103927536324476,0.22419435125927895,0.08127124542944508,8.640743272566171
11.272727272727273,1.91,0.25480416232996506,0.18407426804138743,0.06947522042361992,9.240471160244297
11.434343434343436,1.91,0.21107639537372244,0.1477602872416174,0.058520710264254025,9.800651863807476
11.595959595959597,1.91,0.17027223916078055,0.11513850689783156,0.04864882062125245,10.317931602854582
11.757575757575758,1.91,0.13278837275063665,0.0864228245061544,0.03963001436110126,10.784281224864928
11.91919191919192,1.91,0.09905128740655574,0.06162203521369323,0.03156634271018772,11.195347353909602
12.080808080808081,1.91,0.0701326408496269,0.04177694243744502,0.024759160861803187,11.529811713091094
12.242424242424244,1.91,0.04768960713645972,0.0274711205022366,0.018980363351836498,11.773972031596157
12.404040404040405,1.91,0.030665387909972863,0.01703036742715009,0.01398198825150978,11.953781278866767
12.565656565656566,1.91,0.018149375879252222,0.009646196028609175,0.00977554813585357,12.081773126360725
12.727272727272728,1.91,0.009389962012888145,0.004705527947987466,0.006309061846587501,12.16779164836815
12.88888888888889,1.91,0.0037738264825522526,0.0017054010647779344,0.0036110145568632656,12.22017365882133
13.050505050505052,1.91,0.0013899132016110746,0.0005320004750591081,0.002063080150802547,12.240691760589623
13.212121212121213,1.91,0.001155695537191027,0.00043417490423915844,0.0016908206007139298,12.242403117349859
13.373737373737374,1.91,0.000938175921052787,0.00034516355960655717,0.0013590716419331714,12.243960382318651
13.535353535353536,1.91,0.0007387438645497959,0.0002656959572469396,0.0010616647775087114,12.245350761962811
13.696969696969697,1.91,0.0005592590629415314,0.0001957209677791885,0.0008030584413511835,12.246575122480717
13.85858585858586,1.91,0.000401273088612153,0.00013585438098552113,0.0005795171287443904,12.24762266368533
14.02020202020202,1.91,0.0002756707425661824,9.008255270036751e-05,0.0004010687963093862,12.248423606045657
14.181818181818183,1.91,0.00022588992377792634,7.581331524331142e-05,0.0003057905122373922,12.248673302906107
14.343434343434344,1.91,0.000180125665010984,6.26916500263303e-05,0.00022301219107846818,12.248902920688556
14.505050505050505,1.91,0.00013877089561878684,5.0659868174947816e-05,0.00015366596982004522,12.249113468347074
14.666666666666668,1.91,0.00010211155077014348,3.9818634772736196e-05,9.69947544744362e-05,12.249303183800997
14.828282828282829,1.91,7.046476806011005e-05,3.0182200378583548e-05,5.338242289199171e-05,12.249471817186906
14.989898989898991,1.91,4.423910620118051e-05,2.1767600645097763e-05,2.2750212094375964e-05,12.249619069950137
15.151515151515152,1.91,3.51823832587583e-05,1.7315654957066473e-05,1.749817994442949e-05,12.2496969779122
15.313131313131315,1.91,2.779716188661212e-05,1.3485456915694296e-05,1.3876567073343685e-05,12.249764005640584
15.474747474747476,1.91,2.1166016953531176e-05,1.0091479744764189e-05,1.1723929271594547e-05,12.249823399740952
15.636363636363637,1.91,1.5327276086627925e-05,7.1678543885227775e-06,1.1723929279135692e-05,12.249874562869312
15.7979797979798,1.91,1.031733838364923e-05,4.7235300121959736e-06,1.1723929285440544e-05,12.24991733836423
15.95959595959596,1.91,6.280897752836759e-06,2.7527677022702514e-06,1.1723929290523897e-05,12.24995182661257
16.121212121212125,1.91,4.595051076659157e-06,1.976587640013273e-06,1.1723929292525972e-05,12.249965409740714
16.282828282828284,1.91,3.5894241867887102e-06,1.5307069950880525e-06,1.1723929293676075e-05,12.249973212642226
16.444444444444443,1.91,2.7143101466468517e-06,1.1310280085962909e-06,1.1723929294707003e-05,12.249980207017844
16.60606060606061,1.91,1.9356421221970574e-06,7.920150770339537e-07,1.1723929295581451e-05,12.24998613974007
16.767676767676768,1.91,1.3176930399057164e-06,5.212683807724531e-07,1.1723929296279817e-05,12.249990877805034
16.92929292929293,1.91,1.3176930399695422e-06,3.0109780897380054e-07,1.1723929296847695e-05,12.249994730788908
17.090909090909093,1.91,1.3176930400054893e-06,1.770968029074615e-07,1.1723929297167526e-05,12.24999690080614
17.252525252525253,1.91,1.3176930400235971e-06,1.1463253473855494e-07,1.1723929297328638e-05,12.249997993930721
17.414141414141415,1.91,1.3176930400353993e-06,7.39205198084775e-08,1.1723929297433645e-05,12.249998706390937
17.575757575757578,1.91,1.3176930400353993e-06,7.39205198084775e-08,1.1723929297433645e-05,12.249998706390937
17.737373737373737,1.91,1.3176930400353993e-06,7.39205198084775e-08,1.1723929297433645e-05,12.249998706390937
17.8989898989899,1.91,1.3176930400353993e-06,7.39205198084775e-08,1.1723929297433645e-05,12.249998706390937
18.060606060606062,1.91,1.3176930400353993e-06,7.39205198084775e-08,1.1723929297433645e-05,12.249998706390937
18.22222222222222,1.91,1.3176930400353993e-06,7.39205198084775e-08,1.1723929297433645e-05,12.249998706390937
18.383838383838388,1.91,1.3176930400353993e-06,7.39205198084775e-08,1.1723929297433645e-05,12.249998706390937
18.545454545454547,1.91,1.3176930400353993e-06,7.39205198084775e-08,1.1723929297433645e-05,12.249998706390937
18.707070707070706,1.91,1.3176930400353993e-06,7.39205198084775e-08,1.1723929297433645e-05,12.249998706390937
18.868686868686872,1.91,1.3176930400353993e-06,7.39205198084775e-08,1.1723929297433645e-05,12.249998706390937
19.03030303030303,1.91,1.3176930400353993e-06,7.39205198084775e-08,1.1723929297433645e-05,12.249998706390937
19.191919191919194,1.91,1.3176930400353993e-06,7.39205198084775e-08,1.1723929297433645e-05,12.249998706390937
19.353535353535356,1.91,1.3176930400353993e-06,7.39205198084775e-08,1.1723929297433645e-05,12.249998706390937
19.515151515151516,1.91,1.3176930400353993e-06,7.39205198084775e-08,1.1723929297433645e-05,12.249998706390937
19.67676767676768,1.91,1.3176930400353993e-06,7.39205198084775e-08,1.1723929297433645e-05,12.249998706390937
19.83838383838384,1.91,1.3176930400353993e-06,7.39205198084775e-08,1.1723929297433645e-05,12.249998706390937
20.0,1.91,1.3176930400353993e-06,7.39205198084775e-08,1.1723929297433645e-05,12.249998706390937
4.0,2.005,0.5229897195013883,2.118475776097622,15.845829239282617,3.226296505244251
4.161616161616162,2.005,0.7321616145723451,2.7890177843468575,15.837588248053752,12.058565032699084
4.3232323232323235,2.005,1.0405435586652725,3.7884014231328256,15.82551887722303,35.652883487643166
4.484848484848484,2.005,1.4853587957853196,5.265011278703425,15.8078350653378,93.36445115315429
4.646464646464646,2.005,2.1203099761332442,7.462176576285951,15.781600622610213,229.68740526293786
4.808080808080808,2.005,3.048274469259497,10.872173852178678,15.74103888555197,560.762984286859
4.96969696969697,2.005,4.425654419887698,16.324043506931744,15.676216954847943,1392.0442162299473
5.1313131313131315,2.005,6.018694834674498,21.71723118796451,15.596837673464691,2579.936769657487
5.292929292929293,2.005,7.826722579125095,27.957784017510026,15.490479943611229,4408.224324504444
5.454545454545455,2.005,9.870210400738344,36.06192235631668,15.338209330011084,7509.055383970786
5.616161616161616,2.005,12.117300319620718,47.001829748346864,15.112287986086459,12997.04297748258
5.777777777777778,2.005,14.384089837325211,61.906494019010445,14.770404193069748,22881.473865453412
5.9393939393939394,2.005,16.467572982190397,83.20785375177223,14.228826512307696,41828.280846695954
6.101010101010101,2.005,18.446057196381833,82.77888514028021,13.810549724734804,41390.76841671824
6.262626262626263,2.005,20.383615305984936,65.41342295626316,13.555928606379256,25610.739491108987
6.424242424242424,2.005,22.018798487083014,48.59141142831822,13.240465401793289,13918.933203730021
6.5858585858585865,2.005,23.100642984683446,32.72569460027328,12.860571681373285,6133.11963868494
6.747474747474747,2.005,23.524001090892625,18.81896730352839,12.394326040348764,1896.3776370086946
6.909090909090909,2.005,23.058954218137366,7.856862004836483,11.831416904197122,260.5691684343812
7.070707070707071,2.005,22.68942323414126,3.422900217596147,11.329521352380363,25.575783064690874
7.232323232323233,2.005,23.383222006674263,3.2747911362378432,10.989554783974482,21.967761278224895
7.3939393939393945,2.005,23.80316183338837,3.1086615120913206,10.63157656090049,18.247026018138737
7.555555555555555,2.005,23.888151339165685,2.920441961571533,10.262035553459635,14.448398490671817
7.717171717171718,2.005,23.687860991043745,2.7216982497422038,9.866449153050931,10.91803914607253
7.878787878787879,2.005,23.119602047909066,2.5043465001401297,9.458657945572737,7.6223824523234605
8.040404040404042,2.005,21.426350826957123,2.3182879412380166,8.934813205643573,5.27032964389472
8.202020202020202,2.005,17.30853915592458,2.2425412209312827,8.083223782598097,4.436723181052354
8.363636363636363,2.005,13.430919380315817,2.1552995728961055,7.154056818361752,3.5654840301064974
8.525252525252526,2.005,9.877375037257007,2.0600681599250135,6.138833891867442,2.723062348417458
8.686868686868687,2.005,6.70047735917381,1.948746915167386,5.069901241686112,1.8820198556607646
8.848484848484848,2.005,4.015088656259669,1.8235219242536962,3.963773448282406,1.1210676270222104
9.01010101010101,2.005,2.0325749445445784,1.6830803408904125,2.9180067942556382,0.5008404962414511
9.171717171717173,2.005,1.8858374327065484,1.572121436351806,2.5529142202998454,0.185161180323805
9.333333333333334,2.005,1.7255147711623136,1.4599544471889763,2.1994519095780443,0.02246584836084847
9.494949494949495,2.005,1.5534388166551443,1.345946893720123,1.8647305334358142,0.018260864365647857
9.656565656565657,2.005,1.3724455762632333,1.2300816807144754,1.553930776614155,0.18045147018010899
9.818181818181818,2.005,1.18687636517518,1.1149785228920812,1.2632023128804024,0.5077327650798739
9.97979797979798,2.005,0.9999999997104063,0.9999999994656534,1.0000000030788576,1.0000000026717322
10.141414141414142,2.005,0.883176411744903,0.8616566208303406,0.7909746450116586,1.8113349618487973
10.303030303030305,2.005,0.7749175999517262,0.7266702510280543,0.6082716640774999,2.8335809428163956
10.464646464646465,2.005,0.6669045727831511,0.599759958099333,0.4491532963135506,4.002400779132382
10.626262626262626,2.005,0.5610155294738419,0.48272346216196316,0.312410372469333,5.258726542925845
10.787878787878789,2.005,0.4589918691753778,0.3759889330355462,0.20030954329259748,6.553741657910493
10.94949494949495,2.005,0.3627052105241096,0.2809999826877989,0.11239585841568445,7.826006492154412
11.11111111111111,2.005,0.3010392745771316,0.22419435668133558,0.08127124176262651,8.64074319287511
11.272727272727273,2.005,0.25480419719226943,0.1840742487667197,0.06947521813954073,9.240471453201353
11.434343434343436,2.005,0.21107636735452653,0.14776028907484934,0.058520728509656506,9.800651835111903
11.595959595959597,2.005,0.1702723054426319,0.1151384649877021,0.048648819043228375,10.31793227596349
11.757575757575758,2.005,0.13278832313496186,0.08642283365558333,0.03963003799114634,10.784281074633919
11.91919191919192,2.005,0.09905129667319186,0.06162204181333879,0.031566331112068864,11.195347243499349
12.080808080808081,2.005,0.07013261332038052,0.04177693575960689,0.024759192848924572,11.529811826466014
12.242424242424244,2.005,0.04768961413447097,0.027471122475799244,0.018980357740053994,11.77397199773651
12.404040404040405,2.005,0.030665410946061147,0.017030360260546377,0.013981976030521218,11.95378140275671
12.565656565656566,2.005,0.018149364431331156,0.009646202141459765,0.009775551062249891,12.081773020122911
12.727272727272728,2.005,0.00938998167697927,0.004705520255298368,0.00630905662822092,12.167791782537734
12.88888888888889,2.005,0.0037738302570521757,0.0017053982295630091,0.0036110182925475146,12.220173708377155
13.050505050505052,2.005,0.0013899146022401478,0.0005319990968565084,0.0020630874271635926,12.240691784699004
13.212121212121213,2.005,0.0011556893268487355,0.0004341761129898369,0.0016908377591303867,12.242403096203283
13.373737373737374,2.005,0.0009381719942160235,0.00034516298742075024,0.0013590968803335389,12.243960392329436
13.535353535353536,2.005,0.000738746297785934,0.00026569370905084257,0.0010616821534037708,12.245350801298777
13.696969696969697,2.005,0.0005592539701977593,0.00019571959270512268,0.0008030953987579965,12.24657514654115
13.85858585858586,2.005,0.0004012723707045366,0.00013585648035417824,0.0005794946313234229,12.247622626949942
14.02020202020202,2.005,0.0002756671170401065,9.008178012611087e-05,0.0004010903604858802,12.248423619564834
14.181818181818183,2.005,0.00022588833833781836,7.58138607431813e-05,0.0003057867208254038,12.248673293360374
14.343434343434344,2.005,0.00018013346021641241,6.269300273527132e-05,0.00022297190548918648,12.24890289701721
14.505050505050505,2.005,0.00013879195990054198,5.065456269141973e-05,0.0001536351463658362,12.249113561189677
14.666666666666668,2.005,0.00010210423007030113,3.9821862139906e-05,9.699118502100261e-05,12.249303127323682
14.828282828282829,2.005,7.047744962802146e-05,3.0180812846428742e-05,5.336008790462319e-05,12.249471841468194
14.989898989898991,2.005,4.421375625540676e-05,2.1777850535276495e-05,2.2759869092267676e-05,12.249618890579846
15.151515151515152,2.005,3.516428162110538e-05,1.7320741813583983e-05,1.7510517696904625e-05,12.249696888893313
15.313131313131315,2.005,2.7773046956901166e-05,1.3491891324652449e-05,1.389788839201123e-05,12.249763893039512
15.474747474747476,2.005,2.1147824740151115e-05,1.0094414237415488e-05,1.1723929271586978e-05,12.249823348387702
15.636363636363637,2.005,1.5298251088411173e-05,7.180019235406827e-06,1.1723929279104318e-05,12.249874349985582
15.7979797979798,2.005,1.0334435067872407e-05,4.71135188695822e-06,1.1723929285471954e-05,12.249917551480703
15.95959595959596,2.005,6.2685034019344765e-06,2.7578075350271605e-06,1.1723929290510899e-05,12.249951738415668
16.121212121212125,2.005,4.576855374870212e-06,1.9829980570219275e-06,1.1723929292509437e-05,12.249965297558573
16.282828282828284,2.005,3.5957239665565655e-06,1.5277390823719223e-06,1.1723929293683728e-05,12.249973264580644
16.444444444444443,2.005,2.7188818251266106e-06,1.1296875351518302e-06,1.1723929294710461e-05,12.24998023047611
16.60606060606061,2.005,1.9391348027982494e-06,7.91226320025168e-07,1.1723929295583486e-05,12.24998615354331
16.767676767676768,2.005,1.3176930399059809e-06,5.203562430550746e-07,1.1723929296282168e-05,12.249990893767439
16.92929292929293,2.005,1.3176930399720749e-06,2.923618086535413e-07,1.1723929296870227e-05,12.249994883668878
17.090909090909093,2.005,1.3176930400057137e-06,1.7632202026235308e-07,1.1723929297169523e-05,12.249996914364836
17.252525252525253,2.005,1.3176930400235959e-06,1.146371307458134e-07,1.1723929297328626e-05,12.249997993850291
17.414141414141415,2.005,1.3176930400353993e-06,7.39205198084775e-08,1.1723929297433645e-05,12.249998706390937
17.575757575757578,2.005,1.3176930400353993e-06,7.39205198084775e-08,1.1723929297433645e-05,12.249998706390937
17.737373737373737,2.005,1.3176930400353993e-06,7.39205198084775e-08,1.1723929297433645e-05,12.249998706390937
17.8989898989899,2.005,1.3176930400353993e-06,7.39205198084775e-08,1.1723929297433645e-05,12.249998706390937
18.060606060606062,2.005,1.3176930400353993e-06,7.39205198084775e-08,1.1723929297433645e-05,12.249998706390937
18.22222222222222,2.005,1.3176930400353993e-06,7.39205198084775e-08,1.1723929297433645e-05,12.249998706390937
18.383838383838388,2.005,1.3176930400353993e-06,7.39205198084775e-08,1.1723929297433645e-05,12.249998706390937
18.545454545454547,2.005,1.3176930400353993e-06,7.39205198084775e-08,1.1723929297433645e-05,12.249998706390937
18.707070707070706,2.005,1.3176930400353993e-06,7.39205198084775e-08,1.1723929297433645e-05,12.249998706390937
18.868686868686872,2.005,1.3176930400353993e-06,7.39205198084775e-08,1.1723929297433645e-05,12.249998706390937
19.03030303030303,2.005,1.3176930400353993e-06,7.39205198084775e-08,1.1723929297433645e-05,12.249998706390937
19.191919191919194,2.005,1.3176930400353993e-06,7.39205198084775e-08,1.1723929297433645e-05,12.249998706390937
19.353535353535356,2.005,1.3176930400353993e-06,7.39205198084775e-08,1.1723929297433645e-05,12.249998706390937
19.515151515151516,2.005,1.3176930400353993e-06,7.39205198084775e-08,1.1723929297433645e-05,12.249998706390937
19.67676767676768,2.005,1.3176930400353993e-06,7.39205198084775e-08,1.1723929297433645e-05,12.249998706390937
19.83838383838384,2.005,1.3176930400353993e-06,7.39205198084775e-08,1.1723929297433645e-05,12.249998706390937
20.0,2.005,1.3176930400353993e-06,7.39205198084775e-08,1.1723929297433645e-05,12.249998706390937
4.0,2.1,0.5302140887974159,2.1333453147934667,15.845683445623433,3.3612209420595556
4.161616161616162,2.1,0.7383163264412204,2.800474182662649,15.837473646443804,12.258299601903841
4.3232323232323235,2.1,1.0458013902083347,3.7973729813783677,15.825427071165581,35.921232574018774
4.484848484848484,2.1,1.489836157055315,5.272138300735778,15.807760270016598,93.70909387515596
4.646464646464646,2.1,2.1241053711716336,7.467924175804861,15.78153861240716,230.12314877073194
4.808080808080808,2.1,3.0515063765985935,10.876928140949884,15.740986070208068,561.3260436795488
4.96969696969697,2.1,4.428429973191336,16.328091814013003,15.676170574168667,1392.7995325475124
5.1313131313131315,2.1,6.020927499866603,21.720287379363047,15.59679933823203,2580.712994874382
5.292929292929293,2.1,7.828440618182991,27.96001761046096,15.49044861097889,4408.965846674977
5.454545454545455,2.1,9.871493138020268,36.0635570105278,15.338183454953464,7509.763653888194
5.616161616161616,2.1,12.11823287593765,47.003035212747676,15.112266252867206,12997.730128844403
5.777777777777778,2.1,14.384745013923382,61.90738615445187,14.770385663431085,22882.148620274707
5.9393939393939394,2.1,16.468015730998744,83.20851670080577,14.228810419765065,41828.958779912595
6.101010101010101,2.1,18.446351512626855,82.77925284434829,13.810537779734684,41391.142459402305
6.262626262626263,2.1,20.383809626360776,65.41358732413265,13.555920524320689,25610.87101315222
6.424242424242424,2.1,22.018924046652252,48.59148005717148,13.240459880873765,13918.973687415084
6.5858585858585865,2.1,23.10071969296058,32.72571964159203,12.860568000436567,6133.129444147655
6.747474747474747,2.1,23.52404777035561,18.818975186664293,12.394323515127505,1896.3793534601646
6.909090909090909,2.1,23.058981579574457,7.856863767957313,11.831415174589232,260.56931073724934
7.070707070707071,2.1,22.68943941649023,3.4229006285392276,11.329520201979234,25.575793455902517
7.232323232323233,2.1,23.38323211449111,3.27479135083625,10.989554041634086,21.967766307315063
7.3939393939393945,2.1,23.803168085375535,3.1086616217151306,10.631576082427644,18.247028359513624
7.555555555555555,2.1,23.888155162454627,2.920442016028846,10.262035245631468,14.448399525661632
7.717171717171718,2.1,23.68786330598465,2.721698275657715,9.866448955265914,10.918039574228606
7.878787878787879,2.1,23.119603430618675,2.5043465118350636,9.45865781878913,7.622382613764203
8.040404040404042,2.1,21.426351611321415,2.318287945712186,8.934813124338687,5.2703296952519185
8.202020202020202,2.1,17.30853953822344,2.2425412220535015,8.083223730315325,4.436723192871299
8.363636363636363,2.1,13.430919561574292,2.1552995720176327,7.154056785800098,3.5654840218126203
8.525252525252526,2.1,9.877375115001898,2.0600681585293983,6.13883387298341,2.723062336902444
8.686868686868687,2.1,6.700477389798142,1.9487469146711711,5.069901229599272,1.8820198522570604
8.848484848484848,2.1,4.015088668927044,1.8235219238682099,3.963773439973241,1.1210676249814364
9.01010101010101,2.1,2.0325749491055793,1.683080339401016,2.918006791053518,0.5008404909712157
9.171717171717173,2.1,1.885837438016461,1.5721214351800576,2.5529142150792596,0.1851611778027676
9.333333333333334,2.1,1.7255147698013535,1.459954449399226,2.1994519069382887,0.02246585001727728
9.494949494949495,2.1,1.553438817887095,1.3459468931765752,1.8647305321966117,0.018260864732903496
9.656565656565657,2.1,1.3724455753139428,1.2300816781751673,1.55393078322431,0.1804514755735461
9.818181818181818,2.1,1.1868763640599416,1.1149785239298828,1.2632023121768363,0.507732761382427
9.97979797979798,2.1,0.9999999923182453,1.000000007518488,0.9999999995216459,0.9999999624075596
10.141414141414142,2.1,0.8831764014851881,0.8616566261665681,0.79097465092067,1.8113349259397626
10.303030303030305,2.1,0.7749175990194367,0.7266702533319219,0.6082716608146995,2.833580923425613
10.464646464646465,2.1,0.6669045740045189,0.5997599545163989,0.44915330274552373,4.002400814972474
10.626262626262626,2.1,0.5610155383986765,0.4827234474997205,0.312410385715745,5.258726711042486
10.787878787878789,2.1,0.4589918738234917,0.37598893552827717,0.20030953347715488,6.553741626003194
10.94949494949495,2.1,0.3627052251936828,0.2809999710352519,0.11239586112453494,7.8260066551444165
11.11111111111111,2.1,0.30103929495688436,0.22419433829389965,0.08127124412249176,8.640743463125752
11.272727272727273,2.1,0.25480418324890963,0.18407425197524227,0.06947522388975572,9.240471404434789
11.434343434343436,2.1,0.2110763941556675,0.14776026522549543,0.058520734998343156,9.800652208425756
11.595959595959597,2.1,0.17027226685820013,0.11513849075799787,0.04864881878014923,10.31793186207272
11.757575757575758,2.1,0.1327883502285998,0.08642281182753309,0.03963004565781472,10.784281433044278
11.91919191919192,2.1,0.09905122806724703,0.06162207902245971,0.03156633654909951,11.195346621001017
12.080808080808081,2.1,0.07013261810787846,0.041776939177134466,0.024759186832806427,11.529811768443954
12.242424242424244,2.1,0.04768966516879729,0.02747108490788714,0.01898037041434753,11.773972642274574
12.404040404040405,2.1,0.03066542223995573,0.01703035473227739,0.013981966754817454,11.953781498324561
12.565656565656566,2.1,0.01814934584329949,0.009646208285553333,0.009775555297970414,12.081772913342116
12.727272727272728,2.1,0.009389956099549523,0.004705527743254142,0.0063090713026837065,12.167791651938941
12.88888888888889,2.1,0.003773818137883573,0.0017054057225900693,0.003611006809032295,12.220173577408913
13.050505050505052,2.1,0.0013899049996495766,0.0005320013015762246,0.002063106929428287,12.240691746131068
13.212121212121213,2.1,0.0011556862126790622,0.0004341781644707022,0.0016908231034963592,12.242403060313498
13.373737373737374,2.1,0.0009381889693601332,0.0003451591386615043,0.001359067799503881,12.243960459666116
13.535353535353536,2.1,0.0007387335911321968,0.0002656981825992435,0.0010616807043372753,12.245350723026537
13.696969696969697,2.1,0.0005592546187516026,0.00019572019004482076,0.0008030900262605449,12.246575136089165
13.85858585858586,2.1,0.00040126574224584664,0.00013585719594000245,0.0005795174801490902,12.247622614428407
14.02020202020202,2.1,0.0002756513291407391,9.008765933255049e-05,0.00040109180044287085,12.248423516685342
14.181818181818183,2.1,0.00022588793960640722,7.581470703868615e-05,0.0003057846847274899,12.248673278551005
14.343434343434344,2.1,0.00018013367169938596,6.269183910911505e-05,0.00022297891683385553,12.248902917379754
14.505050505050505,2.1,0.00013875835612322463,5.066541498283665e-05,0.00015365404761820458,12.249113371281451
14.666666666666668,2.1,0.00010209908457122821,3.982538739555185e-05,9.698937535913207e-05,12.249303065633462
14.828282828282829,2.1,7.046396210821868e-05,3.018889985008026e-05,5.335591620260707e-05,12.249471699948678
14.989898989898991,2.1,4.421969855838148e-05,2.1779966703800294e-05,2.274006032664471e-05,12.249618853547474
15.151515151515152,2.1,3.5181490057133736e-05,1.7317970736362638e-05,1.749147798734462e-05,12.249696937386561
15.313131313131315,2.1,2.778688998794827e-05,1.3488943935045015e-05,1.3882811465521905e-05,12.249763944618332
15.474747474747476,2.1,2.1136660813404778e-05,1.0099652809675463e-05,1.1723929271573468e-05,12.249823256713348
15.636363636363637,2.1,1.5297523775147582e-05,7.175837829150041e-06,1.1723929279115102e-05,12.249874423159818
15.7979797979798,2.1,1.032896421236968e-05,4.714670509522879e-06,1.1723929285463396e-05,12.249917493405007
15.95959595959596,2.1,6.282694408288965e-06,2.7534710394416473e-06,1.1723929290522085e-05,12.249951814304191
16.121212121212125,2.1,4.606692195876752e-06,1.9675268494112e-06,1.1723929292549341e-05,12.249965568304328
16.282828282828284,2.1,3.5757788935744176e-06,1.5360191584448484e-06,1.1723929293662373e-05,12.24997311967947
16.444444444444443,2.1,2.692893240940076e-06,1.1386050862677624e-06,1.172392929468746e-05,12.249980074419092
16.60606060606061,2.1,1.920851261461147e-06,8.039394100610547e-07,1.1723929295550697e-05,12.249985931064359
16.767676767676768,2.1,1.3176930399097646e-06,5.073039128101421e-07,1.1723929296315834e-05,12.24999112218313
16.92929292929293,2.1,1.3176930399720207e-06,2.925483592657296e-07,1.1723929296869746e-05,12.249994880404245
17.090909090909093,2.1,1.317693040007992e-06,1.6846292240482786e-07,1.1723929297189794e-05,12.24999705189903
17.252525252525253,2.1,1.3176930400219867e-06,1.20187951970334e-07,1.172392929731431e-05,12.249997896710926
17.414141414141415,2.1,1.3176930400344101e-06,7.733249572792617e-08,1.1723929297424844e-05,12.249998646681359
17.575757575757578,2.1,1.3176930400353993e-06,7.39205198084775e-08,1.1723929297433645e-05,12.249998706390937
17.737373737373737,2.1,1.3176930400353993e-06,7.39205198084775e-08,1.1723929297433645e-05,12.249998706390937
17.8989898989899,2.1,1.3176930400353993e-06,7.39205198084775e-08,1.1723929297433645e-05,12.249998706390937
18.060606060606062,2.1,1.3176930400353993e-06,7.39205198084775e-08,1.1723929297433645e-05,12.249998706390937
18.22222222222222,2.1,1.3176930400353993e-06,7.39205198084775e-08,1.1723929297433645e-05,12.249998706390937
18.383838383838388,2.1,1.3176930400353993e-06,7.39205198084775e-08,1.1723929297433645e-05,12.249998706390937
18.545454545454547,2.1,1.3176930400353993e-06,7.39205198084775e-08,1.1723929297433645e-05,12.249998706390937
18.707070707070706,2.1,1.3176930400353993e-06,7.39205198084775e-08,1.1723929297433645e-05,12.249998706390937
18.868686868686872,2.1,1.3176930400353993e-06,7.39205198084775e-08,1.1723929297433645e-05,12.249998706390937
19.03030303030303,2.1,1.3176930400353993e-06,7.39205198084775e-08,1.1723929297433645e-05,12.249998706390937
19.191919191919194,2.1,1.3176930400353993e-06,7.39205198084775e-08,1.1723929297433645e-05,12.249998706390937
19.353535353535356,2.1,1.3176930400353993e-06,7.39205198084775e-08,1.1723929297433645e-05,12.249998706390937
19.515151515151516,2.1,1.3176930400353993e-06,7.39205198084775e-08,1.1723929297433645e-05,12.249998706390937
19.67676767676768,2.1,1.3176930400353993e-06,7.39205198084775e-08,1.1723929297433645e-05,12.249998706390937
19.83838383838384,2.1,1.3176930400353993e-06,7.39205198084775e-08,1.1723929297433645e-05,12.249998706390937
20.0,2.1,1.3176930400353993e-06,7.39205198084775e-08,1.1723929297433645e-05,12.249998706390937
4.0,2.1950000000000003,0.5375170444550248,2.148255985594808,15.845537184507329,3.4992938748653586
4.161616161616162,2.1950000000000003,0.744511967401631,2.811948465348441,15.837358826756484,12.459990429998857
4.3232323232323235,2.1950000000000003,1.0510802090939542,3.806351974985709,15.825335164769031,36.19081142198514
4.484848484848484,2.1950000000000003,1.4943241197415922,5.2792682927694425,15.807685428541168,94.05451554553964
4.646464646464646,2.1950000000000003,2.127906055468052,7.473672907218782,15.781476580810116,230.55939114927156
4.808080808080808,2.1950000000000003,3.0547409205634293,10.881682832822513,15.740933244753041,561.8894333890071
4.96969696969697,2.1950000000000003,4.431206846631954,16.332140242964382,15.676124188609242,1393.555076472227
5.1313131313131315,2.1950000000000003,6.023160782612037,21.72334358739188,15.59676100075365,2581.489341069892
5.292929292929293,2.1950000000000003,7.830158932931807,27.962251193174314,15.49041727732598,4409.707427808064
5.454545454545455,2.1950000000000003,9.87277599436559,36.06519165194566,15.33815757943463,7510.47195166327
5.616161616161616,2.1950000000000003,12.119165482105252,47.00424066731887,15.112244519443127,12998.417292767126
5.777777777777778,2.1950000000000003,14.385400210538288,61.90827828327348,14.770367133706893,22882.823380037906
5.9393939393939394,2.1950000000000003,16.46845848744108,83.20917964552515,14.228794327192773,41829.63671421129
6.101010101010101,2.1950000000000003,18.446645831748313,82.77962054659628,13.810525834725086,41391.516501924954
6.262626262626263,2.1950000000000003,20.384003947791694,65.41375169144605,13.555912442259386,25611.002535088195
6.424242424242424,2.1950000000000003,22.019049606600785,48.59154868590164,13.2404543599528,13919.014171086406
6.5858585858585865,2.1950000000000003,23.100796401445823,32.72574468289081,12.860564319496177,6133.139249610388
6.747474747474747,2.1950000000000003,23.524094449737408,18.818983069797444,12.394320989910705,1896.3810699118121
6.909090909090909,2.1950000000000003,23.059008940872708,7.856865531063044,11.831413444992325,260.56945303893787
7.070707070707071,2.1950000000000003,22.689455598626694,3.422901039446623,11.329519051613264,25.575803846213923
7.232323232323233,2.1950000000000003,23.383242222591157,3.2747915654549087,10.989553299263255,21.967771336880418
7.3939393939393945,2.1950000000000003,23.80317433812064,3.1086617313205487,10.631575603921672,18.24703070049584
7.555555555555555,2.1950000000000003,23.888158985519187,2.920442070357498,10.262034937931817,14.448400558206218
7.717171717171718,2.1950000000000003,23.687865621114124,2.7216983015757426,9.866448757468993,10.918040002426267
7.878787878787879,2.1950000000000003,23.11960481455207,2.504346523516219,9.458657691924989,7.6223827750147395
8.040404040404042,2.1950000000000003,21.426352393806667,2.3182879503892155,8.934813042975016,5.270329748937666
8.202020202020202,2.1950000000000003,17.308539922857868,2.2425412229092445,8.083223678098737,4.436723201883784
8.363636363636363,2.1950000000000003,13.430919742185347,2.155299571302029,7.154056753117995,3.5654840150564318
8.525252525252526,2.1950000000000003,9.877375197200719,2.0600681571054587,6.138833852937585,2.7230623251537285
8.686868686868687,2.1950000000000003,6.70047742473771,1.9487469128666894,5.069901218194722,1.8820198398795132
8.848484848484848,2.1950000000000003,4.015088679856199,1.823521922844752,3.963773434173928,1.1210676195632252
9.01010101010101,2.1950000000000003,2.0325749518961165,1.6830803393182097,2.918006787411093,0.5008404906782048
9.171717171717173,2.1950000000000003,1.8858374366179014,1.5721214355473816,2.5529142164942096,0.18516117859307168
9.333333333333334,2.1950000000000003,1.7255147737728405,1.4599544477937523,2.199451904339668,0.02246584881408611
9.494949494949495,2.1950000000000003,1.5534388178628402,1.3459468916840567,1.864730535960492,0.01826086574134432
9.656565656565657,2.1950000000000003,1.3724455776282225,1.230081676992871,1.5539307824833617,0.18045147808471856
9.818181818181818,2.1950000000000003,1.186876363256268,1.114978525079855,1.2632023117630273,0.5077327572853426
9.97979797979798,2.1950000000000003,0.9999999972820524,1.0000000007686014,1.000000004725324,0.9999999961569925
10.141414141414142,2.1950000000000003,0.8831764038899632,0.8616566246016817,0.7909746504071968,1.8113349364703408
10.303030303030305,2.1950000000000003,0.7749176126268112,0.7266702469839649,0.6082716507591032,2.8335809768539666
10.464646464646465,2.1950000000000003,0.6669045783599272,0.5997599541571846,0.4491532949785903,4.002400818565694
10.626262626262626,2.1950000000000003,0.5610155381250735,0.48272345278826473,0.31241037697562574,5.258726650404266
10.787878787878789,2.1950000000000003,0.4589918526338677,0.3759889517808525,0.20030953195690304,6.553741417967979
10.94949494949495,2.1950000000000003,0.3627052144482978,0.28099997932811627,0.11239585874808393,7.826006539147974
11.11111111111111,2.1950000000000003,0.30103928658984735,0.22419433874286032,0.08127125209280635,8.64074345652712
11.272727272727273,2.1950000000000003,0.25480417051284143,0.184074254906287,0.06947522914232598,9.240471359885628
11.434343434343436,2.1950000000000003,0.2110763970472512,0.1477602801653904,0.05852071500599564,9.800651974571633
11.595959595959597,2.1950000000000003,0.1702722876064365,0.11513848554376184,0.04864880639064243,10.31793194581736
11.757575757575758,2.1950000000000003,0.1327883328091607,0.08642282961387293,0.03963004007606352,10.784281140997651
11.91919191919192,2.1950000000000003,0.09905128158771918,0.061622042373178004,0.031566339761856306,11.195347234133395
12.080808080808081,2.1950000000000003,0.07013268333399733,0.041776912790817446,0.024759164775911353,11.529812216425263
12.242424242424244,2.1950000000000003,0.047689596331485305,0.027471115789165945,0.018980384009258208,11.773972112456477
12.404040404040405,2.1950000000000003,0.030665377759535453,0.017030374758468532,0.013981977887034727,11.953781152129382
12.565656565656566,2.1950000000000003,0.018149336672353807,0.009646213331380557,0.009775557653568254,12.081772825648553
12.727272727272728,2.1950000000000003,0.009389974317463124,0.004705520725296497,0.006309066126748044,12.167791774340412
12.88888888888889,2.1950000000000003,0.0037738172013677953,0.0017054007867217738,0.0036110400090170838,12.220173663681386
13.050505050505052,2.1950000000000003,0.0013899106814801753,0.0005320008919053363,0.002063087572894789,12.240691753297584
13.212121212121213,2.1950000000000003,0.0011556950484394202,0.0004341751974112482,0.0016908233633173941,12.242403112220936
13.373737373737374,2.1950000000000003,0.0009381734011983774,0.00034516422253384765,0.001359074481126993,12.243960370720284
13.535353535353536,2.1950000000000003,0.000738736258420323,0.00026569603266967057,0.0010616958869790057,12.245350760643165
13.696969696969697,2.1950000000000003,0.0005592542809106461,0.00019572041012365076,0.0008030837829345621,12.246575132238327
13.85858585858586,2.1950000000000003,0.00040128267992608455,0.00013585398432004007,0.0005794762131487446,12.247622670626301
14.02020202020202,2.1950000000000003,0.0002756488574691037,9.008673265973741e-05,0.00040111050333269056,12.248423532901075
14.181818181818183,2.1950000000000003,0.000225881840560629,7.581355528469331e-05,0.00030582344571096026,12.24867329870561
14.343434343434344,2.1950000000000003,0.00018011036711808992,6.2697720032762e-05,0.00022301001957311542,12.248902814468199
14.505050505050505,2.1950000000000003,0.0001387723377526355,5.065821048675493e-05,0.00015366857233441915,12.24911349735557
14.666666666666668,2.1950000000000003,0.00010209309302240414,3.9828103647551756e-05,9.698649532499675e-05,12.249303018100402
14.828282828282829,2.1950000000000003,7.047543458040362e-05,3.018728079440833e-05,5.333655999557243e-05,12.249471728281545
14.989898989898991,2.1950000000000003,4.42368866802275e-05,2.1768199450386947e-05,2.27481637628032e-05,12.249619059471208
15.151515151515152,2.1950000000000003,3.5184075233178174e-05,1.731012000244482e-05,1.7512529071128346e-05,12.249697074772705
15.313131313131315,2.1950000000000003,2.7763886557432608e-05,1.3493982220098525e-05,1.3901312496514994e-05,12.249763856449194
15.474747474747476,2.1950000000000003,2.1128159551233375e-05,1.0105252088069451e-05,1.1723929271559028e-05,12.249823158726684
15.636363636363637,2.1950000000000003,1.5302261230467562e-05,7.174554989340993e-06,1.172392927911841e-05,12.249874445609397
15.7979797979798,2.1950000000000003,1.0323970458294956e-05,4.71770150992689e-06,1.1723929285455577e-05,12.24991744036268
15.95959595959596,2.1950000000000003,6.2712966935458265e-06,2.7580408970363184e-06,1.1723929290510297e-05,12.249951734331843
16.121212121212125,2.1950000000000003,4.589533831603456e-06,1.973761693652266e-06,1.172392929253326e-05,12.249965459194707
16.282828282828284,2.1950000000000003,3.581888509337471e-06,1.5329966484682706e-06,1.1723929293670169e-05,12.249973172573336
16.444444444444443,2.1950000000000003,2.726778231975781e-06,1.1266011720476223e-06,1.1723929294718421e-05,12.249980284487416
16.60606060606061,2.1950000000000003,1.9228329029849902e-06,8.019768817496447e-07,1.172392929555576e-05,12.249985965408587
16.767676767676768,2.1950000000000003,1.317693039906469e-06,5.186725127088221e-07,1.1723929296286512e-05,12.249990923232705
16.92929292929293,2.1950000000000003,1.3176930399701398e-06,2.990364694301341e-07,1.172392929685301e-05,12.249994766862342
17.090909090909093,2.1950000000000003,1.3176930400057648e-06,1.7614659971549167e-07,1.1723929297169977e-05,12.249996917434697
17.252525252525253,2.1950000000000003,1.3176930400220697e-06,1.1990092685325354e-07,1.1723929297315048e-05,12.24999790173387
17.414141414141415,2.1950000000000003,1.3176930400353993e-06,7.39205198084775e-08,1.1723929297433645e-05,12.249998706390937
17.575757575757578,2.1950000000000003,1.3176930400353993e-06,7.39205198084775e-08,1.1723929297433645e-05,12.249998706390937
17.737373737373737,2.1950000000000003,1.3176930400353993e-06,7.39205198084775e-08,1.1723929297433645e-05,12.249998706390937
17.8989898989899,2.1950000000000003,1.3176930400353993e-06,7.39205198084775e-08,1.1723929297433645e-05,12.249998706390937
18.060606060606062,2.1950000000000003,1.3176930400353993e-06,7.39205198084775e-08,1.1723929297433645e-05,12.249998706390937
18.22222222222222,2.1950000000000003,1.3176930400353993e-06,7.39205198084775e-08,1.1723929297433645e-05,12.249998706390937
18.383838383838388,2.1950000000000003,1.3176930400353993e-06,7.39205198084775e-08,1.1723929297433645e-05,12.249998706390937
18.545454545454547,2.1950000000000003,1.3176930400353993e-06,7.39205198084775e-08,1.1723929297433645e-05,12.249998706390937
18.707070707070706,2.1950000000000003,1.3176930400353993e-06,7.39205198084775e-08,1.1723929297433645e-05,12.249998706390937
18.868686868686872,2.1950000000000003,1.3176930400353993e-06,7.39205198084775e-08,1.1723929297433645e-05,12.249998706390937
19.03030303030303,2.1950000000000003,1.3176930400353993e-06,7.39205198084775e-08,1.1723929297433645e-05,12.249998706390937
19.191919191919194,2.1950000000000003,1.3176930400353993e-06,7.39205198084775e-08,1.1723929297433645e-05,12.249998706390937
19.353535353535356,2.1950000000000003,1.3176930400353993e-06,7.39205198084775e-08,1.1723929297433645e-05,12.249998706390937
19.515151515151516,2.1950000000000003,1.3176930400353993e-06,7.39205198084775e-08,1.1723929297433645e-05,12.249998706390937
19.67676767676768,2.1950000000000003,1.3176930400353993e-06,7.39205198084775e-08,1.1723929297433645e-05,12.249998706390937
19.83838383838384,2.1950000000000003,1.3176930400353993e-06,7.39205198084775e-08,1.1723929297433645e-05,12.249998706390937
20.0,2.1950000000000003,1.3176930400353993e-06,7.39205198084775e-08,1.1723929297433645e-05,12.249998706390937
4.0,2.29,0.544899100396591,2.163207238697277,15.845390460483724,3.640533057499515
4.161616161616162,2.29,0.7507487024899331,2.8234404747820703,15.837243790235705,12.663642407798786
4.3232323232323235,2.29,1.0563800654984563,3.8153383577111057,15.825243158385874,36.46162113894113
4.484848484848484,2.29,1.4988226984528528,5.286401241046155,15.807610541014448,94.40071629003182
4.646464646464646,2.29,2.1317120331261354,7.47942276638695,15.781414527849995,230.99613232789966
4.808080808080808,2.29,3.0579781022800407,10.886437926523184,15.74088040919652,562.4531533361092
4.96969696969697,2.29,4.433985040512419,16.33618879338332,15.676077798172791,1394.3108479474342
5.1313131313131315,2.29,6.025394682984739,21.726399811940365,15.596722661030478,2582.265808217808
5.292929292929293,2.29,7.8318775233874405,27.964484765618273,15.490385942652802,4410.449067892283
5.454545454545455,2.29,9.87405896978386,36.06682628056273,15.338131703454609,7511.180277291967
5.616161616161616,2.29,12.120098138125305,47.0054461120448,15.112222785814373,12999.10446924139
5.777777777777778,2.29,14.386055427187943,61.909170405465616,14.770348603897064,22883.498144735473
5.9393939393939394,2.29,16.468901251532923,83.20984258597449,14.228778234589978,41830.314649637025
6.101010101010101,2.29,18.446940153728498,82.77998824693128,13.810513889707853,41391.8905441917
6.262626262626263,2.29,20.3841982703321,65.4139160581135,13.555904360195855,25611.134056845
6.424242424242424,2.29,22.01917516696434,48.591617314358835,13.240448839033634,13919.05465465558
6.5858585858585865,2.29,23.100873110065514,32.725769724079655,12.860560638559063,6133.1490550379085
6.747474747474747,2.29,23.524141129300023,18.818990952965443,12.394318464684197,1896.382786371825
6.909090909090909,2.29,23.059036302349153,7.856867294226746,11.831411715372484,260.56959534534394
7.070707070707071,2.29,22.689471781102363,3.422901450389493,11.3295179012047,25.575814237424456
7.232323232323233,2.29,23.383252330226913,3.2747917800733246,10.989552556919381,21.967776366440653
7.3939393939393945,2.29,23.803180590094907,3.1086618409367768,10.631575125457843,18.24703304170909
7.555555555555555,2.29,23.888162808915833,2.9204421247817844,10.262034630124761,14.448401592568421
7.717171717171718,2.29,23.68786793643971,2.7216983275574482,9.866448559592898,10.918040431675974
7.878787878787879,2.29,23.119606197353903,2.504346535098433,9.45865756526204,7.622382934899467
8.040404040404042,2.29,21.42635317886712,2.318287954990745,8.934812961442583,5.270329801756778
8.202020202020202,2.29,17.308540305237198,2.2425412238461058,8.083223626093515,4.436723211750587
8.363636363636363,2.29,13.430919921134851,2.1552995707401754,7.154056720489139,3.5654840097518337
8.525252525252526,2.29,9.877375276665195,2.0600681560332443,6.13883383299658,2.723062316307047
8.686868686868687,2.29,6.700477455140538,1.9487469117489844,5.06990120750402,1.8820198322127983
8.848484848484848,2.29,4.0150886918582,1.8235219215492247,3.96377342827219,1.1210676127046728
9.01010101010101,2.29,2.0325749552787653,1.6830803381876065,2.9180067852533162,0.5008404866775608
9.171717171717173,2.29,1.885837438769401,1.5721214355613775,2.552914213578075,0.18516117862318413
9.333333333333334,2.29,1.7255147739553454,1.4599544477427058,2.1994519040977534,0.0224658487758303
9.494949494949495,2.29,1.553438816952424,1.345946894144301,1.8647305323305343,0.01826086407904626
9.656565656565657,2.29,1.372445575498155,1.2300816799740752,1.5539307794799562,0.18045147175270343
9.818181818181818,2.29,1.18687636597502,1.114978521019477,1.2632023150615308,0.5077327717515294
9.97979797979798,2.29,0.9999999952144527,1.0000000016376387,1.0000000060054475,0.9999999918118061
10.141414141414142,2.29,0.883176405809024,0.8616566228874142,0.790974649680013,1.8113349480061476
10.303030303030305,2.29,0.7749176003463986,0.7266702564673951,0.6082716537339812,2.8335808970355205
10.464646464646465,2.29,0.6669045687828042,0.599759962718649,0.44915329388367686,4.002400732925362
10.626262626262626,2.29,0.561015550821161,0.48272344392232225,0.312410376170405,5.25872675206078
10.787878787878789,2.29,0.4589918534790385,0.3759889499276763,0.20030953616388386,6.553741441688891
10.94949494949495,2.29,0.3627052107512304,0.28099998644494545,0.1123958559545122,7.826006439601323
11.11111111111111,2.29,0.30103928419250386,0.2241943430834064,0.0812712482702495,8.640743392731638
11.272727272727273,2.29,0.2548041740533193,0.1840742620154851,0.06947521951613826,9.240471251832417
11.434343434343436,2.29,0.21107637243551206,0.1477602820568678,0.058520730781139,9.800651944964343
11.595959595959597,2.29,0.17027225315656067,0.11513850845385669,0.04864880672950608,10.317931577863622
11.757575757575758,2.29,0.1327883546955062,0.08642280809971646,0.039630046256712514,10.78428149425396
11.91919191919192,2.29,0.09905128742294636,0.06162204628700315,0.03156632892654174,11.195347168656175
12.080808080808081,2.29,0.07013261315800105,0.04177694480822706,0.0247591769766606,11.52981167284046
12.242424242424244,2.29,0.0476896031619864,0.02747111785962419,0.01898037834046913,11.773972076934436
12.404040404040405,2.29,0.030665440905743198,0.01703033860842534,0.013981987020481784,11.95378177705954
12.565656565656566,2.29,0.018149372775390485,0.00964619836120564,0.00977554085406418,12.081773085821546
12.727272727272728,2.29,0.009389956559627887,0.004705527257206162,0.006309077972930833,12.167791660416192
12.88888888888889,2.29,0.0037738209759089216,0.0017053983542051501,0.0036110423050641164,12.220173706198572
13.050505050505052,2.29,0.0013899115369488551,0.0005319994859770315,0.0020630929301816863,12.240691777891982
13.212121212121213,2.29,0.0011556925240006235,0.00043417733030548115,0.0016908113529876822,12.242403074906866
13.373737373737374,2.29,0.0009381733466841482,0.000345164900467711,0.0013590655106594407,12.243960358859365
13.535353535353536,2.29,0.0007387423758081353,0.00026569538159959755,0.0010616753794666439,12.24535077203473
13.696969696969697,2.29,0.0005592539765615072,0.0001957206138560442,0.0008030780654431896,12.246575128673506
13.85858585858586,2.29,0.00040127617373123507,0.00013585474405400908,0.0005794979299292185,12.24762265733225
14.02020202020202,2.29,0.00027566567922731174,9.0081657297542e-05,0.0004011088400691018,12.248423621714197
14.181818181818183,2.29,0.00022588089815726698,7.581405997534913e-05,0.0003058189091673252,12.248673289874004
14.343434343434344,2.29,0.00018011163067034437,6.269649585680157e-05,0.0002230150058841343,12.248902835890322
14.505050505050505,2.29,0.00013877361752361262,5.0662931087304096e-05,0.00015362254125693935,12.24911341474805
14.666666666666668,2.29,0.00010210544479816611,3.982032463847881e-05,9.70008080518365e-05,12.249303154229187
14.828282828282829,2.29,7.045469347896024e-05,3.0191851828890573e-05,5.336167886717694e-05,12.249471648290168
14.989898989898991,2.29,4.421478256782054e-05,2.1777149007967174e-05,2.2756703358871576e-05,12.249618902856387
15.151515151515152,2.29,3.519904551369535e-05,1.7308026490104324e-05,1.7494987022403678e-05,12.24969711140872
15.313131313131315,2.29,2.77784931477531e-05,1.3491936286436145e-05,1.388810728578035e-05,12.249763892252687
15.474747474747476,2.29,2.1150043424719064e-05,1.0099397135640587e-05,1.1723929271574127e-05,12.24982326118761
15.636363636363637,2.29,1.532835657854639e-05,7.159687709559722e-06,1.1723929279156756e-05,12.249874705785462
15.7979797979798,2.29,1.0319394003202667e-05,4.720480726640934e-06,1.172392928544841e-05,12.249917391726548
15.95959595959596,2.29,6.2841911661639155e-06,2.754056967432319e-06,1.1723929290520574e-05,12.249951804050474
16.121212121212125,2.29,4.600469982540749e-06,1.9716582230812714e-06,1.1723929292538684e-05,12.249965496005387
16.282828282828284,2.29,3.5829558592699425e-06,1.5282782188463985e-06,1.172392929368234e-05,12.249973255145765
16.444444444444443,2.29,2.704112080169352e-06,1.1355219544284663e-06,1.1723929294695413e-05,12.249980128373851
16.60606060606061,2.29,1.9199220135204295e-06,7.982024143215498e-07,1.1723929295565495e-05,12.249986031461727
16.767676767676768,2.29,1.3176930399068377e-06,5.174004820199714e-07,1.1723929296289793e-05,12.249990945493236
16.92929292929293,2.29,1.3176930399723247e-06,2.914989392390605e-07,1.1723929296872452e-05,12.249994898769094
17.090909090909093,2.29,1.3176930400058213e-06,1.7595096088732337e-07,1.1723929297170482e-05,12.249996920858376
17.252525252525253,2.29,1.3176930400221449e-06,1.1964212250102825e-07,1.1723929297315718e-05,12.249997906262946
17.414141414141415,2.29,1.3176930400353993e-06,7.39205198084775e-08,1.1723929297433645e-05,12.249998706390937
17.575757575757578,2.29,1.3176930400353993e-06,7.39205198084775e-08,1.1723929297433645e-05,12.249998706390937
17.737373737373737,2.29,1.3176930400353993e-06,7.39205198084775e-08,1.1723929297433645e-05,12.249998706390937
17.8989898989899,2.29,1.3176930400353993e-06,7.39205198084775e-08,1.1723929297433645e-05,12.249998706390937
18.060606060606062,2.29,1.3176930400353993e-06,7.39205198084775e-08,1.1723929297433645e-05,12.249998706390937
18.22222222222222,2.29,1.3176930400353993e-06,7.39205198084775e-08,1.1723929297433645e-05,12.249998706390937
18.383838383838388,2.29,1.3176930400353993e-06,7.39205198084775e-08,1.1723929297433645e-05,12.249998706390937
18.545454545454547,2.29,1.3176930400353993e-06,7.39205198084775e-08,1.1723929297433645e-05,12.249998706390937
18.707070707070706,2.29,1.3176930400353993e-06,7.39205198084775e-08,1.1723929297433645e-05,12.249998706390937
18.868686868686872,2.29,1.3176930400353993e-06,7.39205198084775e-08,1.1723929297433645e-05,12.249998706390937
19.03030303030303,2.29,1.3176930400353993e-06,7.39205198084775e-08,1.1723929297433645e-05,12.249998706390937
19.191919191919194,2.29,1.3176930400353993e-06,7.39205198084775e-08,1.1723929297433645e-05,12.249998706390937
19.353535353535356,2.29,1.3176930400353993e-06,7.39205198084775e-08,1.1723929297433645e-05,12.249998706390937
19.515151515151516,2.29,1.3176930400353993e-06,7.39205198084775e-08,1.1723929297433645e-05,12.249998706390937
19.67676767676768,2.29,1.3176930400353993e-06,7.39205198084775e-08,1.1723929297433645e-05,12.249998706390937
19.83838383838384,2.29,1.3176930400353993e-06,7.39205198084775e-08,1.1723929297433645e-05,12.249998706390937
20.0,2.29,1.3176930400353993e-06,7.39205198084775e-08,1.1723929297433645e-05,12.249998706390937
4.0,2.3850000000000002,0.5523607691790434,2.1781985196515623,15.845243278141346,3.7849558499242697
4.161616161616162,2.3850000000000002,0.7570266964809527,2.8349500525677014,15.837128538132433,12.869260333525306
4.3232323232323235,2.3850000000000002,1.0617010095401824,3.8243320831899035,15.825151052369812,36.73366280989936
4.484848484848484,2.3850000000000002,1.503331907784196,5.293537131789664,15.807535607539597,94.74769622890551
4.646464646464646,2.3850000000000002,2.135523308246449,7.485173749165932,15.781352453557744,231.43337223461353
4.808080808080808,2.3850000000000002,3.0612179228730048,10.891193420777658,15.740827563548144,563.0172034413317
4.96969696969697,2.3850000000000002,4.436764555133778,16.340237464867425,15.676031402862453,1395.066846916426
5.1313131313131315,2.3850000000000002,6.027629201056568,21.729456052894843,15.596684319063492,2583.0423962911427
5.292929292929293,2.3850000000000002,7.833596389568249,27.96671832776445,15.490354606959615,4411.190766917346
5.454545454545455,2.3850000000000002,9.875342064272012,36.0684608963666,15.338105827013587,7511.888630768125
5.616161616161616,2.3850000000000002,12.121030843998055,47.00665154692932,15.112201051980916,12999.79165826894
5.777777777777778,2.3850000000000002,14.38671066386361,61.91006252102833,14.770330074001695,22884.17291436723
5.9393939393939394,2.3850000000000002,16.469344023252415,83.21050552212088,14.228762141957482,41830.99258615606
6.101010101010101,2.3850000000000002,18.447234478603423,82.780355945412,13.810501944681231,41392.2645862622
6.262626262626263,2.3850000000000002,20.384392593948206,65.41408042418183,13.555896278130025,25611.26557846012
6.424242424242424,2.3850000000000002,22.01930072769716,48.59168594266675,13.240443318114027,13919.095138195566
6.5858585858585865,2.3850000000000002,23.100949818762604,32.72579476525629,12.86055695762239,6133.15886046849
6.747474747474747,2.3850000000000002,23.52418780885049,18.81899883610498,12.394315939462365,1896.3845028264168
6.909090909090909,2.3850000000000002,23.059063663823576,7.856869057319266,11.831409985771133,260.56973764604373
7.070707070707071,2.3850000000000002,22.689487963261744,3.4229018613039863,11.32951675083276,25.575824627919573
7.232323232323233,2.3850000000000002,23.383262437990435,3.274791994687809,10.989551814572325,21.96778139590933
7.3939393939393945,2.3850000000000002,23.803186842393334,3.1086619506144317,10.631574646921777,18.247035384234465
7.555555555555555,2.3850000000000002,23.888166631551606,2.920442179203345,10.262034322374593,14.448402626878854
7.717171717171718,2.3850000000000002,23.687870250893187,2.7216983534751717,9.86644836184894,10.918040859868626
7.878787878787879,2.3850000000000002,23.119607580094925,2.5043465468989,9.458657438360888,7.622383097797027
8.040404040404042,2.3850000000000002,21.42635396059638,2.318287959502193,8.934812880351169,5.270329853541883
8.202020202020202,2.3850000000000002,17.30854068877057,2.242541224556014,8.083223574232473,4.436723219227171
8.363636363636363,2.3850000000000002,13.430920100346595,2.155299569993842,7.154056688113868,3.565484002705519
8.525252525252526,2.3850000000000002,9.877375355622197,2.0600681548220128,6.138833813463221,2.7230623063133548
8.686868686868687,2.3850000000000002,6.7004774896937995,1.9487469103817938,5.069901195386523,1.8820198228347784
8.848484848484848,2.3850000000000002,4.015088703995436,1.8235219200747375,3.9637734225967063,1.121067604898702
9.01010101010101,2.3850000000000002,2.0325749576934156,1.683080338792915,2.9180067807229175,0.5008404888194473
9.171717171717173,2.3850000000000002,1.8858374425481192,1.5721214347463772,2.5529142097866298,0.18516117686969638
9.333333333333334,2.3850000000000002,1.7255147741310297,1.459954447702255,2.199451903884947,0.022465848745515268
9.494949494949495,2.3850000000000002,1.5534388181273278,1.345946893737193,1.8647305314058895,0.018260864354114344
9.656565656565657,2.3850000000000002,1.3724455774837911,1.2300816786915771,1.5539307787921346,0.1804514744767025
9.818181818181818,2.3850000000000002,1.186876365141755,1.1149785221774826,1.263202314547337,0.5077327676258232
9.97979797979798,2.3850000000000002,0.9999999933130153,1.0000000024388913,1.0000000071850366,0.999999987805543
10.141414141414142,2.3850000000000002,0.8831764078789575,0.8616566216060657,0.7909746492828021,1.8113349566287165
10.303030303030305,2.3850000000000002,0.7749175995121942,0.7266702582815465,0.6082716512749649,2.8335808817664945
10.464646464646465,2.3850000000000002,0.6669045700145086,0.5997599593771178,0.4491532996417787,4.0024007663507
10.626262626262626,2.3850000000000002,0.5610155459745523,0.48272344540423734,0.3124103810850456,5.258726735069207
10.787878787878789,2.3850000000000002,0.4589918582750913,0.37598895151370165,0.2003095278394158,6.55374142138755
10.94949494949495,2.3850000000000002,0.36270520143714785,0.2809999934633591,0.11239585397331393,7.8260063414312615
11.11111111111111,2.3850000000000002,0.3010392831736793,0.22419434796256368,0.08127124507281282,8.640743321019878
11.272727272727273,2.3850000000000002,0.2548041628278255,0.18407426440678604,0.06947522455983397,9.240471215486862
11.434343434343436,2.3850000000000002,0.21107637775073573,0.14776029638839103,0.05852071304540656,9.800651720633061
11.595959595959597,2.3850000000000002,0.17027229767749852,0.11513846596256726,0.048648825023889924,10.317932260306405
11.757575757575758,2.3850000000000002,0.13278833848586521,0.08642282461761021,0.03963004109577766,10.784281223034856
11.91919191919192,2.3850000000000002,0.09905122738365607,0.06162207887155513,0.031566333800918375,11.195346623525607
12.080808080808081,2.3850000000000002,0.07013261713337685,0.04177694731010573,0.024759172224661525,11.529811630364094
12.242424242424244,2.3850000000000002,0.04768960673011611,0.0274711181993361,0.018980372041438036,11.773972071106128
12.404040404040405,2.3850000000000002,0.030665411100613493,0.01703036427654199,0.013981960835700235,11.953781333331714
12.565656565656566,2.3850000000000002,0.018149363262749088,0.009646203400634896,0.009775543597611989,12.081772998239177
12.727272727272728,2.3850000000000002,0.00938997329853456,0.004705520813027919,0.006309072937380806,12.167791772810268
12.88888888888889,2.3850000000000002,0.0037738317021154704,0.0017053979576505246,0.003611016438236587,12.220173713129826
13.050505050505052,2.3850000000000002,0.0013899032068694361,0.0005320014128586081,0.0020631098871372808,12.240691744184364
13.212121212121213,2.3850000000000002,0.001155689598498101,0.00043417906706286685,0.00169079941848657,12.242403044523037
13.373737373737374,2.3850000000000002,0.0009381850951408002,0.0003451602786072851,0.0013590708777269824,12.243960439721981
13.535353535353536,2.3850000000000002,0.0007387480809817313,0.000265694809414202,0.0010616566138403648,12.245350782046073
13.696969696969697,2.3850000000000002,0.000559250753958301,0.00019571977157965102,0.0008031095828648084,12.246575143411285
13.85858585858586,2.3850000000000002,0.0004012874866129397,0.00013585057912600596,0.0005794971684345427,12.247622730211416
14.02020202020202,2.3850000000000002,0.000275651054961815,9.00865838068279e-05,0.0004011082363183934,12.248423535505829
14.181818181818183,2.3850000000000002,0.00022588083694621242,7.58147950270714e-05,0.0003058158254353487,12.248673277011294
14.343434343434344,2.3850000000000002,0.00018011874266943417,6.269744008058052e-05,0.00022298102601158899,12.248902819367142
14.505050505050505,2.3850000000000002,0.00013878599587178127,5.065644290739691e-05,0.00015363729259591316,12.249113528287088
14.666666666666668,2.3850000000000002,0.00010209967664880722,3.9823026221397166e-05,9.699770155102853e-05,12.249303106952832
14.828282828282829,2.3850000000000002,7.046023879373572e-05,3.0187937705859898e-05,5.337044723662212e-05,12.249471716785841
14.989898989898991,2.3850000000000002,4.421623896093759e-05,2.1777200734395e-05,2.275600951688951e-05,12.249618901951184
15.151515151515152,2.3850000000000002,3.518849106955207e-05,1.731522723176921e-05,1.7488074086552515e-05,12.249696985397298
15.313131313131315,2.3850000000000002,2.7784557606970834e-05,1.3486471663384184e-05,1.3894642545922024e-05,12.24976398788267
15.474747474747476,2.3850000000000002,2.1153325559287505e-05,1.008707860702598e-05,1.17239292716059e-05,12.249823476760305
15.636363636363637,2.3850000000000002,1.5332926886935566e-05,7.159826535118201e-06,1.1723929279156397e-05,12.249874703356026
15.7979797979798,2.3850000000000002,1.0321065503127888e-05,4.7257309671739845e-06,1.1723929285434867e-05,12.249917299847649
15.95959595959596,2.3850000000000002,6.289740452237755e-06,2.747616237461979e-06,1.1723929290537186e-05,12.249951916763026
16.121212121212125,2.3850000000000002,4.584941771426799e-06,1.977236025824709e-06,1.17239292925243e-05,12.24996539839398
16.282828282828284,2.3850000000000002,3.598257857944626e-06,1.5292664854502113e-06,1.172392929367979e-05,12.249973237851119
16.444444444444443,2.3850000000000002,2.6879104489378195e-06,1.145692187645095e-06,1.1723929294669182e-05,12.24997995039492
16.60606060606061,2.3850000000000002,1.923443252656612e-06,7.973022331276441e-07,1.1723929295567816e-05,12.24998604721489
16.767676767676768,2.3850000000000002,1.3176930399076724e-06,5.145213489084858e-07,1.172392929629722e-05,12.249990995878045
16.92929292929293,2.3850000000000002,1.3176930399704278e-06,2.980428769744211e-07,1.1723929296855574e-05,12.249994784250205
17.090909090909093,2.3850000000000002,1.3176930400058742e-06,1.7576865856214355e-07,1.1723929297170951e-05,12.249996924048666
17.252525252525253,2.3850000000000002,1.3176930400222129e-06,1.1940757226441453e-07,1.172392929731632e-05,12.249997910367572
17.414141414141415,2.3850000000000002,1.3176930400345925e-06,7.670353537165424e-08,1.1723929297426467e-05,12.249998657688167
17.575757575757578,2.3850000000000002,1.3176930400353993e-06,7.39205198084775e-08,1.1723929297433645e-05,12.249998706390937
17.737373737373737,2.3850000000000002,1.3176930400353993e-06,7.39205198084775e-08,1.1723929297433645e-05,12.249998706390937
17.8989898989899,2.3850000000000002,1.3176930400353993e-06,7.39205198084775e-08,1.1723929297433645e-05,12.249998706390937
18.060606060606062,2.3850000000000002,1.3176930400353993e-06,7.39205198084775e-08,1.1723929297433645e-05,12.249998706390937
18.22222222222222,2.3850000000000002,1.3176930400353993e-06,7.39205198084775e-08,1.1723929297433645e-05,12.249998706390937
18.383838383838388,2.3850000000000002,1.3176930400353993e-06,7.39205198084775e-08,1.1723929297433645e-05,12.249998706390937
18.545454545454547,2.3850000000000002,1.3176930400353993e-06,7.39205198084775e-08,1.1723929297433645e-05,12.249998706390937
18.707070707070706,2.3850000000000002,1.3176930400353993e-06,7.39205198084775e-08,1.1723929297433645e-05,12.249998706390937
18.868686868686872,2.3850000000000002,1.3176930400353993e-06,7.39205198084775e-08,1.1723929297433645e-05,12.249998706390937
19.03030303030303,2.3850000000000002,1.3176930400353993e-06,7.39205198084775e-08,1.1723929297433645e-05,12.249998706390937
19.191919191919194,2.3850000000000002,1.3176930400353993e-06,7.39205198084775e-08,1.1723929297433645e-05,12.249998706390937
19.353535353535356,2.3850000000000002,1.3176930400353993e-06,7.39205198084775e-08,1.1723929297433645e-05,12.249998706390937
19.515151515151516,2.3850000000000002,1.3176930400353993e-06,7.39205198084775e-08,1.1723929297433645e-05,12.249998706390937
19.67676767676768,2.3850000000000002,1.3176930400353993e-06,7.39205198084775e-08,1.1723929297433645e-05,12.249998706390937
19.83838383838384,2.3850000000000002,1.3176930400353993e-06,7.39205198084775e-08,1.1723929297433645e-05,12.249998706390937
20.0,2.3850000000000002,1.3176930400353993e-06,7.39205198084775e-08,1.1723929297433645e-05,12.249998706390937
4.0,2.4800000000000004,0.5599025619305414,2.1932292694479214,15.845095642107625,3.9325792119305203
4.161616161616162,2.4800000000000004,0.7633461138800645,2.8464770395445775,15.837013071704616,13.076848912060283
4.3232323232323235,2.4800000000000004,1.0670430912785598,3.833333104937481,15.825058847075734,37.00693749740426
4.484848484848484,2.4800000000000004,1.5078517623171463,5.300675951205751,15.80746062821996,95.09545547696804
4.646464646464646,2.4800000000000004,2.1393398849263523,7.490925851409803,15.78129035796435,231.8711107960765
4.808080808080808,2.4800000000000004,3.0644603834668334,10.895949314311896,15.740774707817556,563.5815836248784
4.96969696969697,2.4800000000000004,4.439545390798194,16.34428625701498,15.675985002681346,1395.8230733225419
5.1313131313131315,2.4800000000000004,6.029864336901432,21.732512310143893,15.596645974853628,2583.8191052634556
5.292929292929293,2.4800000000000004,7.835315531488034,27.9689518795803,15.490323270246744,4411.932524871585
5.454545454545455,2.4800000000000004,9.876625277834473,36.070095499351346,15.338079950111617,7512.597012088389
5.616161616161616,2.4800000000000004,12.121963599725529,47.00785697196908,15.112179317942783,13000.478859847432
5.777777777777778,2.4800000000000004,14.387365920569714,61.91095462997032,14.770311544020652,22884.84768893954
5.9393939393939394,2.4800000000000004,16.469786802608567,83.21116845395173,14.22874604929529,41831.67052375541
6.101010101010101,2.4800000000000004,18.44752880632475,82.7807236420484,13.810489999646235,41392.63862814659
6.262626262626263,2.4800000000000004,20.38458691861358,65.4142447896122,13.555888196063295,25611.397099902446
6.424242424242424,2.4800000000000004,22.01942628884509,48.59175457081528,13.240437797192795,13919.135621700407
6.5858585858585865,2.4800000000000004,23.10102652765292,32.72581980636335,12.860553276684996,6133.168665879663
6.747474747474747,2.4800000000000004,23.524234488521902,18.819006719216333,12.394313414239296,1896.3862192756485
6.909090909090909,2.4800000000000004,23.05909102524937,7.856870820450295,11.831408256162666,260.5698799498903
7.070707070707071,2.4800000000000004,22.689504145513826,3.4229022722541993,11.329515600432678,25.575835019320014
7.232323232323233,2.4800000000000004,23.383272545699562,3.2747922092973347,10.989551072231071,21.967786425262382
7.3939393939393945,2.4800000000000004,23.80319309495265,3.108662060175128,10.631574168463809,18.24703772426195
7.555555555555555,2.4800000000000004,23.888170455057395,2.920442233597971,10.262034014588558,14.448403660677425
7.717171717171718,2.4800000000000004,23.687872565732015,2.721698379374493,9.866448164091247,10.91804128775726
7.878787878787879,2.4800000000000004,23.119608964387268,2.5043465584637628,9.458657311589953,7.622383257442232
8.040404040404042,2.4800000000000004,21.42635474562717,2.3182879639580656,8.934812799019701,5.270329904689061
8.202020202020202,2.4800000000000004,17.308541072383616,2.2425412254945583,8.08322352205923,4.4367232291117
8.363636363636363,2.4800000000000004,13.43092028100972,2.155299569279891,7.154056655392687,3.565483995964932
8.525252525252526,2.4800000000000004,9.877375437398793,2.060068153590187,6.138833793143837,2.7230622961497426
8.686868686868687,2.4800000000000004,6.700477521895613,1.948746909003954,5.069901184378864,1.8820198133837112
8.848484848484848,2.4800000000000004,4.015088715333408,1.823521919184336,3.9637734162142686,1.1210676001848952
9.01010101010101,2.4800000000000004,2.0325749631716308,1.6830803366955116,2.9180067774947624,0.5008404813977766
9.171717171717173,2.4800000000000004,1.8858374436263112,1.5721214349254231,2.5529142077984632,0.18516117725491682
9.333333333333334,2.4800000000000004,1.7255147775586146,1.4599544464125798,2.1994519018017957,0.022465847778993183
9.494949494949495,2.4800000000000004,1.5534388192224056,1.3459468933700993,1.8647305305643103,0.018260864602146272
9.656565656565657,2.4800000000000004,1.372445575535201,1.230081681390742,1.5539307761746666,0.18045146874373294
9.818181818181818,2.4800000000000004,1.1868763642153488,1.1149785230992983,1.2632023139054607,0.5077327643416072
9.97979797979798,2.4800000000000004,0.9999999955065452,1.0000000047213828,0.9999999995930421,0.9999999763930855
10.141414141414142,2.4800000000000004,0.8831764097624561,0.8616566203957124,0.7909746488910788,1.811334964773537
10.303030303030305,2.4800000000000004,0.7749175987029875,0.7266702599202217,0.6082716489737968,2.8335808679743852
10.464646464646465,2.4800000000000004,0.6669045706200278,0.5997599558133138,0.4491533046005595,4.002400801999434
10.626262626262626,2.4800000000000004,0.5610155375761183,0.4827234477442047,0.3124103868137163,5.25872670823924
10.787878787878789,2.4800000000000004,0.4589918581019973,0.37598894920867093,0.20030953155999556,6.553741450892258
10.94949494949495,2.4800000000000004,0.36270521420684393,0.2809999831833472,0.1123958564372052,7.826006485222932
11.11111111111111,2.4800000000000004,0.3010393001011747,0.22419433272635644,0.08127124694421682,8.64074354495511
11.272727272727273,2.4800000000000004,0.25480419087654455,0.1840742488783584,0.06947522252281403,9.240471451504549
11.434343434343436,2.4800000000000004,0.21107639989510446,0.14776027580688084,0.058520719090123505,9.800652042795369
11.595959595959597,2.4800000000000004,0.17027226547049507,0.11513848786033962,0.048648824619978034,10.317931908611339
11.757575757575758,2.4800000000000004,0.13278835868840755,0.0864228050800593,0.039630046826648675,10.784281543835872
11.91919191919192,2.4800000000000004,0.09905127712051572,0.061622047895994514,0.0315663374957035,11.195347141738194
12.080808080808081,2.4800000000000004,0.0701326619716269,0.041776915942673756,0.024759182370217254,11.529812162913716
12.242424242424244,2.4800000000000004,0.047689610024267706,0.027471118512668966,0.01898036622475384,11.773972065730394
12.404040404040405,2.4800000000000004,0.030665372159126267,0.017030381636035853,0.013981970915598734,11.953781033236053
12.565656565656566,2.4800000000000004,0.018149354478924636,0.009646208053980171,0.00977554613097204,12.081772917366724
12.727272727272728,2.4800000000000004,0.009389951970151193,0.004705527136765177,0.006309084744649953,12.167791662516827
12.88888888888889,2.4800000000000004,0.0037738345537383453,0.0017053957844944381,0.0036110193863477624,12.220173751113732
13.050505050505052,2.4800000000000004,0.0013899083016094538,0.0005320010449265766,0.00206309263754369,12.24069175062073
13.212121212121213,2.4800000000000004,0.0011556930871881492,0.0004341754821902242,0.001690826218737597,12.242403107238854
13.373737373737374,2.4800000000000004,0.0009381845968933901,0.00034516105566157184,0.0013590627325375114,12.243960426126884
13.535353535353536,2.4800000000000004,0.0007387444794831096,0.00026569183401166694,0.0010617034154766212,12.245350834105738
13.696969696969697,2.4800000000000004,0.0005592677617916266,0.00019571548782097598,0.0008030848651013192,12.246575218366582
13.85858585858586,2.4800000000000004,0.00040126971661984197,0.00013585709985718683,0.0005794996985627029,12.247622616109695
14.02020202020202,2.4800000000000004,0.0002756488778460235,9.00858048222136e-05,0.0004011241606857789,12.248423549137184
14.181818181818183,2.4800000000000004,0.0002258799095151148,7.581518145518624e-05,0.0003058117988612504,12.248673270249165
14.343434343434344,2.4800000000000004,0.00018011948570806086,6.269628466270572e-05,0.0002229866137256627,12.248902839586052
14.505050505050505,2.4800000000000004,0.0001387576484748372,5.0665515939141837e-05,0.00015365308071582618,12.249113369514777
14.666666666666668,2.4800000000000004,0.00010209548550075412,3.982596346156303e-05,9.699591126248518e-05,12.249303055552591
14.828282828282829,2.4800000000000004,7.047066374931112e-05,3.0186596169718415e-05,5.3352851668595396e-05,12.249471740262218
14.989898989898991,2.4800000000000004,4.4222173324701696e-05,2.1779508993840588e-05,2.2739899311115845e-05,12.249618861557273
15.151515151515152,2.4800000000000004,3.517362160003054e-05,1.731935588062842e-05,1.749843224221935e-05,12.249696913146838
15.313131313131315,2.4800000000000004,2.7769967397156635e-05,1.3493783181903298e-05,1.3891885297358477e-05,12.249763859932328
15.474747474747476,2.4800000000000004,2.1145171172480092e-05,1.0092517253918128e-05,1.1723929271591872e-05,12.24982338158467
15.636363636363637,2.4800000000000004,1.5309224536030355e-05,7.169955739339759e-06,1.1723929279130273e-05,12.24987452609586
15.7979797979798,2.4800000000000004,1.0361088015184031e-05,4.706591058993954e-06,1.1723929285484231e-05,12.249917634794915
15.95959595959596,2.4800000000000004,6.257540646766178e-06,2.760039264133409e-06,1.1723929290505144e-05,12.249951699360489
16.121212121212125,2.4800000000000004,4.594016189072046e-06,1.974642501907792e-06,1.1723929292530988e-05,12.249965443780583
16.282828282828284,2.4800000000000004,3.603012166422004e-06,1.5269290925996176e-06,1.1723929293685817e-05,12.24997327875545
16.444444444444443,2.4800000000000004,2.713613343215087e-06,1.1329186530667515e-06,1.1723929294702126e-05,12.24998017393159
16.60606060606061,2.4800000000000004,1.935275790492421e-06,7.993109834857442e-07,1.1723929295562635e-05,12.249986012061779
16.767676767676768,2.4800000000000004,1.317693039907045e-06,5.166856207827944e-07,1.1723929296291636e-05,12.249990958003304
16.92929292929293,2.4800000000000004,1.3176930399705972e-06,2.9745808006440896e-07,1.1723929296857081e-05,12.249994794484147
17.090909090909093,2.4800000000000004,1.3176930400060413e-06,1.7519283570274653e-07,1.1723929297172437e-05,12.249996934125564
17.252525252525253,2.4800000000000004,1.3176930400240886e-06,1.1293717226002276e-07,1.172392929733301e-05,12.249998023599561
17.414141414141415,2.4800000000000004,1.3176930400353993e-06,7.39205198084775e-08,1.1723929297433645e-05,12.249998706390937
17.575757575757578,2.4800000000000004,1.3176930400353993e-06,7.39205198084775e-08,1.1723929297433645e-05,12.249998706390937
17.737373737373737,2.4800000000000004,1.3176930400353993e-06,7.39205198084775e-08,1.1723929297433645e-05,12.249998706390937
17.8989898989899,2.4800000000000004,1.3176930400353993e-06,7.39205198084775e-08,1.1723929297433645e-05,12.249998706390937
18.060606060606062,2.4800000000000004,1.3176930400353993e-06,7.39205198084775e-08,1.1723929297433645e-05,12.249998706390937
18.22222222222222,2.4800000000000004,1.3176930400353993e-06,7.39205198084775e-08,1.1723929297433645e-05,12.249998706390937
18.383838383838388,2.4800000000000004,1.3176930400353993e-06,7.39205198084775e-08,1.1723929297433645e-05,12.249998706390937
18.545454545454547,2.4800000000000004,1.3176930400353993e-06,7.39205198084775e-08,1.1723929297433645e-05,12.249998706390937
18.707070707070706,2.4800000000000004,1.3176930400353993e-06,7.39205198084775e-08,1.1723929297433645e-05,12.249998706390937
18.868686868686872,2.4800000000000004,1.3176930400353993e-06,7.39205198084775e-08,1.1723929297433645e-05,12.249998706390937
19.03030303030303,2.4800000000000004,1.3176930400353993e-06,7.39205198084775e-08,1.1723929297433645e-05,12.249998706390937
19.191919191919194,2.4800000000000004,1.3176930400353993e-06,7.39205198084775e-08,1.1723929297433645e-05,12.249998706390937
19.353535353535356,2.4800000000000004,1.3176930400353993e-06,7.39205198084775e-08,1.1723929297433645e-05,12.249998706390937
19.515151515151516,2.4800000000000004,1.3176930400353993e-06,7.39205198084775e-08,1.1723929297433645e-05,12.249998706390937
19.67676767676768,2.4800000000000004,1.3176930400353993e-06,7.39205198084775e-08,1.1723929297433645e-05,12.249998706390937
19.83838383838384,2.4800000000000004,1.3176930400353993e-06,7.39205198084775e-08,1.1723929297433645e-05,12.249998706390937
20.0,2.4800000000000004,1.3176930400353993e-06,7.39205198084775e-08,1.1723929297433645e-05,12.249998706390937
4.0,2.575,0.5675249882872805,2.208298924601744,15.844947557048108,4.0834196969521015
4.161616161616162,2.575,0.7697071189152934,2.85802127579582,15.836897392217137,13.286412754207939
4.3232323232323235,2.575,1.0724063607130978,3.842341376350128,15.824966542859736,37.28144624144898
4.484848484848484,2.575,1.512382276619453,5.307817685482403,15.807385603159094,95.44399414355652
4.646464646464646,2.575,2.1431617672601595,7.49667906897006,15.781228241100838,232.3093479376102
4.808080808080808,2.575,3.0677054851850443,10.900705605851112,15.740721842014409,564.1462938065671
4.96969696969697,2.575,4.442327547807154,16.34833516942302,15.675938597632605,1396.5795271088068
5.1313131313131315,2.575,6.032100090592285,21.735568583574377,15.596607628401854,2584.5959351078573
5.292929292929293,2.575,7.837034949163755,27.971185421036065,15.490291932514474,4412.674341744247
5.454545454545455,2.575,9.877908610475792,36.07173008951024,15.33805407274877,7513.30542124906
5.616161616161616,2.575,12.122896405306042,47.00906238716214,15.112157583700013,13001.166073975302
5.777777777777778,2.575,14.3880211972997,61.91184673229628,14.770293013953962,22885.52246845573
5.9393939393939394,2.575,16.470229589614245,83.21183138151247,14.228729956602592,41832.348462481415
6.101010101010101,2.575,18.447823136939494,82.78109133680081,13.81047805460234,41393.01266980447
6.262626262626263,2.575,20.38478124439323,65.41440915446732,13.555880113992778,25611.528621222173
6.424242424242424,2.575,22.01955185037192,48.591823198776375,13.240432276271966,13919.17610515355
6.5858585858585865,2.575,23.101103236612257,32.725844847445494,12.860549595748813,6133.178471288922
6.747474747474747,2.575,23.524281168117888,18.819014602316706,12.394310889021128,1896.3879357232668
6.909090909090909,2.575,23.05911838667192,7.856872583571448,11.83140652655784,260.57002225297884
7.070707070707071,2.575,22.689520327803493,3.422902683188094,11.329514450041582,25.575845410309938
7.232323232323233,2.575,23.3832826536949,3.2747924238975865,10.989550329878485,21.967791454398675
7.3939393939393945,2.575,23.803199347212736,3.1086621698414714,10.631573689939756,18.24704006654603
7.555555555555555,2.575,23.8881742778419,2.9204422879911784,10.262033706849815,14.448404694449062
7.717171717171718,2.575,23.687874880731812,2.7216984052762783,9.866447966318187,10.918041715686607
7.878787878787879,2.575,23.11961034648571,2.5043465700798984,9.458657184951182,7.622383417795225
8.040404040404042,2.575,21.42635552817344,2.318287968586822,8.934812717701153,5.270329957820702
8.202020202020202,2.575,17.3085414544948,2.2425412262890307,8.083223470270754,4.436723237478899
8.363636363636363,2.575,13.430920461792324,2.155299568406783,7.154056622914813,3.5654839877217035
8.525252525252526,2.575,9.877375515607367,2.0600681524134954,6.138833773742826,2.7230622864410345
8.686868686868687,2.575,6.7004775550113065,1.9487469076958168,5.069901172805653,1.8820198044107586
8.848484848484848,2.575,4.015088726891376,1.8235219181190607,3.963773410122019,1.1210675945453028
9.01010101010101,2.575,2.032574965378034,1.6830803364986175,2.91800677503163,0.5008404807010662
9.171717171717173,2.575,1.8858374456624214,1.572121433800576,2.552914207361456,0.1851611748347881
9.333333333333334,2.575,1.7255147775883988,1.4599544464241871,2.1994519016893967,0.02246584778769211
9.494949494949495,2.575,1.5534388221101267,1.3459468905637892,1.8647305320336927,0.01826086649826854
9.656565656565657,2.575,1.3724455799952493,1.230081676957249,1.553930778628591,0.1804514781603793
9.818181818181818,2.575,1.186876366748998,1.114978519703422,1.2632023169207596,0.5077327764403281
9.97979797979798,2.575,0.9999999937345792,1.0000000053496931,1.000000000922117,0.9999999732515341
10.141414141414142,2.575,0.883176411254161,0.86165661902801,0.790974648301836,1.8113349739772062
10.303030303030305,2.575,0.7749175952928711,0.7266702589430188,0.6082716571778995,2.8335808761991323
10.464646464646465,2.575,0.6669045744576703,0.5997599554593608,0.44915329791144926,4.002400805540025
10.626262626262626,2.575,0.5610155374260638,0.4827234522887371,0.3124103793523099,5.258726656131827
10.787878787878789,2.575,0.4589918761114162,0.3759889368035514,0.2003095300149547,6.553741609679504
10.94949494949495,2.575,0.3627052301472765,0.28099997684831496,0.11239584940221004,7.826006573834197
11.11111111111111,2.575,0.30103926910097434,0.22419435266719653,0.0812712494835352,8.640743251873204
11.272727272727273,2.575,0.25480417973826797,0.18407425149089873,0.06947522705059697,9.240471411796364
11.434343434343436,2.575,0.21107637791139897,0.14776027765616737,0.05852073297112243,9.800652013848493
11.595959595959597,2.575,0.17027228303572262,0.11513848340595749,0.04864881379413788,10.317931980152142
11.757575757575758,2.575,0.13278834332534703,0.08642282035898918,0.03963004196516039,10.784281292960198
11.91919191919192,2.575,0.09905128246098505,0.0616220511643441,0.03156632793886877,11.195347087059607
12.080808080808081,2.575,0.07013261512319754,0.041776953099805156,0.024759165356290226,11.529811532067804
12.242424242424244,2.575,0.04768965408684495,0.027471089340520196,0.018980377159747507,11.773972566225613
12.404040404040405,2.575,0.030665428522952072,0.01703034923333248,0.013981979295361827,11.953781593385486
12.565656565656566,2.575,0.018149385940571007,0.009646194941483019,0.009775531622104986,12.081773145254353
12.727272727272728,2.575,0.009389967643291895,0.004705521172514766,0.006309079830815736,12.167791766540397
12.88888888888889,2.575,0.0037738245116237692,0.0017054019855105148,0.0036110099808007077,12.22017364272814
13.050505050505052,2.575,0.0013899095299019964,0.0005319999342993053,0.0020630977786766135,12.240691770049324
13.212121212121213,2.575,0.0011556908625176064,0.00043417734898913756,0.0016908153562527344,12.242403074580002
13.373737373737374,2.575,0.0009381720730386182,0.0003451655340105043,0.0013590694633295747,12.243960347775099
13.535353535353536,2.575,0.000738749616568108,0.0002656914099074884,0.0010616848997190805,12.245350841526148
13.696969696969697,2.575,0.0005592670649008208,0.00019571587546424846,0.0008030798426068571,12.246575211583773
13.85858585858586,2.575,0.00040126367765051536,0.00013585741306280718,0.000579517089928976,12.24762261062913
14.02020202020202,2.575,0.0002756672381422044,9.008243691978038e-05,0.0004010889304354758,12.248423608071684
14.181818181818183,2.575,0.00022587988928575803,7.581582090096803e-05,0.0003058092049891499,12.248673259059474
14.343434343434344,2.575,0.00018012123316779236,6.269558324024341e-05,0.00022299310045196673,12.248902851860391
14.505050505050505,2.575,0.00013876970242672102,5.065941100057499e-05,0.00015366561894020368,12.249113476347338
14.666666666666668,2.575,0.00010209051094993199,3.982825766453939e-05,9.69932148684271e-05,12.24930301540518
14.828282828282829,2.575,7.04742537102488e-05,3.0182755417564707e-05,5.336057353157874e-05,12.24947180747393
14.989898989898991,2.575,4.423674010146085e-05,2.176949918744006e-05,2.2746815928951003e-05,12.24961903672616
15.151515151515152,2.575,3.52037083166906e-05,1.7306642914407943e-05,1.7491504259156826e-05,12.249697135620995
15.313131313131315,2.575,2.777725371631331e-05,1.348930992915214e-05,1.3898476730351718e-05,12.2497639382135
15.474747474747476,2.575,2.1164001408018643e-05,1.0087781066987431e-05,1.1723929271604087e-05,12.249823464467347
15.636363636363637,2.575,1.5314165858192936e-05,7.1697040911837645e-06,1.1723929279130923e-05,12.249874530499683
15.7979797979798,2.575,1.0355636053034115e-05,4.709470355914159e-06,1.1723929285476806e-05,12.249917584407388
15.95959595959596,2.575,6.268530885538614e-06,2.7559893163767e-06,1.172392929051559e-05,12.249951770234434
16.121212121212125,2.575,4.579886456202614e-06,1.979700400127983e-06,1.1723929292517943e-05,12.249965355267491
16.282828282828284,2.575,3.6031932251285757e-06,1.5229701313816204e-06,1.1723929293696029e-05,12.249973348037194
16.444444444444443,2.575,2.698243836451566e-06,1.1424148803035423e-06,1.1723929294677635e-05,12.24998000774775
16.60606060606061,2.575,1.936474041280796e-06,7.978145321984561e-07,1.1723929295566495e-05,12.249986038249663
16.767676767676768,2.575,1.3176930399073527e-06,5.156238793750892e-07,1.1723929296294375e-05,12.249990976583769
16.92929292929293,2.575,1.3176930399725187e-06,2.908304568154884e-07,1.1723929296874176e-05,12.249994910467532
17.090909090909093,2.575,1.3176930400064964e-06,1.736228963931482e-07,1.1723929297176486e-05,12.2499969615995
17.252525252525253,2.575,1.3176930400240674e-06,1.130102949200586e-07,1.1723929297332823e-05,12.249998022319918
17.414141414141415,2.575,1.317693040034667e-06,7.64467800126766e-08,1.172392929742713e-05,12.249998662181385
17.575757575757578,2.575,1.3176930400353993e-06,7.39205198084775e-08,1.1723929297433645e-05,12.249998706390937
17.737373737373737,2.575,1.3176930400353993e-06,7.39205198084775e-08,1.1723929297433645e-05,12.249998706390937
17.8989898989899,2.575,1.3176930400353993e-06,7.39205198084775e-08,1.1723929297433645e-05,12.249998706390937
18.060606060606062,2.575,1.3176930400353993e-06,7.39205198084775e-08,1.1723929297433645e-05,12.249998706390937
18.22222222222222,2.575,1.3176930400353993e-06,7.39205198084775e-08,1.1723929297433645e-05,12.249998706390937
18.383838383838388,2.575,1.3176930400353993e-06,7.39205198084775e-08,1.1723929297433645e-05,12.249998706390937
18.545454545454547,2.575,1.3176930400353993e-06,7.39205198084775e-08,1.1723929297433645e-05,12.249998706390937
18.707070707070706,2.575,1.3176930400353993e-06,7.39205198084775e-08,1.1723929297433645e-05,12.249998706390937
18.868686868686872,2.575,1.3176930400353993e-06,7.39205198084775e-08,1.1723929297433645e-05,12.249998706390937
19.03030303030303,2.575,1.3176930400353993e-06,7.39205198084775e-08,1.1723929297433645e-05,12.249998706390937
19.191919191919194,2.575,1.3176930400353993e-06,7.39205198084775e-08,1.1723929297433645e-05,12.249998706390937
19.353535353535356,2.575,1.3176930400353993e-06,7.39205198084775e-08,1.1723929297433645e-05,12.249998706390937
19.515151515151516,2.575,1.3176930400353993e-06,7.39205198084775e-08,1.1723929297433645e-05,12.249998706390937
19.67676767676768,2.575,1.3176930400353993e-06,7.39205198084775e-08,1.1723929297433645e-05,12.249998706390937
19.83838383838384,2.575,1.3176930400353993e-06,7.39205198084775e-08,1.1723929297433645e-05,12.249998706390937
20.0,2.575,1.3176930400353993e-06,7.39205198084775e-08,1.1723929297433645e-05,12.249998706390937
4.0,2.6700000000000004,0.5752285563304345,2.2234069172401894,15.84479902766585,4.2374934459937
4.161616161616162,2.6700000000000004,0.7761098755293263,2.869582600657286,15.836781500941742,13.497956375966451
4.3232323232323235,2.6700000000000004,1.0777908677824606,3.8513568507060176,15.824874140079094,37.55719005939577
4.484848484848484,2.6700000000000004,1.5169234652449983,5.314962320789898,15.80731053246076,95.79331233252891
4.646464646464646,2.6700000000000004,2.1469889593388634,7.50243339769567,15.78116610299825,232.74808358319697
4.808080808080808,2.6700000000000004,3.070953229150443,10.90546229412053,15.740668966148357,564.7113339059194
4.96969696969697,2.6700000000000004,4.445111026461831,16.352384201689553,15.675892187719361,1397.3362082183455
5.1313131313131315,2.6700000000000004,6.034336462202852,21.73862487307406,15.596569279709113,2585.3728857976675
5.292929292929293,2.6700000000000004,7.83875464261063,27.973418952101824,15.490260593763091,4413.4162175245265
5.454545454545455,2.6700000000000004,9.879192062198468,36.07336466683457,15.338028194925144,7514.013858245577
5.616161616161616,2.6700000000000004,12.123829260740353,47.010267792508465,15.11213584925262,13001.853300652094
5.777777777777778,2.6700000000000004,14.388676494059236,61.9127388279905,14.770274483801725,22886.19725290368
5.9393939393939394,2.6700000000000004,16.470672384247226,83.21249430475238,14.228713863880444,41833.02640228212
6.101010101010101,2.6700000000000004,18.448117470429395,82.78145902965475,13.810466109550205,41393.38671122108
6.262626262626263,2.6700000000000004,20.384975571223844,65.41457351868337,13.555872031921357,25611.66014236823
6.424242424242424,2.6700000000000004,22.01967741232912,48.5918918265175,13.240426755350937,13919.216588535806
6.5858585858585865,2.6700000000000004,23.101179945770525,32.72586988853116,12.860545914808261,6133.188276707394
6.747474747474747,2.6700000000000004,23.524327847779368,18.819022485417563,12.394308363801585,1896.3896521717666
6.909090909090909,2.6700000000000004,23.059145748237153,7.856874346672558,11.831404796951311,260.57016455448854
7.070707070707071,2.6700000000000004,22.689536510234117,3.4229030941081815,11.329513299651557,25.575855800952834
7.232323232323233,2.6700000000000004,23.383292761139977,3.274792638505144,10.989549587555215,21.967796483706746
7.3939393939393945,2.6700000000000004,23.80320559938818,3.108662279470055,10.631573211452848,18.247042408023777
7.555555555555555,2.6700000000000004,23.8881781013411,2.9204423424128305,10.262033399041162,14.448405728761346
7.717171717171718,2.6700000000000004,23.68787719486769,2.721698431251822,9.866447768540697,10.91804214483455
7.878787878787879,2.6700000000000004,23.119611728802,2.50434658178896,9.45865705818876,7.622383579431002
8.040404040404042,2.6700000000000004,21.426356311686934,2.318287973194761,8.934812636326685,5.270330010713388
8.202020202020202,2.6700000000000004,17.308541837242746,2.2425412270935157,8.083223418402692,4.436723245951544
8.363636363636363,2.6700000000000004,13.430920642076543,2.1552995676671896,7.154056590331956,3.5654839807390224
8.525252525252526,2.6700000000000004,9.877375596271683,2.060068150953323,6.138833754170662,2.723062274393368
8.686868686868687,2.6700000000000004,6.700477588915557,1.9487469064418668,5.0699011607062525,1.8820197958094935
8.848484848484848,2.6700000000000004,4.015088737784325,1.823521917583604,3.963773403438461,1.1210675917105815
9.01010101010101,2.6700000000000004,2.032574969804885,1.6830803348080456,2.918006772712267,0.5008404747189704
9.171717171717173,2.6700000000000004,1.885837447558287,1.572121432759649,2.5529142069618396,0.18516117259521525
9.333333333333334,2.6700000000000004,1.7255147798392327,1.459954445438616,2.1994519003402053,0.022465847049074936
9.494949494949495,2.6700000000000004,1.553438820157471,1.345946892930787,1.8647305296656902,0.018260864898973748
9.656565656565657,2.6700000000000004,1.3724455779617963,1.2300816794057956,1.5539307760512937,0.18045147295971747
9.818181818181818,2.6700000000000004,1.186876367497225,1.1149785222126494,1.2632023102931242,0.5077327675005322
9.97979797979798,2.6700000000000004,0.9999999977649183,0.9999999998777964,1.0000000051502176,1.0000000006110175
10.141414141414142,2.6700000000000004,0.8831764129078297,0.8616566180192167,0.7909746479946492,1.8113349807656718
10.303030303030305,2.6700000000000004,0.7749175946914568,0.726670260441626,0.6082716548305208,2.833580863585923
10.464646464646465,2.6700000000000004,0.6669045753559864,0.5997599527327991,0.4491533029116123,4.002400832813824
10.626262626262626,2.6700000000000004,0.5610155372356036,0.4827234564659215,0.3124103723934183,5.258726608236413
10.787878787878789,2.6700000000000004,0.45899185440154094,0.3759889466719012,0.2003095395125547,6.553741483363261
10.94949494949495,2.6700000000000004,0.36270521717562465,0.28099998038980295,0.11239585685274288,7.826006524297632
11.11111111111111,2.6700000000000004,0.30103926775500844,0.22419435596002862,0.08127124632158733,8.640743203476573
11.272727272727273,2.6700000000000004,0.2548041825630308,0.18407425779392514,0.06947521890059666,9.24047131599621
11.434343434343436,2.6700000000000004,0.21107638085778316,0.1477602894897943,0.058520716605166626,9.800651828616774
11.595959595959597,2.6700000000000004,0.17027225365145413,0.11513850313150306,0.04864881382135371,10.317931663344714
11.757575757575758,2.6700000000000004,0.13278837487872633,0.08642281079847884,0.039630027203122045,10.784281449941053
11.91919191919192,2.6700000000000004,0.0990512290069454,0.06162208009724052,0.0315663323280927,11.19534660302023
12.080808080808081,2.6700000000000004,0.0701326545906116,0.04177692241724348,0.024759174229357524,11.529812052989838
12.242424242424244,2.6700000000000004,0.04768959789074991,0.02747111457054839,0.018980388096310676,11.773972133363827
12.404040404040405,2.6700000000000004,0.030665402545330026,0.01703037189766697,0.013981956274139964,11.953781201584407
12.565656565656566,2.6700000000000004,0.01814933237802388,0.009646216838541607,0.009775551906760552,12.081772764696119
12.727272727272728,2.6700000000000004,0.009389959439052627,0.004705530160892462,0.006309059972948808,12.167791609772472
12.88888888888889,2.6700000000000004,0.003773827411293157,0.0017053998214888386,0.0036110129442202517,12.220173680552385
13.050505050505052,2.6700000000000004,0.0013899140786422298,0.0005319996610555479,0.002063082249106972,12.24069177482927
13.212121212121213,2.6700000000000004,0.0011556859276579286,0.000434178005287912,0.0016908277874337324,12.242403063098335
13.373737373737374,2.6700000000000004,0.0009381686965933595,0.00034516482638097305,0.0013590876753653192,12.243960360155562
13.535353535353536,2.6700000000000004,0.0007387512391232527,0.00026568988346480543,0.0010616972321204927,12.245350868233826
13.696969696969697,2.6700000000000004,0.0005592670405633153,0.0001957164535325968,0.0008030760720482978,12.246575201468989
13.85858585858586,2.6700000000000004,0.0004012783806717165,0.00013585500377453664,0.0005794841962930628,12.247622652787582
14.02020202020202,2.6700000000000004,0.0002756646402373112,9.008186087696354e-05,0.00040110440806561694,12.248423618151788
14.181818181818183,2.6700000000000004,0.0002258790615695426,7.581614333230327e-05,0.0003058057005376859,12.248673253417229
14.343434343434344,2.6700000000000004,0.00018013646965658986,6.268798932251172e-05,0.00022301597946900188,12.248902984748005
14.505050505050505,2.6700000000000004,0.00013877180371398782,5.066374918088265e-05,0.00015362725166169608,12.249113400431929
14.666666666666668,2.6700000000000004,0.00010210120439719127,3.9821583282290635e-05,9.700525989221438e-05,12.249303132203549
14.828282828282829,2.6700000000000004,7.045638717916346e-05,3.018678549832485e-05,5.3381180253998545e-05,12.24947173694904
14.989898989898991,2.6700000000000004,4.421778131255084e-05,2.1777125031124904e-05,2.2754183655147337e-05,12.249618903275973
15.151515151515152,2.6700000000000004,3.5189351652551274e-05,1.7310782463211752e-05,1.7501004661159375e-05,12.249697063179784
15.313131313131315,2.6700000000000004,2.7787999890994224e-05,1.3487088612155978e-05,1.3886602254444922e-05,12.249763977086168
15.474747474747476,2.6700000000000004,2.1154791286904237e-05,1.0092207159466226e-05,1.1723929271592672e-05,12.249823387011283
15.636363636363637,2.6700000000000004,1.5317313815563534e-05,7.168796027371188e-06,1.1723929279133264e-05,12.249874546390716
15.7979797979798,2.6700000000000004,1.0350574932708815e-05,4.7121447077558675e-06,1.172392928546991e-05,12.24991753760639
15.95959595959596,2.6700000000000004,6.259551568935361e-06,2.7595997077551613e-06,1.1723929290506279e-05,12.249951707052706
16.121212121212125,2.6700000000000004,4.588491322408764e-06,1.9772006989139097e-06,1.172392929252439e-05,12.249965399012197
16.282828282828284,2.6700000000000004,3.5923564015097896e-06,1.531816355187445e-06,1.1723929293673212e-05,12.249973193228449
16.444444444444443,2.6700000000000004,2.696613869633664e-06,1.1386834114655057e-06,1.1723929294687259e-05,12.249980073048398
16.60606060606061,2.6700000000000004,1.9334997926798963e-06,7.947386612877962e-07,1.1723929295574428e-05,12.249986092077371
16.767676767676768,2.6700000000000004,1.3176930399080783e-06,5.131209839632817e-07,1.172392929630083e-05,12.249991020384424
16.92929292929293,2.6700000000000004,1.317693039970824e-06,2.9667689930047086e-07,1.1723929296859097e-05,12.24999480815481
17.090909090909093,2.6700000000000004,1.3176930400060538e-06,1.7514881356178032e-07,1.172392929717255e-05,12.249996934895952
17.252525252525253,2.6700000000000004,1.3176930400223314e-06,1.1899876576441376e-07,1.1723929297317376e-05,12.249997917521686
17.414141414141415,2.6700000000000004,1.3176930400353993e-06,7.39205198084775e-08,1.1723929297433645e-05,12.249998706390937
17.575757575757578,2.6700000000000004,1.3176930400353993e-06,7.39205198084775e-08,1.1723929297433645e-05,12.249998706390937
17.737373737373737,2.6700000000000004,1.3176930400353993e-06,7.39205198084775e-08,1.1723929297433645e-05,12.249998706390937
17.8989898989899,2.6700000000000004,1.3176930400353993e-06,7.39205198084775e-08,1.1723929297433645e-05,12.249998706390937
18.060606060606062,2.6700000000000004,1.3176930400353993e-06,7.39205198084775e-08,1.1723929297433645e-05,12.249998706390937
18.22222222222222,2.6700000000000004,1.3176930400353993e-06,7.39205198084775e-08,1.1723929297433645e-05,12.249998706390937
18.383838383838388,2.6700000000000004,1.3176930400353993e-06,7.39205198084775e-08,1.1723929297433645e-05,12.249998706390937
18.545454545454547,2.6700000000000004,1.3176930400353993e-06,7.39205198084775e-08,1.1723929297433645e-05,12.249998706390937
18.707070707070706,2.6700000000000004,1.3176930400353993e-06,7.39205198084775e-08,1.1723929297433645e-05,12.249998706390937
18.868686868686872,2.6700000000000004,1.3176930400353993e-06,7.39205198084775e-08,1.1723929297433645e-05,12.249998706390937
19.03030303030303,2.6700000000000004,1.3176930400353993e-06,7.39205198084775e-08,1.1723929297433645e-05,12.249998706390937
19.191919191919194,2.6700000000000004,1.3176930400353993e-06,7.39205198084775e-08,1.1723929297433645e-05,12.249998706390937
19.353535353535356,2.6700000000000004,1.3176930400353993e-06,7.39205198084775e-08,1.1723929297433645e-05,12.249998706390937
19.515151515151516,2.6700000000000004,1.3176930400353993e-06,7.39205198084775e-08,1.1723929297433645e-05,12.249998706390937
19.67676767676768,2.6700000000000004,1.3176930400353993e-06,7.39205198084775e-08,1.1723929297433645e-05,12.249998706390937
19.83838383838384,2.6700000000000004,1.3176930400353993e-06,7.39205198084775e-08,1.1723929297433645e-05,12.249998706390937
20.0,2.6700000000000004,1.3176930400353993e-06,7.39205198084775e-08,1.1723929297433645e-05,12.249998706390937
4.0,2.765,0.583013772523246,2.2385526751898115,15.844650058700791,4.394816181674935
4.161616161616162,2.765,0.7825545473716029,2.8811608527264982,15.836665399156988,13.711484197809298
4.3232323232323235,2.765,1.0831966623635554,3.8603794811661762,15.824781639092262,37.83416994589714
4.484848484848484,2.765,1.5214753427337249,5.322109843280905,15.807235416228897,96.14341014225603
4.646464646464646,2.765,2.1508214652504916,7.508188833433122,15.78110394368768,233.18731765548176
4.808080808080808,2.765,3.074203616485187,10.910219377844854,15.740616080229058,565.2767038420983
4.96969696969697,2.765,4.447895827063256,16.3564333534118,15.675845772944747,1398.0931165940551
5.1313131313131315,2.765,6.036573451805612,21.74168117853069,15.59653092877637,2586.149957306186
5.292929292929293,2.765,7.840474611846708,27.975652472746905,15.490229253992881,4414.158152201368
5.454545454545455,2.765,9.880475633004918,36.07499923131584,15.338002316640837,7514.722323073464
5.616161616161616,2.765,12.124762166032218,47.011473188000046,15.112114114600658,13002.540539872794
5.777777777777778,2.765,14.389331810849448,61.91363091706099,14.770255953563847,22886.87204228925
5.9393939393939394,2.765,16.47111518652053,83.21315722369528,14.228697771128278,41833.70434318176
6.101010101010101,2.765,18.44841180677798,82.78182672066505,13.810454164489377,41393.76075245219
6.262626262626263,2.765,20.385169899141783,65.4147378822866,13.555863949847604,25611.79166336161
6.424242424242424,2.765,22.01980297459932,48.591960454066374,13.240421234432317,13919.257071863527
6.5858585858585865,2.765,23.101256655007084,32.72589492950462,12.86054223387291,6133.19808208977
6.747474747474747,2.765,23.524374527571712,18.819030368474877,12.394305838581884,1896.391368611563
6.909090909090909,2.765,23.059173109655173,7.85687610979548,11.831403067347061,260.5703068577976
7.070707070707071,2.765,22.689552692571176,3.422903505030341,11.329512149264504,25.575866191650242
7.232323232323233,2.765,23.383302869151127,3.2747928531234622,10.98954884518999,21.96780151326757
7.3939393939393945,2.765,23.803211851685603,3.10866238909056,10.631572732963727,18.247044749329124
7.555555555555555,2.765,23.88818192447463,2.9204423968686304,10.262033091224163,14.448406763722662
7.717171717171718,2.765,23.687879509339226,2.7216984571552385,9.86644757080745,10.918042572790863
7.878787878787879,2.765,23.11961311297498,2.5043465934596307,9.45865693130666,7.622383740536819
8.040404040404042,2.765,21.426357095288193,2.3182879777823686,8.934812554957515,5.2703300633726995
8.202020202020202,2.765,17.30854222051745,2.242541227901223,8.083223366442498,4.436723254458129
8.363636363636363,2.765,13.430920821007321,2.15529956705661,7.154056557786481,3.5654839749743914
8.525252525252526,2.765,9.877375675902414,2.0600681500217046,6.138833733926953,2.723062266706723
8.686868686868687,2.765,6.700477620786557,1.9487469051796658,5.069901149624678,1.8820197871516324
8.848484848484848,2.765,4.015088751121599,1.8235219164544503,3.9637733961623507,1.121067585732815
9.01010101010101,2.765,2.0325749732898557,1.6830803346241787,2.918006768306983,0.5008404740683565
9.171717171717173,2.765,1.885837450000684,1.572121432354469,2.5529142044502837,0.18516117172346297
9.333333333333334,2.765,1.7255147806617388,1.4599544462216383,2.1994518974602366,0.022465847635895795
9.494949494949495,2.765,1.5534388210699224,1.345946892629238,1.8647305289706464,0.01826086510271951
9.656565656565657,2.765,1.3724455797194544,1.230081678435198,1.5539307757224943,0.18045147502124642
9.818181818181818,2.765,1.186876366585377,1.1149785230382414,1.2632023098635752,0.507732764559139
9.97979797979798,2.765,0.9999999960359689,1.0000000006281946,1.000000006195877,0.9999999968590265
10.141414141414142,2.765,0.8831764050506421,0.8616566221442002,0.7909746523575873,1.8113349530074514
10.303030303030305,2.765,0.774917605675229,0.7266702551888033,0.6082716470792461,2.8335809077969443
10.464646464646465,2.765,0.6669045675299667,0.5997599598747989,0.4491533017340078,4.002400761372395
10.626262626262626,2.765,0.561015543698082,0.48272344548341317,0.3124103824291956,5.258726734161378
10.787878787878789,2.765,0.45899185844331436,0.37598894809984046,0.2003095321893915,6.553741465085444
10.94949494949495,2.765,0.36270523191869186,0.2809999745860702,0.11239585028688792,7.826006605477346
11.11111111111111,2.765,0.30103926195711667,0.22419435564220636,0.08127125254889803,8.640743208147788
11.272727272727273,2.765,0.25480417247576964,0.18407425992062096,0.06947522324170007,9.24047128367241
11.434343434343436,2.765,0.2110764007579315,0.147760271368263,0.05852072194473641,9.800652112273037
11.595959595959597,2.765,0.1702723012169154,0.11513847287037852,0.04864881291070343,10.31793214936164
11.757575757575758,2.765,0.13278835827305818,0.08642282369726081,0.039630022830025494,10.784281238146733
11.91919191919192,2.765,0.09905127166788467,0.06162205109431825,0.03156633508919075,11.195347088231122
12.080808080808081,2.765,0.07013265682245469,0.0417769254794396,0.0247591703047428,11.529812001000522
12.242424242424244,2.765,0.04768960136094059,0.027471115098312213,0.018980382411881366,11.773972124309186
12.404040404040405,2.765,0.03066540077152808,0.017030361390077922,0.013981980454342556,11.953781383230362
12.565656565656566,2.765,0.01814935526913075,0.009646200515555797,0.009775569894979423,12.081773048380187
12.727272727272728,2.765,0.009389973786623566,0.0047055245066202084,0.006309056253305258,12.167791708389657
12.88888888888889,2.765,0.003773827161168201,0.0017053964728125238,0.00361103986622627,12.22017373908284
13.050505050505052,2.765,0.0013899068060641028,0.0005320013171023549,0.002063097242540468,12.240691745859463
13.212121212121213,2.765,0.0011556953021504496,0.00043417653836627396,0.0016908054721550575,12.242403088761503
13.373737373737374,2.765,0.0009381817022138607,0.00034516184002399505,0.001359065904781169,12.243960412403924
13.535353535353536,2.765,0.000738755790950888,0.00026568955552555394,0.0010616802012693063,12.245350873971676
13.696969696969697,2.765,0.0005592529251842087,0.00019572080964687575,0.0008030876928891401,12.24657512524765
13.85858585858586,2.765,0.0004012731398548614,0.00013585559798076456,0.0005795019082939993,12.247622642389983
14.02020202020202,2.765,0.00027565206135301564,9.008610338638823e-05,0.00040110403960068346,12.24842354391265
14.181818181818183,2.765,0.00022587828538842258,7.581644181449847e-05,0.00030580242968166447,12.248673248194075
14.343434343434344,2.765,0.00018013652037439024,6.26872756297904e-05,0.000223019782218959,12.248902997237066
14.505050505050505,2.765,0.00013878254306292788,5.065812453460368e-05,0.00015363981399387142,12.249113498859678
14.666666666666668,2.765,0.00010209625162684793,3.9823822342138424e-05,9.700231020081595e-05,12.249303093021114
14.828282828282829,2.765,7.046587787805687e-05,3.0185625057114462e-05,5.33650327742516e-05,12.249471757256321
14.989898989898991,2.765,4.421894081553698e-05,2.177717373413823e-05,2.2753675460518e-05,12.249618902423686
15.151515151515152,2.765,3.518058010029188e-05,1.731690026137453e-05,1.7494833553266357e-05,12.249696956119642
15.313131313131315,2.765,2.777592295135107e-05,1.349417318964285e-05,1.3884967967249399e-05,12.249763853107257
15.474747474747476,2.765,2.1141828759740562e-05,1.009423722820825e-05,1.1723929271587436e-05,12.249823351485336
15.636363636363637,2.765,1.5316099993551895e-05,7.166011586085842e-06,1.1723929279140445e-05,12.24987459511819
15.7979797979798,2.765,1.0345864080509223e-05,4.7146352437484025e-06,1.1723929285463485e-05,12.249917494022155
15.95959595959596,2.765,6.270621832605792e-06,2.756244655815988e-06,1.1723929290514932e-05,12.249951765766001
16.121212121212125,2.765,4.594414423228662e-06,1.9746060125972437e-06,1.1723929292531083e-05,12.249965444419143
16.282828282828284,2.765,3.596816453296588e-06,1.529631754797121e-06,1.1723929293678848e-05,12.249973231458911
16.444444444444443,2.765,2.7017931546847144e-06,1.1373364734783582e-06,1.1723929294690734e-05,12.249980096619797
16.60606060606061,2.765,1.936098508326341e-06,7.940779619021515e-07,1.1723929295576132e-05,12.249986103639607
16.767676767676768,2.765,1.317693039905502e-06,5.220081515285141e-07,1.1723929296277909e-05,12.249990864859047
16.92929292929293,2.765,1.317693039970959e-06,2.9621072527197377e-07,1.17239292968603e-05,12.249994816312853
17.090909090909093,2.765,1.3176930400060923e-06,1.7501641624874884e-07,1.1723929297172893e-05,12.249996937212904
17.252525252525253,2.765,1.3176930400223833e-06,1.1881955570583691e-07,1.1723929297317838e-05,12.249997920657858
17.414141414141415,2.765,1.3176930400353993e-06,7.39205198084775e-08,1.1723929297433645e-05,12.249998706390937
17.575757575757578,2.765,1.3176930400353993e-06,7.39205198084775e-08,1.1723929297433645e-05,12.249998706390937
17.737373737373737,2.765,1.3176930400353993e-06,7.39205198084775e-08,1.1723929297433645e-05,12.249998706390937
17.8989898989899,2.765,1.3176930400353993e-06,7.39205198084775e-08,1.1723929297433645e-05,12.249998706390937
18.060606060606062,2.765,1.3176930400353993e-06,7.39205198084775e-08,1.1723929297433645e-05,12.249998706390937
18.22222222222222,2.765,1.3176930400353993e-06,7.39205198084775e-08,1.1723929297433645e-05,12.249998706390937
18.383838383838388,2.765,1.3176930400353993e-06,7.39205198084775e-08,1.1723929297433645e-05,12.249998706390937
18.545454545454547,2.765,1.3176930400353993e-06,7.39205198084775e-08,1.1723929297433645e-05,12.249998706390937
18.707070707070706,2.765,1.3176930400353993e-06,7.39205198084775e-08,1.1723929297433645e-05,12.249998706390937
18.868686868686872,2.765,1.3176930400353993e-06,7.39205198084775e-08,1.1723929297433645e-05,12.249998706390937
19.03030303030303,2.765,1.3176930400353993e-06,7.39205198084775e-08,1.1723929297433645e-05,12.249998706390937
19.191919191919194,2.765,1.3176930400353993e-06,7.39205198084775e-08,1.1723929297433645e-05,12.249998706390937
19.353535353535356,2.765,1.3176930400353993e-06,7.39205198084775e-08,1.1723929297433645e-05,12.249998706390937
19.515151515151516,2.765,1.3176930400353993e-06,7.39205198084775e-08,1.1723929297433645e-05,12.249998706390937
19.67676767676768,2.765,1.3176930400353993e-06,7.39205198084775e-08,1.1723929297433645e-05,12.249998706390937
19.83838383838384,2.765,1.3176930400353993e-06,7.39205198084775e-08,1.1723929297433645e-05,12.249998706390937
20.0,2.765,1.3176930400353993e-06,7.39205198084775e-08,1.1723929297433645e-05,12.249998706390937
4.0,2.8600000000000003,0.590881141648325,2.25373562206526,15.84450065492914,4.555403202394729
4.161616161616162,2.8600000000000003,0.7890412977903671,2.8927558698716678,15.836549088148177,13.927000543976998
4.3232323232323235,2.8600000000000003,1.0886237942705383,3.869409220775412,15.824689040258878,38.112386872816415
4.484848484848484,2.8600000000000003,1.5260379236113975,5.329260239090553,15.80716025456767,96.49428766561218
4.646464646464646,2.8600000000000003,2.154659289079583,7.513945372026366,15.781041763200248,233.62705007576636
4.808080808080808,2.8600000000000003,3.077456648310517,10.914976855748213,15.740563184266186,565.8424035339008
4.96969696969697,2.8600000000000003,4.450681949913018,16.360482624187377,15.675799353311897,1398.8502521788273
5.1313131313131315,2.8600000000000003,6.0388110594739555,21.744737499831707,15.596492575604579,2586.9271496066162
5.292929292929293,2.8600000000000003,7.842194856886975,27.97788598294128,15.490197913204133,4414.900145763916
5.454545454545455,2.8600000000000003,9.88175932290094,36.07663378294367,15.337976437895945,7515.430815727438
5.616161616161616,2.8600000000000003,12.12569512117812,47.012678573639995,15.112092379744137,13003.227791638732
5.777777777777778,2.8600000000000003,14.389987147669018,61.91452299950118,14.770237423240422,22887.546836607227
5.9393939393939394,2.8600000000000003,16.47155799643398,83.21382013836106,14.228681678345886,41834.382285200576
6.101010101010101,2.8600000000000003,18.448706146011077,82.78219440982528,13.81044221941936,41394.13479349123
6.262626262626263,2.8600000000000003,20.38536422814514,65.41490224530976,13.55585586777085,25611.92318422852
6.424242424242424,2.8600000000000003,22.019928537317437,48.59202908148129,13.240415713510485,13919.2975551711
6.5858585858585865,2.8600000000000003,23.101333364403484,32.725919970438284,12.860538552936555,6133.207887464399
6.747474747474747,2.8600000000000003,23.524421207268887,18.819038251550893,12.394303313365242,1896.3930850562074
6.909090909090909,2.8600000000000003,23.05920047129318,7.8568778729019595,11.83140133773658,260.5704491598182
7.070707070707071,2.8600000000000003,22.689568874830034,3.422903915959269,11.329510998879014,25.575876582520912
7.232323232323233,2.8600000000000003,23.383312976804827,3.2747930677419173,10.98954810284619,21.967806542832186
7.3939393939393945,2.8600000000000003,23.803218103847925,3.1086624987115945,10.631572254482554,18.247047090645932
7.555555555555555,2.8600000000000003,23.888185747451363,2.9204424512262652,10.262032783506614,14.448407796818339
7.717171717171718,2.8600000000000003,23.68788182499119,2.721698483094612,9.866447372948528,10.918043001341239
7.878787878787879,2.8600000000000003,23.119614495190316,2.5043466051704812,9.45865680455489,7.622383902197294
8.040404040404042,2.8600000000000003,21.426357878115702,2.3182879822593963,8.93481247380504,5.270330114762708
8.202020202020202,2.8600000000000003,17.308542604284636,2.2425412287141997,8.083223314407874,4.436723263020209
8.363636363636363,2.8600000000000003,13.43092100015802,2.1552995662954286,7.154056525446932,3.565483967787892
8.525252525252526,2.8600000000000003,9.877375755793798,2.0600681486074173,6.138833714475158,2.7230622550376475
8.686868686868687,2.8600000000000003,6.700477653510148,1.9487469039748084,5.069901138044724,1.8820197788871105
8.848484848484848,2.8600000000000003,4.015088762276255,1.823521915525624,3.963773389950089,1.121067580815586
9.01010101010101,2.8600000000000003,2.032574976116067,1.6830803345630276,2.91800676454607,0.5008404738519732
9.171717171717173,2.8600000000000003,1.885837452281107,1.5721214319764423,2.5529142021059625,0.18516117091013173
9.333333333333334,2.8600000000000003,1.7255147826617532,1.4599544453089457,2.1994518963421736,0.022465846951896067
9.494949494949495,2.8600000000000003,1.5534388219217348,1.3459468923477038,1.8647305283217521,0.018260865292941943
9.656565656565657,2.8600000000000003,1.372445580191231,1.2300816777968455,1.5539307760861303,0.1804514763770937
9.818181818181818,2.8600000000000003,1.1868763688022754,1.114978519996371,1.2632023127280387,0.5077327753966187
9.97979797979798,2.8600000000000003,0.9999999978658503,1.0000000026858116,0.9999999996637134,0.9999999865709417
10.141414141414142,2.8600000000000003,0.8831764068020448,0.8616566211004082,0.7909746519374609,1.8113349600314332
10.303030303030305,2.8600000000000003,0.7749176023395932,0.7266702544344992,0.6082716545022505,2.8335809141456374
10.464646464646465,2.8600000000000003,0.6669045715108525,0.5997599598016414,0.4491532960915897,4.002400762104189
10.626262626262626,2.8600000000000003,0.5610155433119388,0.4827234496091435,0.3124103758304038,5.258726686855932
10.787878787878789,2.8600000000000003,0.45899185834897555,0.37598894626472057,0.20030953529790754,6.553741488575231
10.94949494949495,2.8600000000000003,0.3627052197453096,0.28099997796383214,0.11239585721163046,7.826006558230898
11.11111111111111,2.8600000000000003,0.3010392773456975,0.22419434217935444,0.08127125392479344,8.640743406019006
11.272727272727273,2.8600000000000003,0.2548041630586406,0.1840742619060329,0.06947522729440885,9.24047125349599
11.434343434343436,2.8600000000000003,0.21107635821275958,0.1477602970585043,0.058520728047601375,9.800651710143782
11.595959595959597,2.8600000000000003,0.17027227318121116,0.11513849163570443,0.048648812965566245,10.317931847976078
11.757575757575758,2.8600000000000003,0.13278837681778913,0.08642280788198978,0.03963002890867382,10.784281497828973
11.91919191919192,2.8600000000000003,0.09905127647008359,0.06162205381426952,0.031566326504973735,11.195347042727086
12.080808080808081,2.8600000000000003,0.07013263887522547,0.04177692248271968,0.02475919308027151,11.529812051878201
12.242424242424244,2.8600000000000003,0.04768960645821628,0.02747111666107975,0.018980377844422407,11.773972097497396
12.404040404040405,2.8600000000000003,0.03066541669752005,0.01703035667964828,0.013981972238749436,11.953781464660125
12.565656565656566,2.8600000000000003,0.01814935648239429,0.009646209198400434,0.009775541453041164,12.08177289747736
12.727272727272728,2.8600000000000003,0.00938995526808661,0.00470552986355924,0.006309067040708156,12.167791614958318
12.88888888888889,2.8600000000000003,0.00377381829308851,0.0017054020003970255,0.003611030648513336,12.220173642467943
13.050505050505052,2.8600000000000003,0.0013899079591894721,0.0005320003071751535,0.0020631017147877844,12.240691763526474
13.212121212121213,2.8600000000000003,0.0011556910000628333,0.0004341773479479884,0.0016908180676078078,12.242403074598217
13.373737373737374,2.8600000000000003,0.0009381787607594098,0.00034516149728980094,0.0013590837936523134,12.243960418400297
13.535353535353536,2.8600000000000003,0.0007387432683714333,0.00026569194346615375,0.0010617068608673036,12.245350832190644
13.696969696969697,2.8600000000000003,0.0005592527221494123,0.0001957209579732875,0.0008030829787785735,12.246575122652299
13.85858585858586,2.8600000000000003,0.00040128260369378527,0.00013585207235454992,0.0005795010386230648,12.247622704082454
14.02020202020202,2.8600000000000003,0.00027566542406784114,9.008206046628956e-05,0.0004011029225869334,12.248423614659197
14.181818181818183,2.8600000000000003,0.00022587832652709857,7.581697749652694e-05,0.0003058004128352053,12.248673238820146
14.343434343434344,2.8600000000000003,0.00018012264254579192,6.269336852755829e-05,0.0002230090701954447,12.248902890616131
14.505050505050505,2.8600000000000003,0.0001387580770011602,5.066593626072094e-05,0.00015365342066336903,12.249113362159417
14.666666666666668,2.8600000000000003,0.00010209174685936317,3.982595894451778e-05,9.699966938740432e-05,12.24930305563164
14.828282828282829,2.8600000000000003,7.047012348605414e-05,3.0182564992388947e-05,5.3372228213779624e-05,12.2494718108063
14.989898989898991,2.8600000000000003,4.423613798020752e-05,2.1770195598198347e-05,2.2746027370296387e-05,12.249619024539161
15.151515151515152,2.8600000000000003,3.518920698618451e-05,1.7313286969099198e-05,1.7496379629637913e-05,12.249697019351473
15.313131313131315,2.8600000000000003,2.778106620420881e-05,1.348954060442985e-05,1.3890522432211501e-05,12.249763934176716
15.474747474747476,2.8600000000000003,2.1159039044897813e-05,1.0089986852050979e-05,1.1723929271598398e-05,12.249823425866385
15.636363636363637,2.8600000000000003,1.532031770111638e-05,7.165916708774467e-06,1.1723929279140691e-05,12.249874596778534
15.7979797979798,2.8600000000000003,1.0341468351607647e-05,4.716960285520595e-06,1.1723929285457488e-05,12.249917453334062
15.95959595959596,2.8600000000000003,6.275704458502175e-06,2.7508001655677184e-06,1.1723929290528974e-05,12.249951861044392
16.121212121212125,2.8600000000000003,4.602101577930961e-06,1.972502176762744e-06,1.1723929292536507e-05,12.249965481236222
16.282828282828284,2.8600000000000003,3.5971712557172896e-06,1.525968744173411e-06,1.1723929293688294e-05,12.249973295561526
16.444444444444443,2.8600000000000003,2.7041504427336715e-06,1.1356971194473465e-06,1.1723929294694962e-05,12.249980125308468
16.60606060606061,2.8600000000000003,1.9226119383083436e-06,8.03250212580245e-07,1.1723929295552474e-05,12.249985943125312
16.767676767676768,2.8600000000000003,1.3176930399077628e-06,5.142091773375192e-07,1.1723929296298024e-05,12.249991001341048
16.92929292929293,2.8600000000000003,1.3176930399731097e-06,2.887915796465572e-07,1.1723929296879436e-05,12.249994946147877
17.090909090909093,2.8600000000000003,1.3176930400061286e-06,1.7489151213666035e-07,1.1723929297173214e-05,12.249996939398725
17.252525252525253,2.8600000000000003,1.3176930400224312e-06,1.1865449011101446e-07,1.1723929297318264e-05,12.24999792354651
17.414141414141415,2.8600000000000003,1.3176930400347913e-06,7.601725469043346e-08,1.1723929297428237e-05,12.249998669698076
17.575757575757578,2.8600000000000003,1.3176930400353993e-06,7.39205198084775e-08,1.1723929297433645e-05,12.249998706390937
17.737373737373737,2.8600000000000003,1.3176930400353993e-06,7.39205198084775e-08,1.1723929297433645e-05,12.249998706390937
17.8989898989899,2.8600000000000003,1.3176930400353993e-06,7.39205198084775e-08,1.1723929297433645e-05,12.249998706390937
18.060606060606062,2.8600000000000003,1.3176930400353993e-06,7.39205198084775e-08,1.1723929297433645e-05,12.249998706390937
18.22222222222222,2.8600000000000003,1.3176930400353993e-06,7.39205198084775e-08,1.1723929297433645e-05,12.249998706390937
18.383838383838388,2.8600000000000003,1.3176930400353993e-06,7.39205198084775e-08,1.1723929297433645e-05,12.249998706390937
18.545454545454547,2.8600000000000003,1.3176930400353993e-06,7.39205198084775e-08,1.1723929297433645e-05,12.249998706390937
18.707070707070706,2.8600000000000003,1.3176930400353993e-06,7.39205198084775e-08,1.1723929297433645e-05,12.249998706390937
18.868686868686872,2.8600000000000003,1.3176930400353993e-06,7.39205198084775e-08,1.1723929297433645e-05,12.249998706390937
19.03030303030303,2.8600000000000003,1.3176930400353993e-06,7.39205198084775e-08,1.1723929297433645e-05,12.249998706390937
19.191919191919194,2.8600000000000003,1.3176930400353993e-06,7.39205198084775e-08,1.1723929297433645e-05,12.249998706390937
19.353535353535356,2.8600000000000003,1.3176930400353993e-06,7.39205198084775e-08,1.1723929297433645e-05,12.249998706390937
19.515151515151516,2.8600000000000003,1.3176930400353993e-06,7.39205198084775e-08,1.1723929297433645e-05,12.249998706390937
19.67676767676768,2.8600000000000003,1.3176930400353993e-06,7.39205198084775e-08,1.1723929297433645e-05,12.249998706390937
19.83838383838384,2.8600000000000003,1.3176930400353993e-06,7.39205198084775e-08,1.1723929297433645e-05,12.249998706390937
20.0,2.8600000000000003,1.3176930400353993e-06,7.39205198084775e-08,1.1723929297433645e-05,12.249998706390937
4.0,2.955,0.5988311667450832,2.2689551773588272,15.844350821162728,4.719269376616943
4.161616161616162,2.955,0.7955702898247915,2.9043674892407356,15.836432569207298,14.144509641777967
4.3232323232323235,2.955,1.094072313253901,3.878446022463249,15.824596343939733,38.391841789149375
4.484848484848484,2.955,1.5306112223897477,5.336413494336615,15.807085047581428,96.84594498997123
4.646464646464646,2.955,2.158502434907785,7.51970300931685,15.780979561567106,234.06728076401075
4.808080808080808,2.955,3.080712325747232,10.919734726554815,15.740510278269412,566.4084328998352
4.96969696969697,2.955,4.453469395311509,16.364532013613793,15.675752928823947,1399.60761491545
5.1313131313131315,2.955,6.0410492852810105,21.747793836864798,15.596454220194692,2587.704462672207
5.292929292929293,2.955,7.843915377746859,27.980119482652768,15.490166571397166,4415.642198200607
5.454545454545455,2.955,9.883043131886122,36.078268321711214,15.337950558690567,7516.139336203747
5.616161616161616,2.955,12.126628126181378,47.013883949422535,15.112070644683099,13003.915055946167
5.777777777777778,2.955,14.390642504512819,61.91541507531981,14.770218892831425,22888.221635864018
5.9393939393939394,2.955,16.472000813976393,83.21448304870883,14.228665585533973,41835.060228296636
6.101010101010101,2.955,18.44900048811343,82.78256209709235,13.810430274341131,41394.50883429432
6.262626262626263,2.955,20.38555855823524,65.41506660768329,13.55584778569252,25612.054704913287
6.424242424242424,2.955,22.020054100436898,48.59209770866737,13.24041019258954,13919.338038402548
6.5858585858585865,2.955,23.101410073869836,32.72594501130046,12.860534872003749,6133.2176928188765
6.747474747474747,2.955,23.524467887171603,18.81904613463225,12.3943007881409,1896.3948015027916
6.909090909090909,2.955,23.059227832683657,7.8568796360099835,11.831399608138268,260.57059146200254
7.070707070707071,2.955,22.68958505711465,3.422904326890678,11.329509848490748,25.575886973456416
7.232323232323233,2.955,23.383323084716125,3.274793282351807,10.989547360492466,21.96781157219664
7.3939393939393945,2.955,23.803224356079873,3.108662608358095,10.631571775978223,18.247049432506802
7.555555555555555,2.955,23.888189570406617,2.9204425056212386,10.262032475757326,14.44840883062369
7.717171717171718,2.955,23.687884138970283,2.721698509000489,9.866447175251011,10.918043429338221
7.878787878787879,2.955,23.119615878540007,2.5043466167792716,9.458656677820327,7.622384062448898
8.040404040404042,2.955,21.4263586614924,2.3182879868517343,8.934812392463469,5.2703301674763186
8.202020202020202,2.955,17.308542988520728,2.2425412295350324,8.08322326231716,4.436723271665027
8.363636363636363,2.955,13.430921180530557,2.1552995655623497,7.15405649281469,3.5654839608667146
8.525252525252526,2.955,9.877375836265902,2.0600681473151887,6.138833694619731,2.723062244375661
8.686868686868687,2.955,6.700477685290459,1.9487469030159783,5.069901126384984,1.8820197723101726
8.848484848484848,2.955,4.015088774283836,1.8235219143962262,3.96377338372056,1.121067574836528
9.01010101010101,2.955,2.0325749809116673,1.6830803331459718,2.9180067610027423,0.5008404688377153
9.171717171717173,2.955,1.8858374538433922,1.5721214317366252,2.552914200288417,0.18516117039416102
9.333333333333334,2.955,1.7255147819175767,1.4599544456116154,2.199451897038558,0.02246584717872597
9.494949494949495,2.955,1.5534388252881257,1.3459468907468117,1.8647305261371185,0.01826086637460686
9.656565656565657,2.955,1.372445577326986,1.2300816790675027,1.553930778464491,0.1804514736782446
9.818181818181818,2.955,1.1868763680388155,1.1149785209638645,1.2632023123880127,0.5077327719496636
9.97979797979798,2.955,0.9999999962459483,1.0000000032988108,1.0000000008196481,0.9999999835059458
10.141414141414142,2.955,0.8831764084393519,0.8616566201222844,0.7909746515430186,1.8113349666135141
10.303030303030305,2.955,0.774917601569562,0.7266702559334421,0.6082716524672271,2.8335809015296007
10.464646464646465,2.955,0.6669045720077468,0.5997599568301598,0.44915330039220297,4.002400791827922
10.626262626262626,2.955,0.5610155368576004,0.4827234518753218,0.31241038109031577,5.2587266608720284
10.787878787878789,2.955,0.45899186262284875,0.37598894812090233,0.20030952885119183,6.553741464815849
10.94949494949495,2.955,0.36270522922612247,0.280999969332822,0.11239585897466525,7.826006678957157
11.11111111111111,2.955,0.30103927674330466,0.22419434614626213,0.0812712511622769,8.6407433477151
11.272727272727273,2.955,0.25480418658474663,0.18407424894940405,0.06947522549513846,9.240471450424721
11.434343434343436,2.955,0.21107638481718727,0.14776028493811827,0.05852071988075096,9.800651899864139
11.595959595959597,2.955,0.17027227964986286,0.11513848182427079,0.04864881929617876,10.317932005555242
11.757575757575758,2.955,0.132788363023672,0.08642282122068944,0.039630025300971955,10.784281278811328
11.91919191919192,2.955,0.09905123032857893,0.06162208109363252,0.03156633114301947,11.195346586350867
12.080808080808081,2.955,0.07013265028594387,0.04177693059815337,0.02475916365476602,11.52981191409608
12.242424242424244,2.955,0.04768964297304065,0.027471090150007683,0.01898038620520861,11.773972552337549
12.404040404040405,2.955,0.030665426398960714,0.017030353899141853,0.013981966616949882,11.953781512727076
12.565656565656566,2.955,0.018149375534693733,0.009646193324418878,0.00977555776321631,12.081773173357991
12.727272727272728,2.955,0.009389968826926194,0.004705524582237128,0.006309063332788523,12.16779170707081
12.88888888888889,2.955,0.0037738211874881644,0.0017054000782657668,0.003611032732969948,12.220173676064265
13.050505050505052,2.955,0.0013899121220781539,0.0005320000492004195,0.002063087559932893,12.240691768039317
13.212121212121213,2.955,0.0011556956414869514,0.00043417505526247767,0.0016908183926715298,12.24240311470777
13.373737373737374,2.955,0.0009381705763599607,0.00034516632051683914,0.0013590649970994858,12.243960334014634
13.535353535353536,2.955,0.0007387477839390569,0.00026569157044037975,0.0010616906156128677,12.245350838717355
13.696969696969697,2.955,0.0005592531569877053,0.00019572131543089708,0.0008030794649955044,12.246575116397663
13.85858585858586,2.955,0.0004012678471007812,0.00013585749695356106,0.0005795030376292946,12.24762260916118
14.02020202020202,2.955,0.00027566313504866024,9.008155208501969e-05,0.00040111645791479096,12.248423623555297
14.181818181818183,2.955,0.00022587770394943938,7.581725684608426e-05,0.0003057976306959101,12.248673233931795
14.343434343434344,2.955,0.0001801232270091564,6.269255980127274e-05,0.00022301296499437927,12.248902904768206
14.505050505050505,2.955,0.00013876856672868007,5.066060275808171e-05,0.0001536643351981163,12.249113455492333
14.666666666666668,2.955,0.00010208849205394651,3.982833272440175e-05,9.699811070351242e-05,12.249303014091671
14.828282828282829,2.955,7.047856300281448e-05,3.018161491686023e-05,5.335740821290291e-05,12.249471827432265
14.989898989898991,2.955,4.421902627646175e-05,2.1777063921003725e-05,2.2752709908203225e-05,12.249618904345382
15.151515151515152,2.955,3.5181005220067496e-05,1.7318930598113305e-05,1.7490755224897235e-05,12.249696920589189
15.313131313131315,2.955,2.7769057345263745e-05,1.3495640227797481e-05,1.3888402509977522e-05,12.249763827434338
15.474747474747476,2.955,2.1150878555783234e-05,1.0093915055376342e-05,1.1723929271588267e-05,12.249823357123324
15.636363636363637,2.955,1.53008484145455e-05,7.174229199080145e-06,1.1723929279119251e-05,12.249874451310696
15.7979797979798,2.955,1.035230832680496e-05,4.70891536772625e-06,1.1723929285478237e-05,12.24991759411965
15.95959595959596,2.955,6.272561686723763e-06,2.7565193822152302e-06,1.1723929290514223e-05,12.249951760958295
16.121212121212125,2.955,4.589511084507624e-06,1.9769783133604564e-06,1.1723929292524964e-05,12.24996540290394
16.282828282828284,2.955,3.5864865352040823e-06,1.533407383376574e-06,1.1723929293669109e-05,12.249973165385486
16.444444444444443,2.955,2.6873756250778447e-06,1.1423403344112174e-06,1.1723929294677828e-05,12.249980009052303
16.60606060606061,2.955,1.9241926706240892e-06,8.018822593647463e-07,1.1723929295556003e-05,12.249985967064479
16.767676767676768,2.955,1.3176930399084042e-06,5.119970656529316e-07,1.172392929630373e-05,12.249991040052988
16.92929292929293,2.955,1.3176930399711416e-06,2.955804534944384e-07,1.1723929296861925e-05,12.249994827342608
17.090909090909093,2.955,1.317693040006616e-06,1.732101010039707e-07,1.1723929297177551e-05,12.24999696882342
17.252525252525253,2.955,1.3176930400224754e-06,1.18501958097297e-07,1.1723929297318657e-05,12.249997926215821
17.414141414141415,2.955,1.3176930400353993e-06,7.39205198084775e-08,1.1723929297433645e-05,12.249998706390937
17.575757575757578,2.955,1.3176930400353993e-06,7.39205198084775e-08,1.1723929297433645e-05,12.249998706390937
17.737373737373737,2.955,1.3176930400353993e-06,7.39205198084775e-08,1.1723929297433645e-05,12.249998706390937
17.8989898989899,2.955,1.3176930400353993e-06,7.39205198084775e-08,1.1723929297433645e-05,12.249998706390937
18.060606060606062,2.955,1.3176930400353993e-06,7.39205198084775e-08,1.1723929297433645e-05,12.249998706390937
18.22222222222222,2.955,1.3176930400353993e-06,7.39205198084775e-08,1.1723929297433645e-05,12.249998706390937
18.383838383838388,2.955,1.3176930400353993e-06,7.39205198084775e-08,1.1723929297433645e-05,12.249998706390937
18.545454545454547,2.955,1.3176930400353993e-06,7.39205198084775e-08,1.1723929297433645e-05,12.249998706390937
18.707070707070706,2.955,1.3176930400353993e-06,7.39205198084775e-08,1.1723929297433645e-05,12.249998706390937
18.868686868686872,2.955,1.3176930400353993e-06,7.39205198084775e-08,1.1723929297433645e-05,12.249998706390937
19.03030303030303,2.955,1.3176930400353993e-06,7.39205198084775e-08,1.1723929297433645e-05,12.249998706390937
19.191919191919194,2.955,1.3176930400353993e-06,7.39205198084775e-08,1.1723929297433645e-05,12.249998706390937
19.353535353535356,2.955,1.3176930400353993e-06,7.39205198084775e-08,1.1723929297433645e-05,12.249998706390937
19.515151515151516,2.955,1.3176930400353993e-06,7.39205198084775e-08,1.1723929297433645e-05,12.249998706390937
19.67676767676768,2.955,1.3176930400353993e-06,7.39205198084775e-08,1.1723929297433645e-05,12.249998706390937
19.83838383838384,2.955,1.3176930400353993e-06,7.39205198084775e-08,1.1723929297433645e-05,12.249998706390937
20.0,2.955,1.3176930400353993e-06,7.39205198084775e-08,1.1723929297433645e-05,12.249998706390937
4.0,3.0500000000000003,0.6068643490474342,2.2842107565310497,15.844200562248375,4.886429137282571
4.161616161616162,3.0500000000000003,0.8021416861970091,2.915995547270517,15.836315843632963,14.364015620900217
4.3232323232323235,3.0500000000000003,1.0995422689994745,3.8874898390449406,15.824503550496795,38.672535620948906
4.484848484848484,3.0500000000000003,1.5351952535660758,5.343569595119507,15.807009795374718,97.19838219719396
4.646464646464646,3.0500000000000003,2.162350906813331,7.525461741143579,15.780917338819444,234.50800963883583
4.808080808080808,3.0500000000000003,3.0839706499153285,10.92449298898841,15.740457362248412,566.9747918580584
4.96969696969697,3.0500000000000003,4.4562581635596,16.368581521288462,15.67570649948403,1400.365204746615
5.1313131313131315,3.0500000000000003,6.043288129299618,21.75085018951774,15.596415862547662,2588.481896476215
5.292929292929293,3.0500000000000003,7.84563617444386,27.98235297185401,15.490135228572234,4416.384309501474
5.454545454545455,3.0500000000000003,9.884327059966347,36.079902847610214,15.33792467902478,7516.847884498019
5.616161616161616,3.0500000000000003,12.12756118104064,47.01508931534516,15.11204890941759,13004.602332793225
5.777777777777778,3.0500000000000003,14.391297881384714,61.91630714450909,14.770200362336892,22888.896440053508
5.9393939393939394,3.0500000000000003,16.472443639170518,83.21514595476575,14.228649492691769,41835.73817249763
6.101010101010101,3.0500000000000003,18.449294833080607,82.78292978246817,13.810418329254807,41394.88287486339
6.262626262626263,3.0500000000000003,20.38575288938677,65.41523096947584,13.555839703611866,25612.186225470858
6.424242424242424,3.0500000000000003,22.02017966392483,48.59216633568055,13.240404671668843,13919.378521590881
6.5858585858585865,3.0500000000000003,23.101486783565914,32.72597005214194,12.86053119106652,6133.227498173086
6.747474747474747,3.0500000000000003,23.524514567038732,18.81905401767638,12.394298262922668,1896.3965179420475
6.909090909090909,3.0500000000000003,23.059255194286706,7.856881399126295,11.831397878527648,260.57073376489467
7.070707070707071,3.0500000000000003,22.689601239441203,3.4229047378095188,11.329508698107672,25.575897364076237
7.232323232323233,3.0500000000000003,23.383333192435128,3.274793496963226,10.98954661814961,21.967816601597505
7.3939393939393945,3.0500000000000003,23.803230608465004,3.1086627179646684,10.631571297492917,18.247051773515047
7.555555555555555,3.0500000000000003,23.888193393619712,2.9204425600839414,10.262032167930546,14.448409865716311
7.717171717171718,3.0500000000000003,23.687886454087035,2.721698534939929,9.866446977433414,10.918043857889721
7.878787878787879,3.0500000000000003,23.119617260871983,2.504346628404377,9.458656551145005,7.62238422292572
8.040404040404042,3.0500000000000003,21.426359445759886,2.3182879915134564,8.93481231092716,5.270330220986363
8.202020202020202,3.0500000000000003,17.308543371047932,2.242541230413694,8.083223210358373,4.436723280918885
8.363636363636363,3.0500000000000003,13.430921360494924,2.1552995649378417,7.15405646010153,3.5654839549705817
8.525252525252526,3.0500000000000003,9.877375913837978,2.060068146079745,6.138833675530048,2.723062234182198
8.686868686868687,3.0500000000000003,6.700477717679418,1.9487469013638479,5.069901115760463,1.8820197609776543
8.848484848484848,3.0500000000000003,4.015088784362731,1.8235219134706477,3.963773378458095,1.121067569936493
9.01010101010101,3.0500000000000003,2.0325749835446825,1.6830803324484829,2.9180067589247902,0.5008404663696477
9.171717171717173,3.0500000000000003,1.8858374573139551,1.5721214307918876,2.552914197415142,0.18516116836154115
9.333333333333334,3.0500000000000003,1.725514783759186,1.459954444779265,2.1994518960100353,0.02246584655493713
9.494949494949495,3.0500000000000003,1.553438822660197,1.3459468921031046,1.8647305277804875,0.0182608654582088
9.656565656565657,3.0500000000000003,1.372445582143565,1.2300816763889502,1.5539307761173788,0.18045147936743391
9.818181818181818,3.0500000000000003,1.1868763712483559,1.1149785192808748,1.263202309488871,0.5077327779457664
9.97979797979798,3.0500000000000003,0.999999993182972,1.000000002329637,1.0000000082812597,0.9999999883518149
10.141414141414142,3.0500000000000003,0.8831764097172511,0.8616566189539522,0.7909746509426094,1.811334974475563
10.303030303030305,3.0500000000000003,0.7749176008791425,0.7266702573686804,0.6082716505838133,2.833580889449743
10.464646464646465,3.0500000000000003,0.6669045724737797,0.5997599540438701,0.4491533044249713,4.0024008196991785
10.626262626262626,3.0500000000000003,0.5610155335027599,0.4827234527865159,0.31241038478022626,5.258726650424318
10.787878787878789,3.0500000000000003,0.4589918734602875,0.3759889342194831,0.20030953669504617,6.553741642755937
10.94949494949495,3.0500000000000003,0.36270520924103905,0.2809999891021164,0.11239585357363038,7.826006402434145
11.11111111111111,3.0500000000000003,0.3010392753271965,0.22419434923210232,0.08127124834204284,8.640743302360741
11.272727272727273,3.0500000000000003,0.25480417741645534,0.184074251226299,0.06947522925291238,9.240471415818032
11.434343434343436,3.0500000000000003,0.21107640272682726,0.14776026864632122,0.058520724617227175,9.800652154879582
11.595959595959597,3.0500000000000003,0.1702722540233916,0.11513849913562012,0.04864881914615603,10.317931727521666
11.757575757575758,3.0500000000000003,0.1327883786859395,0.08642280543994794,0.03963003045266789,10.784281537926605
11.91919191919192,3.0500000000000003,0.09905126896201359,0.06162205476979098,0.03156633368302891,11.195347026741473
12.080808080808081,3.0500000000000003,0.07013265244282124,0.04177693311909715,0.024759160426077547,11.529811871296031
12.242424242424244,3.0500000000000003,0.047689594124581104,0.0274711122114029,0.018980395497439212,11.773972173838768
12.404040404040405,3.0500000000000003,0.030665394258077964,0.01703036833737771,0.013981974632786014,11.953781263131553
12.565656565656566,3.0500000000000003,0.018149376041148732,0.009646201690349255,0.009775531470967144,12.081773027962953
12.727272727272728,3.0500000000000003,0.009389955665312059,0.004705529366533635,0.006309072314360188,12.16779162362703
12.88888888888889,3.0500000000000003,0.003773829568438129,0.001705399714468924,0.0036110128041446253,12.220173682422955
13.050505050505052,3.0500000000000003,0.0013899073827521404,0.0005320022246025811,0.002063083661168073,12.240691729984247
13.212121212121213,3.0500000000000003,0.001155691555703493,0.0004341758451625867,0.0016908297409695898,12.242403100888806
13.373737373737374,3.0500000000000003,0.0009381793517847103,0.0003451624789994633,0.0013590684888994213,12.243960401224612
13.535353535353536,3.0500000000000003,0.0007387520180534829,0.00026569122059619965,0.0010616753822763197,12.245350844838468
13.696969696969697,3.0500000000000003,0.0005592530276030474,0.00019572146264135962,0.0008030753987730651,12.24657511382184
13.85858585858586,3.0500000000000003,0.0004012769526629294,0.00013585415433086556,0.0005795022830438859,12.247622667651404
14.02020202020202,3.0500000000000003,0.00027565177852900566,9.008540775592088e-05,0.00040111574847147047,12.248423556085399
14.181818181818183,3.0500000000000003,0.00022587704742817123,7.581749438243784e-05,0.000305794923421204,12.248673229775132
14.343434343434344,3.0500000000000003,0.00018012449638149413,6.269205253599731e-05,0.00022301751020908141,12.248902913644951
14.505050505050505,3.0500000000000003,0.0001387695527829576,5.066403881767317e-05,0.00015362980404937685,12.24911339536347
14.666666666666668,3.0500000000000003,0.00010209790898437389,3.98224847832387e-05,9.700849647519546e-05,12.249303116427727
14.828282828282829,3.0500000000000003,7.04692340506295e-05,3.0187154901523043e-05,5.335461415984375e-05,12.249471730484624
14.989898989898991,3.0500000000000003,4.4219227317845955e-05,2.177671044829937e-05,2.275187780304095e-05,12.24961891053106
15.151515151515152,3.0500000000000003,3.518196589556228e-05,1.7312799992023394e-05,1.7505471688208318e-05,12.249697027873468
15.313131313131315,3.0500000000000003,2.7775125175497603e-05,1.3491750295446015e-05,1.3894019727969071e-05,12.249763895507497
15.474747474747476,3.0500000000000003,2.114418666050956e-05,1.009805875282527e-05,1.172392927157758e-05,12.24982328460914
15.636363636363637,3.0500000000000003,1.5305143826611333e-05,7.1738194303958975e-06,1.1723929279120308e-05,12.249874458481612
15.7979797979798,3.0500000000000003,1.0347981641421608e-05,4.711274150775756e-06,1.1723929285472154e-05,12.249917552841085
15.95959595959596,3.0500000000000003,6.277257771601754e-06,2.75140378042769e-06,1.1723929290527418e-05,12.249951850481155
16.121212121212125,3.0500000000000003,4.596748161674834e-06,1.974876970198381e-06,1.1723929292530383e-05,12.249965439677394
16.282828282828284,3.0500000000000003,3.591776369293406e-06,1.531833783464487e-06,1.1723929293673168e-05,12.249973192923454
16.444444444444443,3.0500000000000003,2.711881617668693e-06,1.1335667789645287e-06,1.1723929294700456e-05,12.249980162589397
16.60606060606061,3.0500000000000003,1.9219658228360934e-06,7.990521225485958e-07,1.1723929295563303e-05,12.249986016591844
16.767676767676768,3.0500000000000003,1.3176930399060654e-06,5.200644479082058e-07,1.1723929296282922e-05,12.24999089887385
16.92929292929293,3.0500000000000003,1.317693039971252e-06,2.952001540133283e-07,1.1723929296862907e-05,12.249994833997844
17.090909090909093,3.0500000000000003,1.3176930400066361e-06,1.7314072243915815e-07,1.1723929297177729e-05,12.249996970037543
17.252525252525253,3.0500000000000003,1.3176930400225165e-06,1.183605844345411e-07,1.1723929297319023e-05,12.249997928689856
17.414141414141415,3.0500000000000003,1.317693040034844e-06,7.583580189488119e-08,1.1723929297428705e-05,12.2499986728735
17.575757575757578,3.0500000000000003,1.3176930400353993e-06,7.39205198084775e-08,1.1723929297433645e-05,12.249998706390937
17.737373737373737,3.0500000000000003,1.3176930400353993e-06,7.39205198084775e-08,1.1723929297433645e-05,12.249998706390937
17.8989898989899,3.0500000000000003,1.3176930400353993e-06,7.39205198084775e-08,1.1723929297433645e-05,12.249998706390937
18.060606060606062,3.0500000000000003,1.3176930400353993e-06,7.39205198084775e-08,1.1723929297433645e-05,12.249998706390937
18.22222222222222,3.0500000000000003,1.3176930400353993e-06,7.39205198084775e-08,1.1723929297433645e-05,12.249998706390937
18.383838383838388,3.0500000000000003,1.3176930400353993e-06,7.39205198084775e-08,1.1723929297433645e-05,12.249998706390937
18.545454545454547,3.0500000000000003,1.3176930400353993e-06,7.39205198084775e-08,1.1723929297433645e-05,12.249998706390937
18.707070707070706,3.0500000000000003,1.3176930400353993e-06,7.39205198084775e-08,1.1723929297433645e-05,12.249998706390937
18.868686868686872,3.0500000000000003,1.3176930400353993e-06,7.39205198084775e-08,1.1723929297433645e-05,12.249998706390937
19.03030303030303,3.0500000000000003,1.3176930400353993e-06,7.39205198084775e-08,1.1723929297433645e-05,12.249998706390937
19.191919191919194,3.0500000000000003,1.3176930400353993e-06,7.39205198084775e-08,1.1723929297433645e-05,12.249998706390937
19.353535353535356,3.0500000000000003,1.3176930400353993e-06,7.39205198084775e-08,1.1723929297433645e-05,12.249998706390937
19.515151515151516,3.0500000000000003,1.3176930400353993e-06,7.39205198084775e-08,1.1723929297433645e-05,12.249998706390937
19.67676767676768,3.0500000000000003,1.3176930400353993e-06,7.39205198084775e-08,1.1723929297433645e-05,12.249998706390937
19.83838383838384,3.0500000000000003,1.3176930400353993e-06,7.39205198084775e-08,1.1723929297433645e-05,12.249998706390937
20.0,3.0500000000000003,1.3176930400353993e-06,7.39205198084775e-08,1.1723929297433645e-05,12.249998706390937
4.0,3.145,0.6149811879216892,2.299501771102127,15.844049883067232,5.056896476349144
4.161616161616162,3.145,0.8087556493042448,2.9276398796958896,15.836198912730339,14.58552251273295
4.3232323232323235,3.145,1.105033711127556,3.896540623222387,15.824410660293177,38.95446927124765
4.484848484848484,3.145,1.539790031623321,5.350728527522451,15.806934498052296,97.55159936362318
4.646464646464646,3.145,2.166204708871272,7.531221563343111,15.780855094988484,234.94923661752213
4.808080808080808,3.145,3.087231621933998,10.929251641772263,15.740404436212872,567.541480326371
4.96969696969697,3.145,4.4590482549577795,16.372631146808843,15.675660065295283,1401.1230216149393
5.1313131313131315,3.145,6.045527591602555,21.753906557677617,15.596377502664458,2589.2594509917
5.292929292929293,3.145,7.84735724699277,27.98458645051231,15.490103884729653,4417.126479654766
5.454545454545455,3.145,9.88561110714281,36.08153736063387,15.33789879889867,7517.556460606516
5.616161616161616,3.145,12.128494285753844,47.016294671411025,15.112027173947613,13005.289622181263
5.777777777777778,3.145,14.391953278287756,61.91719920706923,14.77018183175678,22889.57124917563
5.9393939393939394,3.145,16.472886471993455,83.21580885653124,14.228633399819726,41836.41611780283
6.101010101010101,3.145,18.449589180921038,82.78329746600257,13.810406384159423,41395.25691524911
6.262626262626263,3.145,20.385947221624196,65.41539533065028,13.55583162152902,25612.31774587151
6.424242424242424,3.145,22.020305227817616,48.59223496251529,13.240399150747475,13919.419004732816
6.5858585858585865,3.145,23.101563493299928,32.72599509291443,12.860527510133899,6133.237303508117
6.747474747474747,3.145,23.524561246887536,18.819061900722847,12.394295737706049,1896.398234382589
6.909090909090909,3.145,23.059282555748247,7.856883162224375,11.831396148929592,260.570876066354
7.070707070707071,3.145,22.689617421776376,3.4229051487455986,11.329507547713103,25.57590775513408
7.232323232323233,3.145,23.38334330012263,3.274793711571222,10.989545875811201,21.96782163091874
7.3939393939393945,3.145,23.80323686068186,3.108662827603411,10.63157081899604,18.24705411521052
7.555555555555555,3.145,23.888197216682396,2.9204426144565385,10.26203186019328,14.448410899096464
7.717171717171718,3.145,23.68788876855497,2.721698560833338,9.866446779712204,10.918044285680729
7.878787878787879,3.145,23.119618644661813,2.5043466400869847,9.458656424288154,7.6223843841963275
8.040404040404042,3.145,21.4263602302531,2.3182879959543117,8.934812229667713,5.270330271961162
8.202020202020202,3.145,17.30854375406817,2.2425412312928574,8.083223158331803,4.436723290178028
8.363636363636363,3.145,13.430921541135184,2.1552995639471213,7.154056427872517,3.5654839456169483
8.525252525252526,3.145,9.877375995484899,2.060068145014213,6.138833654982853,2.7230622253906502
8.686868686868687,3.145,6.700477749396495,1.9487469006771425,5.0699011035837795,1.8820197562673113
8.848484848484848,3.145,4.015088796605719,1.823521912031202,3.9637733725551825,1.1210675623160333
9.01010101010101,3.145,2.032574987896175,1.683080331661083,2.9180067546966777,0.5008404635834298
9.171717171717173,3.145,1.8858374586738889,1.5721214306390692,2.5529141959087385,0.18516116803274957
9.333333333333334,3.145,1.7255147855461672,1.4599544440451153,2.1994518951158333,0.022465846004742964
9.494949494949495,3.145,1.5534388258009066,1.3459468906063174,1.8647305257441835,0.01826086646953377
9.656565656565657,3.145,1.3724455793927413,1.2300816776247938,1.5539307783503817,0.1804514767425279
9.818181818181818,3.145,1.186876370470306,1.1149785202239093,1.2632023092812543,0.5077327745859527
9.97979797979798,3.145,0.9999999981019265,0.9999999992560749,1.0000000054467661,1.000000003719625
10.141414141414142,3.145,0.8831764067825124,0.8616566240553573,0.790974646674768,1.8113349401467174
10.303030303030305,3.145,0.7749175979906553,0.7266702566168844,0.6082716572282841,2.8335808957773256
10.464646464646465,3.145,0.666904568713427,0.5997599630109686,0.44915329434247725,4.002400730001289
10.626262626262626,3.145,0.5610155424523926,0.4827234459570413,0.31241038371619256,5.258726728730779
10.787878787878789,3.145,0.45899185862653336,0.3759889455565346,0.20030953551246594,6.553741497640108
10.94949494949495,3.145,0.36270521846231857,0.280999980652935,0.1123958553387867,7.82600652061707
11.11111111111111,3.145,0.30103927474752806,0.22419435269072857,0.08127124589490511,8.640743251527338
11.272727272727273,3.145,0.2548041797861329,0.1840742565141307,0.06947522224042864,9.240471335447898
11.434343434343436,3.145,0.21107636274829103,0.14776029123015863,0.058520729745491544,9.800651801374856
11.595959595959597,3.145,0.17027229583008813,0.11513847265131331,0.04864881818459183,10.317932152879996
11.757575757575758,3.145,0.1327883655032205,0.08642281793885183,0.039630026966881685,10.784281332698166
11.91919191919192,3.145,0.09905127339997723,0.061622057125519956,0.03156632591574926,11.195346987330778
12.080808080808081,3.145,0.07013263644120799,0.04177693027453266,0.02475918150207744,11.529811919590447
12.242424242424244,3.145,0.047689598978529736,0.027471113719757023,0.018980390948607904,11.773972147960526
12.404040404040405,3.145,0.030665408752732604,0.01703036374127595,0.013981967253251692,11.953781342584922
12.565656565656566,3.145,0.018149368728632913,0.00964620541142261,0.009775533834966859,12.081772963292849
12.727272727272728,3.145,0.00938996838622612,0.004705524415898965,0.006309068666600217,12.167791709971945
12.88888888888889,3.145,0.0037738318774153613,0.0017053979458876189,0.003611015234706825,12.220173713335425
13.050505050505052,3.145,0.0013899066753730199,0.0005320006133203706,0.0020631049408139216,12.240691758170973
13.212121212121213,3.145,0.0011556898203653335,0.00043417737763669617,0.0016908207991354295,12.242403074078828
13.373737373737374,3.145,0.0009381791323613081,0.0003451630252894937,0.0013590621381452373,12.243960391666892
13.535353535353536,3.145,0.0007387533230003388,0.0002656899304192336,0.0010616861395169176,12.24535086741228
13.696969696969697,3.145,0.0005592505502427945,0.00019572077650325842,0.0008030992909836887,12.24657512582758
13.85858585858586,3.145,0.0004012723880666837,0.00013585470232706085,0.0005795173085959426,12.247622658062399
14.02020202020202,3.145,0.0002756639346470747,9.00817508896112e-05,0.0004011143728605649,12.24842362007644
14.181818181818183,3.145,0.00022587711731486437,7.581794808151137e-05,0.0003057933094302104,12.248673221835828
14.343434343434344,3.145,0.00018012498950827478,6.269133245699446e-05,0.00022302091466083388,12.24890292624577
14.505050505050505,3.145,0.0001387790623650856,5.0659085028135314e-05,0.00015364077143129214,12.249113482051646
14.666666666666668,3.145,0.0001020937625078651,3.9824468321618726e-05,9.700590815655119e-05,12.249303081716798
14.828282828282829,3.145,7.045422546530359e-05,3.019044680391345e-05,5.337229129415214e-05,12.249471672877574
14.989898989898991,3.145,4.4234948276983254e-05,2.1770422979117287e-05,2.2745023465625164e-05,12.24961902056006
15.151515151515152,3.145,3.519292387636826e-05,1.7311190541957718e-05,1.7492909550040364e-05,12.249697056038498
15.313131313131315,3.145,2.7798076542874253e-05,1.3479836028673613e-05,1.3890951790772889e-05,12.249764104005157
15.474747474747476,3.145,2.11332488284134e-05,1.0099731773508022e-05,1.1723929271573265e-05,12.249823255331489
15.636363636363637,3.145,1.5308211255714768e-05,7.1729809607139735e-06,1.1723929279122471e-05,12.249874473154758
15.7979797979798,3.145,1.0343918256235502e-05,4.713490377253377e-06,1.1723929285466438e-05,12.249917514057248
15.95959595959596,3.145,6.274265955645469e-06,2.756760720695261e-06,1.1723929290513599e-05,12.249951756734886
16.121212121212125,3.145,4.585090219409025e-06,1.979012032548536e-06,1.1723929292519719e-05,12.249965367313907
16.282828282828284,3.145,3.5921181567936246e-06,1.5283772775731532e-06,1.1723929293682082e-05,12.24997325341224
16.444444444444443,3.145,2.6958694030793996e-06,1.1398634626853175e-06,1.1723929294684215e-05,12.249980052397522
16.60606060606061,3.145,1.9245755389691177e-06,7.983454195778937e-07,1.1723929295565126e-05,12.249986028959139
16.767676767676768,3.145,1.3176930399063453e-06,5.190990155334168e-07,1.1723929296285412e-05,12.24999091576891
16.92929292929293,3.145,1.3176930399718205e-06,2.9323869615206484e-07,1.1723929296867966e-05,12.24999486832335
17.090909090909093,3.145,1.3176930400050998e-06,1.7844005792455766e-07,1.1723929297164061e-05,12.249996877299186
17.252525252525253,3.145,1.3176930400225546e-06,1.1822918797638672e-07,1.1723929297319361e-05,12.249997930989293
17.414141414141415,3.145,1.3176930400348915e-06,7.567218955908394e-08,1.1723929297429127e-05,12.249998675736714
17.575757575757578,3.145,1.3176930400353993e-06,7.39205198084775e-08,1.1723929297433645e-05,12.249998706390937
17.737373737373737,3.145,1.3176930400353993e-06,7.39205198084775e-08,1.1723929297433645e-05,12.249998706390937
17.8989898989899,3.145,1.3176930400353993e-06,7.39205198084775e-08,1.1723929297433645e-05,12.249998706390937
18.060606060606062,3.145,1.3176930400353993e-06,7.39205198084775e-08,1.1723929297433645e-05,12.249998706390937
18.22222222222222,3.145,1.3176930400353993e-06,7.39205198084775e-08,1.1723929297433645e-05,12.249998706390937
18.383838383838388,3.145,1.3176930400353993e-06,7.39205198084775e-08,1.1723929297433645e-05,12.249998706390937
18.545454545454547,3.145,1.3176930400353993e-06,7.39205198084775e-08,1.1723929297433645e-05,12.249998706390937
18.707070707070706,3.145,1.3176930400353993e-06,7.39205198084775e-08,1.1723929297433645e-05,12.249998706390937
18.868686868686872,3.145,1.3176930400353993e-06,7.39205198084775e-08,1.1723929297433645e-05,12.249998706390937
19.03030303030303,3.145,1.3176930400353993e-06,7.39205198084775e-08,1.1723929297433645e-05,12.249998706390937
19.191919191919194,3.145,1.3176930400353993e-06,7.39205198084775e-08,1.1723929297433645e-05,12.249998706390937
19.353535353535356,3.145,1.3176930400353993e-06,7.39205198084775e-08,1.1723929297433645e-05,12.249998706390937
19.515151515151516,3.145,1.3176930400353993e-06,7.39205198084775e-08,1.1723929297433645e-05,12.249998706390937
19.67676767676768,3.145,1.3176930400353993e-06,7.39205198084775e-08,1.1723929297433645e-05,12.249998706390937
19.83838383838384,3.145,1.3176930400353993e-06,7.39205198084775e-08,1.1723929297433645e-05,12.249998706390937
20.0,3.145,1.3176930400353993e-06,7.39205198084775e-08,1.1723929297433645e-05,12.249998706390937
4.0,3.24,0.6231821808047133,2.314827628744275,15.84389878853411,5.2306849394617085
4.161616161616162,3.24,0.8154123412109089,2.9393003215590507,15.836081777811081,14.809034249698732
4.3232323232323235,3.24,1.1105466891919422,3.9055983275851043,15.824317673693145,39.23764361998294
4.484848484848484,3.24,1.5443955710299426,5.357890277611642,15.806859155719101,97.90559656007976
4.646464646464646,3.24,2.170063845153458,7.536982471749409,15.78079283010548,235.3909616159968
4.808080808080808,3.24,3.0904952429217594,10.934010683629548,15.740351500172483,568.1084982222648
4.96969696969697,3.24,4.461839669806494,16.376680889772004,15.675613626260848,1401.8810654628871
5.1313131313131315,3.24,6.047767672263253,21.756962941232125,15.596339140546021,2590.0371261918635
5.292929292929293,3.24,7.849078595410242,27.986819918598016,15.490072539869704,4417.86870864975
5.454545454545455,3.24,9.886895273419848,36.083171860771955,15.337872918312346,7518.265064524022
5.616161616161616,3.24,12.12942744032794,47.017500017611304,15.1120054382732,13005.976924104796
5.777777777777778,3.24,14.392608695219764,61.9180912630002,14.770163301091127,22890.246063230134
5.9393939393939394,3.24,16.47332931245903,83.21647175399755,14.228617306917679,41837.09406420423
6.101010101010101,3.24,18.449883531639436,82.78366514764807,13.810394439055573,41395.63095540316
6.262626262626263,3.24,20.38614155493267,65.41555969123169,13.555823539443793,25612.44926613529
6.424242424242424,3.24,22.0204307921213,48.59230358914728,13.240393629825968,13919.459487814018
6.5858585858585865,3.24,23.101640203225084,32.726020133665465,12.860523829198279,6133.247108842587
6.747474747474747,3.24,23.52460792682646,18.819069783736968,12.394293212489965,1896.3999508168638
6.909090909090909,3.24,23.059309917419814,7.856884925331581,11.83139441931919,260.5710183685888
7.070707070707071,3.24,22.689633604068675,3.4229055596731612,11.329506397327528,25.57591814597866
7.232323232323233,3.24,23.383353407909024,3.274793926176897,10.989545133468901,21.967826660186144
7.3939393939393945,3.24,23.80324311260169,3.1086629372405166,10.631570340517635,18.247056456871185
7.555555555555555,3.24,23.888201040053822,2.9204426688522345,10.262031552413264,14.44841193291566
7.717171717171718,3.24,23.68789108405991,2.721698586758453,9.866446581877081,10.918044713995574
7.878787878787879,3.24,23.11962002691388,2.504346651720615,9.45865629761348,7.622384544790836
8.040404040404042,3.24,21.426361012803227,2.3182880005334394,8.934812148414267,5.2703303245231385
8.202020202020202,3.24,17.30854413754193,2.242541232172981,8.083223106245226,4.436723299447282
8.363636363636363,3.24,13.430921720074577,2.1552995633041907,7.154056395375017,3.5654839395468834
8.525252525252526,3.24,9.877376074881953,2.060068143659927,6.138833635538256,2.7230622142166374
8.686868686868687,3.24,6.700477783100471,1.9487468988615504,5.069901092734932,1.8820197438135544
8.848484848484848,3.24,4.015088808942676,1.8235219113601235,3.9637733650335565,1.1210675587633274
9.01010101010101,3.24,2.0325749911972166,1.6830803306711593,2.9180067524134348,0.5008404600805807
9.171717171717173,3.24,1.8858374612783049,1.5721214298860062,2.5529141936756776,0.18516116641252117
9.333333333333334,3.24,1.7255147865663336,1.4599544434960305,2.1994518946991723,0.022465845593242058
9.494949494949495,3.24,1.5534388233120495,1.3459468918871935,1.864730527302703,0.0182608656040921
9.656565656565657,3.24,1.372445579819391,1.2300816770856322,1.5539307785950254,0.18045147788769586
9.818181818181818,3.24,1.1868763723004987,1.1149785176093054,1.2632023118132243,0.507732783901181
9.97979797979798,3.24,0.9999999935417854,1.000000004665561,1.0000000032556484,0.9999999766721944
10.141414141414142,3.24,0.8831764082776714,0.8616566230778977,0.7909746464704949,1.811334946724329
10.303030303030305,3.24,0.774917597445661,0.7266702579479185,0.608271655315719,2.8335808845745154
10.464646464646465,3.24,0.6669045692486364,0.5997599602067667,0.4491532983160815,4.002400758051722
10.626262626262626,3.24,0.5610155421480627,0.4827234495850024,0.31241037785359704,5.258726687132734
10.787878787878789,3.24,0.4589918590483148,0.37598894442934083,0.2003095383817241,6.553741512068345
10.94949494949495,3.24,0.3627052119747934,0.2809999864498839,0.11239585408276724,7.826006439532247
11.11111111111111,3.24,0.30103928795163076,0.2241943408899545,0.08127124730328496,8.64074342497005
11.272727272727273,3.24,0.2548041712591353,0.18407425836656716,0.06947522584717784,9.240471307292584
11.434343434343436,3.24,0.21107638687231717,0.14776028034176236,0.05852072224523815,9.800651971810883
11.595959595959597,3.24,0.17027227124046967,0.11513848922219048,0.04864881807838464,10.317931886738966
11.757575757575758,3.24,0.13278833682016605,0.08642282497000989,0.03963004175976457,10.784281217248557
11.91919191919192,3.24,0.09905122961555698,0.06162208079357638,0.03156632959211109,11.195346591370726
12.080808080808081,3.24,0.07013263886674335,0.04177693265069766,0.02475917793560639,11.52981187924842
12.242424242424244,3.24,0.04768960190808935,0.027471114195100628,0.01898038601391578,11.773972139805236
12.404040404040405,3.24,0.03066541613673611,0.017030360055847574,0.013981961498384566,11.953781406295363
12.565656565656566,3.24,0.018149349003901985,0.009646205284578255,0.00977556336452839,12.081772965497331
12.727272727272728,3.24,0.009389952204830654,0.004705529150654861,0.006309077829476494,12.167791627392212
12.88888888888889,3.24,0.003773834118760878,0.001705396311641398,0.0036110175875839097,12.220173741899895
13.050505050505052,3.24,0.0013899104733507562,0.0005320003551381001,0.0020630918824610903,12.240691762687442
13.212121212121213,3.24,0.0011556857429250939,0.0004341779021150975,0.0016908308233222658,12.242403064903302
13.373737373737374,3.24,0.0009381766113684107,0.00034516268804817284,0.0013590780395497178,12.243960397567161
13.535353535353536,3.24,0.000738744881169588,0.0002656929407029679,0.001061685083444898,12.245350814742313
13.696969696969697,3.24,0.0005592636348804484,0.00019571748922006565,0.0008030807598281108,12.246575183346996
13.85858585858586,3.24,0.0004012836682321613,0.00013585259973583743,0.0005794893564549927,12.247622694854174
14.02020202020202,3.24,0.000275664597795696,9.00821809505867e-05,0.00040109996429910305,12.248423612550859
14.181818181818183,3.24,0.0002258733076391677,7.581707433138493e-05,0.0003058193224360877,12.248673237125628
14.343434343434344,3.24,0.0001801298387541932,6.269218078987324e-05,0.0002229957346817757,12.24890291140061
14.505050505050505,3.24,0.00013876974852358173,5.0659415102587724e-05,0.00015366624207578742,12.249113476275552
14.666666666666668,3.24,0.00010209394259398591,3.982792843484338e-05,9.697802864165566e-05,12.249303021166538
14.828282828282829,3.24,7.046152280158595e-05,3.018897864915742e-05,5.335811855291039e-05,12.249471698569726
14.989898989898991,3.24,4.423533942202223e-05,2.1770615482856453e-05,2.2744811001957564e-05,12.249619017191296
15.151515151515152,3.24,3.518237239761292e-05,1.7314941873337187e-05,1.7501175405408833e-05,12.249696990391008
15.313131313131315,3.24,2.7782272388051936e-05,1.3483569682449017e-05,1.3903308913974747e-05,12.249764038666845
15.474747474747476,3.24,2.11475238840412e-05,1.009525930599635e-05,1.17239292715848e-05,12.249823333599105
15.636363636363637,3.24,1.5312165694900927e-05,7.1726919941970854e-06,1.1723929279123215e-05,12.249874478211646
15.7979797979798,3.24,1.034009444621151e-05,4.715576408798824e-06,1.1723929285461058e-05,12.249917477551822
15.95959595959596,3.24,6.278635658489047e-06,2.751939602543476e-06,1.1723929290526035e-05,12.249951841104284
16.121212121212125,3.24,4.592038327340985e-06,1.976975752017504e-06,1.172392929252497e-05,12.249965402948765
16.282828282828284,3.24,3.5826535022244478e-06,1.535151071278632e-06,1.172392929366461e-05,12.249973134870977
16.444444444444443,3.24,2.718706247173068e-06,1.1316904195372423e-06,1.1723929294705294e-05,12.249980195425659
16.60606060606061,3.24,1.9463279380217753e-06,7.906724413664422e-07,1.1723929295584914e-05,12.249986163236182
16.767676767676768,3.24,1.3176930399086715e-06,5.110750894869399e-07,1.1723929296306107e-05,12.249991056187561
16.92929292929293,3.24,1.3176930399714025e-06,2.9468076877193153e-07,1.1723929296864246e-05,12.249994843087087
17.090909090909093,3.24,1.3176930400062827e-06,1.7435988530962984e-07,1.1723929297174585e-05,12.249996948702192
17.252525252525253,3.24,1.317693040022947e-06,1.1687501266763125e-07,1.1723929297322853e-05,12.249997954687363
17.414141414141415,3.24,1.3176930400353993e-06,7.39205198084775e-08,1.1723929297433645e-05,12.249998706390937
17.575757575757578,3.24,1.3176930400353993e-06,7.39205198084775e-08,1.1723929297433645e-05,12.249998706390937
17.737373737373737,3.24,1.3176930400353993e-06,7.39205198084775e-08,1.1723929297433645e-05,12.249998706390937
17.8989898989899,3.24,1.3176930400353993e-06,7.39205198084775e-08,1.1723929297433645e-05,12.249998706390937
18.060606060606062,3.24,1.3176930400353993e-06,7.39205198084775e-08,1.1723929297433645e-05,12.249998706390937
18.22222222222222,3.24,1.3176930400353993e-06,7.39205198084775e-08,1.1723929297433645e-05,12.249998706390937
18.383838383838388,3.24,1.3176930400353993e-06,7.39205198084775e-08,1.1723929297433645e-05,12.249998706390937
18.545454545454547,3.24,1.3176930400353993e-06,7.39205198084775e-08,1.1723929297433645e-05,12.249998706390937
18.707070707070706,3.24,1.3176930400353993e-06,7.39205198084775e-08,1.1723929297433645e-05,12.249998706390937
18.868686868686872,3.24,1.3176930400353993e-06,7.39205198084775e-08,1.1723929297433645e-05,12.249998706390937
19.03030303030303,3.24,1.3176930400353993e-06,7.39205198084775e-08,1.1723929297433645e-05,12.249998706390937
19.191919191919194,3.24,1.3176930400353993e-06,7.39205198084775e-08,1.1723929297433645e-05,12.249998706390937
19.353535353535356,3.24,1.3176930400353993e-06,7.39205198084775e-08,1.1723929297433645e-05,12.249998706390937
19.515151515151516,3.24,1.3176930400353993e-06,7.39205198084775e-08,1.1723929297433645e-05,12.249998706390937
19.67676767676768,3.24,1.3176930400353993e-06,7.39205198084775e-08,1.1723929297433645e-05,12.249998706390937
19.83838383838384,3.24,1.3176930400353993e-06,7.39205198084775e-08,1.1723929297433645e-05,12.249998706390937
20.0,3.24,1.3176930400353993e-06,7.39205198084775e-08,1.1723929297433645e-05,12.249998706390937
4.0,3.3350000000000004,0.6314678231423432,2.3301877333748995,15.843747283596832,5.407807620757083
4.161616161616162,3.3350000000000004,0.8221119236406949,2.950976707218839,15.835964440193292,15.034554664596198
4.3232323232323235,3.3350000000000004,1.116081252678955,3.914662904611237,15.824224591062107,39.52205952392389
4.484848484848484,3.3350000000000004,1.5490118862397215,5.365054831436219,15.806783768480278,98.26037385184814
4.646464646464646,3.3350000000000004,2.1739283197284114,7.542744462194163,15.780730544201719,235.83318454885656
4.808080808080808,3.3350000000000004,3.093761513996293,10.938770113282812,15.740298554136949,568.6758454628585
4.96969696969697,3.3350000000000004,4.464632408406088,16.380730749775537,15.675567182383856,1402.6393362329395
5.1313131313131315,3.3350000000000004,6.050008371354535,21.760019340069,15.596300776193313,2590.8149220498985
5.292929292929293,3.3350000000000004,7.850800219712958,27.98905337608079,15.49004119399268,4418.610996475458
5.454545454545455,3.3350000000000004,9.888179558800452,36.08480634801758,15.33784703726588,7518.973696246752
5.616161616161616,3.3350000000000004,12.130360644759262,47.01870535394522,15.111983702394408,13006.66423856294
5.777777777777778,3.3350000000000004,14.393264132176679,61.918983312305215,14.770144770339959,22890.92088221923
5.9393939393939394,3.3350000000000004,16.47377216055648,83.21713464716,14.22860121398587,41837.772011696914
6.101010101010101,3.3350000000000004,18.450177885221827,82.78403282744937,13.810382493942924,41396.00499537097
6.262626262626263,3.3350000000000004,20.38633588934816,65.41572405116142,13.555815457356525,25612.580786215283
6.424242424242424,3.3350000000000004,22.02055635680659,48.59237221559186,13.240388108904748,13919.49997084354
6.5858585858585865,3.3350000000000004,23.10171691325904,32.72604517436543,12.860520148263879,6133.256914164897
6.747474747474747,3.3350000000000004,23.52465460682465,18.81907766676246,12.394290687271358,1896.4016672543924
6.909090909090909,3.3350000000000004,23.059337279003817,7.856886688458469,11.831392689708448,260.57116067245113
7.070707070707071,3.3350000000000004,22.689649786474927,3.4229059705999205,11.32950524693529,25.57592853680504
7.232323232323233,3.3350000000000004,23.383363515663973,3.274794140779721,10.989544391130694,21.967831689387328
7.3939393939393945,3.3350000000000004,23.8032493650287,3.1086630468647933,10.631569862017331,18.247058798257992
7.555555555555555,3.3350000000000004,23.888204863387628,2.9204427232792503,10.262031244610048,14.448412967330142
7.717171717171718,3.3350000000000004,23.687893398354998,2.7216986127554503,9.866446384065679,10.918045143498013
7.878787878787879,3.3350000000000004,23.119621410537796,2.50434666340717,9.458656170764492,7.622384706115933
8.040404040404042,3.3350000000000004,21.42636179611477,2.318288005097343,8.934812067107,5.27033037691036
8.202020202020202,3.3350000000000004,17.308544519900966,2.242541232949978,8.083223054468057,4.436723307630434
8.363636363636363,3.3350000000000004,13.430921899206762,2.1552995625347013,7.154056363053883,3.565483932281946
8.525252525252526,3.3350000000000004,9.877376153948537,2.0600681422282627,6.138833616374674,2.7230622024041886
8.686868686868687,3.3350000000000004,6.7004778145751045,1.948746897755335,5.069901081484423,1.8820197362256512
8.848484848484848,3.3350000000000004,4.015088820099446,1.8235219099542304,3.9637733600096396,1.1210675513204953
9.01010101010101,3.3350000000000004,2.0325749943231495,1.6830803301465145,2.918006749176333,0.500840458224123
9.171717171717173,3.3350000000000004,1.8858374619755687,1.5721214298970718,2.5529141927410075,0.185161166436329
9.333333333333334,3.3350000000000004,1.725514786461719,1.4599544443793513,2.1994518929466147,0.022465846255229613
9.494949494949495,3.3350000000000004,1.553438826262375,1.3459468904879965,1.864730525404565,0.018260866549478935
9.656565656565657,3.3350000000000004,1.372445582236091,1.2300816772543697,1.5539307742739747,0.18045147752930102
9.818181818181818,3.3350000000000004,1.1868763715368047,1.1149785185462309,1.263202311551226,0.5077327805631325
9.97979797979798,3.3350000000000004,0.999999998170318,1.0000000017006019,1.0000000007258372,0.9999999914969901
10.141414141414142,3.3350000000000004,0.8831764018939704,0.8616566263524787,0.790974650129983,1.811334924688716
10.303030303030305,3.3350000000000004,0.7749175969027773,0.7266702591759852,0.6082716534893997,2.8335808742383426
10.464646464646465,3.3350000000000004,0.6669045697185463,0.5997599575310213,0.44915330203986087,4.002400784817204
10.626262626262626,3.3350000000000004,0.5610155418610706,0.4827234530062727,0.3124103723250027,5.258726647904596
10.787878787878789,3.3350000000000004,0.45899186231952754,0.3759889457201965,0.20030953236536558,6.553741495545217
10.94949494949495,3.3350000000000004,0.36270522059653115,0.2809999785604681,0.11239585573399744,7.826006549885452
11.11111111111111,3.3350000000000004,0.3010392863370797,0.2241943438616817,0.08127124483393777,8.640743381292882
11.272727272727273,3.3350000000000004,0.25480419100035445,0.18407424635810776,0.06947522405675378,9.24047148981002
11.434343434343436,3.3350000000000004,0.21107638372018714,0.14776028606006733,0.05852072111080149,9.800651882302276
11.595959595959597,3.3350000000000004,0.17027228477152304,0.11513848583408079,0.04864880994396184,10.317931941154615
11.757575757575758,3.3350000000000004,0.13278832398068882,0.08642283515892729,0.03963003767285055,10.784281049949437
11.91919191919192,3.3350000000000004,0.0990512667084349,0.06162205781073866,0.03156633251395629,11.19534697586726
12.080808080808081,3.3350000000000004,0.07013266961170848,0.04177690856375562,0.02475918461881738,11.529812288191428
12.242424242424244,3.3350000000000004,0.04768960449551732,0.027471114542423902,0.018980381290621556,11.77397213384635
12.404040404040405,3.3350000000000004,0.03066538868354189,0.017030374000465635,0.013981969726733533,11.953781165233073
12.565656565656566,3.3350000000000004,0.01814935022247062,0.00964621259469426,0.009775539159377282,12.081772838451736
12.727272727272728,3.3350000000000004,0.009389964299592832,0.004705524488206388,0.00630907423242292,12.167791708710817
12.88888888888889,3.3350000000000004,0.0037738263155489373,0.0017054010565282583,0.0036110103173978892,12.220173658965527
13.050505050505052,3.3350000000000004,0.001389906221339494,0.0005320023494480935,0.002063088246194506,12.240691727800277
13.212121212121213,3.3350000000000004,0.0011556935605742421,0.0004341767039288363,0.0016908122942539657,12.242403085865055
13.373737373737374,3.3350000000000004,0.000938184917100462,0.0003451594446442032,0.0013590815163632987,12.243960454312736
13.535353535353536,3.3350000000000004,0.0007387468795697625,0.00026569187803654985,0.0010616957627783052,12.245350833335445
13.696969696969697,3.3350000000000004,0.0005592631594619286,0.00019571771230951366,0.0008030769200165686,12.246575179443473
13.85858585858586,3.3350000000000004,0.0004012705627314165,0.00013585739120419848,0.0005794914604764789,12.247622611011614
14.02020202020202,3.3350000000000004,0.0002756542304358086,9.00857089563308e-05,0.0004010998732910585,12.24842355081473
14.181818181818183,3.3350000000000004,0.00022587282783131005,7.581729521167137e-05,0.00030581622226260214,12.24867323326043
14.343434343434344,3.3350000000000004,0.00018013015154682394,6.269149808293384e-05,0.00022299956548292775,12.248902923347446
14.505050505050505,3.3350000000000004,0.0001387668769851502,5.066122616896375e-05,0.00015366244389423609,12.249113444583038
14.666666666666668,3.3350000000000004,0.00010209089358906073,3.982993579113382e-05,9.697716705382477e-05,12.249302986038801
14.828282828282829,3.3350000000000004,7.046528755506928e-05,3.0186258816688654e-05,5.336448550614954e-05,12.249471746165765
14.989898989898991,3.3350000000000004,4.422020686169133e-05,2.1776691722387505e-05,2.275076908497138e-05,12.249618910858759
15.151515151515152,3.3350000000000004,3.5192693236006615e-05,1.7313362910111232e-05,1.7489454585403775e-05,12.24969701802252
15.313131313131315,3.3350000000000004,2.779166412446302e-05,1.3482405107180561e-05,1.3894122582073206e-05,12.249764059046717
15.474747474747476,3.3350000000000004,2.1141627883355307e-05,1.0099071265217214e-05,1.1723929271574969e-05,12.2498232668903
15.636363636363637,3.3350000000000004,1.5329931712529708e-05,7.162593425024842e-06,1.1723929279149261e-05,12.2498746549357
15.7979797979798,3.3350000000000004,1.0336490374728639e-05,4.717543730051902e-06,1.1723929285455984e-05,12.249917443123817
15.95959595959596,3.3350000000000004,6.270290156071513e-06,2.7551103002330884e-06,1.1723929290517856e-05,12.249951785617187
16.121212121212125,3.3350000000000004,4.59298196367379e-06,1.9731656562524844e-06,1.1723929292534798e-05,12.249965469625348
16.282828282828284,3.3350000000000004,3.5833543915711235e-06,1.5318491684613705e-06,1.1723929293673129e-05,12.249973192654215
16.444444444444443,3.3350000000000004,2.7032560076564685e-06,1.1376142229884788e-06,1.1723929294690015e-05,12.24998009175918
16.60606060606061,3.3350000000000004,1.9301305686233234e-06,7.968448893534292e-07,1.1723929295568995e-05,12.2499860552184
16.767676767676768,3.3350000000000004,1.3176930399065304e-06,5.184608182784649e-07,1.1723929296287059e-05,12.249990926937357
16.92929292929293,3.3350000000000004,1.317693039971494e-06,2.943647918996508e-07,1.172392929686506e-05,12.24999484861668
17.090909090909093,3.3350000000000004,1.317693040006309e-06,1.7426898822030262e-07,1.1723929297174819e-05,12.249996950292896
17.252525252525253,3.3350000000000004,1.3176930400226724e-06,1.1782232558888045e-07,1.172392929732041e-05,12.249997938109386
17.414141414141415,3.3350000000000004,1.3176930400349344e-06,7.552391010241062e-08,1.172392929742951e-05,12.249998678331607
17.575757575757578,3.3350000000000004,1.3176930400353993e-06,7.39205198084775e-08,1.1723929297433645e-05,12.249998706390937
17.737373737373737,3.3350000000000004,1.3176930400353993e-06,7.39205198084775e-08,1.1723929297433645e-05,12.249998706390937
17.8989898989899,3.3350000000000004,1.3176930400353993e-06,7.39205198084775e-08,1.1723929297433645e-05,12.249998706390937
18.060606060606062,3.3350000000000004,1.3176930400353993e-06,7.39205198084775e-08,1.1723929297433645e-05,12.249998706390937
18.22222222222222,3.3350000000000004,1.3176930400353993e-06,7.39205198084775e-08,1.1723929297433645e-05,12.249998706390937
18.383838383838388,3.3350000000000004,1.3176930400353993e-06,7.39205198084775e-08,1.1723929297433645e-05,12.249998706390937
18.545454545454547,3.3350000000000004,1.3176930400353993e-06,7.39205198084775e-08,1.1723929297433645e-05,12.249998706390937
18.707070707070706,3.3350000000000004,1.3176930400353993e-06,7.39205198084775e-08,1.1723929297433645e-05,12.249998706390937
18.868686868686872,3.3350000000000004,1.3176930400353993e-06,7.39205198084775e-08,1.1723929297433645e-05,12.249998706390937
19.03030303030303,3.3350000000000004,1.3176930400353993e-06,7.39205198084775e-08,1.1723929297433645e-05,12.249998706390937
19.191919191919194,3.3350000000000004,1.3176930400353993e-06,7.39205198084775e-08,1.1723929297433645e-05,12.249998706390937
19.353535353535356,3.3350000000000004,1.3176930400353993e-06,7.39205198084775e-08,1.1723929297433645e-05,12.249998706390937
19.515151515151516,3.3350000000000004,1.3176930400353993e-06,7.39205198084775e-08,1.1723929297433645e-05,12.249998706390937
19.67676767676768,3.3350000000000004,1.3176930400353993e-06,7.39205198084775e-08,1.1723929297433645e-05,12.249998706390937
19.83838383838384,3.3350000000000004,1.3176930400353993e-06,7.39205198084775e-08,1.1723929297433645e-05,12.249998706390937
20.0,3.3350000000000004,1.3176930400353993e-06,7.39205198084775e-08,1.1723929297433645e-05,12.249998706390937
4.0,3.43,0.6398386083280806,2.3455814852505736,15.843595373235537,5.5882771578042565
4.161616161616162,3.43,0.8288545579687127,2.9626688703600865,15.835846901201428,15.262087489952933
4.3232323232323235,3.43,1.1216374510064715,3.9237343066684542,15.824131412766603,39.80771781659564
4.484848484848484,3.43,1.5536389916917481,5.372222175028431,15.806708336441153,98.61593129867246
4.646464646464646,3.43,2.177798136661449,7.548507530506501,15.780668237308523,236.27590532934468
4.808080808080808,3.43,3.0970304362748906,10.943529929454575,15.74024559811596,569.2435219649702
4.96969696969697,3.43,4.467426471056582,16.384780726416675,15.675520733667453,1403.3978338674287
5.1313131313131315,3.43,6.05224968894904,21.76307575407617,15.596262409607293,2591.59283853903
5.292929292929293,3.43,7.852522119916301,27.99128682293017,15.490009847098872,4419.3533431208725
5.454545454545455,3.43,9.889463963287536,36.0864408223623,15.337821155759364,7519.682355770262
5.616161616161616,3.43,12.13129389904883,47.01991068041336,15.111961966311227,13007.35156555558
5.777777777777778,3.43,14.393919589165417,61.91987535497516,14.770126239503277,22891.59570613581
5.9393939393939394,3.43,16.474215016298068,83.21779753604176,14.228585121023801,41838.44996030449
6.101010101010101,3.43,18.450472241693628,82.78440050536389,13.81037054882153,41396.37903510921
6.262626262626263,3.43,20.386530224813008,65.41588841052707,13.555807375266893,25612.712306181584
6.424242424242424,3.43,22.020681921860398,48.59244084185531,13.240382587983985,13919.54045382508
6.5858585858585865,3.43,23.10179362344796,32.72607021504225,12.86051646732779,6133.266719485982
6.747474747474747,3.43,23.524701286900747,18.819085549770175,12.394288162052462,1896.403383688826
6.909090909090909,3.43,23.05936464048697,7.856888451549086,11.831390960112266,260.5713029734246
7.070707070707071,3.43,22.68966596875901,3.4229063815221306,11.329504096553594,25.575938927518497
7.232323232323233,3.43,23.383373623614922,3.2747943553952914,10.989543648771487,21.967836718887792
7.3939393939393945,3.43,23.803255617338138,3.10866315648933,10.631569383524123,18.2470611396505
7.555555555555555,3.43,23.888208686508573,2.920442777665199,10.262030936858057,14.44841400096416
7.717171717171718,3.43,23.687895713027004,2.721698638637816,9.866446186339576,10.918045571106601
7.878787878787879,3.43,23.119622793896497,2.5043466750279277,9.458656044014205,7.622384866532746
8.040404040404042,3.43,21.426362579520728,2.31828800964864,8.93481198580546,5.27033042915288
8.202020202020202,3.43,17.30854490502298,2.242541233939717,8.083223001990596,4.436723318054132
8.363636363636363,3.43,13.430922078921745,2.155299562004511,7.1540563302287605,3.5654839272762873
8.525252525252526,3.43,9.877376234443124,2.060068141086672,6.138833596246545,2.723062192985092
8.686868686868687,3.43,6.7004778489073775,1.9487468964840402,5.069901069296332,1.8820197275054127
8.848484848484848,3.43,4.015088833154529,1.8235219089304462,3.963773352664943,1.1210675459005575
9.01010101010101,3.43,2.0325749978516097,1.683080328968151,2.9180067469450113,0.5008404540544793
9.171717171717173,3.43,1.8858374656353096,1.5721214286642968,2.5529141900038974,0.18516116378399158
9.333333333333334,3.43,1.7255147897097085,1.4599544429025761,2.1994518911836503,0.02246584514848921
9.494949494949495,3.43,1.5534388261125651,1.3459468905493253,1.8647305255276634,0.018260866508041335
9.656565656565657,3.43,1.372445582568986,1.2300816767630676,1.5539307746277427,0.1804514785728164
9.818181818181818,3.43,1.1868763718611126,1.114978520413607,1.2632023064072255,0.5077327739101041
9.97979797979798,3.43,0.9999999967653452,1.0000000022550297,1.0000000016913078,0.999999988724851
10.141414141414142,3.43,0.8831764034417525,0.86165662536559,0.7909746498413704,1.811334931329779
10.303030303030305,3.43,0.7749176036703241,0.7266702530772579,0.6082716550151759,2.8335809255690236
10.464646464646465,3.43,0.6669045729793937,0.599759957536847,0.44915329732806397,4.0024007847589305
10.626262626262626,3.43,0.5610155330493609,0.48272345203247957,0.31241038545439687,5.258726659070065
10.787878787878789,3.43,0.4589918620823601,0.37598894421404916,0.20030953493011103,6.55374151482411
10.94949494949495,3.43,0.36270521440926234,0.28099998409425775,0.11239585453660737,7.826006472481572
11.11111111111111,3.43,0.30103928122612456,0.22419434399829524,0.08127124991604368,8.640743379284993
11.272727272727273,3.43,0.2548041826407125,0.18407424839327496,0.06947522741493638,9.24047145887737
11.434343434343436,3.43,0.21107637390855766,0.14776029153552767,0.05852072045051146,9.800651796594916
11.595959595959597,3.43,0.1702722617209267,0.11513850103443565,0.04864881003491325,10.317931697025228
11.757575757575758,3.43,0.132788340545195,0.0864228217531725,0.03963004237554151,10.78428127006811
11.91919191919192,3.43,0.09905127101636693,0.06162205999618676,0.031566325480628106,11.195346939305315
12.080808080808081,3.43,0.07013263424027816,0.041776936669396025,0.024759171787449807,11.529811811019808
12.242424242424244,3.43,0.047689637727690005,0.027471092752012257,0.0189803890825662,11.773972507695966
12.404040404040405,3.43,0.03066542893721146,0.017030348996269512,0.013981975319873547,11.953781597483623
12.565656565656566,3.43,0.01814936680971602,0.009646198824940338,0.009775553274383538,12.081773077762104
12.727272727272728,3.43,0.009389974705179481,0.0047055195732810026,0.006309070149821937,12.16779179443292
12.88888888888889,3.43,0.003773825550121883,0.0017053980543842047,0.003611031524046779,12.220173711439047
13.050505050505052,3.43,0.0013899148500461545,0.0005319993161068988,0.002063083837656569,12.24069178086358
13.212121212121213,3.43,0.0011556918748756918,0.00043417807062068705,0.0016908045215743815,12.242403061955365
13.373737373737374,3.43,0.0009381772558632566,0.00034516349499010246,0.0013590647489536787,12.24396038344916
13.535353535353536,3.43,0.0007387506696417944,0.0002656915584309671,0.0010616820745084942,12.245350838927482
13.696969696969697,3.43,0.0005592606073169006,0.00019571718706171498,0.0008030987848017252,12.246575188634026
13.85858585858586,3.43,0.00040127858428921036,0.00013585442183652763,0.0005794911102032513,12.247622662970505
14.02020202020202,3.43,0.00027566524991343784,9.008232839447123e-05,0.0004010989663597047,12.248423609970757
14.181818181818183,3.43,0.00022587301328066685,7.581771823916882e-05,0.0003058141585526095,12.248673225857853
14.343434343434344,3.43,0.00018011525576882946,6.269524325726234e-05,0.00022301880026634097,12.24890285780983
14.505050505050505,3.43,0.00013877930692003621,5.065808926372423e-05,0.00015364452966865196,12.249113499476895
14.666666666666668,3.43,0.00010209920757167491,3.982469366621262e-05,9.698698670832976e-05,12.249303077773378
14.828282828282829,3.43,7.04726915775495e-05,3.018533801787334e-05,5.3351933700016566e-05,12.249471762279402
14.989898989898991,3.43,4.42210686204211e-05,2.1776740265762612e-05,2.2750451414593623e-05,12.249618910009264
15.151515151515152,3.43,3.5181832246782524e-05,1.731640237083451e-05,1.7496908127717024e-05,12.249696964832617
15.313131313131315,3.43,2.7795523828995463e-05,1.3478874676711479e-05,1.3898505032826043e-05,12.249764120828656
15.474747474747476,3.43,2.1134956355192048e-05,1.0102147085454238e-05,1.1723929271567034e-05,12.249823213063836
15.636363636363637,3.43,1.531276396805327e-05,7.169789630427944e-06,1.1723929279130701e-05,12.249874529002751
15.7979797979798,3.43,1.0345962134446138e-05,4.710596147090687e-06,1.1723929285473902e-05,12.249917564706108
15.95959595959596,3.43,6.263237893774894e-06,2.757943085308978e-06,1.1723929290510551e-05,12.249951736043544
16.121212121212125,3.43,4.599321978871984e-06,1.971407376275908e-06,1.1723929292539333e-05,12.249965500395204
16.282828282828284,3.43,3.587071574280196e-06,1.5300337407819734e-06,1.1723929293677811e-05,12.249973224424165
16.444444444444443,3.43,2.7053258480602307e-06,1.1362971969160452e-06,1.1723929294693414e-05,12.24998011480712
16.60606060606061,3.43,1.932306940432536e-06,7.962578383792021e-07,1.172392929557051e-05,12.24998606549179
16.767676767676768,3.43,1.3176930399067748e-06,5.176178232207617e-07,1.1723929296289232e-05,12.249990941689765
16.92929292929293,3.43,1.3176930399720094e-06,2.9258742628632443e-07,1.1723929296869645e-05,12.249994879720571
17.090909090909093,3.43,1.3176930400067223e-06,1.7284270820480368e-07,1.1723929297178498e-05,12.249996975252792
17.252525252525253,3.43,1.317693040022623e-06,1.1799238062696983e-07,1.1723929297319971e-05,12.249997935133425
17.414141414141415,3.43,1.3176930400353993e-06,7.39205198084775e-08,1.1723929297433645e-05,12.249998706390937
17.575757575757578,3.43,1.3176930400353993e-06,7.39205198084775e-08,1.1723929297433645e-05,12.249998706390937
17.737373737373737,3.43,1.3176930400353993e-06,7.39205198084775e-08,1.1723929297433645e-05,12.249998706390937
17.8989898989899,3.43,1.3176930400353993e-06,7.39205198084775e-08,1.1723929297433645e-05,12.249998706390937
18.060606060606062,3.43,1.3176930400353993e-06,7.39205198084775e-08,1.1723929297433645e-05,12.249998706390937
18.22222222222222,3.43,1.3176930400353993e-06,7.39205198084775e-08,1.1723929297433645e-05,12.249998706390937
18.383838383838388,3.43,1.3176930400353993e-06,7.39205198084775e-08,1.1723929297433645e-05,12.249998706390937
18.545454545454547,3.43,1.3176930400353993e-06,7.39205198084775e-08,1.1723929297433645e-05,12.249998706390937
18.707070707070706,3.43,1.3176930400353993e-06,7.39205198084775e-08,1.1723929297433645e-05,12.249998706390937
18.868686868686872,3.43,1.3176930400353993e-06,7.39205198084775e-08,1.1723929297433645e-05,12.249998706390937
19.03030303030303,3.43,1.3176930400353993e-06,7.39205198084775e-08,1.1723929297433645e-05,12.249998706390937
19.191919191919194,3.43,1.3176930400353993e-06,7.39205198084775e-08,1.1723929297433645e-05,12.249998706390937
19.353535353535356,3.43,1.3176930400353993e-06,7.39205198084775e-08,1.1723929297433645e-05,12.249998706390937
19.515151515151516,3.43,1.3176930400353993e-06,7.39205198084775e-08,1.1723929297433645e-05,12.249998706390937
19.67676767676768,3.43,1.3176930400353993e-06,7.39205198084775e-08,1.1723929297433645e-05,12.249998706390937
19.83838383838384,3.43,1.3176930400353993e-06,7.39205198084775e-08,1.1723929297433645e-05,12.249998706390937
20.0,3.43,1.3176930400353993e-06,7.39205198084775e-08,1.1723929297433645e-05,12.249998706390937
4.0,3.5250000000000004,0.6482950276421143,2.3610082810618485,15.843443062462011,5.772105726684054
4.161616161616162,3.5250000000000004,0.8356404052136535,2.974376644003083,15.835729162166249,15.49163635739007
4.3232323232323235,3.5250000000000004,1.1272153335231183,3.932812486015016,15.824038139174311,40.09461930820978
4.484848484848484,3.5250000000000004,1.5582769018102436,5.379392294403767,15.806632859707271,98.9722689547505
4.646464646464646,3.5250000000000004,2.181673300014628,7.55427167251317,15.780605909457249,236.7191238693628
4.808080808080808,3.5250000000000004,3.1003020108737975,10.948290130866802,15.740192632119232,569.8115276450521
4.96969696969697,3.5250000000000004,4.470221858057914,16.38883081929275,15.675474280114777,1404.156558308626
5.1313131313131315,3.5250000000000004,6.054491625119973,21.766132183140243,15.596224040788913,2592.37087563213
5.292929292929293,3.5250000000000004,7.854244296036392,27.993520259116195,15.489978499188569,4420.095748575147
5.454545454545455,3.5250000000000004,9.890748486883945,36.08807528379778,15.337795273792901,7520.391043090138
5.616161616161616,3.5250000000000004,12.132227203197473,47.02111599701332,15.11194023002369,13008.038905080903
5.777777777777778,3.5250000000000004,14.394575066180202,61.92076739101417,14.770107708581124,22892.270534982774
5.9393939393939394,3.5250000000000004,16.474657879669245,83.21846042060021,14.228569028032277,41839.12790998325
6.101010101010101,3.5250000000000004,18.45076660102488,82.78476818141796,13.810358603691668,41396.75307464462
6.262626262626263,3.5250000000000004,20.386724561370343,65.41605276926431,13.555799293175056,25612.843825982694
6.424242424242424,3.5250000000000004,22.02080748734511,48.59250946796222,13.240377067061145,13919.58093677315
6.5858585858585865,3.5250000000000004,23.101870333719706,32.726095255634135,12.860512786395486,6133.276524781647
6.747474747474747,3.5250000000000004,23.524747966960856,18.819093432744257,12.39428563683834,1896.405100116713
6.909090909090909,3.5250000000000004,23.05939200212981,7.856890214653995,11.831389230505437,260.57144527559075
7.070707070707071,3.5250000000000004,22.689682151142367,3.4229067924568186,11.329502946158211,25.575949318549583
7.232323232323233,3.5250000000000004,23.383383731284724,3.2747945700110885,10.989542906428449,21.967841748394143
7.3939393939393945,3.5250000000000004,23.80326186974113,3.1086632661080675,10.631568905030255,18.2470634809193
7.555555555555555,3.5250000000000004,23.888212509364994,2.9204428320799565,10.262030629096683,14.448415035145741
7.717171717171718,3.5250000000000004,23.68789802784731,2.7216986645629615,9.866445988556304,10.918045999421976
7.878787878787879,3.5250000000000004,23.11962417621403,2.5043466867384736,9.458655917250463,7.622385028189028
8.040404040404042,3.5250000000000004,21.426363363613135,2.3182880141883557,8.934811904460677,5.270330481262462
8.202020202020202,3.5250000000000004,17.308545288192253,2.2425412347211253,8.083222950085611,4.43672332628374
8.363636363636363,3.5250000000000004,13.430922259231222,2.1552995611389756,7.154056297829912,3.5654839191045578
8.525252525252526,3.5250000000000004,9.877376312424731,2.060068139985567,6.138833576794096,2.723062183900038
8.686868686868687,3.5250000000000004,6.700477881594356,1.9487468951992535,5.069901057890704,1.8820197186926284
8.848484848484848,3.5250000000000004,4.015088844517564,1.8235219080924048,3.963773346249887,1.1210675414639464
9.01010101010101,3.5250000000000004,2.032575001955418,1.6830803284872053,2.9180067422807325,0.5008404523526508
9.171717171717173,3.5250000000000004,1.8858374662171125,1.572121428740658,2.5529141892720966,0.18516116394828394
9.333333333333334,3.5250000000000004,1.7255147895309209,1.4599544437584273,2.199451889626551,0.022465845789890214
9.494949494949495,3.5250000000000004,1.5534388275283972,1.3459468911226222,1.8647305222191755,0.018260866120685292
9.656565656565657,3.5250000000000004,1.3724455800948419,1.230081677848077,1.5539307766506607,0.18045147626827915
9.818181818181818,3.5250000000000004,1.1868763688833555,1.1149785204472336,1.2632023115785196,0.5077327737903
9.97979797979798,3.5250000000000004,0.9999999955912051,1.0000000029346774,1.0000000027598426,0.9999999853266126
10.141414141414142,3.5250000000000004,0.8831764049061097,0.8616566244318962,0.7909746495683156,1.8113349376128771
10.303030303030305,3.5250000000000004,0.7749176029889459,0.7266702543703969,0.6082716532953963,2.8335809146851614
10.464646464646465,3.5250000000000004,0.6669045733563611,0.5997599551068972,0.44915330089993555,4.002400809065719
10.626262626262626,3.5250000000000004,0.561015533023051,0.4827234552033807,0.3124103800189533,5.258726622712649
10.787878787878789,3.5250000000000004,0.4589918587703701,0.375988943561671,0.20030953811912855,6.553741523174639
10.94949494949495,3.5250000000000004,0.3627052224971929,0.28099997669087634,0.11239585608552576,7.8260065760363675
11.11111111111111,3.5250000000000004,0.3010392798088352,0.2241943466731834,0.08127124749020843,8.640743339970637
11.272727272727273,3.5250000000000004,0.25480415932863015,0.18407426692335288,0.06947522639230075,9.240471177237385
11.434343434343436,3.5250000000000004,0.2110763897051959,0.14776027726573002,0.058520724535147964,9.800652019960005
11.595959595959597,3.5250000000000004,0.17027229881335182,0.11513847735400036,0.04864880942255817,10.317932077351228
11.757575757575758,3.5250000000000004,0.13278835470275516,0.0864228080845677,0.03963004637287597,10.784281494502698
11.91919191919192,3.5250000000000004,0.09905125892990549,0.061622057297077815,0.03156633782457359,11.195346984460661
12.080808080808081,3.5250000000000004,0.07013263652902246,0.04177693868110069,0.02475916877114678,11.529811776865515
12.242424242424244,3.5250000000000004,0.04768959560260525,0.027471111770233175,0.018980397044943458,11.773972181407746
12.404040404040405,3.5250000000000004,0.03066540909375495,0.01703036608326087,0.013981957918705547,11.953781302098744
12.565656565656566,3.5250000000000004,0.018149360534285154,0.0096462022220979,0.009775554795919373,12.081773018721467
12.727272727272728,3.5250000000000004,0.009389969298373818,0.004705526924618548,0.006309056039880069,12.167791666216914
12.88888888888889,3.5250000000000004,0.0037738183982969293,0.0017054024964822988,0.00361102426997089,12.220173633797028
13.050505050505052,3.5250000000000004,0.0013899091246600962,0.0005320006244020727,0.002063095555657823,12.240691757977114
13.212121212121213,3.5250000000000004,0.0011556939009329382,0.00043417543745656964,0.0016908227022502703,12.242403108021445
13.373737373737374,3.5250000000000004,0.0009381749864468512,0.000345163171318596,0.001359079290245759,12.243960389112017
13.535353535353536,3.5250000000000004,0.0007387518702553329,0.00026569039823097935,0.001061691491751238,12.245350859227129
13.696969696969697,3.5250000000000004,0.0005592602910434159,0.00019571742444348016,0.0008030947407391746,12.246575184480426
13.85858585858586,3.5250000000000004,0.0004012744679636926,0.00013585490360315997,0.000579504817063671,12.247622654540407
14.02020202020202,3.5250000000000004,0.0002756633394350365,9.008189621189514e-05,0.0004011104248621759,12.248423617533463
14.181818181818183,3.5250000000000004,0.0002258725672672635,7.581790986150758e-05,0.00030581136466680453,12.248673222504642
14.343434343434344,3.5250000000000004,0.0001801159499285628,6.269451652644014e-05,0.00022302180924429048,12.248902870527047
14.505050505050505,3.5250000000000004,0.0001387763321728619,5.065983843560577e-05,0.0001536415224373851,12.249113468867495
14.666666666666668,3.5250000000000004,0.00010209547268841603,3.982640380098727e-05,9.698525731565214e-05,12.24930304784687
14.828282828282829,3.5250000000000004,7.047604197668167e-05,3.0182901527365774e-05,5.3358191665161484e-05,12.249471804917064
14.989898989898991,3.5250000000000004,4.423504481187679e-05,2.1771130023538528e-05,2.2744374766524418e-05,12.249619008186976
15.151515151515152,3.5250000000000004,3.5186246922579556e-05,1.7312940578236133e-05,1.749769441059707e-05,12.24969702541324
15.313131313131315,3.5250000000000004,2.7785065529052e-05,1.348427183295626e-05,1.3896513290458598e-05,12.249764026379333
15.474747474747476,3.5250000000000004,2.1157929607249364e-05,1.008711233934306e-05,1.1723929271605811e-05,12.249823476169995
15.636363636363637,3.5250000000000004,1.5310961900205474e-05,7.167121718644433e-06,1.1723929279137582e-05,12.24987457569097
15.7979797979798,3.5250000000000004,1.0342391181331289e-05,4.71259196002359e-06,1.1723929285468756e-05,12.2499175297795
15.95959595959596,3.5250000000000004,6.2719352317277195e-06,2.7554021795537252e-06,1.1723929290517104e-05,12.249951780509308
16.121212121212125,3.5250000000000004,4.588846313625912e-06,1.975186192432656e-06,1.1723929292529587e-05,12.249965434266013
16.282828282828284,3.5250000000000004,3.591640507880711e-06,1.5287590501149652e-06,1.1723929293681099e-05,12.249973246731228
16.444444444444443,3.5250000000000004,2.7099818734825742e-06,1.1356679501804203e-06,1.1723929294695037e-05,12.249980125818931
16.60606060606061,3.5250000000000004,1.9342370551397036e-06,7.956443496561518e-07,1.1723929295572092e-05,12.249986076227835
16.767676767676768,3.5250000000000004,1.3176930399073402e-06,5.156671865500645e-07,1.1723929296294264e-05,12.249990975825895
16.92929292929293,3.5250000000000004,1.317693039971621e-06,2.939265643200819e-07,1.172392929686619e-05,12.24999485628566
17.090909090909093,3.5250000000000004,1.3176930400067374e-06,1.7279131095387047e-07,1.172392929717863e-05,12.249996976152241
17.252525252525253,3.5250000000000004,1.3176930400226542e-06,1.1788531146617348e-07,1.1723929297320247e-05,12.249997937007134
17.414141414141415,3.5250000000000004,1.3176930400349734e-06,7.53889048123078e-08,1.1723929297429857e-05,12.249998680694196
17.575757575757578,3.5250000000000004,1.3176930400353993e-06,7.39205198084775e-08,1.1723929297433645e-05,12.249998706390937
17.737373737373737,3.5250000000000004,1.3176930400353993e-06,7.39205198084775e-08,1.1723929297433645e-05,12.249998706390937
17.8989898989899,3.5250000000000004,1.3176930400353993e-06,7.39205198084775e-08,1.1723929297433645e-05,12.249998706390937
18.060606060606062,3.5250000000000004,1.3176930400353993e-06,7.39205198084775e-08,1.1723929297433645e-05,12.249998706390937
18.22222222222222,3.5250000000000004,1.3176930400353993e-06,7.39205198084775e-08,1.1723929297433645e-05,12.249998706390937
18.383838383838388,3.5250000000000004,1.3176930400353993e-06,7.39205198084775e-08,1.1723929297433645e-05,12.249998706390937
18.545454545454547,3.5250000000000004,1.3176930400353993e-06,7.39205198084775e-08,1.1723929297433645e-05,12.249998706390937
18.707070707070706,3.5250000000000004,1.3176930400353993e-06,7.39205198084775e-08,1.1723929297433645e-05,12.249998706390937
18.868686868686872,3.5250000000000004,1.3176930400353993e-06,7.39205198084775e-08,1.1723929297433645e-05,12.249998706390937
19.03030303030303,3.5250000000000004,1.3176930400353993e-06,7.39205198084775e-08,1.1723929297433645e-05,12.249998706390937
19.191919191919194,3.5250000000000004,1.3176930400353993e-06,7.39205198084775e-08,1.1723929297433645e-05,12.249998706390937
19.353535353535356,3.5250000000000004,1.3176930400353993e-06,7.39205198084775e-08,1.1723929297433645e-05,12.249998706390937
19.515151515151516,3.5250000000000004,1.3176930400353993e-06,7.39205198084775e-08,1.1723929297433645e-05,12.249998706390937
19.67676767676768,3.5250000000000004,1.3176930400353993e-06,7.39205198084775e-08,1.1723929297433645e-05,12.249998706390937
19.83838383838384,3.5250000000000004,1.3176930400353993e-06,7.39205198084775e-08,1.1723929297433645e-05,12.249998706390937
20.0,3.5250000000000004,1.3176930400353993e-06,7.39205198084775e-08,1.1723929297433645e-05,12.249998706390937
4.0,3.62,0.6568375701905972,2.376467514028759,15.843290356318974,5.959305037209404
4.161616161616162,3.62,0.8424696260298729,2.986099860513054,15.835611224424754,15.723204796997058
4.3232323232323235,3.62,1.132814949507158,3.941897394800683,15.82394477065402,40.38276478559061
4.484848484848484,3.62,1.5629256310045025,5.386565175561067,15.806557338384344,99.32938686872652
4.646464646464646,3.62,2.185553813846613,7.560036884038578,15.780543560679286,237.1628400794731
4.808080808080808,3.62,3.1035762389085826,10.953050716241265,15.740139656156472,570.3798624192357
4.96969696969697,3.62,4.473018569709683,16.392881028000645,15.675427821728972,1404.9155094986354
5.1313131313131315,3.62,6.056734179940123,21.76918862714959,15.596185669739132,2593.149033302501
5.292929292929293,3.62,7.85596674809004,27.99575368460767,15.489947150262065,4420.838212827016
5.454545454545455,3.62,9.89203312959416,36.089709732313885,15.337769391366587,7521.099758201203
5.616161616161616,3.62,12.133160557207232,47.02232130374189,15.111918493531816,13008.72625713663
5.777777777777778,3.62,14.39523056322519,61.921659420430004,14.77008917757335,22892.945368765773
5.9393939393939394,3.62,16.475100750683794,83.21912330086904,14.228552935010613,41839.80586076756
6.101010101010101,3.62,18.451060963224514,82.78513585558717,13.810346658553517,41397.12711395237
6.262626262626263,3.62,20.38691889901105,65.41621712740651,13.555791211080654,25612.975345645336
6.424242424242424,3.62,22.020933053181174,48.59257809384681,13.240371546140532,13919.621419648936
6.5858585858585865,3.62,23.10194704413821,32.72612029619596,12.860509105462096,6133.286330073376
6.747474747474747,3.62,23.52479464713274,18.819101315717752,12.394283111621055,1896.40681654525
6.909090909090909,3.62,23.05941936372016,7.8568919777592825,11.831387500901124,260.571587577826
7.070707070707071,3.62,22.68969833350746,3.422907203371616,11.329501795777023,25.57595970907982
7.232323232323233,3.62,23.383393839048637,3.274794784624604,10.989542164082398,21.96784677784759
7.3939393939393945,3.62,23.80326812183016,3.1086633757526885,10.631568426534885,18.247065822741078
7.555555555555555,3.62,23.888216332810558,2.9204428864770016,10.262030321312503,14.448416068990726
7.717171717171718,3.62,23.687900343239814,2.721698690476023,9.866445790743525,10.918046427537712
7.878787878787879,3.62,23.11962555945144,2.5043466983656333,9.458655790501028,7.62238518869422
8.040404040404042,3.62,21.426364147482563,2.3182880188166264,8.934811823010074,5.270330534388529
8.202020202020202,3.62,17.30854567141572,2.2425412356528893,8.083222897959935,4.436723336096859
8.363636363636363,3.62,13.430922440033136,2.1552995605055454,7.1540562649586805,3.5654839131241887
8.525252525252526,3.62,9.877376393611916,2.0600681385628614,6.138833556988549,2.723062172161506
8.686868686868687,3.62,6.700477912865823,1.9487468941448884,5.0699010465868515,1.882019711460384
8.848484848484848,3.62,4.015088855393074,1.823521906835331,3.9637733410139595,1.1210675348089676
9.01010101010101,3.62,2.0325750051347713,1.68308032781117,2.918006739383979,0.5008404499604966
9.171717171717173,3.62,1.8858374684354666,1.5721214286694607,2.55291418616766,0.18516116379510172
9.333333333333334,3.62,1.7255147903886388,1.4599544433161438,2.1994518894604123,0.022465845458429418
9.494949494949495,3.62,1.5534388265217658,1.3459468904436758,1.864730525226653,0.018260866579424877
9.656565656565657,3.62,1.3724455804664581,1.2300816773669812,1.5539307769234898,0.1804514772901166
9.818181818181818,3.62,1.1868763682694345,1.1149785212358925,1.2632023113432764,0.507732770980491
9.97979797979798,3.62,0.9999999956120493,1.000000003063244,1.0000000029270464,0.9999999846837792
10.141414141414142,3.62,0.8831764060755143,0.8616566233344285,0.7909746491142671,1.8113349449980582
10.303030303030305,3.62,0.7749176023449112,0.7266702555971466,0.6082716516671235,2.833580904360073
10.464646464646465,3.62,0.6669045677635846,0.599759960798634,0.4491533002770979,4.0024007521312726
10.626262626262626,3.62,0.5610155411884468,0.48272344953143476,0.31241037942970723,5.258726687746939
10.787878787878789,3.62,0.4589918591439841,0.375988942605057,0.20030954061873596,6.55374153541943
10.94949494949495,3.62,0.36270521658479093,0.28099998198328235,0.1123958549417569,7.82600650200884
11.11111111111111,3.62,0.30103929221125386,0.22419433680321196,0.08127124890250505,8.64074348503524
11.272727272727273,3.62,0.25480417774329234,0.18407425557403237,0.06947522470523415,9.24047134973652
11.434343434343436,3.62,0.21107638564595096,0.14776028185787168,0.05852072313024174,9.800651948079231
11.595959595959597,3.62,0.17027226844399662,0.11513848646121602,0.04864882175688814,10.31793193108234
11.757575757575758,3.62,0.13278835196455707,0.08642282413621927,0.039630027695435235,10.784281230939158
11.91919191919192,3.62,0.09905126321586426,0.06162205938130039,0.03156633102102924,11.195346949592192
12.080808080808081,3.62,0.0701326667274556,0.04177691741201566,0.024759175808621536,11.529812137967538
12.242424242424244,3.62,0.04768960696270096,0.027471117229277003,0.018980370410726196,11.773972087749053
12.404040404040405,3.62,0.030665409237096656,0.01703035913749914,0.013981977106139968,11.953781422170962
12.565656565656566,3.62,0.01814938274674085,0.009646193043562356,0.00977554424360724,12.081773178239116
12.727272727272728,3.62,0.00938995478549252,0.004705531093442819,0.006309064568122636,12.167791593507696
12.88888888888889,3.62,0.0037738213177463563,0.0017054011672795605,0.0036110266742766166,12.22017365702974
13.050505050505052,3.62,0.0013899100054792007,0.0005319998564046532,0.002063099178707221,12.240691771411962
13.212121212121213,3.62,0.0011556922971126898,0.00043417676653142995,0.0016908150677754738,12.24240308476985
13.373737373737374,3.62,0.000938184755251728,0.0003451609337440983,0.0013590628817095726,12.243960428259914
13.535353535353536,3.62,0.0007387443527138984,0.00026569308024223154,0.001061690406101641,12.24535081230084
13.696969696969697,3.62,0.0005592599373434598,0.0001957176304604702,0.000803090831347605,12.246575180875631
13.85858585858586,3.62,0.00040127004382376657,0.00013585518274192984,0.0005795170483198467,12.247622649655955
14.02020202020202,3.62,0.00027565381775709316,9.008515273580786e-05,0.0004011100611897978,12.24842356054796
14.181818181818183,3.62,0.00022587221447116496,7.581811485871433e-05,0.0003058088119450958,12.248673218917386
14.343434343434344,3.62,0.00018012052232551916,6.269519055393993e-05,0.00022299924262267272,12.248902858732096
14.505050505050505,3.62,0.00013876815100395364,5.0660144538512506e-05,0.0001536643916779059,12.24911346351089
14.666666666666668,3.62,0.00010210875385039314,3.982303882011839e-05,9.697147913772323e-05,12.24930310673236
14.828282828282829,3.62,7.046282342969131e-05,3.0185872702876178e-05,5.337345646218619e-05,12.249471752922613
14.989898989898991,3.62,4.422103223110611e-05,2.177667594038545e-05,2.274983489149506e-05,12.249618911134942
15.151515151515152,3.62,3.5192913721159306e-05,1.7310190596312067e-05,1.7498840496417457e-05,12.249697073537329
15.313131313131315,3.62,2.7789750879183024e-05,1.3481291583312983e-05,1.3901030552638681e-05,12.249764078533197
15.474747474747476,3.62,2.1152223872951403e-05,1.0090836430333215e-05,1.1723929271596208e-05,12.24982341099887
15.636363636363637,3.62,1.5314430211277985e-05,7.167017466182686e-06,1.1723929279137852e-05,12.24987457751538
15.7979797979798,3.62,1.0339009010117704e-05,4.714482969980388e-06,1.1723929285463878e-05,12.249917496686935
15.95959595959596,3.62,6.265210479749347e-06,2.75807766556265e-06,1.1723929290510204e-05,12.249951733688391
16.121212121212125,3.62,4.59496060863351e-06,1.97346542629606e-06,1.1723929292534025e-05,12.24996546437938
16.282828282828284,3.62,3.597585688363606e-06,1.5277375866976762e-06,1.1723929293683733e-05,12.249973264606819
16.444444444444443,3.62,2.7076660984576388e-06,1.132745314540735e-06,1.1723929294702573e-05,12.249980176965014
16.60606060606061,3.62,1.9352424479545236e-06,7.947205655630757e-07,1.1723929295574474e-05,12.249986092394046
16.767676767676768,3.62,1.3176930399053897e-06,5.223957217295952e-07,1.172392929627691e-05,12.249990858076572
16.92929292929293,3.62,1.317693039970486e-06,2.9784165867078816e-07,1.1723929296856092e-05,12.249994787771524
17.090909090909093,3.62,1.317693040005405e-06,1.7738752158476885e-07,1.1723929297166777e-05,12.249996895718565
17.252525252525253,3.62,1.3176930400226832e-06,1.1778486404477537e-07,1.1723929297320507e-05,12.249997938764963
17.414141414141415,3.62,1.3176930400350094e-06,7.526546771737684e-08,1.1723929297430177e-05,12.249998682854349
17.575757575757578,3.62,1.3176930400353993e-06,7.39205198084775e-08,1.1723929297433645e-05,12.249998706390937
17.737373737373737,3.62,1.3176930400353993e-06,7.39205198084775e-08,1.1723929297433645e-05,12.249998706390937
17.8989898989899,3.62,1.3176930400353993e-06,7.39205198084775e-08,1.1723929297433645e-05,12.249998706390937
18.060606060606062,3.62,1.3176930400353993e-06,7.39205198084775e-08,1.1723929297433645e-05,12.249998706390937
18.22222222222222,3.62,1.3176930400353993e-06,7.39205198084775e-08,1.1723929297433645e-05,12.249998706390937
18.383838383838388,3.62,1.3176930400353993e-06,7.39205198084775e-08,1.1723929297433645e-05,12.249998706390937
18.545454545454547,3.62,1.3176930400353993e-06,7.39205198084775e-08,1.1723929297433645e-05,12.249998706390937
18.707070707070706,3.62,1.3176930400353993e-06,7.39205198084775e-08,1.1723929297433645e-05,12.249998706390937
18.868686868686872,3.62,1.3176930400353993e-06,7.39205198084775e-08,1.1723929297433645e-05,12.249998706390937
19.03030303030303,3.62,1.3176930400353993e-06,7.39205198084775e-08,1.1723929297433645e-05,12.249998706390937
19.191919191919194,3.62,1.3176930400353993e-06,7.39205198084775e-08,1.1723929297433645e-05,12.249998706390937
19.353535353535356,3.62,1.3176930400353993e-06,7.39205198084775e-08,1.1723929297433645e-05,12.249998706390937
19.515151515151516,3.62,1.3176930400353993e-06,7.39205198084775e-08,1.1723929297433645e-05,12.249998706390937
19.67676767676768,3.62,1.3176930400353993e-06,7.39205198084775e-08,1.1723929297433645e-05,12.249998706390937
19.83838383838384,3.62,1.3176930400353993e-06,7.39205198084775e-08,1.1723929297433645e-05,12.249998706390937
20.0,3.62,1.3176930400353993e-06,7.39205198084775e-08,1.1723929297433645e-05,12.249998706390937
4.0,3.7150000000000003,0.6654667228453468,2.3919585739970737,15.843137259879397,6.1498863282894245
4.161616161616162,3.7150000000000003,0.849342380699603,2.9978383516097025,15.835493089320096,15.956796236717572
4.3232323232323235,3.7150000000000003,1.1384363481656463,3.95098898506774,15.823851307575644,40.67215501210586
4.484848484848484,3.7150000000000003,1.5675851936687264,5.393740804482556,15.806481772578302,99.68728508368109
4.646464646464646,3.7150000000000003,2.189439682212934,7.5658031609045135,15.78048119100605,237.60705386887554
4.808080808080808,3.7150000000000003,3.1068531214941695,10.9578116842993,15.74008667023741,570.9485262033012
4.96969696969697,3.7150000000000003,4.475816606311503,16.396931352137937,15.675381358513178,1405.674687379611
5.1313131313131315,3.7150000000000003,6.05897735348162,21.772245085991845,15.596147296458907,2593.9273115232427
5.292929292929293,3.7150000000000003,7.857689476091571,27.99798709937404,15.489915800319663,4421.580735865425
5.454545454545455,3.7150000000000003,9.893317891418787,36.09134416790513,15.337743508480504,7521.808501100282
5.616161616161616,3.7150000000000003,12.134093961075587,47.02352660059264,15.11189675683571,13009.413621718651
5.777777777777778,3.7150000000000003,14.395886080297775,61.92255144319967,14.77007064648027,22893.620207467186
5.9393939393939394,3.7150000000000003,16.475543629340716,83.21978617685251,14.228536841958775,41840.48381266164
6.101010101010101,3.7150000000000003,18.45135532831072,82.78550352791152,13.810334713406053,41397.501153073106
6.262626262626263,3.7150000000000003,20.387113237730972,65.41638148491575,13.555783128984485,25613.10686513914
6.424242424242424,3.7150000000000003,22.021058619469425,48.59264671955597,13.240366025217751,13919.661902480108
6.5858585858585865,3.7150000000000003,23.102023754728123,32.726145336694614,12.860505424528458,6133.29613534821
6.747474747474747,3.7150000000000003,23.524841327308383,18.819109198722355,12.394280586401534,1896.4085329813363
6.909090909090909,3.7150000000000003,23.059446725435347,7.856893740845657,11.831385771296208,260.57172987857393
7.070707070707071,3.7150000000000003,22.689714515830154,3.4229076142922312,11.3295006453949,25.575970099759292
7.232323232323233,3.7150000000000003,23.383403946922474,3.274794999218164,10.989541421743937,21.967851806833977
7.3939393939393945,3.7150000000000003,23.80327437421884,3.1086634853660473,10.631567948046422,18.247068163895307
7.555555555555555,3.7150000000000003,23.88822015569778,2.920442940909529,10.262030013533776,14.44841710351011
7.717171717171718,3.7150000000000003,23.687902658300867,2.721698716441314,9.866445592904054,10.918046856516353
7.878787878787879,3.7150000000000003,23.119626942789044,2.504346710059193,9.458655663669026,7.622385350116025
8.040404040404042,3.7150000000000003,21.42636493075296,2.3182880233588037,8.934811741734759,5.270330586526367
8.202020202020202,3.7150000000000003,17.308546053637265,2.242541236487615,8.083222846107452,4.436723344887995
8.363636363636363,3.7150000000000003,13.430922620910906,2.1552995597576983,7.154056232263838,3.565483906063581
8.525252525252526,3.7150000000000003,9.877376472661044,2.0600681376384458,6.138833536921913,2.7230621645342894
8.686868686868687,3.7150000000000003,6.7004779454581005,1.9487468931001373,5.069901034741327,1.882019704294085
8.848484848484848,3.7150000000000003,4.015088868092942,1.8235219059494623,3.963773333702687,1.1210675301191575
9.01010101010101,3.7150000000000003,2.0325750086637777,1.6830803265233574,2.9180067373707823,0.5008404454035668
9.171717171717173,3.7150000000000003,1.8858374707588585,1.5721214272899489,2.5529141857920132,0.18516116082705739
9.333333333333334,3.7150000000000003,1.7255147912024902,1.459954442896481,2.199451889302771,0.02246584514392134
9.494949494949495,3.7150000000000003,1.5534388263827779,1.3459468905065992,1.8647305253520128,0.018260866536909778
9.656565656565657,3.7150000000000003,1.372445584349648,1.2300816752195256,1.5539307750462095,0.18045148185126716
9.818181818181818,3.7150000000000003,1.1868763710144516,1.1149785199560827,1.2632023091131561,0.507732775540157
9.97979797979798,3.7150000000000003,0.9999999943670912,1.0000000035271022,1.0000000037489714,0.9999999823644888
10.141414141414142,3.7150000000000003,0.8831764073964485,0.8616566224992778,0.7909746488727145,1.8113349506180312
10.303030303030305,3.7150000000000003,0.7749175998865654,0.7266702550289178,0.6082716572835989,2.8335809091426403
10.464646464646465,3.7150000000000003,0.6669045811029869,0.5997599543626027,0.449153291210528,4.002400816510897
10.626262626262626,3.7150000000000003,0.5610155409944164,0.4827234526377343,0.31241037444807224,5.258726652130242
10.787878787878789,3.7150000000000003,0.4589918620309211,0.37598894377184067,0.200309535139965,6.553741520484438
10.94949494949495,3.7150000000000003,0.3627052247806297,0.2809999754596901,0.11239585657995775,7.826006593257585
11.11111111111111,3.7150000000000003,0.3010392906572824,0.2241943395787182,0.08127124664602356,8.64074344424204
11.272727272727273,3.7150000000000003,0.25480417044225606,0.18407425727394908,0.06947522781055071,9.240471323899364
11.434343434343436,3.7150000000000003,0.21107637654407463,0.14776028702513763,0.05852072247070923,9.800651867196033
11.595959595959597,3.7150000000000003,0.17027228189337473,0.11513848432259559,0.04864881471212866,10.31793196543023
11.757575757575758,3.7150000000000003,0.1327883665426997,0.08642281204077328,0.03963003229249627,10.784281429542933
11.91919191919192,3.7150000000000003,0.09905126727311563,0.061622061353013444,0.03156632456241812,11.19534691660598
12.080808080808081,3.7150000000000003,0.07013262390445135,0.04177693703608923,0.02475918305088236,11.52981180479417
12.242424242424244,3.7150000000000003,0.047689610734218825,0.027471118372479397,0.018980367197620824,11.773972068135576
12.404040404040405,3.7150000000000003,0.03066542127205639,0.01703035556365212,0.013981970862769626,11.953781483952486
12.565656565656566,3.7150000000000003,0.01814934433258144,0.009646208829688455,0.009775558499609545,12.08177290388536
12.727272727272728,3.7150000000000003,0.009389959757179026,0.004705523941721787,0.006309082269822192,12.167791718242155
12.88888888888889,3.7150000000000003,0.0037738370420204452,0.0017053951725889182,0.0036110189329352526,12.220173761809031
13.050505050505052,3.7150000000000003,0.0013899132345679696,0.000531999651309753,0.0020630879401506113,12.240691774999757
13.212121212121213,3.7150000000000003,0.0011556890619841605,0.000434177383957657,0.0016908245190815244,12.242403073968244
13.373737373737374,3.7150000000000003,0.0009381824126968803,0.000345160693063971,0.0013590767307606185,12.243960432470779
13.535353535353536,3.7150000000000003,0.0007387479166408094,0.000265692754409325,0.0010616779049323268,12.245350818001832
13.696969696969697,3.7150000000000003,0.0005592525489300052,0.00019572186992921026,0.0008030769941906481,12.246575106695303
13.85858585858586,3.7150000000000003,0.0004012804519483555,0.00013585350945202008,0.0005794934136046956,12.247622678935688
14.02020202020202,3.7150000000000003,0.0002756527440159868,9.008481644788142e-05,0.00040112130029909077,12.248423566432626
14.181818181818183,3.7150000000000003,0.00022587239739551052,7.581848314027265e-05,0.0003058070906677559,12.24867321247281
14.343434343434344,3.7150000000000003,0.00018012096801783825,6.269447511077985e-05,0.00022300250098851972,12.24890287125179
14.505050505050505,3.7150000000000003,0.00013876969559633827,5.066324177745125e-05,0.0001536368412345622,12.24911340931117
14.666666666666668,3.7150000000000003,0.0001021057294450341,3.9825001461174225e-05,9.697096032436526e-05,12.249303072387118
14.828282828282829,3.7150000000000003,7.046971696072976e-05,3.018502992857099e-05,5.336163226635404e-05,12.249471767670851
14.989898989898991,3.7150000000000003,4.4221806756315705e-05,2.1776721169605593e-05,2.274956554804503e-05,12.249618910343438
15.151515151515152,3.7150000000000003,3.518629466366941e-05,1.7314758338874173e-05,1.7494303413306848e-05,12.249696993602821
15.313131313131315,3.7150000000000003,2.7797150229094303e-05,1.3479897445085127e-05,1.389242422197037e-05,12.249764102930378
15.474747474747476,3.7150000000000003,2.114579113603966e-05,1.0093885333595158e-05,1.1723929271588344e-05,12.24982335764345
15.636363636363637,3.7150000000000003,1.5317720446519824e-05,7.166918404987693e-06,1.1723929279138106e-05,12.24987457924894
15.7979797979798,3.7150000000000003,1.0335801036240289e-05,4.716277220688869e-06,1.172392928545925e-05,12.249917465287655
15.95959595959596,3.7150000000000003,6.272633368799164e-06,2.7553224054843605e-06,1.172392929051731e-05,12.249951781905347
16.121212121212125,3.7150000000000003,4.585139286149821e-06,1.976999281867094e-06,1.172392929252491e-05,12.249965402536994
16.282828282828284,3.7150000000000003,3.600776917539111e-06,1.5262149723678755e-06,1.172392929368766e-05,12.24997329125254
16.444444444444443,3.7150000000000003,2.697157482053721e-06,1.139335013597158e-06,1.1723929294685579e-05,12.24998006164537
16.60606060606061,3.7150000000000003,1.9210221284528883e-06,8.001712043114852e-07,1.1723929295560418e-05,12.249985997007924
16.767676767676768,3.7150000000000003,1.3176930399071367e-06,5.163694527032763e-07,1.1723929296292453e-05,12.24999096353624
16.92929292929293,3.7150000000000003,1.3176930399721687e-06,2.920380449366607e-07,1.1723929296871062e-05,12.249994889334747
17.090909090909093,3.7150000000000003,1.317693040005448e-06,1.772389801269673e-07,1.1723929297167158e-05,12.249996898318042
17.252525252525253,3.7150000000000003,1.3176930400227107e-06,1.1769044252683888e-07,1.172392929732075e-05,12.249997940417341
17.414141414141415,3.7150000000000003,1.3176930400353993e-06,7.39205198084775e-08,1.1723929297433645e-05,12.249998706390937
17.575757575757578,3.7150000000000003,1.3176930400353993e-06,7.39205198084775e-08,1.1723929297433645e-05,12.249998706390937
17.737373737373737,3.7150000000000003,1.3176930400353993e-06,7.39205198084775e-08,1.1723929297433645e-05,12.249998706390937
17.8989898989899,3.7150000000000003,1.3176930400353993e-06,7.39205198084775e-08,1.1723929297433645e-05,12.249998706390937
18.060606060606062,3.7150000000000003,1.3176930400353993e-06,7.39205198084775e-08,1.1723929297433645e-05,12.249998706390937
18.22222222222222,3.7150000000000003,1.3176930400353993e-06,7.39205198084775e-08,1.1723929297433645e-05,12.249998706390937
18.383838383838388,3.7150000000000003,1.3176930400353993e-06,7.39205198084775e-08,1.1723929297433645e-05,12.249998706390937
18.545454545454547,3.7150000000000003,1.3176930400353993e-06,7.39205198084775e-08,1.1723929297433645e-05,12.249998706390937
18.707070707070706,3.7150000000000003,1.3176930400353993e-06,7.39205198084775e-08,1.1723929297433645e-05,12.249998706390937
18.868686868686872,3.7150000000000003,1.3176930400353993e-06,7.39205198084775e-08,1.1723929297433645e-05,12.249998706390937
19.03030303030303,3.7150000000000003,1.3176930400353993e-06,7.39205198084775e-08,1.1723929297433645e-05,12.249998706390937
19.191919191919194,3.7150000000000003,1.3176930400353993e-06,7.39205198084775e-08,1.1723929297433645e-05,12.249998706390937
19.353535353535356,3.7150000000000003,1.3176930400353993e-06,7.39205198084775e-08,1.1723929297433645e-05,12.249998706390937
19.515151515151516,3.7150000000000003,1.3176930400353993e-06,7.39205198084775e-08,1.1723929297433645e-05,12.249998706390937
19.67676767676768,3.7150000000000003,1.3176930400353993e-06,7.39205198084775e-08,1.1723929297433645e-05,12.249998706390937
19.83838383838384,3.7150000000000003,1.3176930400353993e-06,7.39205198084775e-08,1.1723929297433645e-05,12.249998706390937
20.0,3.7150000000000003,1.3176930400353993e-06,7.39205198084775e-08,1.1723929297433645e-05,12.249998706390937
4.0,3.81,0.6741829701838142,2.407480847535262,15.842983778245792,6.343860363439812
4.161616161616162,3.81,0.8562588291251134,3.009591948376834,15.83537475820154,16.192414001747075
4.3232323232323235,3.81,1.1440795786335032,3.960087208751993,15.823757750310198,40.96279072759732
4.484848484848484,3.81,1.5722556041820037,5.400919167133996,15.806406162395241,100.04596363712612
4.646464646464646,3.81,2.193330909165612,7.571570498930631,15.780418800469004,238.051765145443
4.808080808080808,3.81,3.1101326597447825,10.96257303376205,15.740033674371764,571.517518912707
4.96969696969697,3.81,4.478615968163086,16.400981791301405,15.675334890470543,1406.4340918934768
5.1313131313131315,3.81,6.061221145818281,21.775301559553988,15.596108920949193,2594.70571026727
5.292929292929293,3.81,7.859412480058994,28.000220503386366,15.489884449361632,4422.323317679853
5.454545454545455,3.81,9.894602772364383,36.092978590562126,15.33771762513473,7522.517271782513
5.616161616161616,3.81,12.13502741480264,47.02473188757283,15.11187501993531,13010.100998830652
5.777777777777778,3.81,14.396541617398396,61.92344345934849,14.770052115301578,22894.29505110596
5.9393939393939394,3.81,16.475986515624285,83.22044904851425,14.228520748877516,41841.16176562822
6.101010101010101,3.81,18.451649696260322,82.78587119835844,13.810322768250302,41397.875191973675
6.262626262626263,3.81,20.38730757751559,65.41654584182969,13.555775046886234,25613.238384494256
6.424242424242424,3.81,22.021184186112606,48.59271534508362,13.240360504295824,13919.702385263066
6.5858585858585865,3.81,23.102100465389654,32.726170377135176,12.860501743597574,6133.305940608133
6.747474747474747,3.81,23.524888007497527,18.81911708166175,12.39427806118888,1896.4102494040017
6.909090909090909,3.81,23.059474087060938,7.856895503938001,11.831384041694498,260.5718721798424
7.070707070707071,3.81,22.689730698175605,3.4229080252272897,11.329499495002255,25.57598049080608
7.232323232323233,3.81,23.383414054745217,3.2747952138270398,10.989540679397496,21.967856836179845
7.3939393939393945,3.81,23.803280626649855,3.1086635949991277,10.631567469538597,18.24707050547089
7.555555555555555,3.81,23.888223978702477,2.9204429952966326,10.26202970578859,14.448418137166227
7.717171717171718,3.81,23.68790497293372,2.7216987423176393,9.866445395188627,10.918047284025185
7.878787878787879,3.81,23.119628324847348,2.50434672171118,9.458655536993039,7.622385510963943
8.040404040404042,3.81,21.42636571466401,2.318288027890584,8.9348116604176,5.270330638544862
8.202020202020202,3.81,17.308546437958576,2.2425412372803732,8.083222794033045,4.436723353237139
8.363636363636363,3.81,13.430922799981001,2.15529955897618,7.154056199971784,3.5654838986850748
8.525252525252526,3.81,9.877376551905096,2.0600681363451496,6.138833517422427,2.723062153863495
8.686868686868687,3.81,6.700477978522439,1.9487468915120318,5.0699010237529505,1.8820196934007356
8.848484848484848,3.81,4.015088880265718,1.8235219046691113,3.9637733275591924,1.1210675233409493
9.01010101010101,3.81,2.0325750127438407,1.683080325901798,2.9180067331227026,0.500840443204176
9.171717171717173,3.81,1.8858374727931861,1.5721214272916921,2.552914182983107,0.18516116083080808
9.333333333333334,3.81,1.7255147925584238,1.4599544429907405,2.1994518870374753,0.022465845214562276
9.494949494949495,3.81,1.5534388296729122,1.3459468899957194,1.8647305210649479,0.018260866882092792
9.656565656565657,3.81,1.3724455829100781,1.2300816770630356,1.5539307734358536,0.18045147793569055
9.818181818181818,3.81,1.1868763702548744,1.1149785206019829,1.2632023088200635,0.507732773238964
9.97979797979798,3.81,0.999999998540628,1.000000001102809,1.0000000016648865,0.9999999944859548
10.141414141414142,3.81,0.883176408463617,0.8616566215224613,0.7909746484749307,1.8113349571913149
10.303030303030305,3.81,0.7749175993520045,0.7266702561780719,0.608271655637083,2.8335808994706446
10.464646464646465,3.81,0.6669045812491998,0.5997599521935691,0.44915329466774895,4.002400838207741
10.626262626262626,3.81,0.5610155455883623,0.48272344476097073,0.3124103816787467,5.258726742444874
10.787878787878789,3.81,0.4589918648170626,0.37598894491580326,0.20030952995325466,6.5537415058415585
10.94949494949495,3.81,0.36270521854655413,0.28099998008534205,0.11239585530749445,7.826006528556278
11.11111111111111,3.81,0.30103926993692903,0.22419435288176906,0.0812712483685168,8.640743248719508
11.272727272727273,3.81,0.25480418766128937,0.1840742467310617,0.0694752261721979,9.240471484141468
11.434343434343436,3.81,0.21107639210812568,0.1477602746455986,0.05852072648077261,9.800652060972913
11.595959595959597,3.81,0.17027226121355296,0.1151384980445922,0.04864881467511762,10.317931745044412
11.757575757575758,3.81,0.1327883546994586,0.08642282137072473,0.03963002899194377,10.784281276347789
11.91919191919192,3.81,0.09905129865314002,0.0616220416272553,0.031566327197775065,11.195347246612474
12.080808080808081,3.81,0.070132661173425,0.04177692179005646,0.024759170379870913,11.529812063638087
12.242424242424244,3.81,0.04768963879439205,0.02747109767949337,0.018980373886438844,11.77397242315709
12.404040404040405,3.81,0.030665395670702627,0.017030367080521046,0.013981977173949212,11.953781284858989
12.565656565656566,3.81,0.018149345392217093,0.00964621507440995,0.009775537366955925,12.08177279535571
12.727272727272728,3.81,0.009389970161592135,0.004705519993360507,0.006309079014426249,12.167791787106236
12.88888888888889,3.81,0.0037738301387588145,0.0017053993543202114,0.0036110125355923333,12.220173688717882
13.050505050505052,3.81,0.0013899079759126557,0.0005320008526821878,0.0020630986766082154,12.24069175398373
13.212121212121213,3.81,0.0011556873192071178,0.0004341784706400453,0.0016908167231827233,12.242403054957197
13.373737373737374,3.81,0.0009381759737691792,0.0003451644539179398,0.0013590623283161682,12.243960366672063
13.535353535353536,3.81,0.0007387491431159039,0.0002656916680792538,0.001061686789281881,12.245350837009003
13.696969696969697,3.81,0.0005592500313197238,0.00019572112380263827,0.0008030959804869638,12.246575119750693
13.85858585858586,3.81,0.0004012685097085297,0.00013585749441010755,0.0005794943586887245,12.247622609205688
14.02020202020202,3.81,0.00027566462091366885,9.008242252652421e-05,0.0004010969271156713,12.24842360832355
14.181818181818183,3.81,0.00022587200415551234,7.581864271817321e-05,0.0003058046875179863,12.248673209680346
14.343434343434344,3.81,0.0001801221120946084,6.269404618365368e-05,0.00022300648901417262,12.24890287875768
14.505050505050505,3.81,0.0001387775472265825,5.0659174300607514e-05,0.00015364572512095958,12.249113480489436
14.666666666666668,3.81,0.0001021128449708783,3.9820405539097395e-05,9.697995429925098e-05,12.249303152813466
14.828282828282829,3.81,7.047208357780413e-05,3.0182437435026535e-05,5.3366569407268525e-05,12.249471813038506
14.989898989898991,3.81,4.42317357506183e-05,2.1770062280193067e-05,2.2754038913510834e-05,12.24961902687219
15.151515151515152,3.81,3.517667045687659e-05,1.731745737833306e-05,1.7500891286320358e-05,12.249696946370216
15.313131313131315,3.81,2.778446418024372e-05,1.3483424416381843e-05,1.3903259834976962e-05,12.24976404120898
15.474747474747476,3.81,2.1158612453331373e-05,1.0090703223994205e-05,1.172392927159655e-05,12.249823413329967
15.636363636363637,3.81,1.5320730598636635e-05,7.166770185072383e-06,1.172392927913849e-05,12.249874581842773
15.7979797979798,3.81,1.0344345521797107e-05,4.7100534342645134e-06,1.1723929285475303e-05,12.249917574203552
15.95959595959596,3.81,6.2770587700579885e-06,2.751548438104851e-06,1.1723929290527043e-05,12.249951847949648
16.121212121212125,3.81,4.591039072147814e-06,1.975317381562395e-06,1.1723929292529248e-05,12.249965431970205
16.282828282828284,3.81,3.604667534586962e-06,1.525127338867645e-06,1.1723929293690466e-05,12.249973310286103
16.444444444444443,3.81,2.7136699327058704e-06,1.1311873099706573e-06,1.1723929294706592e-05,12.249980204230068
16.60606060606061,3.81,1.923193675027284e-06,7.995625987953065e-07,1.1723929295561987e-05,12.249986007658515
16.767676767676768,3.81,1.3176930399076502e-06,5.145984307416792e-07,1.172392929629702e-05,12.249990994529114
16.92929292929293,3.81,1.317693039971816e-06,2.932539621741342e-07,1.1723929296867927e-05,12.249994868056195
17.090909090909093,3.81,1.3176930400064532e-06,1.7377173662570943e-07,1.1723929297176103e-05,12.249996958994796
17.252525252525253,3.81,1.3176930400218433e-06,1.2068239846733466e-07,1.1723929297313034e-05,12.249997888058115
17.414141414141415,3.81,1.3176930400350422e-06,7.515217314730666e-08,1.1723929297430468e-05,12.249998684837001
17.575757575757578,3.81,1.3176930400353993e-06,7.39205198084775e-08,1.1723929297433645e-05,12.249998706390937
17.737373737373737,3.81,1.3176930400353993e-06,7.39205198084775e-08,1.1723929297433645e-05,12.249998706390937
17.8989898989899,3.81,1.3176930400353993e-06,7.39205198084775e-08,1.1723929297433645e-05,12.249998706390937
18.060606060606062,3.81,1.3176930400353993e-06,7.39205198084775e-08,1.1723929297433645e-05,12.249998706390937
18.22222222222222,3.81,1.3176930400353993e-06,7.39205198084775e-08,1.1723929297433645e-05,12.249998706390937
18.383838383838388,3.81,1.3176930400353993e-06,7.39205198084775e-08,1.1723929297433645e-05,12.249998706390937
18.545454545454547,3.81,1.3176930400353993e-06,7.39205198084775e-08,1.1723929297433645e-05,12.249998706390937
18.707070707070706,3.81,1.3176930400353993e-06,7.39205198084775e-08,1.1723929297433645e-05,12.249998706390937
18.868686868686872,3.81,1.3176930400353993e-06,7.39205198084775e-08,1.1723929297433645e-05,12.249998706390937
19.03030303030303,3.81,1.3176930400353993e-06,7.39205198084775e-08,1.1723929297433645e-05,12.249998706390937
19.191919191919194,3.81,1.3176930400353993e-06,7.39205198084775e-08,1.1723929297433645e-05,12.249998706390937
19.353535353535356,3.81,1.3176930400353993e-06,7.39205198084775e-08,1.1723929297433645e-05,12.249998706390937
19.515151515151516,3.81,1.3176930400353993e-06,7.39205198084775e-08,1.1723929297433645e-05,12.249998706390937
19.67676767676768,3.81,1.3176930400353993e-06,7.39205198084775e-08,1.1723929297433645e-05,12.249998706390937
19.83838383838384,3.81,1.3176930400353993e-06,7.39205198084775e-08,1.1723929297433645e-05,12.249998706390937
20.0,3.81,1.3176930400353993e-06,7.39205198084775e-08,1.1723929297433645e-05,12.249998706390937
4.0,3.9050000000000002,0.6829867944294685,2.4230337180320802,15.84282991654949,6.541237426440887
4.161616161616162,3.9050000000000002,0.8632191308208823,3.021360481271986,15.835256232424383,16.430061313940783
4.3232323232323235,3.9050000000000002,1.1497446899724735,3.9691920176836857,15.823664099229813,41.2546726483098
4.484848484848484,3.9050000000000002,1.5769368769080834,5.40810024946483,15.806330507941478,100.40542256100018
4.646464646464646,3.9050000000000002,2.1972274987534695,7.577338893934037,15.780356389099628,238.49697381568865
4.808080808080808,3.9050000000000002,3.113414854773633,10.967334763350246,15.739980668569268,572.0868404625631
4.96969696969697,3.9050000000000002,4.481416655563475,16.40503234508815,15.675288417604209,1407.1937229821344
5.1313131313131315,3.9050000000000002,6.063465557021954,21.77835804772341,15.596070543210955,2595.484229507585
5.292929292929293,3.9050000000000002,7.861135760007144,28.00245389661213,15.489853097388288,4423.065958258588
5.454545454545455,3.9050000000000002,9.895887772430866,36.09461300027573,15.337691741329389,7523.226070243135
5.616161616161616,3.9050000000000002,12.135960918393968,47.02593716466931,15.111853282830703,13010.7883884647
5.777777777777778,3.9050000000000002,14.397197174530422,61.92433546886265,14.7700335840374,22894.969899671407
5.9393939393939394,3.9050000000000002,16.476429409558012,83.2211119158911,14.228504655765928,41841.83971970485
6.101010101010101,3.9050000000000002,18.45194406708475,82.78623886692198,13.810310823086088,41398.249230648
6.262626262626263,3.9050000000000002,20.387501918397632,65.41671019810813,13.555766964785795,25613.369903678507
6.424242424242424,3.9050000000000002,22.02130975313975,48.59278397045474,13.240354983373201,13919.742868012561
6.5858585858585865,3.9050000000000002,23.102177176211576,32.72619541753958,12.860498062665593,6133.315745861735
6.747474747474747,3.9050000000000002,23.52493468776298,18.819124964611866,12.394275535973032,1896.4119658297775
6.909090909090909,3.9050000000000002,23.059501448708275,7.8568972670334745,11.831382312091401,260.5720144814021
7.070707070707071,3.9050000000000002,22.68974688057026,3.4229084361527318,11.329498344612665,25.575990881611816
7.232323232323233,3.9050000000000002,23.38342416252136,3.274795428450113,10.989539937043556,21.96786186585901
7.3939393939393945,3.9050000000000002,23.803286878649832,3.108663704637281,10.631566991055205,18.24707284715498
7.555555555555555,3.9050000000000002,23.88822780190485,2.920443049736728,10.262029397981525,14.448419171829519
7.717171717171718,3.9050000000000002,23.687907287702103,2.72169876823283,9.866445197420871,10.91804771217613
7.878787878787879,3.9050000000000002,23.119629708079657,2.5043467334066984,9.458655410165324,7.622385672412785
8.040404040404042,3.9050000000000002,21.42636649722218,2.3182880324384363,8.934811579204538,5.270330690747842
8.202020202020202,3.9050000000000002,17.308546820956042,2.242541238121606,8.083222742067887,4.436723362096806
8.363636363636363,3.9050000000000002,13.430922980001597,2.155299558220444,7.154056167467634,3.565483891549987
8.525252525252526,3.9050000000000002,9.87737663217767,2.060068134886721,6.138833497966352,2.7230621418302174
8.686868686868687,3.9050000000000002,6.70047801028926,1.9487468904879102,5.069901012246291,1.8820196863759409
8.848484848484848,3.9050000000000002,4.015088891981317,1.8235219037739379,3.9637733210409696,1.1210675186018797
9.01010101010101,3.9050000000000002,2.0325750163145684,1.683080325393144,2.9180067293419096,0.5008404414043017
9.171717171717173,3.9050000000000002,1.8858374753771558,1.5721214264126664,2.5529141811889278,0.1851611589395685
9.333333333333334,3.9050000000000002,1.7255147941908662,1.4599544414028187,2.1994518881076375,0.02246584402452521
9.494949494949495,3.9050000000000002,1.5534388294644166,1.3459468900668174,1.864730521285924,0.01826086683405443
9.656565656565657,3.9050000000000002,1.3724455832621605,1.2300816767043354,1.5539307738531147,0.1804514786975622
9.818181818181818,3.9050000000000002,1.1868763717892212,1.1149785184333783,1.26320231094334,0.5077327809652004
9.97979797979798,3.9050000000000002,0.999999997298396,1.000000001605189,1.0000000024909237,0.9999999919740541
10.141414141414142,3.9050000000000002,0.8831764031927649,0.8616566245379457,0.7909746517176847,1.8113349368992393
10.303030303030305,3.9050000000000002,0.7749175988652351,0.7266702572917395,0.6082716540877764,2.8335808900973256
10.464646464646465,3.9050000000000002,0.6669045816981907,0.5997599504087625,0.4491532981654665,4.002400856061163
10.626262626262626,3.9050000000000002,0.5610155330586021,0.482723454638971,0.31241038129001675,5.258726629184148
10.787878787878789,3.9050000000000002,0.4589918650192215,0.37598894399845106,0.20030953247036212,6.553741517583797
10.94949494949495,3.9050000000000002,0.3627052163280029,0.2809999842785529,0.11239585376821902,7.826006469903742
11.11111111111111,3.9050000000000002,0.30103926899646544,0.2241943551281068,0.08127124623374019,8.640743215703804
11.272727272727273,3.9050000000000002,0.2548041803948073,0.1840742485060386,0.06947522906908653,9.240471457163464
11.434343434343436,3.9050000000000002,0.2110763882926689,0.14776027897052493,0.058520725132728775,9.800651993274856
11.595959595959597,3.9050000000000002,0.17027229470881466,0.11513847674126365,0.04864881400946566,10.317932087192249
11.757575757575758,3.9050000000000002,0.13278836836878583,0.08642280984452523,0.03963003329410571,10.784281465604698
11.91919191919192,3.9050000000000002,0.09905126171061526,0.06162206164181303,0.031566330216886825,11.19534691177444
12.080808080808081,3.9050000000000002,0.0701326625838514,0.04177692396776284,0.024759167691200717,11.529812026665452
12.242424242424244,3.9050000000000002,0.04768960089260384,0.027471114813572315,0.018980381503376588,11.77397212919436
12.404040404040405,3.9050000000000002,0.030665401975005974,0.017030363863439438,0.01398197209369832,11.953781340473064
12.565656565656566,3.9050000000000002,0.01814936008653134,0.009646202923102488,0.009775549812518951,12.081773006538413
12.727272727272728,3.9050000000000002,0.009389964485070025,0.004705526164893095,0.0063090654528632824,12.167791679467419
12.88888888888889,3.9050000000000002,0.003773832037383295,0.0017053979626100036,0.003611014550263584,12.22017371304314
13.050505050505052,3.9050000000000002,0.001389908822175896,0.0005320001358658789,0.0020631019619671486,12.240691766523245
13.212121212121213,3.9050000000000002,0.0011556922931446095,0.0004341768082802258,0.001690817074611827,12.242403084039472
13.373737373737374,3.9050000000000002,0.0009381735702619712,0.00034516399635846817,0.0013590749541182048,12.243960374677377
13.535353535353536,3.9050000000000002,0.0007387524170976713,0.0002656913924586746,0.0010616749844152527,12.245350841831447
13.696969696969697,3.9050000000000002,0.0005592500030951,0.00019572124232137102,0.0008030923981820279,12.246575117676901
13.85858585858586,3.9050000000000002,0.0004012760909512116,0.00013585504806349962,0.0005794946815627566,12.247622652012598
14.02020202020202,3.9050000000000002,0.00027565571136893487,9.00854117278993e-05,0.00040109684338483965,12.248423556015894
14.181818181818183,3.9050000000000002,0.000225871626094126,7.581879320431705e-05,0.00030580239594878806,12.248673207046979
14.343434343434344,3.9050000000000002,0.0001801225718380698,6.269341932343298e-05,0.00022300950464266195,12.24890288972724
14.505050505050505,3.9050000000000002,0.00013877482760851688,5.066069864784115e-05,0.0001536428958917342,12.249113453814324
14.666666666666668,3.9050000000000002,0.00010210913612548181,3.982205134058065e-05,9.697855933338815e-05,12.249303124012759
14.828282828282829,3.9050000000000002,7.047841697793761e-05,3.0181719389264302e-05,5.33554891399964e-05,12.249471825604035
14.989898989898991,3.9050000000000002,4.422173696154072e-05,2.1776662356119604e-05,2.2749036913981636e-05,12.24961891137266
15.151515151515152,3.9050000000000002,3.518570640175376e-05,1.731608823211681e-05,1.7490929493339078e-05,12.249696970329978
15.313131313131315,3.9050000000000002,2.7791726225705635e-05,1.3482091559834422e-05,1.389506380170814e-05,12.249764064533743
15.474747474747476,3.9050000000000002,2.1149341266564717e-05,1.0092176687395608e-05,1.172392927159275e-05,12.249823387544541
15.636363636363637,3.9050000000000002,1.5305985526350913e-05,7.173040303950681e-06,1.1723929279122317e-05,12.249874472116256
15.7979797979798,3.9050000000000002,1.0341161373540908e-05,4.711868402594225e-06,1.1723929285470622e-05,12.249917542441715
15.95959595959596,3.9050000000000002,6.274002992575376e-06,2.755575430202665e-06,1.1723929290516657e-05,12.249951777477426
16.121212121212125,3.9050000000000002,4.585850983749188e-06,1.980385783347071e-06,1.1723929292516175e-05,12.249965343273301
16.282828282828284,3.9050000000000002,3.5935969618006622e-06,1.5295918023432845e-06,1.1723929293678951e-05,12.249973232158078
16.444444444444443,3.9050000000000002,2.703530075500279e-06,1.1374897216754838e-06,1.1723929294690337e-05,12.249980093937952
16.60606060606061,3.9050000000000002,1.925143499436805e-06,7.989309028437994e-07,1.1723929295563616e-05,12.249986018713187
16.767676767676768,3.9050000000000002,1.317693039907731e-06,5.143191270382189e-07,1.172392929629774e-05,12.249990999416926
16.92929292929293,3.9050000000000002,1.3176930399707518e-06,2.9692563692989754e-07,1.1723929296858455e-05,12.2499948038019
17.090909090909093,3.9050000000000002,1.3176930400068028e-06,1.725660631635966e-07,1.1723929297179213e-05,12.249996980094078
17.252525252525253,3.9050000000000002,1.3176930400230595e-06,1.164867471167777e-07,1.1723929297323856e-05,12.249997961482006
17.414141414141415,3.9050000000000002,1.3176930400353993e-06,7.39205198084775e-08,1.1723929297433645e-05,12.249998706390937
17.575757575757578,3.9050000000000002,1.3176930400353993e-06,7.39205198084775e-08,1.1723929297433645e-05,12.249998706390937
17.737373737373737,3.9050000000000002,1.3176930400353993e-06,7.39205198084775e-08,1.1723929297433645e-05,12.249998706390937
17.8989898989899,3.9050000000000002,1.3176930400353993e-06,7.39205198084775e-08,1.1723929297433645e-05,12.249998706390937
18.060606060606062,3.9050000000000002,1.3176930400353993e-06,7.39205198084775e-08,1.1723929297433645e-05,12.249998706390937
18.22222222222222,3.9050000000000002,1.3176930400353993e-06,7.39205198084775e-08,1.1723929297433645e-05,12.249998706390937
18.383838383838388,3.9050000000000002,1.3176930400353993e-06,7.39205198084775e-08,1.1723929297433645e-05,12.249998706390937
18.545454545454547,3.9050000000000002,1.3176930400353993e-06,7.39205198084775e-08,1.1723929297433645e-05,12.249998706390937
18.707070707070706,3.9050000000000002,1.3176930400353993e-06,7.39205198084775e-08,1.1723929297433645e-05,12.249998706390937
18.868686868686872,3.9050000000000002,1.3176930400353993e-06,7.39205198084775e-08,1.1723929297433645e-05,12.249998706390937
19.03030303030303,3.9050000000000002,1.3176930400353993e-06,7.39205198084775e-08,1.1723929297433645e-05,12.249998706390937
19.191919191919194,3.9050000000000002,1.3176930400353993e-06,7.39205198084775e-08,1.1723929297433645e-05,12.249998706390937
19.353535353535356,3.9050000000000002,1.3176930400353993e-06,7.39205198084775e-08,1.1723929297433645e-05,12.249998706390937
19.515151515151516,3.9050000000000002,1.3176930400353993e-06,7.39205198084775e-08,1.1723929297433645e-05,12.249998706390937
19.67676767676768,3.9050000000000002,1.3176930400353993e-06,7.39205198084775e-08,1.1723929297433645e-05,12.249998706390937
19.83838383838384,3.9050000000000002,1.3176930400353993e-06,7.39205198084775e-08,1.1723929297433645e-05,12.249998706390937
20.0,3.9050000000000002,1.3176930400353993e-06,7.39205198084775e-08,1.1723929297433645e-05,12.249998706390937
4.0,4.0,0.6918786753925669,2.4386165657948013,15.842675679949938,6.742027317146169
4.161616161616162,4.0,0.8702234449058325,3.0331437801361614,15.835137513349885,16.66974129123394
4.3232323232323235,4.0,1.1554317311703133,3.9783033635886142,15.823570354707703,41.54780146682726
4.484848484848484,4.0,1.5816290261954014,5.415284037408181,15.806254809323498,100.76566188165587
4.646464646464646,4.0,2.2011294550220226,7.583108341729591,15.780293956929444,238.9426797847878
4.808080808080808,4.0,3.1166997076936522,10.972096871784256,15.739927652839652,572.656490767637
4.96969696969697,4.0,4.484218668811678,16.409083013095465,15.675241939917322,1407.9535805874423
5.1313131313131315,4.0,6.065710587165575,21.781414550388565,15.596032163245143,2596.2628692174417
5.292929292929293,4.0,7.862859315952151,28.004687279022892,15.489821744399904,4423.808657591266
5.454545454545455,4.0,9.897172891622306,36.09624739703968,15.337665857064547,7523.934896478644
5.616161616161616,4.0,12.136894471843593,47.02714243188903,15.111831545521888,13011.475790624303
5.777777777777778,4.0,14.397852751686772,61.92522747173863,14.770015052687867,22895.644753160654
5.9393939393939394,4.0,16.47687231111971,83.22177477896153,14.228488562624715,41842.5176748694
6.101010101010101,4.0,18.452238440786434,82.78660653362522,13.810298877912995,41398.62326911953
6.262626262626263,4.0,20.387696260350538,65.41687455380784,13.555758882682733,25613.50142273731
6.424242424242424,4.0,22.021435320576273,48.59285259559557,13.2403494624513,13919.783350685073
6.5858585858585865,4.0,23.102253887143622,32.72622045790712,12.860494381734018,6133.32555110874
6.747474747474747,4.0,23.524981368059116,18.819132847559395,12.394273010757356,1896.413682255767
6.909090909090909,4.0,23.059528810381746,7.856899030132249,11.831380582486846,260.57215678326736
7.070707070707071,4.0,22.689763063084122,3.4229088470700355,11.329497194222212,25.576001272213876
7.232323232323233,4.0,23.383434270209584,3.2747956430410805,10.989539194718049,21.96786689478637
7.3939393939393945,4.0,23.8032931310715,3.108663814264766,10.6315665125538,18.247075188611362
7.555555555555555,4.0,23.888231625410427,2.9204431041334313,10.262029090191923,14.448420205668151
7.717171717171718,4.0,23.687909602192413,2.7216987941964277,9.866444999626168,10.918048141126818
7.878787878787879,4.0,23.11963109111174,2.5043467450462886,9.458655283424683,7.622385833089577
8.040404040404042,4.0,21.42636728238955,2.3182880370151833,8.934811497693444,5.270330743282492
8.202020202020202,4.0,17.308547204320366,2.24254123896521,8.083222690050448,4.436723370981445
8.363636363636363,4.0,13.430923159706364,2.1552995575451472,7.154056134884345,3.565483885174346
8.525252525252526,4.0,9.877376712344972,2.0600681337720688,6.138833477891493,2.723062132633386
8.686868686868687,4.0,6.700478043197309,1.9487468891349962,5.069901000801986,1.8820196770958493
8.848484848484848,4.0,4.015088903769509,1.8235219027432155,3.9637733146655734,1.1210675131452106
9.01010101010101,4.0,2.0325750201672905,1.6830803242883483,2.9180067263890344,0.5008404374949781
9.171717171717173,4.0,1.8858374774473263,1.5721214256855036,2.5529141797999344,0.18516115737506483
9.333333333333334,4.0,1.7255147954114187,1.459954441528076,2.1994518859783274,0.0224658441183969
9.494949494949495,4.0,1.553438829326662,1.3459468901872491,1.8647305215694314,0.018260866752683104
9.656565656565657,4.0,1.3724455835237561,1.2300816762965632,1.5539307741670405,0.18045147956366195
9.818181818181818,4.0,1.1868763742544017,1.1149785173106945,1.2632023088809121,0.5077327849650626
9.97979797979798,4.0,0.9999999961151704,1.0000000020837077,1.0000000032777245,0.9999999895814613
10.141414141414142,4.0,0.8831764044891418,0.8616566237347835,0.7909746514324915,1.8113349423039522
10.303030303030305,4.0,0.7749175966434237,0.7266702567038088,0.6082716592298958,2.833580895045716
10.464646464646465,4.0,0.666904578218178,0.5997599572717646,0.4491532901817885,4.002400787410549
10.626262626262626,4.0,0.5610155400695183,0.4827234491940827,0.31241038051610887,5.258726691615002
10.787878787878789,4.0,0.45899185359777683,0.3759889527136408,0.20030953165883944,6.553741406028161
10.94949494949495,4.0,0.3627052074646312,0.2809999860530935,0.11239585847258926,7.826006445082356
11.11111111111111,4.0,0.30103927669063013,0.2241943431748042,0.08127125370757995,8.640743391388312
11.272727272727273,4.0,0.25480418306797226,0.18407425336446326,0.06947522380003124,9.24047138331992
11.434343434343436,4.0,0.2110763797705947,0.14776028383410447,0.05852072447100796,9.800651917145261
11.595959595959597,4.0,0.170272273674676,0.11513848929351865,0.0486488136959775,10.317931885593383
11.757575757575758,4.0,0.13278835837904585,0.08642281965187974,0.039630030524761446,10.784281304570737
11.91919191919192,4.0,0.09905126552336553,0.06162206342484651,0.03156632424036369,11.195346881944781
12.080808080808081,4.0,0.07013262291039869,0.041776942037923065,0.02475917461023755,11.529811719874095
12.242424242424244,4.0,0.047689604548650205,0.027471115937927268,0.018980378259366878,11.77397210990424
12.404040404040405,4.0,0.030665414699538193,0.017030361195377375,0.013981967040963992,11.953781386596178
12.565656565656566,4.0,0.01814935471598677,0.009646205819515278,0.009775551235592808,12.081772956200433
12.727272727272728,4.0,0.00938995235033188,0.004705530399266298,0.006309073542072163,12.167791605614953
12.88888888888889,4.0,0.0037738229800765286,0.0017054007041336114,0.003611024725930143,12.22017366512492
13.050505050505052,4.0,0.0013899118492960354,0.0005319999387462973,0.0020630914580427448,12.240691769971528
13.212121212121213,4.0,0.0011556909112241966,0.00043417799031220594,0.0016908103449571946,12.242403063360326
13.373737373737374,4.0,0.0009381805673812965,0.00034516126109072074,0.001359077926191755,12.243960422532759
13.535353535353536,4.0,0.0007387434988137882,0.0002656930401089451,0.001061694105437392,12.245350813003038
13.696969696969697,4.0,0.0005592610273149258,0.00019571871298013565,0.0008030781443603857,12.246575161934183
13.85858585858586,4.0,0.0004012725224970459,0.00013585545770642156,0.0005795066758066499,12.247622644844542
14.02020202020202,4.0,0.0002756547195181553,9.008510970483504e-05,0.0004011076686113757,12.248423561300958
14.181818181818183,4.0,0.00022587181365669315,7.581912037925881e-05,0.00030580095470489186,12.248673201321727
14.343434343434344,4.0,0.00018012655257140635,6.269405535526802e-05,0.0002229893750402844,12.248902878597185
14.505050505050505,4.0,0.00013876745938280706,5.066095527656255e-05,0.00015366355988906687,12.249113449323485
14.666666666666668,4.0,0.00010210560913161094,3.982362112264101e-05,9.697723592822211e-05,12.249303096542357
14.828282828282829,4.0,7.045655078372704e-05,3.0190753681012894e-05,5.336191059587792e-05,12.249471667507338
14.989898989898991,4.0,4.422182109055161e-05,2.1776400138886434e-05,2.2748487621081717e-05,12.249618915961388
15.151515151515152,4.0,3.518702548513997e-05,1.7311824853574967e-05,1.7502491736519196e-05,12.249697044938179
15.313131313131315,4.0,2.7782507950614566e-05,1.3486727891499498e-05,1.3893344008598306e-05,12.249763983398717
15.474747474747476,4.0,2.1143543214706995e-05,1.009502745221825e-05,1.1723929271585398e-05,12.249823337656519
15.636363636363637,4.0,1.5308384668282592e-05,7.1724027596974695e-06,1.1723929279123962e-05,12.249874483273222
15.7979797979798,4.0,1.0338122601605312e-05,4.713593927356674e-06,1.1723929285466172e-05,12.24991751224513
15.95959595959596,4.0,6.2781845346376814e-06,2.7519756022967206e-06,1.1723929290525942e-05,12.24995184047429
16.121212121212125,4.0,4.601301733144084e-06,1.972325038512249e-06,1.1723929292536964e-05,12.249965484336137
16.282828282828284,4.0,3.5966518946754952e-06,1.5281333373442468e-06,1.1723929293682712e-05,12.249973257681187
16.444444444444443,4.0,2.7023244295061885e-06,1.1351126383428368e-06,1.1723929294696468e-05,12.249980135536878
16.60606060606061,4.0,1.942859121746461e-06,7.927459560874683e-07,1.1723929295579566e-05,12.249986126949695
16.767676767676768,4.0,1.3176930399060628e-06,5.200733640100626e-07,1.1723929296282898e-05,12.249990898717819
16.92929292929293,4.0,1.3176930399723046e-06,2.915683772513557e-07,1.1723929296872272e-05,12.249994897553925
17.090909090909093,4.0,1.317693040006814e-06,1.7252646513608348e-07,1.1723929297179315e-05,12.249996980787044
17.252525252525253,4.0,1.3176930400228289e-06,1.172823112983194e-07,1.1723929297321803e-05,12.249997947559638
17.414141414141415,4.0,1.3176930400350725e-06,7.504782043919596e-08,1.1723929297430738e-05,12.249998686663176
17.575757575757578,4.0,1.3176930400353993e-06,7.39205198084775e-08,1.1723929297433645e-05,12.249998706390937
17.737373737373737,4.0,1.3176930400353993e-06,7.39205198084775e-08,1.1723929297433645e-05,12.249998706390937
17.8989898989899,4.0,1.3176930400353993e-06,7.39205198084775e-08,1.1723929297433645e-05,12.249998706390937
18.060606060606062,4.0,1.3176930400353993e-06,7.39205198084775e-08,1.1723929297433645e-05,12.249998706390937
18.22222222222222,4.0,1.3176930400353993e-06,7.39205198084775e-08,1.1723929297433645e-05,12.249998706390937
18.383838383838388,4.0,1.3176930400353993e-06,7.39205198084775e-08,1.1723929297433645e-05,12.249998706390937
18.545454545454547,4.0,1.3176930400353993e-06,7.39205198084775e-08,1.1723929297433645e-05,12.249998706390937
18.707070707070706,4.0,1.3176930400353993e-06,7.39205198084775e-08,1.1723929297433645e-05,12.249998706390937
18.868686868686872,4.0,1.3176930400353993e-06,7.39205198084775e-08,1.1723929297433645e-05,12.249998706390937
19.03030303030303,4.0,1.3176930400353993e-06,7.39205198084775e-08,1.1723929297433645e-05,12.249998706390937
19.191919191919194,4.0,1.3176930400353993e-06,7.39205198084775e-08,1.1723929297433645e-05,12.249998706390937
19.353535353535356,4.0,1.3176930400353993e-06,7.39205198084775e-08,1.1723929297433645e-05,12.249998706390937
19.515151515151516,4.0,1.3176930400353993e-06,7.39205198084775e-08,1.1723929297433645e-05,12.249998706390937
19.67676767676768,4.0,1.3176930400353993e-06,7.39205198084775e-08,1.1723929297433645e-05,12.249998706390937
19.83838383838384,4.0,1.3176930400353993e-06,7.39205198084775e-08,1.1723929297433645e-05,12.249998706390937
20.0,4.0,1.3176930400353993e-06,7.39205198084775e-08,1.1723929297433645e-05,12.249998706390937
