channel,layer_N,mu_ref,mu_min,mu_p10,mu_p50,mu_p90,mu_max,mu_mean,mu_std,f_mu_gt_0p8,f_mu_gt_1p0,f_mu_gt_1p2,obs_mu,obs_sigma,f_chi2_le_1,f_chi2_le_4,best_chi2,best_D,best_eta,obs_source
ee,1,1.0,0.00027287032640016404,0.0053341880271943086,0.3564759393181323,74.83712003549212,307.56055749972785,21.28606563703779,50.865047889458495,0.4363888888888889,0.41888888888888887,0.4038888888888889,nan,nan,nan,nan,nan,nan,nan,
mumu,2,1.0,0.00021504727251960625,0.004245042945533502,0.318313979148678,192.09341127455556,2283.0277907945665,79.19837577023479,254.7951784752506,0.43027777777777776,0.415,0.40305555555555556,1.4,0.4,0.04027777777777778,0.09083333333333334,2.026057412855439e-05,9.966101694915254,1.359322033898305,"ATLAS Collaboration, arXiv:2507.03595"
tautau,3,1.0,0.00023514644931527592,0.004623507073322503,0.33205064766583825,219.8723701055813,3814.645069362871,110.6824229944997,391.61967718520776,0.43222222222222223,0.41555555555555557,0.4038888888888889,nan,nan,nan,nan,nan,nan,nan,
