D,eta,mu_ee,mu_mumu,mu_tautau,chi2_mumu
4.0,0.2,0.12068726344130794,2.0019859719249746,15.845891639582657,2.264919439965353
4.271186440677966,0.2,0.32639551819343454,15.022470661548128,15.723405611764921,1159.8231682796215
4.5423728813559325,0.2,0.6710862672802002,18.36074954145308,15.678686132485243,1797.918906299381
4.813559322033898,0.2,1.0794735011334622,18.981445356822448,15.654622930756037,1931.920130218335
5.084745762711864,0.2,1.5978587226141114,19.23552652236219,15.627256933501991,1988.1625395617818
5.3559322033898304,0.2,2.1990073520138433,19.05033030984366,15.599262898413505,1947.088500291161
5.627118644067797,0.2,2.883577524000547,18.803723839110262,15.560466479080123,1893.0600216750927
5.898305084745763,0.2,3.615652075997283,18.38189280283319,15.512719972769707,1802.4042697932355
6.169491525423728,0.2,4.368777695546879,17.833531126197784,15.452998094070322,1687.8809079731961
6.4406779661016955,0.2,5.118004557956402,17.19695256778613,15.377353811051217,1559.64819018053
6.711864406779661,0.2,5.722318601180982,4.007350025947306,11.782533287658032,42.489213486296364
6.983050847457627,0.2,6.685225145362074,4.118433995211275,10.822243383429397,46.18677116450208
7.254237288135593,0.2,7.6205062830063754,4.192053792562995,9.593940734392755,48.722277378533775
7.525423728813559,0.2,8.214248452367992,4.087155919236238,8.274338642919487,45.130043339289706
7.796610169491526,0.2,8.712935312283554,3.965046230733862,6.576723604477523,41.121638536262445
8.067796610169491,0.2,8.248840593143763,3.466448194658856,5.461982901655224,26.68880088255528
8.338983050847457,0.2,7.288177444797178,2.852022449684265,4.729360694756426,13.177307464919343
8.610169491525424,0.2,6.637146397616065,2.435292983233971,3.3085660656728137,6.698947257084348
8.881355932203391,0.2,5.521813134400181,1.9073872541570533,2.7142101672781447,1.6090114105064643
9.152542372881356,0.2,4.470237713077748,1.4621497304471174,2.1803195330759597,0.0241411812165585
9.423728813559322,0.2,1.6690553471631775,1.8916339739262067,1.7171596412600032,1.5106497769904632
9.694915254237287,0.2,1.3076092751623551,1.3890118170115109,1.323535244163079,0.0007546260336782476
9.966101694915254,0.2,1.0000000685011425,0.9999999517728992,0.9999999765583816,1.0000002411355176
10.237288135593221,0.2,0.7474517338457577,0.7064621452151087,0.7411544800601808,3.0062172251226795
10.508474576271187,0.2,0.5467209057113137,0.490182702103703,0.5392428163739126,5.1735469721957426
10.779661016949152,0.2,0.3917914470129988,0.33433477244430687,0.3854264064491069,7.097764857633293
11.050847457627118,0.2,0.2753671563840075,0.22433855623440063,0.2708128629951708,8.638623939731332
11.322033898305085,0.2,0.18999583320870433,0.1481934184342128,0.1871636744679594,9.793873235321383
11.593220338983052,0.2,0.12879615090479854,0.09643056234793193,0.12729519198599926,10.620582992378303
11.864406779661017,0.2,0.08583870491920396,0.061841062449495623,0.08523558759149248,11.191683388414338
12.135593220338983,0.2,0.056758684624463894,0.03937645717203811,0.05689875428061401,11.570602658110715
12.40677966101695,0.2,0.006781324703540436,0.0014918638637218464,0.0028918703834533424,12.22390629274604
12.677966101694915,0.2,0.004403268527754774,0.000955960237676761,0.0019246325474314657,12.233276407465505
12.94915254237288,0.2,0.0028134111848122424,0.0006037176218507422,0.0012616241237530306,12.239437219586152
13.220338983050848,0.2,0.0017693067794886082,0.00037577869466086643,0.0008145314756898529,12.243424755403604
13.491525423728813,0.2,0.0010957732552602472,0.00023047697444468208,0.0005179616340091837,12.245966984944936
13.76271186440678,0.2,0.0006680265294961016,0.00013938574643411814,0.0003244459931153543,12.247560870864817
14.033898305084746,0.2,0.0004008551910666012,8.314301287575323e-05,0.00020025053769400766,12.248545040479426
14.305084745762711,0.2,0.00023720610082740123,4.8800383559419754e-05,0.00012199515929660743,12.249146008171941
14.576271186440678,0.2,8.298781016641401e-05,4.9916421645433345e-05,7.307902596395518e-05,12.249126478194011
14.847457627118644,0.2,4.8226189301101686e-05,2.8621193179420122e-05,4.326387787940111e-05,12.249499134239187
15.11864406779661,0.2,2.792540454370928e-05,1.6010708847726838e-05,2.5123636837424995e-05,12.249719814197304
15.389830508474576,0.2,1.5733419395128787e-05,8.93193492375298e-06,1.4452450118180043e-05,12.249843691637455
15.661016949152541,0.2,8.799974960807678e-06,4.879212772116943e-06,1.0520833232112794e-05,12.249914613925279
15.932203389830509,0.2,4.896574655917889e-06,2.6524289329296213e-06,1.0520833237267076e-05,12.249953582537643
16.203389830508474,0.2,2.5691019815670026e-06,1.4541746020995558e-06,1.0520833240040658e-05,12.249974551957678
16.474576271186443,0.2,1.4757362726313714e-06,7.2531148950541e-07,1.0520833241727729e-05,12.24998730705222
16.74576271186441,0.2,7.773614346283455e-07,3.77571484348882e-07,1.0520833242532639e-05,12.249993392499913
17.016949152542374,0.2,4.0384033786602094e-07,1.9389556405044424e-07,1.0520833242957792e-05,12.249996606827862
17.28813559322034,0.2,3.568620517055156e-07,7.201191611513684e-08,1.0520833243239905e-05,12.249998739791495
17.559322033898304,0.2,3.568620517055156e-07,7.201191611513684e-08,1.0520833243239905e-05,12.249998739791495
17.83050847457627,0.2,3.568620517055156e-07,7.201191611513684e-08,1.0520833243239905e-05,12.249998739791495
18.101694915254235,0.2,3.568620517055156e-07,7.201191611513684e-08,1.0520833243239905e-05,12.249998739791495
18.372881355932204,0.2,3.568620517055156e-07,7.201191611513684e-08,1.0520833243239905e-05,12.249998739791495
18.64406779661017,0.2,3.568620517055156e-07,7.201191611513684e-08,1.0520833243239905e-05,12.249998739791495
18.915254237288135,0.2,3.568620517055156e-07,7.201191611513684e-08,1.0520833243239905e-05,12.249998739791495
19.186440677966104,0.2,3.568620517055156e-07,7.201191611513684e-08,1.0520833243239905e-05,12.249998739791495
19.45762711864407,0.2,3.568620517055156e-07,7.201191611513684e-08,1.0520833243239905e-05,12.249998739791495
19.728813559322035,0.2,3.568620517055156e-07,7.201191611513684e-08,1.0520833243239905e-05,12.249998739791495
20.0,0.2,3.568620517055156e-07,7.201191611513684e-08,1.0520833243239905e-05,12.249998739791495
4.0,0.39,0.12422621717978403,2.0324075116567015,15.84559061174692,2.4996203799988823
4.271186440677966,0.39,0.3303217966050794,15.108814386840924,15.722705271898835,1174.572449330354
4.5423728813559325,0.39,0.6743988369797721,18.40083599257941,15.678320137233674,1806.4276527911472
4.813559322033898,0.39,1.0817443499828987,18.997869483493936,15.654449935014448,1935.531314738045
5.084745762711864,0.39,1.5992311998538213,19.241875441767355,15.627177886361626,1989.578245497132
5.3559322033898304,0.39,2.199783757579292,19.052756064552966,15.599226635794734,1947.623729216322
5.627118644067797,0.39,2.884000037455799,18.80466002431401,15.560449151363574,1893.263691012214
5.898305084745763,0.39,3.615880670113506,18.382266128298625,15.51271123810921,1802.4835178272422
6.169491525423728,0.39,4.368893383083385,17.833674927894688,15.452993758779696,1687.9104477232156
6.4406779661016955,0.39,5.118061930260229,17.197008316746867,15.377351606635212,1559.6591984960603
6.711864406779661,0.39,5.722343453677826,4.007353471678527,11.782526975141597,42.489325789212906
6.983050847457627,0.39,6.685237709195685,4.118435228520271,10.822240131562937,46.18681307287536
7.254237288135593,0.39,7.620512257172322,4.192054156912782,9.593939150322376,48.722290094587166
7.525423728813559,0.39,8.214251153474981,4.08715599357395,8.274337904438978,45.13004583625252
7.796610169491526,0.39,8.71293650978048,3.965046218049502,6.576723280781147,41.12163812956283
8.067796610169491,0.39,8.248841087649485,3.466448179686132,5.461982759461421,26.688800495800805
8.338983050847457,0.39,7.288177622410245,2.8520224425424394,4.729360637145951,13.1773073352932
8.610169491525424,0.39,6.637146468267289,2.435292979796659,3.3085660416992737,6.698947212601534
8.881355932203391,0.39,5.521813161320643,1.9073872462675237,2.714210168152393,1.60901136046838
9.152542372881356,0.39,4.470237733571811,1.462149727432087,2.180319527800086,0.024141178874266936
9.423728813559322,0.39,1.6690553638647876,1.8916339745729616,1.7171596168990226,1.510649780965047
9.694915254237287,0.39,1.307609287143658,1.3890118056508916,1.3235352495340615,0.0007546275940861056
9.966101694915254,0.39,0.9999999915793542,1.000000017738739,0.9999999760947755,0.9999999113063069
10.237288135593221,0.39,0.7474516133452873,0.7064622061914405,0.7411545757561564,3.006216696505274
10.508474576271187,0.39,0.5467208588065485,0.49018276185769977,0.539242759739386,5.173546292630518
10.779661016949152,0.39,0.39179142264500477,0.33433477822071483,0.3854264437470863,7.097764780686829
11.050847457627118,0.39,0.2753672610721232,0.22433846951923755,0.27081286989540043,8.638625214077303
11.322033898305085,0.39,0.18999586048227662,0.1481933758281375,0.18716380240761035,9.793873902003464
11.593220338983052,0.39,0.12879588868063646,0.09643069693200455,0.12729534850624666,10.620580799382369
11.864406779661017,0.39,0.08583838202710649,0.06184136100852675,0.0852352319254049,11.191678394421949
12.135593220338983,0.39,0.056758551482712645,0.03937657144959718,0.05689853471294577,11.570600714501579
12.40677966101695,0.39,0.006781394792152989,0.0014918576184252859,0.0028918190311925667,12.223906401922266
12.677966101694915,0.39,0.004403207778496548,0.0009559641997494915,0.0019246887840663886,12.233276338176577
12.94915254237288,0.39,0.0028134791414748386,0.000603709182323284,0.001261591871741248,12.239437367214196
13.220338983050848,0.39,0.0017694444605641936,0.0003757576218493626,0.0008144821866782418,12.243425124078826
13.491525423728813,0.39,0.0010956920108502683,0.00023049905303189976,0.0005179122524448745,12.245966598633272
13.76271186440678,0.39,0.0006678843352100156,0.0001393937370387249,0.00032458781127650094,12.247560731043158
14.033898305084746,0.39,0.00040108492216174227,8.309010519134517e-05,0.00020025897488983485,12.248545966308935
14.305084745762711,0.39,0.00023716431361532855,4.882882496617117e-05,0.00012186723742559259,12.249145510464675
14.576271186440678,0.39,8.276693826417297e-05,5.0038439549721013e-05,7.314836385773902e-05,12.249124342956913
14.847457627118644,0.39,4.835528860740538e-05,2.8557353228457285e-05,4.319244486890519e-05,12.249500251415517
15.11864406779661,0.39,2.7814677869490278e-05,1.6092078569932313e-05,2.510272500397648e-05,12.249718390243492
15.389830508474576,0.39,1.564364075183015e-05,9.006169907787465e-06,1.4410329085751675e-05,12.249842392533555
15.661016949152541,0.39,8.711332336870263e-06,4.9455675755782266e-06,1.0520833231959213e-05,12.249913452720287
15.932203389830509,0.39,4.882907762290478e-06,2.6522972487062342e-06,1.052083323726738e-05,12.249953584842112
16.203389830508474,0.39,2.562793451199441e-06,1.456863159894588e-06,1.0520833240034434e-05,12.249974504907964
16.474576271186443,0.39,1.3838756895390912e-06,7.625354744682861e-07,1.0520833241641576e-05,12.249986655632826
16.74576271186441,0.39,7.773614346283455e-07,3.77571484348882e-07,1.0520833242532639e-05,12.249993392499913
17.016949152542374,0.39,4.0384033786602094e-07,1.9389556405044424e-07,1.0520833242957792e-05,12.249996606827862
17.28813559322034,0.39,3.568620517055156e-07,7.201191611513684e-08,1.0520833243239905e-05,12.249998739791495
17.559322033898304,0.39,3.568620517055156e-07,7.201191611513684e-08,1.0520833243239905e-05,12.249998739791495
17.83050847457627,0.39,3.568620517055156e-07,7.201191611513684e-08,1.0520833243239905e-05,12.249998739791495
18.101694915254235,0.39,3.568620517055156e-07,7.201191611513684e-08,1.0520833243239905e-05,12.249998739791495
18.372881355932204,0.39,3.568620517055156e-07,7.201191611513684e-08,1.0520833243239905e-05,12.249998739791495
18.64406779661017,0.39,3.568620517055156e-07,7.201191611513684e-08,1.0520833243239905e-05,12.249998739791495
18.915254237288135,0.39,3.568620517055156e-07,7.201191611513684e-08,1.0520833243239905e-05,12.249998739791495
19.186440677966104,0.39,3.568620517055156e-07,7.201191611513684e-08,1.0520833243239905e-05,12.249998739791495
19.45762711864407,0.39,3.568620517055156e-07,7.201191611513684e-08,1.0520833243239905e-05,12.249998739791495
19.728813559322035,0.39,3.568620517055156e-07,7.201191611513684e-08,1.0520833243239905e-05,12.249998739791495
20.0,0.39,3.568620517055156e-07,7.201191611513684e-08,1.0520833243239905e-05,12.249998739791495
4.0,0.5800000000000001,0.1278486480583485,2.063046616294005,15.845287190002978,2.747692596118311
4.271186440677966,0.5800000000000001,0.3342857107065862,15.195351453020399,15.722003037678949,1189.4482607021996
4.5423728813559325,0.5800000000000001,0.6777242446291954,18.440948457308494,15.677953787476312,1814.9620270290295
4.813559322033898,0.5800000000000001,1.0840188751789022,19.01429632787848,15.654276874959217,1939.1464695394582
5.084745762711864,0.5800000000000001,1.6006045617850713,19.24822450670834,15.627098828134125,1990.994487761651
5.3559322033898304,0.5800000000000001,2.2005603626805024,19.05518179793214,15.599190371216782,1948.1590269877145
5.627118644067797,0.5800000000000001,2.8844225943615642,18.80559619888759,15.560431823281709,1893.4673689920628
5.898305084745763,0.5800000000000001,3.616109273941444,18.382639450625483,15.512702503375543,1802.5627669371315
6.169491525423728,0.5800000000000001,4.369009072577824,17.833818728876253,15.452989423475302,1687.9399875847744
6.4406779661016955,0.5800000000000001,5.118119302931751,17.19706406561185,15.377349402216081,1559.6702068315324
6.711864406779661,0.5800000000000001,5.722368306100639,4.007356917363295,11.782520662671082,42.489438090763905
6.983050847457627,0.5800000000000001,6.685250273302689,4.118436461905193,10.822236879592683,46.18685498384765
7.254237288135593,0.5800000000000001,7.6205182319799585,4.192054521110172,9.593937566195809,48.72230280532343
7.525423728813559,0.5800000000000001,8.214253853906587,4.0871560676954175,8.274337166332009,45.13004832595187
7.796610169491526,0.5800000000000001,8.712937702674706,3.9650462071148374,6.576722956788308,41.12163777896382
8.067796610169491,0.5800000000000001,8.248841588545728,3.46644816256842,5.461982617462844,26.688800053639984
8.338983050847457,0.5800000000000001,7.28817781468329,2.852022432895164,4.729360577228421,13.177307160192443
8.610169491525424,0.5800000000000001,6.63714654682257,2.435292974174664,3.3085660175662666,6.698947139846386
8.881355932203391,0.5800000000000001,5.521813189057506,1.9073872445573907,2.7142101577140676,1.6090113496221345
9.152542372881356,0.5800000000000001,4.470237734726333,1.4621497270902137,2.1803195278033884,0.024141178608675363
9.423728813559322,0.5800000000000001,1.669055377202063,1.8916339621402727,1.7171596162951963,1.5106497045608944
9.694915254237287,0.5800000000000001,1.3076092906787617,1.389011801099931,1.3235352507824816,0.0007546282191717153
9.966101694915254,0.5800000000000001,1.0000000172090315,0.9999999970657542,0.9999999752486769,1.0000000146712287
10.237288135593221,0.5800000000000001,0.7474516544731877,0.7064621767994232,0.7411545584850205,3.0062169513112145
10.508474576271187,0.5800000000000001,0.5467208031303611,0.49018276186029014,0.5392428798320732,5.173546292601058
10.779661016949152,0.5800000000000001,0.39179148018673216,0.33433473830899973,0.38542641236948977,7.097765312343421
11.050847457627118,0.5800000000000001,0.2753671902870333,0.22433849833231845,0.27081294315314175,8.638624790646924
11.322033898305085,0.5800000000000001,0.18999589335465222,0.14819337944077993,0.18716367888987667,9.79387384547434
11.593220338983052,0.5800000000000001,0.12879580471747473,0.09643074817620374,0.12729540886246535,10.620579964377823
11.864406779661017,0.5800000000000001,0.08583840740470074,0.06184134030661642,0.08523524504097314,11.191678740702452
12.135593220338983,0.5800000000000001,0.05675829683292918,0.039376729705171504,0.056898621827961834,11.57059802292371
12.40677966101695,0.5800000000000001,0.006781332187199914,0.0014918753941942117,0.002891804099071487,12.223906091177797
12.677966101694915,0.5800000000000001,0.004403145321996009,0.000955978274948673,0.001924690032398253,12.233276092028785
12.94915254237288,0.5800000000000001,0.0028134995998211165,0.0006037056337352032,0.0012615794163164374,12.239437429287708
13.220338983050848,0.5800000000000001,0.0017694919372603193,0.0003757503552738535,0.0008144651903193862,12.243425251209763
13.491525423728813,0.5800000000000001,0.0010956479760259505,0.00023050329646270623,0.0005179573101261997,12.24596652438546
13.76271186440678,0.5800000000000001,0.0006679630349902666,0.0001393860450851604,0.00032453320140595057,12.247560865638944
14.033898305084746,0.5800000000000001,0.0004009682358318217,8.31062183597343e-05,0.00020034351509947738,12.248545684345224
14.305084745762711,0.5800000000000001,0.00023714990896611082,4.883863301808616e-05,0.00012182314987506784,12.249145338829756
14.576271186440678,0.5800000000000001,8.282844296793708e-05,5.001722348429798e-05,7.308092698476773e-05,12.24912471422479
14.847457627118644,0.5800000000000001,4.83501482413355e-05,2.8578745978891397e-05,4.3123524257493944e-05,12.249499877050022
15.11864406779661,0.5800000000000001,2.7773043146498015e-05,1.611814510024813e-05,2.5092346797229042e-05,12.24971793408446
15.389830508474576,0.5800000000000001,1.5736120954516862e-05,8.957245893875266e-06,1.4389843934440457e-05,12.249843248698307
15.661016949152541,0.5800000000000001,8.803248283482278e-06,4.895687624420034e-06,1.052083323207466e-05,12.24991432561637
15.932203389830509,0.5800000000000001,4.866322568739347e-06,2.6458319629158203e-06,1.0520833237282346e-05,12.2499536979844
16.203389830508474,0.5800000000000001,2.674767322729807e-06,1.391821199996596e-06,1.0520833240184974e-05,12.249975643141104
16.474576271186443,0.5800000000000001,1.4146781602592708e-06,7.498152799225641e-07,1.0520833241671015e-05,12.249986878236113
16.74576271186441,0.5800000000000001,7.773614346283457e-07,3.775714843488819e-07,1.0520833242532639e-05,12.249993392499913
17.016949152542374,0.5800000000000001,3.5686205169432483e-07,2.1455226326273525e-07,1.0520833242909984e-05,12.249996245335678
17.28813559322034,0.5800000000000001,3.568620517055156e-07,7.201191611513684e-08,1.0520833243239905e-05,12.249998739791495
17.559322033898304,0.5800000000000001,3.568620517055156e-07,7.201191611513684e-08,1.0520833243239905e-05,12.249998739791495
17.83050847457627,0.5800000000000001,3.568620517055156e-07,7.201191611513684e-08,1.0520833243239905e-05,12.249998739791495
18.101694915254235,0.5800000000000001,3.568620517055156e-07,7.201191611513684e-08,1.0520833243239905e-05,12.249998739791495
18.372881355932204,0.5800000000000001,3.568620517055156e-07,7.201191611513684e-08,1.0520833243239905e-05,12.249998739791495
18.64406779661017,0.5800000000000001,3.568620517055156e-07,7.201191611513684e-08,1.0520833243239905e-05,12.249998739791495
18.915254237288135,0.5800000000000001,3.568620517055156e-07,7.201191611513684e-08,1.0520833243239905e-05,12.249998739791495
19.186440677966104,0.5800000000000001,3.568620517055156e-07,7.201191611513684e-08,1.0520833243239905e-05,12.249998739791495
19.45762711864407,0.5800000000000001,3.568620517055156e-07,7.201191611513684e-08,1.0520833243239905e-05,12.249998739791495
19.728813559322035,0.5800000000000001,3.568620517055156e-07,7.201191611513684e-08,1.0520833243239905e-05,12.249998739791495
20.0,0.5800000000000001,3.568620517055156e-07,7.201191611513684e-08,1.0520833243239905e-05,12.249998739791495
4.0,0.77,0.13155582888798478,2.093899323419647,15.844981407677912,3.009351694014025
4.271186440677966,0.77,0.33828748397983305,15.28207953893875,15.721298923926726,1204.4508270338865
4.5423728813559325,0.77,0.681062519056516,18.481086726760484,15.677587084600603,1823.5220235444574
4.813559322033898,0.77,1.0862970798380644,19.030725872634434,15.654103750716253,1942.7655924748826
5.084745762711864,0.77,1.6019788086629945,19.25457371595819,15.627019758829768,1992.4112661161566
5.3559322033898304,0.77,2.2013371673380435,19.05760750989715,15.599154104680455,1948.6943935848515
5.627118644067797,0.77,2.8848451947166107,18.80653236281491,15.560414494834758,1893.6710556107673
5.898305084745763,0.77,3.6163378874743017,18.38301276985302,15.512693768568353,1802.6420171311927
6.169491525423728,0.77,4.369124764039246,17.833962529082417,15.452985088157833,1687.9695275455308
6.4406779661016955,0.77,5.118176675986255,17.197119814348287,15.377347197794085,1559.6812151804702
6.711864406779661,0.77,5.72239315862696,4.00736036298592,11.782514350218419,42.48955039043791
6.983050847457627,0.77,6.685262837378545,4.118437695286305,10.822233627633448,46.18689689470949
7.254237288135593,0.77,7.620524206233094,4.19205488532611,9.593935982184577,48.72231551670873
7.525423728813559,0.77,8.214256553536135,4.0871561416169016,8.274336428586295,45.13005080893396
7.796610169491526,0.77,8.71293889743981,3.9650461955398923,6.576722632814966,41.12163740783548
8.067796610169491,0.77,8.24884208856695,3.4664481452361935,5.461982476054829,26.688799605938147
8.338983050847457,0.77,7.288178009156366,2.852022421967963,4.729360518074155,13.177306961860685
8.610169491525424,0.77,6.637146622471922,2.4352929688937026,3.308565994340941,6.698947071504607
8.881355932203391,0.77,5.521813213429893,1.907387243216862,2.714210148221151,1.609011341120044
9.152542372881356,0.77,4.470237743420763,1.4621497252893731,2.1803195265560373,0.024141177209653496
9.423728813559322,0.77,1.669055384270376,1.891633956198013,1.7171596163114529,1.5106496680431858
9.694915254237287,0.77,1.3076092972144282,1.3890118038354582,1.3235352354245846,0.0007546278434403084
9.966101694915254,0.77,1.0000000050110878,1.0000000012178736,0.9999999894429844,0.9999999939106317
10.237288135593221,0.77,0.7474516412592901,0.7064621828663346,0.7411545717200607,3.0062168987158087
10.508474576271187,0.77,0.5467208048217491,0.49018277750225137,0.5392428356228423,5.173546114709485
10.779661016949152,0.77,0.3917914598491556,0.3343347498201736,0.38542642998709026,7.097765159005198
11.050847457627118,0.77,0.2753672349452059,0.2243384686991776,0.270812926868821,8.638625226128713
11.322033898305085,0.77,0.18999589234954234,0.14819336750017031,0.18716374262122668,9.79387403231602
11.593220338983052,0.77,0.12879588216428078,0.09643070541375857,0.12729534872080286,10.620580661175442
11.864406779661017,0.77,0.08583829149184097,0.06184140438773996,0.08523534859801074,11.191677668818599
12.135593220338983,0.77,0.05675851167370835,0.03937662765234495,0.056898409372890625,11.570599758616904
12.40677966101695,0.77,0.006781357525532426,0.001491867556663909,0.002891817326125531,12.22390622818842
12.677966101694915,0.77,0.004403193056899323,0.0009559682576780769,0.001924689083899252,12.233276267211316
12.94915254237288,0.77,0.0028134552688275807,0.0006037124043430995,0.001261591012360444,12.23943731085316
13.220338983050848,0.77,0.0017695029181357144,0.00037574390032335265,0.0008144957342446383,12.243425364141078
13.491525423728813,0.77,0.0010956259655680754,0.0002305055072664653,0.0005179802704557693,12.245966485702764
13.76271186440678,0.77,0.0006679263197323842,0.0001393941161603053,0.0003245334058697686,12.24756072440919
14.033898305084746,0.77,0.000401056697682913,8.30885026931574e-05,0.0002003248442796214,12.248545994350986
14.305084745762711,0.77,0.00023714261372380396,4.8843600800566395e-05,0.00012180082424360195,12.249145251896596
14.576271186440678,0.77,8.284525799767891e-05,4.999781990982119e-05,7.311143724111271e-05,12.249125053775213
14.847457627118644,0.77,4.8326718072733454e-05,2.8580363723663043e-05,4.3157424710685505e-05,12.249499848740065
15.11864406779661,0.77,2.7789079392504535e-05,1.6099393345185856e-05,2.5120637537568965e-05,12.2497182622364
15.389830508474576,0.77,1.572711400021655e-05,8.956511379276449e-06,1.4418032633597925e-05,12.24984326155223
15.661016949152541,0.77,8.812224436959783e-06,4.901442190564901e-06,1.052083323206134e-05,12.249914224911812
15.932203389830509,0.77,4.830369235505927e-06,2.677382271566066e-06,1.0520833237209323e-05,12.249953145855045
16.203389830508474,0.77,2.6453680019334942e-06,1.4083492719267991e-06,1.052083324014672e-05,12.249975353900135
16.474576271186443,0.77,1.4258769937721979e-06,7.426362106501595e-07,1.0520833241687632e-05,12.249987003869757
16.74576271186441,0.77,7.338271123154348e-07,3.9493237672228717e-07,1.052083324249246e-05,12.249993088684379
17.016949152542374,0.77,4.038403378660212e-07,1.9389556405044424e-07,1.0520833242957792e-05,12.249996606827862
17.28813559322034,0.77,3.568620517055156e-07,7.201191611513684e-08,1.0520833243239905e-05,12.249998739791495
17.559322033898304,0.77,3.568620517055156e-07,7.201191611513684e-08,1.0520833243239905e-05,12.249998739791495
17.83050847457627,0.77,3.568620517055156e-07,7.201191611513684e-08,1.0520833243239905e-05,12.249998739791495
18.101694915254235,0.77,3.568620517055156e-07,7.201191611513684e-08,1.0520833243239905e-05,12.249998739791495
18.372881355932204,0.77,3.568620517055156e-07,7.201191611513684e-08,1.0520833243239905e-05,12.249998739791495
18.64406779661017,0.77,3.568620517055156e-07,7.201191611513684e-08,1.0520833243239905e-05,12.249998739791495
18.915254237288135,0.77,3.568620517055156e-07,7.201191611513684e-08,1.0520833243239905e-05,12.249998739791495
19.186440677966104,0.77,3.568620517055156e-07,7.201191611513684e-08,1.0520833243239905e-05,12.249998739791495
19.45762711864407,0.77,3.568620517055156e-07,7.201191611513684e-08,1.0520833243239905e-05,12.249998739791495
19.728813559322035,0.77,3.568620517055156e-07,7.201191611513684e-08,1.0520833243239905e-05,12.249998739791495
20.0,0.77,3.568620517055156e-07,7.201191611513684e-08,1.0520833243239905e-05,12.249998739791495
4.0,0.96,0.13534903107368343,2.1249615683596703,15.844673298937334,3.2848079724907064
4.271186440677966,0.96,0.3423273395055971,15.368996306282813,15.720592945593205,1219.580361280893
4.5423728813559325,0.96,0.6844136890438718,18.521250591624707,15.677220029998285,1832.1076363825587
4.813559322033898,0.96,1.0885789670729842,19.04715810041083,15.653930562411606,1946.388681380597
5.084745762711864,0.96,1.6033539407431285,19.26092306828983,15.626940678458833,1993.8285803210488
5.3559322033898304,0.96,2.2021141715698676,19.06003320035345,15.59911783618671,1949.2298289849127
5.627118644067797,0.96,2.8852678385168233,18.807468516106898,15.560397166022701,1893.8747508703304
5.898305084745763,0.96,3.6165665107200273,18.3833860859783,15.512685033687525,1802.7212684087585
6.169491525423728,0.96,4.369240457452576,17.834106328607046,15.452980752826253,1687.9990676247637
6.4406779661016955,0.96,5.118234049456532,17.197175562948633,15.37734499336865,1559.692223541384
6.711864406779661,0.96,5.722418011258333,4.007363808634774,11.782508037738008,42.48966269111521
6.983050847457627,0.96,6.685275401291477,4.1184389286452845,10.822230375723851,46.18693880483826
7.254237288135593,0.96,7.620530180523317,4.192055249614311,9.593934398117302,48.72232823061771
7.525423728813559,0.96,8.21425925381136,4.087156215804296,8.274335690455757,45.130053300847884
7.796610169491526,0.96,8.712940091992923,3.9650461841411158,6.576722308768019,41.121637042355616
8.067796610169491,0.96,8.248842587464264,3.4664481274938717,5.4619823354625945,26.6887991476433
8.338983050847457,0.96,7.288178201186356,2.852022412311135,4.729360458159899,13.177306786586547
8.610169491525424,0.96,6.637146699141927,2.4352929623708506,3.308565972581631,6.698946987091323
8.881355932203391,0.96,5.521813236638847,1.907387242096742,2.7142101392122826,1.6090113340158616
9.152542372881356,0.96,4.470237749197405,1.462149725962636,2.1803195218834848,0.02414117773269221
9.423728813559322,0.96,1.6690553814192166,1.8916339610494848,1.7171596129997917,1.5106496978575397
9.694915254237287,0.96,1.3076093048338866,1.3890117909244817,1.3235352465392418,0.0007546296167956324
9.966101694915254,0.96,1.0000000172305465,0.9999999913909248,0.9999999856831917,1.0000000430453762
10.237288135593221,0.96,0.7474516450610127,0.7064621901126052,0.7411545466932555,3.0062168358962746
10.508474576271187,0.96,0.5467208271582785,0.4901827606052097,0.5392428299362099,5.173546306874731
10.779661016949152,0.96,0.39179145794614323,0.33433476563624764,0.3854263849247211,7.097764948322192
11.050847457627118,0.96,0.2753672364999014,0.22433850567898234,0.2708128037674891,8.638624682682048
11.322033898305085,0.96,0.18999590588505247,0.14819337131715313,0.1871636798111089,9.793873972589466
11.593220338983052,0.96,0.1287958327478549,0.09643073471129174,0.12729538516490738,10.620580183783389
11.864406779661017,0.96,0.0858383202091413,0.06184138002883249,0.08523532892902379,11.19167807626962
12.135593220338983,0.96,0.056758467219473994,0.03937662327372302,0.056898588580048384,11.570599833087599
12.40677966101695,0.96,0.006781346850879426,0.0014918695037332646,0.002891817074214789,12.223906194151013
12.677966101694915,0.96,0.0044031833148031095,0.000955968280079577,0.001924700740882856,12.233276266819558
12.94915254237288,0.96,0.0028134741509608313,0.0006037100082978047,0.001261584463056308,12.239437352765874
13.220338983050848,0.96,0.0017695179305794967,0.0003757417795390022,0.0008144818167961316,12.243425401244846
13.491525423728813,0.96,0.0010956245192058323,0.0002305093364061892,0.0005179576585122226,12.245966418703853
13.76271186440678,0.96,0.0006679628797232346,0.0001393888350074899,0.0003245098813452221,12.247560816820162
14.033898305084746,0.96,0.000401005595703494,8.310141613747588e-05,0.00020031775912468712,12.248545768379122
14.305084745762711,0.96,0.00023716928107082017,4.882973142421892e-05,0.00012186062228767681,12.249145494602212
14.576271186440678,0.96,8.285563898489038e-05,4.998623397425332e-05,7.313006775072896e-05,12.249125256521845
14.847457627118644,0.96,4.834978591118856e-05,2.8556915170346314e-05,4.320671594123641e-05,12.249500259081374
15.11864406779661,0.96,2.7761435443845533e-05,1.6109318174339734e-05,2.5170266100233714e-05,12.249718088553884
15.389830508474576,0.96,1.5721943380240053e-05,8.956223779340485e-06,1.4435344689194555e-05,12.249843266585195
15.661016949152541,0.96,8.773753297010568e-06,4.923979825961451e-06,1.0520833232009178e-05,12.24991383050458
15.932203389830509,0.96,4.8306890479174205e-06,2.668503425588935e-06,1.0520833237229874e-05,12.249953301234555
16.203389830508474,0.96,2.6276397346086325e-06,1.4184078245856895e-06,1.052083324012344e-05,12.249975177875644
16.474576271186443,0.96,1.400699250594633e-06,7.555574174209193e-07,1.0520833241657727e-05,12.249986777748758
16.74576271186441,0.96,7.425898925321728e-07,3.9136570274645145e-07,1.0520833242500713e-05,12.249993151101156
17.016949152542374,0.96,4.038403378660211e-07,1.9389556405044424e-07,1.0520833242957792e-05,12.249996606827862
17.28813559322034,0.96,3.568620517055156e-07,7.201191611513684e-08,1.0520833243239905e-05,12.249998739791495
17.559322033898304,0.96,3.568620517055156e-07,7.201191611513684e-08,1.0520833243239905e-05,12.249998739791495
17.83050847457627,0.96,3.568620517055156e-07,7.201191611513684e-08,1.0520833243239905e-05,12.249998739791495
18.101694915254235,0.96,3.568620517055156e-07,7.201191611513684e-08,1.0520833243239905e-05,12.249998739791495
18.372881355932204,0.96,3.568620517055156e-07,7.201191611513684e-08,1.0520833243239905e-05,12.249998739791495
18.64406779661017,0.96,3.568620517055156e-07,7.201191611513684e-08,1.0520833243239905e-05,12.249998739791495
18.915254237288135,0.96,3.568620517055156e-07,7.201191611513684e-08,1.0520833243239905e-05,12.249998739791495
19.186440677966104,0.96,3.568620517055156e-07,7.201191611513684e-08,1.0520833243239905e-05,12.249998739791495
19.45762711864407,0.96,3.568620517055156e-07,7.201191611513684e-08,1.0520833243239905e-05,12.249998739791495
19.728813559322035,0.96,3.568620517055156e-07,7.201191611513684e-08,1.0520833243239905e-05,12.249998739791495
20.0,0.96,3.568620517055156e-07,7.201191611513684e-08,1.0520833243239905e-05,12.249998739791495
4.0,1.15,0.13922952400958272,2.156229186377009,15.844362898771383,3.574266139552708
4.271186440677966,1.15,0.34640549994170783,15.456099399822186,15.719885117757578,1234.83706461051
4.5423728813559325,1.15,0.6877777833269906,18.561439842164077,15.67685262506535,1840.7188591013537
4.813559322033898,1.15,1.0908645399920884,19.06359299384797,15.653757310171484,1950.0157340769695
5.084745762711864,1.15,1.6047299582807826,19.26727256248037,15.626861587031561,1995.2464301372738
5.3559322033898304,1.15,2.2028913753936004,19.06245886921858,15.599081565736395,1949.7653331677386
5.627118644067797,1.15,2.8856905257671253,18.808404658743324,15.560379836845708,1894.0784547659769
5.898305084745763,1.15,3.6167951436762165,18.383759398976217,15.512676298733425,1802.8005207644565
6.169491525423728,1.15,4.369356152826654,17.834250127392718,15.452976417481212,1688.0286078106724
6.4406779661016955,1.15,5.118291423279756,17.19723131137214,15.377342788941846,1559.7032319062268
6.711864406779661,1.15,5.722442863830244,4.007367254262791,11.782501725286204,42.489774991261775
6.983050847457627,1.15,6.685287965263634,4.118440161988151,10.822227123813862,46.18698071443854
7.254237288135593,1.15,7.620536154774084,4.192055613813094,9.593932814119714,48.722340941407595
7.525423728813559,1.15,8.21426195410847,4.0871562897901565,8.274334952481386,45.1300557859925
7.796610169491526,1.15,8.712941285426448,3.965046172937043,6.576721984859477,41.12163668311857
8.067796610169491,1.15,8.248843087017416,3.4664481100585074,5.461982194280301,26.68879869727736
8.338983050847457,1.15,7.288178393951379,2.8520224025420444,4.729360398224567,13.17730660927482
8.610169491525424,1.15,6.6371467713776635,2.4352929559438006,3.308565952542806,6.698946903917827
8.881355932203391,1.15,5.521813264641026,1.9073872400929206,2.714210129314517,1.6090113213069446
9.152542372881356,1.15,4.470237761748347,1.4621497250603783,2.1803195171316925,0.02414117703175393
9.423728813559322,1.15,1.6690553833322261,1.8916339579150365,1.7171596147146202,1.5106496785950247
9.694915254237287,1.15,1.3076092951022906,1.3890118013559571,1.3235352435497458,0.0007546281840058958
9.966101694915254,1.15,1.0000000051027769,0.9999999911517243,1.0000000100391766,1.0000000442413781
10.237288135593221,1.15,0.7474516605637941,0.7064621779453121,0.7411545427842956,3.0062169413772484
10.508474576271187,1.15,0.5467208242299948,0.4901827712043409,0.5392428084892078,5.173546186333827
10.779661016949152,1.15,0.39179147233874323,0.33433474007990666,0.3854264251952543,7.097765288753498
11.050847457627118,1.15,0.2753672028943757,0.2243385126357345,0.27081284970786285,8.63862458044723
11.322033898305085,1.15,0.18999591734262347,0.14819337574066682,0.1871636401146124,9.793873903372168
11.593220338983052,1.15,0.12879579935192334,0.09643075409699571,0.12729540926180039,10.620579867900794
11.864406779661017,1.15,0.0858383221499468,0.06184135126447992,0.08523544909567336,11.191678557410452
12.135593220338983,1.15,0.056758502900510995,0.039376649991929524,0.05689837160523836,11.5705993786699
12.40677966101695,1.15,0.006781367066678003,0.0014918664772004043,0.0028918085119061803,12.223906247058904
12.677966101694915,1.15,0.004403178072741358,0.0009559685731792474,0.0019247091059598777,12.233276261693815
12.94915254237288,1.15,0.0028135092244990535,0.0006037007872794433,0.0012615901359155175,12.23943751406411
13.220338983050848,1.15,0.0017694605223739625,0.00037575565314728514,0.0008144748845692281,12.243425158521864
13.491525423728813,1.15,0.0010956114520642277,0.0002305093548161087,0.0005179719318093403,12.245966418381732
13.76271186440678,1.15,0.000667938322903223,0.0001393937783152704,0.00032451387110656114,12.247560730320892
14.033898305084746,1.15,0.00040105865466440204,8.309034763534887e-05,0.00020030951324649033,12.248545962066414
14.305084745762711,1.15,0.00023716119511238502,4.883452829482501e-05,0.00012183947907859876,12.249145410659908
14.576271186440678,1.15,8.28718262305933e-05,4.998404870417491e-05,7.30989167869344e-05,12.249125294762704
14.847457627118644,1.15,4.831087436657763e-05,2.8584524664036662e-05,4.319488771972879e-05,12.249499775925095
15.11864406779661,1.15,2.777408581292499e-05,1.6098219396948573e-05,2.517637476887986e-05,12.249718282780258
15.389830508474576,1.15,1.5718464300620796e-05,8.956022306070514e-06,1.4446934735135358e-05,12.249843270110956
15.661016949152541,1.15,8.807999150919643e-06,4.901396417331526e-06,1.0520833232061447e-05,12.249914225712839
15.932203389830509,1.15,4.836847250704412e-06,2.665828993453757e-06,1.0520833237236062e-05,12.249953348037028
16.203389830508474,1.15,2.6502065618204086e-06,1.410925239538462e-06,1.0520833240140757e-05,12.249975308820746
16.474576271186443,1.15,1.4135190662416376e-06,7.502894898615737e-07,1.0520833241669919e-05,12.249986869937441
16.74576271186441,1.15,7.484164038871119e-07,3.8901469542738344e-07,1.0520833242506154e-05,12.249993192243775
17.016949152542374,1.15,3.771812292707621e-07,2.0444011936232512e-07,1.0520833242933387e-05,12.249996422298171
17.28813559322034,1.15,3.568620517055156e-07,7.201191611513684e-08,1.0520833243239905e-05,12.249998739791495
17.559322033898304,1.15,3.568620517055156e-07,7.201191611513684e-08,1.0520833243239905e-05,12.249998739791495
17.83050847457627,1.15,3.568620517055156e-07,7.201191611513684e-08,1.0520833243239905e-05,12.249998739791495
18.101694915254235,1.15,3.568620517055156e-07,7.201191611513684e-08,1.0520833243239905e-05,12.249998739791495
18.372881355932204,1.15,3.568620517055156e-07,7.201191611513684e-08,1.0520833243239905e-05,12.249998739791495
18.64406779661017,1.15,3.568620517055156e-07,7.201191611513684e-08,1.0520833243239905e-05,12.249998739791495
18.915254237288135,1.15,3.568620517055156e-07,7.201191611513684e-08,1.0520833243239905e-05,12.249998739791495
19.186440677966104,1.15,3.568620517055156e-07,7.201191611513684e-08,1.0520833243239905e-05,12.249998739791495
19.45762711864407,1.15,3.568620517055156e-07,7.201191611513684e-08,1.0520833243239905e-05,12.249998739791495
19.728813559322035,1.15,3.568620517055156e-07,7.201191611513684e-08,1.0520833243239905e-05,12.249998739791495
20.0,1.15,3.568620517055156e-07,7.201191611513684e-08,1.0520833243239905e-05,12.249998739791495
4.0,1.34,0.14319857447086906,2.1876979149662965,15.844050242979776,3.877925032764069
4.271186440677966,1.34,0.350522187501086,15.543386447658959,15.719175455625821,1250.2211262988942
4.5423728813559325,1.34,0.691154830594587,18.601654268220084,15.676484871202033,1849.3556847710893
4.813559322033898,1.34,1.093153801699863,19.080030535577,15.653583994122242,1953.646748368344
5.084745762711864,1.34,1.606106861531618,19.273622197303613,15.626782484558213,1996.6648153246526
5.3559322033898304,1.34,2.203668778827288,19.064884516407144,15.599045293330361,1950.3009061125056
5.627118644067797,1.34,2.886113256467323,18.80934079072854,15.560362507303761,1894.282167298279
5.898305084745763,1.34,3.617023786347001,18.384132708871665,15.512667563705662,1802.879774203527
6.169491525423728,1.34,4.369471850153227,17.83439392547427,15.452972082122361,1688.05814811041
6.4406779661016955,1.34,5.1183487974711595,17.197287059600185,15.377340584513664,1559.7142402713216
6.711864406779661,1.34,5.722467716534707,4.007370699867057,11.782495412827041,42.489887290782654
6.983050847457627,1.34,6.685300529293813,4.118441395322832,10.822223871895767,46.187022623779654
7.254237288135593,1.34,7.620542129063153,4.1920559780690825,9.593931230075826,48.72235365419562
7.525423728813559,1.34,8.21426465451445,4.087156363865374,8.274334214410041,45.1300582741386
7.796610169491526,1.34,8.712942480134744,3.9650461614299397,6.576721660864341,41.12163631416542
8.067796610169491,1.34,8.248843586007071,3.4664480929489163,5.46198205291337,26.68879825532633
8.338983050847457,1.34,7.288178586182281,2.8520223927297397,4.729360338441101,13.177306431178742
8.610169491525424,1.34,6.637146847898565,2.435292949290283,3.3085659309804374,6.698946817813577
8.881355932203391,1.34,5.521813291580434,1.907387236262774,2.7142101235135208,1.6090112970148502
9.152542372881356,1.34,4.470237765432517,1.4621497249561075,2.180319515212813,0.0241411769507489
9.423728813559322,1.34,1.6690553866528104,1.891633957879585,1.7171596100799615,1.510649678377161
9.694915254237287,1.34,1.307609303379328,1.3890117951335181,1.3235352409616161,0.0007546290386735863
9.966101694915254,1.34,1.0000000138846612,0.9999999855794581,1.0000000044658843,1.00000007210271
10.237288135593221,1.34,0.7474516476399196,0.7064621770468028,0.7411545733997793,3.0062169491666255
10.508474576271187,1.34,0.5467208316800398,0.49018275479148554,0.5392428369584727,5.173546372992561
10.779661016949152,1.34,0.3917914616624377,0.3343347463559163,0.3854264333993261,7.097765205151932
11.050847457627118,1.34,0.2753672269178626,0.2243384937012803,0.2708128537470009,8.63862485870359
11.322033898305085,1.34,0.18999591112390746,0.14819336765685495,0.1871636800278546,9.793874029864282
11.593220338983052,1.34,0.12879584486492002,0.09643072887160388,0.1272953748924548,10.620580278938858
11.864406779661017,1.34,0.0858383739421552,0.061841354618334954,0.0852353065185443,11.191678501310577
12.135593220338983,1.34,0.05675846826453886,0.03937664089013575,0.05689850130534254,11.570599533471315
12.40677966101695,1.34,0.006781353288622756,0.0014918669741026923,0.0028918227290403976,12.223906238372377
12.677966101694915,1.34,0.00440318278869909,0.000955969670966876,0.0019246979577092597,12.23327624249565
12.94915254237288,1.34,0.0028135151016301123,0.0006037007179207227,0.0012615855681426236,12.239437515277364
13.220338983050848,1.34,0.0017694787945571554,0.00037575278705699404,0.0008144685633168782,12.243425208664982
13.491525423728813,1.34,0.001095612461814054,0.00023051155005470353,0.0005179569089571155,12.24596637997138
13.76271186440678,1.34,0.0006679647186493793,0.0001393904403596396,0.0003245007138974862,12.247560788729293
14.033898305084746,1.34,0.00040105255732421667,8.309004426860735e-05,0.00020032199096147206,12.248545967375021
14.305084745762711,1.34,0.00023715540176441968,4.883796474624056e-05,0.00012182433297436332,12.249145350524104
14.576271186440678,1.34,8.287549635463604e-05,4.9977701967514646e-05,7.311403835689434e-05,12.249125405826632
14.847457627118644,1.34,4.833644831363559e-05,2.857115603652068e-05,4.318389951439332e-05,12.2495000098713
15.11864406779661,1.34,2.7761996591215613e-05,1.610873834175709e-05,2.5161576708197668e-05,12.24971809870084
15.389830508474576,1.34,1.5723003716933437e-05,8.959885535381358e-06,1.4412896934062453e-05,12.249843202504879
15.661016949152541,1.34,8.781001710919168e-06,4.917546079151593e-06,1.0520833232024069e-05,12.249913943094752
15.932203389830509,1.34,4.866885047655834e-06,2.6479963531963224e-06,1.0520833237277337e-05,12.24995366010764
16.203389830508474,1.34,2.6368489209903263e-06,1.4177474079586413e-06,1.0520833240124967e-05,12.249975189432922
16.474576271186443,1.34,1.4140398323424283e-06,7.429046814559384e-07,1.0520833241687012e-05,12.249986999171519
16.74576271186441,1.34,7.525706208860006e-07,3.873483504636773e-07,1.0520833242510011e-05,12.2499932214048
17.016949152542374,1.34,3.8121182289481826e-07,2.0280437874781446e-07,1.0520833242937172e-05,12.249996450923625
17.28813559322034,1.34,3.568620517055156e-07,7.201191611513684e-08,1.0520833243239905e-05,12.249998739791495
17.559322033898304,1.34,3.568620517055156e-07,7.201191611513684e-08,1.0520833243239905e-05,12.249998739791495
17.83050847457627,1.34,3.568620517055156e-07,7.201191611513684e-08,1.0520833243239905e-05,12.249998739791495
18.101694915254235,1.34,3.568620517055156e-07,7.201191611513684e-08,1.0520833243239905e-05,12.249998739791495
18.372881355932204,1.34,3.568620517055156e-07,7.201191611513684e-08,1.0520833243239905e-05,12.249998739791495
18.64406779661017,1.34,3.568620517055156e-07,7.201191611513684e-08,1.0520833243239905e-05,12.249998739791495
18.915254237288135,1.34,3.568620517055156e-07,7.201191611513684e-08,1.0520833243239905e-05,12.249998739791495
19.186440677966104,1.34,3.568620517055156e-07,7.201191611513684e-08,1.0520833243239905e-05,12.249998739791495
19.45762711864407,1.34,3.568620517055156e-07,7.201191611513684e-08,1.0520833243239905e-05,12.249998739791495
19.728813559322035,1.34,3.568620517055156e-07,7.201191611513684e-08,1.0520833243239905e-05,12.249998739791495
20.0,1.34,3.568620517055156e-07,7.201191611513684e-08,1.0520833243239905e-05,12.249998739791495
4.0,1.53,0.14725744600306098,2.219363396247106,15.843735368156047,4.1959773444349535
4.271186440677966,1.53,0.35467762392982816,15.630855061481851,15.718463974529277,1265.7327236306473
4.5423728813559325,1.53,0.694544859487825,18.641893659216176,15.676116769812777,1858.0181059732438
4.813559322033898,1.53,1.0954467552968872,19.096470708219485,15.653410614390381,1957.281722042939
5.084745762711864,1.53,1.607484650750038,19.279971971532927,15.626703371049086,1998.0837356425193
5.3559322033898304,1.53,2.2044463818882,19.067310141834106,15.59900901896949,1950.8365477984644
5.627118644067797,1.53,2.886536030619992,18.81027691205519,15.560345177396925,1894.4858884652624
5.898305084745763,1.53,3.6172524387306453,18.384506015652157,15.512658828604428,1802.9590287232772
6.169491525423728,1.53,4.36958754943568,17.83453772281954,15.452967746750113,1688.087688517366
6.4406779661016955,1.53,5.118406172089746,17.197342807731317,15.37733838008108,1559.7252486561274
6.711864406779661,1.53,5.722492569277754,4.007374145473921,11.782489100365396,42.489999590536634
6.983050847457627,1.53,6.685313093301453,4.118442628667733,10.822220619979502,46.18706453348709
7.254237288135593,1.53,7.620548103380806,4.192056342361051,9.593929646001497,48.722366368241055
7.525423728813559,1.53,8.214267354607088,4.087156438029492,8.274333476344081,45.13006076527092
7.796610169491526,1.53,8.712943674135897,3.9650461498988934,6.576721337090494,41.1216359444446
8.067796610169491,1.53,8.248844085033536,3.466448075730807,5.461981911689037,26.68879781057222
8.338983050847457,1.53,7.288178778915765,2.8520223828716658,4.729360278609296,13.17730625225194
8.610169491525424,1.53,6.63714692093088,2.4352929440434514,3.3085659088445647,6.698946749913483
8.881355932203391,1.53,5.521813318696222,1.9073872337225763,2.714210115018883,1.6090112809040524
9.152542372881356,1.53,4.470237780859514,1.4621497227144784,2.1803195111376414,0.024141175209291026
9.423728813559322,1.53,1.6690553891487114,1.8916339578529793,1.7171596065964325,1.510649678213657
9.694915254237287,1.53,1.3076092964742043,1.3890118026945681,1.3235352396388853,0.0007546280001443623
9.966101694915254,1.53,1.0000000044145279,1.0000000015510229,0.9999999888038429,0.9999999922448852
10.237288135593221,1.53,0.7474516491869219,0.7064621822726667,0.7411545574424541,3.0062169038624478
10.508474576271187,1.53,0.5467208289860458,0.49018276354156115,0.5392428200337239,5.173546273480439
10.779661016949152,1.53,0.3917914291806954,0.33433477412579005,0.3854264247784368,7.097764835234566
11.050847457627118,1.53,0.2753672041949093,0.22433850151435264,0.27081288339465737,8.638624743884485
11.322033898305085,1.53,0.18999595095869456,0.1481933372627395,0.18716368156202998,9.793874505458732
11.593220338983052,1.53,0.12879580537168472,0.09643073451912755,0.1272954714241432,10.620580186914632
11.864406779661017,1.53,0.08583838172192497,0.06184134551481451,0.0852352994027537,11.19167865358501
12.135593220338983,1.53,0.05675844221010857,0.03937663403445287,0.05689859877162093,11.570599650071344
12.40677966101695,1.53,0.006781347116743677,0.0014918682680932604,0.0028918218999452257,12.223906215751672
12.677966101694915,1.53,0.004403177951146483,0.0009559695095192375,0.001924704169940241,12.233276245319056
12.94915254237288,1.53,0.002813518398951228,0.0006037004254414647,0.0012615816325964864,12.239437520393544
13.220338983050848,1.53,0.0017694859533461688,0.00037574923655579897,0.0008144835163632678,12.243425270782078
13.491525423728813,1.53,0.0010956056478164812,0.00023051160676084952,0.0005179684443638628,12.245966378979187
13.76271186440678,1.53,0.0006679460435383384,0.0001393939588635212,0.0003245048563675686,12.24756072716161
14.033898305084746,1.53,0.0004010596527015456,8.309127887198385e-05,0.00020030180436863293,12.248545945770742
14.305084745762711,1.53,0.00023717054729568052,4.8829962484327924e-05,0.0001218589361325256,12.249145490558805
14.576271186440678,1.53,8.285828249990281e-05,4.998943432817293e-05,7.311062771012372e-05,12.249125200517652
14.847457627118644,1.53,4.835449538876224e-05,2.8560413365253635e-05,4.3174588454038424e-05,12.249500197864215
15.11864406779661,1.53,2.778181052369995e-05,1.6105059858544746e-05,2.513237979522191e-05,12.249718163073554
15.389830508474576,1.53,1.5718740219334945e-05,8.958415830634784e-06,1.4423000465943265e-05,12.249843228224544
15.661016949152541,1.53,8.807071400221145e-06,4.902042047603863e-06,1.0520833232059953e-05,12.24991421441435
15.932203389830509,1.53,4.8488653828640594e-06,2.6636834662087512e-06,1.0520833237241028e-05,12.249953385583684
16.203389830508474,1.53,2.6267980701747314e-06,1.4228897924460274e-06,1.0520833240113066e-05,12.249975099441283
16.474576271186443,1.53,1.4036189753851723e-06,7.530286682976211e-07,1.052083324166358e-05,12.249986822001848
16.74576271186441,1.53,7.338271123154348e-07,3.9493237672228717e-07,1.052083324249246e-05,12.249993088684379
17.016949152542374,1.53,3.841838817268533e-07,2.0160793785565272e-07,1.0520833242939942e-05,12.249996471861339
17.28813559322034,1.53,3.568620517055156e-07,7.201191611513684e-08,1.0520833243239905e-05,12.249998739791495
17.559322033898304,1.53,3.568620517055156e-07,7.201191611513684e-08,1.0520833243239905e-05,12.249998739791495
17.83050847457627,1.53,3.568620517055156e-07,7.201191611513684e-08,1.0520833243239905e-05,12.249998739791495
18.101694915254235,1.53,3.568620517055156e-07,7.201191611513684e-08,1.0520833243239905e-05,12.249998739791495
18.372881355932204,1.53,3.568620517055156e-07,7.201191611513684e-08,1.0520833243239905e-05,12.249998739791495
18.64406779661017,1.53,3.568620517055156e-07,7.201191611513684e-08,1.0520833243239905e-05,12.249998739791495
18.915254237288135,1.53,3.568620517055156e-07,7.201191611513684e-08,1.0520833243239905e-05,12.249998739791495
19.186440677966104,1.53,3.568620517055156e-07,7.201191611513684e-08,1.0520833243239905e-05,12.249998739791495
19.45762711864407,1.53,3.568620517055156e-07,7.201191611513684e-08,1.0520833243239905e-05,12.249998739791495
19.728813559322035,1.53,3.568620517055156e-07,7.201191611513684e-08,1.0520833243239905e-05,12.249998739791495
20.0,1.53,3.568620517055156e-07,7.201191611513684e-08,1.0520833243239905e-05,12.249998739791495
4.0,1.72,0.15140739830943756,2.251221179452645,15.843418311670892,4.528609352179699
4.271186440677966,1.72,0.3588720304852997,15.718502836822452,15.717750689923209,1281.3720218005788
4.5423728813559325,1.72,0.6979478985997363,18.682157804161903,15.675748322306205,1866.7061147997135
4.813559322033898,1.72,1.0977434038798544,19.112913494388803,15.65323717110255,1960.920652873131
5.084745762711864,1.72,1.6088633261906649,19.286321883942684,15.626624246514455,1999.5031908500437
5.3559322033898304,1.72,2.2052241845955156,19.069735745412544,15.598972742654638,1951.372258204436
5.627118644067797,1.72,2.8869588482230535,18.811213022712263,15.560327847125391,1894.689618264157
5.898305084745763,1.72,3.6174811008254055,18.384879319316987,15.512650093429775,1803.038284323512
6.169491525423728,1.72,4.369703250671572,17.834681519464763,15.452963411363985,1688.1172290389788
6.4406779661016955,1.72,5.118463547076775,17.197398555681815,15.377336175646862,1559.7362570441119
6.711864406779661,1.72,5.722517422045981,4.007377591072733,11.782482787908622,42.49011189017654
6.983050847457627,1.72,6.685325657349686,4.118443862014756,10.822217368054483,46.18710644328562
7.254237288135593,1.72,7.620554077513687,4.192056706605045,9.59392806200008,48.7223790806138
7.525423728813559,1.72,8.214270055094751,4.087156512033389,8.274332738305551,45.13006325102156
7.796610169491526,1.72,8.712944868188876,3.965046138456757,6.576721013231814,41.121635577574494
8.067796610169491,1.72,8.248844584051525,3.46644805842622,5.461981770538102,26.688797363584342
8.338983050847457,1.72,7.288178970578101,2.852022372740525,4.7293602195203635,13.177306068368901
8.610169491525424,1.72,6.6371469950456685,2.4352929380719424,3.3085658872536445,6.698946672635217
8.881355932203391,1.72,5.521813349644402,1.9073872307513557,2.7142101054083083,1.60901126205956
9.152542372881356,1.72,4.470237791070012,1.4621497212640702,2.180319508667865,0.024141174082510167
9.423728813559322,1.72,1.6690553884106776,1.891633956844699,1.7171596094891095,1.510649672017346
9.694915254237287,1.72,1.3076093027514608,1.3890117976781804,1.3235352380347423,0.000754628689157749
9.966101694915254,1.72,1.0000000116096288,0.9999999963384525,0.9999999870849958,1.000000018307737
10.237288135593221,1.72,0.7474516438989383,0.7064621844252668,0.7411545635258355,3.0062168852010784
10.508474576271187,1.72,0.5467208180243526,0.4901827674078434,0.5392428315133667,5.173546229510314
10.779661016949152,1.72,0.3917914419814489,0.3343347561010869,0.38542644730127124,7.09776507533831
11.050847457627118,1.72,0.27536722276721853,0.22433848799161665,0.2708128828202119,8.638624942611488
11.322033898305085,1.72,0.1899959441454933,0.1481933365764376,0.18716370979774408,9.793874516197697
11.593220338983052,1.72,0.12879578408324452,0.09643074601637439,0.12729547604603766,10.620579999571408
11.864406779661017,1.72,0.08583837622454416,0.06184133009543456,0.08523538300831657,11.19167891150472
12.135593220338983,1.72,0.056758471989929546,0.03937665290240268,0.056898455743796775,11.570599329169179
12.40677966101695,1.72,0.006781357592391768,0.0014918657185468832,0.002891826188255065,12.223906260321188
12.677966101694915,1.72,0.004403178596999283,0.0009559703422010894,0.0019246964857849364,12.233276230757074
12.94915254237288,1.72,0.00281349657123849,0.000603704052147651,0.0012615866215985006,12.239437456953556
13.220338983050848,1.72,0.001769496085988975,0.0003757474378241146,0.0008144770427557873,12.243425302251433
13.491525423728813,1.72,0.0010956057410237254,0.00023051278745608302,0.0005179564948049273,12.245966358320423
13.76271186440678,1.72,0.0006679642600159718,0.0001393910264815234,0.00032449487582326297,12.247560778473185
14.033898305084746,1.72,0.00040105319109124196,8.309060795587348e-05,0.00020031157670432416,12.248545957511077
14.305084745762711,1.72,0.00023716501299956593,4.8833146623298075e-05,0.00012184499192771348,12.249145434838315
14.576271186440678,1.72,8.28465779791268e-05,4.999815436014689e-05,7.310694417486657e-05,12.24912504792254
14.847457627118644,1.72,4.8322531006410815e-05,2.8575278061903174e-05,4.320205052835565e-05,12.249499937737328
15.11864406779661,1.72,2.778801283583009e-05,1.6098105850543897e-05,2.514062634297881e-05,12.249718284767296
15.389830508474576,1.72,1.574164637846253e-05,8.947210029598621e-06,1.4414666291336957e-05,12.249843424324808
15.661016949152541,1.72,8.786140540665147e-06,4.914562155560911e-06,1.0520833232030976e-05,12.249913995313232
15.932203389830509,1.72,4.845660135185135e-06,2.6595001079003356e-06,1.0520833237250711e-05,12.249953458792314
16.203389830508474,1.72,2.6418113459810423e-06,1.4172954644163703e-06,1.0520833240126014e-05,12.249975197341927
16.474576271186443,1.72,1.4131121054465846e-06,7.504459528833936e-07,1.0520833241669557e-05,12.249986867199341
16.74576271186441,1.72,7.386987179118348e-07,3.9294490111656414e-07,1.0520833242497059e-05,12.249993123465195
17.016949152542374,1.72,4.0270513327836913e-07,1.9335051910768663e-07,1.0520833242959054e-05,12.249996616366147
17.28813559322034,1.72,3.568620517055156e-07,7.201191611513684e-08,1.0520833243239905e-05,12.249998739791495
17.559322033898304,1.72,3.568620517055156e-07,7.201191611513684e-08,1.0520833243239905e-05,12.249998739791495
17.83050847457627,1.72,3.568620517055156e-07,7.201191611513684e-08,1.0520833243239905e-05,12.249998739791495
18.101694915254235,1.72,3.568620517055156e-07,7.201191611513684e-08,1.0520833243239905e-05,12.249998739791495
18.372881355932204,1.72,3.568620517055156e-07,7.201191611513684e-08,1.0520833243239905e-05,12.249998739791495
18.64406779661017,1.72,3.568620517055156e-07,7.201191611513684e-08,1.0520833243239905e-05,12.249998739791495
18.915254237288135,1.72,3.568620517055156e-07,7.201191611513684e-08,1.0520833243239905e-05,12.249998739791495
19.186440677966104,1.72,3.568620517055156e-07,7.201191611513684e-08,1.0520833243239905e-05,12.249998739791495
19.45762711864407,1.72,3.568620517055156e-07,7.201191611513684e-08,1.0520833243239905e-05,12.249998739791495
19.728813559322035,1.72,3.568620517055156e-07,7.201191611513684e-08,1.0520833243239905e-05,12.249998739791495
20.0,1.72,3.568620517055156e-07,7.201191611513684e-08,1.0520833243239905e-05,12.249998739791495
4.0,1.91,0.15564968663722625,2.2832667235109487,15.84309911165471,4.8760006553860435
4.271186440677966,1.91,0.3631056279141667,15.806327353315174,15.717035617385331,1297.1391738179807
4.5423728813559325,1.91,0.7013639764745547,18.722446491658,15.675379530095109,1875.4197028522165
4.813559322033898,1.91,1.100043750541618,19.129358876689388,15.653063664385533,1964.5635386152803
5.084745762711864,1.91,1.6102428881080126,19.29267193330695,15.626545110964603,2000.9231807059389
5.3559322033898304,1.91,2.2060021869657693,19.072161327057273,15.5989364643867,1951.9080373096167
5.627118644067797,1.91,2.887381709279763,18.812149122698877,15.560310516489139,1894.8933566943956
5.898305084745763,1.91,3.6177097726314984,18.385252619865085,15.512641358181709,1803.117541003961
6.169491525423728,1.91,4.369818953865467,17.834825315391903,15.452959075964142,1688.1467696715413
6.4406779661016955,1.91,5.118520922444109,17.197454303459278,15.377333971210604,1559.747265436775
6.711864406779661,1.91,5.722542274881802,4.007381036646014,11.782476475458587,42.49022418913275
6.983050847457627,1.91,6.685338221452238,4.118445095349267,10.82221411612677,46.187148352678015
7.254237288135593,1.91,7.620560051778797,4.192057070881352,9.593926477949692,48.72239179411595
7.525423728813559,1.91,8.214272755371992,4.087156586039498,8.274332000320078,45.13006573684657
7.796610169491526,1.91,8.712946062410136,3.965046126916106,6.576720689413031,41.12163520754572
8.067796610169491,1.91,8.248845082795757,3.466448041330474,5.461981629261301,26.688796921990946
8.338983050847457,1.91,7.288179162709831,2.852022362895565,4.729360159805084,13.177305889680124
8.610169491525424,1.91,6.6371470709308165,2.4352929319629455,3.3085658651698067,6.6989465935777
8.881355932203391,1.91,5.521813377264714,1.9073872283220425,2.7142100963864477,1.609011246652029
9.152542372881356,1.91,4.470237799481845,1.4621497209774938,2.180319504704849,0.02414117385987719
9.423728813559322,1.91,1.6690553939044606,1.8916339546337975,1.7171596050114986,1.510649658430418
9.694915254237287,1.91,1.30760930069385,1.3890117978255743,1.3235352407191339,0.0007546286689128277
9.966101694915254,1.91,1.0000000072491422,0.9999999980846929,0.9999999916298737,1.0000000095765351
10.237288135593221,1.91,0.7474516455472668,0.706462187912387,0.7411545517621472,3.0062168549704564
10.508474576271187,1.91,0.5467208279378786,0.4901827599193673,0.5392428290640946,5.173546314674621
10.779661016949152,1.91,0.3917914428023769,0.3343347634257245,0.38542642292976764,7.097764977768163
11.050847457627118,1.91,0.2753672178689498,0.22433849904507447,0.2708128629115626,8.638624780172425
11.322033898305085,1.91,0.18999594580516113,0.14819334157808944,0.1871636815022477,9.793874437933935
11.593220338983052,1.91,0.12879581931924033,0.09643073046041327,0.12729544705577114,10.620580253049821
11.864406779661017,1.91,0.08583834528412111,0.06184136608528665,0.08523533301350406,11.191678309503072
12.135593220338983,1.91,0.056758450747814236,0.039376646215253684,0.05689853835039982,11.570599442902816
12.40677966101695,1.91,0.006781341578213677,0.0014918701558294992,0.002891820641812226,12.223906182751492
12.677966101694915,1.91,0.0044031818534316985,0.0009559709363992464,0.001924689919949283,12.233276220365704
12.94915254237288,1.91,0.002813501953402263,0.0006037036787584528,0.0012615837666849065,12.239437463485046
13.220338983050848,1.91,0.0017695053675641306,0.0003757462443041297,0.0008144723932592289,12.243425323132426
13.491525423728813,1.91,0.0010956010771827514,0.0002305127362794696,0.0005179658359281674,12.245966359215867
13.76271186440678,1.91,0.0006679427761237616,0.0001393924155949166,0.0003245196273346818,12.247560754166118
14.033898305084746,1.91,0.0004010278540734894,8.309688920092168e-05,0.00020030933535347456,12.248545847595812
14.305084745762711,1.91,0.00023715900487839036,4.8835372956922394e-05,0.00012183301366586131,12.249145395878836
14.576271186440678,1.91,8.285255005092839e-05,4.9992832054379564e-05,7.311753637093313e-05,12.249125141059565
14.847457627118644,1.91,4.8339305848076336e-05,2.8566815779139523e-05,4.3193621788337233e-05,12.249500085824257
15.11864406779661,1.91,2.7778021290861737e-05,1.6105423056982864e-05,2.5133697962890237e-05,12.249718156717655
15.389830508474576,1.91,1.5737601329602762e-05,8.947989486339936e-06,1.4423702403278633e-05,12.249843410684404
15.661016949152541,1.91,8.791614316046138e-06,4.915075139842521e-06,1.0520833232029786e-05,12.249913986336038
15.932203389830509,1.91,4.848975442227589e-06,2.659375343405427e-06,1.0520833237250999e-05,12.24995346097569
16.203389830508474,1.91,2.6332864942896948e-06,1.4214559624295802e-06,1.0520833240116384e-05,12.24997512453328
16.474576271186443,1.91,1.4135261947173385e-06,7.452459063566894e-07,1.0520833241681593e-05,12.24998695820011
16.74576271186441,1.91,7.545799484531029e-07,3.819364805116497e-07,1.0520833242522537e-05,12.2499933161125
17.016949152542374,1.91,3.877141300556933e-07,2.00197357227629e-07,1.0520833242943208e-05,12.249996496546498
17.28813559322034,1.91,3.568620517055156e-07,7.201191611513684e-08,1.0520833243239905e-05,12.249998739791495
17.559322033898304,1.91,3.568620517055156e-07,7.201191611513684e-08,1.0520833243239905e-05,12.249998739791495
17.83050847457627,1.91,3.568620517055156e-07,7.201191611513684e-08,1.0520833243239905e-05,12.249998739791495
18.101694915254235,1.91,3.568620517055156e-07,7.201191611513684e-08,1.0520833243239905e-05,12.249998739791495
18.372881355932204,1.91,3.568620517055156e-07,7.201191611513684e-08,1.0520833243239905e-05,12.249998739791495
18.64406779661017,1.91,3.568620517055156e-07,7.201191611513684e-08,1.0520833243239905e-05,12.249998739791495
18.915254237288135,1.91,3.568620517055156e-07,7.201191611513684e-08,1.0520833243239905e-05,12.249998739791495
19.186440677966104,1.91,3.568620517055156e-07,7.201191611513684e-08,1.0520833243239905e-05,12.249998739791495
19.45762711864407,1.91,3.568620517055156e-07,7.201191611513684e-08,1.0520833243239905e-05,12.249998739791495
19.728813559322035,1.91,3.568620517055156e-07,7.201191611513684e-08,1.0520833243239905e-05,12.249998739791495
20.0,1.91,3.568620517055156e-07,7.201191611513684e-08,1.0520833243239905e-05,12.249998739791495
4.0,2.1,0.1599855611633129,2.3154953997152496,15.842777806979356,5.238323918123655
4.271186440677966,2.1,0.3673786364304584,15.894326174959698,15.716318772614345,1313.034320413261
4.5423728813559325,2.1,0.704793121607188,18.76275950989969,15.675010394596416,1884.1588612413261
4.813559322033898,2.1,1.1023477983707062,19.145806837716687,15.652890094366274,1968.2103770097024
5.084745762711864,2.1,1.611623336756261,19.299022118399456,15.626465964409816,2002.3437049684562
5.3559322033898304,2.1,2.2067803890171547,19.074586886682447,15.59890018416653,1952.4438850930446
5.627118644067797,2.1,2.8878046137900863,18.81308521200451,15.560293185488312,1895.0971037533131
5.898305084745763,2.1,3.6179384541508592,18.38562591730592,15.512632622860078,1803.1967987665907
6.169491525423728,2.1,4.369934659014436,17.83496911057897,15.452954740550968,1688.1763104105307
6.4406779661016955,2.1,5.118578298212717,17.197510051090035,15.377331766771382,1559.7582738393166
6.711864406779661,2.1,5.722567127774513,4.007384482209417,11.782470163008353,42.49033648791545
6.983050847457627,2.1,6.685350785458652,4.118446328688824,10.822210864218722,46.18719026226092
7.254237288135593,2.1,7.620566026115426,4.1920574351011375,9.593924893921168,48.72240450564714
7.525423728813559,2.1,8.214275455724986,4.087156660098912,8.274331262273865,45.13006822446211
7.796610169491526,2.1,8.712947256826391,3.965046115537426,6.576720365379523,41.121634842710236
8.067796610169491,2.1,8.24884558287838,3.466448024169384,5.461981487601755,26.688796478709698
8.338983050847457,2.1,7.288179354188338,2.8520223531986986,4.729360100251223,13.177305713679289
8.610169491525424,2.1,6.637147143474423,2.435292926444595,3.3085658435608143,6.698946522163834
8.881355932203391,2.1,5.521813403765452,1.9073872261905045,2.7142100875006268,1.609011233133089
9.152542372881356,2.1,4.470237815485487,1.4621497191312958,2.1803194994879407,0.02414117242561851
9.423728813559322,2.1,1.6690553962063923,1.8916339520133945,1.7171596059355334,1.5106496423269296
9.694915254237287,2.1,1.3076092991592143,1.3890117981063212,1.323535243070262,0.0007546286303515208
9.966101694915254,2.1,1.00000000342464,0.9999999992618913,0.9999999950992897,1.000000003690543
10.237288135593221,2.1,0.7474516411372187,0.706462188779357,0.7411545568538582,3.0062168474545006
10.508474576271187,2.1,0.5467208225624756,0.490182762467183,0.539242835708852,5.173546285699038
10.779661016949152,2.1,0.39179143872765604,0.3343347653740195,0.3854264284340968,7.097764951815287
11.050847457627118,2.1,0.2753672022335601,0.22433850433641056,0.27081288378234286,8.638624702412175
11.322033898305085,2.1,0.18999594846741324,0.14819334669092257,0.1871636596103731,9.793874357930452
11.593220338983052,2.1,0.1287958292616498,0.09643071067022992,0.12729548135302052,10.620580575523256
11.864406779661017,2.1,0.08583835354511736,0.061841358415244206,0.08523532543199289,11.19167843779974
12.135593220338983,2.1,0.05675851559714342,0.03937661634974849,0.05689846800293759,11.570599950849122
12.40677966101695,2.1,0.006781353068036259,0.0014918684267306401,0.002891815605500591,12.223906212978479
12.677966101694915,2.1,0.004403178413542354,0.0009559707042815567,0.001924695173211282,12.233276224424989
12.94915254237288,2.1,0.002813505539906531,0.0006037031966115891,0.0012615810599099241,12.239437471918983
13.220338983050848,2.1,0.0017694931195308605,0.0003757488238227688,0.0008144760094011196,12.243425278002967
13.491525423728813,2.1,0.0010956025459510725,0.00023051380709330092,0.0005179567474626184,12.245966340479711
13.76271186440678,2.1,0.0006679592160828651,0.00013939040898079168,0.00032451071088143544,12.247560789278372
14.033898305084746,2.1,0.0004010548977428835,8.309123744050868e-05,0.00020030558207088475,12.248545946495748
14.305084745762711,2.1,0.00023714890655251628,4.883613020627632e-05,0.00012184674893456519,12.249145382627434
14.576271186440678,2.1,8.28608877909271e-05,4.999055229854324e-05,7.310090087936109e-05,12.249125180953866
14.847457627118644,2.1,4.83190557340823e-05,2.858110439455742e-05,4.3188427679865197e-05,12.249499835778591
15.11864406779661,2.1,2.778442096086601e-05,1.6100259874754178e-05,2.5141218493165206e-05,12.249718247072302
15.389830508474576,2.1,1.5734287504785274e-05,8.948627867650966e-06,1.4431106901970813e-05,12.249843399512802
15.661016949152541,2.1,8.788530824605611e-06,4.912158926827153e-06,1.0520833232036537e-05,12.249914037369587
15.932203389830509,2.1,4.846458319709845e-06,2.6564015677880294e-06,1.0520833237257884e-05,12.249953513016662
16.203389830508474,2.1,2.6263032801832947e-06,1.4248736477480232e-06,1.0520833240108473e-05,12.249975064723852
16.474576271186443,2.1,1.4021368741520626e-06,7.503657922378513e-07,1.0520833241669743e-05,12.249986868602155
16.74576271186441,2.1,7.566860720173759e-07,3.8152914269599105e-07,1.052083324252348e-05,12.24999332324091
17.016949152542374,2.1,3.8928287245747095e-07,1.995741789400524e-07,1.052083324294465e-05,12.249996507452115
17.28813559322034,2.1,3.568620517055156e-07,7.201191611513684e-08,1.0520833243239905e-05,12.249998739791495
17.559322033898304,2.1,3.568620517055156e-07,7.201191611513684e-08,1.0520833243239905e-05,12.249998739791495
17.83050847457627,2.1,3.568620517055156e-07,7.201191611513684e-08,1.0520833243239905e-05,12.249998739791495
18.101694915254235,2.1,3.568620517055156e-07,7.201191611513684e-08,1.0520833243239905e-05,12.249998739791495
18.372881355932204,2.1,3.568620517055156e-07,7.201191611513684e-08,1.0520833243239905e-05,12.249998739791495
18.64406779661017,2.1,3.568620517055156e-07,7.201191611513684e-08,1.0520833243239905e-05,12.249998739791495
18.915254237288135,2.1,3.568620517055156e-07,7.201191611513684e-08,1.0520833243239905e-05,12.249998739791495
19.186440677966104,2.1,3.568620517055156e-07,7.201191611513684e-08,1.0520833243239905e-05,12.249998739791495
19.45762711864407,2.1,3.568620517055156e-07,7.201191611513684e-08,1.0520833243239905e-05,12.249998739791495
19.728813559322035,2.1,3.568620517055156e-07,7.201191611513684e-08,1.0520833243239905e-05,12.249998739791495
20.0,2.1,3.568620517055156e-07,7.201191611513684e-08,1.0520833243239905e-05,12.249998739791495
4.0,2.29,0.16441626638015952,2.347902494480191,15.842454437239057,5.615744619011053
4.271186440677966,2.29,0.3716912756936395,15.98249685038649,15.715600171428399,1329.0575899470741
4.5423728813559325,2.29,0.7082353624425893,18.803096646681546,15.674640917231166,1892.9235805858657
4.813559322033898,2.29,1.1046555504519788,19.1622573600579,15.652716461171853,1971.8611657808194
5.084745762711864,2.29,1.613004672389251,19.305372437995178,15.626386806860385,2003.7647633957336
5.3559322033898304,2.29,2.2075587907678997,19.077012424201428,15.598863901995008,1952.9798015335728
5.627118644067797,2.29,2.888227561755333,18.81402129062591,15.56027585412296,1895.3008594398282
5.898305084745763,2.29,3.6181671453829503,18.385999211628004,15.512623887465042,1803.27605760892
6.169491525423728,2.29,4.3700503661166445,17.835112905063458,15.452950405123955,1688.205851263646
6.4406779661016955,2.29,5.118635674349553,17.19756579858006,15.377329562329857,1559.7692822529154
6.711864406779661,2.29,5.722591980682295,4.0073879277684705,11.782463850563792,42.49044878670474
6.983050847457627,2.29,6.685363349524803,4.118447562007755,10.822207612310933,46.1872321711619
7.254237288135593,2.29,7.620572000410003,4.192057799360742,9.59392330987445,48.72241721856968
7.525423728813559,2.29,8.214278155880473,4.087156734220591,8.274330524226867,45.1300707141692
7.796610169491526,2.29,8.712948451140319,3.9650461039829152,6.576720041543904,41.12163447223708
8.067796610169491,2.29,8.248846081617517,3.4664480069189954,5.461981346500822,26.6887960331218
8.338983050847457,2.29,7.2881795470377595,2.85202234327507,4.729360040408699,13.17730553356266
8.610169491525424,2.29,6.637147219437665,2.4352929200790876,3.308565821801034,6.698946439786776
8.881355932203391,2.29,5.521813429417597,1.9073872242799668,2.7142100787132026,1.6090112210158083
9.152542372881356,2.29,4.470237823421329,1.462149719260015,2.1803194948809517,0.024141172525616834
9.423728813559322,2.29,1.6690553951408944,1.891633953366675,1.7171596053138487,1.5106496506434133
9.694915254237287,2.29,1.3076093038179377,1.389011794896317,1.3235352417494353,0.0007546290712537717
9.966101694915254,2.29,1.0000000089346788,0.9999999955604282,0.9999999933096759,1.0000000221978589
10.237288135593221,2.29,0.7474516495895583,0.7064621831025777,0.7411545543864915,3.0062168966677647
10.508474576271187,2.29,0.546720830454434,0.4901827566312578,0.5392428333179093,5.173546352069355
10.779661016949152,2.29,0.39179143968232527,0.3343347707138448,0.38542640967217234,7.0977648806844575
11.050847457627118,2.29,0.27536722191323904,0.2243384984811803,0.270812851795447,8.638624788459284
11.322033898305085,2.29,0.18999594235450779,0.14819334445544957,0.1871636814549538,9.793874392910205
11.593220338983052,2.29,0.12879581292583323,0.09643072250925508,0.12729548561753168,10.620580382610889
11.864406779661017,2.29,0.0858383188404829,0.06184137831686712,0.0852353533856076,11.191678104905634
12.135593220338983,2.29,0.05675845409262803,0.03937665271665105,0.05689849561643836,11.5705993323284
12.40677966101695,2.29,0.006781346220215477,0.0014918685674004321,0.0028918233587473356,12.223906210519383
12.677966101694915,2.29,0.004403175609052216,0.0009559705247043748,0.0019246995830000057,12.233276227565446
12.94915254237288,2.29,0.0028135092085580433,0.0006037029398005102,0.0012615791059968945,12.239437476411235
13.220338983050848,2.29,0.0017694801583917478,0.00037575101159678274,0.0008144793664581439,12.243425239727197
13.491525423728813,2.29,0.0010955979187041833,0.0002305134689012222,0.0005179640436590116,12.245966346397097
13.76271186440678,2.29,0.0006679460727762382,0.00013939252806040853,0.00032451210375481816,12.24756075219817
14.033898305084746,2.29,0.0004010336235149613,8.309642413465216e-05,0.0002003042100454177,12.248545855733989
14.305084745762711,2.29,0.0002371657600230467,4.883221181399337e-05,0.00012184715920669995,12.24914545119691
14.576271186440678,2.29,8.286384977370173e-05,4.9986242335257884e-05,7.310950241405718e-05,12.24912525637553
14.847457627118644,2.29,4.833333491482725e-05,2.8573562018400398e-05,4.318252864217876e-05,12.249499967767475
15.11864406779661,2.29,2.7776384684603118e-05,1.6106185235491647e-05,2.513538961165822e-05,12.249718143379683
15.389830508474576,2.29,1.5731408289292846e-05,8.949095003376184e-06,1.443717978039776e-05,12.249843391337974
15.661016949152541,2.29,8.792787838239916e-06,4.912725861999352e-06,1.0520833232035224e-05,12.249914027448257
15.932203389830509,2.29,4.854991359749962e-06,2.6590264684212775e-06,1.0520833237251807e-05,12.24995346708099
16.203389830508474,2.29,2.6368401227606093e-06,1.4200850854280112e-06,1.0520833240119557e-05,12.249975148523605
16.474576271186443,2.29,1.4119875778389683e-06,7.500367296879219e-07,1.0520833241670504e-05,12.249986874360745
16.74576271186441,2.29,7.437263330599502e-07,3.870291416565651e-07,1.052083324251075e-05,12.249993226990956
17.016949152542374,2.29,3.905734815785715e-07,1.9906315553300527e-07,1.0520833242945832e-05,12.249996516395024
17.28813559322034,2.29,3.568620517055156e-07,7.201191611513684e-08,1.0520833243239905e-05,12.249998739791495
17.559322033898304,2.29,3.568620517055156e-07,7.201191611513684e-08,1.0520833243239905e-05,12.249998739791495
17.83050847457627,2.29,3.568620517055156e-07,7.201191611513684e-08,1.0520833243239905e-05,12.249998739791495
18.101694915254235,2.29,3.568620517055156e-07,7.201191611513684e-08,1.0520833243239905e-05,12.249998739791495
18.372881355932204,2.29,3.568620517055156e-07,7.201191611513684e-08,1.0520833243239905e-05,12.249998739791495
18.64406779661017,2.29,3.568620517055156e-07,7.201191611513684e-08,1.0520833243239905e-05,12.249998739791495
18.915254237288135,2.29,3.568620517055156e-07,7.201191611513684e-08,1.0520833243239905e-05,12.249998739791495
19.186440677966104,2.29,3.568620517055156e-07,7.201191611513684e-08,1.0520833243239905e-05,12.249998739791495
19.45762711864407,2.29,3.568620517055156e-07,7.201191611513684e-08,1.0520833243239905e-05,12.249998739791495
19.728813559322035,2.29,3.568620517055156e-07,7.201191611513684e-08,1.0520833243239905e-05,12.249998739791495
20.0,2.29,3.568620517055156e-07,7.201191611513684e-08,1.0520833243239905e-05,12.249998739791495
4.0,2.4800000000000004,0.1689430404826295,2.3804832121803914,15.842129042730651,6.008420808547365
4.271186440677966,2.4800000000000004,0.3760437647866681,16.07083691312516,15.714879829763584,1345.209098321973
4.5423728813559325,2.4800000000000004,0.7116907273752289,18.843457689401482,15.674271099424478,1901.7138510121235
4.813559322033898,2.4800000000000004,1.1069670098660533,19.178710426291236,15.652542764929498,1975.5159026369793
5.084745762711864,2.4800000000000004,1.6143868952608482,19.311722890866474,15.626307638326612,2005.1863557449378
5.3559322033898304,2.4800000000000004,2.2083373922353986,19.07943793953058,15.598827617872994,1953.5157866107081
5.627118644067797,2.4800000000000004,2.8886505531775817,18.814957358555933,15.56025852239315,1895.504623752009
5.898305084745763,2.4800000000000004,3.618395846326823,18.386372502836196,15.512615151996552,1803.355317531935
6.169491525423728,2.4800000000000004,4.370166075173813,17.83525669881568,15.452946069683499,1688.2353922247858
6.4406779661016955,2.4800000000000004,5.118693050886801,17.19762154590687,15.37732735788567,1559.780290673131
6.711864406779661,2.4800000000000004,5.722616833665334,4.007391373299295,11.782457538125477,42.49056108472238
6.983050847457627,2.4800000000000004,6.6853759135889606,4.11844879534838,10.822204360393085,46.187274080819115
7.254237288135593,2.4800000000000004,7.620577974735491,4.192058163642302,9.593921725805277,48.722429932260134
7.525423728813559,2.4800000000000004,8.21428085630255,4.0871568082375935,8.274329786195231,45.130073200360314
7.796610169491526,2.4800000000000004,8.712949645146269,3.9650460926215736,6.576719717618378,41.12163410795751
8.067796610169491,2.4800000000000004,8.248846581211989,3.466447989519806,5.461981205284117,26.6887955836903
8.338983050847457,2.4800000000000004,7.288179739625733,2.8520223333674455,4.729359980659992,13.177305353736505
8.610169491525424,2.4800000000000004,6.637147292609172,2.4352929142712867,3.3085658004184957,6.698946364627086
8.881355932203391,2.4800000000000004,5.521813459415014,1.907387221156309,2.71421006991584,1.609011201204508
9.152542372881356,2.4800000000000004,4.470237831109247,1.4621497183567,2.180319492552695,0.024141171823857187
9.423728813559322,2.4800000000000004,1.6690553979697043,1.8916339523491166,1.7171596028234875,1.5106496443900845
9.694915254237287,2.4800000000000004,1.3076093036392191,1.3890117968032538,1.3235352385821135,0.0007546288093311317
9.966101694915254,2.4800000000000004,1.0000000057813367,0.9999999969649229,0.9999999963330746,1.000000015175385
10.237288135593221,2.4800000000000004,0.7474516564314772,0.7064621779976143,0.7411545519845416,3.0062169409238284
10.508474576271187,2.4800000000000004,0.5467208288862061,0.4901827618884459,0.5392428231552422,5.17354629228085
10.779661016949152,2.4800000000000004,0.391791447759251,0.3343347584772647,0.3854264264536686,7.097765043685685
11.050847457627118,2.4800000000000004,0.2753672083637493,0.22433850300494895,0.2708128703199229,8.638624721979024
11.322033898305085,2.4800000000000004,0.18999594487345767,0.14819334856462377,0.18716366292135816,9.793874328611556
11.593220338983052,2.4800000000000004,0.1287958377272343,0.09643071223505353,0.1272954624322301,10.620580550025057
11.864406779661017,2.4800000000000004,0.08583832961689648,0.06184137214956202,0.08523534714798003,11.191678208066039
12.135593220338983,2.4800000000000004,0.05675845080329383,0.039376655697227245,0.05689848089121807,11.570599281635383
12.40677966101695,2.4800000000000004,0.006781355593868966,0.0014918672249398005,0.002891818885974517,12.223906233987407
12.677966101694915,2.4800000000000004,0.0044031783459456495,0.0009559709683496058,0.0019246942889494239,12.233276219806957
12.94915254237288,2.4800000000000004,0.002813511694094457,0.0006037025890940729,0.0012615771730286498,12.239437482545949
13.220338983050848,2.4800000000000004,0.0017694877133076323,0.00037574964582200046,0.0008144752330662908,12.243425263621837
13.491525423728813,2.4800000000000004,0.001095599501101649,0.00023051433985991346,0.0005179565308159974,12.245966331157828
13.76271186440678,2.4800000000000004,0.0006679359729042565,0.0001393945373454332,0.00032451378343860367,12.247560717039187
14.033898305084746,2.4800000000000004,0.0004010507351515539,8.309056637301681e-05,0.0002003188926115045,12.248545958238731
14.305084745762711,2.4800000000000004,0.0002371888149394659,4.883011702968329e-05,0.00012182808486319973,12.249145487854355
14.576271186440678,2.4800000000000004,8.285420803897402e-05,4.999287856339488e-05,7.31078212231096e-05,12.249125140245688
14.847457627118644,2.4800000000000004,4.83273470011274e-05,2.8574460781311406e-05,4.318854412951604e-05,12.249499952039447
15.11864406779661,2.4800000000000004,2.7765836969749037e-05,1.6109030519698064e-05,2.515272583336319e-05,12.249718093587783
15.389830508474576,2.4800000000000004,1.572907627631228e-05,8.949551058512818e-06,1.4442421439907174e-05,12.249843383357064
15.661016949152541,2.4800000000000004,8.796491052610041e-06,4.91326238802082e-06,1.0520833232033983e-05,12.249914018059082
15.932203389830509,2.4800000000000004,4.852395767431231e-06,2.6565347499243917e-06,1.0520833237257574e-05,12.249953510685982
16.203389830508474,2.4800000000000004,2.630660700438763e-06,1.4230776909756042e-06,1.052083324011263e-05,12.24997509615306
16.474576271186443,2.4800000000000004,1.413143343380613e-06,7.464589218485149e-07,1.0520833241678786e-05,12.24998693697235
16.74576271186441,2.4800000000000004,7.463571307176764e-07,3.862775351232203e-07,1.052083324251249e-05,12.249993240144065
17.016949152542374,2.4800000000000004,3.7936128941934086e-07,2.0355348817147843e-07,1.0520833242935439e-05,12.249996437814216
17.28813559322034,2.4800000000000004,3.568620517055156e-07,7.201191611513684e-08,1.0520833243239905e-05,12.249998739791495
17.559322033898304,2.4800000000000004,3.568620517055156e-07,7.201191611513684e-08,1.0520833243239905e-05,12.249998739791495
17.83050847457627,2.4800000000000004,3.568620517055156e-07,7.201191611513684e-08,1.0520833243239905e-05,12.249998739791495
18.101694915254235,2.4800000000000004,3.568620517055156e-07,7.201191611513684e-08,1.0520833243239905e-05,12.249998739791495
18.372881355932204,2.4800000000000004,3.568620517055156e-07,7.201191611513684e-08,1.0520833243239905e-05,12.249998739791495
18.64406779661017,2.4800000000000004,3.568620517055156e-07,7.201191611513684e-08,1.0520833243239905e-05,12.249998739791495
18.915254237288135,2.4800000000000004,3.568620517055156e-07,7.201191611513684e-08,1.0520833243239905e-05,12.249998739791495
19.186440677966104,2.4800000000000004,3.568620517055156e-07,7.201191611513684e-08,1.0520833243239905e-05,12.249998739791495
19.45762711864407,2.4800000000000004,3.568620517055156e-07,7.201191611513684e-08,1.0520833243239905e-05,12.249998739791495
19.728813559322035,2.4800000000000004,3.568620517055156e-07,7.201191611513684e-08,1.0520833243239905e-05,12.249998739791495
20.0,2.4800000000000004,3.568620517055156e-07,7.201191611513684e-08,1.0520833243239905e-05,12.249998739791495
4.0,2.6700000000000004,0.17356711475644415,2.4132326780676774,15.841801664433039,6.4165028744012345
4.271186440677966,2.6700000000000004,0.3804363221940656,16.159343881875255,15.714157763672379,1361.488948896553
4.5423728813559325,2.6700000000000004,0.7151592447484356,18.883842425064962,15.673900942605545,1910.5296621531345
4.813559322033898,2.6700000000000004,1.1092821796896308,19.195166018986207,15.652369005766582,1979.1745852705092
5.084745762711864,2.6700000000000004,1.6157700056244195,19.318073475787543,15.626228458818796,2006.6084817732567
5.3559322033898304,2.6700000000000004,2.2091161934375685,19.081863432581816,15.59879133180137,1954.0518403029623
5.627118644067797,2.6700000000000004,2.8890735880559,18.815893415789414,15.560241190298983,1895.708396688357
5.898305084745763,2.6700000000000004,3.6186245569827444,18.386745790925676,15.51260641645468,1803.4345785345697
6.169491525423728,2.6700000000000004,4.370281786188931,17.83540049185755,15.45294173422922,1688.2649332984463
6.4406779661016955,2.6700000000000004,5.118750427804822,17.19767729307269,15.377325153439214,1559.791299100403
6.711864406779661,2.6700000000000004,5.722641686698233,4.00739481882931,11.782451225683896,42.490673382862056
6.983050847457627,2.6700000000000004,6.68538847764961,4.118450028679755,10.82220110848182,46.187315990181
7.254237288135593,2.6700000000000004,7.62058394902043,4.192058527865029,9.59392014178831,48.722442643898965
7.525423728813559,2.6700000000000004,8.214283556548104,4.087156882314833,8.274329048162157,45.130075688574834
7.796610169491526,2.6700000000000004,8.712950839180914,3.9650460812912547,6.5767193936561865,41.12163374467263
8.067796610169491,2.6700000000000004,8.248847079974,3.4664479721830923,5.461981064259201,26.688795135872585
8.338983050847457,2.6700000000000004,7.2881799311547235,2.8520223235958113,4.729359921125137,13.177305176378619
8.610169491525424,2.6700000000000004,6.637147367135394,2.4352929083249646,3.3085657786307676,6.698946287674773
8.881355932203391,2.6700000000000004,5.521813486142763,1.9073872180881524,2.71421006254738,1.6090111817452148
9.152542372881356,2.6700000000000004,4.47023784268844,1.4621497174065643,2.180319487940904,0.024141171085723827
9.423728813559322,2.6700000000000004,1.6690553995552375,1.8916339518459258,1.7171596012627852,1.5106496412977632
9.694915254237287,2.6700000000000004,1.3076093021049298,1.3890117969718117,1.323535240464276,0.0007546287861792852
9.966101694915254,2.6700000000000004,1.0000000103383004,0.9999999939525445,0.9999999947091954,1.0000000302372773
10.237288135593221,2.6700000000000004,0.7474516446321031,0.7064621848483046,0.7411545611348614,3.006216881533669
10.508474576271187,2.6700000000000004,0.5467208352074283,0.4901827569264973,0.5392428220003448,5.173546348711679
10.779661016949152,2.6700000000000004,0.39179144793535225,0.33433476354789554,0.38542641050291,7.0977649761407475
11.050847457627118,2.6700000000000004,0.27536721995633984,0.2243384941265523,0.2708128708065847,8.638624852453889
11.322033898305085,2.6700000000000004,0.18999594600866154,0.14819335128930036,0.18716364601554317,9.793874285976955
11.593220338983052,2.6700000000000004,0.12879582170311205,0.09643072122146346,0.12729546604183048,10.620580403594959
11.864406779661017,2.6700000000000004,0.08583838151761479,0.06184134313660943,0.08523530910039043,11.191678693365208
12.135593220338983,2.6700000000000004,0.05675849297369167,0.03937662540635439,0.05689850162481238,11.570599796816248
12.40677966101695,2.6700000000000004,0.006781351893132423,0.0014918679485898527,0.002891818684350512,12.223906221337025
12.677966101694915,2.6700000000000004,0.004403175889870755,0.0009559707834813219,0.0019246981097708652,12.23327622303994
12.94915254237288,2.6700000000000004,0.0028134987521348073,0.0006037049092348586,0.0012615809922140618,12.239437441960995
13.220338983050848,2.6700000000000004,0.0017694949489261494,0.0003757486349471937,0.0008144720358943446,12.2434252813074
13.491525423728813,2.6700000000000004,0.001095596518775497,0.00023051417382797976,0.0005179631678970262,12.24596633406291
13.76271186440678,2.6700000000000004,0.0006679493873756369,0.0001393928080852956,0.0003245071863883244,12.247560747298222
14.033898305084746,2.6700000000000004,0.000401032785147628,8.30950625714557e-05,0.0002003167686367847,12.248545879559932
14.305084745762711,2.6700000000000004,0.00023718394211234205,4.88321555342851e-05,0.00012182129496286973,12.249145452181768
14.576271186440678,2.6700000000000004,8.285722399269957e-05,4.998901606451174e-05,7.311470680946074e-05,12.249125207837004
14.847457627118644,2.6700000000000004,4.832472664674071e-05,2.8575824016389766e-05,4.319433885670335e-05,12.24949992818332
15.11864406779661,2.6700000000000004,2.777173460844502e-05,1.6104713140799987e-05,2.5157291689482724e-05,12.249718169141044
15.389830508474576,2.6700000000000004,1.573060178321747e-05,8.951948704068878e-06,1.4425655068843546e-05,12.249843341398535
15.661016949152541,2.6700000000000004,8.794512378219554e-06,4.911538748286329e-06,1.0520833232037972e-05,12.24991404822267
15.932203389830509,2.6700000000000004,4.853517328993314e-06,2.6562297386341936e-06,1.052083323725828e-05,12.24995351602367
16.203389830508474,2.6700000000000004,2.6353822878487003e-06,1.417496006498777e-06,1.052083324012555e-05,12.249975193832439
16.474576271186443,2.6700000000000004,1.4178728675590377e-06,7.449184718326125e-07,1.052083324168235e-05,12.249986963930208
16.74576271186441,2.6700000000000004,7.486062768953796e-07,3.856365921645285e-07,1.0520833242513974e-05,12.249993251360562
17.016949152542374,2.6700000000000004,3.889578002826267e-07,1.9670829904849615e-07,1.0520833242951282e-05,12.249996557605009
17.28813559322034,2.6700000000000004,3.568620517055156e-07,7.201191611513684e-08,1.0520833243239905e-05,12.249998739791495
17.559322033898304,2.6700000000000004,3.568620517055156e-07,7.201191611513684e-08,1.0520833243239905e-05,12.249998739791495
17.83050847457627,2.6700000000000004,3.568620517055156e-07,7.201191611513684e-08,1.0520833243239905e-05,12.249998739791495
18.101694915254235,2.6700000000000004,3.568620517055156e-07,7.201191611513684e-08,1.0520833243239905e-05,12.249998739791495
18.372881355932204,2.6700000000000004,3.568620517055156e-07,7.201191611513684e-08,1.0520833243239905e-05,12.249998739791495
18.64406779661017,2.6700000000000004,3.568620517055156e-07,7.201191611513684e-08,1.0520833243239905e-05,12.249998739791495
18.915254237288135,2.6700000000000004,3.568620517055156e-07,7.201191611513684e-08,1.0520833243239905e-05,12.249998739791495
19.186440677966104,2.6700000000000004,3.568620517055156e-07,7.201191611513684e-08,1.0520833243239905e-05,12.249998739791495
19.45762711864407,2.6700000000000004,3.568620517055156e-07,7.201191611513684e-08,1.0520833243239905e-05,12.249998739791495
19.728813559322035,2.6700000000000004,3.568620517055156e-07,7.201191611513684e-08,1.0520833243239905e-05,12.249998739791495
20.0,2.6700000000000004,3.568620517055156e-07,7.201191611513684e-08,1.0520833243239905e-05,12.249998739791495
4.0,2.8600000000000003,0.17828971296896193,2.446145941263197,15.841472343985973,6.840133315134131
4.271186440677966,2.8600000000000003,0.3848691657800407,16.248015260780303,15.713433989322066,1377.8972324022793
4.5423728813559325,2.8600000000000003,0.7186409428538616,18.924250640289575,15.673530448207586,1919.3710031480598
4.813559322033898,2.8600000000000003,1.1116010629954145,19.211624120704695,15.652195183810612,1982.8372113579333
5.084745762711864,2.8600000000000003,1.6171540037333212,19.32442419153206,15.626149268347243,2008.0311412373735
5.3559322033898304,2.8600000000000003,2.209895194392077,19.084288903271617,15.598755043780997,1954.5879625898476
5.627118644067797,2.8600000000000003,2.889496666392145,18.816829462318278,15.56022385784055,1895.9121782467378
5.898305084745763,2.8600000000000003,3.618853277351077,18.387119075902,15.512597680839342,1803.5138406179603
6.169491525423728,2.8600000000000003,4.370397499159661,17.835544284178702,15.45293739876132,1688.2944744824954
6.4406779661016955,2.8600000000000003,5.118807805107041,17.1977330400873,15.37732294899028,1559.802307536662
6.711864406779661,2.8600000000000003,5.722666539772401,4.007398264345893,11.782444913247147,42.49078568071234
6.983050847457627,2.8600000000000003,6.685401041742865,4.118451262005549,10.822197856569169,46.18735789937226
7.254237288135593,2.8600000000000003,7.620589923324685,4.192058892140736,9.593918557729271,48.722455357388455
7.525423728813559,2.8600000000000003,8.214286256812636,4.087156956326491,8.274328310179298,45.130078174586565
7.796610169491526,2.8600000000000003,8.712952033422717,3.965046069774571,6.57671906980357,41.12163337541234
8.067796610169491,2.8600000000000003,8.248847579526707,3.4664479550058234,5.461980922794104,26.688794692173428
8.338983050847457,2.8600000000000003,7.288180123792256,2.852022313659407,4.729359861368005,13.177304996030113
8.610169491525424,2.8600000000000003,6.6371474428042925,2.4352929020029173,3.308565757003123,6.698946205860138
8.881355932203391,2.8600000000000003,5.52181351312375,1.907387215653999,2.714210054010455,1.6090111663069864
9.152542372881356,2.8600000000000003,4.470237853768817,1.4621497157703625,2.1803194854033894,0.024141169814605318
9.423728813559322,2.8600000000000003,1.6690554010143934,1.891633951505122,1.717159599996169,1.5106496392033792
9.694915254237287,2.8600000000000003,1.307609302185457,1.3890117986167718,1.3235352379263463,0.0007546285602398484
9.966101694915254,2.8600000000000003,1.0000000091017458,0.999999996868305,0.9999999905727613,1.0000000156584745
10.237288135593221,2.8600000000000003,0.7474516508942969,0.7064621803056486,0.741154558603733,3.006216920914966
10.508474576271187,2.8600000000000003,0.5467208210082445,0.49018276850008513,0.539242821678401,5.173546217088559
10.779661016949152,2.8600000000000003,0.3917914446024253,0.33433476497034786,0.38542641537011385,7.097764957192521
11.050847457627118,2.8600000000000003,0.27536723007861247,0.22433848648479582,0.27081287129738446,8.638624964755374
11.322033898305085,2.8600000000000003,0.18999591454219508,0.1481933647111675,0.18716368400750513,9.793874075957174
11.593220338983052,2.8600000000000003,0.12879580913242458,0.09643073000543392,0.12729547048076167,10.620580260463536
11.864406779661017,2.8600000000000003,0.08583835203007498,0.0618413602012109,0.08523533272543427,11.191678407925908
12.135593220338983,2.8600000000000003,0.056758477393496286,0.03937662276711794,0.056898553744146374,11.570599841703833
12.40677966101695,2.8600000000000003,0.006781357448499275,0.0014918663425055377,0.0028918212947145407,12.223906249413547
12.677966101694915,2.8600000000000003,0.00440317375701757,0.0009559706225010692,0.0019247014215799246,12.233276225855173
12.94915254237288,2.8600000000000003,0.0028135016020901134,0.0006037044742881446,0.0012615791907632447,12.239437449569282
13.220338983050848,2.8600000000000003,0.001769486647810771,0.00037575037018022886,0.0008144747148508196,12.243425250948972
13.491525423728813,2.8600000000000003,0.0010955971812908545,0.00023051471336116568,0.000517956331987865,12.245966324622634
13.76271186440678,2.8600000000000003,0.0006679404156411363,0.00013939453313447481,0.0003245089726431746,12.247560717112869
14.033898305084746,2.8600000000000003,0.0004010523145779031,8.309103409984898e-05,0.00020031351886442428,12.248545950054
14.305084745762711,2.8600000000000003,0.0002371901485250448,4.8828260709101044e-05,0.00012184000633073947,12.24914552033883
14.576271186440678,2.8600000000000003,8.286058017674523e-05,4.9986114008397794e-05,7.312133148884197e-05,12.249125258621174
14.847457627118644,2.8600000000000003,4.8335863756917476e-05,2.857018377408328e-05,4.3189294458769545e-05,12.249500026885546
15.11864406779661,2.8600000000000003,2.7780976000486307e-05,1.610260076698342e-05,2.514131014095528e-05,12.249718206107161
15.389830508474576,2.8600000000000003,1.572780987966511e-05,8.951686495193822e-06,1.443020954324613e-05,12.249843345987161
15.661016949152541,2.8600000000000003,8.797609778181745e-06,4.912083664263754e-06,1.052083323203671e-05,12.249914038686676
15.932203389830509,2.8600000000000003,4.842207039392457e-06,2.6626749251784757e-06,1.0520833237243364e-05,12.249953403233118
16.203389830508474,2.8600000000000003,2.6439354184030942e-06,1.4145462150554531e-06,1.0520833240132376e-05,12.249975245453738
16.474576271186443,2.8600000000000003,1.4092310388964869e-06,7.486856449769931e-07,1.0520833241673633e-05,12.249986898004712
16.74576271186441,2.8600000000000003,7.505511983675619e-07,3.8508354870446503e-07,1.0520833242515253e-05,12.249993261038824
17.016949152542374,2.8600000000000003,3.930266750221552e-07,1.9802091888091804e-07,1.0520833242948244e-05,12.249996534634164
17.28813559322034,2.8600000000000003,3.568620517055156e-07,7.201191611513684e-08,1.0520833243239905e-05,12.249998739791495
17.559322033898304,2.8600000000000003,3.568620517055156e-07,7.201191611513684e-08,1.0520833243239905e-05,12.249998739791495
17.83050847457627,2.8600000000000003,3.568620517055156e-07,7.201191611513684e-08,1.0520833243239905e-05,12.249998739791495
18.101694915254235,2.8600000000000003,3.568620517055156e-07,7.201191611513684e-08,1.0520833243239905e-05,12.249998739791495
18.372881355932204,2.8600000000000003,3.568620517055156e-07,7.201191611513684e-08,1.0520833243239905e-05,12.249998739791495
18.64406779661017,2.8600000000000003,3.568620517055156e-07,7.201191611513684e-08,1.0520833243239905e-05,12.249998739791495
18.915254237288135,2.8600000000000003,3.568620517055156e-07,7.201191611513684e-08,1.0520833243239905e-05,12.249998739791495
19.186440677966104,2.8600000000000003,3.568620517055156e-07,7.201191611513684e-08,1.0520833243239905e-05,12.249998739791495
19.45762711864407,2.8600000000000003,3.568620517055156e-07,7.201191611513684e-08,1.0520833243239905e-05,12.249998739791495
19.728813559322035,2.8600000000000003,3.568620517055156e-07,7.201191611513684e-08,1.0520833243239905e-05,12.249998739791495
20.0,2.8600000000000003,3.568620517055156e-07,7.201191611513684e-08,1.0520833243239905e-05,12.249998739791495
4.0,3.0500000000000003,0.18311205076300718,2.479217977820559,15.841141123668159,7.279446522819353
4.271186440677966,3.0500000000000003,0.38934251276658904,16.336848539703848,15.712708522993156,1394.4340268628307
4.5423728813559325,3.0500000000000003,0.7221358499308526,18.964682121309135,15.673159617667832,1928.23786264148
4.813559322033898,3.0500000000000003,1.1139236628519706,19.2280847139991,15.652021299189254,1986.5037785595518
5.084745762711864,3.0500000000000003,1.6185388898403703,19.33077503687315,15.626070066922267,2009.454333893458
5.3559322033898304,3.0500000000000003,2.2106743951169343,19.08671435151368,15.598718753812744,1955.1241534502499
5.627118644067797,3.0500000000000003,2.8899197881868943,18.81776549813855,15.560206525017914,1896.1159684259103
5.898305084745763,3.0500000000000003,3.6190820074306256,18.38749235775708,15.512588945150668,1803.593103780345
6.169491525423728,3.0500000000000003,4.370513214085624,17.835688075777167,15.452933063279836,1688.3240157765235
6.4406779661016955,3.0500000000000003,5.1188651828016605,17.19778878694716,15.377320744538725,1559.813315981209
6.711864406779661,3.0500000000000003,5.722691392899674,4.007401709853684,11.78243860081103,42.490897978424464
6.983050847457627,3.0500000000000003,6.685413605814988,4.118452495320115,10.822194604669079,46.18739980820101
7.254237288135593,3.0500000000000003,7.6205958976002455,4.192059256365534,9.593916973712803,48.72246806910285
7.525423728813559,3.0500000000000003,8.214288957130476,4.08715703037274,8.27432757215077,45.130080661760275
7.796610169491526,3.0500000000000003,8.712953227659998,3.9650460583041856,6.576718745909377,41.1216330076365
8.067796610169491,3.0500000000000003,8.248848078790974,3.466447937682985,5.461980781597281,26.688794244714135
8.338983050847457,3.0500000000000003,7.288180316632815,2.8520223037161063,4.729359801584336,13.177304815556429
8.610169491525424,3.0500000000000003,6.637147516181954,2.435292896375941,3.308565735209641,6.698946133040531
8.881355932203391,3.0500000000000003,5.521813542276229,1.9073872129613139,2.714210044846275,1.6090111492290609
9.152542372881356,3.0500000000000003,4.47023786542125,1.4621497138960822,2.180319482820455,0.0241411683585305
9.423728813559322,3.0500000000000003,1.669055402220201,1.891633951125684,1.7171595988137454,1.5106496368715727
9.694915254237287,3.0500000000000003,1.3076093043818182,1.3890117965036766,1.3235352378563765,0.0007546288504788287
9.966101694915254,3.0500000000000003,1.0000000065273096,0.9999999979288455,0.9999999932016269,1.0000000103557718
10.237288135593221,3.0500000000000003,0.7474516478058615,0.7064621816421109,0.741154561962021,3.0062169093288755
10.508474576271187,3.0500000000000003,0.5467208244843216,0.4901827614596642,0.5392428333667998,5.173546297157263
10.779661016949152,3.0500000000000003,0.391791450860391,0.3343347553758323,0.3854264286574872,7.097765084999294
11.050847457627118,3.0500000000000003,0.2753672061686187,0.22433850461599225,0.2708128729658152,8.638624698303506
11.322033898305085,3.0500000000000003,0.18999591832296575,0.1481933667905702,0.18716366877855808,9.793874043419546
11.593220338983052,3.0500000000000003,0.12879582840274825,0.09643072033653532,0.12729545145221885,10.620580418014525
11.864406779661017,3.0500000000000003,0.08583835872464864,0.06184135631475291,0.08523532894021317,11.191678472934623
12.135593220338983,3.0500000000000003,0.05675844309661094,0.03937665626443974,0.05689850790457815,11.57059927198835
12.40677966101695,3.0500000000000003,0.006781347829645246,0.0014918691705520864,0.0028918182971025717,12.223906199975472
12.677966101694915,3.0500000000000003,0.004403176097803682,0.0009559709771438797,0.0019246970023713023,12.233276219653163
12.94915254237288,3.0500000000000003,0.002813504093519418,0.0006037040927921582,0.0012615776122120396,12.239437456242582
13.220338983050848,3.0500000000000003,0.0017694930481133159,0.00037574944009087047,0.0008144719482246022,12.243425267221168
13.491525423728813,3.0500000000000003,0.0010955947150438846,0.00023051454474633067,0.0005179621545347309,12.245966327572907
13.76271186440678,3.0500000000000003,0.0006679511287932207,0.0001393928623913551,0.00032450313132870135,12.247560746347961
14.033898305084746,3.0500000000000003,0.00040103650227920197,8.309494092089788e-05,0.00020031199415615356,12.248545881688688
14.305084745762711,3.0500000000000003,0.0002371857996379795,4.8830160872216513e-05,0.00012183331929838179,12.249145487087135
14.576271186440678,3.0500000000000003,8.285669379457325e-05,4.9992962355941944e-05,7.310158728614787e-05,12.249125138779371
14.847457627118644,3.0500000000000003,4.833149940454734e-05,2.857151576848241e-05,4.319435634856059e-05,12.249500003576122
15.11864406779661,3.0500000000000003,2.778453082354716e-05,1.6098835033161097e-05,2.5145410990100063e-05,12.249718272006746
15.389830508474576,3.0500000000000003,1.5740170319754816e-05,8.945790749041655e-06,1.4425060594151809e-05,12.249843449162059
15.661016949152541,3.0500000000000003,8.795730384915397e-06,4.9106038184065116e-06,1.0520833232040135e-05,12.249914064583885
15.932203389830509,3.0500000000000003,4.843894256038004e-06,2.662071202021946e-06,1.052083323724476e-05,12.249953413798256
16.203389830508474,3.0500000000000003,2.638457870510033e-06,1.4173204640059767e-06,1.0520833240125956e-05,12.249975196904431
16.474576271186443,3.0500000000000003,1.4123689674640258e-06,7.469370041970523e-07,1.052083324167768e-05,12.24998692860591
16.74576271186441,3.0500000000000003,7.412328328749616e-07,3.8900738147071166e-07,1.0520833242506173e-05,12.24999319237177
17.016949152542374,3.0500000000000003,3.837439585080043e-07,2.0178451923218656e-07,1.0520833242939533e-05,12.249996468771165
17.28813559322034,3.0500000000000003,3.568620517055156e-07,7.201191611513684e-08,1.0520833243239905e-05,12.249998739791495
17.559322033898304,3.0500000000000003,3.568620517055156e-07,7.201191611513684e-08,1.0520833243239905e-05,12.249998739791495
17.83050847457627,3.0500000000000003,3.568620517055156e-07,7.201191611513684e-08,1.0520833243239905e-05,12.249998739791495
18.101694915254235,3.0500000000000003,3.568620517055156e-07,7.201191611513684e-08,1.0520833243239905e-05,12.249998739791495
18.372881355932204,3.0500000000000003,3.568620517055156e-07,7.201191611513684e-08,1.0520833243239905e-05,12.249998739791495
18.64406779661017,3.0500000000000003,3.568620517055156e-07,7.201191611513684e-08,1.0520833243239905e-05,12.249998739791495
18.915254237288135,3.0500000000000003,3.568620517055156e-07,7.201191611513684e-08,1.0520833243239905e-05,12.249998739791495
19.186440677966104,3.0500000000000003,3.568620517055156e-07,7.201191611513684e-08,1.0520833243239905e-05,12.249998739791495
19.45762711864407,3.0500000000000003,3.568620517055156e-07,7.201191611513684e-08,1.0520833243239905e-05,12.249998739791495
19.728813559322035,3.0500000000000003,3.568620517055156e-07,7.201191611513684e-08,1.0520833243239905e-05,12.249998739791495
20.0,3.0500000000000003,3.568620517055156e-07,7.201191611513684e-08,1.0520833243239905e-05,12.249998739791495
4.0,3.24,0.18803533505442444,2.5124436938559627,15.840808046374727,7.7345685749993685
4.271186440677966,3.24,0.39385657971165433,16.42584119450859,15.71198138107776,1411.0993975161953
4.5423728813559325,3.24,0.7256439941659135,19.00513665397803,15.6727884524275,1937.1302287827548
4.813559322033898,3.24,1.1162499823237997,19.24454778141416,15.651847352030305,1990.174284519831
5.084745762711864,3.24,1.6199246641984477,19.337126010584537,15.625990854554178,2010.8780594974273
5.3559322033898304,3.24,2.211453795629534,19.089139777221515,15.598682461897495,1955.6604128630029
5.627118644067797,3.24,2.8903429534423393,18.81870152324298,15.56018919183114,1896.3197672239205
5.898305084745763,3.24,3.6193107472227117,18.38786563649851,15.512580209388538,1803.6723680232938
6.169491525423728,3.24,4.370628930966454,17.835831866658094,15.4529287277847,1688.3535571815855
6.4406779661016955,3.24,5.118922560879129,17.197844533654948,15.377318540084705,1559.8243244345717
6.711864406779661,3.24,5.722716246086738,4.007405155346187,11.782432288377294,42.4910102757867
6.983050847457627,3.24,6.685426169915709,4.118453728636149,10.822191352763543,46.18744171709864
7.254237288135593,3.24,7.620601871899058,4.192059620637383,9.593915389658864,48.722480782461034
7.525423728813559,3.24,8.214291657348909,4.087157104416108,8.274326834153053,45.13008314883726
7.796610169491526,3.24,8.712954421897912,3.9650460468738995,6.576718421984131,41.12163264114637
8.067796610169491,3.24,8.248848578032625,3.4664479203305545,5.461980640442525,26.688793796490454
8.338983050847457,3.24,7.288180508922727,2.8520222940266593,4.729359741637432,13.177304639690265
8.610169491525424,3.24,6.637147591358564,2.435292889972074,3.308565713884944,6.698946050167055
8.881355932203391,3.24,5.521813567718933,1.9073872108915986,2.7142100363548516,1.6090111361022224
9.152542372881356,3.24,4.4702378740639865,1.462149713663621,2.180319478502214,0.024141168177938068
9.423728813559322,3.24,1.6690554055088667,1.8916339495086405,1.7171595968037328,1.5106496269341532
9.694915254237287,3.24,1.3076093042120067,1.3890117978691037,1.323535235660357,0.0007546286629339543
9.966101694915254,3.24,1.0000000134123588,0.9999999909135745,0.9999999952205835,1.0000000454321274
10.237288135593221,3.24,0.7474516485483939,0.7064621838609447,0.7411545551189016,3.0062168900933117
10.508474576271187,3.24,0.5467208236320175,0.4901827651987163,0.5392428255830973,5.173546254634088
10.779661016949152,3.24,0.3917914508237665,0.33433475973637744,0.38542641538375466,7.097765026913276
11.050847457627118,3.24,0.27536721590841384,0.224338497252244,0.2708128732686576,8.638624806519447
11.322033898305085,3.24,0.1899959157750287,0.1481933640356779,0.1871636836852529,9.793874086526953
11.593220338983052,3.24,0.12879581691326383,0.09643072814198794,0.12729545622584335,10.620580290827673
11.864406779661017,3.24,0.08583836463438031,0.061841352884345904,0.08523532559925755,11.19167853031498
12.135593220338983,3.24,0.05675847663246337,0.039376630112334055,0.05689852173475255,11.570599716777924
12.40677966101695,3.24,0.006781345235368234,0.0014918696528207303,0.00289181816552264,12.223906191544765
12.677966101694915,3.24,0.004403174205647919,0.0009559708242823777,0.001924699991892397,12.233276222326412
12.94915254237288,3.24,0.0028135068250683478,0.000603703870262843,0.0012615764574963862,12.239437460135166
13.220338983050848,3.24,0.0017694832687215742,0.00037575081800714314,0.0008144742724430961,12.243425243114105
13.491525423728813,3.24,0.0010956070984505537,0.00023051182107420662,0.0005179617077206703,12.245966375229324
13.76271186440678,3.24,0.0006679431069539215,0.00013939438188511605,0.0003245049457372966,12.247560719759468
14.033898305084746,3.24,0.0004010535232711543,8.309139206128312e-05,0.00020030940556068995,12.248545943790047
14.305084745762711,3.24,0.00023718196750301254,4.8831839560247557e-05,0.00012182742015382713,12.249145457711121
14.576271186440678,3.24,8.285968707315244e-05,4.9990169149984005e-05,7.310820338301898e-05,12.249125187658729
14.847457627118644,3.24,4.833197617949062e-05,2.857451497231042e-05,4.318189810647215e-05,12.249499951091124
15.11864406779661,3.24,2.7779473058240237e-05,1.610347008576494e-05,2.514161375955698e-05,12.249718190894257
15.389830508474576,3.24,1.5737871737463795e-05,8.946333454090563e-06,1.4429780987592863e-05,12.249843439664783
15.661016949152541,3.24,8.797742493499742e-06,4.910776801001794e-06,1.0520833232039736e-05,12.249914061556701
15.932203389830509,3.24,4.855899522862547e-06,2.654921292178717e-06,1.0520833237261309e-05,12.24995353892144
16.203389830508474,3.24,2.6336230766862546e-06,1.4197738190908912e-06,1.0520833240120277e-05,12.249975153970759
16.474576271186443,3.24,1.4162356699043855e-06,7.455944891091172e-07,1.0520833241680785e-05,12.249986952099912
16.74576271186441,3.24,7.457107860071249e-07,3.8952483764122605e-07,1.0520833242504973e-05,12.249993183316287
17.016949152542374,3.24,3.85008378614653e-07,2.0127747192723402e-07,1.0520833242940707e-05,12.24999647764449
17.28813559322034,3.24,3.568620517055156e-07,7.201191611513684e-08,1.0520833243239905e-05,12.249998739791495
17.559322033898304,3.24,3.568620517055156e-07,7.201191611513684e-08,1.0520833243239905e-05,12.249998739791495
17.83050847457627,3.24,3.568620517055156e-07,7.201191611513684e-08,1.0520833243239905e-05,12.249998739791495
18.101694915254235,3.24,3.568620517055156e-07,7.201191611513684e-08,1.0520833243239905e-05,12.249998739791495
18.372881355932204,3.24,3.568620517055156e-07,7.201191611513684e-08,1.0520833243239905e-05,12.249998739791495
18.64406779661017,3.24,3.568620517055156e-07,7.201191611513684e-08,1.0520833243239905e-05,12.249998739791495
18.915254237288135,3.24,3.568620517055156e-07,7.201191611513684e-08,1.0520833243239905e-05,12.249998739791495
19.186440677966104,3.24,3.568620517055156e-07,7.201191611513684e-08,1.0520833243239905e-05,12.249998739791495
19.45762711864407,3.24,3.568620517055156e-07,7.201191611513684e-08,1.0520833243239905e-05,12.249998739791495
19.728813559322035,3.24,3.568620517055156e-07,7.201191611513684e-08,1.0520833243239905e-05,12.249998739791495
20.0,3.24,3.568620517055156e-07,7.201191611513684e-08,1.0520833243239905e-05,12.249998739791495
4.0,3.43,0.193060763434074,2.545817928741204,15.840473155594093,8.205617036404893
4.271186440677966,3.43,0.3984115824872847,16.514990687337704,15.711252580077973,1427.8933967394094
4.5423728813559325,3.43,0.7291654036920701,19.045614023775475,15.672416953931766,1946.0480892253854
4.813559322033898,3.43,1.1185800244713384,19.26101330548604,15.651673342461711,1993.8487268671834
5.084745762711864,3.43,1.6213113270601172,19.34347711143905,15.62591163125331,2012.3023178046071
5.3559322033898304,3.43,2.2122333959479015,19.09156518030967,15.598646168036117,1956.1967408071594
5.627118644067797,3.43,2.8907661621581378,18.819637537626342,15.560171858280333,1896.5235746392548
5.898305084745763,3.43,3.619539496728159,18.388238912117888,15.512571473553054,1803.751633344977
6.169491525423728,3.43,4.370744649803158,17.835975656817688,15.45292439227594,1688.3830986968978
6.4406779661016955,3.43,5.118979939337153,17.19790028018831,15.377316335628668,1559.8353328923367
6.711864406779661,3.43,5.722741099298651,4.00740860082342,11.782425975952648,42.491122572799654
6.983050847457627,3.43,6.685438734035736,4.118454961945247,10.82218810085983,46.187483625779585
7.254237288135593,3.43,7.62060784625951,4.192059984858249,9.593913805626745,48.72249349404152
7.525423728813559,3.43,8.214294357724691,4.087157178438901,8.274326096129597,45.13008563522323
7.796610169491526,3.43,8.712955616327703,3.965046035441101,6.576718097994691,41.121632274575674
8.067796610169491,3.43,8.248849077290481,3.466447903180936,5.4619804990424505,26.688793353505535
8.338983050847457,3.43,7.288180700753536,2.8520222841928953,4.729359682094515,13.17730446120471
8.610169491525424,3.43,6.637147666721706,2.435292883901843,3.308565691916466,6.6989459716112165
8.881355932203391,3.43,5.521813597113734,1.907387208234288,2.7142100269438343,1.609011119248655
9.152542372881356,3.43,4.470237886367849,1.4621497121558567,2.1803194749509167,0.024141167006599042
9.423728813559322,3.43,1.6690554056839741,1.8916339495765875,1.7171595963833537,1.5106496273517163
9.694915254237287,3.43,1.3076093060632317,1.3890117960426291,1.3235352357342371,0.0007546289138048663
9.966101694915254,3.43,1.0000000108843572,0.9999999921864748,0.9999999973007458,1.0000000390676256
10.237288135593221,3.43,0.7474516459102042,0.7064621848317414,0.7411545582764947,3.006216881677259
10.508474576271187,3.43,0.5467208288436655,0.4901827611528386,0.5392428245496064,5.173546300646702
10.779661016949152,3.43,0.39179144788737935,0.3343347611358584,0.38542641917438275,7.097765008271047
11.050847457627118,3.43,0.27536720638599615,0.22433850054362722,0.270812885415604,8.63862475815004
11.322033898305085,3.43,0.18999593328644793,0.14819335067869227,0.18716368416718604,9.793874295531493
11.593220338983052,3.43,0.12879580659351814,0.09643073500546867,0.12729546036866457,10.620580178989888
11.864406779661017,3.43,0.08583833970546269,0.0618413656532753,0.08523534311645115,11.19167831672932
12.135593220338983,3.43,0.056758474590539426,0.03937663461907176,0.05689851122999995,11.570599640128265
12.40677966101695,3.43,0.006781350236248823,0.0014918682192126354,0.0028918203707964238,12.223906216606172
12.677966101694915,3.43,0.004403174739802744,0.0009559711696193737,0.001924696371282188,12.233276216287138
12.94915254237288,3.43,0.0028134965238531076,0.0006037054988016858,0.0012615792474161155,12.239437431648025
13.220338983050848,3.43,0.0017694861536439843,0.00037574933048124093,0.0008144805983575633,12.243425269138822
13.491525423728813,3.43,0.0010956037569133184,0.00023051170529847444,0.0005179663042131601,12.24596637725506
13.76271186440678,3.43,0.0006679494952644533,0.00013939228088015706,0.00032451191162167993,12.247560756523397
14.033898305084746,3.43,0.0004010385063667642,8.30946619371309e-05,0.0002003078333825841,12.248545886570614
14.305084745762711,3.43,0.00023717441662197207,4.8832479200293374e-05,0.00012183608976732843,12.249145446517812
14.576271186440678,3.43,8.285232875342257e-05,4.999437742006468e-05,7.310651476696682e-05,12.24912511401663
14.847457627118644,3.43,4.832778915894187e-05,2.8575151722416708e-05,4.318634199469207e-05,12.249499939948226
15.11864406779661,3.43,2.7774382912257354e-05,1.610724792639856e-05,2.513770062410955e-05,12.249718124782806
15.389830508474576,3.43,1.5727399633088066e-05,8.953958828532485e-06,1.4426248707998063e-05,12.24984330622158
15.661016949152541,3.43,8.787762435577696e-06,4.916570488218317e-06,1.0520833232026327e-05,12.24991396016753
15.932203389830509,3.43,4.85657480996343e-06,2.6547694712883024e-06,1.052083323726166e-05,12.249953541578298
16.203389830508474,3.43,2.640848162938066e-06,1.417183958050511e-06,1.0520833240126271e-05,12.249975199293285
16.474576271186443,3.43,1.409665476299092e-06,7.489921723074585e-07,1.0520833241672921e-05,12.249986892640488
16.74576271186441,3.43,7.474975652108523e-07,3.888383479210521e-07,1.0520833242506562e-05,12.249993195329852
17.016949152542374,3.43,3.861231272085375e-07,2.0083166270141046e-07,1.0520833242941739e-05,12.249996485446154
17.28813559322034,3.43,3.568620517055156e-07,7.201191611513684e-08,1.0520833243239905e-05,12.249998739791495
17.559322033898304,3.43,3.568620517055156e-07,7.201191611513684e-08,1.0520833243239905e-05,12.249998739791495
17.83050847457627,3.43,3.568620517055156e-07,7.201191611513684e-08,1.0520833243239905e-05,12.249998739791495
18.101694915254235,3.43,3.568620517055156e-07,7.201191611513684e-08,1.0520833243239905e-05,12.249998739791495
18.372881355932204,3.43,3.568620517055156e-07,7.201191611513684e-08,1.0520833243239905e-05,12.249998739791495
18.64406779661017,3.43,3.568620517055156e-07,7.201191611513684e-08,1.0520833243239905e-05,12.249998739791495
18.915254237288135,3.43,3.568620517055156e-07,7.201191611513684e-08,1.0520833243239905e-05,12.249998739791495
19.186440677966104,3.43,3.568620517055156e-07,7.201191611513684e-08,1.0520833243239905e-05,12.249998739791495
19.45762711864407,3.43,3.568620517055156e-07,7.201191611513684e-08,1.0520833243239905e-05,12.249998739791495
19.728813559322035,3.43,3.568620517055156e-07,7.201191611513684e-08,1.0520833243239905e-05,12.249998739791495
20.0,3.43,3.568620517055156e-07,7.201191611513684e-08,1.0520833243239905e-05,12.249998739791495
4.0,3.62,0.19818952357495478,2.579335458355381,15.840136495384229,8.692700770839357
4.271186440677966,3.62,0.4030077362578756,16.60429446689863,15.710522136604197,1444.8160639760265
4.5423728813559325,3.62,0.7327001065883187,19.086114015810033,15.672045123629738,1954.9914311264508
4.813559322033898,3.62,1.120913792350927,19.277481268743024,15.65149927061155,1997.5271032141109
5.084745762711864,3.62,1.622698878677674,19.34982833821009,15.625832397029972,2013.7271085700627
5.3559322033898304,3.62,2.2130131960898214,19.093990560692344,15.59860987222948,1956.7331372616861
5.627118644067797,3.62,2.8911894143355865,18.82057354128077,15.560154524365572,1896.7273906698224
5.898305084745763,3.62,3.6197682559452744,18.38861218462197,15.512562737644158,1803.8308997467882
6.169491525423728,3.62,4.37086037059186,17.836119446260327,15.452920056753578,1688.4126403233554
6.4406779661016955,3.62,5.119037318183045,17.197956026573227,15.377314131170007,1559.8463413596332
6.711864406779661,3.62,5.722765952578685,4.0074120462860465,11.782419663528515,42.49123486948492
6.983050847457627,3.62,6.68545129814198,4.118456195262537,10.822184848955219,46.187525534757924
7.254237288135593,3.62,7.620613820527053,4.192060349110829,9.593912221594044,48.72250620673052
7.525423728813559,3.62,8.214297058039058,4.087157252536316,8.274325358061521,45.13008812411575
7.796610169491526,3.62,8.712956810304117,3.9650460240228522,6.576717774131619,41.121631908471514
8.067796610169491,3.62,8.248849576344146,3.46644788590905,5.461980357866754,26.68879290736239
8.338983050847457,3.62,7.288180892811454,2.852022274331336,4.729359622488167,13.177304282214662
8.610169491525424,3.62,6.637147740841405,2.43529287782482,3.3085656705304816,6.698945892967486
8.881355932203391,3.62,5.521813624214421,1.9073872055876944,2.714210018677807,1.6090111024630582
9.152542372881356,3.62,4.470237896389103,1.4621497113255,2.1803194709360567,0.024141166361518696
9.423728813559322,3.62,1.6690554078377808,1.8916339484970075,1.7171595951487377,1.510649620717239
9.694915254237287,3.62,1.3076093078063526,1.389011794499475,1.3235352358876358,0.000754629125761024
9.966101694915254,3.62,1.000000009878751,0.9999999945827815,0.9999999938967139,1.0000000270860918
10.237288135593221,3.62,0.7474516507905503,0.7064621812436139,0.7411545564267381,3.006216912783535
10.508474576271187,3.62,0.5467208335063467,0.490182757529974,0.5392428236227412,5.173546341848512
10.779661016949152,3.62,0.3917914557818959,0.33433475563788273,0.38542641543676054,7.0977650815085696
11.050847457627118,3.62,0.2753672186760536,0.2243384970865216,0.27081286515280795,8.638624808954864
11.322033898305085,3.62,0.18999593473207904,0.14819335257751193,0.18716367058304503,9.793874265819555
11.593220338983052,3.62,0.12879582306078668,0.09643072666993516,0.12729544496389927,10.620580314814207
11.864406779661017,3.62,0.08583834599278233,0.061841362092610146,0.08523533938185392,11.191678376288502
12.135593220338983,3.62,0.05675847752375499,0.03937663695092719,0.05689849794180862,11.570599600468553
12.40677966101695,3.62,0.006781347787986055,0.0014918687007881523,0.002891820144189034,12.223906208187582
12.677966101694915,3.62,0.004403183310948888,0.000955969403467051,0.0019246958200348399,12.2332762471737
12.94915254237288,3.62,0.0028134969049150075,0.0006037046977553929,0.001261585124779013,12.239437445660291
13.220338983050848,3.62,0.0017694915722662587,0.0003757486014427913,0.0008144779586127477,12.243425281893568
13.491525423728813,3.62,0.0010956013296233044,0.00023051172022829413,0.0005179706846010429,12.245966376993833
13.76271186440678,3.62,0.0006679416912598988,0.00013939352321049313,0.0003245127298306227,12.247560734784777
14.033898305084746,3.62,0.00040103730662055184,8.309432325761543e-05,0.0002003125402326469,12.248545892497154
14.305084745762711,3.62,0.0002371829143970157,4.883002219768861e-05,0.00012183648449896073,12.249145489513857
14.576271186440678,3.62,8.285471072532014e-05,4.99914854185032e-05,7.311171376090769e-05,12.249125164624855
14.847457627118644,3.62,4.8333786512573365e-05,2.8569168890218156e-05,4.31978398471216e-05,12.249500044645654
15.11864406779661,3.62,2.7777723134913808e-05,1.6103831066977624e-05,2.5141344754014787e-05,12.24971818457716
15.389830508474576,3.62,1.5725944637588284e-05,8.95397751194965e-06,1.4430348158127881e-05,12.249843305894625
15.661016949152541,3.62,8.798495386292879e-06,4.9101056659812355e-06,1.0520833232041289e-05,12.249914073301523
15.932203389830509,3.62,4.847549654431876e-06,2.6599782477418208e-06,1.0520833237249605e-05,12.249953450424885
16.203389830508474,3.62,2.6363930451078526e-06,1.4193820451044552e-06,1.0520833240121184e-05,12.249975160826802
16.474576271186443,3.62,1.4101231454062665e-06,7.463567859745151e-07,1.0520833241679021e-05,12.249986938759724
16.74576271186441,3.62,7.490934026889152e-07,3.882264233192628e-07,1.0520833242507979e-05,12.249993206038532
17.016949152542374,3.62,3.928826567989493e-07,1.9595939353919982e-07,1.0520833242953015e-05,12.249996570710849
17.28813559322034,3.62,3.568620517055156e-07,7.201191611513684e-08,1.0520833243239905e-05,12.249998739791495
17.559322033898304,3.62,3.568620517055156e-07,7.201191611513684e-08,1.0520833243239905e-05,12.249998739791495
17.83050847457627,3.62,3.568620517055156e-07,7.201191611513684e-08,1.0520833243239905e-05,12.249998739791495
18.101694915254235,3.62,3.568620517055156e-07,7.201191611513684e-08,1.0520833243239905e-05,12.249998739791495
18.372881355932204,3.62,3.568620517055156e-07,7.201191611513684e-08,1.0520833243239905e-05,12.249998739791495
18.64406779661017,3.62,3.568620517055156e-07,7.201191611513684e-08,1.0520833243239905e-05,12.249998739791495
18.915254237288135,3.62,3.568620517055156e-07,7.201191611513684e-08,1.0520833243239905e-05,12.249998739791495
19.186440677966104,3.62,3.568620517055156e-07,7.201191611513684e-08,1.0520833243239905e-05,12.249998739791495
19.45762711864407,3.62,3.568620517055156e-07,7.201191611513684e-08,1.0520833243239905e-05,12.249998739791495
19.728813559322035,3.62,3.568620517055156e-07,7.201191611513684e-08,1.0520833243239905e-05,12.249998739791495
20.0,3.62,3.568620517055156e-07,7.201191611513684e-08,1.0520833243239905e-05,12.249998739791495
4.0,3.81,0.20342279264512741,2.612990998391012,15.839798110348413,9.195919763610153
4.271186440677966,3.81,0.4076452554583924,16.693749968749433,15.70979006737351,1461.8674256663953
4.5423728813559325,3.81,0.7362481308790313,19.126636414823963,15.671672962974434,1963.9602411460185
4.813559322033898,3.81,1.1232512890147894,19.293951653705168,15.651325136608056,2001.2094111571118
5.084745762711864,3.81,1.6240873193032106,19.35617968967094,15.6257531518945,2015.152431548445
5.3559322033898304,3.81,2.213793196072945,19.09641591828448,15.598573574478452,1957.2696022057023
5.627118644067797,3.81,2.8916127099760587,18.821509534200523,15.56013719008694,1896.9312153139986
5.898305084745763,3.81,3.619997024874726,18.38898545400751,15.512554001661877,1803.9101672279924
6.169491525423728,3.81,4.370976093339141,17.836263234977594,15.452915721217598,1688.4421820592256
6.4406779661016955,3.81,5.119094697424281,17.198011772810684,15.377311926708526,1559.8573498366557
6.711864406779661,3.81,5.722790805911384,4.007415491746058,11.782413351101718,42.49134716623335
6.983050847457627,3.81,6.68546386225335,4.11845742856939,10.822181597057865,46.18756744340062
7.254237288135593,3.81,7.620619794801545,4.192060713362888,9.593910637559926,48.72251891940301
7.525423728813559,3.81,8.214299758302815,4.087157326552678,8.27432462007304,45.13009061028584
7.796610169491526,3.81,8.712958004486028,3.965046012604102,6.576717450209436,41.12163154235127
8.067796610169491,3.81,8.248850075574332,3.466447868680332,5.461980216567063,26.688792462334295
8.338983050847457,3.81,7.288181085065263,2.852022264586352,4.729359562619421,13.177304105340493
8.610169491525424,3.81,6.637147814792076,2.435292871853246,3.3085656490419257,6.698945815688386
8.881355932203391,3.81,5.521813653088122,1.9073872027714294,2.714210009905542,1.609011084601348
9.152542372881356,3.81,4.4702379071667915,1.462149709886646,2.180319468178066,0.02414116524371426
9.423728813559322,3.81,1.6690554097187715,1.8916339474593682,1.717159593977585,1.5106496143405053
9.694915254237287,3.81,1.3076093058238907,1.3890117951991776,1.32353523801621,0.0007546290296550889
9.966101694915254,3.81,1.0000000077791356,0.999999995545781,0.9999999958354595,1.0000000222710945
10.237288135593221,3.81,0.7474516444136583,0.7064621874049452,0.7411545553469374,3.0062168593695824
10.508474576271187,3.81,0.546720820894259,0.49018276436022873,0.5392428333944818,5.173546264169968
10.779661016949152,3.81,0.39179144033784186,0.3343347640282232,0.3854264268311419,7.097764969742389
11.050847457627118,3.81,0.27536722628573296,0.22433849115979784,0.2708128657515318,8.638624896052628
11.322033898305085,3.81,0.1899959324653321,0.14819335150382154,0.18716368387721455,9.793874282620214
11.593220338983052,3.81,0.12879581346917357,0.09643073292634824,0.12729544926051686,10.620580212868358
11.864406779661017,3.81,0.085838351660253,0.06184135889228663,0.08523533602691677,11.191678429820259
12.135593220338983,3.81,0.056758474354803135,0.03937663977480568,0.05689848838188694,11.570599552440616
12.40677966101695,3.81,0.00678135380922068,0.0014918678198480712,0.0028918173922024126,12.223906223587607
12.677966101694915,3.81,0.0044031750597817165,0.0009559712945662481,0.001924695675142282,12.233276214102066
12.94915254237288,3.81,0.002813499136487808,0.0006037043818321982,0.0012615835664737383,12.239437451186564
13.220338983050848,3.81,0.0017694876238141697,0.0003757503546763376,0.0008144715193661357,12.243425251220216
13.491525423728813,3.81,0.0010956021935638602,0.00023051237520014804,0.0005179654650233924,12.245966365533713
13.76271186440678,3.81,0.0006679508067548257,0.000139392361953263,0.00032450815926723085,12.247560755104756
14.033898305084746,3.81,0.0004010409116235626,8.309460455707838e-05,0.000200304902662796,12.248545887574705
14.305084745762711,3.81,0.0002371798798039065,4.8831473205215566e-05,0.00012183135121474116,12.24914546412211
14.576271186440678,3.81,8.285729919678961e-05,4.9989149913908515e-05,7.311678615800943e-05,12.249125205494723
14.847457627118644,3.81,4.833407772685295e-05,2.857183644868005e-05,4.3187071137866057e-05,12.24949999796433
15.11864406779661,3.81,2.777382409008774e-05,1.610756024892676e-05,2.513837481593427e-05,12.249718119317224
15.389830508474576,3.81,1.5724699498730796e-05,8.954031247391477e-06,1.4434099150715891e-05,12.249843304954261
15.661016949152541,3.81,8.800554234513854e-06,4.91054940014729e-06,1.0520833232040262e-05,12.249914065536203
15.932203389830509,3.81,4.848569653522143e-06,2.6595916145693067e-06,1.05208332372505e-05,12.249953457190951
16.203389830508474,3.81,2.6323870438034257e-06,1.4213665532765977e-06,1.0520833240116591e-05,12.24997512609794
16.474576271186443,3.81,1.4156512214394128e-06,7.46366272906275e-07,1.0520833241679e-05,12.249986938593702
16.74576271186441,3.81,7.417068536333739e-07,3.912295649926209e-07,1.0520833242501028e-05,12.249993153483565
17.016949152542374,3.81,3.872191656032918e-07,1.9994178084386867e-07,1.0520833242943799e-05,12.249996501019082
17.28813559322034,3.81,3.568620517055156e-07,7.201191611513684e-08,1.0520833243239905e-05,12.249998739791495
17.559322033898304,3.81,3.568620517055156e-07,7.201191611513684e-08,1.0520833243239905e-05,12.249998739791495
17.83050847457627,3.81,3.568620517055156e-07,7.201191611513684e-08,1.0520833243239905e-05,12.249998739791495
18.101694915254235,3.81,3.568620517055156e-07,7.201191611513684e-08,1.0520833243239905e-05,12.249998739791495
18.372881355932204,3.81,3.568620517055156e-07,7.201191611513684e-08,1.0520833243239905e-05,12.249998739791495
18.64406779661017,3.81,3.568620517055156e-07,7.201191611513684e-08,1.0520833243239905e-05,12.249998739791495
18.915254237288135,3.81,3.568620517055156e-07,7.201191611513684e-08,1.0520833243239905e-05,12.249998739791495
19.186440677966104,3.81,3.568620517055156e-07,7.201191611513684e-08,1.0520833243239905e-05,12.249998739791495
19.45762711864407,3.81,3.568620517055156e-07,7.201191611513684e-08,1.0520833243239905e-05,12.249998739791495
19.728813559322035,3.81,3.568620517055156e-07,7.201191611513684e-08,1.0520833243239905e-05,12.249998739791495
20.0,3.81,3.568620517055156e-07,7.201191611513684e-08,1.0520833243239905e-05,12.249998739791495
4.0,4.0,0.20876173672712106,2.646779207710187,15.839458045610455,9.715364954865258
4.271186440677966,4.0,0.4123243537727014,16.783354615587147,15.709056389207932,1479.0474951806648
4.5423728813559325,4.0,0.739809504533356,19.16718100519719,15.671300473422747,1972.954505446499
4.813559322033898,4.0,1.1255925175109995,19.310424442884283,15.651150940579592,2004.8956482766675
5.084745762711864,4.0,1.625476649188515,19.362531164594255,15.625673895857226,2016.5782864938742
5.3559322033898304,4.0,2.2145733959148584,19.09884125300003,15.598537274783908,1957.8061356180983
5.627118644067797,4.0,2.892036049079907,18.822445516381638,15.560119855444494,1897.1350485705414
5.898305084745763,4.0,3.620225803515969,18.389358720269627,15.512545265606297,1803.98943578751
6.169491525423728,4.0,4.371091818041015,17.8364070229794,15.452911385667948,1688.471723906541
6.4406779661016955,4.0,5.119152077042825,17.198067518892664,15.377309722244783,1559.868358321821
6.711864406779661,4.0,5.72281565927264,4.007418937188174,11.782407038684687,42.491459462546906
6.983050847457627,4.0,6.685476426386311,4.118458661885471,10.822178345151547,46.18760935237592
7.254237288135593,4.0,7.620625769154669,4.192061077609307,9.593909053512096,48.72253163188028
7.525423728813559,4.0,8.214302458522399,4.087157400637192,8.274323882040672,45.1300930987452
7.796610169491526,4.0,8.712959198733458,3.965046001134515,6.576717126309547,41.12163117460105
8.067796610169491,4.0,8.248850574615345,3.4664478513455212,5.46198007545623,26.688792014565756
8.338983050847457,4.0,7.288181277224498,2.8520222547060667,4.729359503018667,13.17730392601056
8.610169491525424,4.0,6.637147890490402,2.4352928659368325,3.3085656267589423,6.698945739123127
8.881355932203391,4.0,5.521813678983082,1.9073872004714076,2.7142100016408275,1.6090110700138278
9.152542372881356,4.0,4.470237916038274,1.462149709059066,2.1803194649322934,0.02414116460079105
9.423728813559322,4.0,1.669055412074699,1.8916339472610988,1.7171595909538906,1.5106496131220557
9.694915254237287,4.0,1.3076093064611172,1.3890117972629064,1.3235352330806995,0.0007546287461966894
9.966101694915254,4.0,1.0000000118652157,0.9999999947416298,0.9999999900111709,1.0000000262918507
10.237288135593221,4.0,0.7474516489014565,0.7064621840354613,0.7411545538120605,3.0062168885803877
10.508474576271187,4.0,0.546720825491582,0.4901827609291845,0.5392428321355369,5.173546303190258
10.779661016949152,4.0,0.3917914408079064,0.33433476714919874,0.3854264161660804,7.097764928168451
11.050847457627118,4.0,0.27536720828454364,0.22433850480352258,0.27081286733633003,8.638624695547605
11.322033898305085,4.0,0.18999593380852298,0.14819335317985535,0.18716367159329364,9.793874256394338
11.593220338983052,4.0,0.12879580392533535,0.0964307379419449,0.12729545229558603,10.620580131141137
11.864406779661017,4.0,0.08583836046249553,0.06184135450495089,0.08523532980751643,11.191678503207148
12.135593220338983,4.0,0.05675846396543293,0.03937663711233856,0.05689852614198533,11.570599597723302
12.40677966101695,4.0,0.006781349855605028,0.001491867929641549,0.0028918217469085616,12.223906221668265
12.677966101694915,4.0,0.004403173576442752,0.000955971155671428,0.0019246981596986931,12.233276216531062
12.94915254237288,4.0,0.0028135011559438095,0.0006037040958969382,0.001261582156156963,12.239437456188274
13.220338983050848,4.0,0.0017694924544217627,0.0003757496455249881,0.000814469560095618,12.243425263627035
13.491525423728813,4.0,0.0010955995573668066,0.00023051224879637794,0.0005179692262403619,12.245966367745414
13.76271186440678,4.0,0.0006679443199977518,0.00013939361558925248,0.0003245093880047867,12.24756073316831
14.033898305084746,4.0,0.0004010397116340583,8.309430077765245e-05,0.000200309301490789,12.24854589289053
14.305084745762711,4.0,0.0002371735043206935,4.883203915359702e-05,0.00012183859891789235,12.24914545421836
14.576271186440678,4.0,8.286145115883135e-05,4.99881279213236e-05,7.310808766162872e-05,12.249125223378956
14.847457627118644,4.0,4.8330892415591925e-05,2.857280781040404e-05,4.319108754331761e-05,12.249499980965847
15.11864406779661,4.0,2.777455112759857e-05,1.610310634181309e-05,2.5155452487402977e-05,12.249718197259705
15.389830508474576,4.0,1.572592034877145e-05,8.955416867139674e-06,1.4423301999624046e-05,12.24984328070607
15.661016949152541,4.0,8.799042105651642e-06,4.909526521997607e-06,1.0520833232042629e-05,12.249914083436508
15.932203389830509,4.0,4.847263858692025e-06,2.658018664631285e-06,1.052083323725414e-05,12.24995348471752
16.203389830508474,4.0,2.6287615846711323e-06,1.4231650454399001e-06,1.0520833240112429e-05,12.24997509462436
16.474576271186443,4.0,1.4095709360174674e-06,7.489961498665898e-07,1.0520833241672913e-05,12.249986892570883
16.74576271186441,4.0,7.43430779783405e-07,3.9055608854862967e-07,1.0520833242502586e-05,12.2499931652694
17.016949152542374,4.0,3.8853423142782363e-07,1.998673142798119e-07,1.052083324294397e-05,12.249996502322249
17.28813559322034,4.0,3.568620517055156e-07,7.201191611513684e-08,1.0520833243239905e-05,12.249998739791495
17.559322033898304,4.0,3.568620517055156e-07,7.201191611513684e-08,1.0520833243239905e-05,12.249998739791495
17.83050847457627,4.0,3.568620517055156e-07,7.201191611513684e-08,1.0520833243239905e-05,12.249998739791495
18.101694915254235,4.0,3.568620517055156e-07,7.201191611513684e-08,1.0520833243239905e-05,12.249998739791495
18.372881355932204,4.0,3.568620517055156e-07,7.201191611513684e-08,1.0520833243239905e-05,12.249998739791495
18.64406779661017,4.0,3.568620517055156e-07,7.201191611513684e-08,1.0520833243239905e-05,12.249998739791495
18.915254237288135,4.0,3.568620517055156e-07,7.201191611513684e-08,1.0520833243239905e-05,12.249998739791495
19.186440677966104,4.0,3.568620517055156e-07,7.201191611513684e-08,1.0520833243239905e-05,12.249998739791495
19.45762711864407,4.0,3.568620517055156e-07,7.201191611513684e-08,1.0520833243239905e-05,12.249998739791495
19.728813559322035,4.0,3.568620517055156e-07,7.201191611513684e-08,1.0520833243239905e-05,12.249998739791495
20.0,4.0,3.568620517055156e-07,7.201191611513684e-08,1.0520833243239905e-05,12.249998739791495
