D,eta,mu_ee,mu_mumu,mu_tautau,chi2_mumu
4.0,0.2,0.3386857062711312,1.4310506046852982,15.852799011260323,0.00602587532076668
4.271186440677966,0.2,0.7167724450825141,2.5948737426318904,15.8381837228323,8.923270380194634
4.5423728813559325,0.2,1.418755613105983,4.7992859546302435,15.810830215812262,72.21965625841528
4.813559322033898,0.2,2.726564095002417,9.282664470613344,15.755631729020559,388.35249472668715
5.084745762711864,0.2,5.062537944154231,17.62725138544233,15.645338585237543,1645.7730470396257
5.3559322033898304,0.2,8.025792225880837,27.74186409104926,15.46910957267891,4336.83627369569
5.627118644067797,0.2,11.69305202727627,44.29403558125418,15.13156742079411,11499.364302786871
5.898305084745763,0.2,15.514452924855377,73.28983990446632,14.43115414420171,32300.931759311225
6.169491525423728,0.2,18.921760507183365,72.85711943387253,13.736922802898171,31913.249486167006
6.4406779661016955,0.2,21.840284927049115,45.73786443452171,13.217280114054265,12286.538891337656
6.711864406779661,0.2,23.274090139051445,21.2976797472918,12.497036132011326,2474.485370786164
6.983050847457627,0.2,22.32751224986835,4.1339298145000125,11.511533861548752,46.71482644132546
7.254237288135593,0.2,23.336954927718363,3.230318548627233,10.893851894284078,20.93791243405563
7.525423728813559,0.2,23.811048802211335,2.9478366246696983,10.264179875951452,14.97373885418053
7.796610169491526,0.2,23.38092132491021,2.615746819317436,9.583525755848406,9.237752054252887
8.067796610169491,0.2,20.63829196984326,2.30803958904892,8.699133861318641,5.1533493455008195
8.338983050847457,0.2,13.929182071340598,2.1705875554358522,7.194565873892744,3.7112823787037676
8.610169491525424,0.2,8.087420583877208,2.001067059881613,5.4817645035014015,2.258010065467041
8.881355932203391,0.2,3.4976746672639423,1.7886895190917722,3.6593975345106924,0.9442471390737076
9.152542372881356,0.2,1.8783729807305378,1.5764468884687253,2.5350750210048205,0.19458440281434253
9.423728813559322,0.2,1.606671340305603,1.3862777722136008,1.9649299653241767,0.0011768720963863952
9.694915254237287,0.2,1.3085173337574059,1.1927588298081366,1.4500321609709699,0.26843064139058026
9.966101694915254,0.2,1.0000000687289163,0.9999999520006729,0.9999999767861555,1.000000239996649
10.237288135593221,0.2,0.8062878610647741,0.7717376337707984,0.6682335270316865,2.466960005124471
10.508474576271187,0.2,0.6282727322444036,0.5598027506818093,0.4038159980896012,4.412071361011584
10.779661016949152,0.2,0.45738176537434316,0.3756843576622718,0.20321841940505986,6.55764084461095
11.050847457627118,0.2,0.31458089505867826,0.23608707026440343,0.08559004996890551,8.466833175035621
11.322033898305085,0.2,0.23825092887457577,0.16941639619432444,0.06605357817609359,9.464600037221022
11.593220338983052,0.2,0.1690992236631004,0.11326452533515578,0.04910014658329929,10.348051136006008
11.864406779661017,0.2,0.10903241896724943,0.06793022021446285,0.034675773014718185,11.090061863861804
12.135593220338983,0.2,0.06132048027089205,0.03555512822663386,0.023074128131486456,11.635686300678985
12.40677966101695,0.2,0.030144080572476868,0.016496078481265483,0.01411679776585032,11.963019380360727
12.677966101694915,0.2,0.011593501276851484,0.005859838346523,0.007380010413008713,12.147667439594892
12.94915254237288,0.2,0.002354459894356989,0.0009831005344226407,0.0028253379303692636,12.232801781189231
13.220338983050848,0.2,0.0011328831701382703,0.0004213681467958518,0.0016918559638744925,12.242627167125537
13.491525423728813,0.2,0.0007831871375759709,0.0002811941040976637,0.0011498157031651615,12.245079597366566
13.76271186440678,0.2,0.00048740067932925846,0.00016729382504546985,0.000713664701856241,12.247072532981852
14.033898305084746,0.2,0.0002684608459230042,8.742648200444538e-05,0.00039610878965118986,12.248470084336105
14.305084745762711,0.2,0.00018872531729326595,6.462765116601327e-05,0.00024391209355916247,12.248869042209176
14.576271186440678,0.2,0.00012099708868666853,4.4974321752116486e-05,0.00012806245712979956,12.249212962011145
14.847457627118644,0.2,6.62713356020195e-05,2.871953884328818e-05,4.9612106095913974e-05,12.249497413225313
15.11864406779661,0.2,3.6623341386021873e-05,1.7763252562687336e-05,1.8441405133859527e-05,12.249689145052235
15.389830508474576,0.2,2.431301673942314e-05,1.161037937638691e-05,1.2488368629281805e-05,12.249796819203418
15.661016949152541,0.2,1.4372285401750981e-05,6.6122870838463875e-06,1.1928043040742077e-05,12.249884285249292
15.932203389830509,0.2,6.90059361038503e-06,2.995520513886376e-06,1.1928043050233532e-05,12.249947578447088
16.203389830508474,0.2,3.9336433467484885e-06,1.754431181163035e-06,1.1928043053490538e-05,12.249969297473564
16.474576271186443,0.2,2.644162696374416e-06,1.018433527635642e-06,1.1928043055421997e-05,12.249982177419744
16.74576271186441,0.2,1.4024008371317897e-06,5.254342805330623e-07,1.1928043056715784e-05,12.249990804901815
17.016949152542374,0.2,1.3067310445151715e-06,1.9764691179903457e-07,1.192804305757596e-05,12.249996541179287
17.28813559322034,0.2,1.306731044542656e-06,1.0204240876169576e-07,1.1928043057826842e-05,12.24999821425791
17.559322033898304,0.2,1.3067310445512745e-06,7.206267661724627e-08,1.1928043057905513e-05,12.249998738903187
17.83050847457627,0.2,1.3067310445512745e-06,7.206267661724627e-08,1.1928043057905513e-05,12.249998738903187
18.101694915254235,0.2,1.3067310445512745e-06,7.206267661724627e-08,1.1928043057905513e-05,12.249998738903187
18.372881355932204,0.2,1.3067310445512745e-06,7.206267661724627e-08,1.1928043057905513e-05,12.249998738903187
18.64406779661017,0.2,1.3067310445512745e-06,7.206267661724627e-08,1.1928043057905513e-05,12.249998738903187
18.915254237288135,0.2,1.3067310445512745e-06,7.206267661724627e-08,1.1928043057905513e-05,12.249998738903187
19.186440677966104,0.2,1.3067310445512745e-06,7.206267661724627e-08,1.1928043057905513e-05,12.249998738903187
19.45762711864407,0.2,1.3067310445512745e-06,7.206267661724627e-08,1.1928043057905513e-05,12.249998738903187
19.728813559322035,0.2,1.3067310445512745e-06,7.206267661724627e-08,1.1928043057905513e-05,12.249998738903187
20.0,0.2,1.3067310445512745e-06,7.206267661724627e-08,1.1928043057905513e-05,12.249998738903187
4.0,0.26440677966101694,0.34202684177598675,1.4384069213177748,15.852724299783088,0.00921932253193595
4.271186440677966,0.26440677966101694,0.7196944252816192,2.5999561539687255,15.838130296142959,8.999342321546347
4.5423728813559325,0.26440677966101694,1.4211342477038709,4.802863181594996,15.810791009020683,72.37173645409264
4.813559322033898,0.26440677966101694,2.7285121558419254,9.285403281123696,15.755600264386157,388.6224056622271
5.084745762711864,0.26440677966101694,5.064012346748023,17.629225914572203,15.645313810500761,1646.1735861638872
5.3559322033898304,0.26440677966101694,8.0267497184024,27.743051200293493,15.469091614336502,4337.227165883027
5.627118644067797,0.26440677966101694,11.693626740420912,44.2947602136366,15.131553878550323,11499.752836158636
5.898305084745763,0.26440677966101694,15.514776531520347,73.29030247961607,14.431143121031038,32301.34744131682
6.169491525423728,0.26440677966101694,18.92192293830586,72.85729002020985,13.736916111197978,31913.401856452376
6.4406779661016955,0.26440677966101694,21.840363192743467,45.73790479829566,13.217276611374615,12286.561261892059
6.711864406779661,0.26440677966101694,23.274125165580827,21.297686652694768,12.497034271738523,2474.4870883051717
6.983050847457627,0.26440677966101694,22.327526787110337,4.133930292128059,11.511532850219757,46.71484276384633
7.254237288135593,0.26440677966101694,23.336961403520444,3.2303186813663323,10.893851411331193,20.937915470991186
7.525423728813559,0.26440677966101694,23.81105164553897,2.94783666627587,10.264179647169312,14.973739659174997
7.796610169491526,0.26440677966101694,23.380922541759663,2.615746830913439,9.5835256474857,9.237752230475438
8.067796610169491,0.26440677966101694,20.638292450874168,2.3080395926339996,8.699133807244161,5.153349386193249
8.338983050847457,0.26440677966101694,13.929182167825921,2.170587555497725,7.194565856795158,3.711282379299747
8.610169491525424,0.26440677966101694,8.087420602117296,2.0010670636383434,5.481764490525978,2.258010093692628
8.881355932203391,0.26440677966101694,3.4976746696801904,1.788689518054877,3.659397534120943,0.9442471340358287
9.152542372881356,0.26440677966101694,1.8783729888997847,1.576446886175238,2.5350750124166574,0.19458439775585912
9.423728813559322,0.26440677966101694,1.6066713579929726,1.386277774655577,1.9649299324556238,0.0011768716775195157
9.694915254237287,0.26440677966101694,1.3085173655097921,1.1927587929521424,1.450032192241631,0.268430736866581
9.966101694915254,0.26440677966101694,1.0000000122547006,0.9999999960303905,0.9999999920018532,1.0000000198480472
10.237288135593221,0.26440677966101694,0.8062876855188121,0.7717377226646347,0.6682336521340976,2.466959307016371
10.508474576271187,0.26440677966101694,0.6282726537585923,0.5598027872846489,0.40381604988113706,4.412070976591529
10.779661016949152,0.26440677966101694,0.45738181913381426,0.3756843039356054,0.20321844317820273,6.55764153252428
11.050847457627118,0.26440677966101694,0.314580823835147,0.23608713745697077,0.08559002076605293,8.466832197456924
11.322033898305085,0.26440677966101694,0.23825095005433486,0.16941642546917043,0.06605355151580858,9.46459958690671
11.593220338983052,0.26440677966101694,0.16909890397018187,0.11326459858243208,0.049100317164097906,10.348049957882683
11.864406779661017,0.26440677966101694,0.10903243343832336,0.06793035275277999,0.03467554528692291,11.090059656983332
12.135593220338983,0.26440677966101694,0.06132049619205028,0.03555511044073404,0.023074073320628954,11.635686604027478
12.40677966101695,0.26440677966101694,0.03014414748949817,0.016496234622680506,0.014116364188114187,11.96301668008263
12.677966101694915,0.26440677966101694,0.01159321795812748,0.005859958681847745,0.007380141405566359,12.147665342541117
12.94915254237288,0.26440677966101694,0.0023544870423626895,0.000983086130779371,0.0028253575157063016,12.232802033075986
13.220338983050848,0.26440677966101694,0.0011330369592403597,0.00042132827216160077,0.0016916431732736713,12.242627864721623
13.491525423728813,0.26440677966101694,0.0007830984022389931,0.00028124088305854126,0.0011496352525499347,12.245078778899186
13.76271186440678,0.26440677966101694,0.0004872889984335255,0.00016730589014897788,0.0007140197885812814,12.247072321867769
14.033898305084746,0.26440677966101694,0.0002686401199195707,8.735607229722208e-05,0.0003962558200965375,12.24847131642907
14.305084745762711,0.26440677966101694,0.00018879193031762396,6.463847498300151e-05,0.0002435900848810709,12.248868852801122
14.576271186440678,0.26440677966101694,0.00012076431343196027,4.5074934466937873e-05,0.00012797706390289083,12.249211201345263
14.847457627118644,0.26440677966101694,6.644314992129193e-05,2.86556297891022e-05,4.951179862975239e-05,12.249498531610845
15.11864406779661,0.26440677966101694,3.630433987694208e-05,1.791739871628623e-05,1.8485592721785102e-05,12.249686447528921
15.389830508474576,0.26440677966101694,2.4186866785901584e-05,1.1690563952433988e-05,1.2503271648494359e-05,12.249795415985012
15.661016949152541,0.26440677966101694,1.4362495257238224e-05,6.681941307670021e-06,1.1928043040559293e-05,12.249883066306165
15.932203389830509,0.26440677966101694,6.752204351036537e-06,3.0458621836501796e-06,1.1928043050101436e-05,12.249946697469767
16.203389830508474,0.26440677966101694,4.004764759451412e-06,1.730770634095946e-06,1.1928043053552622e-05,12.249969711532621
16.474576271186443,0.26440677966101694,2.6441626963744155e-06,1.0184335276356415e-06,1.1928043055421997e-05,12.249982177419744
16.74576271186441,0.26440677966101694,1.4024008371317897e-06,5.254342805330623e-07,1.1928043056715784e-05,12.249990804901815
17.016949152542374,0.26440677966101694,1.3067310445151715e-06,1.976469117990347e-07,1.192804305757596e-05,12.249996541179287
17.28813559322034,0.26440677966101694,1.306731044542656e-06,1.0204240876169576e-07,1.1928043057826842e-05,12.24999821425791
17.559322033898304,0.26440677966101694,1.3067310445512745e-06,7.206267661724627e-08,1.1928043057905513e-05,12.249998738903187
17.83050847457627,0.26440677966101694,1.3067310445512745e-06,7.206267661724627e-08,1.1928043057905513e-05,12.249998738903187
18.101694915254235,0.26440677966101694,1.3067310445512745e-06,7.206267661724627e-08,1.1928043057905513e-05,12.249998738903187
18.372881355932204,0.26440677966101694,1.3067310445512745e-06,7.206267661724627e-08,1.1928043057905513e-05,12.249998738903187
18.64406779661017,0.26440677966101694,1.3067310445512745e-06,7.206267661724627e-08,1.1928043057905513e-05,12.249998738903187
18.915254237288135,0.26440677966101694,1.3067310445512745e-06,7.206267661724627e-08,1.1928043057905513e-05,12.249998738903187
19.186440677966104,0.26440677966101694,1.3067310445512745e-06,7.206267661724627e-08,1.1928043057905513e-05,12.249998738903187
19.45762711864407,0.26440677966101694,1.3067310445512745e-06,7.206267661724627e-08,1.1928043057905513e-05,12.249998738903187
19.728813559322035,0.26440677966101694,1.3067310445512745e-06,7.206267661724627e-08,1.1928043057905513e-05,12.249998738903187
20.0,0.26440677966101694,1.3067310445512745e-06,7.206267661724627e-08,1.1928043057905513e-05,12.249998738903187
4.0,0.32881355932203393,0.34539463801573494,1.4457813518378149,15.85264938709068,0.013099576100611268
4.271186440677966,0.32881355932203393,0.7226259417297078,2.6050425802780093,15.838076817942033,9.075797626769267
4.5423728813559325,0.32881355932203393,1.423516024801283,4.80644124138958,15.810751788516585,72.52401206899862
4.813559322033898,0.32881355932203393,2.7304612905148433,9.28814225657764,15.755568795584455,388.892426625036
5.084745762711864,0.32881355932203393,5.065487071783596,17.631200459727975,15.64528903457413,1646.5741772742101
5.3559322033898304,0.32881355932203393,8.027707293814291,27.744238304915285,15.46907365567628,4337.618074163536
5.627118644067797,0.32881355932203393,11.694201473166414,44.295484842244846,15.131540336223198,11500.141374070357
5.898305084745763,0.32881355932203393,15.515100142574866,73.29076505259602,14.431132097842765,32301.763124047247
6.169491525423728,0.32881355932203393,18.922085370528134,72.85746060593782,13.73690941949067,31913.55422655721
6.4406779661016955,0.32881355932203393,21.840441458450123,45.73794516174495,13.217273108706495,12286.583632286893
6.711864406779661,0.32881355932203393,23.27416019335644,21.297693557968053,12.497032411428737,2474.4888057925214
6.983050847457627,0.32881355932203393,22.327541323416543,4.133930769696161,11.51153183897211,46.714859084321525
7.254237288135593,0.32881355932203393,23.33696787707239,3.2303188142156007,10.893850928443669,20.937918510447517
7.525423728813559,0.32881355932203393,23.81105448661807,2.9478367078840213,10.264179418544392,14.973740464207781
7.796610169491526,0.32881355932203393,23.380923758918208,2.6157468423178045,9.583525539378646,9.237752403785704
8.067796610169491,0.32881355932203393,20.638292921978326,2.3080395959034066,8.69913375460559,5.153349423302637
8.338983050847457,0.32881355932203393,13.929182328927432,2.1705875553912684,7.194565828183144,3.71128237827432
8.610169491525424,0.32881355932203393,8.087420643261517,2.0010670596554307,5.4817644831622525,2.258010063767658
8.881355932203391,0.32881355932203393,3.4976746660740554,1.7886895181094844,3.6593975366187514,0.9442471343011455
9.152542372881356,0.32881355932203393,1.878372981687227,1.5764468903684543,2.5350750145754195,0.19458440700435853
9.423728813559322,0.32881355932203393,1.6066713607631338,1.3862777692485329,1.9649299393915869,0.0011768726049781759
9.694915254237287,0.32881355932203393,1.3085173327257145,1.1927588276588788,1.4500321710889685,0.26843064695826424
9.966101694915254,0.32881355932203393,1.00000002321535,0.9999999927437682,0.9999999747557264,1.0000000362811587
10.237288135593221,0.32881355932203393,0.8062877356183833,0.771737679156807,0.6682336479108448,2.466959648695469
10.508474576271187,0.32881355932203393,0.6282726320594005,0.5598028327500079,0.4038159930866708,4.412070499093194
10.779661016949152,0.32881355932203393,0.4573817167664958,0.37568438997041,0.20321842037568766,6.55764043093932
11.050847457627118,0.32881355932203393,0.3145810862896363,0.23608690489961837,0.08559006952123395,8.466835580913434
11.322033898305085,0.32881355932203393,0.23825114040261425,0.16941625543773325,0.0660535845010107,9.464602202380561
11.593220338983052,0.32881355932203393,0.1690987869160939,0.1132646949772931,0.049100282076269736,10.34804840744924
11.864406779661017,0.32881355932203393,0.1090318946043883,0.06793057790137119,0.03467569468878381,11.09005590806359
12.135593220338983,0.32881355932203393,0.06132022045453752,0.035555354072949796,0.023073932581939748,11.635682448743704
12.40677966101695,0.32881355932203393,0.03014393600633253,0.016496231067092755,0.014116626975306875,11.963016741572241
12.677966101694915,0.32881355932203393,0.011593237504722098,0.005859894005869552,0.007380343230507476,12.147666469633279
12.94915254237288,0.32881355932203393,0.0023545039961738053,0.0009830775536833008,0.002825369957542172,12.232802183069769
13.220338983050848,0.32881355932203393,0.0011329557386521112,0.00042135518493573854,0.0016917153896499019,12.242627393889821
13.491525423728813,0.32881355932203393,0.0007830974873007114,0.0002812206096830848,0.001149876145864772,12.24507913361199
13.76271186440678,0.32881355932203393,0.00048738032183751333,0.00016728934746100617,0.0007138266121594648,12.247072611330218
14.033898305084746,0.32881355932203393,0.0002685326235614147,8.738181578867195e-05,0.00039635162347261086,12.24847086594608
14.305084745762711,0.32881355932203393,0.00018866697309931547,6.468413485799567e-05,0.000243541588813716,12.248868053790215
14.576271186440678,0.32881355932203393,0.00012070553804025211,4.5054116557009574e-05,0.00012833027291140586,12.249211565646958
14.847457627118644,0.32881355932203393,6.655591345210804e-05,2.862034443594499e-05,4.94569715749362e-05,12.249499149091895
15.11864406779661,0.32881355932203393,3.639418922336225e-05,1.7865143473725284e-05,1.850518786819035e-05,12.249687361983977
15.389830508474576,0.32881355932203393,2.4279570616281794e-05,1.1658699083312287e-05,1.2427780472505632e-05,12.249795973615573
15.661016949152541,0.32881355932203393,1.4310187650269425e-05,6.702909259166048e-06,1.1928043040504273e-05,12.249882699368769
15.932203389830509,0.32881355932203393,6.959096390312898e-06,2.938122090862156e-06,1.192804305038415e-05,12.24994858291736
16.203389830508474,0.32881355932203393,4.048367376881098e-06,1.7164474202188503e-06,1.1928043053590205e-05,12.249969962188558
16.474576271186443,0.32881355932203393,2.4462824615410656e-06,1.0816271069037475e-06,1.1928043055256178e-05,12.249981071532936
16.74576271186441,0.32881355932203393,1.3067310444048352e-06,5.814510451876251e-07,1.1928043056568793e-05,12.249989824608823
17.016949152542374,0.32881355932203393,1.3067310445151715e-06,1.9764691179903457e-07,1.192804305757596e-05,12.249996541179287
17.28813559322034,0.32881355932203393,1.306731044542656e-06,1.0204240876169576e-07,1.1928043057826842e-05,12.24999821425791
17.559322033898304,0.32881355932203393,1.3067310445512745e-06,7.206267661724627e-08,1.1928043057905513e-05,12.249998738903187
17.83050847457627,0.32881355932203393,1.3067310445512745e-06,7.206267661724627e-08,1.1928043057905513e-05,12.249998738903187
18.101694915254235,0.32881355932203393,1.3067310445512745e-06,7.206267661724627e-08,1.1928043057905513e-05,12.249998738903187
18.372881355932204,0.32881355932203393,1.3067310445512745e-06,7.206267661724627e-08,1.1928043057905513e-05,12.249998738903187
18.64406779661017,0.32881355932203393,1.3067310445512745e-06,7.206267661724627e-08,1.1928043057905513e-05,12.249998738903187
18.915254237288135,0.32881355932203393,1.3067310445512745e-06,7.206267661724627e-08,1.1928043057905513e-05,12.249998738903187
19.186440677966104,0.32881355932203393,1.3067310445512745e-06,7.206267661724627e-08,1.1928043057905513e-05,12.249998738903187
19.45762711864407,0.32881355932203393,1.3067310445512745e-06,7.206267661724627e-08,1.1928043057905513e-05,12.249998738903187
19.728813559322035,0.32881355932203393,1.3067310445512745e-06,7.206267661724627e-08,1.1928043057905513e-05,12.249998738903187
20.0,0.32881355932203393,1.3067310445512745e-06,7.206267661724627e-08,1.1928043057905513e-05,12.249998738903187
4.0,0.39322033898305087,0.3487892343981529,1.4531737889588405,15.852574274096712,0.017671573951495753
4.271186440677966,0.39322033898305087,0.7255670139855793,2.6101330062878403,15.838023288347882,9.15263683067029
4.5423728813559325,0.39322033898305087,1.4259009468362076,4.810020131913179,15.810712554315804,72.67648312533231
4.813559322033898,0.39322033898305087,2.7324114993352757,9.290881396646457,15.755537322617968,389.16255759963207
5.084745762711864,0.39322033898305087,5.066962119298693,17.63317502087614,15.645264257457894,1646.9748203649817
5.3559322033898304,0.39322033898305087,8.028664952154976,27.74542540489366,15.469055696698199,4338.008998530102
5.627118644067797,0.39322033898305087,11.694776225533966,44.2962094670543,15.131526793812787,11500.529916508742
5.898305084745763,0.39322033898305087,15.515423758019272,73.29122762341811,14.43112107463667,32302.178807513214
6.169491525423728,0.39322033898305087,18.922247803538337,72.85763119124492,13.736902727780887,31913.70659664986
6.4406779661016955,0.39322033898305087,21.840519724507125,45.73798552553994,13.217269606019615,12286.60600289368
6.711864406779661,0.39322033898305087,23.27419521998,21.297700463292212,12.497030551160316,2474.4905232931196
6.983050847457627,0.39322033898305087,22.327555861474856,4.133931247197838,11.511530827664215,46.71487540252953
7.254237288135593,0.39322033898305087,23.336974350884184,3.2303189469064004,10.893850445643794,20.937921546278467
7.525423728813559,0.39322033898305087,23.811057332979235,2.9478367496622417,10.264179189394712,14.973741272531084
7.796610169491526,0.39322033898305087,23.380924967627948,2.6157468537554887,9.583525431880801,9.237752577602311
8.067796610169491,0.39322033898305087,20.63829341058794,2.308039598463289,8.69913370106767,5.1533494523585714
8.338983050847457,0.39322033898305087,13.92918246635288,2.1705875541931636,7.194565805380377,3.7112823667337627
8.610169491525424,0.39322033898305087,8.08742068026803,2.0010670609981185,5.481764467951953,2.258010073855725
8.881355932203391,0.39322033898305087,3.4976746845076905,1.7886895104189025,3.6593975384987685,0.9442470969355384
9.152542372881356,0.39322033898305087,1.8783729873351591,1.5764468887765621,2.535075010274138,0.19458440349330325
9.423728813559322,0.39322033898305087,1.6066713626904021,1.386277765668478,1.9649299441343966,0.0011768732190575023
9.694915254237287,0.39322033898305087,1.3085173638322734,1.1927588119671626,1.4500321564736858,0.2684306876078864
9.966101694915254,0.39322033898305087,1.0000000191735308,0.9999999791218869,1.0000000117969554,1.0000001043905677
10.237288135593221,0.39322033898305087,0.8062877279719423,0.7717377038370099,0.6682336108142866,2.4669594548749534
10.508474576271187,0.39322033898305087,0.6282725956940987,0.5598028439200807,0.40381602873147593,4.4120703817799
10.779661016949152,0.39322033898305087,0.45738178867368345,0.3756843713838666,0.20321836369571722,6.557640668920401
11.050847457627118,0.39322033898305087,0.3145810071192126,0.2360869771991229,0.08559004669415249,8.466834529034216
11.322033898305085,0.39322033898305087,0.2382510759625835,0.169416306685289,0.06605357194089756,9.464601414075466
11.593220338983052,0.39322033898305087,0.16909870697016285,0.11326475896593374,0.049100258123506386,10.348047378243727
11.864406779661017,0.39322033898305087,0.10903191359645657,0.06793056069514891,0.03467570908590894,11.090056194562123
12.135593220338983,0.39322033898305087,0.06132028856187548,0.035555313729560376,0.023073933342258653,11.635683136822738
12.40677966101695,0.39322033898305087,0.030144234541965506,0.01649613516800931,0.014116471050283175,11.963018400031592
12.677966101694915,0.39322033898305087,0.011593326704148053,0.005859869085546295,0.0073802549858674035,12.147666903913562
12.94915254237288,0.39322033898305087,0.0023545456070126892,0.0009830788524454678,0.0028252285068111616,12.23280216035739
13.220338983050848,0.39322033898305087,0.001133027737403133,0.00042132323489534463,0.0016917498835617413,12.242627952847256
13.491525423728813,0.39322033898305087,0.0007830521056089977,0.00028124757948994484,0.0011497443128461384,12.24507866173518
13.76271186440678,0.39322033898305087,0.0004873322491647996,0.0001673063240525167,0.0007138166301837454,12.247072314275364
14.033898305084746,0.39322033898305087,0.0002685932999071701,8.738230087451477e-05,0.0003960885204221359,12.24847085745761
14.305084745762711,0.39322033898305087,0.00018867823792648365,6.467227837866079e-05,0.00024363200163312102,12.248868261269019
14.576271186440678,0.39322033898305087,0.00012085248691292534,4.500953257570546e-05,0.00012821525693205773,12.249212345841535
14.847457627118644,0.39322033898305087,6.634149120878467e-05,2.869271615796644e-05,4.958409971228763e-05,12.249497882612683
15.11864406779661,0.39322033898305087,3.635887332734776e-05,1.7899216155612766e-05,1.8469702437770743e-05,12.24968676571966
15.389830508474576,0.39322033898305087,2.4314027705934685e-05,1.1623886111904293e-05,1.2506201125012302e-05,12.249796582837508
15.661016949152541,0.39322033898305087,1.4394831954896977e-05,6.6344180616336464e-06,1.1928043040684e-05,12.249883897959018
15.932203389830509,0.39322033898305087,6.8485619032380725e-06,2.9811067646017997e-06,1.1928043050271359e-05,12.249947830687162
16.203389830508474,0.39322033898305087,4.077832598411348e-06,1.7068453790250771e-06,1.1928043053615403e-05,12.249970130224073
16.474576271186443,0.39322033898305087,2.4795529383500543e-06,1.0706932545528352e-06,1.1928043055284867e-05,12.24998126287521
16.74576271186441,0.39322033898305087,1.4024008371317897e-06,5.254342805330623e-07,1.1928043056715784e-05,12.249990804901815
17.016949152542374,0.39322033898305087,1.3067310445151715e-06,1.9764691179903457e-07,1.192804305757596e-05,12.249996541179287
17.28813559322034,0.39322033898305087,1.306731044542656e-06,1.0204240876169576e-07,1.1928043057826842e-05,12.24999821425791
17.559322033898304,0.39322033898305087,1.3067310445512745e-06,7.206267661724627e-08,1.1928043057905513e-05,12.249998738903187
17.83050847457627,0.39322033898305087,1.3067310445512745e-06,7.206267661724627e-08,1.1928043057905513e-05,12.249998738903187
18.101694915254235,0.39322033898305087,1.3067310445512745e-06,7.206267661724627e-08,1.1928043057905513e-05,12.249998738903187
18.372881355932204,0.39322033898305087,1.3067310445512745e-06,7.206267661724627e-08,1.1928043057905513e-05,12.249998738903187
18.64406779661017,0.39322033898305087,1.3067310445512745e-06,7.206267661724627e-08,1.1928043057905513e-05,12.249998738903187
18.915254237288135,0.39322033898305087,1.3067310445512745e-06,7.206267661724627e-08,1.1928043057905513e-05,12.249998738903187
19.186440677966104,0.39322033898305087,1.3067310445512745e-06,7.206267661724627e-08,1.1928043057905513e-05,12.249998738903187
19.45762711864407,0.39322033898305087,1.3067310445512745e-06,7.206267661724627e-08,1.1928043057905513e-05,12.249998738903187
19.728813559322035,0.39322033898305087,1.3067310445512745e-06,7.206267661724627e-08,1.1928043057905513e-05,12.249998738903187
20.0,0.39322033898305087,1.3067310445512745e-06,7.206267661724627e-08,1.1928043057905513e-05,12.249998738903187
4.0,0.4576271186440678,0.3522107703098019,1.460584124401976,15.85249896172298,0.022940225809713166
4.271186440677966,0.4576271186440678,0.728517661598446,2.6152274166851868,15.837969707479262,9.229860464145954
4.5423728813559325,0.4576271186440678,1.428289016245662,4.813599851062605,15.810673306434191,72.82914964484151
4.813559322033898,0.4576271186440678,2.734362782616942,9.293620701000126,15.755505845489234,389.4327985703607
5.084745762711864,0.4576271186440678,5.068437489322189,17.635149597966418,15.64523947915249,1647.375515427182
5.3559322033898304,0.4576271186440678,8.029622693399153,27.74661250022033,15.469037737402546,4338.399938979788
5.627118644067797,0.4576271186440678,11.695350997490007,44.2969340880593,15.131513251319506,11500.918463470649
5.898305084745763,0.4576271186440678,15.515747377818991,73.29169019224584,14.431110051411247,32302.59449186159
6.169491525423728,0.4576271186440678,18.922410237321813,72.85780177582977,13.736896036074217,31913.85896646112
6.4406779661016955,0.4576271186440678,21.840597990403488,45.73802588889645,13.2172661033541,12286.628373277827
6.711864406779661,0.4576271186440678,23.274230247374266,21.297707368376606,12.497028690883171,2474.4922407346794
6.983050847457627,0.4576271186440678,22.327570398484685,4.133931724875462,11.511529816321856,46.71489172675325
7.254237288135593,0.4576271186440678,23.3369808236457,3.230319079690321,10.89384996284855,20.937924584240154
7.525423728813559,0.4576271186440678,23.811060173489953,2.9478367911798,10.264178960877715,14.973742075811126
7.796610169491526,0.4576271186440678,23.380926185034554,2.615746865460212,9.583525323414893,9.23775275547707
8.067796610169491,0.4576271186440678,20.638293880101823,2.308039600501186,8.699133650212014,5.153349475489711
8.338983050847457,0.4576271186440678,13.929182598607657,2.1705875548394293,7.1945657806757,3.7112823729588165
8.610169491525424,0.4576271186440678,8.08742072397282,2.001067060123331,5.481764454368692,2.2580100672831516
8.881355932203391,0.4576271186440678,3.497674693092353,1.7886895115912829,3.6593975279560946,0.944247102631688
9.152542372881356,0.4576271186440678,1.8783729876265203,1.5764468844714428,2.5350750192169906,0.19458439399799188
9.423728813559322,0.4576271186440678,1.6066713644950859,1.3862777634584464,1.9649299480557305,0.001176873598139658
9.694915254237287,0.4576271186440678,1.3085173554246043,1.192758814562388,1.4500321628340556,0.2684306808849166
9.966101694915254,0.4576271186440678,1.0000000021249897,1.0000000093507644,0.9999999726691069,0.9999999532461782
10.237288135593221,0.4576271186440678,0.806287757994528,0.7717376752256441,0.6682336135951821,2.4669596795679882
10.508474576271187,0.4576271186440678,0.6282726592363673,0.5598028014972994,0.4038160179515651,4.412070827323663
10.779661016949152,0.4576271186440678,0.45738176854638046,0.3756843242504052,0.2032184532447418,6.557641272414679
11.050847457627118,0.4576271186440678,0.314580926185655,0.23608701109999147,0.08559008226402265,8.466834035813443
11.322033898305085,0.4576271186440678,0.23825106749845804,0.16941633619723473,0.06605355741472402,9.46460096011398
11.593220338983052,0.4576271186440678,0.16909887003978355,0.11326463931323826,0.049100285021686854,10.348049302760566
11.864406779661017,0.4576271186440678,0.1090319271672676,0.06793054828524113,0.03467571940654422,11.090056401197863
12.135593220338983,0.4576271186440678,0.06132027001181341,0.035555245611418415,0.023074099733495418,11.635684298615729
12.40677966101695,0.4576271186440678,0.03014437506114254,0.01649602577580107,0.014116541424174924,11.963020291838452
12.677966101694915,0.4576271186440678,0.011593187526758043,0.005859934260474771,0.007380296217285289,12.147665768126297
12.94915254237288,0.4576271186440678,0.0023545461457260583,0.0009830722941643597,0.0028252515213806114,12.232802275046717
13.220338983050848,0.4576271186440678,0.0011329846873423558,0.00042134849111723666,0.0016916498238357992,12.242627510996389
13.491525423728813,0.4576271186440678,0.0007830791388668587,0.00028123967517276115,0.0011497371592508168,12.245078800032942
13.76271186440678,0.4576271186440678,0.000487391778628848,0.00016729437676151477,0.0007137064441688452,12.247072523327974
14.033898305084746,0.4576271186440678,0.0002685876442628507,8.736999293726038e-05,0.00039627675530313187,12.248471072833066
14.305084745762711,0.4576271186440678,0.00018871892786936648,6.46707257344063e-05,0.0002434797362352107,12.248868288439038
14.576271186440678,0.4576271186440678,0.00012073838971519083,4.506271087642622e-05,0.00012814436688699728,12.24921141525121
14.847457627118644,0.4576271186440678,6.643734775438983e-05,2.8662399887655596e-05,4.953497080043398e-05,12.249498413136545
15.11864406779661,0.4576271186440678,3.641509145897005e-05,1.7863949808293886e-05,1.8485666705714403e-05,12.249687382872857
15.389830508474576,0.4576271186440678,2.4362941257194343e-05,1.1610427639528781e-05,1.2451550189900283e-05,12.249796818358817
15.661016949152541,0.4576271186440678,1.4352512065714229e-05,6.656191905017477e-06,1.1928043040626864e-05,12.249883516918564
15.932203389830509,0.4576271186440678,6.896980158208949e-06,2.969461627040705e-06,1.1928043050301915e-05,12.249948034476635
16.203389830508474,0.4576271186440678,4.099076579896241e-06,1.6999605926560107e-06,1.1928043053633466e-05,12.249970250707685
16.474576271186443,0.4576271186440678,2.503247776356265e-06,1.0629845479157298e-06,1.1928043055305096e-05,12.249981397777471
16.74576271186441,0.4576271186440678,1.3067310444090943e-06,5.666355265005321e-07,1.192804305660767e-05,12.249990083880292
17.016949152542374,0.4576271186440678,1.3067310445151715e-06,1.9764691179903457e-07,1.192804305757596e-05,12.249996541179287
17.28813559322034,0.4576271186440678,1.306731044542656e-06,1.0204240876169576e-07,1.1928043057826842e-05,12.24999821425791
17.559322033898304,0.4576271186440678,1.3067310445512745e-06,7.206267661724627e-08,1.1928043057905513e-05,12.249998738903187
17.83050847457627,0.4576271186440678,1.3067310445512745e-06,7.206267661724627e-08,1.1928043057905513e-05,12.249998738903187
18.101694915254235,0.4576271186440678,1.3067310445512745e-06,7.206267661724627e-08,1.1928043057905513e-05,12.249998738903187
18.372881355932204,0.4576271186440678,1.3067310445512745e-06,7.206267661724627e-08,1.1928043057905513e-05,12.249998738903187
18.64406779661017,0.4576271186440678,1.3067310445512745e-06,7.206267661724627e-08,1.1928043057905513e-05,12.249998738903187
18.915254237288135,0.4576271186440678,1.3067310445512745e-06,7.206267661724627e-08,1.1928043057905513e-05,12.249998738903187
19.186440677966104,0.4576271186440678,1.3067310445512745e-06,7.206267661724627e-08,1.1928043057905513e-05,12.249998738903187
19.45762711864407,0.4576271186440678,1.3067310445512745e-06,7.206267661724627e-08,1.1928043057905513e-05,12.249998738903187
19.728813559322035,0.4576271186440678,1.3067310445512745e-06,7.206267661724627e-08,1.1928043057905513e-05,12.249998738903187
20.0,0.4576271186440678,1.3067310445512745e-06,7.206267661724627e-08,1.1928043057905513e-05,12.249998738903187
4.0,0.5220338983050847,0.3556593851083138,1.4680122489024185,15.85242345089942,0.028910412504778406
4.271186440677966,0.5220338983050847,0.7314779041075526,2.6203257961160253,15.837916075455308,9.307469054163821
4.5423728813559325,0.5220338983050847,1.430680235465171,4.817180396733013,15.810634044887616,72.98201164885243
4.813559322033898,0.5220338983050847,2.736315140673158,9.296360169310677,15.755474364200765,389.7031495217259
5.084745762711864,0.5220338983050847,5.069913181886181,17.637124190960947,15.645214699658236,1647.7762624543072
5.3559322033898304,0.5220338983050847,8.030580517561626,27.747799590885762,15.469019777789324,4338.79089550925
5.627118644067797,0.5220338983050847,11.695925789057847,44.29765870526495,15.131499708743043,11501.307014958711
5.898305084745763,0.5220338983050847,15.516071002015176,73.29215275903822,14.431099028166447,32303.01017705553
6.169491525423728,0.5220338983050847,18.922572671932024,72.85797235995064,13.736889344364469,31914.01133622167
6.4406779661016955,0.5220338983050847,21.840676256628456,45.73806625248056,13.217262600673685,12286.650743808472
6.711864406779661,0.5220338983050847,23.27426527451844,21.2977142737406,12.497026830592345,2474.493958246377
6.983050847457627,0.5220338983050847,22.32758493556211,4.133932202348056,11.511528805083001,46.71490804397308
7.254237288135593,0.5220338983050847,23.3369872976168,3.2303192123765667,10.893849480047805,20.937927619967343
7.525423728813559,0.5220338983050847,23.81106301811803,2.947836832847538,10.264178731937768,14.973742881996861
7.796610169491526,0.5220338983050847,23.380927396933405,2.61574687668549,9.583525215872417,9.237752926065777
8.067796610169491,0.5220338983050847,20.638294361458907,2.3080396030452066,8.699133597507606,5.153349504365602
8.338983050847457,0.5220338983050847,13.929182730558853,2.1705875553273963,7.194565756298464,3.711282377659083
8.610169491525424,0.5220338983050847,8.087420757740116,2.001067058943264,5.481764444800172,2.258010058416908
8.881355932203391,0.5220338983050847,3.497674688804859,1.7886895149359092,3.6593975250508004,0.9442471188819529
9.152542372881356,0.5220338983050847,1.8783729804276499,1.5764468881144291,2.5350750220209375,0.19458440203291189
9.423728813559322,0.5220338983050847,1.606671370101385,1.3862777654581082,1.9649299330887051,0.0011768732551417855
9.694915254237287,0.5220338983050847,1.3085173491718363,1.192758816590411,1.4500321677139467,0.2684306756312928
9.966101694915254,0.5220338983050847,1.0000000016822288,0.9999999970408795,1.000000000827401,1.000000014795602
10.237288135593221,0.5220338983050847,0.8062877494736502,0.771737694300435,0.6682335898856342,2.466959529768334
10.508474576271187,0.5220338983050847,0.6282726448752454,0.5598028283653613,0.40381598610646635,4.412070545142788
10.779661016949152,0.5220338983050847,0.45738181632078967,0.3756843183576258,0.2032184064950026,6.55764134786551
11.050847457627118,0.5220338983050847,0.31458102150197625,0.23608698345641274,0.08559003848233335,8.466834437997452
11.322033898305085,0.5220338983050847,0.23825098341056763,0.16941633316148078,0.06605361374170676,9.464601006810845
11.593220338983052,0.5220338983050847,0.16909880049942946,0.11326469500578673,0.049100266887202475,10.348048406990943
11.864406779661017,0.5220338983050847,0.1090319951734065,0.0679305749388736,0.03467561067790778,11.090055957391744
12.135593220338983,0.5220338983050847,0.06132031519931527,0.03555522860445536,0.023074079683667974,11.635684588678998
12.40677966101695,0.5220338983050847,0.030144050835899015,0.016496187379582878,0.014116608774096547,11.963017497095187
12.677966101694915,0.5220338983050847,0.011593196297630667,0.005859892848539964,0.007380399597727701,12.147666489801773
12.94915254237288,0.5220338983050847,0.002354549532720092,0.0009830685988258894,0.0028252724345052497,12.232802339669732
13.220338983050848,0.5220338983050847,0.0011329788805399166,0.00042134235655346357,0.001691752577495696,12.242627618318945
13.491525423728813,0.5220338983050847,0.0007830809390515006,0.00028122705424674376,0.0011498763247673317,12.24507902085478
13.76271186440678,0.5220338983050847,0.00048733631294811035,0.00016730041874003025,0.0007138811224911958,12.247072417605983
14.033898305084746,0.5220338983050847,0.0002686092530750586,8.736618807680525e-05,0.00039625150216394186,12.248471139413972
14.305084745762711,0.5220338983050847,0.0001887210148242169,6.466344797307225e-05,0.00024355545006352148,12.248868415793977
14.576271186440678,0.5220338983050847,0.00012085018448997933,4.50299969382053e-05,0.00012808622872089142,12.249211987726708
14.847457627118644,0.5220338983050847,6.639111377622075e-05,2.867408934794205e-05,4.955763218034116e-05,12.249498208575178
15.11864406779661,0.5220338983050847,3.648132818462032e-05,1.784906133788838e-05,1.842027157165643e-05,12.249687643417767
15.389830508474576,0.5220338983050847,2.4278941236283735e-05,1.1649444361587607e-05,1.246303025554746e-05,12.249796135571856
15.661016949152541,0.5220338983050847,1.4320722016222675e-05,6.6725927087345695e-06,1.192804304058383e-05,12.249883229905866
15.932203389830509,0.5220338983050847,6.821576962669106e-06,2.9981192763020077e-06,1.1928043050226717e-05,12.24994753296884
16.203389830508474,0.5220338983050847,3.999225668378276e-06,1.7326000386229873e-06,1.1928043053547821e-05,12.249969679518085
16.474576271186443,0.5220338983050847,2.5209803320412517e-06,1.0572575205715531e-06,1.1928043055320123e-05,12.249981498000372
16.74576271186441,0.5220338983050847,1.30673104441087e-06,5.604588395564093e-07,1.1928043056623879e-05,12.249990191972268
17.016949152542374,0.5220338983050847,1.306731044508294e-06,2.2157004485312446e-07,1.192804305751318e-05,12.24999612252452
17.28813559322034,0.5220338983050847,1.306731044542656e-06,1.0204240876169576e-07,1.1928043057826842e-05,12.24999821425791
17.559322033898304,0.5220338983050847,1.3067310445512745e-06,7.206267661724627e-08,1.1928043057905513e-05,12.249998738903187
17.83050847457627,0.5220338983050847,1.3067310445512745e-06,7.206267661724627e-08,1.1928043057905513e-05,12.249998738903187
18.101694915254235,0.5220338983050847,1.3067310445512745e-06,7.206267661724627e-08,1.1928043057905513e-05,12.249998738903187
18.372881355932204,0.5220338983050847,1.3067310445512745e-06,7.206267661724627e-08,1.1928043057905513e-05,12.249998738903187
18.64406779661017,0.5220338983050847,1.3067310445512745e-06,7.206267661724627e-08,1.1928043057905513e-05,12.249998738903187
18.915254237288135,0.5220338983050847,1.3067310445512745e-06,7.206267661724627e-08,1.1928043057905513e-05,12.249998738903187
19.186440677966104,0.5220338983050847,1.3067310445512745e-06,7.206267661724627e-08,1.1928043057905513e-05,12.249998738903187
19.45762711864407,0.5220338983050847,1.3067310445512745e-06,7.206267661724627e-08,1.1928043057905513e-05,12.249998738903187
19.728813559322035,0.5220338983050847,1.3067310445512745e-06,7.206267661724627e-08,1.1928043057905513e-05,12.249998738903187
20.0,0.5220338983050847,1.3067310445512745e-06,7.206267661724627e-08,1.1928043057905513e-05,12.249998738903187
4.0,0.5864406779661018,0.35913521811506327,1.4754580522160603,15.852347742564087,0.0355869852765106
4.271186440677966,0.5864406779661018,0.7344477610420169,2.6254281291855706,15.837862392395552,9.385463123745298
4.5423728813559325,0.5864406779661018,1.4330746069297289,4.820761766818243,15.810594769691965,73.13506915828417
4.813559322033898,0.5864406779661018,2.7382685738165224,9.299099801247994,15.755442878755101,389.97361043797554
5.084745762711864,0.5864406779661018,5.071389197021901,17.63909879981414,15.64518991897551,1648.1770614382813
5.3559322033898304,0.5864406779661018,8.03153842464293,27.74898667690354,15.46900181785841,4339.181868122752
5.627118644067797,0.5864406779661018,11.696500600242995,44.298383318682404,15.131486166083238,11501.695570978804
5.898305084745763,0.5864406779661018,15.516394630643482,73.29261532368625,14.431088004902897,32303.42586299704
6.169491525423728,0.5864406779661018,18.922735107426764,72.8581429436658,13.7368826526496,31914.16370598358
6.4406779661016955,0.5864406779661018,21.840754523051608,45.73810661604214,13.217259097990095,12286.673114346997
6.711864406779661,0.5864406779661018,23.274300301659455,21.29772117880028,12.497024970328152,2474.495675682983
6.983050847457627,0.5864406779661018,22.327599472052494,4.13393267996475,11.511527793801159,46.71492436612024
7.254237288135593,0.5864406779661018,23.3369937698452,3.2303193452456833,10.893848997216553,20.937930659878663
7.525423728813559,0.5864406779661018,23.811065861586904,2.9478368742906125,10.264178503286892,14.973743683835835
7.796610169491526,0.5864406779661018,23.380928611746675,2.6157468885442454,9.583525107414296,9.237753106281339
8.067796610169491,0.5864406779661018,20.638294842919628,2.3080396054544274,8.699133544899142,5.153349531711452
8.338983050847457,0.5864406779661018,13.929182871660627,2.1705875533095167,7.194565734244775,3.7112823582221712
8.610169491525424,0.5864406779661018,8.087420789000557,2.0010670574405203,5.481764436980074,2.258010047126286
8.881355932203391,0.5864406779661018,3.497674702299593,1.7886895138243155,3.6593975159172176,0.9442471134811427
9.152542372881356,0.5864406779661018,1.8783729870885226,1.5764468895903743,2.5350750086536977,0.19458440528823598
9.423728813559322,0.5864406779661018,1.6066713706929148,1.3862777637541834,1.96492993735836,0.0011768735474124968
9.694915254237287,0.5864406779661018,1.3085173675418231,1.192758806663319,1.4500321575297133,0.2684307013475722
9.966101694915254,0.5864406779661018,0.9999999835767471,1.000000011939188,1.0000000050406623,0.99999994030406
10.237288135593221,0.5864406779661018,0.8062877705406787,0.7717376730214538,0.6682335943545984,2.4669596968781096
10.508474576271187,0.5864406779661018,0.628272619084038,0.5598028363366566,0.4038160107736294,4.412070461424542
10.779661016949152,0.5864406779661018,0.45738174059643094,0.37568434970514425,0.2032184463563768,6.557640946493579
11.050847457627118,0.5864406779661018,0.3145809755319892,0.2360870233070503,0.085590026585204,8.466833858214017
11.322033898305085,0.5864406779661018,0.23825098757872612,0.169416353715874,0.06605359798407949,9.464600690637093
11.593220338983052,0.5864406779661018,0.16909874540226447,0.11326473790832313,0.049100252494556754,10.34804771693835
11.864406779661017,0.5864406779661018,0.10903199680639511,0.06793056369198909,0.03467562954016237,11.090056144662135
12.135593220338983,0.5864406779661018,0.06132018053720354,0.03555535226732596,0.02307400009757659,11.635682479539627
12.40677966101695,0.5864406779661018,0.030144230182567643,0.01649612337938656,0.014116502374795288,11.963018603901656
12.677966101694915,0.5864406779661018,0.01159330128830517,0.005859896815281099,0.007380197566447729,12.147666420674364
12.94915254237288,0.5864406779661018,0.002354512548640525,0.0009830888616441645,0.0028252412045747612,12.23280198531941
13.220338983050848,0.5864406779661018,0.0011329899720189682,0.0004213406670333285,0.0016917198934407506,12.242627647876649
13.491525423728813,0.5864406779661018,0.0007830526139535923,0.0002812445338474622,0.0011497883271645417,12.245078715023215
13.76271186440678,0.5864406779661018,0.00048730893498312314,0.00016731059383187007,0.0007138684758132079,12.247072239563158
14.033898305084746,0.5864406779661018,0.0002685708296397833,8.738551481327521e-05,0.0003961644641101547,12.248470801217188
14.305084745762711,0.5864406779661018,0.00018873281622968293,6.465798317121405e-05,0.0002436129633433254,12.248868511423595
14.576271186440678,0.5864406779661018,0.00012083038785583718,4.503167678736797e-05,0.00012811825159823602,12.249211958330294
14.847457627118644,0.5864406779661018,6.64599964858533e-05,2.8652249568936456e-05,4.95218053573738e-05,12.249498590763489
15.11864406779661,0.5864406779661018,3.644802002800768e-05,1.787368908946651e-05,1.8405912411107647e-05,12.24968721243761
15.389830508474576,0.5864406779661018,2.429690395290882e-05,1.1624558196993233e-05,1.25091705406406e-05,12.249796571076116
15.661016949152541,0.5864406779661018,1.441424193972838e-05,6.64336390791688e-06,1.1928043040660523e-05,12.249883741407448
15.932203389830509,0.5864406779661018,6.862306443330397e-06,2.9870896179401325e-06,1.1928043050255658e-05,12.249947725987452
16.203389830508474,0.5864406779661018,4.02381348220222e-06,1.7239793559538621e-06,1.1928043053570442e-05,12.249969830379845
16.474576271186443,0.5864406779661018,2.5347492903440973e-06,1.0528351036446127e-06,1.1928043055331727e-05,12.249981575392614
16.74576271186441,0.5864406779661018,1.4024008371317897e-06,5.254342805330623e-07,1.1928043056715784e-05,12.249990804901815
17.016949152542374,0.5864406779661018,1.3067310445091181e-06,2.1870339389753516e-07,1.1928043057520704e-05,12.249996172690903
17.28813559322034,0.5864406779661018,1.306731044542656e-06,1.0204240876169576e-07,1.1928043057826842e-05,12.24999821425791
17.559322033898304,0.5864406779661018,1.3067310445512745e-06,7.206267661724627e-08,1.1928043057905513e-05,12.249998738903187
17.83050847457627,0.5864406779661018,1.3067310445512745e-06,7.206267661724627e-08,1.1928043057905513e-05,12.249998738903187
18.101694915254235,0.5864406779661018,1.3067310445512745e-06,7.206267661724627e-08,1.1928043057905513e-05,12.249998738903187
18.372881355932204,0.5864406779661018,1.3067310445512745e-06,7.206267661724627e-08,1.1928043057905513e-05,12.249998738903187
18.64406779661017,0.5864406779661018,1.3067310445512745e-06,7.206267661724627e-08,1.1928043057905513e-05,12.249998738903187
18.915254237288135,0.5864406779661018,1.3067310445512745e-06,7.206267661724627e-08,1.1928043057905513e-05,12.249998738903187
19.186440677966104,0.5864406779661018,1.3067310445512745e-06,7.206267661724627e-08,1.1928043057905513e-05,12.249998738903187
19.45762711864407,0.5864406779661018,1.3067310445512745e-06,7.206267661724627e-08,1.1928043057905513e-05,12.249998738903187
19.728813559322035,0.5864406779661018,1.3067310445512745e-06,7.206267661724627e-08,1.1928043057905513e-05,12.249998738903187
20.0,0.5864406779661018,1.3067310445512745e-06,7.206267661724627e-08,1.1928043057905513e-05,12.249998738903187
4.0,0.6508474576271186,0.3626384086074546,1.4829214231261136,15.852271837663091,0.04297476508287493
4.271186440677966,0.6508474576271186,0.7374272519207937,2.630534400458363,15.8378086584199,9.463843191946392
4.5423728813559325,0.6508474576271186,1.4354721330720772,4.824343959210573,15.810555480863155,73.28832219363714
4.813559322033898,0.6508474576271186,2.7402230823601466,9.30183959648382,15.755411389154759,390.24418130349727
5.084745762711864,0.6508474576271186,5.072865534762996,17.641073424479295,15.6451651371047,1648.5779123707978
5.3559322033898304,0.6508474576271186,8.032496414644452,27.750173758249566,15.468983857610061,4339.57285681215
5.627118644067797,0.6508474576271186,11.697075431027379,44.29910792828979,15.131472623340514,11502.084131519101
5.898305084745763,0.6508474576271186,15.51671826363335,73.2930778863031,14.43107698162043,32303.841549787758
6.169491525423728,0.6508474576271186,18.92289754378991,72.85831352698847,13.73687596092961,31914.316075758634
6.4406779661016955,0.6508474576271186,21.840832789350706,45.7381469793133,13.217255595322012,12286.69548474493
6.711864406779661,0.6508474576271186,23.274335328723385,21.29772808410083,12.497023110047172,2474.4973931800923
6.983050847457627,0.6508474576271186,22.327614009590487,4.133933157531927,11.51152678248661,46.71494068657807
7.254237288135593,0.6508474576271186,23.337000243730785,3.2303194780997373,10.893848514295504,20.93793369944559
7.525423728813559,0.6508474576271186,23.811068703893195,2.9478369157669704,10.26417827468931,14.973744486318797
7.796610169491526,0.6508474576271186,23.380929824813368,2.615746899996194,9.583524999561478,9.237753280314728
8.067796610169491,0.6508474576271186,20.638295320814045,2.308039607361887,8.699133493372461,5.1533495533620615
8.338983050847457,0.6508474576271186,13.929183012971588,2.17058755346323,7.194565708737409,3.711282359702792
8.610169491525424,0.6508474576271186,8.087420830457013,2.0010670560178565,5.4817644250833,2.2580100364373323
8.881355932203391,0.6508474576271186,3.497674707670012,1.788689511801453,3.6593975159492405,0.9442471036528245
9.152542372881356,0.6508474576271186,1.8783729850630744,1.5764468871190167,2.535075016935388,0.19458439983744408
9.423728813559322,0.6508474576271186,1.6066713745761985,1.386277765328718,1.9649299264120181,0.001176873277335832
9.694915254237287,0.6508474576271186,1.3085173513877497,1.192758823396472,1.4500321509539975,0.26843065800009125
9.966101694915254,0.6508474576271186,0.9999999919583189,1.00000000871069,0.9999999950437144,0.9999999564465503
10.237288135593221,0.6508474576271186,0.8062877527829866,0.771737679272326,0.6682336160213526,2.4669596477882663
10.508474576271187,0.6508474576271186,0.6282726115527613,0.5598028544520298,0.4038159859506066,4.412070271168479
10.779661016949152,0.6508474576271186,0.457381781700935,0.3756843424757572,0.20321840954954606,6.55764103905826
11.050847457627118,0.6508474576271186,0.31458091762668483,0.23608703948530987,0.0855900524629722,8.46683362283794
11.322033898305085,0.6508474576271186,0.23825111524551865,0.1694162999556669,0.06605355982096557,9.464601517592504
11.593220338983052,0.6508474576271186,0.16909885625739987,0.11326465586135895,0.04910027196437085,10.348049036597414
11.864406779661017,0.6508474576271186,0.10903199816700013,0.06793055470271364,0.03467564468541861,11.090056294341373
12.135593220338983,0.6508474576271186,0.06132021750257002,0.035555323356131846,0.023073990815406932,11.635682972636184
12.40677966101695,0.6508474576271186,0.030144123390344706,0.016496137097363806,0.014116625318844816,11.963018366665725
12.677966101694915,0.6508474576271186,0.011593200054775373,0.005859936920654421,0.0073802284902052305,12.147665721768009
12.94915254237288,0.6508474576271186,0.002354518367183577,0.0009830841652521995,0.002825258732332352,12.232802067448556
13.220338983050848,0.6508474576271186,0.0011329847916194654,0.0004213365208485392,0.0016917953778579039,12.242627720413045
13.491525423728813,0.6508474576271186,0.0007830691115880536,0.0002812383938796781,0.0011497753301058147,12.245078822451065
13.76271186440678,0.6508474576271186,0.00048735307843884184,0.00016730176378355725,0.0007137858365605001,12.247072394070537
14.033898305084746,0.6508474576271186,0.0002685690749578254,8.737654265985517e-05,0.0003962893153310851,12.248470958220075
14.305084745762711,0.6508474576271186,0.00018867553349611617,6.467912373378515e-05,0.0002435861953927926,12.24886814148084
14.576271186440678,0.6508474576271186,0.00012075234542638515,4.50668842740606e-05,0.00012807802166250938,12.249211342219102
14.847457627118644,0.6508474576271186,6.636006791004408e-05,2.8701525377495057e-05,4.949608787918008e-05,12.2494977284545
15.11864406779661,0.6508474576271186,3.639370485467449e-05,1.788362017672013e-05,1.845664044028912e-05,12.249687038645803
15.389830508474576,0.6508474576271186,2.426883712267659e-05,1.1666090642660417e-05,1.2437465231723315e-05,12.24979584426436
15.661016949152541,0.6508474576271186,1.4382667349403459e-05,6.657726704268841e-06,1.1928043040622835e-05,12.249883490059707
15.932203389830509,0.6508474576271186,6.805337788131889e-06,3.0083967789054747e-06,1.1928043050199747e-05,12.249947353112933
16.203389830508474,0.6508474576271186,4.039542548857461e-06,1.715395586068813e-06,1.1928043053592966e-05,12.249969980595635
16.474576271186443,0.6508474576271186,2.5457498676925466e-06,1.0493171179817063e-06,1.1928043055340958e-05,12.249981636957314
16.74576271186441,0.6508474576271186,1.309868792696432e-06,5.540282552454696e-07,1.1928043056640755e-05,12.249990304507447
17.016949152542374,0.6508474576271186,1.306731044509766e-06,2.164499394937945e-07,1.1928043057526618e-05,12.249996212126348
17.28813559322034,0.6508474576271186,1.3067310445444921e-06,9.565533223145264e-08,1.1928043057843603e-05,12.249998326031738
17.559322033898304,0.6508474576271186,1.3067310445512745e-06,7.206267661724627e-08,1.1928043057905513e-05,12.249998738903187
17.83050847457627,0.6508474576271186,1.3067310445512745e-06,7.206267661724627e-08,1.1928043057905513e-05,12.249998738903187
18.101694915254235,0.6508474576271186,1.3067310445512745e-06,7.206267661724627e-08,1.1928043057905513e-05,12.249998738903187
18.372881355932204,0.6508474576271186,1.3067310445512745e-06,7.206267661724627e-08,1.1928043057905513e-05,12.249998738903187
18.64406779661017,0.6508474576271186,1.3067310445512745e-06,7.206267661724627e-08,1.1928043057905513e-05,12.249998738903187
18.915254237288135,0.6508474576271186,1.3067310445512745e-06,7.206267661724627e-08,1.1928043057905513e-05,12.249998738903187
19.186440677966104,0.6508474576271186,1.3067310445512745e-06,7.206267661724627e-08,1.1928043057905513e-05,12.249998738903187
19.45762711864407,0.6508474576271186,1.3067310445512745e-06,7.206267661724627e-08,1.1928043057905513e-05,12.249998738903187
19.728813559322035,0.6508474576271186,1.3067310445512745e-06,7.206267661724627e-08,1.1928043057905513e-05,12.249998738903187
20.0,0.6508474576271186,1.3067310445512745e-06,7.206267661724627e-08,1.1928043057905513e-05,12.249998738903187
4.0,0.7152542372881356,0.36616909581142637,1.4904022494499354,15.852195737150558,0.05107854191005223
4.271186440677966,0.7152542372881356,0.7404163962521016,2.6356445944585913,15.837754873648661,9.542609773842106
4.5423728813559325,0.7152542372881356,1.437872816324739,4.827926971800652,15.810516178417101,73.44177077498992
4.813559322033898,0.7152542372881356,2.74217866661698,9.304579554688356,15.75537989540227,390.51486210248225
5.084745762711864,0.7152542372881356,5.074342195138275,17.64304806491375,15.645140354046172,1648.9788152443646
5.3559322033898304,0.7152542372881356,8.033454487572516,27.75136083493433,15.468965897044146,4339.963861580693
5.627118644067797,0.7152542372881356,11.697650281408519,44.299832534125315,15.131459080514485,11502.472696599978
5.898305084745763,0.7152542372881356,15.51704190101284,73.29354044686795,14.43106595831885,32304.257237408976
6.169491525423728,0.7152542372881356,18.92305998096667,72.85848410962701,13.736869269211063,31914.46844528634
6.4406779661016955,0.7152542372881356,21.840911056141582,45.7381873425875,13.217252092641683,12286.717855164916
6.711864406779661,0.7152542372881356,23.274370355864775,21.29773498917291,12.497021249782675,2474.499110620974
6.983050847457627,0.7152542372881356,22.327628546685936,4.133933635083964,11.511525771205841,46.71495700652135
7.254237288135593,0.7152542372881356,23.33700671843499,3.2303196107762107,10.893848031455532,20.937936734949865
7.525423728813559,0.7152542372881356,23.81107154641651,2.9478369573995056,10.26417804593377,14.973745291823494
7.796610169491526,0.7152542372881356,23.3809310333315,2.615746911775246,9.583524891735074,9.23775345931905
8.067796610169491,0.7152542372881356,20.638295801533918,2.308039610189505,8.699133440285811,5.153349585456927
8.338983050847457,0.7152542372881356,13.929183144830597,2.17058755296995,7.194565685864662,3.7112823549513485
8.610169491525424,0.7152542372881356,8.087420858275523,2.001067055204186,5.481764417312729,2.258010030323951
8.881355932203391,0.7152542372881356,3.4976747097227934,1.7886895104492335,3.65939751721495,0.9442470970829056
9.152542372881356,0.7152542372881356,1.8783729936381235,1.57644688411349,2.5350750111991713,0.19458439320849624
9.423728813559322,0.7152542372881356,1.6066713746938543,1.3862777639740316,1.9649299305574905,0.0011768735097023957
9.694915254237287,0.7152542372881356,1.3085173471329656,1.19275882403133,1.4500321555248203,0.2684306563554824
9.966101694915254,0.7152542372881356,1.0000000197307473,0.9999999841154376,0.9999999979120664,1.000000079422813
10.237288135593221,0.7152542372881356,0.8062877697575804,0.7717376631784614,0.6682336173317156,2.466959774177877
10.508474576271187,0.7152542372881356,0.628272626784494,0.5598028187005243,0.40381602764241925,4.412070646647399
10.779661016949152,0.7152542372881356,0.45738172273082145,0.3756843660053628,0.20321844195670874,6.55764073778647
11.050847457627118,0.7152542372881356,0.3145809540059841,0.2360870089030136,0.08559005905740225,8.466834067777082
11.322033898305085,0.7152542372881356,0.23825104957378507,0.16941630100342736,0.06605360071496637,9.464601501475544
11.593220338983052,0.7152542372881356,0.16909880674389952,0.11326469501888564,0.0491002599045535,10.348048406780258
11.864406779661017,0.7152542372881356,0.10903192325578216,0.06793052538117786,0.034675746907645535,11.0900567825704
12.135593220338983,0.7152542372881356,0.06132025521130535,0.03555530394277271,0.023073985989650762,11.635683303741867
12.40677966101695,0.7152542372881356,0.03014427068649168,0.01649609286231843,0.014116539767396638,11.963019131657692
12.677966101694915,0.7152542372881356,0.011593346610377846,0.0058598589756253885,0.007380250241354068,12.147667080096644
12.94915254237288,0.7152542372881356,0.0023545233275119415,0.0009830803938104492,0.002825273331131643,12.232802133402444
13.220338983050848,0.7152542372881356,0.001133003903663119,0.00042133958468198654,0.0016916794845416644,12.2426276668121
13.491525423728813,0.7152542372881356,0.0007830376462398558,0.00028124836187447814,0.001149824006440559,12.245078648046201
13.76271186440678,0.7152542372881356,0.0004873291215334518,0.0001673099852093845,0.0007137840464109752,12.24707225021278
14.033898305084746,0.7152542372881356,0.0002685963807598292,8.7376382954803e-05,0.0003961461854433323,12.24847096101474
14.305084745762711,0.7152542372881356,0.0001886809566094726,6.467305647711818e-05,0.00024363188973901983,12.248868247652924
14.576271186440678,0.7152542372881356,0.00012081081630901414,4.503447271499314e-05,0.00012816423932070486,12.249211909403135
14.847457627118644,0.7152542372881356,6.640146840896039e-05,2.8673430416549978e-05,4.956006976514603e-05,12.249498220106243
15.11864406779661,0.7152542372881356,3.642696942822391e-05,1.7862633206193062e-05,1.8468231133583074e-05,12.249687405913098
15.389830508474576,0.7152542372881356,2.4284412591420298e-05,1.1644182166013557e-05,1.247748168380812e-05,12.24979622765951
15.661016949152541,0.7152542372881356,1.4422754246170727e-05,6.6242263127073316e-06,1.1928043040710744e-05,12.249884076313776
15.932203389830509,0.7152542372881356,6.840179938716743e-06,2.998389284164038e-06,1.1928043050226007e-05,12.249947528243712
16.203389830508474,0.7152542372881356,4.037812922275168e-06,1.7022315555692548e-06,1.1928043053627512e-05,12.249970210965884
16.474576271186443,0.7152542372881356,2.5547406528384143e-06,1.04645186473367e-06,1.1928043055348478e-05,12.249981687099208
16.74576271186441,0.7152542372881356,1.31969050303042e-06,5.50909833586259e-07,1.1928043056648936e-05,12.249990359079808
17.016949152542374,0.7152542372881356,1.3067310445102885e-06,2.146320087485493e-07,1.1928043057531387e-05,12.24999624394013
17.28813559322034,0.7152542372881356,1.306731044542656e-06,1.0204240876169576e-07,1.1928043057826842e-05,12.24999821425791
17.559322033898304,0.7152542372881356,1.3067310445512745e-06,7.206267661724627e-08,1.1928043057905513e-05,12.249998738903187
17.83050847457627,0.7152542372881356,1.3067310445512745e-06,7.206267661724627e-08,1.1928043057905513e-05,12.249998738903187
18.101694915254235,0.7152542372881356,1.3067310445512745e-06,7.206267661724627e-08,1.1928043057905513e-05,12.249998738903187
18.372881355932204,0.7152542372881356,1.3067310445512745e-06,7.206267661724627e-08,1.1928043057905513e-05,12.249998738903187
18.64406779661017,0.7152542372881356,1.3067310445512745e-06,7.206267661724627e-08,1.1928043057905513e-05,12.249998738903187
18.915254237288135,0.7152542372881356,1.3067310445512745e-06,7.206267661724627e-08,1.1928043057905513e-05,12.249998738903187
19.186440677966104,0.7152542372881356,1.3067310445512745e-06,7.206267661724627e-08,1.1928043057905513e-05,12.249998738903187
19.45762711864407,0.7152542372881356,1.3067310445512745e-06,7.206267661724627e-08,1.1928043057905513e-05,12.249998738903187
19.728813559322035,0.7152542372881356,1.3067310445512745e-06,7.206267661724627e-08,1.1928043057905513e-05,12.249998738903187
20.0,0.7152542372881356,1.3067310445512745e-06,7.206267661724627e-08,1.1928043057905513e-05,12.249998738903187
4.0,0.7796610169491525,0.36972741889384036,1.4979004180458984,15.852119441988593,0.059903074084760484
4.271186440677966,0.7796610169491525,0.7434152135336329,2.6407586956701317,15.837701038202507,9.621763380506541
4.5423728813559325,0.7796610169491525,1.4402766591181713,4.831510802477437,15.81047686236976,73.59541492199588
4.813559322033898,0.7796610169491525,2.7441353268995385,9.307319675532373,15.755348397500166,390.7856528191336
5.084745762711864,0.7796610169491525,5.075819178179619,17.64502272107649,15.645115569800273,1649.3797700518212
5.3559322033898304,0.7796610169491525,8.034412643425094,27.7525479069411,15.468947936160859,4340.354882422661
5.627118644067797,0.7796610169491525,11.698225151412222,44.30055713615861,15.131445537605211,11502.861266205058
5.898305084745763,0.7796610169491525,15.517365542818572,73.29400300534165,14.431054934997986,32304.672925825456
6.169491525423728,0.7796610169491525,18.923222418916446,72.85865469175327,13.736862577491776,31914.620814720187
6.4406779661016955,0.7796610169491525,21.840989322889186,45.73822770588608,13.217248589963887,12286.740225618778
6.711864406779661,0.7796610169491525,23.27440538307479,21.29774189421732,12.497019389518323,2474.5008280555694
6.983050847457627,0.7796610169491525,22.327643083688436,4.13393411268093,11.511524759906683,46.714973328002905
7.254237288135593,0.7796610169491525,23.337013191117162,3.230319743612765,10.893847548624278,20.937939774116852
7.525423728813559,0.7796610169491525,23.811074388404634,2.947836998867422,10.264177817360077,14.973746094143172
7.796610169491526,0.7796610169491525,23.380932249468994,2.6157469235754847,9.5835247832416,9.237753638645348
8.067796610169491,0.7796610169491525,20.63829628208606,2.308039612527006,8.699133387951589,5.15334961198872
8.338983050847457,0.7796610169491525,13.929183285514544,2.1705875522461975,7.194565661871828,3.7112823479799144
8.610169491525424,0.7796610169491525,8.08742089226874,2.0010670558384476,5.481764404161514,2.2580100350893724
8.881355932203391,0.7796610169491525,3.497674721516938,1.7886895091451347,3.6593975104007517,0.9442470907467864
9.152542372881356,0.7796610169491525,1.878372988341378,1.5764468865990442,2.5350750137659,0.19458439869059996
9.423728813559322,0.7796610169491525,1.6066713831966213,1.3862777585129293,1.9649299288198894,0.0011768744464342553
9.694915254237287,0.7796610169491525,1.308517361168816,1.19275881599532,1.4500321489268375,0.26843067717288505
9.966101694915254,0.7796610169491525,1.0000000103820914,1.000000002150091,0.9999999767968609,0.9999999892495446
10.237288135593221,0.7796610169491525,0.8062877641999731,0.7717376780169192,0.668233602075696,2.466959657647326
10.508474576271187,0.7796610169491525,0.628272661512719,0.5598027958835621,0.40381602140505385,4.412070886281743
10.779661016949152,0.7796610169491525,0.45738175850435103,0.37568435861100175,0.20321841158750464,6.557640832463465
11.050847457627118,0.7796610169491525,0.314580998012857,0.23608697743033452,0.08559006123969728,8.46683452567034
11.322033898305085,0.7796610169491525,0.2382510472432968,0.16941631912044555,0.06605358993861513,9.464601222794203
11.593220338983052,0.7796610169491525,0.16909877066914164,0.11326473122897628,0.049100251364036306,10.348047824370239
11.864406779661017,0.7796610169491525,0.10903196911347164,0.06793054511960576,0.03467567183481622,11.090056453908439
12.135593220338983,0.7796610169491525,0.06132024633361991,0.03555526433706227,0.023074079024829795,11.6356839792394
12.40677966101695,0.7796610169491525,0.03014405534683014,0.016496191764299863,0.014116581781350529,11.963017421266779
12.677966101694915,0.7796610169491525,0.011593263304812139,0.005859898080955803,0.007380274853650292,12.147666398617766
12.94915254237288,0.7796610169491525,0.0023545427287904553,0.0009830808191682863,0.002825209988339087,12.23280212596391
13.220338983050848,0.7796610169491525,0.0011329968154876026,0.0004213356131232826,0.0016917434261177024,12.242627736293457
13.491525423728813,0.7796610169491525,0.0007830526542832528,0.00028124292013159387,0.0011498102095811717,12.245078743257572
13.76271186440678,0.7796610169491525,0.00048736405295919297,0.00016730257817517666,0.0007137216730523483,12.247072379820384
14.033898305084746,0.7796610169491525,0.00026855720249390077,8.738638955416464e-05,0.0003961993881998506,12.248470785910182
14.305084745762711,0.7796610169491525,0.00018870461555042995,6.467208071539229e-05,0.00024354251619399184,12.248868264727966
14.576271186440678,0.7796610169491525,0.00012079878887168846,4.5035223730758805e-05,0.00012818149067018685,12.249211896260782
14.847457627118644,0.7796610169491525,6.644898031957623e-05,2.8655582761143032e-05,4.953036995299335e-05,12.249498532433819
15.11864406779661,0.7796610169491525,3.640643783538607e-05,1.7880044523267304e-05,1.8453421048698044e-05,12.24968710121894
15.389830508474576,0.7796610169491525,2.431953730151106e-05,1.1636505661455669e-05,1.244982285694001e-05,12.249796361997223
15.661016949152541,0.7796610169491525,1.439562922477807e-05,6.637807163295416e-06,1.1928043040675108e-05,12.249883838650018
15.932203389830509,0.7796610169491525,6.794491530730858e-06,3.0152778345476276e-06,1.192804305018169e-05,12.249947232694717
16.203389830508474,0.7796610169491525,4.053594519112226e-06,1.6985559616276414e-06,1.1928043053637156e-05,12.2499702752887
16.474576271186443,0.7796610169491525,2.4795529383500543e-06,1.0706932545528352e-06,1.1928043055284867e-05,12.24998126287521
16.74576271186441,0.7796610169491525,1.3238590370204314e-06,5.495924718058501e-07,1.1928043056652394e-05,12.249990382133628
17.016949152542374,0.7796610169491525,1.3067310445168221e-06,1.9190495320674424e-07,1.1928043057591028e-05,12.249996641663545
17.28813559322034,0.7796610169491525,1.306731044538549e-06,1.1632881460751573e-07,1.1928043057789352e-05,12.249997964245829
17.559322033898304,0.7796610169491525,1.3067310445512745e-06,7.206267661724627e-08,1.1928043057905513e-05,12.249998738903187
17.83050847457627,0.7796610169491525,1.3067310445512745e-06,7.206267661724627e-08,1.1928043057905513e-05,12.249998738903187
18.101694915254235,0.7796610169491525,1.3067310445512745e-06,7.206267661724627e-08,1.1928043057905513e-05,12.249998738903187
18.372881355932204,0.7796610169491525,1.3067310445512745e-06,7.206267661724627e-08,1.1928043057905513e-05,12.249998738903187
18.64406779661017,0.7796610169491525,1.3067310445512745e-06,7.206267661724627e-08,1.1928043057905513e-05,12.249998738903187
18.915254237288135,0.7796610169491525,1.3067310445512745e-06,7.206267661724627e-08,1.1928043057905513e-05,12.249998738903187
19.186440677966104,0.7796610169491525,1.3067310445512745e-06,7.206267661724627e-08,1.1928043057905513e-05,12.249998738903187
19.45762711864407,0.7796610169491525,1.3067310445512745e-06,7.206267661724627e-08,1.1928043057905513e-05,12.249998738903187
19.728813559322035,0.7796610169491525,1.3067310445512745e-06,7.206267661724627e-08,1.1928043057905513e-05,12.249998738903187
20.0,0.7796610169491525,1.3067310445512745e-06,7.206267661724627e-08,1.1928043057905513e-05,12.249998738903187
4.0,0.8440677966101695,0.37331351695490034,1.5054158148204124,15.852042953147235,0.06945308758907189
4.271186440677966,0.8440677966101695,0.746423723251936,2.6458766885368314,15.837647152202509,9.701304518996881
4.5423728813559325,0.8440677966101695,1.4426836638821148,4.835095449128577,15.810437532737085,73.74925465389913
4.813559322033898,0.8440677966101695,2.746093063520957,9.310059958686402,15.75531689545098,391.0565534375869
5.084745762711864,0.8440677966101695,5.077296483921926,17.646997392920177,15.645090784367381,1649.7807767847191
5.3559322033898304,0.8440677966101695,8.035370882204578,27.753734974273222,15.468929974960176,4340.745919338947
5.627118644067797,0.8440677966101695,11.698800041014184,44.301281734382826,15.131431994613035,11503.24984033056
5.898305084745763,0.8440677966101695,15.51768918898192,73.29446556172624,14.431043911659012,32305.088615039
6.169491525423728,0.8440677966101695,18.923384857752886,72.85882527341059,13.736855885768305,31914.773184098893
6.4406779661016955,0.8440677966101695,21.84106758986579,45.73826806905746,13.217245087285738,12286.762596022501
6.711864406779661,0.8440677966101695,23.274440410458457,21.297748799475478,12.497017529230632,2474.5025455439245
6.983050847457627,0.8440677966101695,22.327657620406434,4.133934590260415,11.511523748632065,46.71498964888989
7.254237288135593,0.8440677966101695,23.337019665114113,3.2303198763617944,10.893847065771588,20.937942811281587
7.525423728813559,0.8440677966101695,23.811077230637718,2.9478370404704703,10.264177588654054,14.973746899077403
7.796610169491526,0.8440677966101695,23.38093346067463,2.615746934872274,9.583524675700136,9.237753810320807
8.067796610169491,0.8440677966101695,20.638296760350716,2.3080396148042843,8.699133335839447,5.153349637836958
8.338983050847457,0.8440677966101695,13.92918342280598,2.1705875524356966,7.194565636982011,3.7112823498052347
8.610169491525424,0.8440677966101695,8.087420927169486,2.001067054590778,5.481764394590882,2.258010025715209
8.881355932203391,0.8440677966101695,3.497674719932325,1.788689511966036,3.6593975057194936,0.9442471044524706
9.152542372881356,0.8440677966101695,1.878372995358816,1.57644688409286,2.535075009148534,0.1945843931629951
9.423728813559322,0.8440677966101695,1.6066713717362393,1.3862777622418165,1.9649299383243122,0.0011768738068257095
9.694915254237287,0.8440677966101695,1.3085173568170094,1.1927588170980374,1.450032152954787,0.26843067431627915
9.966101694915254,0.8440677966101695,1.0000000094781947,0.9999999950861972,0.9999999938970615,1.0000000245690137
10.237288135593221,0.8440677966101695,0.806287758456525,0.7717376896011907,0.668233588290957,2.4669595666728106
10.508474576271187,0.8440677966101695,0.6282726523050672,0.5598028127937019,0.4038160013484912,4.4120707086835935
10.779661016949152,0.8440677966101695,0.4573817780625796,0.3756843435104251,0.20321842060571038,6.557641025810428
11.050847457627118,0.8440677966101695,0.3145809678459486,0.23608700556234025,0.08559005123180044,8.466834116380245
11.322033898305085,0.8440677966101695,0.23825102390888578,0.16941633783493049,0.06605358355521374,9.464600934922458
11.593220338983052,0.8440677966101695,0.16909888379458204,0.1132646882831006,0.04910021220833022,10.348048515119912
11.864406779661017,0.8440677966101695,0.10903197223493287,0.06793053957986482,0.03467568027281262,11.090056546149935
12.135593220338983,0.8440677966101695,0.06132015802630831,0.035555347527866786,0.023074023779662133,11.635682560373752
12.40677966101695,0.8440677966101695,0.030144185317343145,0.01649615008747125,0.014116512590158704,11.963018142017427
12.677966101694915,0.8440677966101695,0.01159318768216084,0.0058599286757565604,0.007380292507403544,12.147665865449786
12.94915254237288,0.8440677966101695,0.0023545432404792205,0.0009830771133934066,0.0028252238790983045,12.23280219076943
13.220338983050848,0.8440677966101695,0.0011330046422766262,0.0004213355078055629,0.0016917236402914143,12.242627738135962
13.491525423728813,0.8440677966101695,0.0007830557884158267,0.00028123486670812156,0.001149890707938123,12.24507888416417
13.76271186440678,0.8440677966101695,0.0004873299512779124,0.00016730503224203532,0.0007138257396937007,12.24707233687935
14.033898305084746,0.8440677966101695,0.0002686060077783216,8.736739508755179e-05,0.0003962385321823319,12.2484711182926
14.305084745762711,0.8440677966101695,0.0001887069965355879,6.466747648132402e-05,0.0002435845622513241,12.248868345298341
14.576271186440678,0.8440677966101695,0.00012081219802134363,4.504199717006517e-05,0.0001280884667585842,12.249211777729405
14.847457627118644,0.8440677966101695,6.642266808894094e-05,2.866469620822405e-05,4.954709639483451e-05,12.24949837295176
15.11864406779661,0.8440677966101695,3.643366947979164e-05,1.7862554594853395e-05,1.846349473054533e-05,12.249687407288782
15.389830508474576,0.8440677966101695,2.4328865988726056e-05,1.1620224343895629e-05,1.2482796883544673e-05,12.249796646917915
15.661016949152541,0.8440677966101695,1.4372674018676693e-05,6.6493211644796715e-06,1.1928043040644892e-05,12.24988363715595
15.932203389830509,0.8440677966101695,6.824833564393602e-06,3.0062497317083218e-06,1.192804305020538e-05,12.249947390686176
16.203389830508474,0.8440677966101695,4.066982319843341e-06,1.6954466037540705e-06,1.1928043053645315e-05,12.249970329702398
16.474576271186443,0.8440677966101695,2.4923189719775266e-06,1.0665320322503506e-06,1.1928043055295787e-05,12.24998133569654
16.74576271186441,0.8440677966101695,1.331051188338687e-06,5.473281321958287e-07,1.1928043056658335e-05,12.249990421759557
17.016949152542374,0.8440677966101695,1.3067310445166872e-06,1.9237383035217694e-07,1.1928043057589796e-05,12.249996633458196
17.28813559322034,0.8440677966101695,1.306731044542656e-06,1.0204240876169576e-07,1.1928043057826842e-05,12.24999821425791
17.559322033898304,0.8440677966101695,1.3067310445512745e-06,7.206267661724627e-08,1.1928043057905513e-05,12.249998738903187
17.83050847457627,0.8440677966101695,1.3067310445512745e-06,7.206267661724627e-08,1.1928043057905513e-05,12.249998738903187
18.101694915254235,0.8440677966101695,1.3067310445512745e-06,7.206267661724627e-08,1.1928043057905513e-05,12.249998738903187
18.372881355932204,0.8440677966101695,1.3067310445512745e-06,7.206267661724627e-08,1.1928043057905513e-05,12.249998738903187
18.64406779661017,0.8440677966101695,1.3067310445512745e-06,7.206267661724627e-08,1.1928043057905513e-05,12.249998738903187
18.915254237288135,0.8440677966101695,1.3067310445512745e-06,7.206267661724627e-08,1.1928043057905513e-05,12.249998738903187
19.186440677966104,0.8440677966101695,1.3067310445512745e-06,7.206267661724627e-08,1.1928043057905513e-05,12.249998738903187
19.45762711864407,0.8440677966101695,1.3067310445512745e-06,7.206267661724627e-08,1.1928043057905513e-05,12.249998738903187
19.728813559322035,0.8440677966101695,1.3067310445512745e-06,7.206267661724627e-08,1.1928043057905513e-05,12.249998738903187
20.0,0.8440677966101695,1.3067310445512745e-06,7.206267661724627e-08,1.1928043057905513e-05,12.249998738903187
4.0,0.9084745762711863,0.37692752902049476,1.5129483247350555,15.851966271604388,0.07973327537784727
4.271186440677966,0.9084745762711863,0.7494419448824494,2.65099855746269,15.837593215770111,9.781233692335825
4.5423728813559325,0.9084745762711863,1.4450938330449934,4.838680909639875,15.81039818953506,73.90328998951071
4.813559322033898,0.9084745762711863,2.7480518767930033,9.312800403821038,15.75528538925724,391.32756394193984
5.084745762711864,0.9084745762711863,5.078774112393356,17.64897208040517,15.64506599774785,1650.181835436167
5.3559322033898304,0.9084745762711863,8.036329203916836,27.754922036917403,15.468912013442198,4341.136972324965
5.627118644067797,0.9084745762711863,11.699374950223408,44.30200632883322,15.131418451537463,11503.638418995286
5.898305084745763,0.9084745762711863,15.518012839557306,73.29492811600448,14.431032888301203,32305.504305034065
6.169491525423728,0.9084745762711863,18.923547297445353,72.85899585455039,13.736849194042259,31914.925553379053
6.4406779661016955,0.9084745762711863,21.8411458570023,45.73830843213979,13.21724158460803,12286.784966397237
6.711864406779661,0.9084745762711863,23.274475437566366,21.297755704492747,12.497015668973436,2474.50426297296
6.983050847457627,0.9084745762711863,22.327672157630488,4.133935067821027,11.511522737340291,46.71500596913477
7.254237288135593,0.9084745762711863,23.337026139542072,3.2303200091350113,10.893846582879112,20.937945848999924
7.525423728813559,0.9084745762711863,23.811080074155413,2.9478370820439155,10.26417735988681,14.973747703438892
7.796610169491526,0.9084745762711863,23.380934673857375,2.6157469465675396,9.58352456756632,9.23775398805185
8.067796610169491,0.9084745762711863,20.638297240435943,2.3080396174545657,8.699133283090566,5.153349667918962
8.338983050847457,0.9084745762711863,13.929183560916252,2.170587551842107,7.194565613188504,3.711282344087575
8.610169491525424,0.9084745762711863,8.087420957477471,2.0010670531882075,5.481764386669647,2.2580100151772227
8.881355932203391,0.9084745762711863,3.497674729968018,1.7886895088658876,3.6593975042655575,0.9442470893900312
9.152542372881356,0.9084745762711863,1.8783729969846872,1.576446885786523,2.5350750027457556,0.1945843968985146
9.423728813559322,0.9084745762711863,1.6066713746820493,1.3862777636821761,1.9649299307044064,0.0011768735597637596
9.694915254237287,0.9084745762711863,1.308517353516151,1.1927588184399156,1.4500321568924366,0.26843067084012395
9.966101694915254,0.9084745762711863,1.0000000086327876,0.9999999889542261,1.0000000085029315,1.0000000552288693
10.237288135593221,0.9084745762711863,0.8062877714189252,0.7717376761982951,0.6682335912888355,2.4669596719294877
10.508474576271187,0.9084745762711863,0.6282726352808498,0.5598028191781468,0.4038160162883696,4.412070641631185
10.779661016949152,0.9084745762711863,0.4573817806929994,0.37568433161436376,0.20321843028984157,6.557641178126954
11.050847457627118,0.9084745762711863,0.3145809419571723,0.23608702970603293,0.08559004264313375,8.46683376511578
11.322033898305085,0.9084745762711863,0.23825101948701816,0.16941634775597028,0.06605357434751781,9.464600782314093
11.593220338983052,0.9084745762711863,0.16909881534954335,0.11326469838713847,0.04910025734901156,10.348048352604634
11.864406779661017,0.9084745762711863,0.10903197495166927,0.067930534849207,0.03467568752641872,11.090056624919495
12.135593220338983,0.9084745762711863,0.06132019257052277,0.03555533090035448,0.023074017883740798,11.635682843965254
12.40677966101695,0.9084745762711863,0.03014425959100257,0.016496093925381063,0.01411654509470605,11.963019113273296
12.677966101694915,0.9084745762711863,0.011593303945539625,0.005859867893662251,0.007380305094612149,12.147666924684227
12.94915254237288,0.9084745762711863,0.0023545453927068544,0.0009830746483035166,0.002825237855919198,12.232802233878212
13.220338983050848,0.9084745762711863,0.0011330069578806262,0.00042133553113819886,0.001691708489453838,12.242627737727764
13.491525423728813,0.9084745762711863,0.0007830392877227775,0.00028124559661892625,0.0011498328832027303,12.24507869642845
13.76271186440678,0.9084745762711863,0.00048731271521914156,0.00016731126855104323,0.0007138214810963543,12.247072227756984
14.033898305084746,0.9084745762711863,0.0002685812197364822,8.737971619840998e-05,0.00039618294870019,12.248470902686616
14.305084745762711,0.9084745762711863,0.00018871307994861613,6.46627954407552e-05,0.00024361635691720138,12.248868427212765
14.576271186440678,0.9084745762711863,0.00012080508351004456,4.5043341349810975e-05,0.0001281121303518131,12.249211754207014
14.847457627118644,0.9084745762711863,6.641850573784685e-05,2.867784040792174e-05,4.949014841885972e-05,12.249498142932973
15.11864406779661,0.9084745762711863,3.641524800569124e-05,1.7877335620000194e-05,1.845096229416099e-05,12.24968714862414
15.389830508474576,0.9084745762711863,2.4283054691146364e-05,1.164195652304395e-05,1.2487231541091614e-05,12.249796266607937
15.661016949152541,0.9084745762711863,1.4352995762873513e-05,6.6592067674577605e-06,1.1928043040618954e-05,12.24988346415872
15.932203389830509,0.9084745762711863,6.786734322198211e-06,3.020207338645769e-06,1.1928043050168756e-05,12.249947146428582
16.203389830508474,0.9084745762711863,4.011775980961356e-06,1.7144288055695962e-06,1.1928043053595506e-05,12.24996999751427
16.474576271186443,0.9084745762711863,2.503247776356265e-06,1.0629845479157298e-06,1.1928043055305096e-05,12.249981397777471
16.74576271186441,0.9084745762711863,1.3370368294716849e-06,5.454518550773121e-07,1.1928043056663258e-05,12.249990454594393
17.016949152542374,0.9084745762711863,1.3067310445152087e-06,1.975169771071964e-07,1.19280430575763e-05,12.249996543453143
17.28813559322034,0.9084745762711863,1.3067310445391078e-06,1.1438437978458076e-07,1.1928043057794455e-05,12.249997998273434
17.559322033898304,0.9084745762711863,1.3067310445512745e-06,7.206267661724627e-08,1.1928043057905513e-05,12.249998738903187
17.83050847457627,0.9084745762711863,1.3067310445512745e-06,7.206267661724627e-08,1.1928043057905513e-05,12.249998738903187
18.101694915254235,0.9084745762711863,1.3067310445512745e-06,7.206267661724627e-08,1.1928043057905513e-05,12.249998738903187
18.372881355932204,0.9084745762711863,1.3067310445512745e-06,7.206267661724627e-08,1.1928043057905513e-05,12.249998738903187
18.64406779661017,0.9084745762711863,1.3067310445512745e-06,7.206267661724627e-08,1.1928043057905513e-05,12.249998738903187
18.915254237288135,0.9084745762711863,1.3067310445512745e-06,7.206267661724627e-08,1.1928043057905513e-05,12.249998738903187
19.186440677966104,0.9084745762711863,1.3067310445512745e-06,7.206267661724627e-08,1.1928043057905513e-05,12.249998738903187
19.45762711864407,0.9084745762711863,1.3067310445512745e-06,7.206267661724627e-08,1.1928043057905513e-05,12.249998738903187
19.728813559322035,0.9084745762711863,1.3067310445512745e-06,7.206267661724627e-08,1.1928043057905513e-05,12.249998738903187
20.0,0.9084745762711863,1.3067310445512745e-06,7.206267661724627e-08,1.1928043057905513e-05,12.249998738903187
4.0,0.9728813559322034,0.38056959403457863,1.5204978318137827,15.851889398345804,0.09074829669889181
4.271186440677966,0.9728813559322034,0.7524698978892576,2.6561242868119677,15.837539229027144,9.861551399492967
4.5423728813559325,0.9728813559322034,1.4475071690339678,4.842267181895859,15.810358832779691,74.05752094723287
4.813559322033898,0.9728813559322034,2.7500117670281803,9.31554101060721,15.755253878921481,391.59868431627876
5.084745762711864,0.9728813559322034,5.080252063627833,17.65094678348293,15.645041209942066,1650.5829459974639
5.3559322033898304,0.9728813559322034,8.037287608563775,27.756109094879534,15.468894051606881,4341.528041382447
5.627118644067797,0.9728813559322034,11.699949879039202,44.30273091947065,15.131404908378947,11504.02700217814
5.898305084745763,0.9728813559322034,15.518336494501709,73.29539066820224,14.431021864924968,32305.919995833876
6.169491525423728,0.9728813559322034,18.923709737955022,72.85916643519067,13.736842502314262,31915.077922576747
6.4406779661016955,0.9728813559322034,21.8412241242199,45.738348795237584,13.217238081929715,12286.807336800914
6.711864406779661,0.9728813559322034,23.274510464791444,21.297762609618907,12.497013808703597,2474.5059804296766
6.983050847457627,0.9728813559322034,22.32768669458781,4.133935545371536,11.511521726068267,46.71502228903722
7.254237288135593,0.9728813559322034,23.337032612581552,3.2303201418852554,10.893846100090247,20.93794888619288
7.525423728813559,0.9728813559322034,23.811082916083404,2.947837123618961,10.264177131222166,14.973748507831369
7.796610169491526,0.9728813559322034,23.380935885571056,2.615746958240533,9.583524459582717,9.237754165444423
8.067796610169491,0.9728813559322034,20.638297721766467,2.308039619623539,8.699133230832965,5.153349692537885
8.338983050847457,0.9728813559322034,13.929183705192758,2.170587551064892,7.194565588578827,3.711282336601175
8.610169491525424,0.9728813559322034,8.087420997359201,2.001067051784807,5.481764375547924,2.2580100046330003
8.881355932203391,0.9728813559322034,3.4976747346494257,1.7886895083893375,3.6593975015116453,0.9442470870746558
9.152542372881356,0.9728813559322034,1.8783729993454077,1.5764468827093217,2.53507500652462,0.19458439011148215
9.423728813559322,0.9728813559322034,1.6066713790450877,1.3862777572095206,1.9649299387066557,0.00117687467000538
9.694915254237287,0.9728813559322034,1.3085173608001166,1.1927588091416919,1.4500321656194992,0.2684306949273104
9.966101694915254,0.9728813559322034,1.0000000019407824,1.000000003151986,0.9999999909454413,0.9999999842400696
10.237288135593221,0.9728813559322034,0.8062877659645202,0.7717376863753751,0.6682335800487503,2.4669595920060403
10.508474576271187,0.9728813559322034,0.6282726291607871,0.5598028324246471,0.4038159993108621,4.412070502510284
10.779661016949152,0.9728813559322034,0.45738179429002396,0.37568431873757907,0.2032184360304902,6.557641343000607
11.050847457627118,0.9728813559322034,0.31458098078107233,0.23608700517770703,0.08559004622944227,8.466834121976241
11.322033898305085,0.9728813559322034,0.23825108281799512,0.16941629798917637,0.06605358498068488,9.464601547841644
11.593220338983052,0.9728813559322034,0.16909878118450714,0.11326472404445087,0.04910024931345026,10.348047939927516
11.864406779661017,0.9728813559322034,0.10903197727333316,0.06793053072287655,0.0346756938083683,11.09005669362648
12.135593220338983,0.9728813559322034,0.06132022194421202,0.03555531612837143,0.02307401254391014,11.635683095909675
12.40677966101695,0.9728813559322034,0.03014421549523559,0.016496121083302322,0.014116536133723687,11.963018643609674
12.677966101694915,0.9728813559322034,0.01159325663599423,0.005859907046029741,0.007380233787842911,12.147666242385654
12.94915254237288,0.9728813559322034,0.002354523363652915,0.0009830864580134212,0.0028252213087516095,12.232802027353413
13.220338983050848,0.9728813559322034,0.00113298020098023,0.0004213436659708239,0.0016917266437809313,12.242627595411038
13.491525423728813,0.9728813559322034,0.0007830907219963175,0.00028123085321989544,0.001149778043242032,12.245078954386106
13.76271186440678,0.9728813559322034,0.0004873418087534115,0.00016730525232021406,0.0007137690352551734,12.247072333028443
14.033898305084746,0.9728813559322034,0.00026857935850222277,8.737409757620026e-05,0.0003962652504442271,12.24847100100637
14.305084745762711,0.9728813559322034,0.00018867842712326534,6.467742993844517e-05,0.0002436012741380546,12.248868171120888
14.576271186440678,0.9728813559322034,0.00012079613278797185,4.504347267142135e-05,0.0001281297242792339,12.249211751908966
14.847457627118644,0.9728813559322034,6.639496590439018e-05,2.8683104387027545e-05,4.950527079235351e-05,12.249498050815228
15.11864406779661,0.9728813559322034,3.643826379838506e-05,1.786233623687082e-05,1.845984997330343e-05,12.249687411109997
15.389830508474576,0.9728813559322034,2.430809958516035e-05,1.1634401893614768e-05,1.2462731708742167e-05,12.249796398812855
15.661016949152541,0.9728813559322034,1.4335939519780499e-05,6.6677866015118e-06,1.1928043040596439e-05,12.249883314012344
15.932203389830509,0.9728813559322034,6.813564967750555e-06,3.0120337211756225e-06,1.1928043050190203e-05,12.24994728946658
16.203389830508474,0.9728813559322034,4.026184302850071e-06,1.7106415827577276e-06,1.1928043053605443e-05,12.249970063790586
16.474576271186443,0.9728813559322034,2.558151689135779e-06,1.031666311351675e-06,1.1928043055387277e-05,12.249981945846201
16.74576271186441,0.9728813559322034,1.339668250812898e-06,5.446293483066737e-07,1.1928043056665418e-05,12.249990468988257
17.016949152542374,0.9728813559322034,1.3067310445151715e-06,1.9764691179900315e-07,1.192804305757596e-05,12.249996541179287
17.28813559322034,0.9728813559322034,1.306731044542656e-06,1.0204240876169576e-07,1.1928043057826842e-05,12.24999821425791
17.559322033898304,0.9728813559322034,1.3067310445512745e-06,7.206267661724627e-08,1.1928043057905513e-05,12.249998738903187
17.83050847457627,0.9728813559322034,1.3067310445512745e-06,7.206267661724627e-08,1.1928043057905513e-05,12.249998738903187
18.101694915254235,0.9728813559322034,1.3067310445512745e-06,7.206267661724627e-08,1.1928043057905513e-05,12.249998738903187
18.372881355932204,0.9728813559322034,1.3067310445512745e-06,7.206267661724627e-08,1.1928043057905513e-05,12.249998738903187
18.64406779661017,0.9728813559322034,1.3067310445512745e-06,7.206267661724627e-08,1.1928043057905513e-05,12.249998738903187
18.915254237288135,0.9728813559322034,1.3067310445512745e-06,7.206267661724627e-08,1.1928043057905513e-05,12.249998738903187
19.186440677966104,0.9728813559322034,1.3067310445512745e-06,7.206267661724627e-08,1.1928043057905513e-05,12.249998738903187
19.45762711864407,0.9728813559322034,1.3067310445512745e-06,7.206267661724627e-08,1.1928043057905513e-05,12.249998738903187
19.728813559322035,0.9728813559322034,1.3067310445512745e-06,7.206267661724627e-08,1.1928043057905513e-05,12.249998738903187
20.0,0.9728813559322034,1.3067310445512745e-06,7.206267661724627e-08,1.1928043057905513e-05,12.249998738903187
4.0,1.0372881355932204,0.3842398508515535,1.528064219150298,15.851812334365013,0.10250277641609734
4.271186440677966,1.0372881355932204,0.7555076017247443,2.6612538609094423,15.837485192095802,9.942258135368593
4.5423728813559325,1.0372881355932204,1.449923674274734,4.84585426377928,15.810319462486989,74.21194754503654
4.813559322033898,1.0372881355932204,2.7519727345386995,9.318281778714681,15.755222364446242,391.86991454453073
5.084745762711864,1.0372881355932204,5.081730337655481,17.65292150211325,15.645016420950386,1650.9841084615957
5.3559322033898304,1.0372881355932204,8.038246096145123,27.7572961481461,15.46887608945437,4341.919126506733
5.627118644067797,1.0372881355932204,11.70052482745636,44.303455506316304,15.131391365137304,11504.415589890394
5.898305084745763,1.0372881355932204,15.518660153859539,73.29585321837995,14.43101084152879,32306.3356874927
6.169491525423728,1.0372881355932204,18.923872179316035,72.85933701536992,13.736835810582747,31915.230291726348
6.4406779661016955,1.0372881355932204,21.841302391681506,45.73838915803482,13.217234579255988,12286.829707058372
6.711864406779661,1.0372881355932204,23.274545492134212,21.297769514836737,12.49701194842209,2474.5076979097894
6.983050847457627,1.0372881355932204,22.327701231715004,4.133936022947249,11.51152071477353,46.71503860980387
7.254237288135593,1.0372881355932204,23.337039086560846,3.230320274640248,10.893845617237243,20.937951923494705
7.525423728813559,1.0372881355932204,23.811085759173395,2.9478371651713995,10.264176902498159,14.973749311786465
7.796610169491526,1.0372881355932204,23.380937099882043,2.6157469697831637,9.583524351515898,9.237754340855904
8.067796610169491,1.0372881355932204,20.638298199056,2.3080396222408597,8.699133178443619,5.153349722245769
8.338983050847457,1.0372881355932204,13.9291838383739,2.1705875501971037,7.194565566216832,3.711282328242337
8.610169491525424,1.0372881355932204,8.087421030635962,2.001067051443108,5.4817643647321725,2.2580100020656992
8.881355932203391,1.0372881355932204,3.4976747405740833,1.7886895089050576,3.659397495362288,0.9442470895803433
9.152542372881356,1.0372881355932204,1.878372998991244,1.5764468829939962,2.5350750065658314,0.19458439073935627
9.423728813559322,1.0372881355932204,1.6066713725095143,1.3862777625096399,1.9649299372907922,0.001176873760886519
9.694915254237287,1.0372881355932204,1.3085173573195275,1.1927588104989126,1.4500321679024433,0.2684306914114098
9.966101694915254,1.0372881355932204,1.0000000017256452,0.9999999973379603,1.0000000039780572,1.0000000133101978
10.237288135593221,1.0372881355932204,0.8062877707698752,0.7717376690166169,0.6682336075132436,2.4669597283292117
10.508474576271187,1.0372881355932204,0.628272654983236,0.5598028143040593,0.4038159962963647,4.412070692821119
10.779661016949152,1.0372881355932204,0.4573817633951045,0.3756843451010476,0.20321842925150313,6.557641005444182
11.050847457627118,1.0372881355932204,0.31458095730342184,0.23608702634654916,0.08559003901776689,8.466833813992613
11.322033898305085,1.0372881355932204,0.23825106198743168,0.1694163147900417,0.06605358019569872,9.464601289405762
11.593220338983052,1.0372881355932204,0.16909875123406873,0.1132647464967351,0.04910024226760432,10.348047578800694
11.864406779661017,1.0372881355932204,0.10903200303047007,0.06793054188966971,0.034675638974459806,11.09005650768968
12.135593220338983,1.0372881355932204,0.06132021167431469,0.03555528231932288,0.02307407869272331,11.635683672541889
12.40677966101695,1.0372881355932204,0.03014419150055185,0.016496140358146696,0.014116522317719265,11.963018310274403
12.677966101694915,1.0372881355932204,0.011593292933744856,0.005859898645148089,0.007380209468753351,12.147666388785728
12.94915254237288,1.0372881355932204,0.0023545263430150213,0.000983083660499471,0.0028252335418250184,12.23280207627553
13.220338983050848,1.0372881355932204,0.0011330071881176882,0.0004213327202159041,0.0016917408313115625,12.242627786904102
13.491525423728813,1.0372881355932204,0.0007830676724832167,0.00028123819086488884,0.001149811423146403,12.245078826003114
13.76271186440678,1.0372881355932204,0.00048732597640724226,0.00016731070031056978,0.0007137688249378598,12.247072237700003
14.033898305084746,1.0372881355932204,0.0002685909361791328,8.737198831133204e-05,0.00039625353157597546,12.2484710379162
14.305084745762711,1.0372881355932204,0.00018873003495919224,6.465944609857276e-05,0.00024357946440104264,12.248868485823545
14.576271186440678,1.0372881355932204,0.00012080720955293465,4.504847107043286e-05,0.00012805725698294,12.249211664439796
14.847457627118644,1.0372881355932204,6.642134877535173e-05,2.8664881088379037e-05,4.9548819252331224e-05,12.249498369716422
15.11864406779661,1.0372881355932204,3.645597203885191e-05,1.7847997662042013e-05,1.8466391455172987e-05,12.249687662031855
15.389830508474576,1.0372881355932204,2.4319408961555296e-05,1.1622703733345091e-05,1.2490337668166395e-05,12.249796603528956
15.661016949152541,1.0372881355932204,1.4321013977758792e-05,6.67530334872473e-06,1.1928043040576716e-05,12.249883182469894
15.932203389830509,1.0372881355932204,6.875320967814733e-06,2.979917164292266e-06,1.1928043050274478e-05,12.24994785150512
16.203389830508474,1.0372881355932204,4.038808830513681e-06,1.7073322296517678e-06,1.1928043053614127e-05,12.249970121704198
16.474576271186443,1.0372881355932204,2.5636322921680384e-06,1.030813980777459e-06,1.1928043055389513e-05,12.249981960761973
16.74576271186441,1.0372881355932204,1.3443429105725782e-06,5.43171700661532e-07,1.1928043056669241e-05,12.249990494497078
17.016949152542374,1.0372881355932204,1.3067310445151715e-06,1.9764691179903457e-07,1.192804305757596e-05,12.249996541179287
17.28813559322034,1.0372881355932204,1.306731044539533e-06,1.1290554944390833e-07,1.1928043057798334e-05,12.249998024152964
17.559322033898304,1.0372881355932204,1.3067310445512745e-06,7.206267661724627e-08,1.1928043057905513e-05,12.249998738903187
17.83050847457627,1.0372881355932204,1.3067310445512745e-06,7.206267661724627e-08,1.1928043057905513e-05,12.249998738903187
18.101694915254235,1.0372881355932204,1.3067310445512745e-06,7.206267661724627e-08,1.1928043057905513e-05,12.249998738903187
18.372881355932204,1.0372881355932204,1.3067310445512745e-06,7.206267661724627e-08,1.1928043057905513e-05,12.249998738903187
18.64406779661017,1.0372881355932204,1.3067310445512745e-06,7.206267661724627e-08,1.1928043057905513e-05,12.249998738903187
18.915254237288135,1.0372881355932204,1.3067310445512745e-06,7.206267661724627e-08,1.1928043057905513e-05,12.249998738903187
19.186440677966104,1.0372881355932204,1.3067310445512745e-06,7.206267661724627e-08,1.1928043057905513e-05,12.249998738903187
19.45762711864407,1.0372881355932204,1.3067310445512745e-06,7.206267661724627e-08,1.1928043057905513e-05,12.249998738903187
19.728813559322035,1.0372881355932204,1.3067310445512745e-06,7.206267661724627e-08,1.1928043057905513e-05,12.249998738903187
20.0,1.0372881355932204,1.3067310445512745e-06,7.206267661724627e-08,1.1928043057905513e-05,12.249998738903187
4.0,1.1016949152542372,0.3879384382285697,1.5356473689154626,15.85173508066328,0.11500130433554773
4.271186440677966,1.1016949152542372,0.7585550758294854,2.6663872640405746,15.837431105098679,10.023354390776074
4.5423728813559325,1.1016949152542372,1.452343351192098,4.849442153171611,15.81028007867299,74.36656980048251
4.813559322033898,1.1016949152542372,2.7539347796366727,9.321022707814302,15.755190845834049,392.14125461068636
5.084745762711864,1.1016949152542372,5.083208934509525,17.654896236251385,15.644991630773168,1651.3853228206217
5.3559322033898304,1.1016949152542372,8.039204666665128,27.758483196713737,15.468858126984697,4342.310227696502
5.627118644067797,1.1016949152542372,11.701099795486604,44.30418008936321,15.131377821812496,11504.804182128188
5.898305084745763,1.1016949152542372,15.518983817606877,73.29631576647937,14.430999818113829,32306.751379958176
6.169491525423728,1.1016949152542372,18.92403462150944,72.85950759504702,13.736829118849014,31915.382660791136
6.4406779661016955,1.1016949152542372,21.841380659181493,45.73842952097782,13.217231076578905,12286.852077416981
6.711864406779661,1.1016949152542372,23.27458051952587,21.297776419957952,12.497010088147544,2474.509415366467
6.983050847457627,1.1016949152542372,22.32771576882885,4.133936500514675,11.511519703484398,46.71505493029018
7.254237288135593,1.1016949152542372,23.337045560508475,3.230320407411174,10.893845134371782,20.93795496116129
7.525423728813559,1.1016949152542372,23.811088602520158,2.94783720670349,10.264176673775328,14.973750115347894
7.796610169491526,1.1016949152542372,23.380938314102945,2.615746981473778,9.583524243294189,9.237754518516267
8.067796610169491,1.1016949152542372,20.638298684921356,2.308039624581338,8.699133125484654,5.153349748811361
8.338983050847457,1.1016949152542372,13.92918397393612,2.1705875498416733,7.194565542538224,3.7112823248187095
8.610169491525424,1.1016949152542372,8.087421060325626,2.0010670508702892,5.481764355429083,2.258009997761919
8.881355932203391,1.1016949152542372,3.4976747499191894,1.788689505877885,3.6593974942352894,0.944247074872466
9.152542372881356,1.1016949152542372,1.878373002413021,1.5764468816604555,2.53507500453221,0.1945843877981177
9.423728813559322,1.1016949152542372,1.6066713748935344,1.3862777636817818,1.964929931067804,0.0011768735598314019
9.694915254237287,1.1016949152542372,1.3085173545351714,1.1927588119611245,1.4500321702390142,0.2684306876235281
9.966101694915254,1.1016949152542372,1.0000000055622842,0.999999996230349,0.9999999980803655,1.0000000188482545
10.237288135593221,1.1016949152542372,0.8062877659856678,0.7717376784183558,0.6682335966343271,2.466959654494732
10.508474576271187,1.1016949152542372,0.6282726407885962,0.5598028194807947,0.4038160089116053,4.4120706384526365
10.779661016949152,1.1016949152542372,0.4573817764131,0.37568433294100534,0.20321843438142495,6.5576411611407055
11.050847457627118,1.1016949152542372,0.3145809637552151,0.23608699611714848,0.08559006435154029,8.466834253797515
11.322033898305085,1.1016949152542372,0.23825105611495526,0.1694163243183257,0.0660535727992938,9.464601142838871
11.593220338983052,1.1016949152542372,0.1690988167991366,0.11326469780258758,0.04910025448850603,10.348048362006663
11.864406779661017,1.1016949152542372,0.10903200343914413,0.06793053783420579,0.03467564736032754,11.090056575216671
12.135593220338983,1.1016949152542372,0.06132023705654877,0.035555272439246055,0.023074070632918192,11.635683841052122
12.40677966101695,1.1016949152542372,0.030144131192948745,0.016496147754580397,0.014116594027125999,11.96301818236197
12.677966101694915,1.1016949152542372,0.011593294407045316,0.005859882862991728,0.007380265740796471,12.147666663817443
12.94915254237288,1.1016949152542372,0.0023545291055773196,0.0009830812449928535,0.0028252445024849137,12.232802118517212
13.220338983050848,1.1016949152542372,0.001132984679733027,0.0004213404896828832,0.0016917566646604844,12.242627650979347
13.491525423728813,1.1016949152542372,0.0007830765484972763,0.000281234938005833,0.001149802409608181,12.245078882916708
13.76271186440678,1.1016949152542372,0.0004873380641380304,0.00016730265169324234,0.000713806822727341,12.247072378533971
14.033898305084746,1.1016949152542372,0.00026856975327572426,8.73813521716506e-05,0.0003962044233748554,12.248470874058873
14.305084745762711,1.1016949152542372,0.00018869844027918746,6.467256478099249e-05,0.00024356830117524438,12.248868256257209
14.576271186440678,1.1016949152542372,0.00012078743517545579,4.504390713794257e-05,0.00012815823978833883,12.249211744306043
14.847457627118644,1.1016949152542372,6.640064957462045e-05,2.8670394476957794e-05,4.955895720200341e-05,12.249498273234096
15.11864406779661,1.1016949152542372,3.640024047496926e-05,1.7885457048831892e-05,1.8438710987564896e-05,12.249687006500954
15.389830508474576,1.1016949152542372,2.4298690576895422e-05,1.1646000846317032e-05,1.24476606259923e-05,12.24979619583287
15.661016949152541,1.1016949152542372,1.4350513784307045e-05,6.652501644660056e-06,1.1928043040636549e-05,12.249883581497814
15.932203389830509,1.1016949152542372,6.840872375503428e-06,2.992886618936846e-06,1.1928043050240446e-05,12.24994762454015
16.203389830508474,1.1016949152542372,4.049935360067996e-06,1.70440468186689e-06,1.192804305362181e-05,12.249970172936223
16.474576271186443,1.1016949152542372,2.5684563235791136e-06,1.0300648033019327e-06,1.192804305539148e-05,12.249981973872572
16.74576271186441,1.1016949152542372,1.348369263667424e-06,5.419197995511312e-07,1.1928043056672526e-05,12.24999051640534
17.016949152542374,1.1016949152542372,1.3067310445151715e-06,1.976469117990347e-07,1.192804305757596e-05,12.249996541179287
17.28813559322034,1.1016949152542372,1.306731044542656e-06,1.0204240876169581e-07,1.1928043057826842e-05,12.24999821425791
17.559322033898304,1.1016949152542372,1.3067310445512745e-06,7.206267661724627e-08,1.1928043057905513e-05,12.249998738903187
17.83050847457627,1.1016949152542372,1.3067310445512745e-06,7.206267661724627e-08,1.1928043057905513e-05,12.249998738903187
18.101694915254235,1.1016949152542372,1.3067310445512745e-06,7.206267661724627e-08,1.1928043057905513e-05,12.249998738903187
18.372881355932204,1.1016949152542372,1.3067310445512745e-06,7.206267661724627e-08,1.1928043057905513e-05,12.249998738903187
18.64406779661017,1.1016949152542372,1.3067310445512745e-06,7.206267661724627e-08,1.1928043057905513e-05,12.249998738903187
18.915254237288135,1.1016949152542372,1.3067310445512745e-06,7.206267661724627e-08,1.1928043057905513e-05,12.249998738903187
19.186440677966104,1.1016949152542372,1.3067310445512745e-06,7.206267661724627e-08,1.1928043057905513e-05,12.249998738903187
19.45762711864407,1.1016949152542372,1.3067310445512745e-06,7.206267661724627e-08,1.1928043057905513e-05,12.249998738903187
19.728813559322035,1.1016949152542372,1.3067310445512745e-06,7.206267661724627e-08,1.1928043057905513e-05,12.249998738903187
20.0,1.1016949152542372,1.3067310445512745e-06,7.206267661724627e-08,1.1928043057905513e-05,12.249998738903187
4.0,1.1661016949152543,0.39166549481788915,1.543247162364884,15.851657638249558,0.1282484345349467
4.271186440677966,1.1661016949152543,0.7616123396320059,2.6715244804517453,15.837376968158729,10.104840652425507
4.5423728813559325,1.1661016949152543,1.4547662022093795,4.853030847952524,15.810240681353756,74.5213877306983
4.813559322033898,1.1661016949152543,2.75589790263406,9.323763797576,15.755159323087447,392.4127044986
5.084745762711864,1.1661016949152543,5.08468785422037,17.656870985853942,15.644966839410788,1651.7865890668734
5.3559322033898304,1.1661016949152543,8.040163320124737,27.759670240579172,15.468840164197902,4342.701344950471
5.627118644067797,1.1661016949152543,11.701674783129082,44.30490466860786,15.131364278404572,11505.192778889554
5.898305084745763,1.1661016949152543,15.519307485743221,73.29677831248756,14.430988794680228,32307.167073218625
6.169491525423728,1.1661016949152543,18.92419706453652,72.85967817417276,13.736822427113811,31915.53502972713
6.4406779661016955,1.1661016949152543,21.841458926948476,45.73846988381772,13.217227573899303,12286.874447738819
6.711864406779661,1.1661016949152543,23.27461554697753,21.297783325000673,12.497008227877219,2474.511132804218
6.983050847457627,1.1661016949152543,22.32773030571228,4.133936978109264,11.511518692194304,46.715071251707585
7.254237288135593,1.1661016949152543,23.337052033719466,3.23032054016588,10.893844651568532,20.937957998456984
7.525423728813559,1.1661016949152543,23.811091445047676,2.9478372483521897,10.264176445010273,14.973750921165491
7.796610169491526,1.1661016949152543,23.380939528699482,2.6157469930996493,9.583524135128014,9.237754695192741
8.067796610169491,1.1661016949152543,20.638299162774803,2.3080396270660395,8.69913307316823,5.153349777013951
8.338983050847457,1.1661016949152543,13.929184114857273,2.1705875492962883,7.194565518131369,3.711282319565373
8.610169491525424,1.1661016949152543,8.087421099911694,2.001067049180401,5.481764344856129,2.258009985065217
8.881355932203391,1.1661016949152543,3.497674754642416,1.7886895075521148,3.6593974867231727,0.9442470830069096
9.152542372881356,1.1661016949152543,1.8783729985033952,1.5764468849667999,2.535075002777987,0.19458439509054457
9.423728813559322,1.1661016949152543,1.6066713805879105,1.3862777600642207,1.964929929902819,0.0011768741803443443
9.694915254237287,1.1661016949152543,1.3085173635107643,1.1927588072548805,1.4500321650148706,0.2684306998151234
9.966101694915254,1.1661016949152543,0.9999999958261053,1.0000000033510803,0.9999999999344696,0.9999999832445982
10.237288135593221,1.1661016949152543,0.806287775668198,0.7717376685940016,0.6682335985088673,2.4669597316481275
10.508474576271187,1.1661016949152543,0.6282726352684014,0.5598028304176478,0.4038159950839641,4.412070523588723
10.779661016949152,1.1661016949152543,0.4573817499079161,0.3756843555991443,0.20321842843771246,6.557640871027124
11.050847457627118,1.1661016949152543,0.3145809459119048,0.23608701702439497,0.0855900575070688,8.466833949619817
11.322033898305085,1.1661016949152543,0.23825102209803117,0.16941632574746177,0.06605359799698171,9.46460112085548
11.593220338983052,1.1661016949152543,0.1690987882151039,0.11326471924082787,0.049100247942411836,10.348048017189907
11.864406779661017,1.1661016949152543,0.10903187528136153,0.06793059111752349,0.034675683860183805,11.090055688003188
12.135593220338983,1.1661016949152543,0.06132017361776749,0.0355553321903654,0.023074031096225852,11.635682821963398
12.40677966101695,1.1661016949152543,0.030144216457682053,0.01649611748787657,0.014116541102286146,11.963018705788244
12.677966101694915,1.1661016949152543,0.011593238284577303,0.005859906017989536,0.007380279235203922,12.147666260301053
12.94915254237288,1.1661016949152543,0.002354540547895792,0.0009830809770299952,0.0028252022914396816,12.23280212320327
13.220338983050848,1.1661016949152543,0.0011330128655310206,0.0004213325748857311,0.001691712289772823,12.242627789446617
13.491525423728813,1.1661016949152543,0.0007830844347459439,0.00028123204103837124,0.0011497943777394272,12.245078933603457
13.76271186440678,1.1661016949152543,0.00048735327434718787,0.00016729547770077727,0.0007138392805535776,12.24707250406384
14.033898305084746,1.1661016949152543,0.00026860438831813473,8.736788132463266e-05,0.0003962324798072479,12.248471109783983
14.305084745762711,1.1661016949152543,0.0001886985328551403,6.466852981642574e-05,0.000243594769470903,12.248868326865827
14.576271186440678,1.1661016949152543,0.00012083246121361138,4.5029437888010146e-05,0.00012812898404850444,12.249211997509772
14.847457627118644,1.1661016949152543,6.640066040591004e-05,2.8681197167908406e-05,4.951543414525681e-05,12.24949808419088
15.11864406779661,1.1661016949152543,3.642029156208394e-05,1.787249467822327e-05,1.8446811122488755e-05,12.249687233339541
15.389830508474576,1.1661016949152543,2.4309260063191245e-05,1.1634957324439494e-05,1.2473012579990574e-05,12.249796389092895
15.661016949152541,1.1661016949152543,1.433640676360753e-05,6.660034989843426e-06,1.192804304061678e-05,12.249883449664898
15.932203389830509,1.1661016949152543,6.860282262317483e-06,2.9876357846388435e-06,1.1928043050254225e-05,12.249947716429556
16.203389830508474,1.1661016949152543,4.0595394605630756e-06,1.7016808706927129e-06,1.1928043053628955e-05,12.249970220602858
16.474576271186443,1.1661016949152543,2.5170289344889573e-06,1.0469937984224346e-06,1.1928043055347056e-05,12.249981677615377
16.74576271186441,1.1661016949152543,1.3498040930164512e-06,5.412071129315446e-07,1.1928043056674396e-05,12.249990528877351
17.016949152542374,1.1661016949152543,1.3067310445151715e-06,1.9764691179903457e-07,1.192804305757596e-05,12.249996541179287
17.28813559322034,1.1661016949152543,1.306731044542656e-06,1.0204240876169576e-07,1.1928043057826842e-05,12.24999821425791
17.559322033898304,1.1661016949152543,1.3067310445512745e-06,7.206267661724627e-08,1.1928043057905513e-05,12.249998738903187
17.83050847457627,1.1661016949152543,1.3067310445512745e-06,7.206267661724627e-08,1.1928043057905513e-05,12.249998738903187
18.101694915254235,1.1661016949152543,1.3067310445512745e-06,7.206267661724627e-08,1.1928043057905513e-05,12.249998738903187
18.372881355932204,1.1661016949152543,1.3067310445512745e-06,7.206267661724627e-08,1.1928043057905513e-05,12.249998738903187
18.64406779661017,1.1661016949152543,1.3067310445512745e-06,7.206267661724627e-08,1.1928043057905513e-05,12.249998738903187
18.915254237288135,1.1661016949152543,1.3067310445512745e-06,7.206267661724627e-08,1.1928043057905513e-05,12.249998738903187
19.186440677966104,1.1661016949152543,1.3067310445512745e-06,7.206267661724627e-08,1.1928043057905513e-05,12.249998738903187
19.45762711864407,1.1661016949152543,1.3067310445512745e-06,7.206267661724627e-08,1.1928043057905513e-05,12.249998738903187
19.728813559322035,1.1661016949152543,1.3067310445512745e-06,7.206267661724627e-08,1.1928043057905513e-05,12.249998738903187
20.0,1.1661016949152543,1.3067310445512745e-06,7.206267661724627e-08,1.1928043057905513e-05,12.249998738903187
4.0,1.230508474576271,0.39542115915917625,1.5508634798465588,15.851580008140418,0.14224868469633178
4.271186440677966,1.230508474576271,0.7646794125485966,2.6766654943503405,15.837322781399287,10.186717402904998
4.5423728813559325,1.230508474576271,1.4571922297486195,4.85662034600026,15.810201270545356,74.67640135239347
4.813559322033898,1.230508474576271,2.7578621038425646,9.32650504767034,15.75512779620897,392.68426419214603
5.084745762711864,1.230508474576271,5.086167096819589,17.658845750875585,15.644942046863623,1652.1879071922817
5.3559322033898304,1.230508474576271,8.041122056530677,27.760857279738364,15.468822201093996,4343.092478267095
5.627118644067797,1.230508474576271,11.702249790372282,44.3056292440612,15.131350734913534,11505.581380180249
5.898305084745763,1.230508474576271,15.519631158262472,73.29724085640225,14.430977771228136,32307.582767271975
6.169491525423728,1.230508474576271,18.924359508395167,72.85984875284585,13.73681573537544,31915.687398622515
6.4406779661016955,1.230508474576271,21.84153719479648,45.73851024651665,13.217224071224114,12286.896818002886
6.711864406779661,1.230508474576271,23.27465057427824,21.29779023016965,12.49700636760327,2474.5128502739676
6.983050847457627,1.230508474576271,22.327744843000865,4.133937455654672,11.511517680907637,46.71508757144712
7.254237288135593,1.230508474576271,23.337058507706974,3.2303206729241496,10.893844168712555,20.937961035834448
7.525423728813559,1.230508474576271,23.811094287411304,2.9478372897925893,10.26417621643662,14.973751722952928
7.796610169491526,1.230508474576271,23.38094074086456,2.615747004712964,9.583524027162607,9.2377548716784
8.067796610169491,1.230508474576271,20.638299643553882,2.3080396291867413,8.699133021051553,5.153349801084968
8.338983050847457,1.230508474576271,13.929184254804952,2.170587548818235,7.194565493864541,3.7112823149606
8.610169491525424,1.230508474576271,8.087421129925382,2.0010670488196745,5.481764335295233,2.2580099823549564
8.881355932203391,1.230508474576271,3.497674762464561,1.7886895058874221,3.6593974837569565,0.9442470749188028
9.152542372881356,1.230508474576271,1.8783730015932798,1.5764468836702523,2.535075001156563,0.1945843922308974
9.423728813559322,1.230508474576271,1.6066713749978319,1.3862777643826696,1.9649299291700895,0.001176873439609556
9.694915254237287,1.230508474576271,1.308517357657383,1.192758818335052,1.450032149638099,0.2684306711117748
9.966101694915254,1.230508474576271,1.000000015413783,0.9999999929821186,0.999999985803253,1.0000000350894067
10.237288135593221,1.230508474576271,0.8062877711282116,0.7717376770334475,0.6682335892399129,2.466959665370803
10.508474576271187,1.230508474576271,0.6282726235912839,0.5598028342087668,0.403816006441852,4.41207048377263
10.779661016949152,1.230508474576271,0.4573817622794263,0.37568434417105906,0.2032184330778066,6.557641017351705
11.050847457627118,1.230508474576271,0.3145809744098341,0.23608699680138046,0.08559005902293919,8.466834243842685
11.322033898305085,1.230508474576271,0.23825103782613188,0.16941634714278006,0.06605356395107335,9.464600791746363
11.593220338983052,1.230508474576271,0.1690987625986879,0.1132647384183392,0.04910024207442587,10.348047708735155
11.864406779661017,1.230508474576271,0.10903198492710031,0.06793053380749081,0.03467566442501955,11.090056642264978
12.135593220338983,1.230508474576271,0.06132019783360217,0.03555532044361752,0.023074026182815226,11.635683022310745
12.40677966101695,1.230508474576271,0.030144160718452807,0.016496125067123064,0.014116604116474253,11.963018574714281
12.677966101694915,1.230508474576271,0.011593269863287441,0.005859899000190555,0.0073802563686051065,12.147666382598489
12.94915254237288,1.230508474576271,0.0023545421524758057,0.0009830789025310237,0.0028252135898675095,12.232802159481505
13.220338983050848,1.230508474576271,0.0011329924161696775,0.00042133953861679614,0.001691727959425427,12.242627667617995
13.491525423728813,1.230508474576271,0.0007830641693291725,0.0002812377462306565,0.0011498199519339072,12.245078833782646
13.76271186440678,1.230508474576271,0.0004873391798525721,0.00016730053099699887,0.0007138352107415055,12.247072415641723
14.033898305084746,1.230508474576271,0.0002685791447334901,8.737466649994778e-05,0.0003962616771040547,12.248470991050823
14.305084745762711,1.230508474576271,0.00018870533601752745,6.466565864329491e-05,0.0002436201201571895,12.248868377109035
14.576271186440678,1.230508474576271,0.00012079083194582823,4.5048081208685135e-05,0.00012810688547691923,12.249211671262156
14.847457627118644,1.230508474576271,6.643080540987409e-05,2.8669479443714848e-05,4.9498960203173584e-05,12.24949828924685
15.11864406779661,1.230508474576271,3.643825144110157e-05,1.7860892087641007e-05,1.8454066156812406e-05,12.249687436382288
15.389830508474576,1.230508474576271,2.432769914935042e-05,1.1629367603951763e-05,1.2454424561819237e-05,12.24979648691219
15.661016949152541,1.230508474576271,1.4380149570340665e-05,6.646775764386042e-06,1.1928043040651572e-05,12.249883681700242
15.932203389830509,1.230508474576271,6.830228091084562e-06,2.9988528283955697e-06,1.192804305022479e-05,12.249947520131705
16.203389830508474,1.230508474576271,4.032413424323899e-06,1.7195964206720564e-06,1.1928043053581943e-05,12.249969907081118
16.474576271186443,1.230508474576271,2.5238489746553382e-06,1.0454334988470375e-06,1.1928043055351151e-05,12.249981704920597
16.74576271186441,1.230508474576271,1.3534604203962889e-06,5.403415577593557e-07,1.1928043056676668e-05,12.249990544024563
17.016949152542374,1.230508474576271,1.3067310445151715e-06,1.9764691179903457e-07,1.192804305757596e-05,12.249996541179287
17.28813559322034,1.230508474576271,1.306731044542656e-06,1.0204240876169576e-07,1.1928043057826842e-05,12.24999821425791
17.559322033898304,1.230508474576271,1.3067310445512745e-06,7.206267661724627e-08,1.1928043057905513e-05,12.249998738903187
17.83050847457627,1.230508474576271,1.3067310445512745e-06,7.206267661724627e-08,1.1928043057905513e-05,12.249998738903187
18.101694915254235,1.230508474576271,1.3067310445512745e-06,7.206267661724627e-08,1.1928043057905513e-05,12.249998738903187
18.372881355932204,1.230508474576271,1.3067310445512745e-06,7.206267661724627e-08,1.1928043057905513e-05,12.249998738903187
18.64406779661017,1.230508474576271,1.3067310445512745e-06,7.206267661724627e-08,1.1928043057905513e-05,12.249998738903187
18.915254237288135,1.230508474576271,1.3067310445512745e-06,7.206267661724627e-08,1.1928043057905513e-05,12.249998738903187
19.186440677966104,1.230508474576271,1.3067310445512745e-06,7.206267661724627e-08,1.1928043057905513e-05,12.249998738903187
19.45762711864407,1.230508474576271,1.3067310445512745e-06,7.206267661724627e-08,1.1928043057905513e-05,12.249998738903187
19.728813559322035,1.230508474576271,1.3067310445512745e-06,7.206267661724627e-08,1.1928043057905513e-05,12.249998738903187
20.0,1.230508474576271,1.3067310445512745e-06,7.206267661724627e-08,1.1928043057905513e-05,12.249998738903187
4.0,1.2949152542372881,0.39920556967183685,1.5584962008086376,15.851502191360034,0.157006535442325
4.271186440677966,1.2949152542372881,0.7677563139829829,2.681810289905032,15.837268544944067,10.268985120665139
4.5423728813559325,1.2949152542372881,1.459621436230659,4.860210645191626,15.81016184626388,74.83161068185903
4.813559322033898,1.2949152542372881,2.7598273835736986,9.329246457767445,15.755096265201159,392.9559336751097
5.084745762711864,1.2949152542372881,5.087646662339164,17.66082053127445,15.64491725313202,1652.5892771894794
5.3559322033898304,1.2949152542372881,8.042080875878879,27.7620443141876,15.468804237673067,4343.483627644943
5.627118644067797,1.2949152542372881,11.702824817225258,44.30635381571457,15.131337191339384,11505.969985995527
5.898305084745763,1.2949152542372881,15.519954835191927,73.29770339825986,14.43096674775663,32307.998462150903
6.169491525423728,1.2949152542372881,18.924521953099074,72.86001933097478,13.736809043635244,31915.83976739555
6.4406779661016955,1.2949152542372881,21.84161546285453,45.738550609231446,13.217220568544569,12286.919188296115
6.711864406779661,1.2949152542372881,23.274685601782544,21.29779713527713,12.497004507327171,2474.5145677290175
6.983050847457627,1.2949152542372881,22.327759379906027,4.133937933234019,11.51151666962408,46.71510389234938
7.254237288135593,1.2949152542372881,23.337064980914526,3.230320805758615,10.893843685849136,20.937964074955403
7.525423728813559,1.2949152542372881,23.81109713108637,2.947837331398458,10.26417598762646,14.97375252794187
7.796610169491526,1.2949152542372881,23.38094195318235,2.6157470164469188,9.583523919061804,9.237755049997405
8.067796610169491,1.2949152542372881,20.638300119532435,2.308039631672606,8.699132968953327,5.153349829300765
8.338983050847457,1.2949152542372881,13.929184388476257,2.170587548577723,7.194565470314318,3.711282312643905
8.610169491525424,1.2949152542372881,8.087421166928431,2.0010670474833585,5.481764325038334,2.258009972314763
8.881355932203391,1.2949152542372881,3.4976747650885502,1.788689505337353,3.659397483027375,0.9442470722462267
9.152542372881356,1.2949152542372881,1.8783730075651035,1.5764468811643386,2.5350749979515252,0.19458438670388917
9.423728813559322,1.2949152542372881,1.6066713801205659,1.3862777610901114,1.9649299282153811,0.0011768740043753708
9.694915254237287,1.2949152542372881,1.3085173552716924,1.1927588191893277,1.4500321525344577,0.2684306688987608
9.966101694915254,1.2949152542372881,1.0000000145284467,0.9999999887877624,0.9999999964558763,1.0000000560611881
10.237288135593221,1.2949152542372881,0.8062877795968606,0.7717376682601335,0.6682335912999787,2.466959734270087
10.508474576271187,1.2949152542372881,0.6282726379118319,0.5598028212650255,0.4038160059622932,4.412070619713816
10.779661016949152,1.2949152542372881,0.45738173911346575,0.37568436401635436,0.20321842779001456,6.557640763253626
11.050847457627118,1.2949152542372881,0.3145809559205654,0.23608701417565092,0.08559005260986871,8.466833991065947
11.322033898305085,1.2949152542372881,0.23825108179430254,0.1694163078625465,0.06605357170818651,9.464601395966541
11.593220338983052,1.2949152542372881,0.1690988178152277,0.11326469739188041,0.049100252481397794,10.348048368612552
11.864406779661017,1.2949152542372881,0.10903198620182164,0.06793053077572427,0.03467567030218772,11.090056692746519
12.135593220338983,1.2949152542372881,0.06132022009003087,0.03555531012601612,0.023074021927307183,11.635683198283196
12.40677966101695,1.2949152542372881,0.03014416620584877,0.016496152339422216,0.014116523254490794,11.963018103072642
12.677966101694915,1.2949152542372881,0.011593220562831616,0.005859919058371818,0.007380268998363396,12.147666033049555
12.94915254237288,1.2949152542372881,0.0023545437165206785,0.0009830770841064032,0.0028252239073118576,12.232802191281595
13.220338983050848,1.2949152542372881,0.001132989590072395,0.0004213374733130992,0.0016917653474303122,12.242627703749935
13.491525423728813,1.2949152542372881,0.000783071764703443,0.0002812349539879645,0.001149811667571153,12.245078882637078
13.76271186440678,1.2949152542372881,0.00048735986269764784,0.00016729659338980023,0.0007137953288223744,12.247072484541611
14.033898305084746,1.2949152542372881,0.0002685951063837556,8.737512069495926e-05,0.0003961860301295261,12.248470983102909
14.305084745762711,1.2949152542372881,0.0001886778973117489,6.467589840095034e-05,0.00024360629154825564,12.248868197921556
14.576271186440678,1.2949152542372881,0.0001207869017918692,4.504872266125344e-05,0.0001281225754196692,12.249211660037094
14.847457627118644,1.2949152542372881,6.641457362364959e-05,2.8674739323932557e-05,4.951142539168635e-05,12.249498197200834
15.11864406779661,1.2949152542372881,3.642507805404258e-05,1.787133942454986e-05,1.8445737370749905e-05,12.249687253556223
15.389830508474576,1.2949152542372881,2.4284692087838726e-05,1.1638933171052872e-05,1.2496972943081531e-05,12.24979631951616
15.661016949152541,1.2949152542372881,1.4365978380658108e-05,6.653830068977979e-06,1.1928043040633063e-05,12.249883558250499
15.932203389830509,1.2949152542372881,6.8482335414667104e-06,2.9938155690976854e-06,1.192804305023801e-05,12.24994760828356
16.203389830508474,1.2949152542372881,4.042160676857897e-06,1.7165073766147459e-06,1.192804305359005e-05,12.249969961139321
16.474576271186443,1.2949152542372881,2.529974639099585e-06,1.0440348457674245e-06,1.192804305535482e-05,12.249981729397012
16.74576271186441,1.2949152542372881,1.309868792696432e-06,5.540282552454696e-07,1.1928043056640755e-05,12.249990304507447
17.016949152542374,1.2949152542372881,1.3067310445124184e-06,2.0722333626078183e-07,1.192804305755083e-05,12.24999637359188
17.28813559322034,1.2949152542372881,1.306731044542656e-06,1.0204240876169576e-07,1.1928043057826842e-05,12.24999821425791
17.559322033898304,1.2949152542372881,1.3067310445512745e-06,7.206267661724627e-08,1.1928043057905513e-05,12.249998738903187
17.83050847457627,1.2949152542372881,1.3067310445512745e-06,7.206267661724627e-08,1.1928043057905513e-05,12.249998738903187
18.101694915254235,1.2949152542372881,1.3067310445512745e-06,7.206267661724627e-08,1.1928043057905513e-05,12.249998738903187
18.372881355932204,1.2949152542372881,1.3067310445512745e-06,7.206267661724627e-08,1.1928043057905513e-05,12.249998738903187
18.64406779661017,1.2949152542372881,1.3067310445512745e-06,7.206267661724627e-08,1.1928043057905513e-05,12.249998738903187
18.915254237288135,1.2949152542372881,1.3067310445512745e-06,7.206267661724627e-08,1.1928043057905513e-05,12.249998738903187
19.186440677966104,1.2949152542372881,1.3067310445512745e-06,7.206267661724627e-08,1.1928043057905513e-05,12.249998738903187
19.45762711864407,1.2949152542372881,1.3067310445512745e-06,7.206267661724627e-08,1.1928043057905513e-05,12.249998738903187
19.728813559322035,1.2949152542372881,1.3067310445512745e-06,7.206267661724627e-08,1.1928043057905513e-05,12.249998738903187
20.0,1.2949152542372881,1.3067310445512745e-06,7.206267661724627e-08,1.1928043057905513e-05,12.249998738903187
4.0,1.359322033898305,0.4030188646473058,1.5661452038073012,15.851424188940083,0.17252642967606044
4.271186440677966,1.359322033898305,0.7708430633262208,2.68695885124594,15.83721425891714,10.351644280001686
4.5423728813559325,1.359322033898305,1.462053824075037,4.863801743401802,15.810122408525437,74.9870157349585
4.813559322033898,1.359322033898305,2.761793742139611,9.33198802753743,15.755064730066547,393.22771293123196
5.084745762711864,1.359322033898305,5.08912655081077,17.662795327005593,15.644892458216363,1652.9906990504687
5.3559322033898304,1.359322033898305,8.043039778178493,27.76323134391745,15.46878627393516,4343.874793080696
5.627118644067797,1.359322033898305,11.703399863683835,44.30707838356691,15.131323647682175,11506.358596334718
5.898305084745763,1.359322033898305,15.520278516507327,73.29816593802491,14.430955724266557,32308.41415782352
6.169491525423728,1.359322033898305,18.92468439862047,72.8601899086383,13.736802351892505,31915.99213611656
6.4406779661016955,1.359322033898305,21.84169373096631,45.73859097182761,13.217217065869574,12286.941558543958
6.711864406779661,1.359322033898305,23.274720629133807,21.29780404027463,12.497002647066422,2474.5162851573086
6.983050847457627,1.359322033898305,22.327773917119117,4.133938410823294,11.51151565831819,46.71512021359374
7.254237288135593,1.359322033898305,23.33707145462153,3.2303209385012703,10.89384320302134,20.937967111976068
7.525423728813559,1.359322033898305,23.811099973047497,2.9478373729328227,10.26417575899663,14.973753331547389
7.796610169491526,1.359322033898305,23.38094316597057,2.615747028117617,9.583523810983959,9.237755227355112
8.067796610169491,1.359322033898305,20.638300599413142,2.308039634306638,8.699132916248702,5.15334985919833
8.338983050847457,1.359322033898305,13.929184526980968,2.1705875481722523,7.194565446156639,3.711282308738271
8.610169491525424,1.359322033898305,8.087421197009691,2.0010670464178006,5.481764316683482,2.2580099643088665
8.881355932203391,1.359322033898305,3.4976747761310976,1.7886895039507607,3.6593974765625674,0.9442470655093028
9.152542372881356,1.359322033898305,1.8783730058258181,1.5764468817593968,2.5350749992670143,0.19458438801634126
9.423728813559322,1.359322033898305,1.6066713847579057,1.386277758109611,1.96492992735121,0.0011768745156146396
9.694915254237287,1.359322033898305,1.3085173528776255,1.1927588197489383,1.4500321548965414,0.2684306674490814
9.966101694915254,1.359322033898305,1.000000006152386,0.9999999956499643,0.9999999985244041,1.0000000217501779
10.237288135593221,1.359322033898305,0.8062877759428075,0.7717376765300026,0.6682335837829037,2.4669596693244973
10.508474576271187,1.359322033898305,0.6282726563486837,0.559802807205691,0.40381600279827007,4.412070767371482
10.779661016949152,1.359322033898305,0.45738178342986224,0.37568433298266907,0.20321842196100195,6.557641160607245
11.050847457627118,1.359322033898305,0.31458093919497176,0.23608702991216948,0.08559004680766985,8.466833762116716
11.322033898305085,1.359322033898305,0.23825100589638312,0.1694163534768029,0.06605358076138224,9.464600694314553
11.593220338983052,1.359322033898305,0.1690987932461191,0.11326471580224912,0.049100246960895905,10.348048072496667
11.864406779661017,1.359322033898305,0.10903198733038606,0.06793052801545792,0.03467567561435094,11.090056738707354
12.135593220338983,1.359322033898305,0.061320330741530406,0.03555523964570882,0.023074042779554257,11.63568440036424
12.40677966101695,1.359322033898305,0.030144220717059803,0.01649611686854126,0.014116546330421295,11.963018716498901
12.677966101694915,1.359322033898305,0.011593225167648045,0.005859905290988974,0.007380311773510586,12.147666272970312
12.94915254237288,1.359322033898305,0.002354528036328077,0.0009830854238858495,0.002825212733465397,12.232802045437936
13.220338983050848,1.359322033898305,0.0011329985903626976,0.00042133873210326836,0.0016917045514395284,12.242627681727736
13.491525423728813,1.359322033898305,0.000783055198457557,0.00028124040366536295,0.0011498357290807967,12.245078787286882
13.76271186440678,1.359322033898305,0.00048734693532092194,0.0001673011642465446,0.0007137939371916115,12.24707240456118
14.033898305084746,1.359322033898305,0.00026859311727633623,8.737131733041784e-05,0.00039624478611037826,12.248471049657635
14.305084745762711,1.359322033898305,0.00018871919424994404,6.466289525200401e-05,0.0002435918509185194,12.24886842546615
14.576271186440678,1.359322033898305,0.00012082556868444579,4.5036085738546336e-05,0.00012809918645949027,12.249211881176132
14.847457627118644,1.359322033898305,6.643203517449372e-05,2.8660479228710165e-05,4.954306627216638e-05,12.249498446747387
15.11864406779661,1.359322033898305,3.644110583837213e-05,1.786089406501967e-05,1.8452353635718513e-05,12.24968743634768
15.389830508474576,1.359322033898305,2.4302550655752443e-05,1.1633680323717736e-05,1.2478983096878931e-05,12.24979641144022
15.661016949152541,1.359322033898305,1.435315701851621e-05,6.660217737087752e-06,1.19280430406163e-05,12.249883446466837
15.932203389830509,1.359322033898305,6.821631000037595e-06,3.003697713151471e-06,1.1928043050212077e-05,12.249947435346407
16.203389830508474,1.359322033898305,4.006523676669282e-06,1.7282988245064863e-06,1.1928043053559107e-05,12.24996975478924
16.474576271186443,1.359322033898305,2.5355068249660706e-06,1.0427739573301326e-06,1.192804305535813e-05,12.24998175146254
16.74576271186441,1.359322033898305,1.3550309729412802e-06,5.379893993666841e-07,1.1928043056682841e-05,12.249990585187314
17.016949152542374,1.359322033898305,1.3067310445125607e-06,2.067281423862135e-07,1.1928043057552129e-05,12.249996382257773
17.28813559322034,1.359322033898305,1.3067310445435128e-06,9.906228681289472e-08,1.1928043057834664e-05,12.24999826641004
17.559322033898304,1.359322033898305,1.3067310445512745e-06,7.206267661724627e-08,1.1928043057905513e-05,12.249998738903187
17.83050847457627,1.359322033898305,1.3067310445512745e-06,7.206267661724627e-08,1.1928043057905513e-05,12.249998738903187
18.101694915254235,1.359322033898305,1.3067310445512745e-06,7.206267661724627e-08,1.1928043057905513e-05,12.249998738903187
18.372881355932204,1.359322033898305,1.3067310445512745e-06,7.206267661724627e-08,1.1928043057905513e-05,12.249998738903187
18.64406779661017,1.359322033898305,1.3067310445512745e-06,7.206267661724627e-08,1.1928043057905513e-05,12.249998738903187
18.915254237288135,1.359322033898305,1.3067310445512745e-06,7.206267661724627e-08,1.1928043057905513e-05,12.249998738903187
19.186440677966104,1.359322033898305,1.3067310445512745e-06,7.206267661724627e-08,1.1928043057905513e-05,12.249998738903187
19.45762711864407,1.359322033898305,1.3067310445512745e-06,7.206267661724627e-08,1.1928043057905513e-05,12.249998738903187
19.728813559322035,1.359322033898305,1.3067310445512745e-06,7.206267661724627e-08,1.1928043057905513e-05,12.249998738903187
20.0,1.359322033898305,1.3067310445512745e-06,7.206267661724627e-08,1.1928043057905513e-05,12.249998738903187
4.0,1.423728813559322,0.4068611822413425,1.573810366514712,15.851346001919728,0.1888127719248661
4.271186440677966,1.423728813559322,0.7739396799564594,2.6921111624648253,15.837159923442968,10.434695351038764
4.5423728813559325,1.423728813559322,1.4644893957001246,4.86739363850447,15.810082957346156,75.14261652713292
4.813559322033898,1.423728813559322,2.763761179850967,9.334729756650122,15.755033190807685,393.49960194418054
5.084745762711864,1.423728813559322,5.090606762265987,17.664770138026142,15.644867662117003,1653.3921727676684
5.3559322033898304,1.423728813559322,8.043998763425092,27.764418368925934,15.468768309880351,4344.265974573495
5.627118644067797,1.423728813559322,11.70397492975489,44.307802947618356,15.13131010394185,11506.74721119779
5.898305084745763,1.423728813559322,15.520602202208194,73.29862847571664,14.430944700757697,32308.829854307067
6.169491525423728,1.423728813559322,18.924846844986913,72.86036048574088,13.736795660148157,31916.144504700223
6.4406779661016955,1.423728813559322,21.84177199937204,45.73863133433996,13.217213563190642,12286.963928765712
6.711864406779661,1.423728813559322,23.27475565675315,21.297810945372895,12.497000786787407,2474.518002611259
6.983050847457627,1.423728813559322,22.327788454209273,4.133938888382958,11.511514647036202,46.71513653382902
7.254237288135593,1.423728813559322,23.337077928634667,3.2303210712599717,10.893842720165402,20.937970149364066
7.525423728813559,1.423728813559322,23.81110281654871,2.9478374144334185,10.264175530290654,14.973754134499565
7.796610169491526,1.423728813559322,23.380944379518,2.6157470395776414,9.583523703070489,9.237755401511246
8.067796610169491,1.423728813559322,20.63830108399926,2.3080396365352396,8.699132863581756,5.153349884494062
8.338983050847457,1.423728813559322,13.929184664815084,2.1705875478048604,7.194565422072726,3.711282305199426
8.610169491525424,1.423728813559322,8.087421230352266,2.00106704618889,5.481764305492323,2.258009962588983
8.881355932203391,1.423728813559322,3.4976747821623726,1.7886895035568442,3.6593974724568827,0.9442470635954129
9.152542372881356,1.423728813559322,1.8783730054559924,1.5764468833178809,2.535074996597417,0.1945843914537118
9.423728813559322,1.423728813559322,1.6066713797378382,1.3862777619304076,1.964929926833353,0.001176873860241047
9.694915254237287,1.423728813559322,1.3085173603040463,1.192758815541993,1.4500321513117824,0.2684306783472352
9.966101694915254,1.423728813559322,1.0000000089626828,0.9999999949109724,0.9999999942491533,1.0000000254451378
10.237288135593221,1.423728813559322,0.8062877789926464,0.7717376643284779,0.6682336036239824,2.466959765146476
10.508474576271187,1.423728813559322,0.6282726452965051,0.5598028115268582,0.40381601226177716,4.412070721988575
10.779661016949152,1.423728813559322,0.4573817538614433,0.37568434534404127,0.20321843774036868,6.557641002332907
11.050847457627118,1.423728813559322,0.31458096566131427,0.23608701300052118,0.08559004901869181,8.466834008162802
11.322033898305085,1.423728813559322,0.2382510500373062,0.16941631938842183,0.06605358780652391,9.464601218672113
11.593220338983052,1.423728813559322,0.1690987708794639,0.11326473253321413,0.04910024193392545,10.34804780339263
11.864406779661017,1.423728813559322,0.10903198838105482,0.06793052552001605,0.03467568045358947,11.090056780258628
12.135593220338983,1.423728813559322,0.06132027041826845,0.035555287675991906,0.023074010104748792,11.635683581180905
12.40677966101695,1.423728813559322,0.030144188579365728,0.016496132328675403,0.014116538388430003,11.96301844913446
12.677966101694915,1.423728813559322,0.011593267108445974,0.0058599063623819975,0.0073802325295797494,12.147666254299411
12.94915254237288,1.423728813559322,0.0023545248815766673,0.0009830812972135877,0.002825262020777304,12.232802117603992
13.220338983050848,1.423728813559322,0.0011329958323382237,0.0004213369242301367,0.0016917397521090632,12.242627713355994
13.491525423728813,1.423728813559322,0.0007830626309998466,0.000281237786458123,0.0011498276548106187,12.245078833078809
13.76271186440678,1.423728813559322,0.0004873351684431559,0.0001673053185767716,0.0007137926581966955,12.24707233186909
14.033898305084746,1.423728813559322,0.00026857167328492006,8.737698200583387e-05,0.0003962692635455835,12.248470950532003
14.305084745762711,1.423728813559322,0.00018869362203234968,6.467233752925256e-05,0.00024358056812705877,12.248868260233932
14.576271186440678,1.423728813559322,0.0001207900967663392,4.5051973226684924e-05,0.00012808164549010657,12.249211603154032
14.847457627118644,1.423728813559322,6.638927312890397e-05,2.868333988392416e-05,4.953157574545447e-05,12.249498046694116
15.11864406779661,1.423728813559322,3.6455687831019954e-05,1.785139482800741e-05,1.8458372783040383e-05,12.24968760258221
15.389830508474576,1.423728813559322,2.431878277677125e-05,1.1628895219170442e-05,1.2462622358415312e-05,12.249796495178856
15.661016949152541,1.423728813559322,1.4385298273215445e-05,6.648232752515071e-06,1.1928043040647748e-05,12.249883656203071
15.932203389830509,1.423728813559322,6.8383935487403275e-06,2.998888002524478e-06,1.1928043050224698e-05,12.249947519516159
16.203389830508474,1.423728813559322,4.007194735020592e-06,1.7210474619779366e-06,1.1928043053578137e-05,12.249969881687926
16.474576271186443,1.423728813559322,2.5405277864920493e-06,1.0416314351850287e-06,1.1928043055361127e-05,12.249981771456662
16.74576271186441,1.423728813559322,1.3601030971395387e-06,5.382902549830079e-07,1.192804305668205e-05,12.249990579922345
17.016949152542374,1.423728813559322,1.306731044512689e-06,2.062816377344039e-07,1.19280430575533e-05,12.249996390071601
17.28813559322034,1.423728813559322,1.306731044542656e-06,1.0204240876169576e-07,1.1928043057826842e-05,12.24999821425791
17.559322033898304,1.423728813559322,1.3067310445512745e-06,7.206267661724627e-08,1.1928043057905513e-05,12.249998738903187
17.83050847457627,1.423728813559322,1.3067310445512745e-06,7.206267661724627e-08,1.1928043057905513e-05,12.249998738903187
18.101694915254235,1.423728813559322,1.3067310445512745e-06,7.206267661724627e-08,1.1928043057905513e-05,12.249998738903187
18.372881355932204,1.423728813559322,1.3067310445512745e-06,7.206267661724627e-08,1.1928043057905513e-05,12.249998738903187
18.64406779661017,1.423728813559322,1.3067310445512745e-06,7.206267661724627e-08,1.1928043057905513e-05,12.249998738903187
18.915254237288135,1.423728813559322,1.3067310445512745e-06,7.206267661724627e-08,1.1928043057905513e-05,12.249998738903187
19.186440677966104,1.423728813559322,1.3067310445512745e-06,7.206267661724627e-08,1.1928043057905513e-05,12.249998738903187
19.45762711864407,1.423728813559322,1.3067310445512745e-06,7.206267661724627e-08,1.1928043057905513e-05,12.249998738903187
19.728813559322035,1.423728813559322,1.3067310445512745e-06,7.206267661724627e-08,1.1928043057905513e-05,12.249998738903187
20.0,1.423728813559322,1.3067310445512745e-06,7.206267661724627e-08,1.1928043057905513e-05,12.249998738903187
4.0,1.4881355932203388,0.4107326604663313,1.5814915657271231,15.851267631345543,0.2058699276880168
4.271186440677966,1.4881355932203388,0.7770461832386646,2.697267207615299,15.837105538646375,10.51813879971247
4.5423728813559325,1.4881355932203388,1.466928153522787,4.870986328371806,15.810043492742187,75.29841307339993
4.813559322033898,1.4881355932203388,2.7657296970196117,9.337471644775869,15.75500164742711,393.77160069763084
5.084745762711864,1.4881355932203388,5.092087296736076,17.666744964291457,15.644842864834322,1653.793698333134
5.3559322033898304,1.4881355932203388,8.044957831625748,27.765605389208282,15.468750345508646,4344.657172121555
5.627118644067797,1.4881355932203388,11.704550015427822,44.308527507858734,15.13129656011862,11507.135830579185
5.898305084745763,1.4881355932203388,15.520925892298871,73.29909101134444,14.430933677229856,32309.245551609936
6.169491525423728,1.4881355932203388,18.925009292195224,72.86053106236561,13.73678896840088,31916.296873220745
6.4406779661016955,1.4881355932203388,21.841850267832147,45.73867169681774,13.217210060513526,12286.986298988664
6.711864406779661,1.4881355932203388,23.274790684172064,21.297817850466355,12.496998926517524,2474.51972006461
6.983050847457627,1.4881355932203388,22.32780299115897,4.133939365936305,11.511513635763608,46.715152853851286
7.254237288135593,1.4881355932203388,23.337084402027525,3.230321204039115,10.893842237330285,20.93797318721997
7.525423728813559,1.4881355932203388,23.811105659395277,2.947837456028127,10.264175301550111,14.973754939272652
7.796610169491526,1.4881355932203388,23.380945592756973,2.615747051306905,9.583523594902802,9.237755579758968
8.067796610169491,1.4881355932203388,20.63830156178577,2.3080396391423372,8.699132811126557,5.153349914085912
8.338983050847457,1.4881355932203388,13.929184802054312,2.1705875474688296,7.194565398047126,3.711282301962662
8.610169491525424,1.4881355932203388,8.08742126426529,2.001067044967117,5.481764296161992,2.25800995340939
8.881355932203391,1.4881355932203388,3.4976747865500406,1.7886895033484471,3.659397469310874,0.9442470625828909
9.152542372881356,1.4881355932203388,1.8783730104852812,1.5764468811526098,2.5350749940058805,0.1945843866780202
9.423728813559322,1.4881355932203388,1.6066713840063314,1.3862777591853366,1.9649299261233635,0.0011768743310975765
9.694915254237287,1.4881355932203388,1.3085173581135678,1.1927588164062328,1.4500321537596397,0.2684306761084092
9.966101694915254,1.4881355932203388,1.0000000084688916,0.9999999911751194,1.0000000031504828,1.0000000441244028
10.237288135593221,1.4881355932203388,0.8062877750947436,0.7717376714914943,0.6682335957382936,2.466959708893309
10.508474576271187,1.4881355932203388,0.6282726407757824,0.559802820441214,0.4038160012814544,4.412070628365866
10.779661016949152,1.4881355932203388,0.45738177126469964,0.37568434237096315,0.2032184220155227,6.557641040400036
11.050847457627118,1.4881355932203388,0.31458097943273217,0.2360869982208155,0.08559005189247403,8.466834223191446
11.322033898305085,1.4881355932203388,0.23825110082066397,0.16941629569101138,0.06605357090470365,9.4646015831927
11.593220338983052,1.4881355932203388,0.1690988216312794,0.11326469914001473,0.04910025188512157,10.348048340495227
11.864406779661017,1.4881355932203388,0.10903200956493786,0.06793053584089981,0.034675643990414985,11.090056608406952
12.135593220338983,1.4881355932203388,0.06132028625231883,0.03555527988944145,0.02307400695046603,11.635683713984877
12.40677966101695,1.4881355932203388,0.03014423738098125,0.016496100781755955,0.014116558801242865,11.963018994700532
12.677966101694915,1.4881355932203388,0.011593224328396564,0.005859923497593962,0.0073802445512412135,12.147665955688337
12.94915254237288,1.4881355932203388,0.0023545269899980996,0.0009830796112525746,0.002825268902655394,12.23280214708759
13.220338983050848,1.4881355932203388,0.0011330003142551682,0.00042133680773922925,0.0016917286885998802,12.24262771539397
13.491525423728813,1.4881355932203388,0.0007830694128870625,0.0002812353931121311,0.0011498202684880803,12.245078874953949
13.76271186440678,1.4881355932203388,0.0004873470898857373,0.00016729953949240516,0.0007138185255173083,12.247072432990981
14.033898305084746,1.4881355932203388,0.0002685848149767957,8.737692853399339e-05,0.0003962015283305877,12.248470951467704
14.305084745762711,1.4881355932203388,0.00018869544747716457,6.46697149889663e-05,0.00024360277280824547,12.248868306126269
14.576271186440678,1.4881355932203388,0.00012081656572352453,4.503704245656257e-05,0.0001281229244703983,12.249211864434104
14.847457627118644,1.4881355932203388,6.641469206953789e-05,2.8673556648192033e-05,4.9517251126529464e-05,12.249498217897235
15.11864406779661,1.4881355932203388,3.640627979930661e-05,1.7874980335293282e-05,1.8465488292833014e-05,12.249687189841099
15.389830508474576,1.4881355932203388,2.4296052534243776e-05,1.1642320676603554e-05,1.246639200430292e-05,12.249796260235303
15.661016949152541,1.4881355932203388,1.4372725445538387e-05,6.65431611937547e-06,1.1928043040631785e-05,12.249883549744656
15.932203389830509,1.4881355932203388,6.8145299361466205e-06,3.0077047670052318e-06,1.1928043050201562e-05,12.249947365223113
16.203389830508474,1.4881355932203388,4.016766070860827e-06,1.7182886731255267e-06,1.1928043053585377e-05,12.249969929966671
16.474576271186443,1.4881355932203388,2.545105250323725e-06,1.0405913595325679e-06,1.1928043055363857e-05,12.249981789657973
16.74576271186441,1.4881355932203388,1.3218286383317948e-06,5.502336724852697e-07,1.1928043056650711e-05,12.249990370912624
17.016949152542374,1.4881355932203388,1.3067310445128055e-06,2.05876978524403e-07,1.1928043057554362e-05,12.249996397153136
17.28813559322034,1.4881355932203388,1.306731044540545e-06,1.0938524428901926e-07,1.1928043057807574e-05,12.2499980857583
17.559322033898304,1.4881355932203388,1.3067310445512745e-06,7.206267661724627e-08,1.1928043057905513e-05,12.249998738903187
17.83050847457627,1.4881355932203388,1.3067310445512745e-06,7.206267661724627e-08,1.1928043057905513e-05,12.249998738903187
18.101694915254235,1.4881355932203388,1.3067310445512745e-06,7.206267661724627e-08,1.1928043057905513e-05,12.249998738903187
18.372881355932204,1.4881355932203388,1.3067310445512745e-06,7.206267661724627e-08,1.1928043057905513e-05,12.249998738903187
18.64406779661017,1.4881355932203388,1.3067310445512745e-06,7.206267661724627e-08,1.1928043057905513e-05,12.249998738903187
18.915254237288135,1.4881355932203388,1.3067310445512745e-06,7.206267661724627e-08,1.1928043057905513e-05,12.249998738903187
19.186440677966104,1.4881355932203388,1.3067310445512745e-06,7.206267661724627e-08,1.1928043057905513e-05,12.249998738903187
19.45762711864407,1.4881355932203388,1.3067310445512745e-06,7.206267661724627e-08,1.1928043057905513e-05,12.249998738903187
19.728813559322035,1.4881355932203388,1.3067310445512745e-06,7.206267661724627e-08,1.1928043057905513e-05,12.249998738903187
20.0,1.4881355932203388,1.3067310445512745e-06,7.206267661724627e-08,1.1928043057905513e-05,12.249998738903187
4.0,1.5525423728813559,0.4146334371835658,1.5891886773730037,15.851189078271466,0.2237022227884158
4.271186440677966,1.5525423728813559,0.7801625925244545,2.702426970712964,15.837051104652545,10.601975087753424
4.5423728813559325,1.5525423728813559,1.4693700999587698,4.8745798108744856,15.810004014729687,75.4544053883536
4.813559322033898,1.5525423728813559,2.7676992939562486,9.340213691584475,15.75497009992736,394.04370917515973
5.084745762711864,1.5525423728813559,5.093568154252691,17.66871980575853,15.644818066368678,1654.1952757392492
5.3559322033898304,1.5525423728813559,8.045916982784059,27.766792404760604,15.468732380820086,4345.048385723385
5.627118644067797,1.5525423728813559,11.705125120711779,44.30925206430684,15.131283016212196,11507.52445448888
5.898305084745763,1.5525423728813559,15.521249586788583,73.29955354487556,14.430922653683293,32309.661249702665
6.169491525423728,1.5525423728813559,18.92517174023302,72.8607016384851,13.736782276651457,31916.44924165366
6.4406779661016955,1.5525423728813559,21.84192853650952,45.73871205924237,13.217206557834073,12287.008669202529
6.711864406779661,1.5525423728813559,23.27482571172538,21.297824755517258,12.496997066245962,2474.5214375079713
6.983050847457627,1.5525423728813559,22.327817528391186,4.133939843508611,11.511512624466688,46.715169174524306
7.254237288135593,1.5525423728813559,23.337090875728705,3.2303213368300083,10.893841754470028,20.937976225344926
7.525423728813559,1.5525423728813559,23.811108502437584,2.947837497603972,10.264175072808484,14.973755743680789
7.796610169491526,1.5525423728813559,23.380946806639898,2.6157470628364456,9.583523486887188,9.237755754971529
8.067796610169491,1.5525423728813559,20.638302040547085,2.3080396414518236,8.699132758956388,5.153349940299728
8.338983050847457,1.5525423728813559,13.929184943234631,2.1705875469971145,7.194565373531825,3.7112822974189394
8.610169491525424,1.5525423728813559,8.08742129896543,2.00106704405896,5.481764285844672,2.2580099465860988
8.881355932203391,1.5525423728813559,3.497674790644977,1.7886895031938064,3.6593974665004976,0.9442470618315505
9.152542372881356,1.5525423728813559,1.8783730115013924,1.576446880557839,2.535074993865976,0.19458438536620232
9.423728813559322,1.5525423728813559,1.6066713821181835,1.386277759144284,1.964929928982172,0.0011768743381392291
9.694915254237287,1.5525423728813559,1.3085173558995573,1.1927588170116532,1.450032155776927,0.26843067454005876
9.966101694915254,1.5525423728813559,1.0000000042822288,0.9999999999798369,0.9999999923703445,1.000000000100815
10.237288135593221,1.5525423728813559,0.8062877632924896,0.771737675290232,0.66823360661319,2.4669596790607615
10.508474576271187,1.5525423728813559,0.6282726312923023,0.559802823859835,0.4038160100263475,4.41207059246192
10.779661016949152,1.5525423728813559,0.457381781360667,0.3756843348285192,0.20321842648233854,6.557641136973079
11.050847457627118,1.5525423728813559,0.3145809550067823,0.23608700605160798,0.08559006169381285,8.466834109261933
11.322033898305085,1.5525423728813559,0.23825103357924882,0.16941633613331564,0.06605357886452383,9.4646009610972
11.593220338983052,1.5525423728813559,0.16909879996159072,0.11326471518661566,0.049100247076405465,10.348048082398629
11.864406779661017,1.5525423728813559,0.10903191305161718,0.06793057594367567,0.034675671544659926,11.09005594066092
12.135593220338983,1.5525423728813559,0.06132030114658429,0.035555272965760935,0.023074004198603327,11.635683832072118
12.40677966101695,1.5525423728813559,0.0301441489793152,0.01649616016568082,0.014116523727438846,11.963017967726907
12.677966101694915,1.5525423728813559,0.011593290823446888,0.005859888137226687,0.007380253895573817,12.147666571904658
12.94915254237288,1.5525423728813559,0.002354535666024583,0.000983079475277524,0.0028252361785996677,12.232802149465483
13.220338983050848,1.5525423728813559,0.0011329969035926968,0.00042133492848555915,0.0016917587582023154,12.242627748271012
13.491525423728813,1.5525423728813559,0.0007830539746208332,0.00028123977598269305,0.0011498394644741741,12.245078798269125
13.76271186440678,1.5525423728813559,0.0004873362926599737,0.00016730341634582782,0.0007138163322839839,12.247072365154152
14.033898305084746,1.5525423728813559,0.000268583500033183,8.737352352169581e-05,0.0003962523304491667,12.248471011051699
14.305084745762711,1.5525423728813559,0.00018870672717507077,6.46693637988179e-05,0.00024355909967600675,12.248868312271807
14.576271186440678,1.5525423728813559,0.00012081049458105951,4.5037390168578485e-05,0.00012813351472607998,12.249211858349337
14.847457627118644,1.5525423728813559,6.640200180743257e-05,2.8677854196390433e-05,4.952702998795008e-05,12.24949814269168
15.11864406779661,1.5525423728813559,3.642109103263034e-05,1.7865681028489752e-05,1.8470466686354547e-05,12.249687352576887
15.389830508474576,1.5525423728813559,2.4311210516104767e-05,1.1637583563617416e-05,1.2451935622026879e-05,12.249796343134092
15.661016949152541,1.5525423728813559,1.436120333560074e-05,6.6598958775215865e-06,1.1928043040617145e-05,12.249883452099356
15.932203389830509,1.5525423728813559,6.8301938698192155e-06,3.0031209389868565e-06,1.1928043050213591e-05,12.249947445439933
16.203389830508474,1.5525423728813559,4.025549396665682e-06,1.7157618504307595e-06,1.1928043053592006e-05,12.249969974186016
16.474576271186443,1.5525423728813559,2.5168432118078555e-06,1.0568164094194153e-06,1.192804305532128e-05,12.249981505719811
16.74576271186441,1.5525423728813559,1.360968748329107e-06,5.36395545641915e-07,1.1928043056687022e-05,12.249990613079747
17.016949152542374,1.5525423728813559,1.3067310445129114e-06,2.055085460810216e-07,1.1928043057555329e-05,12.249996403600703
17.28813559322034,1.5525423728813559,1.306731044542656e-06,1.0204240876169581e-07,1.1928043057826842e-05,12.24999821425791
17.559322033898304,1.5525423728813559,1.3067310445512745e-06,7.206267661724627e-08,1.1928043057905513e-05,12.249998738903187
17.83050847457627,1.5525423728813559,1.3067310445512745e-06,7.206267661724627e-08,1.1928043057905513e-05,12.249998738903187
18.101694915254235,1.5525423728813559,1.3067310445512745e-06,7.206267661724627e-08,1.1928043057905513e-05,12.249998738903187
18.372881355932204,1.5525423728813559,1.3067310445512745e-06,7.206267661724627e-08,1.1928043057905513e-05,12.249998738903187
18.64406779661017,1.5525423728813559,1.3067310445512745e-06,7.206267661724627e-08,1.1928043057905513e-05,12.249998738903187
18.915254237288135,1.5525423728813559,1.3067310445512745e-06,7.206267661724627e-08,1.1928043057905513e-05,12.249998738903187
19.186440677966104,1.5525423728813559,1.3067310445512745e-06,7.206267661724627e-08,1.1928043057905513e-05,12.249998738903187
19.45762711864407,1.5525423728813559,1.3067310445512745e-06,7.206267661724627e-08,1.1928043057905513e-05,12.249998738903187
19.728813559322035,1.5525423728813559,1.3067310445512745e-06,7.206267661724627e-08,1.1928043057905513e-05,12.249998738903187
20.0,1.5525423728813559,1.3067310445512745e-06,7.206267661724627e-08,1.1928043057905513e-05,12.249998738903187
4.0,1.6169491525423727,0.4185636500955096,1.596901576521345,15.851110343758736,0.2423139427286945
4.271186440677966,1.6169491525423727,0.7832889271518657,2.7075904357356633,15.836996621587042,10.686204672671137
4.5423728813559325,1.6169491525423727,1.471815237422441,4.8781740838817225,15.809964523324838,75.61059348616536
4.813559322033898,1.6169491525423727,2.769669970972329,9.3429558967456,15.754938548310989,394.3159273602855
5.084745762711864,1.6169491525423727,5.095049334847566,17.670694662383507,15.64479326672044,1654.5969049782198
5.3559322033898304,1.6169491525423727,8.046876216897004,27.767979415573546,15.468714415814796,4345.439615375689
5.627118644067797,1.6169491525423727,11.705700245602031,44.30997661695804,15.131269472222675,11507.913082924286
5.898305084745763,1.6169491525423727,15.521573285679292,73.30001607634601,14.43091163011751,32310.076948617585
6.169491525423728,1.6169491525423727,18.92533418913243,72.86087221411285,13.73677558489885,31916.60161001103
6.4406779661016955,1.6169491525423727,21.842006805297736,45.73875242156339,13.217203055156968,12287.031039379333
6.711864406779661,1.6169491525423727,23.274860739211608,21.297831660578293,12.496995205977298,2474.5231549544496
6.983050847457627,1.6169491525423727,22.32783206548955,4.133940321074439,11.51151161317982,46.71518549497879
7.254237288135593,1.6169491525423727,23.33709735004169,3.2303214695789197,10.893841271600316,20.937979262509604
7.525423728813559,1.6169491525423727,23.811111345182127,2.947837539104986,10.264174844153347,14.973756546641116
7.796610169491526,1.6169491525423727,23.380948018460405,2.6157470745061024,9.583523378902076,9.237755932313416
8.067796610169491,1.6169491525423727,20.638302522370434,2.3080396439002895,8.699132706283548,5.153349968091028
8.338983050847457,1.6169491525423727,13.92918508024972,2.170587546289871,7.1945653501057025,3.7112822906065257
8.610169491525424,1.6169491525423727,8.087421335819045,2.0010670427208406,5.481764275648189,2.2580099365323556
8.881355932203391,1.6169491525423727,3.49767479832522,1.7886895012458106,3.6593974643841687,0.9442470523669817
9.152542372881356,1.6169491525423727,1.878373012428726,1.5764468800038771,2.535074993726651,0.1945843841443915
9.423728813559322,1.6169491525423727,1.6066713805140191,1.3862777592217446,1.9649299317765834,0.0011768743248525867
9.694915254237287,1.6169491525423727,1.3085173540831985,1.1927588177705417,1.4500321578787103,0.2684306725741469
9.966101694915254,1.6169491525423727,1.0000000040533545,0.999999996378842,1.0000000006765366,1.0000000181057898
10.237288135593221,1.6169491525423727,0.8062877603345641,0.7717376814498824,0.6682335992400248,2.466959630687308
10.508474576271187,1.6169491525423727,0.6282726224795379,0.5598028269305709,0.40381601802009004,4.412070560211624
10.779661016949152,1.6169491525423727,0.4573817620484139,0.37568435109352477,0.20321842251037947,6.557640928716832
11.050847457627118,1.6169491525423727,0.31458094097271994,0.2360870195971292,0.08559005645158854,8.466833912189333
11.322033898305085,1.6169491525423727,0.23825107112213745,0.16941630665231106,0.066053585082172,9.464601414582742
11.593220338983052,1.6169491525423727,0.1690987800182069,0.11326472995487366,0.0491002426507732,10.34804784486315
11.864406779661017,1.6169491525423727,0.10903191691413605,0.06793057182406494,0.034675675960956685,11.090056009256012
12.135593220338983,1.6169491525423727,0.061320295058614166,0.035555255115540814,0.023074048341429586,11.635684136517602
12.40677966101695,1.6169491525423727,0.030144195470501078,0.01649613002309633,0.014116543098043855,11.963018489006679
12.677966101694915,1.6169491525423727,0.011593250507418917,0.005859904633612002,0.007380264108896039,12.147666284426256
12.94915254237288,1.6169491525423727,0.0023545370870616,0.000983077958682726,0.002825243433662647,12.232802175987253
13.220338983050848,1.6169491525423727,0.001132998518258689,0.00042133496669552185,0.0016917488551883588,12.242627747602539
13.491525423728813,1.6169491525423727,0.0007830604632907531,0.00028123745899139485,0.0011498320528348302,12.245078838808325
13.76271186440678,1.6169491525423727,0.0004873529794505952,0.00016730015082832753,0.0007137851581298976,12.247072422293881
14.033898305084746,1.6169491525423727,0.00026859064162599574,8.737215414017933e-05,0.00039624515029834786,12.248471035014378
14.305084745762711,1.6169491525423727,0.00018867916760346163,6.467552160773336e-05,0.0002436113621930739,12.24886820451513
14.576271186440678,1.6169491525423727,0.00012080489417941307,4.503770573620184e-05,0.00012814325059540708,12.24921185282708
14.847457627118644,1.6169491525423727,6.642490670804807e-05,2.8669074044125804e-05,4.951403593601258e-05,12.249498296341201
15.11864406779661,1.6169491525423727,3.641141502622054e-05,1.787394670627498e-05,1.846322899542886e-05,12.249687207929377
15.389830508474576,1.6169491525423727,2.4318335801587017e-05,1.162995747984799e-05,1.2470049650480958e-05,12.249796476589449
15.661016949152541,1.6169491525423727,1.4350605515259715e-05,6.665032076529188e-06,1.1928043040603667e-05,12.2498833622163
15.932203389830509,1.6169491525423727,6.808352836811982e-06,3.010979901360231e-06,1.192804305019297e-05,12.249947307908386
16.203389830508474,1.6169491525423727,4.033638141274701e-06,1.7134389089124142e-06,1.1928043053598101e-05,12.249970014837439
16.474576271186443,1.6169491525423727,2.5220350601030834e-06,1.0552184496707808e-06,1.1928043055325472e-05,12.249981533684087
16.74576271186441,1.6169491525423727,1.3276276277350166e-06,5.484046404134131e-07,1.192804305665551e-05,12.249990402920671
17.016949152542374,1.6169491525423727,1.3067310445130083e-06,2.0517168446559622e-07,1.1928043057556213e-05,12.249996409495783
17.28813559322034,1.6169491525423727,1.3067310445407034e-06,1.0883486625584054e-07,1.1928043057809017e-05,12.24999809538991
17.559322033898304,1.6169491525423727,1.3067310445512745e-06,7.206267661724627e-08,1.1928043057905513e-05,12.249998738903187
17.83050847457627,1.6169491525423727,1.3067310445512745e-06,7.206267661724627e-08,1.1928043057905513e-05,12.249998738903187
18.101694915254235,1.6169491525423727,1.3067310445512745e-06,7.206267661724627e-08,1.1928043057905513e-05,12.249998738903187
18.372881355932204,1.6169491525423727,1.3067310445512745e-06,7.206267661724627e-08,1.1928043057905513e-05,12.249998738903187
18.64406779661017,1.6169491525423727,1.3067310445512745e-06,7.206267661724627e-08,1.1928043057905513e-05,12.249998738903187
18.915254237288135,1.6169491525423727,1.3067310445512745e-06,7.206267661724627e-08,1.1928043057905513e-05,12.249998738903187
19.186440677966104,1.6169491525423727,1.3067310445512745e-06,7.206267661724627e-08,1.1928043057905513e-05,12.249998738903187
19.45762711864407,1.6169491525423727,1.3067310445512745e-06,7.206267661724627e-08,1.1928043057905513e-05,12.249998738903187
19.728813559322035,1.6169491525423727,1.3067310445512745e-06,7.206267661724627e-08,1.1928043057905513e-05,12.249998738903187
20.0,1.6169491525423727,1.3067310445512745e-06,7.206267661724627e-08,1.1928043057905513e-05,12.249998738903187
4.0,1.6813559322033897,0.4225234367381038,1.6046301373900091,15.851031428875833,0.26170933205158786
4.271186440677966,1.6813559322033897,0.7864252064451334,2.7127575866237024,15.836942089575796,10.770828007738046
4.5423728813559325,1.6813559322033897,1.474263568326896,4.881769145261144,15.809925018543844,75.76697738057821
4.813559322033898,1.6813559322033897,2.7716417283784733,9.34569825992937,15.754906992580537,394.58825523652865
5.084745762711864,1.6813559322033897,5.096530838552503,17.672669534121834,15.64476846588998,1654.9985860421057
5.3559322033898304,1.6813559322033897,8.047835533972439,27.769166421647643,15.468696450492745,4345.830861078435
5.627118644067797,1.6813559322033897,11.706275390104764,44.31070116580026,15.131255928150129,11508.301715878823
5.898305084745763,1.6813559322033897,15.52189698894727,73.30047860574057,14.430900606533111,32310.492648340973
6.169491525423728,1.6813559322033897,18.925496638859016,72.8610427892675,13.736768893143552,31916.753978309498
6.4406779661016955,1.6813559322033897,21.84208507422632,45.738792783836224,13.217199552479434,12287.053409549797
6.711864406779661,1.6813559322033897,23.274895766771955,21.297838565686494,12.496993345702471,2474.5248724132543
6.983050847457627,1.6813559322033897,22.327846602584764,4.133940798661405,11.511510601883623,46.71520181615851
7.254237288135593,1.6813559322033897,23.337103823288576,3.2303216023258514,10.893840788799121,20.9379822996292
7.525423728813559,1.6813559322033897,23.81111418741092,2.947837580689936,10.264174615466025,14.973757351225462
7.796610169491526,1.6813559322033897,23.380949231861507,2.6157470860940517,9.58352327086007,9.23775610841361
8.067796610169491,1.6813559322033897,20.638303002222376,2.3080396463775137,8.699132653797001,5.1533499962087514
8.338983050847457,1.6813559322033897,13.929185215923818,2.1705875460524564,7.194565326227707,3.7112822883196674
8.610169491525424,1.6813559322033897,8.087421368765368,2.0010670420167718,5.4817642655258965,2.258009931242449
8.881355932203391,1.6813559322033897,3.4976748052651176,1.7886895011994606,3.659397458787541,0.9442470521417846
9.152542372881356,1.6813559322033897,1.878373013292545,1.5764468794986775,2.5350749936081627,0.1945843830301302
9.423728813559322,1.6813559322033897,1.6066713817836644,1.3862777601279468,1.9649299279275676,0.001176874169413528
9.694915254237287,1.6813559322033897,1.3085173603038736,1.1927588142642642,1.4500321547050066,0.2684306816572106
9.966101694915254,1.6813559322033897,1.000000006475802,0.9999999956875151,0.999999996936278,1.000000021562424
10.237288135593221,1.6813559322033897,0.8062877672663367,0.771737674520086,0.6682336004402907,2.4669596851089324
10.508474576271187,1.6813559322033897,0.6282726437584484,0.5598028204990341,0.40381599817583824,4.412070627758613
10.779661016949152,1.6813559322033897,0.45738177063751206,0.37568434290242625,0.20321842613331356,6.557641033595213
11.050847457627118,1.6813559322033897,0.3145809714474827,0.23608701177470973,0.0855900442405641,8.466834025997025
11.322033898305085,1.6813559322033897,0.23825101984094255,0.1694163504532211,0.06605357134755015,9.464600740824181
11.593220338983052,1.6813559322033897,0.16909874699378785,0.11326473380641042,0.04910026587013556,10.348047782914298
11.864406779661017,1.6813559322033897,0.10903197733757648,0.06793051926477334,0.034675698121223494,11.09005688441385
12.135593220338983,1.6813559322033897,0.06132024883887504,0.0355552972194149,0.023074021774755784,11.635683418412492
12.40677966101695,1.6813559322033897,0.030144235534204658,0.016496100621661024,0.014116559642620026,11.963018997469177
12.677966101694915,1.6813559322033897,0.011593215313591415,0.0058599208939962115,0.00738027483423127,12.147666001060589
12.94915254237288,1.6813559322033897,0.0023545384856557806,0.0009830765943582332,0.002825250236624587,12.23280219984617
13.220338983050848,1.6813559322033897,0.0011330023822285788,0.00042133493858836576,0.0016917387142411633,12.242627748094266
13.491525423728813,1.6813559322033897,0.0007830523141680081,0.00028124349693381406,0.0011498044451927287,12.245078733165556
13.76271186440678,1.6813559322033897,0.0004873426680756203,0.0001673036674966512,0.0007137842413224618,12.247072360759537
14.033898305084746,1.6813559322033897,0.00026857795229257036,8.737866685625452e-05,0.00039621503359773153,12.24847092104896
14.305084745762711,1.6813559322033897,0.0001887111390464715,6.466455476456208e-05,0.00024359772809555804,12.248868396426023
14.576271186440678,1.6813559322033897,0.00012081121296892268,4.504094440181331e-05,0.00012809782771060408,12.249211796152258
14.847457627118644,1.6813559322033897,6.643844788756868e-05,2.865768561063118e-05,4.953938222439455e-05,12.249498495634706
15.11864406779661,1.6813559322033897,3.643193302136789e-05,1.7868854368156706e-05,1.8443693422646176e-05,12.249687297044156
15.389830508474576,1.6813559322033897,2.4292140086729072e-05,1.1640445887745053e-05,1.2471974334819579e-05,12.24979629304384
15.661016949152541,1.6813559322033897,1.4340808227914952e-05,6.669767756994702e-06,1.1928043040591241e-05,12.249883279342287
15.932203389830509,1.6813559322033897,6.823051011161145e-06,3.0066165669417574e-06,1.1928043050204418e-05,12.249947384266571
16.203389830508474,1.6813559322033897,4.041094609990759e-06,1.7112889572521313e-06,1.1928043053603742e-05,12.249970052461551
16.474576271186443,1.6813559322033897,2.526820124668264e-06,1.0537482157697489e-06,1.1928043055329333e-05,12.249981559413161
16.74576271186441,1.6813559322033897,1.331051188338687e-06,5.473281321958287e-07,1.1928043056658335e-05,12.249990421759557
17.016949152542374,1.6813559322033897,1.306731044513097e-06,2.0486250275960575e-07,1.1928043057557025e-05,12.24999641490646
17.28813559322034,1.6813559322033897,1.306731044542656e-06,1.0204240876169576e-07,1.1928043057826842e-05,12.24999821425791
17.559322033898304,1.6813559322033897,1.3067310445512745e-06,7.206267661724627e-08,1.1928043057905513e-05,12.249998738903187
17.83050847457627,1.6813559322033897,1.3067310445512745e-06,7.206267661724627e-08,1.1928043057905513e-05,12.249998738903187
18.101694915254235,1.6813559322033897,1.3067310445512745e-06,7.206267661724627e-08,1.1928043057905513e-05,12.249998738903187
18.372881355932204,1.6813559322033897,1.3067310445512745e-06,7.206267661724627e-08,1.1928043057905513e-05,12.249998738903187
18.64406779661017,1.6813559322033897,1.3067310445512745e-06,7.206267661724627e-08,1.1928043057905513e-05,12.249998738903187
18.915254237288135,1.6813559322033897,1.3067310445512745e-06,7.206267661724627e-08,1.1928043057905513e-05,12.249998738903187
19.186440677966104,1.6813559322033897,1.3067310445512745e-06,7.206267661724627e-08,1.1928043057905513e-05,12.249998738903187
19.45762711864407,1.6813559322033897,1.3067310445512745e-06,7.206267661724627e-08,1.1928043057905513e-05,12.249998738903187
19.728813559322035,1.6813559322033897,1.3067310445512745e-06,7.206267661724627e-08,1.1928043057905513e-05,12.249998738903187
20.0,1.6813559322033897,1.3067310445512745e-06,7.206267661724627e-08,1.1928043057905513e-05,12.249998738903187
4.0,1.7457627118644068,0.426512934473035,1.6123742333542028,15.850952334698427,0.28189259370490893
4.271186440677966,1.7457627118644068,0.7895714497144481,2.717928407279918,15.836887508745093,10.855845541971133
4.5423728813559325,1.7457627118644068,1.4767150950839267,4.885364992878995,15.809885500402922,75.92355708491498
4.813559322033898,1.7457627118644068,2.7736145664854774,9.348440780805314,15.754875432738547,394.8606927873061
5.084745762711864,1.7457627118644068,5.098012665398161,17.67464442093029,15.644743663877666,1655.4003189232337
5.3559322033898304,1.7457627118644068,8.048794934010504,27.77035342297464,15.468678484854024,4346.22212282869
5.627118644067797,1.7457627118644068,11.70685055421123,44.311425710834854,15.131242383994637,11508.690353353115
5.898305084745763,1.7457627118644068,15.522220696622737,73.3009411330577,14.430889582929604,32310.908348871428
6.169491525423728,1.7457627118644068,18.925659089424546,72.86121336383508,13.736762201387338,31916.906346447246
6.4406779661016955,1.7457627118644068,21.842163343339433,45.73883314600143,13.217196049802114,12287.075779680972
6.711864406779661,1.7457627118644068,23.274930794313473,21.297845470678237,12.49699148543819,2474.52658984369
6.983050847457627,1.7457627118644068,22.32786113972043,4.133941276218722,11.511509590599918,46.71521813632783
7.254237288135593,1.7457627118644068,23.337110297246987,3.230321735144455,10.893840305901103,20.937985338388806
7.525423728813559,1.7457627118644068,23.81111702985449,2.9478376222581852,10.264174386771522,14.973758155486703
7.796610169491526,1.7457627118644068,23.3809504444266,2.615747097677336,9.58352316289435,9.237756284442911
8.067796610169491,1.7457627118644068,20.638303482762463,2.3080396485967016,8.699132601555135,5.1533500213976335
8.338983050847457,1.7457627118644068,13.929185353513597,2.1705875454214536,7.194565302637059,3.711282282241631
8.610169491525424,1.7457627118644068,8.087421403835169,2.0010670408992817,5.481764255500803,2.2580099228463677
8.881355932203391,1.7457627118644068,3.4976748119679044,1.7886895001525367,3.6593974554068853,0.9442470470551806
9.152542372881356,1.7457627118644068,1.878373015081132,1.5764468798603688,2.53507499034551,0.19458438382787158
9.423728813559322,1.7457627118644068,1.6066713801864978,1.386277760056663,1.9649299304034018,0.001176874181640707
9.694915254237287,1.7457627118644068,1.3085173584575034,1.192758815067108,1.450032156689541,0.2684306795774319
9.966101694915254,1.7457627118644068,1.000000000253174,1.0000000007783778,0.9999999985314205,0.9999999961081105
10.237288135593221,1.7457627118644068,0.8062877643762792,0.7717376802500343,0.6682335938357711,2.46695964011005
10.508474576271187,1.7457627118644068,0.6282726352147846,0.5598028235373538,0.40381600606757256,4.4120705958487685
10.779661016949152,1.7457627118644068,0.45738175314615903,0.3756843576696747,0.20321842246744376,6.557640844516166
11.050847457627118,1.7457627118644068,0.31458095016372334,0.2360870183469162,0.08559005327861285,8.466833930378572
11.322033898305085,1.7457627118644068,0.23825105512052608,0.16941632261920508,0.06605357738374547,9.464601168975248
11.593220338983052,1.7457627118644068,0.16909880257953225,0.11326471295837555,0.04910024640820533,10.348048118238072
11.864406779661017,1.7457627118644068,0.1090319958027273,0.06793052829335305,0.03467566638718991,11.090056734080157
12.135593220338983,1.7457627118644068,0.061320260100286114,0.03555528847176407,0.023074017514479572,11.635683567608565
12.40677966101695,1.7457627118644068,0.0301442118479766,0.01649611550922001,0.014116554112124155,11.963018740006731
12.677966101694915,1.7457627118644068,0.011593272600027304,0.005859888440684197,0.007380280638351581,12.147666566616383
12.94915254237288,1.7457627118644068,0.0023545264694234207,0.0009830831061115165,0.002825240564768185,12.232802085970507
13.220338983050848,1.7457627118644068,0.0011329992727610776,0.0004213333362794933,0.001691765086094355,12.242627776126232
13.491525423728813,1.7457627118644068,0.0007830538420400317,0.00028123958187629126,0.0011498435776588281,12.2450788016653
13.76271186440678,1.7457627118644068,0.00048732801365526884,0.00016730517256324193,0.0007138337814369159,12.24707233442402
14.033898305084746,1.7457627118644068,0.0002686007844554341,8.736976806334141e-05,0.00039623338263945225,12.248471076768116
14.305084745762711,1.7457627118644068,0.00018869189801899635,6.467264537932007e-05,0.00024359000932128408,12.248868254846803
14.576271186440678,1.7457627118644068,0.000120807547317674,4.504168286193974e-05,0.00012810979851939823,12.249211783229622
14.847457627118644,1.7457627118644068,6.640333419139287e-05,2.8676431046079233e-05,4.9530147318480936e-05,12.249498167596304
15.11864406779661,1.7457627118644068,3.644416293465565e-05,1.7860811860406005e-05,1.8448920791215445e-05,12.249687437786243
15.389830508474576,1.7457627118644068,2.4299446167497122e-05,1.1633271682905086e-05,1.248803222345844e-05,12.249796418591378
15.661016949152541,1.7457627118644068,1.4358716795878218e-05,6.655581039014001e-06,1.1928043040628468e-05,12.249883527608668
15.932203389830509,1.7457627118644068,6.825958735517759e-06,2.9989629189815417e-06,1.1928043050224503e-05,12.249947518205127
16.203389830508474,1.7457627118644068,4.047807742781501e-06,1.7092164260421835e-06,1.1928043053609182e-05,12.249970088730802
16.474576271186443,1.7457627118644068,2.5312444050222724e-06,1.0523909833702884e-06,1.1928043055332894e-05,12.24998158316471
16.74576271186441,1.7457627118644068,1.3577281554556085e-06,5.320822117871836e-07,1.1928043056698342e-05,12.249990688563058
17.016949152542374,1.7457627118644068,1.306731044513179e-06,2.045777241485653e-07,1.1928043057557772e-05,12.249996419890088
17.28813559322034,1.7457627118644068,1.3067310445408393e-06,1.0836122505680314e-07,1.192804305781026e-05,12.249998103678632
17.559322033898304,1.7457627118644068,1.3067310445512745e-06,7.206267661724627e-08,1.1928043057905513e-05,12.249998738903187
17.83050847457627,1.7457627118644068,1.3067310445512745e-06,7.206267661724627e-08,1.1928043057905513e-05,12.249998738903187
18.101694915254235,1.7457627118644068,1.3067310445512745e-06,7.206267661724627e-08,1.1928043057905513e-05,12.249998738903187
18.372881355932204,1.7457627118644068,1.3067310445512745e-06,7.206267661724627e-08,1.1928043057905513e-05,12.249998738903187
18.64406779661017,1.7457627118644068,1.3067310445512745e-06,7.206267661724627e-08,1.1928043057905513e-05,12.249998738903187
18.915254237288135,1.7457627118644068,1.3067310445512745e-06,7.206267661724627e-08,1.1928043057905513e-05,12.249998738903187
19.186440677966104,1.7457627118644068,1.3067310445512745e-06,7.206267661724627e-08,1.1928043057905513e-05,12.249998738903187
19.45762711864407,1.7457627118644068,1.3067310445512745e-06,7.206267661724627e-08,1.1928043057905513e-05,12.249998738903187
19.728813559322035,1.7457627118644068,1.3067310445512745e-06,7.206267661724627e-08,1.1928043057905513e-05,12.249998738903187
20.0,1.7457627118644068,1.3067310445512745e-06,7.206267661724627e-08,1.1928043057905513e-05,12.249998738903187
4.0,1.8101694915254236,0.43053228048000547,1.6201337369550393,15.850873062309315,0.30286788841119033
4.271186440677966,1.8101694915254236,0.7927276762557995,2.7231028815700427,15.836832879221586,10.94125772011844
4.5423728813559325,1.8101694915254236,1.4791698201039531,4.888961624599894,15.809845968918307,76.08033261206705
4.813559322033898,1.8101694915254236,2.775588485604064,9.351183459043277,15.754843868787573,395.1332399960212
5.084745762711864,1.8101694915254236,5.099494815416688,17.67661932276579,15.644718860683852,1655.8021036139544
5.3559322033898304,1.8101694915254236,8.049754417012444,27.77154041954995,15.468660518898696,4346.613400624729
5.627118644067797,1.8101694915254236,11.70742573792816,44.31215025206855,15.13122883975606,11509.078995350666
5.898305084745763,1.8101694915254236,15.522544408674408,73.3014036583025,14.430878559307445,32311.32405021347
6.169491525423728,1.8101694915254236,18.92582154080656,72.86138393797238,13.736755509627951,31917.058714564344
6.4406779661016955,1.8101694915254236,21.842241612604177,45.73887350813871,13.217192547123574,12287.09814981703
6.711864406779661,1.8101694915254236,23.274965822080055,21.297852375715213,12.496989625162188,2474.528307285972
6.983050847457627,1.8101694915254236,22.327875676875042,4.1339417537729926,11.511508579317072,46.71523445639591
7.254237288135593,1.8101694915254236,23.33711677083658,3.230321867874568,10.893839823092446,20.937988375124053
7.525423728813559,1.8101694915254236,23.81111987305423,2.9478376637452923,10.264174158099241,14.97375895817803
7.796610169491526,1.8101694915254236,23.38095165707571,2.6157471093494067,9.583523054833048,9.237756461821489
8.067796610169491,1.8101694915254236,20.638303962373772,2.308039651218032,8.69913254888126,5.153350051151032
8.338983050847457,1.8101694915254236,13.92918549314269,2.170587544712883,7.1945652787993986,3.7112822754164356
8.610169491525424,1.8101694915254236,8.087421435468785,2.001067040371381,5.481764245577241,2.25800991888007
8.881355932203391,1.8101694915254236,3.497674818254832,1.788689499211367,3.6593974523307446,0.9442470424823963
9.152542372881356,1.8101694915254236,1.8783730180705975,1.5764468784388352,2.5350749891075264,0.19458438069255707
9.423728813559322,1.8101694915254236,1.606671385130721,1.386277759118635,1.9649299248012995,0.0011768743425387576
9.694915254237287,1.8101694915254236,1.3085173565463584,1.1927588156340108,1.450032158315475,0.2684306781088619
9.966101694915254,1.8101694915254236,1.0000000134131184,0.9999999938235956,0.999999988977533,1.0000000308820216
10.237288135593221,1.8101694915254236,0.8062877616920299,0.7717376855723754,0.6682335877013594,2.4669595983122203
10.508474576271187,1.8101694915254236,0.6282726450455013,0.559802814657668,0.4038160057378345,4.412070689107355
10.779661016949152,1.8101694915254236,0.4573817798873793,0.3756843296314468,0.20321843403006057,6.557641203516116
11.050847457627118,1.8101694915254236,0.3145809618975763,0.23608700590201037,0.08559005545175163,8.466834111438416
11.322033898305085,1.8101694915254236,0.23825108789011776,0.16941629676627232,0.06605358299054824,9.46460156665272
11.593220338983052,1.8101694915254236,0.1690987846717894,0.11326472622952784,0.049100242478747065,10.348047904782321
11.864406779661017,1.8101694915254236,0.10903199632762633,0.06793052632074643,0.034675670521634706,11.09005676692577
12.135593220338983,1.8101694915254236,0.061320273484536836,0.035555282042145524,0.023074014657709866,11.635683677269304
12.40677966101695,1.8101694915254236,0.030144198227984635,0.016496126752691034,0.01411654555537829,11.963018545564408
12.677966101694915,1.8101694915254236,0.011593250406190116,0.00585990982250361,0.007380244532509801,12.147666194000733
12.94915254237288,1.8101694915254236,0.002354528061068328,0.0009830816201616523,0.002825246883477863,12.232802111956365
13.220338983050848,1.8101694915254236,0.0011330063815787371,0.0004213346871042445,0.0016917204785415875,12.242627752493915
13.491525423728813,1.8101694915254236,0.0007830809738886148,0.0002812318742123739,0.0011498137317080379,12.245078936522322
13.76271186440678,1.8101694915254236,0.0004873432063713688,0.00016730219054706744,0.0007138053026218859,12.247072386603069
14.033898305084746,1.8101694915254236,0.000268588529445276,8.737586716921389e-05,0.00039620566914398356,12.248470970040426
14.305084745762711,1.8101694915254236,0.00018872099305721314,6.466251020901086e-05,0.00024357791279580176,12.248868432204093
14.576271186440678,1.8101694915254236,0.00012080264879897106,4.5041812142919875e-05,0.0001281193361684379,12.249211780967276
14.847457627118644,1.8101694915254236,6.642390041992106e-05,2.866870741029305e-05,4.9518546894023356e-05,12.24949830275716
15.11864406779661,1.8101694915254236,3.6434702441570524e-05,1.7868373860730767e-05,1.8443236688867605e-05,12.249687305452927
15.389830508474576,1.8101694915254236,2.4312319079895047e-05,1.162952303825235e-05,1.2474839156674966e-05,12.249796484192114
15.661016949152541,1.8101694915254236,1.438766614627802e-05,6.646727222615333e-06,1.1928043040651699e-05,12.249883682549719
15.932203389830509,1.8101694915254236,6.846136697659419e-06,2.998474863269122e-06,1.1928043050225782e-05,12.249947526746082
16.203389830508474,1.8101694915254236,4.020815041829614e-06,1.7182916399854222e-06,1.1928043053585369e-05,12.24996992991475
16.474576271186443,1.8101694915254236,2.5353472178448884e-06,1.0511342074930893e-06,1.192804305533619e-05,12.249981605158272
16.74576271186441,1.8101694915254236,1.3356365737327752e-06,5.458901180239517e-07,1.1928043056662109e-05,12.249990446924794
17.016949152542374,1.8101694915254236,1.3067310445132546e-06,2.043145693733534e-07,1.1928043057558463e-05,12.249996424495297
17.28813559322034,1.8101694915254236,1.306731044542656e-06,1.0204240876169576e-07,1.1928043057826842e-05,12.24999821425791
17.559322033898304,1.8101694915254236,1.3067310445512745e-06,7.206267661724627e-08,1.1928043057905513e-05,12.249998738903187
17.83050847457627,1.8101694915254236,1.3067310445512745e-06,7.206267661724627e-08,1.1928043057905513e-05,12.249998738903187
18.101694915254235,1.8101694915254236,1.3067310445512745e-06,7.206267661724627e-08,1.1928043057905513e-05,12.249998738903187
18.372881355932204,1.8101694915254236,1.3067310445512745e-06,7.206267661724627e-08,1.1928043057905513e-05,12.249998738903187
18.64406779661017,1.8101694915254236,1.3067310445512745e-06,7.206267661724627e-08,1.1928043057905513e-05,12.249998738903187
18.915254237288135,1.8101694915254236,1.3067310445512745e-06,7.206267661724627e-08,1.1928043057905513e-05,12.249998738903187
19.186440677966104,1.8101694915254236,1.3067310445512745e-06,7.206267661724627e-08,1.1928043057905513e-05,12.249998738903187
19.45762711864407,1.8101694915254236,1.3067310445512745e-06,7.206267661724627e-08,1.1928043057905513e-05,12.249998738903187
19.728813559322035,1.8101694915254236,1.3067310445512745e-06,7.206267661724627e-08,1.1928043057905513e-05,12.249998738903187
20.0,1.8101694915254236,1.3067310445512745e-06,7.206267661724627e-08,1.1928043057905513e-05,12.249998738903187
4.0,1.8745762711864407,0.4345816117489903,1.6279085199081855,15.850793612798364,0.324639334042124
4.271186440677966,1.8745762711864407,0.7958939053507067,2.7282809933227603,15.836778201132299,11.027064982640619
4.5423728813559325,1.8745762711864407,1.481627745796143,4.8925590382871,15.80980642410625,76.2373039745057
4.813559322033898,1.8745762711864407,2.777563486044548,9.35392629431283,15.754812300730157,395.4058968460063
5.084745762711864,1.8745762711864407,5.100977288640145,17.678594239583276,15.64469405630892,1656.2039401062113
5.3559322033898304,1.8745762711864407,8.05071398298234,27.77272741137136,15.468642552626767,4347.004694465613
5.627118644067797,1.8745762711864407,11.70800094125182,44.312874789500356,15.131215295434451,11509.467641870844
5.898305084745763,1.8745762711864407,15.522868125122834,73.3018661814475,14.430867535666646,32311.739752342386
6.169491525423728,1.8745762711864407,18.925983993054842,72.861554511555,13.736748817866351,31917.21108254966
6.4406779661016955,1.8745762711864407,21.842319882026377,45.73891387012273,13.217189044447494,12287.12051988851
6.711864406779661,1.8745762711864407,23.275000849645444,21.297859280731306,12.496987764896351,2474.530024723656
6.983050847457627,1.8745762711864407,22.32789021390951,4.133942231345583,11.51150756803111,46.7152507770929
7.254237288135593,1.8745762711864407,23.337123244389105,3.2303220006516145,10.893839340249137,20.937991412933304
7.525423728813559,1.8745762711864407,23.811122715342535,2.947837705306958,10.26417392942631,14.973759762311936
7.796610169491526,1.8745762711864407,23.38095287109655,2.6157471209492438,9.583522946730428,9.237756638102347
8.067796610169491,1.8745762711864407,20.63830444268913,2.308039653594372,8.699132496467792,5.153350078123669
8.338983050847457,1.8745762711864407,13.929185631307378,2.1705875444130243,7.194565254542354,3.7112822725280923
8.610169491525424,1.8745762711864407,8.087421467968717,2.001067040069841,5.481764234916178,2.2580099166145007
8.881355932203391,1.8745762711864407,3.497674823167409,1.7886894984284845,3.659397449891293,0.9442470386786681
9.152542372881356,1.8745762711864407,1.8783730165871984,1.5764468799583295,2.53507498806697,0.19458438404393244
9.423728813559322,1.8745762711864407,1.606671383541044,1.386277759097919,1.964929927229995,0.0011768743460921483
9.694915254237287,1.8745762711864407,1.3085173549574056,1.1927588163359377,1.45003216004119,0.2684306762905097
9.966101694915254,1.8745762711864407,1.0000000128681212,0.9999999908951508,0.9999999962248988,1.0000000455242457
10.237288135593221,1.8745762711864407,0.8062877649632813,0.7717376764400675,0.6682336030215245,2.4669596700307816
10.508474576271187,1.8745762711864407,0.6282726370395846,0.5598028176833425,0.4038160128241741,4.412070657330314
10.779661016949152,1.8745762711864407,0.45738176328666447,0.37568434384525845,0.2032184303476702,6.5576410215232395
11.050847457627118,1.8745762711864407,0.3145809799291106,0.23608699291494192,0.08559005648318085,8.46683430038614
11.322033898305085,1.8745762711864407,0.23825104131857122,0.16941633639210463,0.06605357074347487,9.464600957116435
11.593220338983052,1.8745762711864407,0.16909876822365583,0.113264738742168,0.04910023888581637,10.34804770352663
11.864406779661017,1.8745762711864407,0.10903199681647438,0.0679305244837012,0.03467567437198181,11.090056797514167
12.135593220338983,1.8745762711864407,0.06132026916435851,0.03555526632207684,0.023074052367280082,11.635683945383864
12.40677966101695,1.8745762711864407,0.030144177469237032,0.01649613972935885,0.014116540897394626,11.963018321148533
12.677966101694915,1.8745762711864407,0.011593270705979668,0.005859905078786837,0.007380230706796435,12.147666276668303
12.94915254237288,1.8745762711864407,0.0023545288727104853,0.000983079956308677,0.002825251963302872,12.232802141053348
13.220338983050848,1.8745762711864407,0.0011330040192077098,0.00042133345300184066,0.001691746666184845,12.242627774084207
13.491525423728813,1.8745762711864407,0.0007830721055432122,0.00028123717477151686,0.0011497883450663614,12.245078843781172
13.76271186440678,1.8745762711864407,0.0004873344046399681,0.000167305312789165,0.0007138039508919974,12.247072331970363
14.033898305084746,1.8745762711864407,0.0002685715505471863,8.737973655951416e-05,0.00039622434805797874,12.248470902330322
14.305084745762711,1.8745762711864407,0.0001887027350999742,6.467011501106942e-05,0.00024357140529227786,12.248868299126203
14.576271186440678,1.8745762711864407,0.00012080163953861712,4.504205723182442e-05,0.00012812791394244222,12.24921177667836
14.847457627118644,1.8745762711864407,6.641292361188711e-05,2.8672366998669636e-05,4.9526488879646306e-05,12.249498238715674
15.11864406779661,1.8745762711864407,3.644462335532218e-05,1.786022968315808e-05,1.8447425152339364e-05,12.249687447974216
15.389830508474576,1.8745762711864407,2.430204624406506e-05,1.16437727609949e-05,1.2451150865347035e-05,12.249796234824037
15.661016949152541,1.8745762711864407,1.4377609144723969e-05,6.651604333083717e-06,1.1928043040638902e-05,12.249883597200691
15.932203389830509,1.8745762711864407,6.858032520068599e-06,2.9950059267117247e-06,1.1928043050234884e-05,12.24994758745234
16.203389830508474,1.8745762711864407,4.026371127055488e-06,1.7155135648081732e-06,1.1928043053592658e-05,12.249969978531006
16.474576271186443,1.8745762711864407,2.539162367919755e-06,1.0499671337211749e-06,1.1928043055339254e-05,12.249981625582048
16.74576271186441,1.8745762711864407,1.338379564322935e-06,5.450319761355888e-07,1.192804305666436e-05,12.24999046194227
17.016949152542374,1.8745762711864407,1.306731044513325e-06,2.0407066575262303e-07,1.1928043057559103e-05,12.249996428763609
17.28813559322034,1.8745762711864407,1.3067310445409577e-06,1.079493207214027e-07,1.1928043057811341e-05,12.249998110886956
17.559322033898304,1.8745762711864407,1.3067310445512745e-06,7.206267661724627e-08,1.1928043057905513e-05,12.249998738903187
17.83050847457627,1.8745762711864407,1.3067310445512745e-06,7.206267661724627e-08,1.1928043057905513e-05,12.249998738903187
18.101694915254235,1.8745762711864407,1.3067310445512745e-06,7.206267661724627e-08,1.1928043057905513e-05,12.249998738903187
18.372881355932204,1.8745762711864407,1.3067310445512745e-06,7.206267661724627e-08,1.1928043057905513e-05,12.249998738903187
18.64406779661017,1.8745762711864407,1.3067310445512745e-06,7.206267661724627e-08,1.1928043057905513e-05,12.249998738903187
18.915254237288135,1.8745762711864407,1.3067310445512745e-06,7.206267661724627e-08,1.1928043057905513e-05,12.249998738903187
19.186440677966104,1.8745762711864407,1.3067310445512745e-06,7.206267661724627e-08,1.1928043057905513e-05,12.249998738903187
19.45762711864407,1.8745762711864407,1.3067310445512745e-06,7.206267661724627e-08,1.1928043057905513e-05,12.249998738903187
19.728813559322035,1.8745762711864407,1.3067310445512745e-06,7.206267661724627e-08,1.1928043057905513e-05,12.249998738903187
20.0,1.8745762711864407,1.3067310445512745e-06,7.206267661724627e-08,1.1928043057905513e-05,12.249998738903187
4.0,1.9389830508474575,0.4386610650725596,1.6356984531126104,15.85071398726244,0.3472110049979841
4.271186440677966,1.9389830508474575,0.7990701562659814,2.733462726329999,15.836723474604602,11.113267765696463
4.5423728813559325,1.9389830508474575,1.4840888745682501,4.896157231802334,15.809766865983027,76.39447118427351
4.813559322033898,1.9389830508474575,2.7795395681175257,9.356669286283584,15.754780728568853,395.6786633205531
5.084745762711864,1.9389830508474575,5.102460085099112,17.680569171340235,15.644669250753227,1656.605828392463
5.3559322033898304,1.9389830508474575,8.051673631921972,27.773914398429955,15.468624586038331,4347.396004348194
5.627118644067797,1.9389830508474575,11.708576164184562,44.31359932312092,15.131201751029883,11509.856292908526
5.898305084745763,1.9389830508474575,15.523191845969714,73.30232870252257,14.430856512006791,32312.155455285
6.169491525423728,1.9389830508474575,18.92614644611131,72.86172508465242,13.736742126102767,31917.36345046525
6.4406779661016955,1.9389830508474575,21.842398151536464,45.73895423214154,13.21718554177004,12287.142889999637
6.711864406779661,1.9389830508474575,23.275035877270486,21.297866185754643,12.496985904627971,2474.531742163738
6.983050847457627,1.9389830508474575,22.327904751197934,4.13394270891078,11.511506556735604,46.71526709754009
7.254237288135593,1.9389830508474575,23.33712971796277,3.230322133436976,10.8938388573998,20.93799445093302
7.525423728813559,1.9389830508474575,23.81112555822462,2.9478377468567767,10.264173700719793,14.973760566216646
7.796610169491526,1.9389830508474575,23.3809540843371,2.615747132545607,9.583522838706068,9.237756814330414
8.067796610169491,1.9389830508474575,20.638304920862133,2.308039656191412,8.699132443973943,5.1533501076013595
8.338983050847457,1.9389830508474575,13.929185766238612,2.1705875439115183,7.194565231196924,3.711282267697414
8.610169491525424,1.9389830508474575,8.087421500894031,2.001067038994194,5.481764225601673,2.2580099085328005
8.881355932203391,1.9389830508474575,3.4976748288424835,1.7886894982544457,3.659397445732474,0.94424703783308
9.152542372881356,1.9389830508474575,1.8783730193280377,1.5764468786279806,2.5350749869869196,0.19458438110973345
9.423728813559322,1.9389830508474575,1.606671383398513,1.3862777602360898,1.9649299249148382,0.001176874150863967
9.694915254237287,1.9389830508474575,1.308517358548471,1.192758813767188,1.4500321582290374,0.26843068294489375
9.966101694915254,1.9389830508474575,1.0000000093698265,0.9999999979544725,0.999999987823387,1.000000010227637
10.237288135593221,1.9389830508474575,0.8062877624411172,0.7717376815385018,0.6682335969922244,2.4669596299913557
10.508474576271187,1.9389830508474575,0.6282726505921835,0.5598028084792986,0.4038160107627831,4.412070753995462
10.779661016949152,1.9389830508474575,0.4573817706868551,0.3756843369778568,0.20321843322598737,6.557641109453077
11.050847457627118,1.9389830508474575,0.3145809687825712,0.23608700568619093,0.08559005266138435,8.466834114578354
11.322033898305085,1.9389830508474575,0.23825107238097643,0.16941631180725816,0.06605357620151499,9.464601335287817
11.593220338983052,1.9389830508474575,0.16909880467571592,0.11326471117422525,0.049100245873177864,10.348048146934683
11.864406779661017,1.9389830508474575,0.10903193548348887,0.0679305666417532,0.03467566404808068,11.090056095546004
12.135593220338983,1.9389830508474575,0.06132023026392237,0.03555530264392437,0.02307402931640361,11.635683325894451
12.40677966101695,1.9389830508474575,0.03014421529265313,0.016496115271817078,0.01411655648052882,11.96301874411233
12.677966101694915,1.9389830508474575,0.011593270304537297,0.005859894898746969,0.007380260715661179,12.147666454073327
12.94915254237288,1.9389830508474575,0.0023545364897336685,0.0009830801418808037,0.002825227203097213,12.232802137808116
13.220338983050848,1.9389830508474575,0.001133006471183126,0.0004213332127149661,0.001691736876524059,12.242627778287963
13.491525423728813,1.9389830508474575,0.0007830735624322247,0.00028123412516425943,0.001149825196804707,12.24507889713858
13.76271186440678,1.9389830508474575,0.00048734827535155647,0.00016730248976222747,0.0007137782087423835,12.247072381367428
14.033898305084746,1.9389830508474575,0.00026859231969684675,8.737168878708736e-05,0.0003962405590358054,12.248471043157549
14.305084745762711,1.9389830508474575,0.00018867988531852877,6.467522518827973e-05,0.00024361457993716916,12.248868209702234
14.576271186440678,1.9389830508474575,0.00012079727375441661,4.504216961237848e-05,0.000128136229039408,12.249211774711764
14.847457627118644,1.9389830508474575,6.643165155113744e-05,2.866522348858557e-05,4.951566285850778e-05,12.249498363724541
15.11864406779661,1.9389830508474575,3.642649374579718e-05,1.7863997692501238e-05,1.846308728499284e-05,12.249687382034894
15.389830508474576,1.9389830508474575,2.4306690112074346e-05,1.1636437691163114e-05,1.2465460675683542e-05,12.249796363186695
15.661016949152541,1.9389830508474575,1.4368224763957619e-05,6.656158410971682e-06,1.1928043040626952e-05,12.249883517504708
15.932203389830509,1.9389830508474575,6.8390399939677874e-06,3.0018970693773878e-06,1.1928043050216802e-05,12.249947466857604
16.203389830508474,1.9389830508474575,4.033102416054446e-06,1.7135809445035997e-06,1.1928043053597728e-05,12.24997001235182
16.474576271186443,1.9389830508474575,2.5093181612838924e-06,1.05960111335677e-06,1.1928043055313975e-05,12.24998145698753
16.74576271186441,1.9389830508474575,1.330846451349833e-06,5.410429298858849e-07,1.192804305667483e-05,12.249990531750555
17.016949152542374,1.9389830508474575,1.30673104451339e-06,2.038439754621154e-07,1.1928043057559696e-05,12.249996432730686
17.28813559322034,1.9389830508474575,1.306731044542656e-06,1.0204240876169576e-07,1.1928043057826842e-05,12.24999821425791
17.559322033898304,1.9389830508474575,1.3067310445512745e-06,7.206267661724627e-08,1.1928043057905513e-05,12.249998738903187
17.83050847457627,1.9389830508474575,1.3067310445512745e-06,7.206267661724627e-08,1.1928043057905513e-05,12.249998738903187
18.101694915254235,1.9389830508474575,1.3067310445512745e-06,7.206267661724627e-08,1.1928043057905513e-05,12.249998738903187
18.372881355932204,1.9389830508474575,1.3067310445512745e-06,7.206267661724627e-08,1.1928043057905513e-05,12.249998738903187
18.64406779661017,1.9389830508474575,1.3067310445512745e-06,7.206267661724627e-08,1.1928043057905513e-05,12.249998738903187
18.915254237288135,1.9389830508474575,1.3067310445512745e-06,7.206267661724627e-08,1.1928043057905513e-05,12.249998738903187
19.186440677966104,1.9389830508474575,1.3067310445512745e-06,7.206267661724627e-08,1.1928043057905513e-05,12.249998738903187
19.45762711864407,1.9389830508474575,1.3067310445512745e-06,7.206267661724627e-08,1.1928043057905513e-05,12.249998738903187
19.728813559322035,1.9389830508474575,1.3067310445512745e-06,7.206267661724627e-08,1.1928043057905513e-05,12.249998738903187
20.0,1.9389830508474575,1.3067310445512745e-06,7.206267661724627e-08,1.1928043057905513e-05,12.249998738903187
4.0,2.0033898305084747,0.44277077703812173,1.6435034066594298,15.85063418680535,0.37058693159217315
4.271186440677966,2.0033898305084747,0.8022564482535944,2.7386480643470867,15.836668699766243,11.199866501126264
4.5423728813559325,2.0033898305084747,1.4865532088267912,4.899756203005914,15.809727294564922,76.55183425298983
4.813559322033898,2.0033898305084747,2.7815167321331598,9.35941243462496,15.754749152306214,395.9515394028902
5.084745762711864,2.0033898305084747,5.103943204825217,17.68254411799236,15.644644444017148,1657.007768464798
5.3559322033898304,2.0033898305084747,8.052633363834953,27.775101380725726,15.468606619133388,4347.787330272251
5.627118644067797,2.0033898305084747,11.70915140672689,44.31432385294111,15.131188206542245,11510.244948469437
5.898305084745763,2.0033898305084747,15.523515571202372,73.30279122153941,14.430845488327957,32312.571159051768
6.169491525423728,2.0033898305084747,18.926308900012888,72.86189565720527,13.736735434337367,31917.515818258067
6.4406779661016955,2.0033898305084747,21.842476421262766,45.738994594061005,13.217182039091572,12287.16526007607
6.711864406779661,2.0033898305084747,23.275070905028617,21.297873090791896,12.496984044354168,2474.5334596078765
6.983050847457627,2.0033898305084747,22.327919288283148,4.133943186476475,11.511505545451199,46.71528341800712
7.254237288135593,2.0033898305084747,23.33713619162295,3.2303222661710556,10.893838374582177,20.93799748775968
7.525423728813559,2.0033898305084747,23.811128401154768,2.9478377884583584,10.264173471966222,14.973761371122889
7.796610169491526,2.0033898305084747,23.380955296907896,2.6157471442185267,9.583522730642033,9.237756991721895
8.067796610169491,2.0033898305084747,20.638305401304407,2.3080396583702374,8.699132391821886,5.153350132332109
8.338983050847457,2.0033898305084747,13.929185904372408,2.170587543315499,7.194565207428254,3.711282261956352
8.610169491525424,2.0033898305084747,8.08742153703728,2.001067037920212,5.481764215067382,2.258009900463609
8.881355932203391,2.0033898305084747,3.4976748361765826,1.7886894975906906,3.6593974410350327,0.9442470346081473
9.152542372881356,2.0033898305084747,1.8783730199605861,1.5764468791782587,2.535074984952986,0.194584382323419
9.423728813559322,2.0033898305084747,1.606671386560094,1.3862777583451937,1.964929924581939,0.0011768744752056113
9.694915254237287,2.0033898305084747,1.3085173638238157,1.1927588111338598,1.4500321557738196,0.26843068976656964
9.966101694915254,2.0033898305084747,1.0000000090195131,0.9999999951111727,0.9999999946715232,1.0000000244441363
10.237288135593221,2.0033898305084747,0.8062877681909222,0.771737675719783,0.6682335980718179,2.4669596756873773
10.508474576271187,2.0033898305084747,0.6282726471323286,0.5598028152599067,0.4038160026986747,4.412070682782364
10.779661016949152,2.0033898305084747,0.45738175544322635,0.3756843500365704,0.20321842980351063,6.557640942250018
11.050847457627118,2.0033898305084747,0.3145809570127186,0.23608701663062448,0.08559004872073567,8.46683395534875
11.322033898305085,2.0033898305084747,0.23825102118603045,0.1694163426302148,0.0660535821997525,9.464600861159976
11.593220338983052,2.0033898305084747,0.16909878842772635,0.11326472322277675,0.049100242339903566,10.34804795314348
11.864406779661017,2.0033898305084747,0.10903193789696507,0.06793056362653487,0.03467566785897192,11.090056145752007
12.135593220338983,2.0033898305084747,0.061320243317239224,0.03555529637922971,0.023074026356019007,11.635683432742324
12.40677966101695,2.0033898305084747,0.03014419262875643,0.016496126310428124,0.0141165505104887,11.963018553212814
12.677966101694915,2.0033898305084747,0.011593240337643314,0.005859908962557246,0.007380269957326669,12.147666208986806
12.94915254237288,2.0033898305084747,0.002354537610375916,0.0009830788964771502,0.0028252333474716967,12.23280215958738
13.220338983050848,2.0033898305084747,0.0011330074624506423,0.0004213332970679714,0.00169172958059308,12.24262777681223
13.491525423728813,2.0033898305084747,0.0007830655083755897,0.0002812390146148898,0.0011498010821558078,12.245078811590382
13.76271186440678,2.0033898305084747,0.0004873398766140526,0.0001673054016283191,0.0007137778148103104,12.247072330415863
14.033898305084746,2.0033898305084747,0.0002685815190805814,8.737713809010442e-05,0.0003962152877853754,12.248470947800698
14.305084745762711,2.0033898305084747,0.00018870669449427997,6.46660306396149e-05,0.0002436030338390079,12.248868370599402
14.576271186440678,2.0033898305084747,0.00012082316609860539,4.503380277151705e-05,0.00012811990817856826,12.249211921126767
14.847457627118644,2.0033898305084747,6.639504847030167e-05,2.8678631776629407e-05,4.953984153594485e-05,12.249498129084303
15.11864406779661,2.0033898305084747,3.641851807025614e-05,1.787072886574563e-05,1.8457490069031827e-05,12.249687264240864
15.389830508474576,2.0033898305084747,2.431964913437837e-05,1.1633698585240376e-05,1.2455081825772812e-05,12.24979641112065
15.661016949152541,2.0033898305084747,1.435944771064936e-05,6.660420520579012e-06,1.1928043040615768e-05,12.249883442918142
15.932203389830509,2.0033898305084747,6.850397833080396e-06,2.9985367126959967e-06,1.192804305022562e-05,12.249947525663721
16.203389830508474,2.0033898305084747,4.039403176194553e-06,1.7117743799180727e-06,1.192804305360247e-05,12.24997004396666
16.474576271186443,2.0033898305084747,2.5153657864172784e-06,1.0589025010124635e-06,1.1928043055315806e-05,12.249981469213237
16.74576271186441,2.0033898305084747,1.3420960249967621e-06,5.438717612428925e-07,1.1928043056667405e-05,12.249990482246025
17.016949152542374,2.0033898305084747,1.3067310445134505e-06,2.036327384777699e-07,1.192804305756025e-05,12.249996436427335
17.28813559322034,2.0033898305084747,1.3067310445410619e-06,1.0758782299785267e-07,1.192804305781229e-05,12.249998117213165
17.559322033898304,2.0033898305084747,1.3067310445512745e-06,7.206267661724627e-08,1.1928043057905513e-05,12.249998738903187
17.83050847457627,2.0033898305084747,1.3067310445512745e-06,7.206267661724627e-08,1.1928043057905513e-05,12.249998738903187
18.101694915254235,2.0033898305084747,1.3067310445512745e-06,7.206267661724627e-08,1.1928043057905513e-05,12.249998738903187
18.372881355932204,2.0033898305084747,1.3067310445512745e-06,7.206267661724627e-08,1.1928043057905513e-05,12.249998738903187
18.64406779661017,2.0033898305084747,1.3067310445512745e-06,7.206267661724627e-08,1.1928043057905513e-05,12.249998738903187
18.915254237288135,2.0033898305084747,1.3067310445512745e-06,7.206267661724627e-08,1.1928043057905513e-05,12.249998738903187
19.186440677966104,2.0033898305084747,1.3067310445512745e-06,7.206267661724627e-08,1.1928043057905513e-05,12.249998738903187
19.45762711864407,2.0033898305084747,1.3067310445512745e-06,7.206267661724627e-08,1.1928043057905513e-05,12.249998738903187
19.728813559322035,2.0033898305084747,1.3067310445512745e-06,7.206267661724627e-08,1.1928043057905513e-05,12.249998738903187
20.0,2.0033898305084747,1.3067310445512745e-06,7.206267661724627e-08,1.1928043057905513e-05,12.249998738903187
4.0,2.0677966101694913,0.44691088402020596,1.651323249840828,15.850554212537782,0.3947710994409703
4.271186440677966,2.0677966101694913,0.8054528005503512,2.743836991092966,15.836613876745307,11.286861616436225
4.5423728813559325,2.0677966101694913,1.4890207509769218,4.9033559497565715,15.80968770986825,76.7093931918423
4.813559322033898,2.0677966101694913,2.783494978401609,9.362155739006505,15.754717571944783,396.2245250762139
5.084745762711864,2.0677966101694913,5.105426647849891,17.684519079495583,15.64461963610105,1657.4097603153482
5.3559322033898304,2.0677966101694913,8.053593178721624,27.77628835825005,15.468588651912038,4348.1786722347315
5.627118644067797,2.0677966101694913,11.709726668880318,44.315048378950806,15.131174661971626,11510.633608548049
5.898305084745763,2.0677966101694913,15.523839300834668,73.30325373846293,14.430834464630333,32312.98686361114
6.169491525423728,2.0677966101694913,18.926471354773636,72.86206622933481,13.73672874256763,31917.66818603646
6.4406779661016955,2.0677966101694913,21.84255469115601,45.73903495585313,13.21717853641458,12287.187630102286
6.711864406779661,2.0677966101694913,23.275105932691368,21.297879995803594,12.496982184086413,2474.5351770462553
6.983050847457627,2.0677966101694913,22.327933825396993,4.133943664039218,11.511504534167056,46.71529973837614
7.254237288135593,2.0677966101694913,23.337142665430193,3.230322398972885,10.893837891705285,20.9380005261366
7.525423728813559,2.0677966101694913,23.81113124385905,2.947837829999748,10.26417324328072,14.973762174864552
7.796610169491526,2.0677966101694913,23.38095650978216,2.6157471558547654,9.5835226225948,9.237757168555945
8.067796610169491,2.0677966101694913,20.638305882568098,2.308039660850751,8.69913233917035,5.153350160487168
8.338983050847457,2.0677966101694913,13.929186044614056,2.1705875429592716,7.194565182865026,3.711282258525046
8.610169491525424,2.0677966101694913,8.087421572315677,2.0010670367466528,5.48176420508512,2.2580098916462634
8.881355932203391,2.0677966101694913,3.49767484029215,1.7886894975658147,3.6593974378526832,0.9442470344872849
9.152542372881356,2.0677966101694913,1.8783730224260742,1.5764468779554701,2.535074984037834,0.19458437962645372
9.423728813559322,2.0677966101694913,1.6066713862395097,1.3862777593557556,1.9649299223798746,0.0011768743018659425
9.694915254237287,2.0677966101694913,1.308517361983635,1.1927588117526444,1.4500321572257027,0.268430688163599
9.966101694915254,2.0677966101694913,1.00000001083652,0.9999999945904926,0.9999999918192676,1.0000000270475364
10.237288135593221,2.0677966101694913,0.8062877657221573,0.7717376805199953,0.6682335925696439,2.466959637989971
10.508474576271187,2.0677966101694913,0.6282726397476627,0.5598028179289927,0.4038160091777612,4.412070654750383
10.779661016949152,2.0677966101694913,0.4573817626328841,0.3756843434091887,0.20321843252220864,6.557641027106652
11.050847457627118,2.0677966101694913,0.31458097351148995,0.2360870045229314,0.08559004986544018,8.466834131502518
11.322033898305085,2.0677966101694913,0.23825105879301092,0.1694163249663854,0.06605357025524834,9.464601132870227
11.593220338983052,2.0677966101694913,0.1690987733995616,0.11326473465985533,0.04910023908703048,10.348047769187323
11.864406779661017,2.0677966101694913,0.10903194014345494,0.06793056078878425,0.034675671427171484,11.090056193003015
12.135593220338983,2.0677966101694913,0.06132025555669132,0.035555290504380374,0.023074023579783092,11.63568353294116
12.40677966101695,2.0677966101694913,0.03014418389604184,0.016496137234929063,0.014116544345712934,11.963018364286699
12.677966101694915,2.0677966101694913,0.011593257200001171,0.005859903751678737,0.007380255451172254,12.147666299795487
12.94915254237288,2.0677966101694913,0.002354538726804871,0.000983077756040717,0.002825239187810747,12.232802179531001
13.220338983050848,2.0677966101694913,0.0011329954616428198,0.00042133741858211025,0.0016917383668288806,12.242627704707436
13.491525423728813,2.0677966101694913,0.0007830663873639971,0.00028123584892638434,0.0011498342246666386,12.245078866978803
13.76271186440678,2.0677966101694913,0.00048732758496388524,0.00016730661605831,0.0007138198298071535,12.247072309165874
14.033898305084746,2.0677966101694913,0.00026858725943157603,8.737598520751074e-05,0.00039621096706651544,12.248470967974884
14.305084745762711,2.0677966101694913,0.00018869058846201185,6.467281535083187e-05,0.0002435963518259089,12.248868251872437
14.576271186440678,2.0677966101694913,0.00012079868199035353,4.5044761912205444e-05,0.00012810704046790927,12.249211729347973
14.847457627118644,2.0677966101694913,6.641316321318352e-05,2.8671737754649144e-05,4.9529273065918584e-05,12.24949824972722
15.11864406779661,2.0677966101694913,3.6429114481611074e-05,1.7863809902808764e-05,1.846140262815552e-05,12.249687385321172
15.389830508474576,2.0677966101694913,2.429146627273159e-05,1.1638835488313391e-05,1.2480922415248427e-05,12.249796321225594
15.661016949152541,2.0677966101694913,1.4373999293157385e-05,6.6487420593730144e-06,1.1928043040646413e-05,12.249883647290245
15.932203389830509,2.0677966101694913,6.832832964942724e-06,3.004893309509656e-06,1.192804305020894e-05,12.249947414423515
16.203389830508474,2.0677966101694913,4.045313426776686e-06,1.7100819282155606e-06,1.192804305360691e-05,12.249970073584528
16.474576271186443,2.0677966101694913,2.5194604292579873e-06,1.0575879207865402e-06,1.1928043055319255e-05,12.249981492218375
16.74576271186441,2.0677966101694913,1.3443429105725782e-06,5.43171700661532e-07,1.1928043056669241e-05,12.249990494497078
17.016949152542374,2.0677966101694913,1.3067310445140923e-06,2.0140034861627228e-07,1.192804305756611e-05,12.249996475494148
17.28813559322034,2.0677966101694913,1.3067310445432146e-06,1.0009900978754546e-07,1.1928043057831941e-05,12.249998248267389
17.559322033898304,2.0677966101694913,1.3067310445512745e-06,7.206267661724627e-08,1.1928043057905513e-05,12.249998738903187
17.83050847457627,2.0677966101694913,1.3067310445512745e-06,7.206267661724627e-08,1.1928043057905513e-05,12.249998738903187
18.101694915254235,2.0677966101694913,1.3067310445512745e-06,7.206267661724627e-08,1.1928043057905513e-05,12.249998738903187
18.372881355932204,2.0677966101694913,1.3067310445512745e-06,7.206267661724627e-08,1.1928043057905513e-05,12.249998738903187
18.64406779661017,2.0677966101694913,1.3067310445512745e-06,7.206267661724627e-08,1.1928043057905513e-05,12.249998738903187
18.915254237288135,2.0677966101694913,1.3067310445512745e-06,7.206267661724627e-08,1.1928043057905513e-05,12.249998738903187
19.186440677966104,2.0677966101694913,1.3067310445512745e-06,7.206267661724627e-08,1.1928043057905513e-05,12.249998738903187
19.45762711864407,2.0677966101694913,1.3067310445512745e-06,7.206267661724627e-08,1.1928043057905513e-05,12.249998738903187
19.728813559322035,2.0677966101694913,1.3067310445512745e-06,7.206267661724627e-08,1.1928043057905513e-05,12.249998738903187
20.0,2.0677966101694913,1.3067310445512745e-06,7.206267661724627e-08,1.1928043057905513e-05,12.249998738903187
4.0,2.1322033898305084,0.45108152217277403,1.6591578511590808,15.850474065577249,0.41976744885870193
4.271186440677966,2.1322033898305084,0.8086592323777733,2.749029490250366,15.836559005670258,11.37425353478226
4.5423728813559325,2.1322033898305084,1.4914915034223828,4.906956469911677,15.809648111909327,76.86714801159606
4.813559322033898,2.1322033898305084,2.78547430723263,9.364899199097552,15.754685987487122,396.49762032365516
5.084745762711864,2.1322033898305084,5.106910414205066,17.686494055806076,15.644594827005303,1657.8118039362917
5.3559322033898304,2.1322033898305084,8.054553076585389,27.7774753309981,15.468570684374319,4348.570030233834
5.627118644067797,2.1322033898305084,11.710301950638701,44.315772901161885,15.131161117317962,11511.022273150631
5.898305084745763,2.1322033898305084,15.524163034858221,73.30371625331426,14.430823440913832,32313.402568982056
6.169491525423728,2.1322033898305084,18.926633810352445,72.86223680090885,13.73672205079687,31917.82055368231
6.4406779661016955,2.1322033898305084,21.842632961196536,45.739075317662994,13.217175033734907,12287.210000158697
6.711864406779661,2.1322033898305084,23.275140960498895,21.297886900832292,12.496980323812338,2474.5368944894585
6.983050847457627,2.1322033898305084,22.3279483626198,4.133944141614277,11.51150352286999,46.71531605916892
7.254237288135593,2.1322033898305084,23.337149139309812,3.230322531726153,10.893837408861826,20.93800356340271
7.525423728813559,2.1322033898305084,23.811134086715295,2.9478378715306364,10.264173014591039,14.97376297840307
7.796610169491526,2.1322033898305084,23.380957723581552,2.6157471674590913,9.5835225145181,9.237757344905026
8.067796610169491,2.1322033898305084,20.638306362286823,2.3080396633492932,8.699132286654196,5.153350188846862
8.338983050847457,2.1322033898305084,13.929186181825521,2.170587542428647,7.194565159167753,3.7112822534138887
8.610169491525424,2.1322033898305084,8.087421607037061,2.0010670358546254,5.481764194747847,2.2580098849441606
8.881355932203391,2.1322033898305084,3.4976748497991292,1.7886894955913422,3.659397434028917,0.9442470248940754
9.152542372881356,2.1322033898305084,1.8783730240479821,1.5764468769953937,2.535074983728984,0.19458437750892255
9.423728813559322,2.1322033898305084,1.6066713849096703,1.3862777594177442,1.964929924712094,0.0011768742912331553
9.694915254237287,2.1322033898305084,1.3085173604224258,1.1927588124870034,1.4500321587758218,0.268430686261231
9.966101694915254,2.1322033898305084,1.000000010464971,0.9999999920224839,0.9999999981348867,1.0000000398875803
10.237288135593221,2.1322033898305084,0.8062877710256178,0.7717376750836938,0.668233593717714,2.4669596806827627
10.508474576271187,2.1322033898305084,0.6282726368245882,0.5598028240146801,0.40381600164882797,4.412070590835666
10.779661016949152,2.1322033898305084,0.4573817485532075,0.37568435548450685,0.20321842932764264,6.557640872494937
11.050847457627118,2.1322033898305084,0.3145809623098409,0.2360870148413065,0.08559004624731337,8.466833981381379
11.322033898305085,2.1322033898305084,0.23825108650235582,0.16941630294719937,0.06605357523056163,9.464601471575868
11.593220338983052,2.1322033898305084,0.16909880852919362,0.11326471114496488,0.049100246055687226,10.348048147405311
11.864406779661017,2.1322033898305084,0.10903194227036209,0.06793055813252512,0.03467567478493539,11.090056237232035
12.135593220338983,2.1322033898305084,0.061320264301877606,0.03555528338711018,0.023074019934656284,11.63568365433018
12.40677966101695,2.1322033898305084,0.030144215584979397,0.01649611369400031,0.014116557235801725,11.963018771398776
12.677966101694915,2.1322033898305084,0.011593259223265763,0.005859895535235574,0.0073802832539700105,12.1476664429814
12.94915254237288,2.1322033898305084,0.0023545288811040697,0.000983083052515107,0.0028252316026519462,12.232802086907785
13.220338983050848,2.1322033898305084,0.0011330075398418296,0.00042133206302557896,0.0016917440341661168,12.242627798401472
13.491525423728813,2.1322033898305084,0.0007830710123800321,0.000281234238918823,0.001149828878687471,12.245078895148273
13.76271186440678,2.1322033898305084,0.0004873405022598737,0.000167304042965733,0.0007137960832811341,12.247072354189616
14.033898305084746,2.1322033898305084,0.0002685862279359932,8.737353430973863e-05,0.00039624767242284805,12.248471010862918
14.305084745762711,2.1322033898305084,0.000188715447101814,6.466424628926602e-05,0.00024358604340883358,12.248868401824089
14.576271186440678,2.1322033898305084,0.00012079605802197828,4.504525134677541e-05,0.0001281165640468764,12.249211720783146
14.847457627118644,2.1322033898305084,6.643143909641427e-05,2.866580258278723e-05,4.95202796490313e-05,12.249498353590601
15.11864406779661,2.1322033898305084,3.642154190156433e-05,1.787013902998539e-05,1.8456195846587904e-05,12.249687274562858
15.389830508474576,2.1322033898305084,2.4304091030546165e-05,1.1636182326280325e-05,1.247068758626922e-05,12.249796367655541
15.661016949152541,2.1322033898305084,1.4365570525326166e-05,6.652971632378798e-06,1.1928043040635314e-05,12.24988357327307
15.932203389830509,2.1322033898305084,6.8436909261513476e-06,3.001641772853735e-06,1.192804305021747e-05,12.249947471325283
16.203389830508474,2.1322033898305084,4.044552568413272e-06,1.7058293553661733e-06,1.1928043053618069e-05,12.249970148004467
16.474576271186443,2.1322033898305084,2.544069645121062e-06,1.043425081034864e-06,1.1928043055356421e-05,12.249981740067886
16.74576271186441,2.1322033898305084,1.3373601198055366e-06,5.395954134923578e-07,1.1928043056678626e-05,12.24999055708208
17.016949152542374,2.1322033898305084,1.3067310445141277e-06,2.012776070422331e-07,1.1928043057566432e-05,12.249996477642128
17.28813559322034,2.1322033898305084,1.3067310445411536e-06,1.0726801394268003e-07,1.1928043057813129e-05,12.249998122809822
17.559322033898304,2.1322033898305084,1.3067310445512745e-06,7.206267661724627e-08,1.1928043057905513e-05,12.249998738903187
17.83050847457627,2.1322033898305084,1.3067310445512745e-06,7.206267661724627e-08,1.1928043057905513e-05,12.249998738903187
18.101694915254235,2.1322033898305084,1.3067310445512745e-06,7.206267661724627e-08,1.1928043057905513e-05,12.249998738903187
18.372881355932204,2.1322033898305084,1.3067310445512745e-06,7.206267661724627e-08,1.1928043057905513e-05,12.249998738903187
18.64406779661017,2.1322033898305084,1.3067310445512745e-06,7.206267661724627e-08,1.1928043057905513e-05,12.249998738903187
18.915254237288135,2.1322033898305084,1.3067310445512745e-06,7.206267661724627e-08,1.1928043057905513e-05,12.249998738903187
19.186440677966104,2.1322033898305084,1.3067310445512745e-06,7.206267661724627e-08,1.1928043057905513e-05,12.249998738903187
19.45762711864407,2.1322033898305084,1.3067310445512745e-06,7.206267661724627e-08,1.1928043057905513e-05,12.249998738903187
19.728813559322035,2.1322033898305084,1.3067310445512745e-06,7.206267661724627e-08,1.1928043057905513e-05,12.249998738903187
20.0,2.1322033898305084,1.3067310445512745e-06,7.206267661724627e-08,1.1928043057905513e-05,12.249998738903187
4.0,2.1966101694915254,0.45528282742147946,1.6670070783356612,15.850393747047999,0.4455798742584123
4.271186440677966,2.1966101694915254,0.8118757629417802,2.7542255454660554,15.836504086669903,11.46204267495522
4.5423728813559325,2.1966101694915254,1.4939654685656123,4.910557761327118,15.809608500704503,77.02509872258788
4.813559322033898,2.1966101694915254,2.7874547189362118,9.367642814567285,15.75465439893578,396.7708251282855
5.084745762711864,2.1966101694915254,5.108394503922157,17.688469046880673,15.644570016730267,1658.213899319936
5.3559322033898304,2.1966101694915254,8.055513057430074,27.778662298966054,15.46855271652027,4348.961404268081
5.627118644067797,2.1966101694915254,11.710877252009299,44.31649741956083,15.131147572581336,11511.41094226982
5.898305084745763,2.1966101694915254,15.52448677327155,73.30417876609096,14.430812417178473,32313.818275162273
6.169491525423728,2.1966101694915254,18.926796266773138,72.86240737198038,13.736715359023613,31917.972921242967
6.4406779661016955,2.1966101694915254,21.842711231329925,45.73911567931116,13.217171531059975,12287.232370145857
6.711864406779661,2.1966101694915254,23.275175988254382,21.297893805807043,12.496978463545434,2474.5386119198397
6.983050847457627,2.1966101694915254,22.32796289958829,4.133944619174737,11.511502511595056,46.7153323794656
7.254237288135593,2.1966101694915254,23.337155612781693,3.230322664493656,10.893836926031424,20.938006600994722
7.525423728813559,2.1966101694915254,23.811136929969628,2.947837913110775,10.264172785832566,14.973763782894492
7.796610169491526,2.1966101694915254,23.380958936955402,2.6157471790304823,9.583522406497645,9.237757520753599
8.067796610169491,2.1966101694915254,20.63830684215049,2.3080396658168785,8.699132234161523,5.153350216855178
8.338983050847457,2.1966101694915254,13.929186318674473,2.1705875419294616,7.194565135489379,3.7112822486055617
8.610169491525424,2.1966101694915254,8.087421640989813,2.0010670348488167,5.481764184893008,2.2580098773871793
8.881355932203391,2.1966101694915254,3.49767485343088,1.7886894961979551,3.6593974299407845,0.9442470278413766
9.152542372881356,2.1966101694915254,1.8783730244926777,1.5764468775503244,2.535074981977832,0.19458437873287007
9.423728813559322,2.1966101694915254,1.606671386640914,1.3862777579391323,1.9649299250625205,0.0011768745448565215
9.694915254237287,2.1966101694915254,1.3085173587898369,1.1927588130297775,1.4500321600544839,0.2684306848551668
9.966101694915254,2.1966101694915254,1.0000000074455824,0.9999999982189559,0.9999999906608837,1.0000000089052197
10.237288135593221,2.1966101694915254,0.8062877686213874,0.771737679623817,0.66823358866825,2.466959645027909
10.508474576271187,2.1966101694915254,0.6282726302376113,0.5598028263261499,0.4038160078188603,4.412070566559534
10.779661016949152,2.1966101694915254,0.4573817613306082,0.3756843538560602,0.2032184192906962,6.55764089334548
11.050847457627118,2.1966101694915254,0.3145809666210409,0.2360870009344935,0.08559005907383349,8.466834183710382
11.322033898305085,2.1966101694915254,0.23825103939661468,0.16941633131866252,0.06605358072964573,9.46460103515762
11.593220338983052,2.1966101694915254,0.16909879359743768,0.11326472213454794,0.04910024282785885,10.34804797064676
11.864406779661017,2.1966101694915254,0.1090320014775605,0.06793052683935052,0.03467566408405795,11.090056758290563
12.135593220338983,2.1966101694915254,0.061320215782423984,0.035555306643156676,0.023074034989822908,11.635683257685312
12.40677966101695,2.1966101694915254,0.030144197605642506,0.01649612528517449,0.014116553032957314,11.963018570943344
12.677966101694915,2.1966101694915254,0.011593232040416889,0.005859908253897596,0.007380290909294716,12.147666221336436
12.94915254237288,2.1966101694915254,0.002354530192228193,0.0009830818588640847,0.0028252371567301466,12.232802107782007
13.220338983050848,2.1966101694915254,0.0011329962405341256,0.00042133597901681613,0.0016917518813775888,12.242627729892249
13.491525423728813,2.1966101694915254,0.000783063736511877,0.0002812386931536472,0.0011498067697523567,12.245078817214825
13.76271186440678,2.1966101694915254,0.00048733297549844324,0.00016730662065090704,0.0007137950612552265,12.247072309085514
14.033898305084746,2.1966101694915254,0.00026857655598603735,8.737845024981945e-05,0.00039622441522209757,12.248470924839337
14.305084745762711,2.1966101694915254,0.00018870002887710931,6.467068549422356e-05,0.00024358025191485838,12.248868289143207
14.576271186440678,2.1966101694915254,0.00012081970931231893,4.503752970646142e-05,0.0001281022569977003,12.249211855907502
14.847457627118644,2.1966101694915254,6.64207722707189e-05,2.8668544715890826e-05,4.9526202519464414e-05,12.249498305604252
15.11864406779661,2.1966101694915254,3.643156240500859e-05,1.7863710525623995e-05,1.845998467345806e-05,12.249687387060247
15.389830508474576,2.1966101694915254,2.4308143140740202e-05,1.162993544972e-05,1.2482764192561602e-05,12.249796476974973
15.661016949152541,2.1966101694915254,1.4357639530432636e-05,6.656953783726667e-06,1.1928043040624865e-05,12.24988350358575
15.932203389830509,2.1966101694915254,6.82735817997395e-06,3.007538453804687e-06,1.1928043050201999e-05,12.249947368133588
16.203389830508474,2.1966101694915254,4.049960864183928e-06,1.704415415207236e-06,1.192804305362178e-05,12.249970172748387
16.474576271186443,2.1966101694915254,2.5470795239071207e-06,1.0426620105008275e-06,1.1928043055358422e-05,12.24998175342161
16.74576271186441,2.1966101694915254,1.347401440479287e-06,5.422100724758348e-07,1.1928043056671765e-05,12.249990511325567
17.016949152542374,2.1966101694915254,1.3067310445141607e-06,2.0116263869356346e-07,1.1928043057566733e-05,12.249996479654072
17.28813559322034,2.1966101694915254,1.3067310445431839e-06,1.0020551421223509e-07,1.1928043057831662e-05,12.249998246403562
17.559322033898304,2.1966101694915254,1.3067310445512745e-06,7.206267661724627e-08,1.1928043057905513e-05,12.249998738903187
17.83050847457627,2.1966101694915254,1.3067310445512745e-06,7.206267661724627e-08,1.1928043057905513e-05,12.249998738903187
18.101694915254235,2.1966101694915254,1.3067310445512745e-06,7.206267661724627e-08,1.1928043057905513e-05,12.249998738903187
18.372881355932204,2.1966101694915254,1.3067310445512745e-06,7.206267661724627e-08,1.1928043057905513e-05,12.249998738903187
18.64406779661017,2.1966101694915254,1.3067310445512745e-06,7.206267661724627e-08,1.1928043057905513e-05,12.249998738903187
18.915254237288135,2.1966101694915254,1.3067310445512745e-06,7.206267661724627e-08,1.1928043057905513e-05,12.249998738903187
19.186440677966104,2.1966101694915254,1.3067310445512745e-06,7.206267661724627e-08,1.1928043057905513e-05,12.249998738903187
19.45762711864407,2.1966101694915254,1.3067310445512745e-06,7.206267661724627e-08,1.1928043057905513e-05,12.249998738903187
19.728813559322035,2.1966101694915254,1.3067310445512745e-06,7.206267661724627e-08,1.1928043057905513e-05,12.249998738903187
20.0,2.1966101694915254,1.3067310445512745e-06,7.206267661724627e-08,1.1928043057905513e-05,12.249998738903187
4.0,2.2610169491525425,0.459514935455996,1.6748707983204205,15.850313258080973,0.4722122235581584
4.271186440677966,2.2610169491525425,0.8151024114325608,2.7594251403510137,15.836449119873397,11.550229451364833
4.5423728813559325,2.2610169491525425,1.4964426488077502,4.9141598218572815,15.809568876270133,77.18324533472502
4.813559322033898,2.2610169491525425,2.7894362138222704,9.370386585085312,15.754622806293309,397.04413947317425
5.084745762711864,2.2610169491525425,5.109878917032428,17.690444052675524,15.64454520527631,1658.6160464584461
5.3559322033898304,2.2610169491525425,8.056473121256445,27.779849262151792,15.468534748349917,4349.352794336566
5.627118644067797,2.2610169491525425,11.711452572986968,44.31722193415136,15.131134027761759,11511.799615907516
5.898305084745763,2.2610169491525425,15.524810516067765,73.30464127679332,14.43080139342439,32314.233982152055
6.169491525423728,2.2610169491525425,18.926958724026335,72.86257794257024,13.736708667247745,31918.12528873703
6.4406779661016955,2.2610169491525425,21.84278950169676,45.73915604097287,13.21716802837998,12287.25474016088
6.711864406779661,2.2610169491525425,23.275211016054726,21.297900710809067,12.496976603274987,2474.5403293576
6.983050847457627,2.2610169491525425,22.327977436865254,4.133945096744019,11.511501500298724,46.715348700066635
7.254237288135593,2.2610169491525425,23.337162086463202,3.2303227972696686,10.893836443182213,20.93800963878165
7.525423728813559,2.2610169491525425,23.81113977222427,2.947837954650098,10.264172557181883,14.973764586596243
7.796610169491526,2.2610169491525425,23.380960148871964,2.6157471906984044,9.583522298494536,9.23775769806914
8.067796610169491,2.2610169491525425,20.638307321078653,2.3080396681367046,8.699132181973638,5.153350243186354
8.338983050847457,2.2610169491525425,13.92918645753208,2.1705875416452667,7.194565111083197,3.7112822458680985
8.610169491525424,2.2610169491525425,8.087421672249825,2.0010670343073413,5.481764175106114,2.2580098733188922
8.881355932203391,2.2610169491525425,3.4976748613373903,1.7886894945019998,3.659397427014028,0.9442470196013761
9.152542372881356,2.2610169491525425,1.878373026023496,1.5764468767069948,2.5350749818264795,0.1945843768728341
9.423728813559322,2.2610169491525425,1.6066713893498923,1.3862777563291229,1.9649299247633454,0.0011768748210182816
9.694915254237287,2.2610169491525425,1.3085173588990984,1.1927588150446036,1.4500321553294617,0.26843067963573
9.966101694915254,2.2610169491525425,1.0000000071655184,0.999999995667616,0.9999999966234139,1.0000000216619196
10.237288135593221,2.2610169491525425,0.8062877707502601,0.7717376718524518,0.6682336010226193,2.466959706058609
10.508474576271187,2.2610169491525425,0.6282726420536897,0.5598028181868301,0.40381600619365093,4.412070652042454
10.779661016949152,2.2610169491525425,0.4573817677381507,0.3756843476862353,0.20321842207652716,6.557640972343582
11.050847457627118,2.2610169491525425,0.3145809562608201,0.23608701077246882,0.08559005540142596,8.466834040578542
11.322033898305085,2.2610169491525425,0.23825106469085447,0.16941630938531188,0.06605358473805076,9.464601372542912
11.593220338983052,2.2610169491525425,0.16909877970627607,0.11326473262524366,0.04910023983906769,10.34804780191241
11.864406779661017,2.2610169491525425,0.10903200173677724,0.06793052530189632,0.03467566745990167,11.090056783890512
12.135593220338983,2.2610169491525425,0.06132022776026866,0.03555530097798133,0.023074032204897024,11.63568335430804
12.40677966101695,2.2610169491525425,0.030144227083695244,0.016496103417592337,0.014116564934194864,11.963018949116908
12.677966101694915,2.2610169491525425,0.01159325654748231,0.005859907981495161,0.007380240518490582,12.147666226083528
12.94915254237288,2.2610169491525425,0.00235453074035349,0.0009830804458289307,0.002825241568492357,12.232802132492763
13.220338983050848,2.2610169491525425,0.0011330104517885456,0.0004213320269631769,0.001691729137355053,12.24262779903237
13.491525423728813,2.2610169491525425,0.0007830652242730064,0.0002812360346334975,0.0011498378482513603,12.245078863729578
13.76271186440678,2.2610169491525425,0.0004873577000990073,0.0001672979261528889,0.0007137919696951302,12.247072461221048
14.033898305084746,2.2610169491525425,0.00026858115627153846,8.73771011271036e-05,0.00039621903652445334,12.248470948447508
14.305084745762711,2.2610169491525425,0.00018867949412065376,6.467470317332237e-05,0.00024361571329940864,12.248868218837071
14.576271186440678,2.2610169491525425,0.00012079181526813508,4.50453582296699e-05,0.00012813119818563226,12.249211718912756
14.847457627118644,2.2610169491525425,6.641901945015209e-05,2.8673658620467536e-05,4.95038160909104e-05,12.249498216112759
15.11864406779661,2.2610169491525425,3.6446373641852324e-05,1.786027520952743e-05,1.844561226294237e-05,12.249687447177518
15.389830508474576,2.2610169491525425,2.43195780965217e-05,1.1627687763599645e-05,1.2473060084425483e-05,12.249796516309154
15.661016949152541,2.2610169491525425,1.4350163478973022e-05,6.66070960647692e-06,1.1928043040615009e-05,12.249883437859166
15.932203389830509,2.2610169491525425,6.83775237037021e-06,3.0043937261170048e-06,1.192804305021025e-05,12.249947423166207
16.203389830508474,2.2610169491525425,4.028265501060045e-06,1.711790792724032e-06,1.1928043053602428e-05,12.24997004367944
16.474576271186443,2.2610169491525425,2.5499136829644413e-06,1.0419441557633998e-06,1.1928043055360306e-05,12.249981765984055
16.74576271186441,2.2610169491525425,1.3492900877970392e-06,5.416339560818914e-07,1.1928043056673276e-05,12.249990521407597
17.016949152542374,2.2610169491525425,1.3067310445141919e-06,2.0105472782974327e-07,1.1928043057567016e-05,12.249996481542514
17.28813559322034,2.2610169491525425,1.3067310445412355e-06,1.0698307617098018e-07,1.1928043057813877e-05,12.249998127796237
17.559322033898304,2.2610169491525425,1.3067310445512745e-06,7.206267661724627e-08,1.1928043057905513e-05,12.249998738903187
17.83050847457627,2.2610169491525425,1.3067310445512745e-06,7.206267661724627e-08,1.1928043057905513e-05,12.249998738903187
18.101694915254235,2.2610169491525425,1.3067310445512745e-06,7.206267661724627e-08,1.1928043057905513e-05,12.249998738903187
18.372881355932204,2.2610169491525425,1.3067310445512745e-06,7.206267661724627e-08,1.1928043057905513e-05,12.249998738903187
18.64406779661017,2.2610169491525425,1.3067310445512745e-06,7.206267661724627e-08,1.1928043057905513e-05,12.249998738903187
18.915254237288135,2.2610169491525425,1.3067310445512745e-06,7.206267661724627e-08,1.1928043057905513e-05,12.249998738903187
19.186440677966104,2.2610169491525425,1.3067310445512745e-06,7.206267661724627e-08,1.1928043057905513e-05,12.249998738903187
19.45762711864407,2.2610169491525425,1.3067310445512745e-06,7.206267661724627e-08,1.1928043057905513e-05,12.249998738903187
19.728813559322035,2.2610169491525425,1.3067310445512745e-06,7.206267661724627e-08,1.1928043057905513e-05,12.249998738903187
20.0,2.2610169491525425,1.3067310445512745e-06,7.206267661724627e-08,1.1928043057905513e-05,12.249998738903187
4.0,2.3254237288135595,0.46377798172228885,1.6827488773008834,15.850232599813738,0.4996682975931879
4.271186440677966,2.3254237288135595,0.81833919702431,2.764628258480641,15.836394105410262,11.638814274024421
4.5423728813559325,2.3254237288135595,1.4989230465484817,4.917762649355182,15.8095292386226,77.34158785748993
4.813559322033898,2.3254237288135595,2.791418792199952,9.37313051032064,15.754591209562271,397.31756334128664
5.084745762711864,2.3254237288135595,5.111363653567354,17.69241907314646,15.644520392643807,1659.0182453439163
5.3559322033898304,2.3254237288135595,8.057433268066411,27.781036220546,15.468516779863362,4349.744200435999
5.627118644067797,2.3254237288135595,11.712027913576204,44.317946444933284,15.131120482859192,11512.18829406351
5.898305084745763,2.3254237288135595,15.525134263271513,73.30510378540365,14.43079036965138,32314.64968993543
6.169491525423728,2.3254237288135595,18.92712118211341,72.86274851261521,13.736701975470261,31918.27765610804
6.4406779661016955,2.3254237288135595,21.84286777215582,45.73919640252593,13.217164525702968,12287.27711013605
6.711864406779661,2.3254237288135595,23.27524604386639,21.29790761580109,12.49697474300536,2474.542046793469
6.983050847457627,2.3254237288135595,22.32799197390285,4.133945574299915,11.511500489022971,46.71536502021307
7.254237288135593,2.3254237288135595,23.337168560538473,3.230322930046791,10.893835960308186,20.938012676594184
7.525423728813559,2.3254237288135595,23.81114261530401,2.9478379962213435,10.264172328441367,14.973765390915649
7.796610169491526,2.3254237288135595,23.38096136253119,2.6157472023097688,9.58352219041427,9.237757874525187
8.067796610169491,2.3254237288135595,20.638307799760387,2.308039670598357,8.699132129609698,5.153350271127328
8.338983050847457,2.3254237288135595,13.929186593651162,2.1705875411914377,7.194565087443308,3.7112822414966615
8.610169491525424,2.3254237288135595,8.087421708385099,2.0010670332038756,5.481764164708978,2.258009865028181
8.881355932203391,2.3254237288135595,3.497674867977981,1.7886894942637426,3.659397422002114,0.9442470184437752
9.152542372881356,2.3254237288135595,1.8783730281063176,1.5764468764448238,2.5350749791744236,0.19458437629459352
9.423728813559322,2.3254237288135595,1.606671389081111,1.386277757364288,1.9649299229146344,0.0011768746434584476
9.694915254237287,2.3254237288135595,1.3085173573991848,1.1927588154865196,1.4500321566328016,0.2684306784909399
9.966101694915254,2.3254237288135595,1.0000000088581227,0.9999999952147575,0.9999999940586394,1.0000000239262123
10.237288135593221,2.3254237288135595,0.8062877684842352,0.7717376762280878,0.6682335960483858,2.466959671695518
10.508474576271187,2.3254237288135595,0.6282726393094575,0.5598028237595652,0.4038159993728428,4.412070593514999
10.779661016949152,2.3254237288135595,0.45738176905173183,0.3756843429231381,0.2032184258190952,6.557641033330021
11.050847457627118,2.3254237288135595,0.314580970945791,0.23608700016332174,0.08559005623243515,8.466834194930096
11.322033898305085,2.3254237288135595,0.23825102915102364,0.1694163419461467,0.06605357519405862,9.464600871682514
11.593220338983052,2.3254237288135595,0.16909875565255114,0.11326473521238598,0.0491002566516692,10.348047760300318
11.864406779661017,2.3254237288135595,0.10903200196620756,0.06793052383999569,0.0346756706438386,11.090056808232424
12.135593220338983,2.3254237288135595,0.06132023907462163,0.03555529562661935,0.023074029574237615,11.635683445578508
12.40677966101695,2.3254237288135595,0.03014417066712139,0.01649614426038859,0.014116542433494982,11.963018242789818
12.677966101694915,2.3254237288135595,0.011593258420267075,0.005859900330384533,0.007380266424416416,12.14766635941753
12.94915254237288,2.3254237288135595,0.0023545469709763886,0.000983074723762473,0.0028252331273266227,12.232802232558608
13.220338983050848,2.3254237288135595,0.0011329996977303333,0.0004213357270318528,0.0016917369624517356,12.242627734300655
13.491525423728813,2.3254237288135595,0.0007830585165464321,0.0002812401941080816,0.0011498167224554543,12.245078790953396
13.76271186440678,2.3254237288135595,0.0004873501975449204,0.00016730055914666102,0.0007137912407806061,12.24707241514916
14.033898305084746,2.3254237288135595,0.00026858037962401244,8.737482304487315e-05,0.0003962524694576277,12.248470988311462
14.305084745762711,2.3254237288135595,0.00018870358987681173,6.466713509833986e-05,0.00024360701077113088,12.248868351272266
14.576271186440678,2.3254237288135595,0.00012081428101384622,4.503806505658314e-05,0.00012811728738904463,12.24921184653918
14.847457627118644,2.3254237288135595,6.640480546458919e-05,2.867409712463501e-05,4.9537624352249524e-05,12.24949820843909
15.11864406779661,2.3254237288135595,3.6415014144605005e-05,1.7875124344582588e-05,1.8450516444959265e-05,12.24968718732097
15.389830508474576,2.3254237288135595,2.4309912604989534e-05,1.163866024612776e-05,1.2453409413022987e-05,12.249796324292303
15.661016949152541,2.3254237288135595,1.434310431788779e-05,6.664257862371641e-06,1.19280430406057e-05,12.249883375764982
15.932203389830509,2.3254237288135595,6.8224932830253015e-06,3.0098907975728418e-06,1.1928043050195826e-05,12.249947326967664
16.203389830508474,2.3254237288135595,4.033669861916607e-06,1.7102158929645552e-06,1.192804305360656e-05,12.249970071240153
16.474576271186443,2.3254237288135595,2.5248185268616155e-06,1.0502339895837917e-06,1.1928043055338554e-05,12.249981620912074
16.74576271186441,2.3254237288135595,1.3427869741921622e-06,5.383935827017581e-07,1.192804305668178e-05,12.249990578114115
17.016949152542374,2.3254237288135595,1.3067310445137764e-06,2.0249974300474615e-07,1.1928043057563225e-05,12.24999645625475
17.28813559322034,2.3254237288135595,1.306731044541309e-06,1.0672760176510756e-07,1.1928043057814546e-05,12.249998132267036
17.559322033898304,2.3254237288135595,1.3067310445512745e-06,7.206267661724627e-08,1.1928043057905513e-05,12.249998738903187
17.83050847457627,2.3254237288135595,1.3067310445512745e-06,7.206267661724627e-08,1.1928043057905513e-05,12.249998738903187
18.101694915254235,2.3254237288135595,1.3067310445512745e-06,7.206267661724627e-08,1.1928043057905513e-05,12.249998738903187
18.372881355932204,2.3254237288135595,1.3067310445512745e-06,7.206267661724627e-08,1.1928043057905513e-05,12.249998738903187
18.64406779661017,2.3254237288135595,1.3067310445512745e-06,7.206267661724627e-08,1.1928043057905513e-05,12.249998738903187
18.915254237288135,2.3254237288135595,1.3067310445512745e-06,7.206267661724627e-08,1.1928043057905513e-05,12.249998738903187
19.186440677966104,2.3254237288135595,1.3067310445512745e-06,7.206267661724627e-08,1.1928043057905513e-05,12.249998738903187
19.45762711864407,2.3254237288135595,1.3067310445512745e-06,7.206267661724627e-08,1.1928043057905513e-05,12.249998738903187
19.728813559322035,2.3254237288135595,1.3067310445512745e-06,7.206267661724627e-08,1.1928043057905513e-05,12.249998738903187
20.0,2.3254237288135595,1.3067310445512745e-06,7.206267661724627e-08,1.1928043057905513e-05,12.249998738903187
4.0,2.3898305084745766,0.4680721014149661,1.6906411807115902,15.850151773390403,0.5279518495339205
4.271186440677966,2.3898305084745766,0.8215861388749838,2.769834883394944,15.836339043410371,11.727797548535252
4.5423728813559325,2.3898305084745766,1.5014066641861419,4.921366241672304,15.809489587778296,77.5001262999333
4.813559322033898,2.3898305084745766,2.793402454379135,9.375874589942368,15.754559608745216,397.59109671555206
5.084745762711864,2.3898305084745766,5.1128487135584555,17.69439410825027,15.644495578833117,1659.4204959686315
5.3559322033898304,2.3898305084745766,8.058393497864728,27.782223174145486,15.46849881106062,4350.13562256512
5.627118644067797,2.3898305084745766,11.712603273773505,44.318670951906356,15.131106937873673,11512.576976737564
5.898305084745763,2.3898305084745766,15.525458014858982,73.30556629195465,14.430779345859436,32315.065398541774
6.169491525423728,2.3898305084745766,18.927283641055002,72.86291908216342,13.73669528368988,31918.43002339897
6.4406779661016955,2.3898305084745766,21.842946042825023,45.73923676404809,13.217161023022996,12287.29948011446
6.711864406779661,2.3898305084745766,23.275281071761132,21.2979145207443,12.496972882737287,2474.5437642177926
6.983050847457627,2.3898305084745766,22.3280065110495,4.133946051867382,11.511499477734823,46.71538134075779
7.254237288135593,2.3898305084745766,23.337175034074075,3.2303230628142026,10.893835477473832,20.93801571418477
7.525423728813559,2.3898305084745766,23.81114545744751,2.947838037754455,10.264172099801874,14.973766194497264
7.796610169491526,2.3898305084745766,23.38096257499915,2.615747213916556,9.583522082436769,9.237758050911674
8.067796610169491,2.3898305084745766,20.63830828093353,2.3080396729889765,8.69913207709115,5.153350298262046
8.338983050847457,2.3898305084745766,13.929186732387246,2.170587540655238,7.194565063462596,3.711282236331803
8.610169491525424,2.3898305084745766,8.087421742752918,2.0010670320448836,5.48176415501389,2.2580098563202826
8.881355932203391,2.3898305084745766,3.4976748734687213,1.788689493633345,3.659397418882587,0.9442470153809142
9.152542372881356,2.3898305084745766,1.878373029457636,1.5764468756770793,2.535074979107322,0.19458437460126696
9.423728813559322,2.3898305084745766,1.6066713887357833,1.3862777582651105,1.9649299210542375,0.0011768744889421366
9.694915254237287,2.3898305084745766,1.3085173618524688,1.19275881323267,1.4500321546176167,0.2684306843295705
9.966101694915254,2.3898305084745766,1.0000000042466117,0.9999999989446562,0.9999999952997396,1.0000000052767186
10.237288135593221,2.3898305084745766,0.8062877735065047,0.7717376718428256,0.6682335972814171,2.466959706134206
10.508474576271187,2.3898305084745766,0.62827264311644,0.5598028138833612,0.40381601148671703,4.412070697239486
10.779661016949152,2.3898305084745766,0.4573817749007107,0.3756843373763238,0.2032184282765567,6.557641104351127
11.050847457627118,2.3898305084745766,0.3145809620388889,0.23608701025087936,0.08559005310974116,8.4668340481671
11.322033898305085,2.3898305084745766,0.23825105467213242,0.1694163218430555,0.06605357949992631,9.464601180914212
11.593220338983052,2.3898305084745766,0.16909879602438327,0.11326471994507854,0.049100242683240584,10.348048005862605
11.864406779661017,2.3898305084745766,0.10903193947157258,0.06793055021601155,0.03467568782602096,11.090056369048861
12.135593220338983,2.3898305084745766,0.06132025002206128,0.0355552907045594,0.023074027176785354,11.635683529526993
12.40677966101695,2.3898305084745766,0.030144199282277722,0.01649612306008295,0.014116553978902907,11.96301860942363
12.677966101694915,2.3898305084745766,0.011593272523482407,0.005859896054548161,0.00738025396847613,12.147666433931468
12.94915254237288,2.3898305084745766,0.0023545380212035855,0.0009830795546823324,0.0028252265913034313,12.232802148076873
13.220338983050848,2.3898305084745766,0.0011329980248087597,0.0004213347309811606,0.0016917570598474535,12.2426277517263
13.491525423728813,2.3898305084745766,0.0007830628504329668,0.0002812386389041563,0.0011498124176517097,12.245078818163998
13.76271186440678,2.3898305084745766,0.0004873392894859984,0.0001673017423524965,0.0007138272411804489,12.247072394445535
14.033898305084746,2.3898305084745766,0.00026858899539831423,8.737506500704854e-05,0.0003962117280743846,12.248470984077386
14.305084745762711,2.3898305084745766,0.00018868876891053068,6.467264375164068e-05,0.00024359987104952545,12.248868254875287
14.576271186440678,2.3898305084745766,0.00012081039011170819,4.50382604023763e-05,0.00012812431020284518,12.249211843120737
14.847457627118644,2.3898305084745766,6.642021709659385e-05,2.8668254770912097e-05,4.952853987566754e-05,12.249498310678185
15.11864406779661,2.3898305084745766,3.642440130170465e-05,1.7869079280116036e-05,1.845415201308724e-05,12.249687293108245
15.389830508474576,2.3898305084745766,2.4314615416623333e-05,1.1633397026483194e-05,1.2465547220170316e-05,12.249796416397883
15.661016949152541,2.3898305084745766,1.4356122214203853e-05,6.654045234375887e-06,1.1928043040632498e-05,12.249883554485123
15.932203389830509,2.3898305084745766,6.832457285632484e-06,3.0068495640523453e-06,1.1928043050203806e-05,12.249947380189134
16.203389830508474,2.3898305084745766,4.038939822936501e-06,1.7087931507269154e-06,1.1928043053610293e-05,12.249970096138108
16.474576271186443,2.3898305084745766,2.528115274931513e-06,1.0493389284745509e-06,1.1928043055340902e-05,12.249981636575631
16.74576271186441,2.3898305084745766,1.3516913429745979e-06,5.407601152914411e-07,1.192804305667557e-05,12.249990536699807
17.016949152542374,2.3898305084745766,1.306731044513817e-06,2.0235862158976932e-07,1.1928043057563596e-05,12.249996458724375
17.28813559322034,2.3898305084745766,1.306731044541309e-06,1.0672760176510756e-07,1.1928043057814546e-05,12.249998132267036
17.559322033898304,2.3898305084745766,1.3067310445512745e-06,7.206267661724627e-08,1.1928043057905513e-05,12.249998738903187
17.83050847457627,2.3898305084745766,1.3067310445512745e-06,7.206267661724627e-08,1.1928043057905513e-05,12.249998738903187
18.101694915254235,2.3898305084745766,1.3067310445512745e-06,7.206267661724627e-08,1.1928043057905513e-05,12.249998738903187
18.372881355932204,2.3898305084745766,1.3067310445512745e-06,7.206267661724627e-08,1.1928043057905513e-05,12.249998738903187
18.64406779661017,2.3898305084745766,1.3067310445512745e-06,7.206267661724627e-08,1.1928043057905513e-05,12.249998738903187
18.915254237288135,2.3898305084745766,1.3067310445512745e-06,7.206267661724627e-08,1.1928043057905513e-05,12.249998738903187
19.186440677966104,2.3898305084745766,1.3067310445512745e-06,7.206267661724627e-08,1.1928043057905513e-05,12.249998738903187
19.45762711864407,2.3898305084745766,1.3067310445512745e-06,7.206267661724627e-08,1.1928043057905513e-05,12.249998738903187
19.728813559322035,2.3898305084745766,1.3067310445512745e-06,7.206267661724627e-08,1.1928043057905513e-05,12.249998738903187
20.0,2.3898305084745766,1.3067310445512745e-06,7.206267661724627e-08,1.1928043057905513e-05,12.249998738903187
4.0,2.454237288135593,0.4723974294695567,1.6985475732435482,15.850070779961564,0.5570665843100739
4.271186440677966,2.454237288135593,0.8248432561261543,2.7750449985987804,15.836283934003937,11.817179676072001
4.5423728813559325,2.454237288135593,1.5038935041177421,4.924970596658787,15.809449923753638,77.6588606706813
4.813559322033898,2.454237288135593,2.795387200668815,9.378618823619528,15.754528003844712,397.864739578849
5.084745762711864,2.454237288135593,5.114334097036917,17.69636915794231,15.64447076384462,1659.8227983245838
5.3559322033898304,2.454237288135593,8.059353810652274,27.78341012294532,15.468480841941757,4350.5270607220855
5.627118644067797,2.454237288135593,11.713178653578451,44.319395455070804,15.131093392805207,11512.965663929703
5.898305084745763,2.454237288135593,15.525781770839238,73.30602879640406,14.430768322048943,32315.481107933054
6.169491525423728,2.454237288135593,18.92744610082721,72.86308965126243,13.736688591906328,31918.58239065231
6.4406779661016955,2.454237288135593,21.84302431362017,45.73927712542282,13.217157520346316,12287.321850031518
6.711864406779661,2.454237288135593,23.27531609967485,21.29792142572864,12.496971022465654,2474.545481652943
6.983050847457627,2.454237288135593,22.32802104814226,4.1339465294365585,11.511498466449568,46.71539766136377
7.254237288135593,2.454237288135593,23.337181507800825,3.2303231955895075,10.893834994622383,20.938018751956168
7.525423728813559,2.454237288135593,23.8111483003834,2.9478380793187178,10.264171871078668,14.973766998681608
7.796610169491526,2.454237288135593,23.380963788882383,2.6157472255631893,9.583521974299957,9.2377582279037
8.067796610169491,2.454237288135593,20.63830876175535,2.3080396755102655,8.699132024423141,5.153350326879926
8.338983050847457,2.454237288135593,13.929186870719123,2.1705875401475114,7.194565039513806,3.711282231441204
8.610169491525424,2.454237288135593,8.087421773744298,2.001067031808762,5.481764144780668,2.258009854546223
8.881355932203391,2.454237288135593,3.497674879688064,1.7886894927418278,3.6593974156820432,0.9442470110493715
9.152542372881356,2.454237288135593,1.878373031390909,1.5764468754975702,2.5350749767331577,0.19458437420534427
9.423728813559322,2.454237288135593,1.6066713901946144,1.3862777569803553,1.9649299214757698,0.0011768747093136632
9.694915254237287,2.454237288135593,1.3085173604995575,1.1927588138318292,1.4500321560327811,0.2684306827774398
9.966101694915254,2.454237288135593,1.0000000059027723,0.9999999984053616,0.999999992880112,1.0000000079731914
10.237288135593221,2.454237288135593,0.8062877712870801,0.7717376759890509,0.6682335926664403,2.466959673572742
10.508474576271187,2.454237288135593,0.6282726404885107,0.5598028192766816,0.4038160048851021,4.412070640596328
10.779661016949152,2.454237288135593,0.457381762351749,0.37568434802975664,0.2032184256148919,6.557640967945152
11.050847457627118,2.454237288135593,0.314580952717097,0.23608701914677094,0.08559004991087091,8.466833918741555
11.322033898305085,2.454237288135593,0.2382510774287173,0.16941630178179332,0.06605358318471805,9.464601489502487
11.593220338983052,2.454237288135593,0.16909878317504393,0.11326472967525905,0.04910023993699713,10.348047849360523
11.864406779661017,2.454237288135593,0.10903195360001852,0.0679305558260104,0.03467566552295526,11.090056275637506
12.135593220338983,2.454237288135593,0.061320206734017155,0.0355553111901763,0.02307404037251129,11.63568318013335
12.40677966101695,2.454237288135593,0.030144183398821658,0.01649613306872389,0.014116550200022566,11.96301843633621
12.677966101694915,2.454237288135593,0.011593248003338144,0.005859907504472486,0.007380261689488924,12.147666234396484
12.94915254237288,2.454237288135593,0.0023545388957947016,0.000983078553469449,0.002825231623007006,12.232802165585797
13.220338983050848,2.454237288135593,0.0011330027884208155,0.00042133550016063156,0.0016917236042944626,12.24262773826971
13.491525423728813,2.454237288135593,0.0007830636607689503,0.00028123598152139515,0.0011498400444288604,12.245078864658854
13.76271186440678,2.454237288135593,0.0004873501200234707,0.00016729960573271636,0.0007138062915012238,12.247072431831914
14.033898305084746,2.454237288135593,0.0002685767428160177,8.737827843192308e-05,0.00039622691058679744,12.248470927845963
14.305084745762711,2.454237288135593,0.00018871135689830322,6.466552689883354e-05,0.00024359204082984566,12.248868379414459
14.576271186440678,2.454237288135593,0.00012079021896468127,4.504742293599568e-05,0.00012811348183184445,12.249211682781555
14.847457627118644,2.454237288135593,6.641204446451566e-05,2.8671111609299897e-05,4.9534431597210896e-05,12.249498260684538
15.11864406779661,2.454237288135593,3.6433176375907296e-05,1.786329268193371e-05,1.8457535974932306e-05,12.249687394372422
15.389830508474576,2.454237288135593,2.4296757203537823e-05,1.1640488533986824e-05,1.2466976375275317e-05,12.249796292297534
15.661016949152541,2.454237288135593,1.4377540384033888e-05,6.647556478195108e-06,1.1928043040649524e-05,12.249883668037818
15.932203389830509,2.454237288135593,6.834296212901636e-06,3.001399352880244e-06,1.1928043050218108e-05,12.249947475567623
16.203389830508474,2.454237288135593,4.025925117990918e-06,1.7175949840177833e-06,1.1928043053587196e-05,12.249969942106217
16.474576271186443,2.454237288135593,2.531234802823025e-06,1.0484928705688669e-06,1.1928043055343123e-05,12.249981651381635
16.74576271186441,2.454237288135593,1.328804738166451e-06,5.48034232763675e-07,1.1928043056656483e-05,12.249990409402804
17.016949152542374,2.454237288135593,1.306731044513744e-06,2.026127464431906e-07,1.1928043057562929e-05,12.249996454277193
17.28813559322034,2.454237288135593,1.3067310445413753e-06,1.0649724595982094e-07,1.1928043057815151e-05,12.249998136298265
17.559322033898304,2.454237288135593,1.3067310445512745e-06,7.206267661724627e-08,1.1928043057905513e-05,12.249998738903187
17.83050847457627,2.454237288135593,1.3067310445512745e-06,7.206267661724627e-08,1.1928043057905513e-05,12.249998738903187
18.101694915254235,2.454237288135593,1.3067310445512745e-06,7.206267661724627e-08,1.1928043057905513e-05,12.249998738903187
18.372881355932204,2.454237288135593,1.3067310445512745e-06,7.206267661724627e-08,1.1928043057905513e-05,12.249998738903187
18.64406779661017,2.454237288135593,1.3067310445512745e-06,7.206267661724627e-08,1.1928043057905513e-05,12.249998738903187
18.915254237288135,2.454237288135593,1.3067310445512745e-06,7.206267661724627e-08,1.1928043057905513e-05,12.249998738903187
19.186440677966104,2.454237288135593,1.3067310445512745e-06,7.206267661724627e-08,1.1928043057905513e-05,12.249998738903187
19.45762711864407,2.454237288135593,1.3067310445512745e-06,7.206267661724627e-08,1.1928043057905513e-05,12.249998738903187
19.728813559322035,2.454237288135593,1.3067310445512745e-06,7.206267661724627e-08,1.1928043057905513e-05,12.249998738903187
20.0,2.454237288135593,1.3067310445512745e-06,7.206267661724627e-08,1.1928043057905513e-05,12.249998738903187
4.0,2.51864406779661,0.4767541005548939,1.706467918853752,15.849989620684239,0.5870161580409371
4.271186440677966,2.51864406779661,0.8281105679027194,2.7802585875620216,15.836228777321525,11.906961053366919
4.5423728813559325,2.51864406779661,1.506383568738835,4.928575712163276,15.809410246565054,77.81779097792858
4.813559322033898,2.51864406779661,2.7973730313783447,9.38136321102149,15.75449639486331,398.1384919140454
5.084745762711864,2.51864406779661,5.115819804034325,17.698344222179784,15.644445947678674,1660.2251524041324
5.3559322033898304,2.51864406779661,8.060314206429979,27.78459706694078,15.468462872506826,4350.9185149051245
5.627118644067797,2.51864406779661,11.713754052998125,44.32011995442506,15.131079847653739,11513.354355638976
5.898305084745763,2.51864406779661,15.526105531216267,73.30649129878658,14.430757298219387,32315.896818140427
6.169491525423728,2.51864406779661,18.92760856143108,72.86326021980501,13.73668190012146,31918.734757772272
6.4406779661016955,2.51864406779661,21.843102584555318,45.73931748678006,13.217154017668351,12287.34421995925
6.711864406779661,2.51864406779661,23.27535112754791,21.297928330641685,12.496969162202136,2474.547199070956
6.983050847457627,2.51864406779661,22.328035585354023,4.133947006999434,11.511497455160388,46.715413981757266
7.254237288135593,2.51864406779661,23.33718798142559,3.230323328323864,10.89383451180756,20.93802178879092
7.525423728813559,2.51864406779661,23.811151143138723,2.947838120836051,10.264171642411744,14.973767801957985
7.796610169491526,2.51864406779661,23.380965001622787,2.6157472372035566,9.583521866263101,9.237758404800507
8.067796610169491,2.51864406779661,20.63830924168837,2.3080396778961605,8.699131972037712,5.153350353961018
8.338983050847457,2.51864406779661,13.929187008680518,2.170587539666501,7.194565015595896,3.711282226807947
8.610169491525424,2.51864406779661,8.087421810022047,2.0010670305437053,5.481764134529689,2.2580098450414225
8.881355932203391,2.51864406779661,3.497674885588986,1.7886894918957326,3.659397412644828,0.9442470069385176
9.152542372881356,2.51864406779661,1.8783730332310955,1.5764468753320988,2.5350749744882286,0.19458437384038282
9.423728813559322,2.51864406779661,1.6066713899343046,1.3862777579276093,1.964929919864515,0.0011768745468330398
9.694915254237287,2.51864406779661,1.308517363137945,1.192758811932456,1.4500321547573973,0.2684306876977946
9.966101694915254,2.51864406779661,1.0000000057143963,0.999999996133814,0.9999999981995846,1.0000000193309297
10.237288135593221,2.51864406779661,0.8062877756369133,0.7717376715050155,0.6682335936378742,2.4669597087871233
10.508474576271187,2.51864406779661,0.6282726346500507,0.5598028214137672,0.403816010183476,4.4120706181516605
10.779661016949152,2.51864406779661,0.4573817680727076,0.37568434263586786,0.20321842795179654,6.557641037008212
11.050847457627118,2.51864406779661,0.3145809663661155,0.2360870091373674,0.085590050818533,8.466834064367488
11.322033898305085,2.51864406779661,0.23825104442215983,0.1694163321333687,0.06605357444936868,9.464601022625567
11.593220338983052,2.51864406779661,0.16909876086635398,0.1132647321316148,0.04910025545393933,10.34804780985203
11.864406779661017,2.51864406779661,0.10903195505649181,0.0679305537042234,0.03467566851651804,11.090056310967102
12.135593220338983,2.51864406779661,0.06132021538589605,0.03555530463594732,0.023074036857240986,11.635683291919388
12.40677966101695,2.51864406779661,0.03014421023839535,0.016496113246252993,0.014116560962661156,11.96301877914203
12.677966101694915,2.51864406779661,0.011593249796689289,0.005859900374559811,0.0073802849684968695,12.147666358647697
12.94915254237288,2.51864406779661,0.002354539725657704,0.0009830776034610688,0.002825236397383516,12.232802182199267
13.220338983050848,2.51864406779661,0.0011330011220321461,0.00042133456085352035,0.0016917430152958897,12.242627754702639
13.491525423728813,2.51864406779661,0.0007830574403478947,0.00028123979911118567,0.0011498203843098155,12.245078797864453
13.76271186440678,2.51864406779661,0.0004873433922329718,0.00016730199563269995,0.0007138052601562624,12.247072390013662
14.033898305084746,2.51864406779661,0.0002685925222997879,8.737209518736732e-05,0.0003962392116329806,12.248471036045988
14.305084745762711,2.51864406779661,0.0001886971020637245,6.467079732010286e-05,0.00024358565833297393,12.248868287186344
14.576271186440678,2.51864406779661,0.0001208119478090543,4.504098859190121e-05,0.00012810209468751,12.249211795378955
14.847457627118644,2.51864406779661,6.641070371886672e-05,2.867564035392005e-05,4.9514127021791686e-05,12.249498181433129
15.11864406779661,2.51864406779661,3.6426651371701504e-05,1.786866028397307e-05,1.8453223148346465e-05,12.249687300440582
15.389830508474576,2.51864406779661,2.43017125996511e-05,1.1635519631265933e-05,1.247823555233792e-05,12.249796379252606
15.661016949152541,2.51864406779661,1.4371633229520445e-05,6.651774803648026e-06,1.1928043040638455e-05,12.24988359421747
15.932203389830509,2.51864406779661,6.843457989628156e-06,2.9987376462723547e-06,1.1928043050225092e-05,12.249947522147393
16.203389830508474,2.51864406779661,4.031106980367467e-06,1.716055824684466e-06,1.1928043053591235e-05,12.24996996904147
16.474576271186443,2.51864406779661,2.534203256459525e-06,1.047696955835512e-06,1.192804305534521e-05,12.24998166531013
16.74576271186441,2.51864406779661,1.3473780477243784e-06,5.373797823325112e-07,1.192804305668444e-05,12.249990595855612
17.016949152542374,2.51864406779661,1.306731044513782e-06,2.0247960560778856e-07,1.1928043057563278e-05,12.249996456607157
17.28813559322034,2.51864406779661,1.306731044542656e-06,1.0204240876169576e-07,1.1928043057826842e-05,12.24999821425791
17.559322033898304,2.51864406779661,1.3067310445512745e-06,7.206267661724627e-08,1.1928043057905513e-05,12.249998738903187
17.83050847457627,2.51864406779661,1.3067310445512745e-06,7.206267661724627e-08,1.1928043057905513e-05,12.249998738903187
18.101694915254235,2.51864406779661,1.3067310445512745e-06,7.206267661724627e-08,1.1928043057905513e-05,12.249998738903187
18.372881355932204,2.51864406779661,1.3067310445512745e-06,7.206267661724627e-08,1.1928043057905513e-05,12.249998738903187
18.64406779661017,2.51864406779661,1.3067310445512745e-06,7.206267661724627e-08,1.1928043057905513e-05,12.249998738903187
18.915254237288135,2.51864406779661,1.3067310445512745e-06,7.206267661724627e-08,1.1928043057905513e-05,12.249998738903187
19.186440677966104,2.51864406779661,1.3067310445512745e-06,7.206267661724627e-08,1.1928043057905513e-05,12.249998738903187
19.45762711864407,2.51864406779661,1.3067310445512745e-06,7.206267661724627e-08,1.1928043057905513e-05,12.249998738903187
19.728813559322035,2.51864406779661,1.3067310445512745e-06,7.206267661724627e-08,1.1928043057905513e-05,12.249998738903187
20.0,2.51864406779661,1.3067310445512745e-06,7.206267661724627e-08,1.1928043057905513e-05,12.249998738903187
4.0,2.5830508474576273,0.48114224906540504,1.7144020807747875,15.849908296721784,0.6178041774719754
4.271186440677966,2.5830508474576273,0.8313880933127323,2.785475633719792,15.836173573494056,11.997142072695372
4.5423728813559325,2.5830508474576273,1.5088768604437075,4.932181586033008,15.809370556228995,77.97691722944158
4.813559322033898,2.5830508474576273,2.799359946816838,9.38410775181695,15.754464781803572,398.41235370389694
5.084745762711864,2.5830508474576273,5.117305834582206,17.700319300918203,15.644421130335653,1660.627558199291
5.3559322033898304,2.5830508474576273,8.061274685203031,27.78578400612927,15.468444902755841,4351.309985113169
5.627118644067797,2.5830508474576273,11.714329472022682,44.320844449966636,15.131066302419406,11513.743051863948
5.898305084745763,2.5830508474576273,15.526429295977636,73.3069537990987,14.430746274371034,32316.312529160707
6.169491525423728,2.5830508474576273,18.927771022866906,72.86343078785148,13.736675208334198,31918.887124812736
6.4406779661016955,2.5830508474576273,21.843180855660385,45.73935784807734,13.217150514989592,12287.36658987411
6.711864406779661,2.5830508474576273,23.275386155452306,21.297935235640246,12.496967301930855,2474.5489165108356
6.983050847457627,2.5830508474576273,22.328050122596647,4.133947484560466,11.511496443870856,46.71543030209061
7.254237288135593,2.5830508474576273,23.337194454993732,3.2303234611188136,10.893834028952718,20.938024827012203
7.525423728813559,2.5830508474576273,23.811153986237617,2.9478381623958927,10.264171413684954,14.973768606056838
7.796610169491526,2.5830508474576273,23.38096621458986,2.615747248815294,9.583521758235092,9.237758581262229
8.067796610169491,2.5830508474576273,20.63830972171601,2.308039680259337,8.699131919658148,5.153350380784241
8.338983050847457,2.5830508474576273,13.929187146296478,2.1705875392097895,7.194564991705174,3.711282222408744
8.610169491525424,2.5830508474576273,8.087421842776953,2.001067029438257,5.481764125336003,2.258009836735817
8.881355932203391,2.5830508474576273,3.497674891975924,1.7886894914908649,3.6593974083079863,0.9442470049714199
9.152542372881356,2.5830508474576273,1.878373035904611,1.5764468739385056,2.535074973603774,0.1945843707666932
9.423728813559322,2.5830508474576273,1.606671390441414,1.3862777559827255,1.9649299239277438,0.001176874880435144
9.694915254237287,2.5830508474576273,1.3085173618204509,1.1927588125341566,1.450032156098504,0.26843068613908005
9.966101694915254,2.5830508474576273,1.0000000147989097,0.999999991374161,0.9999999915109762,1.0000000431291949
10.237288135593221,2.5830508474576273,0.806287762237219,0.7717376819984579,0.6682335950115721,2.4669596263791913
10.508474576271187,2.5830508474576273,0.6282726448829745,0.5598028144116793,0.40381600870192425,4.412070691690842
10.779661016949152,2.5830508474576273,0.457381756315075,0.37568435262300365,0.2032184254288647,6.557640909133468
11.050847457627118,2.5830508474576273,0.3145809741850555,0.23608700064576865,0.08559005240278175,8.466834187911017
11.322033898305085,2.5830508474576273,0.23825106765305631,0.16941631377845973,0.06605357845160767,9.464601304966214
11.593220338983052,2.5830508474576273,0.16909879808824252,0.11326471808316767,0.049100242560258155,10.348048035809937
11.864406779661017,2.5830508474576273,0.10903195642698628,0.06793055167993255,0.03467567135655082,11.090056344673304
12.135593220338983,2.5830508474576273,0.061320226105090817,0.03555529985743179,0.023074034457529213,11.63568337341964
12.40677966101695,2.5830508474576273,0.030144213841305917,0.016496128354913032,0.014116522478867629,11.963018517855907
12.677966101694915,2.5830508474576273,0.011593263059969706,0.0058598964174674095,0.007380272981877454,12.147666427606964
12.94915254237288,2.5830508474576273,0.0023545310832265654,0.000983081774586534,0.002825229617418612,12.232802109255827
13.220338983050848,2.5830508474576273,0.0011330035217062442,0.00042133453389197614,0.001691736484584278,12.242627755174324
13.491525423728813,2.5830508474576273,0.0007830589650004631,0.0002812374679369146,0.00114984734497567,12.24507883865181
13.76271186440678,2.5830508474576273,0.000487336994719439,0.0001673042646034327,0.0007138042726081458,12.247072350311418
14.033898305084746,2.5830508474576273,0.0002685842153878638,8.73763358200318e-05,0.0003962197557717102,12.248470961839548
14.305084745762711,2.5830508474576273,0.00018870462539043233,6.467082830591292e-05,0.0002435608505803293,12.24886828664412
14.576271186440678,2.5830508474576273,0.00012080338699165252,4.503922535659766e-05,0.00012814404299606204,12.249211826234582
14.847457627118644,2.5830508474576273,6.64258504252654e-05,2.8670643436612274e-05,4.950708232225143e-05,12.249498268877392
15.11864406779661,2.5830508474576273,3.643504689700095e-05,1.786322990948551e-05,1.84565192198481e-05,12.249687395470925
15.389830508474576,2.5830508474576273,2.43106769356997e-05,1.1632836777049191e-05,1.2469237962096978e-05,12.24979642620217
15.661016949152541,2.5830508474576273,1.4370647346826913e-05,6.657926913820195e-06,1.1928043040622312e-05,12.249883486556056
15.932203389830509,2.5830508474576273,6.8295632580975944e-06,3.0038238699686783e-06,1.1928043050211746e-05,12.249947433138669
16.203389830508474,2.5830508474576273,4.036032359879004e-06,1.7145944037328501e-06,1.192804305359507e-05,12.249969994616306
16.474576271186443,2.5830508474576273,2.537008365502637e-06,1.0469374264284681e-06,1.1928043055347204e-05,12.249981678601882
16.74576271186441,2.5830508474576273,1.354281599396252e-06,5.391108982493541e-07,1.1928043056679897e-05,12.249990565561095
17.016949152542374,2.5830508474576273,1.3067310445138194e-06,2.023501741672916e-07,1.1928043057563616e-05,12.249996458872205
17.28813559322034,2.5830508474576273,1.3067310445414354e-06,1.0628847814575775e-07,1.19280430578157e-05,12.249998139951698
17.559322033898304,2.5830508474576273,1.3067310445512745e-06,7.206267661724627e-08,1.1928043057905513e-05,12.249998738903187
17.83050847457627,2.5830508474576273,1.3067310445512745e-06,7.206267661724627e-08,1.1928043057905513e-05,12.249998738903187
18.101694915254235,2.5830508474576273,1.3067310445512745e-06,7.206267661724627e-08,1.1928043057905513e-05,12.249998738903187
18.372881355932204,2.5830508474576273,1.3067310445512745e-06,7.206267661724627e-08,1.1928043057905513e-05,12.249998738903187
18.64406779661017,2.5830508474576273,1.3067310445512745e-06,7.206267661724627e-08,1.1928043057905513e-05,12.249998738903187
18.915254237288135,2.5830508474576273,1.3067310445512745e-06,7.206267661724627e-08,1.1928043057905513e-05,12.249998738903187
19.186440677966104,2.5830508474576273,1.3067310445512745e-06,7.206267661724627e-08,1.1928043057905513e-05,12.249998738903187
19.45762711864407,2.5830508474576273,1.3067310445512745e-06,7.206267661724627e-08,1.1928043057905513e-05,12.249998738903187
19.728813559322035,2.5830508474576273,1.3067310445512745e-06,7.206267661724627e-08,1.1928043057905513e-05,12.249998738903187
20.0,2.5830508474576273,1.3067310445512745e-06,7.206267661724627e-08,1.1928043057905513e-05,12.249998738903187
4.0,2.6474576271186443,0.4855620091135134,1.7223499215245097,15.84982680924384,0.6494341994178602
4.271186440677966,2.6474576271186443,0.8346758514471494,2.790696120472657,15.836118322652782,12.087723121860616
4.5423728813559325,2.6474576271186443,1.5113733816251977,4.935788216113785,15.809330852761926,78.13623943255689
4.813559322033898,2.6474576271186443,2.8013479472930247,9.386852445674787,15.75443316466806,398.68632493113324
5.084745762711864,2.6474576271186443,5.1187921887116445,17.702294394113906,15.644396311815921,1661.0300157022355
5.3559322033898304,2.6474576271186443,8.062235246973069,27.78697094050138,15.468426932688901,4351.701471342902
5.627118644067797,2.6474576271186443,11.714904910661396,44.32156894169884,15.131052757102076,11514.131752606292
5.898305084745763,2.6474576271186443,15.526753065133695,73.3074162973437,14.430735250503666,32316.72824099681
6.169491525423728,2.6474576271186443,18.92793348515296,72.8636013553968,13.736668516544206,31919.03949176918
6.4406779661016955,2.6474576271186443,21.843259126873832,45.73939820928431,13.217147012312786,12287.388959759279
6.711864406779661,2.6474576271186443,23.275421183462985,21.297942140599904,12.496965441659274,2474.5506339416343
6.983050847457627,2.6474576271186443,22.32806465962536,4.133947962126239,11.511495432591309,46.71544662258885
7.254237288135593,2.6474576271186443,23.337200928947627,3.2303235938880084,10.893833546091466,20.938027864644464
7.525423728813559,2.6474576271186443,23.81115682877063,2.94783820395652,10.264171184992069,14.973769410170911
7.796610169491526,2.6474576271186443,23.380967427776003,2.6157472604014904,9.583521650218911,9.237758757335808
8.067796610169491,2.6474576271186443,20.638310200596727,2.3080396826469056,8.699131867390081,5.153350407884333
8.338983050847457,2.6474576271186443,13.929187283562712,2.1705875387710076,7.194564967824424,3.711282218182246
8.610169491525424,2.6474576271186443,8.08742187715562,2.0010670287846763,5.481764114657847,2.258009831825244
8.881355932203391,2.6474576271186443,3.4976748973805507,1.7886894911697722,3.6593974044787854,0.9442470034113529
9.152542372881356,2.6474576271186443,1.878373036083044,1.5764468751770822,2.5350749707693225,0.19458437349848026
9.423728813559322,2.6474576271186443,1.6066713901787733,1.3862777569004023,1.9649299223242365,0.001176874723027833
9.694915254237287,2.6474576271186443,1.308517360567058,1.1927588131065796,1.4500321573743558,0.2684306846562098
9.966101694915254,2.6474576271186443,1.0000000104932232,0.9999999948361319,0.9999999926948823,1.0000000258193402
10.237288135593221,2.6474576271186443,0.8062877665932859,0.7717376775842119,0.6682335958767939,2.466959661045497
10.508474576271187,2.6474576271186443,0.6282726424037178,0.5598028193983938,0.4038160026497712,4.412070639318049
10.779661016949152,2.6474576271186443,0.457381761909347,0.3756843473837657,0.20321842765872897,6.557640976216385
11.050847457627118,2.6474576271186443,0.3145809609076403,0.23608700586863976,0.08559005838817403,8.466834111923923
11.322033898305085,2.6474576271186443,0.23825102770707793,0.169416336115828,0.06605358256972586,9.464600961366203
11.593220338983052,2.6474576271186443,0.16909878612648202,0.11326472714850286,0.04910024001743668,10.348047890001355
11.864406779661017,2.6474576271186443,0.1090319691248232,0.06793055685299275,0.03467565108605219,11.090056258537361
12.135593220338983,2.6474576271186443,0.06132023608344587,0.03555529518426352,0.023074032092058654,11.635683453123137
12.40677966101695,2.6474576271186443,0.03014418596145925,0.01649613049881097,0.014116551266431214,11.963018480779766
12.677966101694915,2.6474576271186443,0.011593248117274467,0.005859910842994466,0.007380248481183859,12.147666176216894
12.94915254237288,2.6474576271186443,0.0023545293090570783,0.0009830796426925764,0.002825255707849422,12.232802146537777
13.220338983050848,2.6474576271186443,0.001133001443571715,0.0004213334871577353,0.0016917539286263315,12.24262777348666
13.491525423728813,2.6474576271186443,0.0007830677464370022,0.0002812372040184591,0.001149812684117974,12.245078843269456
13.76271186440678,2.6474576271186443,0.00048734365131634233,0.00016730104182578187,0.0007138185300248165,12.247072406703289
14.033898305084746,2.6474576271186443,0.0002685827834841537,8.737413373008397e-05,0.0003962481083169698,12.248471000373716
14.305084745762711,2.6474576271186443,0.00018870027661083225,6.466764054057377e-05,0.00024360877583247813,12.248868342427437
14.576271186440678,2.6474576271186443,0.00012080755036069801,4.5041287478697285e-05,0.00012811529611469116,12.249211790148607
14.847457627118644,2.6474576271186443,6.641230411537188e-05,2.867071542645175e-05,4.953603220514023e-05,12.249498267617595
15.11864406779661,2.6474576271186443,3.64288023726406e-05,1.7868341215996348e-05,1.8452445899386034e-05,12.249687306024205
15.389830508474576,2.6474576271186443,2.431505276485928e-05,1.162829793673308e-05,1.2479894522996837e-05,12.249796505631211
15.661016949152541,2.6474576271186443,1.436394357031711e-05,6.661110332915138e-06,1.1928043040613959e-05,12.249883430846488
15.932203389830509,2.6474576271186443,6.838393348710451e-06,3.0012303383935238e-06,1.1928043050218552e-05,12.249947478525371
16.203389830508474,2.6474576271186443,4.040719836499435e-06,1.7132049770961993e-06,1.1928043053598716e-05,12.249970018931243
16.474576271186443,2.6474576271186443,2.539674490215416e-06,1.0462165555327696e-06,1.1928043055349094e-05,12.249981691217116
16.74576271186441,2.6474576271186443,1.3341750206475725e-06,5.463479992755491e-07,1.1928043056660908e-05,12.249990438911876
17.016949152542374,2.6474576271186443,1.3067310445138545e-06,2.0222748966187573e-07,1.192804305756394e-05,12.249996461019183
17.28813559322034,2.6474576271186443,1.306731044542656e-06,1.0204225516754218e-07,1.1928043057826842e-05,12.2499982142606
17.559322033898304,2.6474576271186443,1.3067310445512745e-06,7.206267661724627e-08,1.1928043057905513e-05,12.249998738903187
17.83050847457627,2.6474576271186443,1.3067310445512745e-06,7.206267661724627e-08,1.1928043057905513e-05,12.249998738903187
18.101694915254235,2.6474576271186443,1.3067310445512745e-06,7.206267661724627e-08,1.1928043057905513e-05,12.249998738903187
18.372881355932204,2.6474576271186443,1.3067310445512745e-06,7.206267661724627e-08,1.1928043057905513e-05,12.249998738903187
18.64406779661017,2.6474576271186443,1.3067310445512745e-06,7.206267661724627e-08,1.1928043057905513e-05,12.249998738903187
18.915254237288135,2.6474576271186443,1.3067310445512745e-06,7.206267661724627e-08,1.1928043057905513e-05,12.249998738903187
19.186440677966104,2.6474576271186443,1.3067310445512745e-06,7.206267661724627e-08,1.1928043057905513e-05,12.249998738903187
19.45762711864407,2.6474576271186443,1.3067310445512745e-06,7.206267661724627e-08,1.1928043057905513e-05,12.249998738903187
19.728813559322035,2.6474576271186443,1.3067310445512745e-06,7.206267661724627e-08,1.1928043057905513e-05,12.249998738903187
20.0,2.6474576271186443,1.3067310445512745e-06,7.206267661724627e-08,1.1928043057905513e-05,12.249998738903187
4.0,2.711864406779661,0.4900135145219802,1.7303113029157966,15.849745159426247,0.68190973021207
4.271186440677966,2.711864406779661,0.8379738613796245,2.795920031186833,15.836063024929317,12.178704584179053
4.5423728813559325,2.711864406779661,1.5138731346746586,4.939395600249998,15.809291136180331,78.29575759418154
4.813559322033898,2.711864406779661,2.8033370331158056,9.389597292264092,15.754401543459334,398.96040557846055
5.084745762711864,2.711864406779661,5.12027886645456,17.704269501723587,15.644371492119847,1661.432524905212
5.3559322033898304,2.711864406779661,8.06319589174278,27.78815787005592,15.468408962306016,4352.092973593713
5.627118644067797,2.711864406779661,11.715480368906926,44.322293429619485,15.131039211701848,11514.520457864726
5.898305084745763,2.711864406779661,15.527076838691565,73.30787879349832,14.43072422661744,32317.143953627776
6.169491525423728,2.711864406779661,18.928095948269377,72.86377192242202,13.736661824752307,31919.1918586247
6.4406779661016955,2.711864406779661,21.843337398302488,45.73943857038494,13.217143509635184,12287.411329605875
6.711864406779661,2.711864406779661,23.275456211327988,21.297949045512297,12.49696358139775,2474.5523513612734
6.983050847457627,2.711864406779661,22.328079196919568,4.133948439699301,11.5114944212931,46.71546294333902
7.254237288135593,2.711864406779661,23.337207402591137,3.230323726650222,10.893833063255475,20.938030902117227
7.525423728813559,2.711864406779661,23.81115967208605,2.9478382454981413,10.264170956261939,14.973770213917279
7.796610169491526,2.711864406779661,23.380968640477565,2.6157472720455615,9.583521542176092,9.237758934288903
8.067796610169491,2.711864406779661,20.638310680505732,2.308039685112078,8.699131814884797,5.153350435865263
8.338983050847457,2.711864406779661,13.929187421633337,2.17058753852484,7.194564943497009,3.7112822158110754
8.610169491525424,2.711864406779661,8.087421910099486,2.001067028070524,5.4817641046383745,2.2580098264595767
8.881355932203391,2.711864406779661,3.497674904103942,1.7886894905349613,3.659397400320055,0.944247000327049
9.152542372881356,2.711864406779661,1.878373036498528,1.5764468746457212,2.535074971289383,0.194584372326518
9.423728813559322,2.711864406779661,1.6066713914647184,1.3862777557700883,1.9649299226755308,0.0011768749169083956
9.694915254237287,2.711864406779661,1.3085173604984293,1.1927588146774972,1.4500321533682965,0.26843068058672437
9.966101694915254,2.711864406779661,1.0000000118436259,0.9999999944455814,0.9999999905669182,1.0000000277720924
10.237288135593221,2.711864406779661,0.8062877624228574,0.7717376789738226,0.6682336010387286,2.4669596501324964
10.508474576271187,2.711864406779661,0.6282726368852113,0.5598028213352794,0.40381600759123343,4.412070618975977
10.779661016949152,2.711864406779661,0.4573817508563852,0.37568435678358814,0.2032184252625091,6.55764085586157
11.050847457627118,2.711864406779661,0.31458095249247736,0.23608701401914103,0.08559005536625335,8.466833993342991
11.322033898305085,2.711864406779661,0.23825105751715964,0.1694163237189117,0.0660535738107971,9.464601152059238
11.593220338983052,2.711864406779661,0.16909876533718987,0.1132647294898536,0.049100254426886016,10.348047852342619
11.864406779661017,2.711864406779661,0.10903200533415654,0.06793052461357177,0.034675665411987695,11.09005679535171
12.135593220338983,2.711864406779661,0.06132020884176718,0.035555320345099034,0.023074016011869973,11.635683023991028
12.40677966101695,2.711864406779661,0.030144212803509582,0.016496113230899757,0.014116562162108071,11.963018779407543
12.677966101694915,2.711864406779661,0.011593284216380239,0.005859890189893287,0.007380252843473269,12.14766653613335
12.94915254237288,2.711864406779661,0.002354543260796987,0.0009830747550991668,0.0028252481337099457,12.2328022320106
13.220338983050848,2.711864406779661,0.0011329948033217314,0.00042133750567417905,0.001691736947172109,12.242627703183786
13.491525423728813,2.711864406779661,0.0007830713465010154,0.0002812359045118689,0.0011498089864292016,12.245078866006251
13.76271186440678,2.711864406779661,0.00048733755177785275,0.0001673032257205178,0.0007138172745926517,12.247072368489697
14.033898305084746,2.711864406779661,0.00026859031910589603,8.737436334198747e-05,0.00039621230835616494,12.248470996355758
14.305084745762711,2.711864406779661,0.00018868814194895108,6.467277354867459e-05,0.00024360353624023104,12.248868252603941
14.576271186440678,2.711864406779661,0.0001208042887681695,4.5041386070271765e-05,0.0001281215399144622,12.24921178842331
14.847457627118644,2.711864406779661,6.642669388157233e-05,2.8666072884135992e-05,4.9528799407215836e-05,12.249498348860422
15.11864406779661,2.711864406779661,3.643579932270625e-05,1.7862712285809344e-05,1.845512321268132e-05,12.249687404529226
15.389830508474576,2.711864406779661,2.4306730211696974e-05,1.1637622700369403e-05,1.2462800857566216e-05,12.249796342449205
15.661016949152541,2.711864406779661,1.4374937324499333e-05,6.652186907403568e-06,1.1928043040637374e-05,12.249883587005693
15.932203389830509,2.711864406779661,6.846797806577421e-06,2.998764416130837e-06,1.1928043050225021e-05,12.249947521678918
16.203389830508474,2.711864406779661,4.0228797549052056e-06,1.7191739932346652e-06,1.1928043053583053e-05,12.249969914473589
16.474576271186443,2.711864406779661,2.5182883308258757e-06,1.0531722681371322e-06,1.1928043055330844e-05,12.24998156949224
16.74576271186441,2.711864406779661,1.3513125954316602e-06,5.365130879590733e-07,1.1928043056686715e-05,12.249990611022756
17.016949152542374,2.711864406779661,1.306731044513888e-06,2.0211104269889212e-07,1.1928043057564245e-05,12.249996463057004
17.28813559322034,2.711864406779661,1.3067310445414898e-06,1.0609839971573431e-07,1.1928043057816198e-05,12.249998143278075
17.559322033898304,2.711864406779661,1.3067310445512745e-06,7.206267661724627e-08,1.1928043057905513e-05,12.249998738903187
17.83050847457627,2.711864406779661,1.3067310445512745e-06,7.206267661724627e-08,1.1928043057905513e-05,12.249998738903187
18.101694915254235,2.711864406779661,1.3067310445512745e-06,7.206267661724627e-08,1.1928043057905513e-05,12.249998738903187
18.372881355932204,2.711864406779661,1.3067310445512745e-06,7.206267661724627e-08,1.1928043057905513e-05,12.249998738903187
18.64406779661017,2.711864406779661,1.3067310445512745e-06,7.206267661724627e-08,1.1928043057905513e-05,12.249998738903187
18.915254237288135,2.711864406779661,1.3067310445512745e-06,7.206267661724627e-08,1.1928043057905513e-05,12.249998738903187
19.186440677966104,2.711864406779661,1.3067310445512745e-06,7.206267661724627e-08,1.1928043057905513e-05,12.249998738903187
19.45762711864407,2.711864406779661,1.3067310445512745e-06,7.206267661724627e-08,1.1928043057905513e-05,12.249998738903187
19.728813559322035,2.711864406779661,1.3067310445512745e-06,7.206267661724627e-08,1.1928043057905513e-05,12.249998738903187
20.0,2.711864406779661,1.3067310445512745e-06,7.206267661724627e-08,1.1928043057905513e-05,12.249998738903187
4.0,2.776271186440678,0.49449689881630216,1.7382860860663893,15.849663348450981,0.715234225163229
4.271186440677966,2.776271186440678,0.8412821421663175,2.801147349194412,15.836007680455605,12.270086838465797
4.5423728813559325,2.776271186440678,1.5163761219821454,4.943003736284651,15.80925140650071,78.45547172079374
4.813559322033898,2.776271186440678,2.8053272045937314,9.392342291253389,15.754369918179965,399.2345956284841
5.084745762711864,2.776271186440678,5.1217658678416775,17.706244623703085,15.6443466712478,1661.8350858002862
5.3559322033898304,2.776271186440678,8.064156619513055,27.789344794785954,15.46839099160727,4352.484491863104
5.627118644067797,2.776271186440678,11.716055846764576,44.32301791372665,15.131025666218695,11514.90916763812
5.898305084745763,2.776271186440678,15.52740061663376,73.30834128757243,14.430713202712546,32317.559667062455
6.169491525423728,2.776271186440678,18.928258412215428,72.86394248896883,13.736655132957793,31919.344225416524
6.4406779661016955,2.776271186440678,21.843415669836613,45.73947893147968,13.217140006957068,12287.433699469566
6.711864406779661,2.776271186440678,23.2754912394283,21.297955950459038,12.496961721124812,2474.5540687900516
6.983050847457627,2.776271186440678,22.328093734037452,4.133948917246143,11.511493410018439,46.71547926319599
7.254237288135593,2.776271186440678,23.337213876246423,3.230323859418565,10.893832580413203,20.938033939730445
7.525423728813559,2.776271186440678,23.81116251450681,2.947838287053557,10.264170727584524,14.973771017930558
7.796610169491526,2.776271186440678,23.3809698538968,2.6157472836646574,9.583521434110027,9.237759110862457
8.067796610169491,2.776271186440678,20.63831116129396,2.3080396875558056,8.699131762340999,5.1533504636027825
8.338983050847457,2.776271186440678,13.929187560794228,2.170587538031093,7.1945649193694985,3.711282211055132
8.610169491525424,2.776271186440678,8.087421945183328,2.001067027053794,5.481764094426199,2.258009818820539
8.881355932203391,2.776271186440678,3.497674910515691,1.7886894899297627,3.6593973963546063,0.94424699738662
9.152542372881356,2.776271186440678,1.878373039531761,1.5764468738867161,2.5350749685580944,0.1945843706524671
9.423728813559322,2.776271186440678,1.6066713911991244,1.3862777566575388,1.9649299211859907,0.0011768747646857343
9.694915254237287,2.776271186440678,1.3085173593197796,1.1927588151608022,1.4500321546326864,0.26843067933471576
9.966101694915254,2.776271186440678,1.0000000115335086,0.999999992475288,0.9999999954450287,1.0000000376235598
10.237288135593221,2.776271186440678,0.8062877665747833,0.771737674836739,0.6682336017258705,2.466959682622168
10.508474576271187,2.776271186440678,0.6282726347066707,0.5598028259301273,0.4038160018457477,4.412070570718748
10.779661016949152,2.776271186440678,0.4573817683453654,0.37568433852296695,0.20321843273674756,6.5576410896695725
11.050847457627118,2.776271186440678,0.31458096980466566,0.23608700875329605,0.08559004775773416,8.46683406995531
11.322033898305085,2.776271186440678,0.23825107883574684,0.16941630684254863,0.06605357755160277,9.46460141165645
11.593220338983052,2.776271186440678,0.16909880150666104,0.11326471758014871,0.04910024293112469,10.34804804390059
11.864406779661017,2.776271186440678,0.10903195146076358,0.06793054730056276,0.034675680324040434,11.090056417593612
12.135593220338983,2.776271186440678,0.06132026326700944,0.03555528559178435,0.023074026353903217,11.635683616728228
12.40677966101695,2.776271186440678,0.030144196701067025,0.016496121350185914,0.014116557813264092,11.963018638994242
12.677966101694915,2.776271186440678,0.011593262120350873,0.005859900372513627,0.007380259600249921,12.147666358683356
12.94915254237288,2.776271186440678,0.0023545356462068086,0.000983078914250446,0.002825242163316498,12.232802159276563
13.220338983050848,2.776271186440678,0.0011330045477132272,0.0004213335589708308,0.0016917420089994548,12.242627772230305
13.491525423728813,2.776271186440678,0.0007830626682826484,0.00028123834361453245,0.0011498199828363568,12.245078823330529
13.76271186440678,2.776271186440678,0.0004873472412459605,0.00016730132824078212,0.0007137990962004468,12.247072401691623
14.033898305084746,2.776271186440678,0.0002685794569094413,8.737722031312264e-05,0.0003962257164200553,12.248470946361882
14.305084745762711,2.776271186440678,0.0001887072963548393,6.466619543050565e-05,0.0002435954603780365,12.248868367715694
14.576271186440678,2.776271186440678,0.00012080117053468246,4.50414772252186e-05,0.00012812748658344822,12.249211786828146
14.847457627118644,2.776271186440678,6.640392405809838e-05,2.8677251343140538e-05,4.952252031027082e-05,12.249498153241396
15.11864406779661,2.776271186440678,3.642335011501941e-05,1.786529035929814e-05,1.846588895093118e-05,12.249687359413514
15.389830508474576,2.776271186440678,2.4315083821358776e-05,1.1635141461430951e-05,1.2454862334336484e-05,12.249796385870527
15.661016949152541,2.776271186440678,1.4368440722218162e-05,6.655356308850173e-06,1.1928043040629058e-05,12.249883531541427
15.932203389830509,2.776271186440678,6.833801502346785e-06,3.0034920263643663e-06,1.1928043050212617e-05,12.249947438945915
16.203389830508474,2.776271186440678,4.02764745307838e-06,1.7177334509756668e-06,1.1928043053586832e-05,12.249969939683046
16.474576271186443,2.776271186440678,2.521274867795071e-06,1.0523313037797597e-06,1.192804305533305e-05,12.2499815842091
16.74576271186441,2.776271186440678,1.3357627049221159e-06,5.449320686482154e-07,1.1928043056664623e-05,12.249990463690654
17.016949152542374,2.776271186440678,1.30673104451392e-06,2.0200036938969246e-07,1.1928043057564536e-05,12.249996464993789
17.28813559322034,2.776271186440678,1.3067310445430704e-06,1.0060059600384675e-07,1.1928043057830625e-05,12.249998239489628
17.559322033898304,2.776271186440678,1.3067310445512745e-06,7.206267661724627e-08,1.1928043057905513e-05,12.249998738903187
17.83050847457627,2.776271186440678,1.3067310445512745e-06,7.206267661724627e-08,1.1928043057905513e-05,12.249998738903187
18.101694915254235,2.776271186440678,1.3067310445512745e-06,7.206267661724627e-08,1.1928043057905513e-05,12.249998738903187
18.372881355932204,2.776271186440678,1.3067310445512745e-06,7.206267661724627e-08,1.1928043057905513e-05,12.249998738903187
18.64406779661017,2.776271186440678,1.3067310445512745e-06,7.206267661724627e-08,1.1928043057905513e-05,12.249998738903187
18.915254237288135,2.776271186440678,1.3067310445512745e-06,7.206267661724627e-08,1.1928043057905513e-05,12.249998738903187
19.186440677966104,2.776271186440678,1.3067310445512745e-06,7.206267661724627e-08,1.1928043057905513e-05,12.249998738903187
19.45762711864407,2.776271186440678,1.3067310445512745e-06,7.206267661724627e-08,1.1928043057905513e-05,12.249998738903187
19.728813559322035,2.776271186440678,1.3067310445512745e-06,7.206267661724627e-08,1.1928043057905513e-05,12.249998738903187
20.0,2.776271186440678,1.3067310445512745e-06,7.206267661724627e-08,1.1928043057905513e-05,12.249998738903187
4.0,2.840677966101695,0.49901229521710005,1.7462741314087875,15.84958137750609,0.7494110880181893
4.271186440677966,2.840677966101695,0.8446007128456208,2.8063780577935438,15.835952289363934,12.361870259019627
4.5423728813559325,2.840677966101695,1.5188823459363225,4.946612622059275,15.809211663739582,78.61538181843854
4.813559322033898,2.840677966101695,2.807318462035513,9.395087442311706,15.754338288832507,399.5088950638144
5.084745762711864,2.840677966101695,5.123253192904864,17.70821976000838,15.644321849200152,1662.2376983795484
5.3559322033898304,2.840677966101695,8.065117430286232,27.790531714687084,15.468373020592711,4352.876026149405
5.627118644067797,2.840677966101695,11.716631344229635,44.323742394022794,15.13101212065264,11515.297881927685
5.898305084745763,2.840677966101695,15.52772439895988,73.30880377955944,14.430702178789065,32317.975381294884
6.169491525423728,2.840677966101695,18.928420877010677,72.86411305498315,13.736648441161082,31919.49659209632
6.4406779661016955,2.840677966101695,21.843493941565338,45.739519292476345,13.217136504278475,12287.456069299262
6.711864406779661,2.840677966101695,23.275526267402256,21.297962855363874,12.496959860860757,2474.555786209003
6.983050847457627,2.840677966101695,22.32810827118046,4.1339493948068835,11.511492398735342,46.71549558353078
7.254237288135593,2.840677966101695,23.337220349914528,3.23032399219284,10.893832097565763,20.9380369774796
7.525423728813559,2.840677966101695,23.811165357328207,2.947838328601232,10.26417049888451,14.973771821794097
7.796610169491526,2.840677966101695,23.380971066316455,2.6157472952786125,9.583521326126341,9.237759287357887
8.067796610169491,2.840677966101695,20.638311641260973,2.308039689879128,8.699131710027503,5.1533504899736435
8.338983050847457,2.840677966101695,13.92918769769979,2.170587537408018,7.194564895856771,3.7112822050534597
8.610169491525424,2.840677966101695,8.087421978832188,2.001067025987475,5.481764084799153,2.258009810808927
8.881355932203391,2.840677966101695,3.497674916049188,1.7886894894313436,3.6593973928855696,0.9442469949649918
9.152542372881356,2.840677966101695,1.8783730404624992,1.5764468739225768,2.5350749671735326,0.19458437073156082
9.423728813559322,2.840677966101695,1.6066713932517283,1.3862777563157558,1.964929918336577,0.0011768748233111118
9.694915254237287,2.840677966101695,1.3085173606116136,1.1927588124674475,1.450032158518177,0.26843068631189093
9.966101694915254,2.840677966101695,1.0000000128200652,0.9999999921769507,0.9999999933721815,1.0000000391152466
10.237288135593221,2.840677966101695,0.8062877648143537,0.7717376783509478,0.6682335976378596,2.4669596550241066
10.508474576271187,2.840677966101695,0.6282726296579428,0.5598028276712029,0.4038160066103006,4.412070552433163
10.779661016949152,2.840677966101695,0.45738177784459594,0.3756843377038353,0.20321842492822237,6.5576411001576895
11.050847457627118,2.840677966101695,0.31458095667345487,0.23608701279450553,0.08559005320836255,8.466834011160106
11.322033898305085,2.840677966101695,0.23825104135331138,0.16941632781780713,0.06605358141001613,9.464601089008816
11.593220338983052,2.840677966101695,0.1690987901196088,0.11326472593215545,0.049100240505986124,10.348047909565315
11.864406779661017,2.840677966101695,0.10903195278850343,0.06793054560505722,0.03467568263879613,11.090056445825253
12.135593220338983,2.840677966101695,0.06132026986067744,0.03555528047947466,0.023074023631891354,11.635683703921528
12.40677966101695,2.840677966101695,0.030144190251982766,0.016496129414853913,0.014116553160195743,11.9630184995255
12.677966101694915,2.840677966101695,0.011593239822762896,0.0058599094850603165,0.007380265284461045,12.147666199881277
12.94915254237288,2.840677966101695,0.002354536455665592,0.00098307806376135,0.0028252461574750655,12.232802174149668
13.220338983050848,2.840677966101695,0.0011329954354677935,0.000421336388552101,0.0016917474619331646,12.242627722727537
13.491525423728813,2.840677966101695,0.0007830667282515639,0.00028123725966408634,0.0011498170333477068,12.245078842295852
13.76271186440678,2.840677966101695,0.0004873413367118267,0.00016730340653985668,0.0007137983379531137,12.247072365325733
14.033898305084746,2.840677966101695,0.00026859345453100205,8.737178422986139e-05,0.00039623675093835117,12.248471041487404
14.305084745762711,2.840677966101695,0.000188695558835628,6.467113054644284e-05,0.00024359076842360252,12.24886828135515
14.576271186440678,2.840677966101695,0.0001208051011945402,4.504334794364588e-05,0.0001281010727034676,12.249211754091625
14.847457627118644,2.840677966101695,6.641785759308979e-05,2.8672673817180166e-05,4.951592858626816e-05,12.249498233346458
15.11864406779661,2.840677966101695,3.6422060974411295e-05,1.787209981484757e-05,1.8447593411605588e-05,12.249687240249566
15.389830508474576,2.840677966101695,2.4295646899572305e-05,1.1639314703829284e-05,1.2474172685850123e-05,12.24979631283939
15.661016949152541,2.840677966101695,1.4362101246956097e-05,6.65831758208254e-06,1.1928043040621287e-05,12.249883479719394
15.932203389830509,2.840677966101695,6.841928307908794e-06,3.001084553365137e-06,1.1928043050218933e-05,12.249947481076605
16.203389830508474,2.840677966101695,4.027490105345355e-06,1.7143542589327977e-06,1.19280430535957e-05,12.249969998818834
16.474576271186443,2.840677966101695,2.524122974095776e-06,1.0515300847508406e-06,1.1928043055335152e-05,12.249981598230425
16.74576271186441,2.840677966101695,1.338814968537114e-06,5.448959032958077e-07,1.1928043056664718e-05,12.249990464323544
17.016949152542374,2.840677966101695,1.306731044512689e-06,2.062816377344039e-07,1.19280430575533e-05,12.249996390071601
17.28813559322034,2.840677966101695,1.3067310445415398e-06,1.0592460871740053e-07,1.1928043057816654e-05,12.249998146319415
17.559322033898304,2.840677966101695,1.3067310445512745e-06,7.206267661724627e-08,1.1928043057905513e-05,12.249998738903187
17.83050847457627,2.840677966101695,1.3067310445512745e-06,7.206267661724627e-08,1.1928043057905513e-05,12.249998738903187
18.101694915254235,2.840677966101695,1.3067310445512745e-06,7.206267661724627e-08,1.1928043057905513e-05,12.249998738903187
18.372881355932204,2.840677966101695,1.3067310445512745e-06,7.206267661724627e-08,1.1928043057905513e-05,12.249998738903187
18.64406779661017,2.840677966101695,1.3067310445512745e-06,7.206267661724627e-08,1.1928043057905513e-05,12.249998738903187
18.915254237288135,2.840677966101695,1.3067310445512745e-06,7.206267661724627e-08,1.1928043057905513e-05,12.249998738903187
19.186440677966104,2.840677966101695,1.3067310445512745e-06,7.206267661724627e-08,1.1928043057905513e-05,12.249998738903187
19.45762711864407,2.840677966101695,1.3067310445512745e-06,7.206267661724627e-08,1.1928043057905513e-05,12.249998738903187
19.728813559322035,2.840677966101695,1.3067310445512745e-06,7.206267661724627e-08,1.1928043057905513e-05,12.249998738903187
20.0,2.840677966101695,1.3067310445512745e-06,7.206267661724627e-08,1.1928043057905513e-05,12.249998738903187
4.0,2.905084745762712,0.503559836632539,1.7542752987002264,15.849499247785594,0.7844436704320917
4.271186440677966,2.905084745762712,0.8479295924379848,2.8116121402486822,15.835896851786936,12.454055215609158
4.5423728813559325,2.905084745762712,1.521391808924393,4.950222255414031,15.809171907913488,78.7754878927318
4.813559322033898,2.905084745762712,2.809310805749449,9.397832745107427,15.75430665541953,399.7833038669537
5.084745762711864,2.905084745762712,5.124740841675328,17.710194910596364,15.64429702597726,1662.6403626352724
5.3559322033898304,2.905084745762712,8.066078324067204,27.791718629756733,15.468355049262344,4353.267576451554
5.627118644067797,2.905084745762712,11.717206861308183,44.32446687050727,15.130998575003632,11515.686600732979
5.898305084745763,2.905084745762712,15.528048185688876,73.30926626948705,14.430691154846336,32318.391096349922
6.169491525423728,2.905084745762712,18.9285833426347,72.86428362053707,13.736641749361459,31919.64895872851
6.4406779661016955,2.905084745762712,21.843572213427468,45.73955965342818,13.217133001599766,12287.478439124478
6.711864406779661,2.905084745762712,23.275561295460104,21.297969760288353,12.496958000592604,2474.5575036334358
6.983050847457627,2.905084745762712,22.328122808348404,4.133949872380624,11.511491387444238,46.71551190431269
7.254237288135593,2.905084745762712,23.3372268236126,3.230324124955807,10.893831614725789,20.938040014970255
7.525423728813559,2.905084745762712,23.811168200186398,2.9478383701847126,10.264170270151709,14.973772626350422
7.796610169491526,2.905084745762712,23.380972280615683,2.615747306906392,9.583521217973535,9.237759464063409
8.067796610169491,2.905084745762712,20.6383121210185,2.3080396923196047,8.699131657592883,5.153350517674266
8.338983050847457,2.905084745762712,13.929187836218862,2.1705875369659746,7.194564871797473,3.7112822007955466
8.610169491525424,2.905084745762712,8.087422013958172,2.0010670253403693,5.481764073863578,2.2580098059470015
8.881355932203391,2.905084745762712,3.4976749221193395,1.788689488295746,3.6593973903885235,0.944246989447556
9.152542372881356,2.905084745762712,1.8783730422166687,1.5764468728929035,2.5350749670173705,0.19458436846052804
9.423728813559322,2.905084745762712,1.6066713930243903,1.38627775720879,1.964929917090116,0.001176874670130686
9.694915254237287,2.905084745762712,1.3085173652542172,1.1927588116377459,1.450032151944577,0.26843068846124535
9.966101694915254,2.905084745762712,1.0000000089195762,0.9999999952936021,0.9999999943893241,1.0000000235319895
10.237288135593221,2.905084745762712,0.8062877690272211,0.771737674696404,0.6682335986169575,2.4669596837242587
10.508474576271187,2.905084745762712,0.628272647084997,0.5598028114734932,0.40381601065410444,4.412070722549038
10.779661016949152,2.905084745762712,0.45738176341558,0.37568434360640124,0.20321843256811234,6.557641024581556
11.050847457627118,2.905084745762712,0.3145809496627355,0.23608702081287145,0.08559005070656499,8.466833894501606
11.322033898305085,2.905084745762712,0.23825106887781522,0.16941631642915472,0.06605357325927137,9.464601264192437
11.593220338983052,2.905084745762712,0.16909877078234137,0.11326472825046767,0.04910025399204572,10.348047872277139
11.864406779661017,2.905084745762712,0.10903196444093408,0.06793055045403845,0.03467566391577353,11.090056365085504
12.135593220338983,2.905084745762712,0.06132027798406531,0.03555527665034643,0.023074021716202472,11.63568376922945
12.40677966101695,2.905084745762712,0.03014417517778072,0.016496136713695594,0.01411654911678027,11.963018373300805
12.677966101694915,2.905084745762712,0.011593253164473731,0.0058599064356549225,0.0073802559081490035,12.147666253022505
12.94915254237288,2.905084745762712,0.002354537226041659,0.0009830772496495115,0.002825249970709032,12.232802188386625
13.220338983050848,2.905084745762712,0.0011330069467423683,0.0004213334645717,0.0016917305046607132,12.242627773881793
13.491525423728813,2.905084745762712,0.0007830701114495292,0.0002812360453516431,0.0011498134851693647,12.245078863542052
13.76271186440678,2.905084745762712,0.0004873356314038282,0.00016730537123711432,0.0007137975216809595,12.247072330947642
14.033898305084746,2.905084745762712,0.0002685859810791356,8.7375540015857e-05,0.0003962194079208153,12.248470975765251
14.305084745762711,2.905084745762712,0.00018870157843366178,6.467090942072296e-05,0.00024356768806408442,12.248868285224676
14.576271186440678,2.905084745762712,0.00012080303334618614,4.5043738423780695e-05,0.00012810819412007607,12.249211747258446
14.847457627118644,2.905084745762712,6.641008556641787e-05,2.8674592597704926e-05,4.9520497404642546e-05,12.24949819976849
15.11864406779661,2.905084745762712,3.64295249850286e-05,1.786714440115072e-05,1.8450596611494245e-05,12.249687326968195
15.389830508474576,2.905084745762712,2.4303750654365596e-05,1.1636844831938114e-05,1.2466263766192402e-05,12.24979635606179
15.661016949152541,2.905084745762712,1.4356181426368159e-05,6.661211114174224e-06,1.1928043040613694e-05,12.249883429082821
15.932203389830509,2.905084745762712,6.829619186668398e-06,3.005553393882452e-06,1.1928043050207208e-05,12.249947402872062
16.203389830508474,2.905084745762712,4.031824267985955e-06,1.713037886096329e-06,1.1928043053599153e-05,12.249970021855333
16.474576271186443,2.905084745762712,2.5268420694121825e-06,1.0507658645582729e-06,1.1928043055337158e-05,12.249981611604268
16.74576271186441,2.905084745762712,1.3547220351910177e-06,5.357636477307714e-07,1.1928043056688682e-05,12.249990624137956
17.016949152542374,2.905084745762712,1.3067310445127487e-06,2.0607445388647448e-07,1.1928043057553845e-05,12.24999639369732
17.28813559322034,2.905084745762712,1.3067310445430534e-06,1.006600597465075e-07,1.192804305783047e-05,12.249998238449013
17.559322033898304,2.905084745762712,1.3067310445512745e-06,7.206267661724627e-08,1.1928043057905513e-05,12.249998738903187
17.83050847457627,2.905084745762712,1.3067310445512745e-06,7.206267661724627e-08,1.1928043057905513e-05,12.249998738903187
18.101694915254235,2.905084745762712,1.3067310445512745e-06,7.206267661724627e-08,1.1928043057905513e-05,12.249998738903187
18.372881355932204,2.905084745762712,1.3067310445512745e-06,7.206267661724627e-08,1.1928043057905513e-05,12.249998738903187
18.64406779661017,2.905084745762712,1.3067310445512745e-06,7.206267661724627e-08,1.1928043057905513e-05,12.249998738903187
18.915254237288135,2.905084745762712,1.3067310445512745e-06,7.206267661724627e-08,1.1928043057905513e-05,12.249998738903187
19.186440677966104,2.905084745762712,1.3067310445512745e-06,7.206267661724627e-08,1.1928043057905513e-05,12.249998738903187
19.45762711864407,2.905084745762712,1.3067310445512745e-06,7.206267661724627e-08,1.1928043057905513e-05,12.249998738903187
19.728813559322035,2.905084745762712,1.3067310445512745e-06,7.206267661724627e-08,1.1928043057905513e-05,12.249998738903187
20.0,2.905084745762712,1.3067310445512745e-06,7.206267661724627e-08,1.1928043057905513e-05,12.249998738903187
4.0,2.969491525423729,0.5081396556507739,1.7622894470327342,15.84941696048945,0.8203352714455272
4.271186440677966,2.969491525423729,0.8512687999457006,2.8168495797907385,15.835841367857585,12.54664207345745
4.5423728813559325,2.969491525423729,1.523904513332133,4.953832634187725,15.809132139038972,78.93578994886037
4.813559322033898,2.969491525423729,2.8113042360436804,9.400578199309393,15.754275017943602,400.05782202040444
5.084745762711864,2.969491525423729,5.126228814184452,17.712170075422506,15.644272201579506,1663.0430785594342
5.3559322033898304,2.969491525423729,8.06703930085692,27.792905539987096,15.46833707761626,4353.659142766759
5.627118644067797,2.969491525423729,11.717782397995407,44.3251913431734,15.130985029271795,11516.075324050304
5.898305084745763,2.969491525423729,15.528371976809778,73.30972875732415,14.430680130884928,32318.806812199564
6.169491525423728,2.969491525423729,18.928745809105894,72.86445418553807,13.736635057560076,31919.801325230423
6.4406779661016955,2.969491525423729,21.843650485425798,45.73960001429485,13.217129498921986,12287.500808922849
6.711864406779661,2.969491525423729,23.275596323491257,21.297976665208193,12.496956140326427,2474.5592210573113
6.983050847457627,2.969491525423729,22.32813734556683,4.133950349938362,11.511490376158775,46.71552822455058
7.254237288135593,2.969491525423729,23.337233297321866,3.230324257724711,10.893831131880807,20.93804305259696
7.525423728813559,2.969491525423729,23.81117104289131,2.9478384117270733,10.26417004146532,14.973773430111182
7.796610169491526,2.969491525423729,23.380973493269618,2.6157473185497713,9.583521109943895,9.237759641005994
8.067796610169491,2.969491525423729,20.638312600879786,2.3080396947394966,8.699131605171326,5.153350545141239
8.338983050847457,2.969491525423729,13.929187974361286,2.1705875365352765,7.194564847741114,3.7112821966469136
8.610169491525424,2.969491525423729,8.087422046715506,2.0010670243838278,5.481764064315118,2.258009798760182
8.881355932203391,2.969491525423729,3.4976749292049973,1.7886894878633912,3.6593973853930017,0.9442469873469088
9.152542372881356,2.969491525423729,1.8783730430488121,1.5764468729487753,2.5350749657263063,0.194584368583758
9.423728813559322,2.969491525423729,1.6066713941456472,1.3862777561772708,1.964929917534974,0.0011768748470651735
9.694915254237287,2.969491525423729,1.3085173640622751,1.1927588121675339,1.4500321531721623,0.2684306870888217
9.966101694915254,2.969491525423729,1.0000000102056505,0.9999999949457113,0.9999999924279258,1.000000025271443
10.237288135593221,2.969491525423729,0.806287767290056,0.7717376780613002,0.6682335947737861,2.4669596572987893
10.508474576271187,2.969491525423729,0.6282726448269796,0.5598028159832553,0.4038160052160342,4.4120706751854195
10.779661016949152,2.969491525423729,0.45738177192574175,0.375684342150782,0.20321842479809687,6.557641043219223
11.050847457627118,2.969491525423729,0.3145809760798448,0.23608699765503013,0.08559005547885251,8.46683423142301
11.322033898305085,2.969491525423729,0.23825103441474027,0.1694163371238484,0.06605357736984326,9.464600945860536
11.593220338983052,2.969491525423729,0.16909876055564257,0.11326473600873987,0.04910025143220137,10.348047747491613
11.864406779661017,2.969491525423729,0.10903196561489291,0.06793054887916351,0.03467566654495173,11.09005639130854
12.135593220338983,2.969491525423729,0.06132028576725791,0.03555527299438776,0.023074019888199772,11.63568383158387
12.40677966101695,2.969491525423729,0.030144199935921812,0.016496120815104584,0.014116559118928276,11.96301864824783
12.677966101694915,2.969491525423729,0.011593254696129285,0.005859900473366395,0.007380275856148569,12.147666356925821
12.94915254237288,2.969491525423729,0.0023545297625310463,0.0009830808856273962,0.0028252437786421827,12.232802124801688
13.220338983050848,2.969491525423729,0.0011329986012143095,0.00042133633093712896,0.0016917366028798854,12.242627723735497
13.491525423728813,2.969491525423729,0.0007830620246803356,0.0002812383226980094,0.0011498236685156904,12.245078823696495
13.76271186440678,2.969491525423729,0.0004873416570652545,0.00016730249502421704,0.0007138104692372018,12.247072381275355
14.033898305084746,2.969491525423729,0.00026858988136002377,8.737477183956613e-05,0.00039621630944034966,12.2484709892075
14.305084745762711,2.969491525423729,0.00018869854112940312,6.466833078977483e-05,0.00024361126722182715,12.24886833034863
14.576271186440678,2.969491525423729,0.00012081591716015051,4.503639705588633e-05,0.00012812819943591123,12.24921187572825
14.847457627118644,2.969491525423729,6.641807401076856e-05,2.866802300859616e-05,4.9534708825625295e-05,12.249498314733943
15.11864406779661,2.969491525423729,3.643676641475625e-05,1.786245339495253e-05,1.8453520613912868e-05,12.249687409059758
15.389830508474576,2.969491525423729,2.43078019251189e-05,1.1632710383041941e-05,1.2475827864425855e-05,12.249796428414045
15.661016949152541,2.969491525423729,1.4350520196630464e-05,6.663979396677593e-06,1.1928043040606428e-05,12.249883380638108
15.932203389830509,2.969491525423729,6.837483572053014e-06,3.003203822128981e-06,1.1928043050213373e-05,12.249947443989482
16.203389830508474,2.969491525423729,4.036096584339254e-06,1.7118324902912444e-06,1.1928043053602318e-05,12.249970042949734
16.474576271186443,2.969491525423729,2.529440724524456e-06,1.0500361384906387e-06,1.1928043055339072e-05,12.249981624374467
16.74576271186441,2.969491525423729,1.3401141278584857e-06,5.436332832082026e-07,1.1928043056668031e-05,12.249990486419387
17.016949152542374,2.969491525423729,1.3067310445128055e-06,2.05876978524403e-07,1.1928043057554362e-05,12.249996397153136
17.28813559322034,2.969491525423729,1.3067310445415858e-06,1.0576509785749914e-07,1.1928043057817072e-05,12.249998149110855
17.559322033898304,2.969491525423729,1.3067310445512745e-06,7.206267661724627e-08,1.1928043057905513e-05,12.249998738903187
17.83050847457627,2.969491525423729,1.3067310445512745e-06,7.206267661724627e-08,1.1928043057905513e-05,12.249998738903187
18.101694915254235,2.969491525423729,1.3067310445512745e-06,7.206267661724627e-08,1.1928043057905513e-05,12.249998738903187
18.372881355932204,2.969491525423729,1.3067310445512745e-06,7.206267661724627e-08,1.1928043057905513e-05,12.249998738903187
18.64406779661017,2.969491525423729,1.3067310445512745e-06,7.206267661724627e-08,1.1928043057905513e-05,12.249998738903187
18.915254237288135,2.969491525423729,1.3067310445512745e-06,7.206267661724627e-08,1.1928043057905513e-05,12.249998738903187
19.186440677966104,2.969491525423729,1.3067310445512745e-06,7.206267661724627e-08,1.1928043057905513e-05,12.249998738903187
19.45762711864407,2.969491525423729,1.3067310445512745e-06,7.206267661724627e-08,1.1928043057905513e-05,12.249998738903187
19.728813559322035,2.969491525423729,1.3067310445512745e-06,7.206267661724627e-08,1.1928043057905513e-05,12.249998738903187
20.0,2.969491525423729,1.3067310445512745e-06,7.206267661724627e-08,1.1928043057905513e-05,12.249998738903187
4.0,3.0338983050847457,0.5127518845323785,1.770316434843235,15.849334516823438,0.8570891369687748
4.271186440677966,3.0338983050847457,0.8546183543526306,2.822090359617367,15.835785837709182,12.63963119322908
4.5423728813559325,3.0338983050847457,1.5264204615439034,4.957443756217686,15.809092357132611,79.09628799157625
4.813559322033898,3.0338983050847457,2.8132987532265066,9.403323804586059,15.75424337640729,400.3324495065865
5.084745762711864,3.0338983050847457,5.127717110463278,17.71414525444374,15.644247376007254,1663.445846144307
5.3559322033898304,3.0338983050847457,8.068000360657637,27.794092445373977,15.468319105654503,4354.0507250934215
5.627118644067797,3.0338983050847457,11.718357954295392,44.32591581202632,15.13097148345703,11516.46405188232
5.898305084745763,3.0338983050847457,15.528695772321477,73.31019124307842,14.430669106904768,32319.22252885069
6.169491525423728,3.0338983050847457,18.928908276405195,72.86462475009523,13.73662836575551,31919.953691699513
6.4406779661016955,3.0338983050847457,21.843728757586042,45.73964037504452,13.217125996245409,12287.523178676742
6.711864406779661,3.0338983050847457,23.275631351620827,21.297983570112468,12.49695428005824,2474.5609384779104
6.983050847457627,3.0338983050847457,22.328151882751698,4.133950827498157,11.511489364874464,46.715544544861594
7.254237288135593,3.0338983050847457,23.337239771040345,3.2303243904989594,10.893830649030377,20.938046090346166
7.525423728813559,3.0338983050847457,23.81117388545237,2.947838453230886,10.26416981282224,14.97377423312614
7.796610169491526,3.0338983050847457,23.380974706765166,2.6157473301490715,9.58352100188491,9.237759817278722
8.067796610169491,3.0338983050847457,20.63831308051247,2.3080396972638355,8.699131552624694,5.153350573793738
8.338983050847457,3.0338983050847457,13.929188112738135,2.170587535900374,7.194564823990732,3.711282190531316
8.610169491525424,3.0338983050847457,8.087422080003844,2.001067023596095,5.4817640543244925,2.258009792841678
8.881355932203391,3.0338983050847457,3.497674934848046,1.788689487221099,3.65939738221748,0.944246984226256
9.152542372881356,3.0338983050847457,1.8783730452020413,1.5764468724269955,2.5350749637387806,0.19458436743292795
9.423728813559322,3.0338983050847457,1.6066713952904603,1.3862777552509484,1.9649299180479742,0.0011768750059554436
9.694915254237287,3.0338983050847457,1.30851736292098,1.192758812674864,1.4500321543476722,0.2684306857745753
9.966101694915254,3.0338983050847457,1.000000009957921,0.9999999931333914,0.9999999968535789,1.0000000343330429
10.237288135593221,3.0338983050847457,0.8062877709839182,0.7717376742928157,0.6682335955337769,2.46695968689375
10.508474576271187,3.0338983050847457,0.6282726398426643,0.559802817786936,0.4038160095784224,4.412070656242328
10.779661016949152,3.0338983050847457,0.457381761833365,0.3756843506639528,0.2032184227169548,6.55764093421705
11.050847457627118,3.0338983050847457,0.3145809681582946,0.23608700505657979,0.08559005281836367,8.466834123738511
11.322033898305085,3.0338983050847457,0.238251053253785,0.1694163205713508,0.06605358039592203,9.46460120047595
11.593220338983052,3.0338983050847457,0.16909879225282992,0.11326472396563067,0.04910024053994244,10.348047941195277
11.864406779661017,3.0338983050847457,0.10903196656894455,0.06793054726520002,0.03467566900841434,11.090056418182431
12.135593220338983,3.0338983050847457,0.06132025017045947,0.03555529004599475,0.023074030784973484,11.635683540759182
12.40677966101695,3.0338983050847457,0.030144231248738124,0.016496109753774368,0.014116539517947384,11.96301883954025
12.677966101694915,3.0338983050847457,0.011593240442845001,0.005859912272034437,0.007380253529380613,12.14766615131337
12.94915254237288,3.0338983050847457,0.0023545306453372095,0.0009830800474532075,0.0028252474841381227,12.232802139459439
13.220338983050848,3.0338983050847457,0.0011329968922272158,0.0004213353793811942,0.0016917518225074825,12.242627740382712
13.491525423728813,3.0338983050847457,0.0007830653676963681,0.00028123713868402026,0.0011498201354821762,12.245078844412578
13.76271186440678,3.0338983050847457,0.00048733625155850043,0.00016730441772232327,0.0007138095243712383,12.247072347632157
14.033898305084746,3.0338983050847457,0.0002685885116560851,8.7372883455977e-05,0.0003962411232195077,12.248471022252145
14.305084745762711,3.0338983050847457,0.00018870424200403927,6.466817866516412e-05,0.00024358873048803477,12.24886833301069
14.576271186440678,3.0338983050847457,0.00012079947601902332,4.504384549581073e-05,0.0001281193504040702,12.249211745384748
14.847457627118644,3.0338983050847457,6.641770663140021e-05,2.8672225547765417e-05,4.9518499311722e-05,12.249498241191015
15.11864406779661,3.0338983050847457,3.643127960562673e-05,1.7866930340841842e-05,1.8450030001471872e-05,12.249687330714204
15.389830508474576,3.0338983050847457,2.4315304965704965e-05,1.1630485987686689e-05,1.2468219176971382e-05,12.249796467340639
15.661016949152541,3.0338983050847457,1.4383496520528027e-05,6.64782809327227e-06,1.1928043040648812e-05,12.249883663284573
15.932203389830509,3.0338983050847457,6.8257935900321235e-06,3.007439765511975e-06,1.1928043050202258e-05,12.24994736986063
16.203389830508474,3.0338983050847457,4.039200720575621e-06,1.710260611578878e-06,1.1928043053606443e-05,12.249970070457577
16.474576271186443,3.0338983050847457,2.531926767292852e-06,1.0493386228063362e-06,1.1928043055340904e-05,12.249981636580978
16.74576271186441,3.0338983050847457,1.342864062046939e-06,5.436323478760738e-07,1.1928043056668033e-05,12.249990486435756
17.016949152542374,3.0338983050847457,1.3067310445128597e-06,2.0568854493507818e-07,1.1928043057554856e-05,12.249996400450728
17.28813559322034,3.0338983050847457,1.3067310445416279e-06,1.0561817664851871e-07,1.1928043057817459e-05,12.249998151681975
17.559322033898304,3.0338983050847457,1.3067310445512745e-06,7.206267661724627e-08,1.1928043057905513e-05,12.249998738903187
17.83050847457627,3.0338983050847457,1.3067310445512745e-06,7.206267661724627e-08,1.1928043057905513e-05,12.249998738903187
18.101694915254235,3.0338983050847457,1.3067310445512745e-06,7.206267661724627e-08,1.1928043057905513e-05,12.249998738903187
18.372881355932204,3.0338983050847457,1.3067310445512745e-06,7.206267661724627e-08,1.1928043057905513e-05,12.249998738903187
18.64406779661017,3.0338983050847457,1.3067310445512745e-06,7.206267661724627e-08,1.1928043057905513e-05,12.249998738903187
18.915254237288135,3.0338983050847457,1.3067310445512745e-06,7.206267661724627e-08,1.1928043057905513e-05,12.249998738903187
19.186440677966104,3.0338983050847457,1.3067310445512745e-06,7.206267661724627e-08,1.1928043057905513e-05,12.249998738903187
19.45762711864407,3.0338983050847457,1.3067310445512745e-06,7.206267661724627e-08,1.1928043057905513e-05,12.249998738903187
19.728813559322035,3.0338983050847457,1.3067310445512745e-06,7.206267661724627e-08,1.1928043057905513e-05,12.249998738903187
20.0,3.0338983050847457,1.3067310445512745e-06,7.206267661724627e-08,1.1928043057905513e-05,12.249998738903187
4.0,3.0983050847457627,0.5173966552028284,1.7783561199237412,15.84925191799912,0.8947084592734281
4.271186440677966,3.0983050847457627,0.8579782746240529,2.8273344628931145,15.835730261475366,12.733022931014848
4.5423728813559325,3.0983050847457627,1.5289396559426363,4.961055619339916,15.80905256221099,79.25698202520246
4.813559322033898,3.0983050847457627,2.8152943576057536,9.406069560605943,15.754211730813159,400.6071863078813
5.084745762711864,3.0983050847457627,5.129205730543391,17.71612044761571,15.644222549260865,1663.848665381897
5.3559322033898304,3.0983050847457627,8.06896150347201,27.795279345912633,15.468301133377123,4354.442323429763
5.627118644067797,3.0983050847457627,11.718933530206106,44.326640277062694,15.130957937559403,11516.852784227132
5.898305084745763,3.0983050847457627,15.529019572227188,73.3106537267765,14.430658082905468,32319.6382463272
6.169491525423728,3.0983050847457627,18.92907074455088,72.86479531409157,13.736621673949317,31920.106058031262
6.4406779661016955,3.0983050847457627,21.843807029917492,45.7396807357811,13.21712249356649,12287.545548443733
6.711864406779661,3.0983050847457627,23.275666379737125,21.297990475015524,12.49695241979123,2474.5626558988033
6.983050847457627,3.0983050847457627,22.3281664200308,4.13395130506713,11.511488353579939,46.71556086548916
7.254237288135593,3.0983050847457627,23.337246244787096,3.230324523262815,10.893830166187668,20.93804912785781
7.525423728813559,3.0983050847457627,23.811176727986258,2.947838494810318,10.264169584114708,14.973775037604193
7.796610169491526,3.0983050847457627,23.380975919192412,2.6157473418176607,9.583520893840198,9.237759994604426
8.067796610169491,3.0983050847457627,20.638313559779434,2.308039699555534,8.699131500432268,5.153350599805653
8.338983050847457,3.0983050847457627,13.929188250311704,2.170587535514469,7.194564799998823,3.7112821868141452
8.610169491525424,3.0983050847457627,8.087422114401148,2.001067022560756,5.481764044333462,2.2580097850628267
8.881355932203391,3.0983050847457627,3.4976749415690898,1.788689486283629,3.65939737865691,0.9442469796714462
9.152542372881356,3.0983050847457627,1.8783730472701552,1.576446871930609,2.5350749618398414,0.1945843663381049
9.423728813559322,3.0983050847457627,1.6066713963103116,1.386277754296385,1.9649299184450284,0.0011768751696898806
9.694915254237287,3.0983050847457627,1.3085173651308963,1.1927588112601581,1.4500321534738985,0.26843068943939197
9.966101694915254,3.0983050847457627,1.0000000111702516,0.9999999928461806,0.9999999949238102,1.0000000357690968
10.237288135593221,3.0983050847457627,0.8062877692803415,0.7717376775281571,0.6682335919161707,2.4669596614857103
10.508474576271187,3.0983050847457627,0.6282726378290799,0.5598028219779632,0.40381600438880566,4.412070612226212
10.779661016949152,3.0983050847457627,0.4573817664988735,0.37568434622781893,0.20321842467871473,6.557640991017065
11.050847457627118,3.0983050847457627,0.31458096056078183,0.2360870121464252,0.0855900502670427,8.466834020588973
11.322033898305085,3.0983050847457627,0.23825107243774807,0.16941630550924827,0.06605358360896545,9.46460143216567
11.593220338983052,3.0983050847457627,0.1690987821431911,0.1132647315829907,0.049100238406292865,10.348047818676203
11.864406779661017,3.0983050847457627,0.1090319674722046,0.06793054571140598,0.03467567136591855,11.090056444054454
12.135593220338983,3.0983050847457627,0.06132025819655823,0.03555528625679762,0.023074028840057246,11.635683605386058
12.40677966101695,3.0983050847457627,0.03014417962041131,0.016496135242737433,0.01411655091050367,11.963018398739258
12.677966101694915,3.0983050847457627,0.011593252932009785,0.005859909351004805,0.007380244977324947,12.147666202217428
12.94915254237288,3.0983050847457627,0.0023545428291491762,0.0009830757610554913,0.002825241025662049,12.23280221441873
13.220338983050848,3.0983050847457627,0.0011330010950080136,0.00042133612611927536,0.001691726036523865,12.242627727318732
13.491525423728813,3.0983050847457627,0.0007830603266873054,0.00028124023633528574,0.001149804642699869,12.245078790214572
13.76271186440678,3.0983050847457627,0.0004873449565796499,0.00016730269118702093,0.0007137933903405095,12.247072377842914
14.033898305084746,3.0983050847457627,0.00026858160685414023,8.73763821456474e-05,0.00039622477048647457,12.2484709610289
14.305084745762711,3.0983050847457627,0.0001887049036140684,6.466700725750068e-05,0.0002435992323850015,12.248868353509378
14.576271186440678,3.0983050847457627,0.0001207967887641304,4.5043878729378564e-05,0.00012812473151292092,12.249211744803176
14.847457627118644,3.0983050847457627,6.641042296814399e-05,2.867403379253627e-05,4.952272977001397e-05,12.24949820954738
15.11864406779661,3.0983050847457627,3.643818289859205e-05,1.786243932916268e-05,1.8452843829981403e-05,12.249687409305903
15.389830508474576,3.0983050847457627,2.4309144267520616e-05,1.1639143379109756e-05,1.2454087614803975e-05,12.249796315837548
15.661016949152541,3.0983050847457627,1.437749709589588e-05,6.6507569263479626e-06,1.1928043040641125e-05,12.24988361203024
15.932203389830509,3.0983050847457627,6.833409956552937e-06,3.0051470546601763e-06,1.1928043050208274e-05,12.249947409982981
16.203389830508474,3.0983050847457627,4.043143483147556e-06,1.7091646244138684e-06,1.1928043053609318e-05,12.249970089637328
16.474576271186443,3.0983050847457627,2.5133969757807074e-06,1.0553693432028408e-06,1.192804305532508e-05,12.249981531043453
16.74576271186441,3.0983050847457627,1.3380788969809536e-06,5.411609948361219e-07,1.1928043056674518e-05,12.249990529684416
17.016949152542374,3.0983050847457627,1.3067310445129114e-06,2.055085460810216e-07,1.1928043057555329e-05,12.249996403600703
17.28813559322034,3.0983050847457627,1.3067310445416279e-06,1.0561817664851871e-07,1.1928043057817459e-05,12.249998151681975
17.559322033898304,3.0983050847457627,1.3067310445512745e-06,7.206267661724627e-08,1.1928043057905513e-05,12.249998738903187
17.83050847457627,3.0983050847457627,1.3067310445512745e-06,7.206267661724627e-08,1.1928043057905513e-05,12.249998738903187
18.101694915254235,3.0983050847457627,1.3067310445512745e-06,7.206267661724627e-08,1.1928043057905513e-05,12.249998738903187
18.372881355932204,3.0983050847457627,1.3067310445512745e-06,7.206267661724627e-08,1.1928043057905513e-05,12.249998738903187
18.64406779661017,3.0983050847457627,1.3067310445512745e-06,7.206267661724627e-08,1.1928043057905513e-05,12.249998738903187
18.915254237288135,3.0983050847457627,1.3067310445512745e-06,7.206267661724627e-08,1.1928043057905513e-05,12.249998738903187
19.186440677966104,3.0983050847457627,1.3067310445512745e-06,7.206267661724627e-08,1.1928043057905513e-05,12.249998738903187
19.45762711864407,3.0983050847457627,1.3067310445512745e-06,7.206267661724627e-08,1.1928043057905513e-05,12.249998738903187
19.728813559322035,3.0983050847457627,1.3067310445512745e-06,7.206267661724627e-08,1.1928043057905513e-05,12.249998738903187
20.0,3.0983050847457627,1.3067310445512745e-06,7.206267661724627e-08,1.1928043057905513e-05,12.249998738903187
4.0,3.1627118644067798,0.5220740992449933,1.786408359431596,15.84916916523374,0.9331963764913599
4.271186440677966,3.1627118644067798,0.8613485797064157,2.8325818727496577,15.835674639290119,12.826817638318227
4.5423728813559325,3.1627118644067798,1.531462098909914,4.96466822138904,15.809012754290722,79.41787205363065
4.813559322033898,3.1627118644067798,2.8172910494892975,9.408815467037515,15.754180081163785,400.8820324066208
5.084745762711864,3.1627118644067798,5.130694674456521,17.718095654894785,15.644197721340717,1664.2515362643503
5.3559322033898304,3.1627118644067798,8.069922729301382,27.79646624159883,15.46828316078417,4354.833937774167
5.627118644067797,3.1627118644067798,11.719509125726226,44.327364738289525,15.130944391578847,11517.241521088394
5.898305084745763,3.1627118644067798,15.529343376517238,73.3111162083761,14.43064705888772,32320.053964591072
6.169491525423728,3.1627118644067798,18.92923321352434,72.86496587759471,13.73661498214081,31920.258424286098
6.4406779661016955,3.1627118644067798,21.843885302392327,45.73972109644518,13.21711899088796,12287.56791819091
6.711864406779661,3.1627118644067798,23.27570140792492,21.297997379914047,12.496950559522293,2474.5643733191646
6.983050847457627,3.1627118644067798,22.328180957152654,4.133951782626749,11.511487342299324,46.715577185799866
7.254237288135593,3.1627118644067798,23.337252718259105,3.23032465603601,10.893829683353069,20.938052165583358
7.525423728813559,3.1627118644067798,23.81117957119099,2.9478385363726414,10.26416935537563,14.973775841751253
7.796610169491526,3.1627118644067798,23.380977132413097,2.615747353392371,9.583520785837543,9.237760170503469
8.067796610169491,3.1627118644067798,20.63831404029027,2.3080397020389687,8.69913144785685,5.15335062799387
8.338983050847457,3.1627118644067798,13.929188388084889,2.170587534923308,7.194564776272804,3.7112821811198797
8.610169491525424,3.1627118644067798,8.087422148341677,2.001067021468034,5.481764034706694,2.258009776852838
8.881355932203391,3.1627118644067798,3.4976749480166904,1.7886894853844912,3.659397375241668,0.9442469753028794
9.152542372881356,3.1627118644067798,1.8783730492500361,1.5764468714510795,2.535074960012838,0.19458436528046136
9.423728813559322,3.1627118644067798,1.6066713968084834,1.3862777558215507,1.964929914423423,0.001176874908081152
9.694915254237287,3.1627118644067798,1.3085173639011571,1.19275881166215,1.4500321544699815,0.2684306883980263
9.966101694915254,3.1627118644067798,1.0000000076198003,0.9999999956940432,0.999999995825216,1.0000000215297835
10.237288135593221,3.1627118644067798,0.8062877727832239,0.7717376739240132,0.6682335927034003,2.466959689790059
10.508474576271187,3.1627118644067798,0.6282726331902786,0.559802823586103,0.40381600859036476,4.412070595336781
10.779661016949152,3.1627118644067798,0.4573817569282272,0.37568435431136704,0.2032184226848395,6.557640887515755
11.050847457627118,3.1627118644067798,0.31458094971872025,0.23608701628031073,0.08559005531940342,8.466833960445431
11.322033898305085,3.1627118644067798,0.23825104625442137,0.1694163296039951,0.06605357664387927,9.464601061533141
11.593220338983052,3.1627118644067798,0.16909876440776098,0.1132647335064446,0.04910025079714674,10.348047787739006
11.864406779661017,3.1627118644067798,0.10903200809127445,0.06793052423697389,0.03467566400688748,11.090056801622394
12.135593220338983,3.1627118644067798,0.061320265895765266,0.0355552826219294,0.023074026974354803,11.635683667380766
12.40677966101695,3.1627118644067798,0.030144211776356976,0.0164961252710237,0.014116533073356469,11.963018571188066
12.677966101694915,3.1627118644067798,0.011593253170666968,0.005859903084950109,0.007380263162650555,12.147666311414401
12.94915254237288,3.1627118644067798,0.002354536153748001,0.0009830793915305079,0.002825235929530991,12.232802150930027
13.220338983050848,3.1627118644067798,0.0011329997610781113,0.0004213353499643926,0.0016917413832845118,12.242627740897353
13.491525423728813,3.1627118644067798,0.0007830614597142656,0.00028123830433709026,0.0011498269038796212,12.245078824017746
13.76271186440678,3.1627118644067798,0.00048733964233002184,0.00016730451039169758,0.0007137927413023457,12.24707234601064
14.033898305084746,3.1627118644067798,0.00026858535817261657,8.737564378653695e-05,0.00039622175223145864,12.24847097394938
14.305084745762711,3.1627118644067798,0.00018869367781012094,6.467117243139093e-05,0.00024359399614314617,12.2488682806222
14.576271186440678,3.1627118644067798,0.00012081320619428481,4.5038546364603196e-05,0.00012811463511149427,12.249211838116558
14.847457627118644,3.1627118644067798,6.642280594481609e-05,2.8669988104725313e-05,4.95168048891747e-05,12.249498280345467
15.11864406779661,3.1627118644067798,3.641528818544132e-05,1.7873309419948393e-05,1.8456299810875817e-05,12.249687219081741
15.389830508474576,3.1627118644067798,2.4311730949600792e-05,1.1634685863552207e-05,1.246274181342188e-05,12.24979639384342
15.661016949152541,3.1627118644067798,1.4371743763913288e-05,6.653566800635969e-06,1.1928043040633752e-05,12.249883562857674
15.932203389830509,3.1627118644067798,6.834818368885337e-06,3.0009524766828336e-06,1.1928043050219282e-05,12.24994748338794
16.203389830508474,3.1627118644067798,4.027790481856719e-06,1.714352906125228e-06,1.1928043053595702e-05,12.24996999884251
16.474576271186443,3.1627118644067798,2.516115901366522e-06,1.0545849291183666e-06,1.1928043055327138e-05,12.249981544770689
16.74576271186441,3.1627118644067798,1.3439321574183924e-06,5.424967108365521e-07,1.1928043056671013e-05,12.249990506309397
17.016949152542374,3.1627118644067798,1.306731044512961e-06,2.0533642807031903e-07,1.1928043057555781e-05,12.24999640661277
17.28813559322034,3.1627118644067798,1.306731044541667e-06,1.0548241128423641e-07,1.1928043057817814e-05,12.24999815405787
17.559322033898304,3.1627118644067798,1.3067310445512745e-06,7.206267661724627e-08,1.1928043057905513e-05,12.249998738903187
17.83050847457627,3.1627118644067798,1.3067310445512745e-06,7.206267661724627e-08,1.1928043057905513e-05,12.249998738903187
18.101694915254235,3.1627118644067798,1.3067310445512745e-06,7.206267661724627e-08,1.1928043057905513e-05,12.249998738903187
18.372881355932204,3.1627118644067798,1.3067310445512745e-06,7.206267661724627e-08,1.1928043057905513e-05,12.249998738903187
18.64406779661017,3.1627118644067798,1.3067310445512745e-06,7.206267661724627e-08,1.1928043057905513e-05,12.249998738903187
18.915254237288135,3.1627118644067798,1.3067310445512745e-06,7.206267661724627e-08,1.1928043057905513e-05,12.249998738903187
19.186440677966104,3.1627118644067798,1.3067310445512745e-06,7.206267661724627e-08,1.1928043057905513e-05,12.249998738903187
19.45762711864407,3.1627118644067798,1.3067310445512745e-06,7.206267661724627e-08,1.1928043057905513e-05,12.249998738903187
19.728813559322035,3.1627118644067798,1.3067310445512745e-06,7.206267661724627e-08,1.1928043057905513e-05,12.249998738903187
20.0,3.1627118644067798,1.3067310445512745e-06,7.206267661724627e-08,1.1928043057905513e-05,12.249998738903187
4.0,3.227118644067797,0.5267843478916473,1.7944730098997916,15.849086259750162,0.9725559721212574
4.271186440677966,3.227118644067797,0.8647292885271187,2.837832572286023,15.835618971287758,12.921015662041514
4.5423728813559325,3.227118644067797,1.5339877928256827,4.968281560198215,15.808972933388418,79.5789580803163
4.813559322033898,3.227118644067797,2.8192888291850324,9.411561523549173,15.754148427461732,401.15698778508454
5.084745762711864,3.227118644067797,5.132183942233073,17.720070876237425,15.644172892247179,1664.6544587838314
5.3559322033898304,3.227118644067797,8.070884038150236,27.797653132428135,15.46826518787568,4355.225568124955
5.627118644067797,3.227118644067797,11.720084740858484,44.328089195696094,15.130930845515461,11517.630262460249
5.898305084745763,3.227118644067797,15.529667185204385,73.3115786878962,14.430636034851075,32320.469683659285
6.169491525423728,3.227118644067797,18.92939568334232,72.86513644058455,13.736608290329928,31920.41079044602
6.4406779661016955,3.227118644067797,21.843963575025672,45.739761457028784,13.21711548820953,12287.590287913845
6.711864406779661,3.227118644067797,23.275736436083886,21.298004284787844,12.496948699257299,2474.5660907339716
6.983050847457627,3.227118644067797,22.328195494451492,4.133952260183079,11.511486331010788,46.71559350600105
7.254237288135593,3.227118644067797,23.33725919218911,3.2303247887903215,10.893829200505866,20.938055202877095
7.525423728813559,3.227118644067797,23.811182414174226,2.947838577936951,10.264169126650676,14.973776645936772
7.796610169491526,3.227118644067797,23.380978345219013,2.6157473650154737,9.583520677809378,9.237760347137922
8.067796610169491,3.227118644067797,20.638314520868068,2.3080397045019203,8.699131395299714,5.153350655949593
8.338983050847457,3.227118644067797,13.929188525131881,2.1705875345727192,7.194564752324724,3.711282177742887
8.610169491525424,3.227118644067797,8.087422181938576,2.001067020550917,5.481764024811501,2.2580097699622277
8.881355932203391,3.227118644067797,3.497674953719448,1.7886894846062562,3.6593973722724753,0.9442469715217322
9.152542372881356,3.227118644067797,1.8783730494206328,1.5764468716595699,2.535074959334382,0.19458436574030472
9.423728813559322,3.227118644067797,1.6066713949800602,1.3862777560973196,1.9649299165829928,0.0011768748607790395
9.694915254237287,3.227118644067797,1.3085173638886491,1.1927588131128997,1.4500321512852963,0.26843068463983755
9.966101694915254,3.227118644067797,1.0000000088304042,0.9999999953671913,0.9999999939930003,1.000000023164043
10.237288135593221,3.227118644067797,0.8062877691551248,0.7717376751648055,0.6682335971044969,2.4669596800457705
10.508474576271187,3.227118644067797,0.6282726414526517,0.5598028179760929,0.4038160074636771,4.4120706542557135
10.779661016949152,3.227118644067797,0.45738177185254714,0.3756843386510668,0.2032184291662543,6.557641088029387
11.050847457627118,3.227118644067797,0.3145809647509293,0.23608701176750438,0.08559004879743176,8.466834026101855
11.322033898305085,3.227118644067797,0.23825106373602672,0.16941631419749523,0.0660535795051556,9.464601298520487
11.593220338983052,3.227118644067797,0.16909879413022272,0.1132647222343391,0.04910024056972233,10.348047969041701
11.864406779661017,3.227118644067797,0.10903196167817815,0.06793054375505489,0.03467567686014888,11.090056476629396
12.135593220338983,3.227118644067797,0.06132027164739241,0.03555527818107926,0.023074024565914626,11.635683743121946
12.40677966101695,3.227118644067797,0.030144188945545825,0.016496127091378154,0.014116556478615625,11.963018539707221
12.677966101694915,3.227118644067797,0.011593264914604245,0.005859900467579749,0.007380254764341176,12.147666357026665
12.94915254237288,3.227118644067797,0.0023545368532731275,0.0009830786321603875,0.0028252395663543105,12.232802164209675
13.220338983050848,3.227118644067797,0.0011330013598701595,0.0004213351828021877,0.0016917356672566325,12.242627743821812
13.491525423728813,3.227118644067797,0.0007830646137061734,0.0002812371915258935,0.001149823517593921,12.245078843488029
13.76271186440678,3.227118644067797,0.0004873345966860247,0.00016730627640129843,0.0007137922009178908,12.247072315109163
14.033898305084746,3.227118644067797,0.0002685847147371597,8.73740313031041e-05,0.00039624578936745767,12.248471002166074
14.305084745762711,3.227118644067797,0.0001886998518574647,6.467121845633553e-05,0.00024357408043309913,12.2488682798168
14.576271186440678,3.227118644067797,0.00012079780345739815,4.504550619118078e-05,0.0001281065870335486,12.249211716323513
14.847457627118644,3.227118644067797,6.641561669873344e-05,2.8671728033190768e-05,4.9520830152372876e-05,12.249498249897345
15.11864406779661,3.227118644067797,3.6422233699953064e-05,1.7868869426614828e-05,1.8458877000153005e-05,12.249687296780634
15.389830508474576,3.227118644067797,2.4299283655401084e-05,1.1640568801116422e-05,1.2464435452875531e-05,12.249796290892869
15.661016949152541,3.227118644067797,1.4366221687368779e-05,6.656264819229017e-06,1.1928043040626672e-05,12.249883515642571
15.932203389830509,3.227118644067797,6.841956223262016e-06,2.9988847969031596e-06,1.1928043050224706e-05,12.24994751957226
16.203389830508474,3.227118644067797,4.0318056418246794e-06,1.7132154905694897e-06,1.1928043053598689e-05,12.249970018747257
16.474576271186443,3.227118644067797,2.5187240810877163e-06,1.0538331373891396e-06,1.192804305532911e-05,12.249981557927034
16.74576271186441,3.227118644067797,1.346418553645765e-06,5.425188885660864e-07,1.1928043056670954e-05,12.249990505921287
17.016949152542374,3.227118644067797,1.3067310445130083e-06,2.0517168446559622e-07,1.1928043057556213e-05,12.249996409495783
17.28813559322034,3.227118644067797,1.306731044541667e-06,1.0548241128423641e-07,1.1928043057817814e-05,12.24999815405787
17.559322033898304,3.227118644067797,1.3067310445512745e-06,7.206267661724627e-08,1.1928043057905513e-05,12.249998738903187
17.83050847457627,3.227118644067797,1.3067310445512745e-06,7.206267661724627e-08,1.1928043057905513e-05,12.249998738903187
18.101694915254235,3.227118644067797,1.3067310445512745e-06,7.206267661724627e-08,1.1928043057905513e-05,12.249998738903187
18.372881355932204,3.227118644067797,1.3067310445512745e-06,7.206267661724627e-08,1.1928043057905513e-05,12.249998738903187
18.64406779661017,3.227118644067797,1.3067310445512745e-06,7.206267661724627e-08,1.1928043057905513e-05,12.249998738903187
18.915254237288135,3.227118644067797,1.3067310445512745e-06,7.206267661724627e-08,1.1928043057905513e-05,12.249998738903187
19.186440677966104,3.227118644067797,1.3067310445512745e-06,7.206267661724627e-08,1.1928043057905513e-05,12.249998738903187
19.45762711864407,3.227118644067797,1.3067310445512745e-06,7.206267661724627e-08,1.1928043057905513e-05,12.249998738903187
19.728813559322035,3.227118644067797,1.3067310445512745e-06,7.206267661724627e-08,1.1928043057905513e-05,12.249998738903187
20.0,3.227118644067797,1.3067310445512745e-06,7.206267661724627e-08,1.1928043057905513e-05,12.249998738903187
4.0,3.291525423728814,0.5315275320179998,1.8025499272473473,15.849003202776794,1.0127902745427793
4.271186440677966,3.291525423728814,0.8681204199942864,2.843086544568795,15.83556325760291,13.015617344471904
4.5423728813559325,3.291525423728814,1.536516740068679,4.971895633599318,15.808933099520726,79.7402401082867
4.813559322033898,3.291525423728814,2.8212876970003453,9.414307729809192,15.754116769709576,401.43205242549595
5.084745762711864,3.291525423728814,5.133673533905249,17.722046111599614,15.644148061980609,1665.0574329324004
5.3559322033898304,3.291525423728814,8.071845430019755,27.79884001839439,15.468247214651717,4355.617214479882
5.627118644067797,3.291525423728814,11.720660375598653,44.32881364928142,15.130917299369298,11518.019008342068
5.898305084745763,3.291525423728814,15.529990998284735,73.31204116534975,14.430625010795433,32320.88540354347
6.169491525423728,3.291525423728814,18.929558153987614,72.86530700309753,13.736601598516454,31920.56315654362
6.4406779661016955,3.291525423728814,21.84404184780274,45.7398018175401,13.217111985531478,12287.612657617075
6.711864406779661,3.291525423728814,23.275771464324315,21.29801118966071,12.496946838989702,2474.567808149143
6.983050847457627,3.291525423728814,22.328210031589474,4.133952737743671,11.511485319729143,46.71560982635072
7.254237288135593,3.291525423728814,23.337265665848694,3.230324921554012,10.893828717666684,20.938058240385626
7.525423728813559,3.291525423728814,23.811185256479106,2.94783861947346,10.264168897997042,14.973777449584416
7.796610169491526,3.291525423728814,23.380979558060304,2.6157473766856554,9.583520569730375,9.23776052448783
8.067796610169491,3.291525423728814,20.63831499910362,2.3080397068958973,8.699131343076381,5.15335068312242
8.338983050847457,3.291525423728814,13.929188662393939,2.1705875340239333,7.194564728631785,3.711282172456792
8.610169491525424,3.291525423728814,8.087422215951769,2.001067019777883,5.481764014495012,2.2580097641541617
8.881355932203391,3.291525423728814,3.497674959781977,1.7886894841565928,3.659397368249981,0.9442469693369892
9.152542372881356,3.291525423728814,1.878373052048572,1.576446870268806,2.5350749586638957,0.19458436267285537
9.423728813559322,3.291525423728814,1.606671396743627,1.3862777558703419,1.9649299142947727,0.0011768748997120937
9.694915254237287,3.291525423728814,1.308517362840046,1.1927588135619902,1.4500321524056807,0.2684306834764619
9.966101694915254,3.291525423728814,1.0000000086289762,0.9999999936884754,0.9999999980416354,1.000000031557623
10.237288135593221,3.291525423728814,0.8062877725234545,0.7717376717480323,0.6682335977594636,2.4669597068786437
10.508474576271187,3.291525423728814,0.6282726395257623,0.5598028219173924,0.4038160026200814,4.4120706128623555
10.779661016949152,3.291525423728814,0.4573817625553961,0.3756843465695685,0.20321842716424657,6.5576409866413226
11.050847457627118,3.291525423728814,0.31458095351222476,0.23608701519245284,0.08559005347977279,8.466833976272582
11.322033898305085,3.291525423728814,0.23825103274533727,0.1694163329111439,0.06605358309134435,9.4646010106616
11.593220338983052,3.291525423728814,0.16909878457767114,0.113264729438662,0.04910023856084582,10.348047853165998
11.864406779661017,3.291525423728814,0.10903196263458823,0.067930542367682,0.03467567892895456,11.090056499730359
12.135593220338983,3.291525423728814,0.06132023894765517,0.03555529370067273,0.023074034456035324,11.635683478426609
12.40677966101695,3.291525423728814,0.030144183705796763,0.01649613403441266,0.014116552570596498,11.963018419635782
12.677966101694915,3.291525423728814,0.011593246773218347,0.005859908914771729,0.007380260500964785,12.14766620981955
12.94915254237288,3.291525423728814,0.0023545370994538218,0.000983077724654266,0.0028252425497316096,12.232802180079878
13.220338983050848,3.291525423728814,0.001133000112717535,0.0004213344702636305,0.0016917502843784137,12.242627756287483
13.491525423728813,3.291525423728814,0.00078305742572745,0.00028123922363938595,0.0011498325083421387,12.24507880793319
13.76271186440678,3.291525423728814,0.00048734005695811396,0.0001673036652092728,0.000713803991531306,12.247072360799564
14.033898305084746,3.291525423728814,0.0002685908852745071,8.737422242740693e-05,0.0003962163393348229,12.24847099882161
14.305084745762711,3.291525423728814,0.00018869986203545917,6.4669817062007e-05,0.00024358335033751525,12.248868304340068
14.576271186440678,3.291525423728814,0.00012081437281454626,4.5040654382524434e-05,0.00012809810574825541,12.249211801227432
14.847457627118644,3.291525423728814,6.641144641093854e-05,2.86738539958701e-05,4.9525240979865726e-05,12.249498212693755
15.11864406779661,3.291525423728814,3.642881781826121e-05,1.786455907567995e-05,1.8461307737586243e-05,12.249687372210815
15.389830508474576,3.291525423728814,2.430197080683783e-05,1.163625994150743e-05,1.2472557502860095e-05,12.249796366297286
15.661016949152541,3.291525423728814,1.436091719826514e-05,6.658857530763235e-06,1.1928043040619869e-05,12.249883470270339
15.932203389830509,3.291525423728814,6.831084636657531e-06,3.0028718106012546e-06,1.1928043050214244e-05,12.24994744979967
16.203389830508474,3.291525423728814,4.035664167383251e-06,1.7121230658829654e-06,1.1928043053601554e-05,12.249970037864665
16.474576271186443,3.291525423728814,2.5346450849252546e-06,1.0447399052723712e-06,1.192804305535297e-05,12.249981717058477
16.74576271186441,3.291525423728814,1.3418730507805835e-06,5.402164678411098e-07,1.1928043056676996e-05,12.249990546213635
17.016949152542374,3.291525423728814,1.3067310445145006e-06,1.9998037829240002e-07,1.1928043057569835e-05,12.249996500343627
17.28813559322034,3.291525423728814,1.306731044541703e-06,1.0535657770651357e-07,1.1928043057818145e-05,12.249998156259958
17.559322033898304,3.291525423728814,1.3067310445512745e-06,7.206267661724627e-08,1.1928043057905513e-05,12.249998738903187
17.83050847457627,3.291525423728814,1.3067310445512745e-06,7.206267661724627e-08,1.1928043057905513e-05,12.249998738903187
18.101694915254235,3.291525423728814,1.3067310445512745e-06,7.206267661724627e-08,1.1928043057905513e-05,12.249998738903187
18.372881355932204,3.291525423728814,1.3067310445512745e-06,7.206267661724627e-08,1.1928043057905513e-05,12.249998738903187
18.64406779661017,3.291525423728814,1.3067310445512745e-06,7.206267661724627e-08,1.1928043057905513e-05,12.249998738903187
18.915254237288135,3.291525423728814,1.3067310445512745e-06,7.206267661724627e-08,1.1928043057905513e-05,12.249998738903187
19.186440677966104,3.291525423728814,1.3067310445512745e-06,7.206267661724627e-08,1.1928043057905513e-05,12.249998738903187
19.45762711864407,3.291525423728814,1.3067310445512745e-06,7.206267661724627e-08,1.1928043057905513e-05,12.249998738903187
19.728813559322035,3.291525423728814,1.3067310445512745e-06,7.206267661724627e-08,1.1928043057905513e-05,12.249998738903187
20.0,3.291525423728814,1.3067310445512745e-06,7.206267661724627e-08,1.1928043057905513e-05,12.249998738903187
4.0,3.3559322033898304,0.5363037821342616,1.8106389667897431,15.848919995547494,1.0539022565384237
4.271186440677966,3.3559322033898304,0.8715219929965692,2.8483437726323144,15.835507498370555,13.110623023267532
4.5423728813559325,3.3559322033898304,1.5390489430159684,4.975510439422843,15.808893252704301,79.9017181401358
4.813559322033898,3.3559322033898304,2.82328765324281,9.417054085485878,15.75408510790989,401.7072263100362
5.084745762711864,3.3559322033898304,5.135163449503553,17.72402136093786,15.644123230541384,1665.4604587022227
5.3559322033898304,3.3559322033898304,8.072806904912706,27.800026899492984,15.468229241112333,4356.008876837208
5.627118644067797,3.3559322033898304,11.721236029953797,44.32953809905732,15.130903753140156,11518.407758740086
5.898305084745763,3.3559322033898304,15.530314815757299,73.3125036407301,14.430613986720894,32321.301124237612
6.169491525423728,3.3559322033898304,18.929720625491797,72.86547756511132,13.736594906699976,31920.715522558927
6.4406779661016955,3.3559322033898304,21.844120120758706,45.73984217797541,13.217108482852801,12287.635027298546
6.711864406779661,3.3559322033898304,23.275806492548824,21.298018094512674,12.49694497872499,2474.569525559711
6.983050847457627,3.3559322033898304,22.328224568770317,4.133953215303335,11.51148430844589,46.715626146671525
7.254237288135593,3.3559322033898304,23.337272139648185,3.2303250543238113,10.893828234815384,20.938061278034144
7.525423728813559,3.3559322033898304,23.811188099358098,2.947838661032631,10.264168669282679,14.973778253670547
7.796610169491526,3.3559322033898304,23.380980771079347,2.6157473883334452,9.58352046166266,9.237760701497455
8.067796610169491,3.3559322033898304,20.638315481178477,2.30803970940061,8.699131290295885,5.153350711552154
8.338983050847457,3.3559322033898304,13.929188801010962,2.170587533624631,7.194564704458102,3.7112821686105746
8.610169491525424,3.3559322033898304,8.087422249517193,2.0010670189327766,5.481764004512587,2.2580097578045932
8.881355932203391,3.3559322033898304,3.497674966848829,1.788689483439896,3.6593973639308572,0.9442469658548333
9.152542372881356,3.3559322033898304,1.8783730521591941,1.5764468704922214,2.535074958037752,0.19458436316561745
9.423728813559322,3.3559322033898304,1.6066713977287241,1.3862777550387995,1.9649299148207306,0.0011768750423449441
9.694915254237287,3.3559322033898304,1.3085173638659762,1.192758811312845,1.4500321557373517,0.2684306893029062
9.966101694915254,3.3559322033898304,1.0000000097725343,0.9999999934114507,0.999999996236,1.000000032942746
10.237288135593221,3.3559322033898304,0.8062877711810144,0.7717376750326107,0.6682335945922595,2.466959681083933
10.508474576271187,3.3559322033898304,0.6282726351187405,0.5598028234316634,0.40381600661191663,4.412070596958776
10.779661016949152,3.3559322033898304,0.45738176684525544,0.3756843425495824,0.203218428888441,6.557641038113006
11.050847457627118,3.3559322033898304,0.3145809597769307,0.23608700854013687,0.0855900546480359,8.466834073056543
11.322033898305085,3.3559322033898304,0.23825105673759858,0.1694163229549377,0.06605357600341116,9.464601163810912
11.593220338983052,3.3559322033898304,0.16909876781664965,0.11326473129252536,0.049100250235320525,10.348047823348102
11.864406779661017,3.3559322033898304,0.10903196354444303,0.0679305410274285,0.03467568091522055,11.090056522046742
12.135593220338983,3.3559322033898304,0.061320246572994494,0.03555529013222309,0.023074032589971122,11.63568353928851
12.40677966101695,3.3559322033898304,0.03014417077182242,0.01649614025828663,0.014116549076773774,11.963018312001362
12.677966101694915,3.3559322033898304,0.011593247000873703,0.005859902959503936,0.007380277267859942,12.147666313600523
12.94915254237288,3.3559322033898304,0.00235453091836327,0.0009830811084215387,0.0028252377177577295,12.232802120905534
13.220338983050848,3.3559322033898304,0.0011330039310457809,0.00042133517712468894,0.0016917265074807197,12.242627743921137
13.491525423728813,3.3559322033898304,0.0007830605361952554,0.0002812381359508325,0.001149829144690371,12.245078826963912
13.76271186440678,3.3559322033898304,0.0004873351968808282,0.00016730537957937555,0.0007138032557705862,12.247072330801668
14.033898305084746,3.3559322033898304,0.0002685818886116128,8.737658866232057e-05,0.00039622735432490343,12.248470957415082
14.305084745762711,3.3559322033898304,0.000188702250618416,6.466871198526595e-05,0.00024359276108907143,12.24886832367802
14.576271186440678,3.3559322033898304,0.00012080774328537986,4.503930594366949e-05,0.00012813047414535474,12.249211824824352
14.847457627118644,3.3559322033898304,6.640484168185767e-05,2.8675492391044434e-05,4.952901818669113e-05,12.249498184022427
15.11864406779661,3.3559322033898304,3.6424011847466044e-05,1.7868566082711938e-05,1.8458001097800956e-05,12.249687302089084
15.389830508474576,3.3559322033898304,2.430979098605128e-05,1.1634623954863718e-05,1.2466217507068513e-05,12.249796394926813
15.661016949152541,3.3559322033898304,1.4369855544731191e-05,6.651690478078233e-06,1.1928043040638675e-05,12.249883595693165
15.932203389830509,3.3559322033898304,6.838019574724297e-06,3.000845186998966e-06,1.1928043050219563e-05,12.249947485265508
16.203389830508474,3.3559322033898304,4.039367650527132e-06,1.7110698815885739e-06,1.1928043053604318e-05,12.24997005629537
16.474576271186443,3.3559322033898304,2.5367969616069037e-06,1.0442143422815582e-06,1.192804305535435e-05,12.24998172625582
16.74576271186441,3.3559322033898304,1.3432682847692743e-06,5.398696775730607e-07,1.1928043056677906e-05,12.249990552282458
17.016949152542374,3.3559322033898304,1.3067310445145146e-06,1.9993234433269945e-07,1.1928043057569962e-05,12.249996501184222
17.28813559322034,3.3559322033898304,1.3067310445417128e-06,1.0532258559942391e-07,1.1928043057818233e-05,12.24999815685482
17.559322033898304,3.3559322033898304,1.3067310445512745e-06,7.206267661724627e-08,1.1928043057905513e-05,12.249998738903187
17.83050847457627,3.3559322033898304,1.3067310445512745e-06,7.206267661724627e-08,1.1928043057905513e-05,12.249998738903187
18.101694915254235,3.3559322033898304,1.3067310445512745e-06,7.206267661724627e-08,1.1928043057905513e-05,12.249998738903187
18.372881355932204,3.3559322033898304,1.3067310445512745e-06,7.206267661724627e-08,1.1928043057905513e-05,12.249998738903187
18.64406779661017,3.3559322033898304,1.3067310445512745e-06,7.206267661724627e-08,1.1928043057905513e-05,12.249998738903187
18.915254237288135,3.3559322033898304,1.3067310445512745e-06,7.206267661724627e-08,1.1928043057905513e-05,12.249998738903187
19.186440677966104,3.3559322033898304,1.3067310445512745e-06,7.206267661724627e-08,1.1928043057905513e-05,12.249998738903187
19.45762711864407,3.3559322033898304,1.3067310445512745e-06,7.206267661724627e-08,1.1928043057905513e-05,12.249998738903187
19.728813559322035,3.3559322033898304,1.3067310445512745e-06,7.206267661724627e-08,1.1928043057905513e-05,12.249998738903187
20.0,3.3559322033898304,1.3067310445512745e-06,7.206267661724627e-08,1.1928043057905513e-05,12.249998738903187
4.0,3.4203389830508475,0.5411132283782245,1.818739983249418,15.848836639301519,1.095894834823268
4.271186440677966,3.4203389830508475,0.8749340264029226,2.8536042394789236,15.835451693725998,13.206033031444374
4.5423728813559325,3.4203389830508475,1.5415844040433357,4.97912597549786,15.808853392955816,80.06339217802191
4.813559322033898,3.4203389830508475,2.825288698219637,9.419800590247517,15.754053442065246,401.98250942084
5.084745762711864,3.4203389830508475,5.136653689059918,17.725996624207937,15.644098397929875,1665.863536085306
5.3559322033898304,3.4203389830508475,8.073768462831344,27.80121377571896,15.468211267257574,4356.400555195078
5.627118644067797,3.4203389830508475,11.721811703918782,44.33026254501188,15.130890206828228,11518.796513647809
5.898305084745763,3.4203389830508475,15.530638637625767,73.31296611400957,14.430602962627738,32321.71684571679
6.169491525423728,3.4203389830508475,18.929883097807956,72.86564812657996,13.736588214882463,31920.867888450874
6.4406779661016955,3.4203389830508475,21.844198393843875,45.73988253834542,13.217104980174689,12287.657396964183
6.711864406779661,3.4203389830508475,23.275841520831452,21.298024999373684,12.496943118457798,2474.5712429731257
6.983050847457627,3.4203389830508475,22.3282391059921,4.133953692861993,11.511483297160584,46.71564246696079
7.254237288135593,3.4203389830508475,23.33727861331889,3.2303251871031207,10.893827751965247,20.938064315900462
7.525423728813559,3.4203389830508475,23.811190942106656,2.9478387025573944,10.264168440609204,14.973779057090988
7.796610169491526,3.4203389830508475,23.38098198425839,2.6157473999592407,9.58352035360242,9.237760878172837
8.067796610169491,3.4203389830508475,20.6383159602521,2.308039711760119,8.699131238038737,5.1533507383337485
8.338983050847457,3.4203389830508475,13.929188938628263,2.1705875332472666,7.19456468041336,3.711282164975671
8.610169491525424,3.4203389830508475,8.087422284935979,2.0010670180781394,5.481763993835848,2.258009751383415
8.881355932203391,3.4203389830508475,3.4976749726118217,1.7886894825349302,3.6593973611745265,0.9442469614579493
9.152542372881356,3.4203389830508475,1.8783730551093147,1.576446869572553,2.5350749557647254,0.19458436113720995
9.423728813559322,3.4203389830508475,1.6066713993179533,1.386277754791846,1.9649299125831872,0.0011768750847044116
9.694915254237287,3.4203389830508475,1.3085173637608742,1.1927588126025652,1.4500321526045823,0.26843068596186653
9.966101694915254,3.4203389830508475,1.0000000065170167,0.9999999960353492,0.9999999970459874,1.0000000198232537
10.237288135593221,3.4203389830508475,0.8062877743843404,0.771737671747006,0.6682335952698665,2.4669597068867035
10.508474576271187,3.4203389830508475,0.6282726403635234,0.5598028187700124,0.4038160064529926,4.412070645917603
10.779661016949152,3.4203389830508475,0.4573817579888116,0.3756843500933955,0.20321842696540784,6.557640941522432
11.050847457627118,3.4203389830508475,0.3145809704108806,0.23608700190665385,0.08559005542205114,8.466834169566507
11.322033898305085,3.4203389830508475,0.23825107302751292,0.16941630853919928,0.06605357871324563,9.464601385558066
11.593220338983052,3.4203389830508475,0.169098758993815,0.11326473797086778,0.049100248083639754,10.34804771593237
11.864406779661017,3.4203389830508475,0.10903197323896252,0.06793054523213775,0.03467566504516956,11.090056452034686
12.135593220338983,3.4203389830508475,0.061320253911587914,0.03555528669841416,0.02307403079434658,11.63568359785404
12.40677966101695,3.4203389830508475,0.030144192349872107,0.016496126388822578,0.014116557761444869,11.963018551857079
12.677966101694915,3.4203389830508475,0.01159325819756834,0.005859900492358819,0.007380269078360563,12.147666356594845
12.94915254237288,3.4203389830508475,0.002354531679663306,0.000983080360751622,0.002825241118716449,12.232802133980568
13.220338983050848,3.4203389830508475,0.0011330023147949557,0.0004213343548065055,0.001691740197564068,12.242627758307375
13.491525423728813,3.4203389830508475,0.000783067251113932,0.00028123790018700517,0.0011498025817524966,12.245078831088952
13.76271186440678,3.4203389830508475,0.0004873514421620961,0.0001672996358456897,0.0007138009742031764,12.247072431305
14.033898305084746,3.4203389830508475,0.00026859294522864677,8.737191567695169e-05,0.00039623571644464064,12.248471039187224
14.305084745762711,3.4203389830508475,0.00018870288737029387,6.466764083611053e-05,0.00024360219851800433,12.248868342422265
14.576271186440678,3.4203389830508475,0.00012080505980719192,4.503938640489691e-05,0.00012813504047556616,12.249211823416328
14.847457627118644,3.4203389830508475,6.641639100753634e-05,2.8671721234669844e-05,4.952341624475104e-05,12.24949825001631
15.11864406779661,3.4203389830508475,3.643394934541657e-05,1.786620687326615e-05,1.8448540582782016e-05,12.249687343374724
15.389830508474576,3.4203389830508475,2.431228597608679e-05,1.1630642144314089e-05,1.2474055226094556e-05,12.24979646460792
15.661016949152541,3.4203389830508475,1.4364679546396523e-05,6.654272030633856e-06,1.1928043040631902e-05,12.249883550516207
15.932203389830509,3.4203389830508475,6.827626554727986e-06,3.004643484721113e-06,1.1928043050209597e-05,12.249947418795442
16.203389830508474,3.4203389830508475,4.042940383255292e-06,1.7100602917046221e-06,1.1928043053606966e-05,12.249970073963167
16.474576271186443,3.4203389830508475,2.543108997916971e-06,1.0454536683983302e-06,1.1928043055351097e-05,12.249981704567633
16.74576271186441,3.4203389830508475,1.3494633823239318e-06,5.414900199664054e-07,1.1928043056673654e-05,12.249990523926481
17.016949152542374,3.4203389830508475,1.3067310445145277e-06,1.9988624801116878e-07,1.1928043057570083e-05,12.249996501990907
17.28813559322034,3.4203389830508475,1.3067310445417367e-06,1.0523962460612142e-07,1.1928043057818451e-05,12.249998158306637
17.559322033898304,3.4203389830508475,1.3067310445512745e-06,7.206267661724627e-08,1.1928043057905513e-05,12.249998738903187
17.83050847457627,3.4203389830508475,1.3067310445512745e-06,7.206267661724627e-08,1.1928043057905513e-05,12.249998738903187
18.101694915254235,3.4203389830508475,1.3067310445512745e-06,7.206267661724627e-08,1.1928043057905513e-05,12.249998738903187
18.372881355932204,3.4203389830508475,1.3067310445512745e-06,7.206267661724627e-08,1.1928043057905513e-05,12.249998738903187
18.64406779661017,3.4203389830508475,1.3067310445512745e-06,7.206267661724627e-08,1.1928043057905513e-05,12.249998738903187
18.915254237288135,3.4203389830508475,1.3067310445512745e-06,7.206267661724627e-08,1.1928043057905513e-05,12.249998738903187
19.186440677966104,3.4203389830508475,1.3067310445512745e-06,7.206267661724627e-08,1.1928043057905513e-05,12.249998738903187
19.45762711864407,3.4203389830508475,1.3067310445512745e-06,7.206267661724627e-08,1.1928043057905513e-05,12.249998738903187
19.728813559322035,3.4203389830508475,1.3067310445512745e-06,7.206267661724627e-08,1.1928043057905513e-05,12.249998738903187
20.0,3.4203389830508475,1.3067310445512745e-06,7.206267661724627e-08,1.1928043057905513e-05,12.249998738903187
4.0,3.4847457627118645,0.5459560005078706,1.8268528307663212,15.84875313528342,1.1387708695826357
4.271186440677966,3.4847457627118645,0.8783565390623763,2.858867928079164,15.835395843804857,13.30184769736245
4.5423728813559325,3.4847457627118645,1.5441231255249694,4.982742239652175,15.808813520291961,80.22526222367429
4.813559322033898,3.4847457627118645,2.827290832238032,9.422547243762155,15.75402177217822,402.2579017399734
5.084745762711864,3.4847457627118645,5.138144252605332,17.727971901366033,15.644073564146446,1666.266665073742
5.3559322033898304,3.4847457627118645,8.074730103777357,27.80240064706896,15.468193293087484,4356.792249552171
5.627118644067797,3.4847457627118645,11.722387397496888,44.33098698714994,15.130876660433424,11519.185273067735
5.898305084745763,3.4847457627118645,15.530962463879943,73.31342858522535,14.430591938515686,32322.132568014415
6.169491525423728,3.4847457627118645,18.93004557097605,72.865818687572,13.736581523061762,31921.020254280716
6.4406779661016955,3.4847457627118645,21.844276667093094,45.739922898646505,13.217101477496234,12287.67976661198
6.711864406779661,3.4847457627118645,23.275876549106457,21.298031904248496,12.496941258190398,2474.5729603905693
6.983050847457627,3.4847457627118645,22.328253643194188,4.1339541704227205,11.51148228587595,46.71565878732366
7.254237288135593,3.4847457627118645,23.33728508702853,3.2303253198674966,10.893827269123298,20.938067353425335
7.525423728813559,3.4847457627118645,23.811193785108255,2.947838744113081,10.26416821189042,14.97377986110975
7.796610169491526,3.4847457627118645,23.38098319759617,2.615747411565114,9.583520245552357,9.237761054545466
8.067796610169491,3.4847457627118645,20.638316440133664,2.3080397141827147,8.699131185602837,5.153350765831414
8.338983050847457,3.4847457627118645,13.929189077150292,2.170587532680523,7.1945646565274375,3.7112821595166023
8.610169491525424,3.4847457627118645,8.087422318360359,2.0010670169761045,5.481763984355169,2.2580097431034547
8.881355932203391,3.4847457627118645,3.497674978736395,1.7886894819572698,3.6593973574405245,0.9442469586513179
9.152542372881356,3.4847457627118645,1.8783730563792749,1.5764468693325175,2.5350749546139655,0.19458436060779094
9.423728813559322,3.4847457627118645,1.6066713976402778,1.3862777551197143,1.9649299146928803,0.00117687502846578
9.694915254237287,3.4847457627118645,1.3085173627728068,1.192758813036218,1.4500321536384964,0.26843068483848287
9.966101694915254,3.4847457627118645,1.0000000076585023,0.999999995726353,0.9999999953266645,1.0000000213682345
10.237288135593221,3.4847457627118645,0.8062877644750328,0.7717376795207461,0.6682335962579494,2.4669596458373535
10.508474576271187,3.4847457627118645,0.6282726478429177,0.5598028136285126,0.4038160054236767,4.412070699916024
10.779661016949152,3.4847457627118645,0.4573817622079997,0.3756843461597553,0.20321842863109818,6.55764099188855
11.050847457627118,3.4847457627118645,0.31458096368646726,0.2360870083226798,0.08559005312518192,8.466834076220307
11.322033898305085,3.4847457627118645,0.2382510435834486,0.16941632631980263,0.06605358211522572,9.464601112051563
11.593220338983052,3.4847457627118645,0.16909878805858802,0.1132647284138773,0.04910023908049753,10.34804786964883
11.864406779661017,3.4847457627118645,0.10903197392866941,0.06793054389439107,0.03467566721763547,11.090056474309325
12.135593220338983,3.4847457627118645,0.06132026114509347,0.03555528348789242,0.02307402912762902,11.63568365261128
12.40677966101695,3.4847457627118645,0.03014421975171931,0.0164961166555615,0.014116540721479798,11.963018720182133
12.677966101694915,3.4847457627118645,0.011593245828032193,0.005859910816960524,0.0073802498319225215,12.14766617667058
12.94915254237288,3.4847457627118645,0.0023545424905723608,0.0009830765427891342,0.0028252354909153606,12.232802200747994
13.220338983050848,3.4847457627118645,0.0011329952888544164,0.00042133678089915493,0.0016917452149606774,12.242627715863529
13.491525423728813,3.4847457627118645,0.0007830681999422755,0.00028123620732623954,0.001149822894894397,12.245078860708064
13.76271186440678,3.4847457627118645,0.00048734655142968256,0.00016730136134851257,0.000713800321631521,12.247072401112307
14.033898305084746,3.4847457627118645,0.00026858672438491974,8.737504426076255e-05,0.00039622127752239844,12.248470984440425
14.305084745762711,3.4847457627118645,0.0001886927362603609,6.467140940780316e-05,0.00024359739132463,12.248868276475303
14.576271186440678,3.4847457627118645,0.00012080819167134743,4.504095002226924e-05,0.00012811336713906924,12.2492117960539
14.847457627118644,3.4847457627118645,6.642675267460831e-05,2.86677612003845e-05,4.9517454219956597e-05,12.249498319315492
15.11864406779661,3.4847457627118645,3.6440032508965114e-05,1.7862224098055047e-05,1.8451066925471272e-05,12.2496874130724
15.389830508474576,3.4847457627118645,2.431962808899591e-05,1.1629170671160952e-05,1.2467921762580798e-05,12.249796490358488
15.661016949152541,3.4847457627118645,1.4359696253177485e-05,6.656758383490511e-06,1.1928043040625377e-05,12.24988350700524
15.932203389830509,3.4847457627118645,6.834368490233705e-06,3.0026577175480217e-06,1.1928043050214806e-05,12.24994745354629
16.203389830508474,3.4847457627118645,4.046274784325601e-06,1.709043350223874e-06,1.1928043053609636e-05,12.249970091759623
16.474576271186443,3.4847457627118645,2.5263736676556356e-06,1.0508808724005524e-06,1.1928043055336857e-05,12.249981609591634
16.74576271186441,3.4847457627118645,1.3452445729994404e-06,5.393789627003166e-07,1.1928043056679194e-05,12.24999056086997
17.016949152542374,3.4847457627118645,1.3067310445145404e-06,1.998419744033038e-07,1.19280430575702e-05,12.249996502765697
17.28813559322034,3.4847457627118645,1.3067310445420817e-06,1.0403947639073392e-07,1.19280430578216e-05,12.249998179309227
17.559322033898304,3.4847457627118645,1.3067310445512745e-06,7.206267661724627e-08,1.1928043057905513e-05,12.249998738903187
17.83050847457627,3.4847457627118645,1.3067310445512745e-06,7.206267661724627e-08,1.1928043057905513e-05,12.249998738903187
18.101694915254235,3.4847457627118645,1.3067310445512745e-06,7.206267661724627e-08,1.1928043057905513e-05,12.249998738903187
18.372881355932204,3.4847457627118645,1.3067310445512745e-06,7.206267661724627e-08,1.1928043057905513e-05,12.249998738903187
18.64406779661017,3.4847457627118645,1.3067310445512745e-06,7.206267661724627e-08,1.1928043057905513e-05,12.249998738903187
18.915254237288135,3.4847457627118645,1.3067310445512745e-06,7.206267661724627e-08,1.1928043057905513e-05,12.249998738903187
19.186440677966104,3.4847457627118645,1.3067310445512745e-06,7.206267661724627e-08,1.1928043057905513e-05,12.249998738903187
19.45762711864407,3.4847457627118645,1.3067310445512745e-06,7.206267661724627e-08,1.1928043057905513e-05,12.249998738903187
19.728813559322035,3.4847457627118645,1.3067310445512745e-06,7.206267661724627e-08,1.1928043057905513e-05,12.249998738903187
20.0,3.4847457627118645,1.3067310445512745e-06,7.206267661724627e-08,1.1928043057905513e-05,12.249998738903187
4.0,3.5491525423728816,0.5508322278939949,1.8349773629085333,15.848669484742977,1.1825331640178873
4.271186440677966,3.5491525423728816,0.8817895498038221,2.864134821371987,15.835339948743094,13.398067344712375
4.5423728813559325,3.5491525423728816,1.546665109833665,4.986359229712129,15.80877363472945,80.38732827838358
4.813559322033898,3.5491525423728816,2.8292940556050996,9.425294045697935,15.753990098251384,402.533403249467
5.084745762711864,3.5491525423728816,5.1396351401709435,17.729947192368904,15.644048729191464,1666.669845659732
5.3559322033898304,3.5491525423728816,8.075691827755128,27.803587513536765,15.468175318602114,4357.183959906215
5.627118644067797,3.5491525423728816,11.72296311068435,44.331711425464896,15.130863113955861,11519.574036996208
5.898305084745763,3.5491525423728816,15.531286294525403,73.31389105437015,14.430580914384734,32322.54829112386
6.169491525423728,3.5491525423728816,18.930208044975966,72.86598924805297,13.73657483123893,31921.172620017634
6.4406779661016955,3.5491525423728816,21.844354940471046,45.739963258913136,13.217097974817353,12287.702136261041
6.711864406779661,3.5491525423728816,23.275911577359118,21.29803880908269,12.496939397927841,2474.574677798506
6.983050847457627,3.5491525423728816,22.32826818043803,4.133954647982602,11.511481274589478,46.71567510766045
7.254237288135593,3.5491525423728816,23.337291560617693,3.2303254526412197,10.89382678628203,20.938070391164285
7.525423728813559,3.5491525423728816,23.811196627697935,2.9478387856702386,10.26416798319911,14.973780665156994
7.796610169491526,3.5491525423728816,23.38098441108324,2.6157474231520568,9.58352013751158,9.237761230630415
8.067796610169491,3.5491525423728816,20.63831692068935,2.308039716588441,8.699131133128112,5.1533507931376015
8.338983050847457,3.5491525423728816,13.92918921345582,2.1705875322070485,7.194564632900344,3.711282154955932
8.610169491525424,3.5491525423728816,8.08742235300488,2.0010670162192357,5.4817639738000965,2.258009737416844
8.881355932203391,3.5491525423728816,3.4976749857776794,1.788689481116066,3.6593973533834645,0.9442469545642297
9.152542372881356,3.5491525423728816,1.8783730575689237,1.5764468690724753,2.535074953458791,0.1945843600342455
9.423728813559322,3.5491525423728816,1.6066713992342634,1.3862777549327405,1.9649299126132618,0.0011768750605370285
9.694915254237287,3.5491525423728816,1.3085173647054469,1.1927588117953583,1.4500321528894298,0.2684306880529482
9.966101694915254,3.5491525423728816,1.0000000087585104,0.9999999954285225,0.9999999936696936,1.0000000228573873
10.237288135593221,3.5491525423728816,0.8062877677100474,0.7717376762980748,0.6682335969024965,2.466959671145891
10.508474576271187,3.5491525423728816,0.6282726435663226,0.559802815247683,0.40381600917394606,4.412070682910742
10.779661016949152,3.5491525423728816,0.4573817698682811,0.3756843453211088,0.20321842243176025,6.557641002626534
11.050847457627118,3.5491525423728816,0.3145809571350214,0.23608701445249017,0.0855900508923339,8.466833987038232
11.322033898305085,3.5491525423728816,0.23825106607285454,0.16941631702523396,0.06605357543088043,9.464601255023368
11.593220338983052,3.5491525423728816,0.16909877213867988,0.11326473017991215,0.04910025010758525,10.348047841243586
11.864406779661017,3.5491525423728816,0.10903197458363069,0.0679305425991454,0.03467566930816429,11.09005649587629
12.135593220338983,3.5491525423728816,0.06132023987483994,0.03555530292499218,0.023074016894593364,11.635683321100682
12.40677966101695,3.5491525423728816,0.03014417489036626,0.01649613878142549,0.014116550645002848,11.9630183375419
12.677966101694915,3.5491525423728816,0.011593274532734751,0.005859895582683849,0.007380253828288084,12.14766644215453
12.94915254237288,3.5491525423728816,0.002354536548151682,0.0009830797637849077,0.002825231050113384,12.23280214442015
13.220338983050848,3.5491525423728816,0.0011330047138254553,0.0004213343804138232,0.0016917313757148058,12.242627757859383
13.491525423728813,3.5491525423728816,0.0007830709455919112,0.0002812352335899909,0.0011498198888154005,12.245078877745026
13.76271186440678,3.5491525423728816,0.00048734184181514794,0.00016730302549101554,0.0007137996980494446,12.247072371993294
14.033898305084746,3.5491525423728816,0.00026857829305102507,8.737726677802927e-05,0.0003962316033240431,12.248470945548801
14.305084745762711,3.5491525423728816,0.00018869836721198828,6.467144694855525e-05,0.00024357922073863045,12.248868275818372
14.576271186440678,3.5491525423728816,0.00012080568785103567,4.50410314644057e-05,0.00012811817291411506,12.249211794628712
14.847457627118644,3.5491525423728816,6.64090257104112e-05,2.8676511687263017e-05,4.9512812839438644e-05,12.249498166185111
15.11864406779661,3.5491525423728816,3.641960079036678e-05,1.787191780152956e-05,1.845418177886773e-05,12.249687243434755
15.389830508474576,3.5491525423728816,2.43132869997623e-05,1.1636329319652348e-05,1.2455138037897504e-05,12.24979636508318
15.661016949152541,3.5491525423728816,1.4354895100191204e-05,6.65915470719292e-06,1.192804304061909e-05,12.249883465069775
15.932203389830509,3.5491525423728816,6.8400624527961395e-06,3.0003958011805358e-06,1.1928043050220742e-05,12.249947493129742
16.203389830508474,3.5491525423728816,4.045799577157357e-06,1.706507799762156e-06,1.192804305361629e-05,12.249970136131703
16.474576271186443,3.5491525423728816,2.5285640133287187e-06,1.0502659829854758e-06,1.1928043055338471e-05,12.24998162035219
16.74576271186441,3.5491525423728816,1.3464903165343916e-06,5.390699427511732e-07,1.1928043056680005e-05,12.249990566277816
17.016949152542374,3.5491525423728816,1.3067310445145527e-06,1.9979941749681612e-07,1.1928043057570311e-05,12.249996503510442
17.28813559322034,3.5491525423728816,1.306731044541768e-06,1.0513064398819302e-07,1.1928043057818738e-05,12.249998160213798
17.559322033898304,3.5491525423728816,1.3067310445512745e-06,7.206267661724627e-08,1.1928043057905513e-05,12.249998738903187
17.83050847457627,3.5491525423728816,1.3067310445512745e-06,7.206267661724627e-08,1.1928043057905513e-05,12.249998738903187
18.101694915254235,3.5491525423728816,1.3067310445512745e-06,7.206267661724627e-08,1.1928043057905513e-05,12.249998738903187
18.372881355932204,3.5491525423728816,1.3067310445512745e-06,7.206267661724627e-08,1.1928043057905513e-05,12.249998738903187
18.64406779661017,3.5491525423728816,1.3067310445512745e-06,7.206267661724627e-08,1.1928043057905513e-05,12.249998738903187
18.915254237288135,3.5491525423728816,1.3067310445512745e-06,7.206267661724627e-08,1.1928043057905513e-05,12.249998738903187
19.186440677966104,3.5491525423728816,1.3067310445512745e-06,7.206267661724627e-08,1.1928043057905513e-05,12.249998738903187
19.45762711864407,3.5491525423728816,1.3067310445512745e-06,7.206267661724627e-08,1.1928043057905513e-05,12.249998738903187
19.728813559322035,3.5491525423728816,1.3067310445512745e-06,7.206267661724627e-08,1.1928043057905513e-05,12.249998738903187
20.0,3.5491525423728816,1.3067310445512745e-06,7.206267661724627e-08,1.1928043057905513e-05,12.249998738903187
4.0,3.613559322033898,0.5557420395128874,1.8431134326829224,15.848585688935122,1.2271844639002676
4.271186440677966,3.613559322033898,0.8852330774358131,2.8694049022649883,15.83528400867697,13.494692292502375
4.5423728813559325,3.613559322033898,1.5492103593407547,4.989976943502797,15.808733736285001,80.54959034301054
4.813559322033898,3.613559322033898,2.831298368627676,9.428040995723011,15.753958420287324,402.8090139313082
5.084745762711864,3.613559322033898,5.1411263517883885,17.73192249717205,15.644023893065306,1667.0730778352158
5.3559322033898304,3.613559322033898,8.076653634765083,27.804774375117614,15.468157343801524,4357.5756862554235
5.627118644067797,3.613559322033898,11.723538843484036,44.332435859963915,15.130849567395432,11519.962805436971
5.898305084745763,3.613559322033898,15.531610129567412,73.31435352142606,14.430569890234997,32322.96401502902
6.169491525423728,3.613559322033898,18.930370519807543,72.8661598080309,13.736568139413837,31921.32498566881
6.4406779661016955,3.613559322033898,21.844433214033568,45.74000361908156,13.217094472138411,12287.724505876038
6.711864406779661,3.613559322033898,23.275946605722556,21.298045713931963,12.496937537660363,2474.5763952107886
6.983050847457627,3.613559322033898,22.328282717674426,4.133955125532783,11.511480263308608,46.71569142766858
7.254237288135593,3.613559322033898,23.337298034364803,3.230325585401435,10.89382630344094,20.938073428594407
7.525423728813559,3.613559322033898,23.81119947038256,2.9478388272206484,10.264167754505456,14.973781469073701
7.796610169491526,3.613559322033898,23.380985623655384,2.6157474347989282,9.583520029482672,9.237761407626088
8.067796610169491,3.613559322033898,20.63831739951711,2.308039719113108,8.699131080666142,5.153350821793828
8.338983050847457,3.613559322033898,13.929189351056204,2.170587531870083,7.194564608825673,3.7112821517101637
8.610169491525424,3.613559322033898,8.087422385130173,2.0010670155436787,5.481763963971473,2.2580097323411565
8.881355932203391,3.613559322033898,3.497674991514782,1.7886894809163478,3.659397349101241,0.944246953593875
9.152542372881356,3.613559322033898,1.8783730587161538,1.5764468688216922,2.5350749523447784,0.1945843594811217
9.423728813559322,3.613559322033898,1.6066714019251478,1.386277753248984,1.9649299120187544,0.0011768753493485323
9.694915254237287,3.613559322033898,1.3085173637357337,1.192758812227909,1.450032153881375,0.2684306869324192
9.966101694915254,3.613559322033898,1.0000000085752376,0.9999999938972409,0.999999997362207,1.0000000305137948
10.237288135593221,3.613559322033898,0.8062877663077341,0.7717376790363512,0.6682335937763257,2.466959649641442
10.508474576271187,3.613559322033898,0.6282726417734817,0.5598028188863716,0.40381600473151985,4.412070644695545
10.779661016949152,3.613559322033898,0.45738175840686124,0.3756843499277551,0.20321842861670325,6.557640943643284
11.050847457627118,3.613559322033898,0.3145809672474572,0.23608700806832927,0.08559005169190347,8.466834079920831
11.322033898305085,3.613559322033898,0.23825103684088267,0.16941633333707345,0.06605357850353263,9.464601004109825
11.593220338983052,3.613559322033898,0.16909876371057614,0.11326473652098815,0.04910024807323354,10.34804773925251
11.864406779661017,3.613559322033898,0.10903194207905113,0.06793056490359474,0.0346756638617969,11.090056124487848
12.135593220338983,3.613559322033898,0.06132023660723217,0.03555529345529171,0.023074035805341855,11.635683482611718
12.40677966101695,3.613559322033898,0.030144201635983903,0.016496129179383298,0.014116534343710511,11.963018503597684
12.677966101694915,3.613559322033898,0.011593256668384391,0.0058599027736415945,0.007380258326652236,12.147666316839496
12.94915254237288,3.613559322033898,0.0023545371684053685,0.0009830790800598895,0.002825234388050382,12.232802156376936
13.220338983050848,3.613559322033898,0.0011329975475788555,0.0004213365901545985,0.0016917358518730218,12.242627719200556
13.491525423728813,3.613559322033898,0.0007830665239340382,0.0002812379234974058,0.0011498066095357005,12.245078830681104
13.76271186440678,3.613559322033898,0.0004873466287690549,0.00016730068521220024,0.000713810219997818,12.24707241294328
14.033898305084746,3.613559322033898,0.0002685917102688263,8.737377093492594e-05,0.000396216363901387,12.248471006722237
14.305084745762711,3.613559322033898,0.00018869840290310823,6.467016637342654e-05,0.0002435875731407506,12.248868298227404
14.576271186440678,3.613559322033898,0.0001208032674735026,4.504110790168143e-05,0.00012812280181784814,12.249211793291105
14.847457627118644,3.613559322033898,6.641634830130988e-05,2.8671398245754828e-05,4.952517813304767e-05,12.249498255668502
15.11864406779661,3.613559322033898,3.6425015835042503e-05,1.7867628200853892e-05,1.8456160482883236e-05,12.249687318501808
15.389830508474576,3.613559322033898,2.4298039409196254e-05,1.1639589052980226e-05,1.2470311674094247e-05,12.24979630803832
15.661016949152541,3.613559322033898,1.435026628095815e-05,6.661465804517141e-06,1.1928043040613025e-05,12.24988342462576
15.932203389830509,3.613559322033898,6.830201414212625e-06,3.0039991436261195e-06,1.1928043050211287e-05,12.249947430071384
16.203389830508474,3.613559322033898,4.032308795939465e-06,1.7110896143583346e-06,1.1928043053604268e-05,12.249970055950044
16.474576271186443,3.613559322033898,2.530674394865083e-06,1.0496739636378024e-06,1.1928043055340023e-05,12.24998163071252
16.74576271186441,3.613559322033898,1.3355173656683733e-06,5.458413963090587e-07,1.1928043056662236e-05,12.249990447777424
17.016949152542374,3.613559322033898,1.3067310445145643e-06,1.9975847934416042e-07,1.1928043057570418e-05,12.249996504226859
17.28813559322034,3.613559322033898,1.3067310445421012e-06,1.0397196639325106e-07,1.1928043057821778e-05,12.249998180490653
17.559322033898304,3.613559322033898,1.3067310445512745e-06,7.206267661724627e-08,1.1928043057905513e-05,12.249998738903187
17.83050847457627,3.613559322033898,1.3067310445512745e-06,7.206267661724627e-08,1.1928043057905513e-05,12.249998738903187
18.101694915254235,3.613559322033898,1.3067310445512745e-06,7.206267661724627e-08,1.1928043057905513e-05,12.249998738903187
18.372881355932204,3.613559322033898,1.3067310445512745e-06,7.206267661724627e-08,1.1928043057905513e-05,12.249998738903187
18.64406779661017,3.613559322033898,1.3067310445512745e-06,7.206267661724627e-08,1.1928043057905513e-05,12.249998738903187
18.915254237288135,3.613559322033898,1.3067310445512745e-06,7.206267661724627e-08,1.1928043057905513e-05,12.249998738903187
19.186440677966104,3.613559322033898,1.3067310445512745e-06,7.206267661724627e-08,1.1928043057905513e-05,12.249998738903187
19.45762711864407,3.613559322033898,1.3067310445512745e-06,7.206267661724627e-08,1.1928043057905513e-05,12.249998738903187
19.728813559322035,3.613559322033898,1.3067310445512745e-06,7.206267661724627e-08,1.1928043057905513e-05,12.249998738903187
20.0,3.613559322033898,1.3067310445512745e-06,7.206267661724627e-08,1.1928043057905513e-05,12.249998738903187
4.0,3.6779661016949152,0.5606855639390066,1.8512608925458767,15.84850174911985,1.2727274571331333
4.271186440677966,3.6779661016949152,0.8886871407463133,2.874678153634612,15.835228023743104,13.591722855044926
4.5423728813559325,3.6779661016949152,1.5517588764160033,4.9935953788479,15.80869382497536,80.71204841798112
4.813559322033898,3.6779661016949152,2.8333037716125506,9.430788093505194,15.75392673828861,403.08473376740494
5.084745762711864,3.6779661016949152,5.1426178874885995,17.73389781573234,15.643999055768333,1667.4763615924112
5.3559322033898304,3.6779661016949152,8.07761552480986,27.805961231807345,15.468139368685758,4357.967428598203
5.627118644067797,3.6779661016949152,11.724114595897598,44.33316029064233,15.130836020752172,11520.351578387423
5.898305084745763,3.6779661016949152,15.531933969000702,73.31481598639684,14.430558866066534,32323.379739733235
6.169491525423728,3.6779661016949152,18.93053299548914,72.86633036749745,13.736561447586224,31921.4773512268
6.4406779661016955,3.6779661016949152,21.844511487735687,45.740043979132075,13.217090969461397,12287.746875446042
6.711864406779661,3.6779661016949152,23.27598163407412,21.298052618744855,12.49693567739687,2474.578112614619
6.983050847457627,3.6779661016949152,22.328297254823777,4.133955603095938,11.511479252025852,46.71570774812296
7.254237288135593,3.6779661016949152,23.33730450799593,3.2303257181709712,10.893825820600927,20.938076466238005
7.525423728813559,3.6779661016949152,23.811202313370888,2.947838868765612,10.264167525796084,14.973782272885058
7.796610169491526,3.6779661016949152,23.380986836392093,2.615747446425387,9.583519921459372,9.23776158431156
8.067796610169491,3.6779661016949152,20.638317879548335,2.308039721411421,8.699131028385125,5.153350847880821
8.338983050847457,3.6779661016949152,13.929189488827308,2.1705875313549,7.194564584982541,3.7112821467477435
8.610169491525424,3.6779661016949152,8.087422420307837,2.001067014517557,5.48176395375865,2.2580097246315565
8.881355932203391,3.6779661016949152,3.4976749976650936,1.7886894802010718,3.6593973456115267,0.9442469501186215
9.152542372881356,3.6779661016949152,1.8783730602921531,1.5764468689732651,2.5350749497729046,0.1945843598154289
9.423728813559322,3.6779661016949152,1.606671400289972,1.3862777535866624,1.9649299140275245,0.0011768752914272159
9.694915254237287,3.6779661016949152,1.308517363726923,1.1927588134902494,1.4500321510965648,0.26843068366230755
9.966101694915254,3.6779661016949152,1.0000000120917714,0.9999999945191335,0.9999999898659743,1.0000000274043324
10.237288135593221,3.6779661016949152,0.8062877676569684,0.7717376742692204,0.6682336012816826,2.466959687079051
10.508474576271187,3.6779661016949152,0.6282726377154703,0.5598028203233651,0.40381600833847414,4.412070629603569
10.779661016949152,3.6779661016949152,0.4573817744510083,0.3756843387076001,0.20321842644938345,6.557641087305538
11.050847457627118,3.6779661016949152,0.31458097272311164,0.23608700212322484,0.08559005278918318,8.466834166415635
11.322033898305085,3.6779661016949152,0.23825105328906213,0.16941632042545435,0.06605358124340062,9.464601202720173
11.593220338983052,3.6779661016949152,0.16909878992652455,0.1132647266613448,0.04910023918339501,10.348047897836896
11.864406779661017,3.6779661016949152,0.10903196925077734,0.06793054099160536,0.03467567420097654,11.09005652264323
12.135593220338983,3.6779661016949152,0.06132024376375144,0.03555529029511057,0.02307403413843475,11.635683536510372
12.40677966101695,3.6779661016949152,0.030144183238077254,0.016496131505330344,0.01411655553986991,11.963018463373224
12.677966101694915,3.6779661016949152,0.011593240584204184,0.005859910296304155,0.007380263402422915,12.147666185743928
12.94915254237288,3.6779661016949152,0.0023545373832018855,0.0009830782600613185,0.0028252371486411623,12.232802170716834
13.220338983050848,3.6779661016949152,0.0011330048549587526,0.00042133362706685273,0.0016917396919070775,12.242627771038986
13.491525423728813,3.6779661016949152,0.0007830670003300636,0.0002812361628137545,0.0011498251458783766,12.245078861486876
13.76271186440678,3.6779661016949152,0.0004873420826191723,0.00016730230284816235,0.0007138094447390903,12.247072384638034
14.033898305084746,3.6779661016949152,0.0002685834868081409,8.737593790048564e-05,0.00039622641407051394,12.248470968802705
14.305084745762711,3.6779661016949152,0.00018870067682683303,6.466917552450026e-05,0.00024359617484572669,12.24886831556646
14.576271186440678,3.6779661016949152,0.00012080699534343743,4.5042830990648716e-05,0.0001281032557850221,12.249211763138016
14.847457627118644,3.6779661016949152,6.641015350671669e-05,2.867290026290875e-05,4.952856407724917e-05,12.24949822938374
15.11864406779661,3.6779661016949152,3.6420616971512034e-05,1.7871191061265634e-05,1.8453193463306957e-05,12.249687256152548
15.389830508474576,3.6779661016949152,2.430449733177098e-05,1.1637680845968597e-05,1.246418405452545e-05,12.249796341431667
15.661016949152541,3.6779661016949152,1.437746114773211e-05,6.648185217869377e-06,1.1928043040647874e-05,12.249883657034925
15.932203389830509,3.6779661016949152,6.836539941123336e-06,3.0021306477398904e-06,1.192804305021619e-05,12.249947462769995
16.203389830508474,3.6779661016949152,4.034939552467612e-06,1.7098041996799733e-06,1.192804305360764e-05,12.249970078444774
16.474576271186443,3.6779661016949152,2.532709112184652e-06,1.0491035617828759e-06,1.192804305534152e-05,12.249981640694546
16.74576271186441,3.6779661016949152,1.348260346924732e-06,5.386312657650597e-07,1.1928043056681157e-05,12.249990573954658
17.016949152542374,3.6779661016949152,1.3067310445136142e-06,2.0306355005053497e-07,1.1928043057561746e-05,12.24999644638813
17.28813559322034,3.6779661016949152,1.3067310445417973e-06,1.0502884755745642e-07,1.1928043057819005e-05,12.249998161995231
17.559322033898304,3.6779661016949152,1.3067310445512745e-06,7.206267661724627e-08,1.1928043057905513e-05,12.249998738903187
17.83050847457627,3.6779661016949152,1.3067310445512745e-06,7.206267661724627e-08,1.1928043057905513e-05,12.249998738903187
18.101694915254235,3.6779661016949152,1.3067310445512745e-06,7.206267661724627e-08,1.1928043057905513e-05,12.249998738903187
18.372881355932204,3.6779661016949152,1.3067310445512745e-06,7.206267661724627e-08,1.1928043057905513e-05,12.249998738903187
18.64406779661017,3.6779661016949152,1.3067310445512745e-06,7.206267661724627e-08,1.1928043057905513e-05,12.249998738903187
18.915254237288135,3.6779661016949152,1.3067310445512745e-06,7.206267661724627e-08,1.1928043057905513e-05,12.249998738903187
19.186440677966104,3.6779661016949152,1.3067310445512745e-06,7.206267661724627e-08,1.1928043057905513e-05,12.249998738903187
19.45762711864407,3.6779661016949152,1.3067310445512745e-06,7.206267661724627e-08,1.1928043057905513e-05,12.249998738903187
19.728813559322035,3.6779661016949152,1.3067310445512745e-06,7.206267661724627e-08,1.1928043057905513e-05,12.249998738903187
20.0,3.6779661016949152,1.3067310445512745e-06,7.206267661724627e-08,1.1928043057905513e-05,12.249998738903187
4.0,3.7423728813559323,0.5656629293377045,1.8594195944140577,15.848417666562138,1.3191647733223582
4.271186440677966,3.7423728813559323,0.8921517585025069,2.879954558326382,15.835171994078411,13.68915934194398
4.5423728813559325,3.7423728813559323,1.554310663427778,4.997214533569787,15.808653900817287,80.87470250328562
4.813559322033898,3.7423728813559323,2.8353102648664743,9.433535338712549,15.753895052257825,403.36056273964584
5.084745762711864,3.7423728813559323,5.144109747302742,17.7358731480055,15.643974217300922,1667.8796969232942
5.3559322033898304,3.7423728813559323,8.078577497893072,27.807148083599753,15.468121393254872,4358.359186932288
5.627118644067797,3.7423728813559323,11.72469036792099,44.333884717499394,15.130822474026136,11520.740355847049
5.898305084745763,3.7423728813559323,15.53225781282409,73.31527844929857,14.430547841879163,32323.79546525092
6.169491525423728,3.7423728813559323,18.930695471996977,72.86650092645837,13.736554755756524,31921.629716696716
6.4406779661016955,3.7423728813559323,21.844589761597412,45.74008433917413,13.217087466782171,12287.769245031719
6.711864406779661,3.7423728813559323,23.27601666243725,21.2980595236051,12.496933817129515,2474.579830030823
6.983050847457627,3.7423728813559323,22.328311792134574,4.133956080656377,11.511478240735727,46.71572406848737
7.254237288135593,3.7423728813559323,23.337310981877813,3.2303258509413455,10.893825337744282,20.938079503900997
7.525423728813559,3.7423728813559323,23.811205156178726,2.947838910313224,10.26416729709902,14.973783076747678
7.796610169491526,3.7423728813559323,23.380988050183653,2.6157474580181312,9.58351981338881,9.237761760484675
8.067796610169491,3.7423728813559323,20.638318359146663,2.3080397239013912,8.69913097589598,5.153350876143217
8.338983050847457,3.7423728813559323,13.929189626389261,2.170587530861206,7.194564561167334,3.711282141992313
8.610169491525424,3.7423728813559323,8.087422454360828,2.0010670134461477,5.481763943968171,2.2580097165816975
8.881355932203391,3.7423728813559323,3.497675003128647,1.788689479555749,3.6593973424517863,0.9442469469832447
9.152542372881356,3.7423728813559323,1.8783730620281713,1.5764468679101944,2.5350749496718525,0.19458435747073513
9.423728813559322,3.7423728813559323,1.6066714017560573,1.3862777534357267,1.9649299120667278,0.0011768753173169283
9.694915254237287,3.7423728813559323,1.3085173646316517,1.1927588114745877,1.450032154106736,0.268430688883909
9.966101694915254,3.7423728813559323,1.000000011842651,0.9999999930414188,0.9999999934820626,1.0000000347929052
10.237288135593221,3.7423728813559323,0.8062877663021474,0.7717376769465442,0.6682335981863488,2.4669596660532793
10.508474576271187,3.7423728813559323,0.628272636085033,0.5598028237494553,0.40381600406333584,4.412070593621179
10.779661016949152,3.7423728813559323,0.45738176330536695,0.375684343269621,0.20321843235235845,6.557641028893669
11.050847457627118,3.7423728813559323,0.3145809627683788,0.23608700535200539,0.08559005685703286,8.466834119440389
11.322033898305085,3.7423728813559323,0.23825105782813225,0.16941632748394436,0.06605357031078753,9.46460109414439
11.593220338983052,3.7423728813559323,0.16909877479642085,0.11326472836635977,0.0491002496393784,10.348047870413112
11.864406779661017,3.7423728813559323,0.10903196996164177,0.06793053981893024,0.03467567606631591,11.090056542169288
12.135593220338983,3.7423728813559323,0.06132025051880791,0.035555287153751614,0.02307403247052757,11.635683590088004
12.40677966101695,3.7423728813559323,0.030144201303694187,0.016496118191368755,0.01411656269112846,11.96301869362219
12.677966101694915,3.7423728813559323,0.011593267896833001,0.005859895857398368,0.007380266958729412,12.14766643736715
12.94915254237288,3.7423728813559323,0.0023545318329070896,0.0009830812841248808,0.002825232905480378,12.23280211783288
13.220338983050848,3.7423728813559323,0.0011329982689701277,0.0004213358986659133,0.0016917443725996296,12.242627731297965
13.491525423728813,3.7423728813559323,0.000783062756594392,0.00028123872899021087,0.0011498121712173663,12.245078816587814
13.76271186440678,3.7423728813559323,0.00048733768963987885,0.0001673038636910644,0.0007138086913295785,12.247072357326546
14.033898305084746,3.7423728813559323,0.0002685866245488735,8.737532151517123e-05,0.0003962238347945786,12.248470979588776
14.305084745762711,3.7423728813559323,0.00018870067160860164,6.466797808622366e-05,0.00024360394866604536,12.248868336520658
14.576271186440678,3.7423728813559323,0.0001208011775123453,4.50415844216702e-05,0.00012813219435515842,12.24921178495227
14.847457627118644,3.7423728813559323,6.642061767651762e-05,2.8669498283133155e-05,4.952345181794461e-05,12.249498288917168
15.11864406779661,3.7423728813559323,3.6426514760114715e-05,1.786739913649158e-05,1.845546891528987e-05,12.249687322510384
15.389830508474576,3.7423728813559323,2.430760165497609e-05,1.163433916385648e-05,1.2471757769965904e-05,12.249796399910615
15.661016949152541,3.7423728813559323,1.4376680673272415e-05,6.652492309336545e-06,1.1928043040636573e-05,12.249883581661184
15.932203389830509,3.7423728813559323,6.827080556327561e-06,3.0055814790776517e-06,1.1928043050207135e-05,12.249947402380574
16.203389830508474,3.7423728813559323,4.027276239080149e-06,1.7158992053532154e-06,1.1928043053591645e-05,12.249969971782306
16.474576271186443,3.7423728813559323,2.5346721623788762e-06,1.0485536146714842e-06,1.1928043055342964e-05,12.249981650318613
16.74576271186441,3.7423728813559323,1.3493793975476522e-06,5.383541655262817e-07,1.1928043056681884e-05,12.249990578803912
17.016949152542374,3.7423728813559323,1.3067310445133647e-06,2.0393136929909598e-07,1.1928043057559468e-05,12.249996431201293
17.28813559322034,3.7423728813559323,1.3067310445418248e-06,1.0493354762366893e-07,1.1928043057819256e-05,12.249998163662983
17.559322033898304,3.7423728813559323,1.3067310445512745e-06,7.206267661724627e-08,1.1928043057905513e-05,12.249998738903187
17.83050847457627,3.7423728813559323,1.3067310445512745e-06,7.206267661724627e-08,1.1928043057905513e-05,12.249998738903187
18.101694915254235,3.7423728813559323,1.3067310445512745e-06,7.206267661724627e-08,1.1928043057905513e-05,12.249998738903187
18.372881355932204,3.7423728813559323,1.3067310445512745e-06,7.206267661724627e-08,1.1928043057905513e-05,12.249998738903187
18.64406779661017,3.7423728813559323,1.3067310445512745e-06,7.206267661724627e-08,1.1928043057905513e-05,12.249998738903187
18.915254237288135,3.7423728813559323,1.3067310445512745e-06,7.206267661724627e-08,1.1928043057905513e-05,12.249998738903187
19.186440677966104,3.7423728813559323,1.3067310445512745e-06,7.206267661724627e-08,1.1928043057905513e-05,12.249998738903187
19.45762711864407,3.7423728813559323,1.3067310445512745e-06,7.206267661724627e-08,1.1928043057905513e-05,12.249998738903187
19.728813559322035,3.7423728813559323,1.3067310445512745e-06,7.206267661724627e-08,1.1928043057905513e-05,12.249998738903187
20.0,3.7423728813559323,1.3067310445512745e-06,7.206267661724627e-08,1.1928043057905513e-05,12.249998738903187
4.0,3.8067796610169493,0.5706742634579771,1.8675893896752407,15.848333442531882,1.366498983355401
4.271186440677966,3.8067796610169493,0.895626949450591,2.885234099155109,15.835115919820124,13.787002058081804
4.5423728813559325,3.8067796610169493,1.5568657227429485,5.000834405489488,15.808613963827556,81.03755259848023
4.813559322033898,3.8067796610169493,2.837317848695761,9.43628273101286,15.753863362197546,403.63650082984674
5.084745762711864,3.8067796610169493,5.145601931262219,17.737848493948118,15.643949377663432,1668.2830838200175
5.3559322033898304,3.8067796610169493,8.079539554016913,27.80833493049116,15.468103417508903,4358.750961256248
5.627118644067797,3.8067796610169493,11.72526615955895,44.33460914053789,15.130808927217249,11521.129137817248
5.898305084745763,3.8067796610169493,15.532581661044341,73.31574091012219,14.430536817672886,32324.21119157388
6.169491525423728,3.8067796610169493,18.930857949353474,72.86667148492266,13.736548063924046,31921.782082086604
6.4406779661016955,3.8067796610169493,21.844668035616042,45.74012469913245,13.217083964103358,12287.791614591348
6.711864406779661,3.8067796610169493,23.276051690875843,21.29806642840845,12.496931956864625,2474.5815474334713
6.983050847457627,3.8067796610169493,22.32832632932529,4.133956558209575,11.511477229456084,46.71574038860715
7.254237288135593,3.8067796610169493,23.337317455432963,3.2303259837059586,10.893824854911674,20.938082541432404
7.525423728813559,3.8067796610169493,23.811207999012797,2.947838951887797,10.264167068375475,14.973783881131961
7.796610169491526,3.8067796610169493,23.380989263216232,2.615747469607866,9.58351970537961,9.23776193661206
8.067796610169491,3.8067796610169493,20.638318840514444,2.3080397262446053,8.699130923413628,5.153350902739862
8.338983050847457,3.8067796610169493,13.929189766286866,2.170587530432706,7.194564536786839,3.711282137864855
8.610169491525424,3.8067796610169493,8.087422488786798,2.001067012511583,5.481763933829163,2.258009709559996
8.881355932203391,3.8067796610169493,3.4976750104975216,1.7886894789094656,3.6593973378137603,0.9442469438431998
9.152542372881356,3.8067796610169493,1.8783730641230236,1.5764468672335517,2.535074948080079,0.19458435597834148
9.423728813559322,3.8067796610169493,1.6066714008123417,1.3862777543052198,1.9649299116114132,0.0011768751681744418
9.694915254237287,3.8067796610169493,1.3085173646087205,1.1927588127076314,1.4500321514131638,0.26843068568969103
9.966101694915254,3.8067796610169493,1.0000000129406137,0.9999999929523614,0.9999999921116282,1.0000000352381926
10.237288135593221,3.8067796610169493,0.8062877694919598,0.7717376741813967,0.668233598924253,2.4669596877687545
10.508474576271187,3.8067796610169493,0.6282726430016808,0.5598028189565002,0.40381600315997235,4.412070643959021
10.779661016949152,3.8067796610169493,0.45738176994547225,0.375684342139743,0.20321842629491912,6.557641043360569
11.050847457627118,3.8067796610169493,0.31458095668034275,0.23608701112061478,0.08559005471338046,8.466834035513395
11.322033898305085,3.8067796610169493,0.2382510465542688,0.16941632728170664,0.06605357784285174,9.46460109725527
11.593220338983052,3.8067796610169493,0.16909876675113533,0.11326473441626565,0.04910024771620568,10.348047773105268
11.864406779661017,3.8067796610169493,0.10903197063940534,0.06793053868029965,0.034675677865658755,11.090056561128474
12.135593220338983,3.8067796610169493,0.06132023086782562,0.03555530521340704,0.023074021008813204,11.63568328207049
12.40677966101695,3.8067796610169493,0.030144203899946643,0.01649612835972592,0.014116536549269386,11.963018517772671
12.677966101694915,3.8067796610169493,0.011593251153814887,0.005859902730435091,0.007380271071756402,12.147666317592446
12.94915254237288,3.8067796610169493,0.0023545325014523184,0.0009830806093811197,0.002825236042607715,12.232802129632606
13.220338983050848,3.8067796610169493,0.0011329985646823873,0.000421335761995593,0.0016917398615976366,12.242627733688979
13.491525423728813,3.8067796610169493,0.000783065826194702,0.0002812379285042378,0.001149810163309602,12.245078830593503
13.76271186440678,3.8067796610169493,0.0004873447538311949,0.00016730246905753923,0.0007137955791402937,12.247072381729716
14.033898305084746,3.8067796610169493,0.00026858785946642396,8.737454616328926e-05,0.0003962208831240153,12.248470993156584
14.305084745762711,3.8067796610169493,0.0001887057828503705,6.466806974953855e-05,0.00024358689091974679,12.248868334916624
14.576271186440678,3.8067796610169493,0.00012081465873073768,4.5037161677124206e-05,0.00012812358993111484,12.249211862347808
14.847457627118644,3.8067796610169493,6.641464536523263e-05,2.867101837186567e-05,4.952681606315535e-05,12.249498262316159
15.11864406779661,3.8067796610169493,3.643220825779995e-05,1.7863733063173455e-05,1.845766484946719e-05,12.249687386665846
15.389830508474576,3.8067796610169493,2.4313584444208672e-05,1.1632538775187287e-05,1.246576364276163e-05,12.249796431417158
15.661016949152541,3.8067796610169493,1.437191405978197e-05,6.654797890615821e-06,1.1928043040630521e-05,12.249883541313702
15.932203389830509,3.8067796610169493,6.83325704049307e-06,3.003748339194736e-06,1.1928043050211945e-05,12.249947434460452
16.203389830508474,3.8067796610169493,4.030683763427728e-06,1.7149095476203372e-06,1.1928043053594242e-05,12.249969989101293
16.474576271186443,3.8067796610169493,2.5365672659053217e-06,1.0480230414700258e-06,1.1928043055344356e-05,12.249981659603636
16.74576271186441,3.8067796610169493,1.338102789131349e-06,5.444511205399865e-07,1.1928043056665885e-05,12.249990472107239
17.016949152542374,3.8067796610169493,1.3067310445133978e-06,2.0381653318007969e-07,1.1928043057559769e-05,12.249996433210924
17.28813559322034,3.8067796610169493,1.3067310445418248e-06,1.0493354762366893e-07,1.1928043057819256e-05,12.249998163662983
17.559322033898304,3.8067796610169493,1.3067310445512745e-06,7.206267661724627e-08,1.1928043057905513e-05,12.249998738903187
17.83050847457627,3.8067796610169493,1.3067310445512745e-06,7.206267661724627e-08,1.1928043057905513e-05,12.249998738903187
18.101694915254235,3.8067796610169493,1.3067310445512745e-06,7.206267661724627e-08,1.1928043057905513e-05,12.249998738903187
18.372881355932204,3.8067796610169493,1.3067310445512745e-06,7.206267661724627e-08,1.1928043057905513e-05,12.249998738903187
18.64406779661017,3.8067796610169493,1.3067310445512745e-06,7.206267661724627e-08,1.1928043057905513e-05,12.249998738903187
18.915254237288135,3.8067796610169493,1.3067310445512745e-06,7.206267661724627e-08,1.1928043057905513e-05,12.249998738903187
19.186440677966104,3.8067796610169493,1.3067310445512745e-06,7.206267661724627e-08,1.1928043057905513e-05,12.249998738903187
19.45762711864407,3.8067796610169493,1.3067310445512745e-06,7.206267661724627e-08,1.1928043057905513e-05,12.249998738903187
19.728813559322035,3.8067796610169493,1.3067310445512745e-06,7.206267661724627e-08,1.1928043057905513e-05,12.249998738903187
20.0,3.8067796610169493,1.3067310445512745e-06,7.206267661724627e-08,1.1928043057905513e-05,12.249998738903187
4.0,3.8711864406779664,0.5757196936252461,1.8757701291991644,15.848249078303787,1.4147325989886856
4.271186440677966,3.8711864406779664,0.8991127323155144,2.8905167589051097,15.83505980110581,13.885251303606207
4.5423728813559325,3.8711864406779664,1.5594240567267885,5.004454992426688,15.808574014022962,81.20059870268548
4.813559322033898,3.8711864406779664,2.8393265234068807,9.439030270074076,15.753831668110356,403.91254801979534
5.084745762711864,3.8711864406779664,5.147094439397962,17.73982385351597,15.643924536856243,1668.6865222745591
5.3559322033898304,3.8711864406779664,8.080501693182349,27.8095217724767,15.468085441447913,4359.142751568255
5.627118644067797,3.8711864406779664,11.725841970805718,44.33533355975264,15.130795380325626,11521.517924295133
5.898305084745763,3.8711864406779664,15.532905513647352,73.31620336885501,14.430525793448098,32324.6269186907
6.169491525423728,3.8711864406779664,18.93102042753088,72.8668420429004,13.736541372089297,31921.934447405474
6.4406779661016955,3.8711864406779664,21.84474630977316,45.74016505900349,13.217080461425438,12287.81398412296
6.711864406779661,3.8711864406779664,23.27608671925238,21.29807333321328,12.496930096602489,2474.5832648370842
6.983050847457627,3.8711864406779664,22.32834086661851,4.133957035763076,11.511476218171062,46.715756708740145
7.254237288135593,3.8711864406779664,23.33732392911494,3.23032611647589,10.89382437206829,20.93808557908571
7.525423728813559,3.8711864406779664,23.811210841730777,2.947838993431131,10.264166839687178,14.973784684911857
7.796610169491526,3.8711864406779664,23.38099047579697,2.6157474812967485,9.583519597303264,9.237762114246175
8.067796610169491,3.8711864406779664,20.638319319633386,2.3080397286328296,8.699130871115218,5.1533509298473925
8.338983050847457,3.8711864406779664,13.92918990335523,2.170587529968029,7.194564512999982,3.711282133388924
8.610169491525424,3.8711864406779664,8.087422521627422,2.001067011846626,5.481763923741418,2.25800970456395
8.881355932203391,3.8711864406779664,3.4976750166728294,1.7886894780783842,3.6593973345341757,0.9442469398052923
9.152542372881356,3.8711864406779664,1.878373064737664,1.5764468671637728,2.5350749474809575,0.19458435582443823
9.423728813559322,3.8711864406779664,1.606671402220971,1.3862777541473676,1.9649299097560828,0.0011768751952505212
9.694915254237287,3.8711864406779664,1.3085173653762496,1.1927588106878146,1.4500321542154833,0.26843069092205635
9.966101694915254,3.8711864406779664,1.000000012700962,0.9999999915651875,0.9999999955853315,1.0000000421740625
10.237288135593221,3.8711864406779664,0.8062877681516234,0.7717376767710294,0.668233595971082,2.4669596674316456
10.508474576271187,3.8711864406779664,0.6282726391613909,0.5598028203523319,0.4038160066359293,4.412070629299348
10.779661016949152,3.8711864406779664,0.45738176207218406,0.37568434881450985,0.20321842464045986,6.557640957897216
11.050847457627118,3.8711864406779664,0.31458096965480487,0.23608700786403186,0.08559004943868942,8.466834082893138
11.322033898305085,3.8711864406779664,0.23825106201986734,0.1694163151152798,0.06605358045695661,9.464601284402848
11.593220338983052,3.8711864406779664,0.16909879160799443,0.11326472508375864,0.04910023927602076,10.348047923211093
11.864406779661017,3.8711864406779664,0.10903197908719829,0.06793054243459441,0.034675663894723686,11.090056498616208
12.135593220338983,3.8711864406779664,0.061320229634837624,0.035555297302594366,0.02307403921999129,11.63568341699382
12.40677966101695,3.8711864406779664,0.030144185138032166,0.01649612990210319,0.014116556067917256,11.96301849109911
12.677966101694915,3.8711864406779664,0.011593266146011092,0.005859903166936582,0.007380242604814658,12.147666309985642
12.94915254237288,3.8711864406779664,0.0023545403410543224,0.0009830763841161053,0.002825245770079071,12.232802203522823
13.220338983050848,3.8711864406779664,0.0011330002421303567,0.0004213357365538627,0.0016917356067879898,12.242627734134073
13.491525423728813,3.8711864406779664,0.00078306629315051,0.000281236256593553,0.0011498277194071905,12.24507885984606
13.76271186440678,3.8711864406779664,0.00048733805674326636,0.00016730314926907745,0.0007138176524998639,12.247072369827439
14.033898305084746,3.8711864406779664,0.0002685801105565623,8.7376592086425e-05,0.00039623035655295775,12.248470957355167
14.305084745762711,3.8711864406779664,0.0001886966012532285,6.467145635887401e-05,0.00024358282391287383,12.2488682756537
14.576271186440678,3.8711864406779664,0.00012080179975210403,4.504298857334008e-05,0.00012811673735873508,12.249211760380403
14.847457627118644,3.8711864406779664,6.641441477254947e-05,2.8674262283911126e-05,4.9514244134580194e-05,12.249498205548862
15.11864406779661,3.8711864406779664,3.642798484439636e-05,1.786722025144068e-05,1.845485954428272e-05,12.24968732564083
15.389830508474576,3.8711864406779664,2.4316521773927554e-05,1.1629436658674725e-05,1.2473104055451493e-05,12.249796485703742
15.661016949152541,3.8711864406779664,1.436730718772859e-05,6.657026949186689e-06,1.1928043040624672e-05,12.24988350230536
15.932203389830509,3.8711864406779664,6.834409695194348e-06,3.000344720529421e-06,1.1928043050220876e-05,12.249947494023653
16.203389830508474,3.8711864406779664,4.0339783748480294e-06,1.7139531210917463e-06,1.1928043053596753e-05,12.24997000583874
16.474576271186443,3.8711864406779664,2.5216321787618517e-06,1.0528704627043385e-06,1.1928043055331635e-05,12.249981574773827
16.74576271186441,3.8711864406779664,1.350973851498734e-06,5.379596669994735e-07,1.1928043056682917e-05,12.249990585707632
17.016949152542374,3.8711864406779664,1.3067310445134297e-06,2.0370581832676026e-07,1.192804305756006e-05,12.249996435148434
17.28813559322034,3.8711864406779664,1.3067310445418504e-06,1.0484414154906608e-07,1.192804305781949e-05,12.249998165227588
17.559322033898304,3.8711864406779664,1.3067310445512745e-06,7.206267661724627e-08,1.1928043057905513e-05,12.249998738903187
17.83050847457627,3.8711864406779664,1.3067310445512745e-06,7.206267661724627e-08,1.1928043057905513e-05,12.249998738903187
18.101694915254235,3.8711864406779664,1.3067310445512745e-06,7.206267661724627e-08,1.1928043057905513e-05,12.249998738903187
18.372881355932204,3.8711864406779664,1.3067310445512745e-06,7.206267661724627e-08,1.1928043057905513e-05,12.249998738903187
18.64406779661017,3.8711864406779664,1.3067310445512745e-06,7.206267661724627e-08,1.1928043057905513e-05,12.249998738903187
18.915254237288135,3.8711864406779664,1.3067310445512745e-06,7.206267661724627e-08,1.1928043057905513e-05,12.249998738903187
19.186440677966104,3.8711864406779664,1.3067310445512745e-06,7.206267661724627e-08,1.1928043057905513e-05,12.249998738903187
19.45762711864407,3.8711864406779664,1.3067310445512745e-06,7.206267661724627e-08,1.1928043057905513e-05,12.249998738903187
19.728813559322035,3.8711864406779664,1.3067310445512745e-06,7.206267661724627e-08,1.1928043057905513e-05,12.249998738903187
20.0,3.8711864406779664,1.3067310445512745e-06,7.206267661724627e-08,1.1928043057905513e-05,12.249998738903187
4.0,3.935593220338983,0.580799346734159,1.8839616633484682,15.848164575157305,1.4638680724438504
4.271186440677966,3.935593220338983,0.9026091258008124,2.8958025203304367,15.835003638073335,13.983907373918044
4.5423728813559325,3.935593220338983,1.5619856677431982,5.008076292199814,15.808534051420317,81.36384081458972
4.813559322033898,3.935593220338983,2.841336289306125,9.441777955563863,15.75379996999884,404.1887042912055
5.084745762711864,3.935593220338983,5.148587271741706,17.74179922666591,15.643899694879709,1669.0900122791163
5.3559322033898304,3.935593220338983,8.081463915392913,27.810708609550336,15.468067465071956,4359.534557866101
5.627118644067797,3.935593220338983,11.726417801666928,44.33605797514426,15.130781833351207,11521.90671528093
5.898305084745763,3.935593220338983,15.533229370654254,73.31666582551416,14.430514769204215,32325.042646616723
6.169491525423728,3.935593220338983,18.931182906552593,72.86701260033473,13.736534680252689,31922.086812602516
6.4406779661016955,3.935593220338983,21.844824584096408,45.740205418842685,13.217076958745947,12287.836353657289
6.711864406779661,3.935593220338983,23.276121747733107,21.298080238015935,12.496928236337089,2474.584982240752
6.983050847457627,3.935593220338983,22.32835540383275,4.133957513328629,11.511475206883903,46.715773029287874
7.254237288135593,3.935593220338983,23.33733040280824,3.2303262492499587,10.893823889220435,20.938088616833888
7.525423728813559,3.935593220338983,23.811213684477433,2.9478390350007215,10.264166610973108,14.97378548919978
7.796610169491526,3.935593220338983,23.380991689126965,2.6157474928518516,9.583519489309507,9.237762289847268
8.067796610169491,3.935593220338983,20.638319799212706,2.308039731171081,8.699130818553009,5.153350958657806
8.338983050847457,3.935593220338983,13.929190040228015,2.1705875295190653,7.194564489227666,3.711282129064353
8.610169491525424,3.935593220338983,8.087422556550207,2.001067010668877,5.481763913905774,2.2580096957151237
8.881355932203391,3.935593220338983,3.4976750222190582,1.7886894773302848,3.6593973315874133,0.944246936170563
9.152542372881356,3.935593220338983,1.878373067130208,1.5764468668660916,2.535074944540925,0.19458435516787675
9.423728813559322,3.935593220338983,1.6066714023654796,1.3862777536011848,1.9649299106558913,0.0011768752889362193
9.694915254237287,3.935593220338983,1.3085173653511035,1.1927588119017802,1.4500321516185104,0.2684306877772604
9.966101694915254,3.935593220338983,1.0000000136104834,0.9999999913647455,0.9999999940868729,1.0000000431762723
10.237288135593221,3.935593220338983,0.8062877709867479,0.7717376738886695,0.6682335965387416,2.4669596900676227
10.508474576271187,3.935593220338983,0.628272643653357,0.5598028163513835,0.4038160064974175,4.412070671319167
10.779661016949152,3.935593220338983,0.4573817657381082,0.37568434534987266,0.203218426152004,6.557641002258241
11.050847457627118,3.935593220338983,0.3145809601750839,0.23608701079236166,0.08559005334426155,8.466834040289125
11.322033898305085,3.935593220338983,0.23825103612871046,0.16941633075121046,0.06605358344061489,9.464601043886336
11.593220338983052,3.935593220338983,0.16909877719319477,0.11326472673088227,0.0491002492171453,10.348047896718445
11.864406779661017,3.935593220338983,0.1090319795934363,0.06793054129042575,0.034675665834364,11.09005651766761
12.135593220338983,3.935593220338983,0.06132023479696806,0.035555293335386394,0.023074036989200478,11.635683484656766
12.40677966101695,3.935593220338983,0.030144210888817923,0.0164961219760608,0.01411654164926738,11.96301862817049
12.677966101694915,3.935593220338983,0.011593266022850511,0.005859898182734264,0.00738025719484094,12.147666396844096
12.94915254237288,3.935593220338983,0.002354535017308949,0.0009830792914340186,0.002825241597092025,12.232802152680485
13.220338983050848,3.935593220338983,0.0011329992174575908,0.0004213351315957538,0.0016917478329093474,12.242627744717653
13.491525423728813,3.935593220338983,0.0007830623094488942,0.00028123870966167985,0.0011498153984891406,12.24507881692599
13.76271186440678,3.935593220338983,0.00048734488354824614,0.00016730181193892705,0.0007138048225527163,12.247072393227915
14.033898305084746,3.935593220338983,0.0002685831495399226,8.737599524352675e-05,0.00039622783931190207,12.248470967799262
14.305084745762711,3.935593220338983,0.00018869724693436143,6.46704805823213e-05,0.00024359118800805854,12.248868292729002
14.576271186440678,3.935593220338983,0.000120799645969242,4.504302864299476e-05,0.00012812101607390724,12.249211759679211
14.847457627118644,3.935593220338983,6.642037096584553e-05,2.8669311092630358e-05,4.95250679834509e-05,12.249498292192936
15.11864406779661,3.935593220338983,3.643347285315364e-05,1.786367999678569e-05,1.8456996007773366e-05,12.249687387594498
15.389830508474576,3.935593220338983,2.4310769028125698e-05,1.1635846488962832e-05,1.2461443106342716e-05,12.249796373532645
15.661016949152541,3.935593220338983,1.4362852159425327e-05,6.659183232395049e-06,1.1928043040619015e-05,12.249883464570585
15.932203389830509,3.935593220338983,6.840267893501e-06,2.9986599290282917e-06,1.1928043050225297e-05,12.249947523507437
16.203389830508474,3.935593220338983,4.037159300344593e-06,1.7130256098196645e-06,1.1928043053599187e-05,12.249970022070167
16.474576271186443,3.935593220338983,2.523683808335751e-06,1.0522822858696734e-06,1.1928043055333179e-05,12.249981585066912
16.74576271186441,3.935593220338983,1.3365682815981836e-06,5.424823142875012e-07,1.1928043056671052e-05,12.249990506561337
17.016949152542374,3.935593220338983,1.3067310445133986e-06,2.0381346015933627e-07,1.1928043057559778e-05,12.249996433264704
17.28813559322034,3.935593220338983,1.3067310445418504e-06,1.0484414154906608e-07,1.192804305781949e-05,12.249998165227588
17.559322033898304,3.935593220338983,1.3067310445512745e-06,7.206267661724627e-08,1.1928043057905513e-05,12.249998738903187
17.83050847457627,3.935593220338983,1.3067310445512745e-06,7.206267661724627e-08,1.1928043057905513e-05,12.249998738903187
18.101694915254235,3.935593220338983,1.3067310445512745e-06,7.206267661724627e-08,1.1928043057905513e-05,12.249998738903187
18.372881355932204,3.935593220338983,1.3067310445512745e-06,7.206267661724627e-08,1.1928043057905513e-05,12.249998738903187
18.64406779661017,3.935593220338983,1.3067310445512745e-06,7.206267661724627e-08,1.1928043057905513e-05,12.249998738903187
18.915254237288135,3.935593220338983,1.3067310445512745e-06,7.206267661724627e-08,1.1928043057905513e-05,12.249998738903187
19.186440677966104,3.935593220338983,1.3067310445512745e-06,7.206267661724627e-08,1.1928043057905513e-05,12.249998738903187
19.45762711864407,3.935593220338983,1.3067310445512745e-06,7.206267661724627e-08,1.1928043057905513e-05,12.249998738903187
19.728813559322035,3.935593220338983,1.3067310445512745e-06,7.206267661724627e-08,1.1928043057905513e-05,12.249998738903187
20.0,3.935593220338983,1.3067310445512745e-06,7.206267661724627e-08,1.1928043057905513e-05,12.249998738903187
4.0,4.0,0.585913349241456,1.8921638419896345,15.848079934376548,1.5139077960124876
4.271186440677966,4.0,0.9061161485883449,2.9010913661550997,15.834947430860897,14.082970559658648
4.5423728813559325,4.0,1.5645505581544963,5.0116983026258755,15.80849407603644,81.52727893244142
4.813559322033898,4.0,2.8433471466994016,9.444525787149974,15.753768267865576,404.4649696257556
5.084745762711864,4.0,5.150080428324505,17.743774613353406,15.643874851734218,1669.4935538255954
5.3559322033898304,4.0,8.082426220652033,27.811895441709066,15.468049488381055,4359.926380148576
5.627118644067797,4.0,11.726993652141106,44.33678238671618,15.130768286293971,11522.29551077638
5.898305084745763,4.0,15.53355323204377,73.31712828008988,14.43050374494174,32325.458375343136
6.169491525423728,4.0,18.93134538641645,72.86718315729819,13.736527988413028,31922.239177742525
6.4406779661016955,4.0,21.844902858546586,45.74024577860031,13.217073456067535,12287.858723166766
6.711864406779661,4.0,23.276156776197954,21.298087142824574,12.49692637607247,2474.586699646504
6.983050847457627,4.0,22.3283699410486,4.13395799088551,11.51147419560167,46.71578934954209
7.254237288135593,4.0,23.337336876642148,3.230326382011822,10.893823406372812,20.938091654303033
7.525423728813559,4.0,23.811216527114645,2.9478390765402382,10.264166382292846,14.97378629290586
7.796610169491526,4.0,23.38099290199844,2.615747504502719,9.583519381245482,9.23776246690368
8.067796610169491,4.0,20.638320279032786,2.3080397335281124,8.699130766220302,5.153350985411285
8.338983050847457,4.0,13.929190178640257,2.1705875290207586,7.194564465256074,3.7112821242644913
8.610169491525424,4.0,8.08742259062751,2.0010670099342724,5.481763903496576,2.258009690195793
8.881355932203391,4.0,3.4976750280901117,1.7886894768637303,3.6593973277980134,0.9442469339037523
9.152542372881356,4.0,1.8783730676800394,1.576446866807335,2.5350749440226794,0.19458435503828414
9.423728813559322,4.0,1.606671403704153,1.386277753460111,1.9649299088762027,0.001176875313134341
9.694915254237287,4.0,1.3085173653170206,1.1927588130677684,1.4500321490943695,0.2684306847567507
9.966101694915254,4.0,1.000000011887849,0.9999999947642633,0.9999999900338041,1.0000000261786834
10.237288135593221,4.0,0.806287769665504,0.7717376763996185,0.6682335937190823,2.466959670348439
10.508474576271187,4.0,0.6282726398917802,0.5598028177135038,0.4038160097855469,4.412070657013546
10.779661016949152,4.0,0.45738175818292864,0.375684351755386,0.2032184245517105,6.557640920242395
11.050847457627118,4.0,0.31458095448578877,0.2360870162419255,0.08559005137783418,8.466833961003896
11.322033898305085,4.0,0.2382510553292429,0.16941632181135005,0.06605357724599932,9.464601181401916
11.593220338983052,4.0,0.16909876949764652,0.11326473251468056,0.0491002473935835,10.348047803690728
11.864406779661017,4.0,0.10903198009197294,0.06793054018846216,0.03467566771427669,11.09005653601626
12.135593220338983,4.0,0.061320241261332564,0.03555529034739879,0.02307403538281581,11.635683535618567
12.40677966101695,4.0,0.030144192483676075,0.016496123497739008,0.014116560394072077,11.963018601854893
12.677966101694915,4.0,0.011593251076786878,0.005859905170563355,0.0073802618762700885,12.147666275068936
12.94915254237288,4.0,0.00235453524944725,0.000983078534049601,0.002825244019358803,12.232802165925404
13.220338983050848,4.0,0.0011330021210089777,0.00042133559708147406,0.0016917274545568198,12.242627736574107
13.491525423728813,4.0,0.000783062815346108,0.0002812370780650686,0.001149832301079567,12.245078845473195
13.76271186440678,4.0,0.0004873407284285399,0.00016730328014476705,0.0007138041920839445,12.247072367537386
14.033898305084746,4.0,0.0002685848276918631,8.737539191871448e-05,0.00039622562520972676,12.248470978356792
14.305084745762711,4.0,0.00018869878180091025,6.466936749599448e-05,0.00024359829715354746,12.248868312207113
14.576271186440678,4.0,0.00012081257598338556,4.5038824200912656e-05,0.0001281130874844771,12.24921183325458
14.847457627118644,4.0,6.641535444423037e-05,2.8671046875288184e-05,4.9528738092153515e-05,12.24949826181736
15.11864406779661,4.0,3.6424869748447324e-05,1.7865454047903038e-05,1.8464438355863044e-05,12.249687356549
15.389830508474576,4.0,2.4300742079720323e-05,1.1640574161298379e-05,1.2462829749797256e-05,12.249796290799068
15.661016949152541,4.0,1.4370321585801255e-05,6.653164309577143e-06,1.1928043040634809e-05,12.249883569901236
15.932203389830509,4.0,6.831351323314613e-06,3.001943100378175e-06,1.1928043050216681e-05,12.249947466052063
16.203389830508474,4.0,4.025118489944343e-06,1.7170734917100833e-06,1.1928043053588564e-05,12.249969951232321
16.474576271186443,4.0,2.52566787417816e-06,1.0517138622913244e-06,1.1928043055334671e-05,12.249981595014322
16.74576271186441,4.0,1.341211689813158e-06,5.435133927469896e-07,1.1928043056668345e-05,12.24999048851747
17.016949152542374,4.0,1.3067310445134215e-06,2.0373429402475753e-07,1.1928043057559986e-05,12.24999643465011
17.28813559322034,4.0,1.3067310445418746e-06,1.0476009899429739e-07,1.192804305781971e-05,12.249998166698331
17.559322033898304,4.0,1.3067310445512745e-06,7.206267661724627e-08,1.1928043057905513e-05,12.249998738903187
17.83050847457627,4.0,1.3067310445512745e-06,7.206267661724627e-08,1.1928043057905513e-05,12.249998738903187
18.101694915254235,4.0,1.3067310445512745e-06,7.206267661724627e-08,1.1928043057905513e-05,12.249998738903187
18.372881355932204,4.0,1.3067310445512745e-06,7.206267661724627e-08,1.1928043057905513e-05,12.249998738903187
18.64406779661017,4.0,1.3067310445512745e-06,7.206267661724627e-08,1.1928043057905513e-05,12.249998738903187
18.915254237288135,4.0,1.3067310445512745e-06,7.206267661724627e-08,1.1928043057905513e-05,12.249998738903187
19.186440677966104,4.0,1.3067310445512745e-06,7.206267661724627e-08,1.1928043057905513e-05,12.249998738903187
19.45762711864407,4.0,1.3067310445512745e-06,7.206267661724627e-08,1.1928043057905513e-05,12.249998738903187
19.728813559322035,4.0,1.3067310445512745e-06,7.206267661724627e-08,1.1928043057905513e-05,12.249998738903187
20.0,4.0,1.3067310445512745e-06,7.206267661724627e-08,1.1928043057905513e-05,12.249998738903187
