slope,intercept,r_squared,std_err,rmse,n_points
-1.0074561908886293,0.6894479857348133,0.999939081132097,0.0014123244050214805,0.026377545995904885,33
