D,eta,loop_trace_p1,loop_trace_p2,h_part_neff,h_part_imbalance,h_part_ratio_low_high,coeff_participation_access_parented,coeff_participation_access_parented_exact,coeff_participation_access_parented_exact_residual,eymh_parented_prefactor_diag,mu_mumu_uv_rge,mu_mumu_uv_rge_const,abs_mu_diff_vs_const
4.0,0.2,0.5833948767255386,0.4166051232744614,1.945868238127748,0.16678975345107733,0.7141048711513719,0.8450472597147287,0.8450472597147286,-1.1102230246251565e-16,0.0433261161132477,2.4082829678814335,2.408283091800887,1.2391945336531762e-07
4.8,0.2,0.5809670067465968,0.4190329932534031,1.9488948614185644,0.1619340134931935,0.721268141542115,0.8492750682447441,0.8492750682447443,2.220446049250313e-16,0.0392190539319979,13.739244327095353,13.739247292265354,2.9651700010902005e-06
5.6,0.2,0.5787711755505381,0.4212288244494618,1.9515630017717331,0.15754235110107642,0.727798553631806,0.85311110274794,0.8531111027479399,-1.1102230246251565e-16,0.0448967669998699,57.971467023169026,57.971396100373646,7.0922795380568e-05
6.4,0.2,0.5848479959246827,0.4151520040753172,1.94401862132757,0.1696959918493651,0.7098459889888744,0.8425235836395761,0.8425235836395765,3.3306690738754696e-16,0.0493701336927381,59.87793765426565,59.87715710517647,0.0007805490891783506
7.2,0.2,0.5943858187961554,0.4056141812038445,1.9311828194108682,0.1887716375923105,0.6824089141718743,0.8260804526024531,0.8260804526024534,3.3306690738754696e-16,0.0543924299977552,3.5314919255891972,3.531394482587157,9.74430020401762e-05
8.0,0.2,0.5969978770251638,0.4030021229748362,1.9274612439427554,0.1939957540503278,0.6750478326371825,0.821612945758027,0.8216129457580269,-1.1102230246251565e-16,0.057994994496971,2.324652153604843,2.324543270099281,0.00010888350556204074
8.8,0.2,0.5982833513271573,0.4017166486728427,1.9255978480274196,0.19656670265431403,0.671448817323305,0.8194198053033038,0.8194198053033042,3.3306690738754696e-16,0.0457081664589713,1.58370004028358,1.5836905358878322,9.504395747761407e-06
9.6,0.2,0.5994209518455673,0.4005790481544327,1.9239314026831542,0.19884190369113455,0.6682766875616929,0.8174819187980201,0.8174819187980202,1.1102230246251565e-16,0.0411393810783117,1.0000000014340196,1.0000000014340404,2.0872192862952943e-14
10.4,0.2,0.6000304134403524,0.3999695865596477,1.9230319269918368,0.20006082688070478,0.6665821891699956,0.816444847598413,0.8164448475984128,-1.1102230246251565e-16,0.0443592616003478,0.4950631213671755,0.4950549751909506,8.146176224910207e-06
11.2,0.2,0.600302231812135,0.3996977681878649,1.9226292632075566,0.2006044636242702,0.6658275565314747,0.8159825712179611,0.8159825712179609,-2.220446049250313e-16,0.0459252714847219,0.1519945649010222,0.1519898999467061,4.66495431611369e-06
12.0,0.2,0.6004104463578593,0.3995895536421406,1.9224687002836658,0.2008208927157186,0.6655273172978332,0.8157985764254758,0.815798576425476,2.220446049250313e-16,0.0457444364275039,0.0381623276974709,0.0381608684312153,1.4592662556031644e-06
12.8,0.2,0.6044242249970322,0.3955757750029678,1.9164106241067451,0.20884844999406463,0.6544671087677036,0.8089914145203916,0.8089914145203914,-2.220446049250313e-16,0.0392926289711688,0.0023614708275849,0.0023615110031041,4.017551920006482e-08
13.6,0.2,0.6050030216136483,0.3949969783863516,1.9155206762194927,0.21000604322729635,0.6528843068135863,0.808012565999803,0.8080125659998032,2.220446049250313e-16,0.0396211797225291,0.0001778882187932,0.0001778917797778,3.560984600020547e-09
14.4,0.2,0.6045661120825199,0.3954338879174801,1.9161928396641112,0.20913222416503968,0.6540788178737773,0.8087513943566201,0.8087513943566201,0.0,0.0396849667542082,4.3880494927676865e-05,4.388102718529249e-05,5.322576156267756e-10
15.2,0.2,0.6042255719023197,0.3957744280976802,1.916715125607161,0.20845114380463925,0.6550110529940665,0.8093275313456636,0.8093275313456638,2.220446049250313e-16,0.0417258105506857,1.2073811470646549e-05,1.2073793845658816e-05,1.7624987732299535e-11
16.0,0.2,0.6035469077322035,0.3964530922677964,1.9177517535193143,0.20709381546440717,0.6568720462133565,0.8104764316211525,0.8104764316211523,-1.1102230246251565e-16,0.0435062525324147,1.7697615613545258e-06,1.7697402042259288e-06,2.1357128597040317e-11
16.8,0.2,0.6017176158813347,0.3982823841186654,1.9205176605910237,0.20343523176266942,0.6619091308059876,0.813577980777496,0.813577980777496,0.0,0.0426372294501484,4.11216973700512e-07,4.112081813062357e-07,8.792394276284323e-12
17.6,0.2,0.605264992326366,0.394735007673634,1.9151165304853885,0.21052998465273215,0.6521689056498217,0.8075697528076581,0.8075697528076579,-2.220446049250313e-16,0.0407600933091185,5.5585827916252447e-08,5.5590071944080996e-08,4.244027828549087e-12
18.4,0.2,0.5,0.5,2.0,0.0,1.0,1.0,1.0,0.0,0.0586804347402074,5.5585827916252447e-08,5.5590071944080996e-08,4.244027828549087e-12
19.200000000000003,0.2,0.5,0.5,2.0,0.0,1.0,1.0,1.0,0.0,0.0580670617382019,5.5585827916252447e-08,5.5590071944080996e-08,4.244027828549087e-12
20.0,0.2,0.5,0.5,2.0,0.0,1.0,1.0,1.0,0.0,0.0622911350603241,5.5585827916252447e-08,5.5590071944080996e-08,4.244027828549087e-12
4.0,0.39,0.5832904602745828,0.4167095397254172,1.9460000494137086,0.16658092054916543,0.7144117178416601,0.845228796150285,0.845228796150285,0.0,0.0433256378659887,2.444858357046273,2.444858483789307,1.2674303384585528e-07
4.8,0.39,0.5809700732816575,0.4190299267183424,1.9488910891707585,0.1619401465633149,0.7212590561703418,0.8492697193296965,0.8492697193296967,2.220446049250313e-16,0.0392191959549454,13.75152135651519,13.75152432659523,2.9700800414644846e-06
5.6,0.39,0.5787720819103782,0.4212279180896218,1.9515619141061642,0.15754416382075634,0.7277958478910326,0.8531095169384951,0.8531095169384951,0.0,0.044896760436053,57.97446421045843,57.97439328206518,7.092839324940314e-05
6.4,0.39,0.5848480959256462,0.4151519040743538,1.9440184930629631,0.16969619185129287,0.7098456966287757,0.8425234101369388,0.8425234101369384,-3.3306690738754696e-16,0.0493701324354692,59.87809003340474,59.877309480955944,0.0007805524487949356
7.2,0.39,0.5943858264378511,0.4056141735621488,1.9311828086510912,0.18877165287570202,0.6824088925420567,0.8260804395106183,0.8260804395106186,3.3306690738754696e-16,0.0543924297365417,3.531492232104217,3.5313947890857684,9.744301844838432e-05
8.0,0.39,0.5969978776279854,0.4030021223720146,1.9274612430738307,0.19399575525597054,0.6750478309457951,0.8216129447287176,0.8216129447287178,2.220446049250313e-16,0.0579949944510229,2.324652150822692,2.3245432673167357,0.00010888350595639196
8.8,0.39,0.5982833513705135,0.4017166486294865,1.9255978479642188,0.19656670274102664,0.6714488172021787,0.8194198052293942,0.8194198052293945,3.3306690738754696e-16,0.0457081664626894,1.5837000387135487,1.583690534317875,9.504395673598509e-06
9.6,0.39,0.5994209517898995,0.4005790482101006,1.9239314027650984,0.19884190357979953,0.6682766877166239,0.8174819188927818,0.8174819188927813,-4.440892098500626e-16,0.0411393810710699,1.0000000045309456,1.0000000045308777,6.794564910705958e-14
10.4,0.39,0.6000304129601661,0.3999695870398338,1.9230319277023544,0.200060825920332,0.6665821905037114,0.8164448484151952,0.8164448484151954,2.220446049250313e-16,0.0443592616336688,0.4950631218312705,0.4950549756550261,8.14617624439462e-06
11.2,0.39,0.6003022391526954,0.3996977608473046,1.9226292523209907,0.20060447830539058,0.6658275361615567,0.8159825587361267,0.8159825587361268,1.1102230246251565e-16,0.0459252722558148,0.1519945006166041,0.1519898356659645,4.664950639610144e-06
12.0,0.39,0.6004104567745778,0.3995895432254222,1.9224686848208565,0.20082091354915566,0.6655272884020519,0.8157985587153559,0.8157985587153559,0.0,0.0457444417491334,0.0381622598448225,0.0381608005830067,1.4592618158004722e-06
12.8,0.39,0.6044250015963314,0.3955749984036686,1.9164094327639825,0.2088500031926627,0.6544649830151394,0.808990100690447,0.808990100690447,0.0,0.0392926809931249,0.0023613959137479,0.0023614360888884,4.017514049995535e-08
13.6,0.39,0.6050007464083013,0.3949992535916988,1.9155241825444727,0.21000149281660305,0.6528905227583344,0.8080164124312916,0.8080164124312911,-5.551115123125783e-16,0.0396210022414701,0.0001779012396004,0.0001779048006959,3.5610954999978992e-09
14.4,0.39,0.6045591253822818,0.3954408746177182,1.9162035694093635,0.20911825076456358,0.6540979335439996,0.8087632122840402,0.8087632122840402,0.0,0.0396846783076986,4.388865301973822e-05,4.388918527677359e-05,5.322570353685492e-10
15.2,0.39,0.6041626806203292,0.3958373193796708,1.916811426571432,0.2083253612406586,0.6551833340206338,0.8094339590236094,0.8094339590236092,-2.220446049250313e-16,0.0417242863639605,1.209733243789101e-05,1.2097314421238845e-05,1.8016652165525832e-11
16.0,0.39,0.6035439879985285,0.3964560120014715,1.9177562010609799,0.2070879759970569,0.6568800615779444,0.8104813764534904,0.8104813764534904,0.0,0.0435038855570558,1.7711863218868906e-06,1.7711649311954063e-06,2.1390691484328913e-11
16.8,0.39,0.603210935962592,0.396789064037408,1.9182628410429483,0.20642187192518377,0.6577948780126476,0.8110455462011041,0.8110455462011043,1.1102230246251565e-16,0.0431099782091254,3.413551593437382e-07,3.413488897524144e-07,6.269591323788682e-12
17.6,0.39,0.605264992326366,0.394735007673634,1.9151165304853885,0.21052998465273215,0.6521689056498217,0.8075697528076581,0.8075697528076579,-2.220446049250313e-16,0.0407600933091185,5.5585827916252447e-08,5.5590071944080996e-08,4.244027828549087e-12
18.4,0.39,0.5,0.5,2.0,0.0,1.0,1.0,1.0,0.0,0.0586804347402074,5.5585827916252447e-08,5.5590071944080996e-08,4.244027828549087e-12
19.200000000000003,0.39,0.5,0.5,2.0,0.0,1.0,1.0,1.0,0.0,0.0580670617382019,5.5585827916252447e-08,5.5590071944080996e-08,4.244027828549087e-12
20.0,0.39,0.5,0.5,2.0,0.0,1.0,1.0,1.0,0.0,0.0622911350603241,5.5585827916252447e-08,5.5590071944080996e-08,4.244027828549087e-12
4.0,0.5800000000000001,0.5831883207749556,0.4168116792250443,1.946128843833013,0.16637664154991136,0.7147119796075035,0.8454063990812368,0.8454063990812368,0.0,0.0433252408187335,2.4816946922020406,2.481694821821148,1.2961910744735405e-07
4.8,0.5800000000000001,0.5809731525552582,0.4190268474447418,1.9488873011237833,0.16194630511051622,0.7212499331539884,0.8492643482179081,0.8492643482179082,1.1102230246251565e-16,0.0392193376908345,13.763800559808562,13.763803534805348,2.9749967858094806e-06
5.6,0.5800000000000001,0.5787729882978686,0.4212270117021313,1.9515608263961106,0.15754597659573724,0.7277931420761894,0.8531079310826909,0.853107931082691,1.1102230246251565e-16,0.0448967538721383,57.97746133528231,57.977390401291416,7.09339908908646e-05
6.4,0.5800000000000001,0.5848481959257691,0.4151518040742309,1.9440183647993008,0.1696963918515384,0.7098454042712362,0.8425232366357835,0.8425232366357833,-2.220446049250313e-16,0.0493701311782508,59.87824241195589,59.87746185614748,0.0007805558084115205
7.2,0.5800000000000001,0.5943858340784867,0.4056141659215133,1.931182797892806,0.18877166815697324,0.6824088709152402,0.8260804264205999,0.8260804264205999,0.0,0.0543924294753566,3.5314925386509124,3.531395095616055,9.744303485748063e-05
8.0,0.5800000000000001,0.5969978782226647,0.4030021217773353,1.9274612422166422,0.19399575644532926,0.6750478292772526,0.8216129437133111,0.8216129437133112,1.1102230246251565e-16,0.0579949944055722,2.324652148280022,2.324543264773654,0.00010888350636806265
8.8,0.5800000000000001,0.598283351408058,0.401716648591942,1.9255978479094895,0.19656670281611607,0.6714488170972885,0.8194198051653918,0.8194198051653917,-1.1102230246251565e-16,0.0457081664657773,1.58370003727443,1.583690532878821,9.504395609205574e-06
9.6,0.5800000000000001,0.5994209520845478,0.4005790479154522,1.9239314023313674,0.1988419041690954,0.6682766868965752,0.8174819183912112,0.8174819183912113,1.1102230246251565e-16,0.0411393810761781,0.9999999954198696,0.999999995419966,9.636735853746359e-14
10.4,0.5800000000000001,0.6000304127945847,0.3999695872054153,1.9230319279473602,0.20006082558916935,0.6665821909636128,0.8164448486968443,0.8164448486968442,-1.1102230246251565e-16,0.0443592616451587,0.4950631234831995,0.4950549773069242,8.14617627525882e-06
11.2,0.5800000000000001,0.6003022355570221,0.3996977644429779,1.9226292576536264,0.20060447111404428,0.6658275461394829,0.815982564850183,0.8159825648501828,-1.1102230246251565e-16,0.0459252717726018,0.1519945382581024,0.1519898733053547,4.664952747701623e-06
12.0,0.5800000000000001,0.6004104314909258,0.3995895685090743,1.9224687223524703,0.20082086298185187,0.6655273585384285,0.8157986017016879,0.8157986017016875,-4.440892098500626e-16,0.0457444390761541,0.0381623166820766,0.0381608574166433,1.4592654332956645e-06
12.8,0.5800000000000001,0.6044246510354749,0.395575348964525,1.9164099705430524,0.2088493020709496,0.6544659425899361,0.8089906937597835,0.8089906937597836,1.1102230246251565e-16,0.0392926695816402,0.0023614188389863,0.0023614590141993,4.0175213000120946e-08
13.6,0.5800000000000001,0.6049994327868153,0.3950005672131847,1.9155262069412695,0.20999886557363093,0.6528941116418724,0.8080186332269031,0.808018633226903,-1.1102230246251565e-16,0.0396207147568535,0.0001779207979586,0.0001779243592711,3.561312499999851e-09
14.4,0.5800000000000001,0.6045672267723499,0.3954327732276501,1.9161911277367092,0.2091344535446996,0.6540757681139582,0.8087495088801958,0.8087495088801959,1.1102230246251565e-16,0.0396859720081252,4.386484965022112e-05,4.386538185704677e-05,5.32206825647457e-10
15.2,0.5800000000000001,0.6041409932960758,0.3958590067039242,1.9168446235989895,0.20828198659215175,0.6552427514381939,0.809470661258451,0.809470661258451,0.0,0.0417237648573981,1.2107313353655313e-05,1.210729519908415e-05,1.8154571162359856e-11
16.0,0.5800000000000001,0.6035429750596062,0.3964570249403938,1.917757744015606,0.20708595011921252,0.656882842354746,0.8104830919610515,0.8104830919610514,-1.1102230246251565e-16,0.043503074629235,1.7716745597687972e-06,1.7716531575487271e-06,2.1402220070091473e-11
16.8,0.5800000000000001,0.603210935962592,0.396789064037408,1.9182628410429483,0.20642187192518377,0.6577948780126476,0.8110455462011041,0.8110455462011043,1.1102230246251565e-16,0.0431099782091254,3.413551593437382e-07,3.4134888975241425e-07,6.2695913239475004e-12
17.6,0.5800000000000001,0.605264992326366,0.394735007673634,1.9151165304853885,0.21052998465273215,0.6521689056498217,0.8075697528076582,0.8075697528076579,-3.3306690738754696e-16,0.0407600933091185,5.5585827916252447e-08,5.5590071944080996e-08,4.244027828549087e-12
18.4,0.5800000000000001,0.6063795181457148,0.3936204818542851,1.9133878077438675,0.21275903629142984,0.6491322184792147,0.8056874198342772,0.805687419834277,-1.1102230246251565e-16,0.0395745521139277,5.5585827916252447e-08,5.5590071944080996e-08,4.244027828549087e-12
19.200000000000003,0.5800000000000001,0.5,0.5,2.0,0.0,1.0,1.0,1.0,0.0,0.0580670617382019,5.5585827916252447e-08,5.5590071944080996e-08,4.244027828549087e-12
20.0,0.5800000000000001,0.5,0.5,2.0,0.0,1.0,1.0,1.0,0.0,0.0622911350603241,5.5585827916252447e-08,5.5590071944080996e-08,4.244027828549087e-12
4.0,0.77,0.5830884737401707,0.4169115262598294,1.9462546112249983,0.1661769474803423,0.7150056038418758,0.8455800398790628,0.8455800398790618,-9.992007221626409e-16,0.0433249215823191,2.518787195135122,2.518787327683288,1.3254816622065846e-07
4.8,0.77,0.5809762445543707,0.4190237554456293,1.9488834972920626,0.1619524891087416,0.7212407725328513,0.8492589549323879,0.8492589549323877,-2.220446049250313e-16,0.0392194791398549,13.776081923339817,13.776084903260022,2.979920205703479e-06
5.6,0.77,0.5787738947129899,0.4212261052870101,1.951559738641595,0.1575477894259799,0.7277904361873357,0.8531063451805618,0.8531063451805617,-1.1102230246251565e-16,0.0448967473081261,57.980458397525034,57.98038745793673,7.09395883049524e-05
6.4,0.77,0.5848482959258756,0.4151517040741243,1.9440182365355252,0.16969659185175104,0.7098451119138448,0.8425230631346802,0.8425230631346805,3.3306690738754696e-16,0.0493701299210554,59.8783947891123,59.8776142299443,0.0007805591679996837
7.2,0.77,0.5943858417194586,0.4056141582805413,1.9311827871340466,0.18877168343891726,0.6824088492874723,0.8260804133300051,0.8260804133300053,1.1102230246251565e-16,0.0543924292141684,3.5314928451253484,3.5313954020740854,9.744305126302422e-05
8.0,0.77,0.5969978788231985,0.4030021211768015,1.9274612413510142,0.19399575764639768,0.6750478275922825,0.821612942687908,0.8216129426879074,-5.551115123125783e-16,0.0579949943599438,2.3246521452663034,2.3245432617595645,0.00010888350673887714
8.8,0.77,0.5982833514901352,0.4017166485098647,1.9255978477898452,0.19656670298026996,0.6714488168679867,0.8194198050254742,0.8194198050254745,3.3306690738754696e-16,0.045708166471438,1.5837000336960363,1.5836905293005572,9.504395479087435e-06
9.6,0.77,0.5994209519973832,0.4005790480026168,1.9239314024596765,0.19884190399476626,0.6682766871391671,0.8174819185395887,0.817481918539589,2.220446049250313e-16,0.0411393810730366,0.9999999984724536,0.9999999984724866,3.297362383136715e-14
10.4,0.77,0.6000304119962868,0.3999695880037131,1.9230319291285782,0.20006082399257358,0.6665821931808822,0.8164448500547248,0.8164448500547249,1.1102230246251565e-16,0.044359261671947,0.4950631308746212,0.4950549846980895,8.14617653172034e-06
11.2,0.77,0.6003022292023049,0.399697770797695,1.9226292670781178,0.20060445840460964,0.6658275637737056,0.8159825756556969,0.8159825756556972,3.3306690738754696e-16,0.0459252717523741,0.1519945670560112,0.1519899021016315,4.6649543797017134e-06
12.0,0.77,0.6004104680444295,0.3995895319555705,1.922468668091636,0.2008209360888592,0.6655272571396962,0.8157985395547704,0.8157985395547703,-1.1102230246251565e-16,0.0457444400154601,0.0381622662330589,0.0381608069707761,1.4592622828019097e-06
12.8,0.77,0.6044246629131818,0.3955753370868183,1.9164099523220404,0.20884932582636362,0.6544659100775936,0.8089906736653976,0.8089906736653975,-1.1102230246251565e-16,0.0392926624040364,0.0023614247094516,0.0023614648847207,4.01752691002108e-08
13.6,0.77,0.604999165978004,0.3950008340219959,1.9155266181126234,0.20999833195600842,0.6528948405795931,0.8080190842916976,0.8080190842916973,-2.220446049250313e-16,0.0396207396066896,0.0001779199072693,0.0001779234685682,3.561298900011745e-09
14.4,0.77,0.6045634154206879,0.3954365845793121,1.9161969811024993,0.20912683084137587,0.6540861959107233,0.8087559557188579,0.8087559557188579,0.0,0.0396855777556322,4.387274034038221e-05,4.3873272558310704e-05,5.322179284943432e-10
15.2,0.77,0.604130008684718,0.395869991315282,1.9168614356666516,0.20826001736943617,0.6552728479374007,0.8094892512797196,0.8094892512797194,-2.220446049250313e-16,0.0417235015126084,1.2110958687112618e-05,1.2110940464782224e-05,1.8222330394761818e-11
16.0,0.77,0.6037456338437832,0.3962543661562167,1.9174487938833547,0.2074912676875664,0.6563266778981727,0.8101399125448472,0.8101399125448472,0.0,0.0435279277811346,1.7489009450080958e-06,1.7488800989123886e-06,2.0846095707120787e-11
16.8,0.77,0.6030906480999857,0.3969093519000142,1.9184454877908073,0.2061812961999713,0.658125529139711,0.8112493631058892,0.8112493631058892,0.0,0.0429632521227347,3.588592229530422e-07,3.588524293616976e-07,6.793591344588911e-12
17.6,0.77,0.605264992326366,0.394735007673634,1.9151165304853885,0.21052998465273215,0.6521689056498217,0.8075697528076582,0.8075697528076579,-3.3306690738754696e-16,0.0407600933091185,5.5585827916252447e-08,5.5590071944080996e-08,4.244027828549087e-12
18.4,0.77,0.6063795181457148,0.3936204818542851,1.9133878077438675,0.21275903629142984,0.6491322184792147,0.8056874198342772,0.805687419834277,-1.1102230246251565e-16,0.0395745521139277,5.5585827916252447e-08,5.5590071944080996e-08,4.244027828549087e-12
19.200000000000003,0.77,0.5,0.5,2.0,0.0,1.0,1.0,1.0,0.0,0.0580670617382019,5.5585827916252447e-08,5.5590071944080996e-08,4.244027828549087e-12
20.0,0.77,0.5,0.5,2.0,0.0,1.0,1.0,1.0,0.0,0.0622911350603241,5.5585827916252447e-08,5.5590071944080996e-08,4.244027828549087e-12
4.0,0.96,0.5829909331150052,0.4170090668849948,1.9463773432813125,0.16598186623001016,0.7152925426418814,0.8457496926643727,0.8457496926643729,2.220446049250313e-16,0.0433246768679975,2.556130964866399,2.5561311003970992,1.3553070044025617e-07
4.8,0.96,0.5809793492659506,0.4190206507340493,1.948879677690037,0.16195869853190104,0.7212315743467804,0.8492535394961743,0.8492535394961745,2.220446049250313e-16,0.0392196203021978,13.788365433465112,13.788368418315454,2.9848503420026873e-06
5.6,0.96,0.5787748011557435,0.4212251988442564,1.9515586508426146,0.15754960231148732,0.7277877302244679,0.8531047592321052,0.853104759232105,-1.1102230246251565e-16,0.0448967407440167,57.98345539720048,57.983384452015066,7.09451854135068e-05
6.4,0.96,0.5848483959256295,0.4151516040743704,1.9440181082720673,0.16969679185125888,0.7098448195575835,0.8425228896342123,0.8425228896342125,2.220446049250313e-16,0.0493701286638921,59.8785471649641,59.8777666024365,0.0007805625275949524
7.2,0.96,0.5943858493605713,0.4056141506394287,1.9311827763750884,0.18877169872114233,0.6824088276593071,0.8260804002391697,0.8260804002391698,1.1102230246251565e-16,0.0543924289529786,3.5314931515723367,3.5313957085046703,9.744306766634736e-05
8.0,0.96,0.5969978794212568,0.4030021205787432,1.9274612404889557,0.19399575884251344,0.6750478259142607,0.8216129416667318,0.8216129416667319,1.1102230246251565e-16,0.0579949943143163,2.3246521425688287,2.3245432590616906,0.00010888350713811334
8.8,0.96,0.5982833515343184,0.4017166484656816,1.925597847725438,0.19656670306863744,0.6714488167445489,0.8194198049501549,0.8194198049501543,-5.551115123125783e-16,0.0457081664762049,1.583700032064814,1.5836905276694218,9.504395392267995e-06
9.6,0.96,0.5994209518587632,0.4005790481412367,1.9239314026637293,0.19884190371752639,0.6682766875249667,0.8174819187755571,0.8174819187755572,1.1102230246251565e-16,0.041139381072228,1.0000000022905529,1.0000000022905229,2.9976021664879227e-14
10.4,0.96,0.6000304113919508,0.3999695886080492,1.9230319300227963,0.2000608227839016,0.6665821948594232,0.8164448510826823,0.8164448510826823,0.0,0.0443592616142651,0.4950631462619201,0.4950550000847162,8.14617720390487e-06
11.2,0.96,0.6003022289992653,0.3996977710007348,1.9226292673792393,0.20060445799853108,0.6658275643371357,0.8159825760009441,0.8159825760009436,-5.551115123125783e-16,0.0459252715600724,0.1519945766478733,0.1519899116929603,4.664954912997343e-06
12.0,0.96,0.6004104505383852,0.3995895494616147,1.9224686940779998,0.20082090107677072,0.6655273057011324,0.8157985693179002,0.8157985693179,-2.220446049250313e-16,0.0457444387436584,0.0381622992914469,0.0381608400270716,1.4592643752947554e-06
12.8,0.96,0.6044245181465684,0.3955754818534316,1.9164101744013367,0.20884903629313678,0.6544663063411791,0.8089909185776928,0.8089909185776928,0.0,0.0392926591888531,0.00236143286816,0.0023614730434476,4.0175287599735626e-08
13.6,0.96,0.6050010965263392,0.3949989034736609,1.9155236429807487,0.2100021930526787,0.6528895662199249,0.8080158205257651,0.8080158205257647,-4.440892098500626e-16,0.0396209321162301,0.000177905462263,0.0001779090234197,3.5611567000121396e-09
14.4,0.96,0.6045611120002303,0.3954388879997696,1.9162005185442137,0.20912222400046088,0.6540924980957407,0.8087598519311779,0.8087598519311778,-1.1102230246251565e-16,0.0396853396081698,4.387751369453855e-05,4.3878045919219215e-05,5.32224680661528e-10
15.2,0.96,0.6041233721100814,0.3958766278899187,1.9168715923001327,0.20824674422016273,0.6552910318751636,0.8095004829369551,0.8095004829369551,0.0,0.0417233426671605,1.211316088713945e-05,1.2113142623870204e-05,1.826326924537862e-11
16.0,0.96,0.6036789109315287,0.3963210890684713,1.917550567623583,0.20735782186305765,0.6565097469727963,0.8102528907525086,0.8102528907525084,-2.220446049250313e-16,0.0434992485240455,1.7674748375252874e-06,1.767453555486724e-06,2.128203856341283e-11
16.8,0.96,0.603127283491938,0.396872716508062,1.9183898789807063,0.20625456698387587,0.658024810634134,0.8111872845614223,0.8111872845614223,0.0,0.0429892169332644,3.5557796609861114e-07,3.555712759819993e-07,6.690116611841557e-12
17.6,0.96,0.605264992326366,0.394735007673634,1.9151165304853885,0.21052998465273215,0.6521689056498217,0.8075697528076581,0.8075697528076579,-2.220446049250313e-16,0.0407600933091185,5.5585827916252447e-08,5.5590071944080996e-08,4.244027828549087e-12
18.4,0.96,0.6063795181457148,0.3936204818542851,1.9133878077438675,0.21275903629142984,0.6491322184792147,0.8056874198342772,0.805687419834277,-1.1102230246251565e-16,0.0395745521139277,5.5585827916252447e-08,5.5590071944080996e-08,4.244027828549087e-12
19.200000000000003,0.96,0.5,0.5,2.0,0.0,1.0,1.0,1.0,0.0,0.0580670617382019,5.5585827916252447e-08,5.5590071944080996e-08,4.244027828549087e-12
20.0,0.96,0.5,0.5,2.0,0.0,1.0,1.0,1.0,0.0,0.0622911350603241,5.5585827916252447e-08,5.5590071944080996e-08,4.244027828549087e-12
4.0,1.15,0.582895711317545,0.4171042886824549,1.9464970334777925,0.1657914226350898,0.7155727526964573,0.8459153342365043,0.8459153342365046,2.220446049250313e-16,0.0433245034859134,2.59372098030372,2.5937211188708993,1.38567179508442e-07
4.8,1.15,0.5809824666769411,0.419017533323059,1.948875842332156,0.16196493335388285,0.7212223386356609,0.8492481019323281,0.8492481019323275,-6.661338147750939e-16,0.0392197611780555,13.800651076532375,13.80065406631957,2.9897871947071053e-06
5.6,1.15,0.5787757076260982,0.4212242923739018,1.9515575629992064,0.1575514152521963,0.7277850241876807,0.8531031732373762,0.8531031732373762,0.0,0.044896734179811,57.98645233428199,57.98638138349972,7.095078227337126e-05
6.4,1.15,0.5848484959250316,0.4151515040749684,1.9440179800089261,0.16969699185006387,0.7098445272024495,0.8425227161343786,0.8425227161343779,-6.661338147750939e-16,0.0493701274067632,59.87869953976779,59.87791897388065,0.000780565887140483
7.2,1.15,0.5943858570016178,0.4056141429983821,1.9311827656162222,0.18877171400323559,0.6824088060313289,0.8260803871484473,0.8260803871484476,2.220446049250313e-16,0.0543924286917839,3.53149345807829,3.531396014994217,9.744308407322322e-05
8.0,1.15,0.5969978800232706,0.4030021199767294,1.9274612396211948,0.19399576004654115,0.6750478242251391,0.8216129406388017,0.8216129406388017,0.0,0.0579949942686409,2.3246521394301185,2.3245432559226185,0.00010888350750004605
8.8,1.15,0.5982833515986651,0.401716648401335,1.9255978476316395,0.19656670319733047,0.6714488165647814,0.8194198048404627,0.8194198048404624,-3.3306690738754696e-16,0.0457081664811168,1.5837000293677872,1.5836905249725015,9.504395285686584e-06
9.6,1.15,0.599420951891363,0.400579048108637,1.9239314026157415,0.19884190378272595,0.6682766874342367,0.8174819187200636,0.8174819187200636,0.0,0.0411393810685261,1.0000000023406015,1.0000000023405509,5.062616992290714e-14
10.4,1.15,0.6000304115675367,0.3999695884324634,1.9230319297629868,0.2000608231350738,0.6665821943717335,0.8164448507840161,0.8164448507840156,-4.440892098500626e-16,0.0443592616232658,0.4950631430585394,0.4950549968814784,8.146177060963655e-06
11.2,1.15,0.6003022288633167,0.3996977711366832,1.922629267580861,0.2006044577266332,0.6658275647143914,0.8159825762321099,0.8159825762321101,2.220446049250313e-16,0.0459252714313139,0.1519945830705958,0.1519899181153256,4.664955270183846e-06
12.0,1.15,0.6004104533803182,0.3995895466196817,1.9224686898593712,0.20082090676063646,0.6655272978176641,0.8157985644861507,0.8157985644861506,-1.1102230246251565e-16,0.0457444401657166,0.0381622786261298,0.0381608193630392,1.4592630906001824e-06
12.8,1.15,0.6044247942315513,0.3955752057684488,1.9164097508728075,0.2088495884631029,0.6544655506254863,0.8089904515045199,0.8089904515045194,-4.440892098500626e-16,0.0392926901636739,0.002361397209312,0.0023614373844012,4.017508920027904e-08
13.6,1.15,0.6050006429790281,0.3949993570209719,1.9155243419380992,0.21000128595805623,0.6528908053320271,0.8080165872876789,0.8080165872876789,0.0,0.039620912840985,0.0001779074434574,0.0001779110046316,3.5611742000109855e-09
14.4,1.15,0.6045636642928491,0.3954363357071508,1.9161965988971121,0.20912732858569785,0.6540855149964866,0.8087555347547773,0.8087555347547778,4.440892098500626e-16,0.0396852575780094,4.387733824843774e-05,4.387787048325145e-05,5.322348137098997e-10
15.2,1.15,0.6041408833191481,0.3958591166808519,1.9168447919272062,0.20828176663829587,0.6552430527561773,0.8094708473788151,0.8094708473788154,2.220446049250313e-16,0.0417227117093466,1.2111396378236896e-05,1.2111378177263922e-05,1.8200972973992833e-11
16.0,1.15,0.6036559353778624,0.3963440646221374,1.9175856000215596,0.20731187075572519,0.6565727948554719,0.8102917961175913,0.8102917961175912,-1.1102230246251565e-16,0.043499608404553,1.768339918434975e-06,1.768318612374339e-06,2.1306060635907945e-11
16.8,1.15,0.6037431124268594,0.3962568875731406,1.9174526408429649,0.20748622485371856,0.6563335952277971,0.8101441817527278,0.810144181752728,1.1102230246251565e-16,0.0429967306925387,3.488442523712286e-07,3.488377884762437e-07,6.463894984904034e-12
17.6,1.15,0.605264992326366,0.394735007673634,1.9151165304853885,0.21052998465273215,0.6521689056498217,0.8075697528076581,0.8075697528076579,-2.220446049250313e-16,0.0407600933091185,5.5585827916252447e-08,5.5590071944080996e-08,4.244027828549087e-12
18.4,1.15,0.6063795181457148,0.3936204818542851,1.9133878077438675,0.21275903629142984,0.6491322184792147,0.8056874198342772,0.805687419834277,-1.1102230246251565e-16,0.0395745521139277,5.5585827916252447e-08,5.5590071944080996e-08,4.244027828549087e-12
19.200000000000003,1.15,0.5,0.5,2.0,0.0,1.0,1.0,1.0,0.0,0.0580670617382019,5.5585827916252447e-08,5.5590071944080996e-08,4.244027828549087e-12
20.0,1.15,0.5,0.5,2.0,0.0,1.0,1.0,1.0,0.0,0.0622911350603241,5.5585827916252447e-08,5.5590071944080996e-08,4.244027828549087e-12
4.0,1.34,0.5828028192808926,0.4171971807191073,1.9466136770077886,0.16560563856178562,0.7158461951743427,0.8460769440035245,0.8460769440035242,-3.3306690738754696e-16,0.0433243983435429,2.631552103015893,2.631552244673955,1.4165806216936971e-07
4.8,1.34,0.5809855967742646,0.4190144032257353,1.9488719912328933,0.1619711935485291,0.7212130654394499,0.8492426422639465,0.8492426422639467,2.220446049250313e-16,0.0392199017676219,13.812938838882449,13.81294183361318,2.99473073184231e-06
5.6,1.34,0.5787766141240598,0.4212233858759402,1.9515564751113612,0.1575532282481197,0.7277823180769559,0.8531015871963644,0.8531015871963643,-1.1102230246251565e-16,0.0448967276155091,57.98944920872863,57.989378252349695,7.095637893428375e-05
6.4,1.34,0.5848485959240965,0.4151514040759035,1.944017851746084,0.16969719184819285,0.7098442348484039,0.8425225426351532,0.8425225426351534,1.1102230246251565e-16,0.0493701261496686,59.87885191356253,59.878071344315885,0.0007805692466433811
7.2,1.34,0.5943858646428778,0.4056141353571221,1.9311827548570546,0.18877172928575575,0.6824087844027471,0.8260803740573597,0.8260803740573596,-1.1102230246251565e-16,0.0543924284305855,3.531493764556257,3.531396321455779,9.744310047832272e-05
8.0,1.34,0.5969978806226932,0.4030021193773068,1.9274612387571692,0.19399576124538617,0.6750478225432882,0.821612939615296,0.8216129396152961,1.1102230246251565e-16,0.0579949942229298,2.324652136700264,2.324543253192366,0.00010888350789794998
8.8,1.34,0.5982833516694208,0.4017166483305791,1.9255978475284983,0.1965667033388418,0.6714488163671083,0.8194198047198448,0.8194198047198447,-1.1102230246251565e-16,0.0457081664863228,1.5837000263683558,1.5836905219731847,9.504395171111568e-06
9.6,1.34,0.5994209519429289,0.4005790480570712,1.9239314025398344,0.19884190388585835,0.6682766872907204,0.8174819186322847,0.8174819186322841,-5.551115123125783e-16,0.0411393810718783,1.0000000001069416,1.0000000001069425,8.881784197001252e-16
10.4,1.34,0.6000304116933294,0.3999695883066705,1.9230319295768552,0.2000608233866588,0.6665821940223453,0.8164448505700462,0.8164448505700463,1.1102230246251565e-16,0.0443592616297141,0.4950631407072167,0.495054994530259,8.146176957712914e-06
11.2,1.34,0.6003022261608324,0.3996977738391676,1.9226292715888347,0.20060445232166454,0.6658275722137355,0.8159825808273944,0.8159825808273945,1.1102230246251565e-16,0.0459252714680822,0.1519945933840364,0.1519899284281823,4.664955854105646e-06
12.0,1.34,0.600410442917915,0.3995895570820849,1.9224687053899954,0.20082088583582988,0.6655273268401745,0.8157985822739423,0.8157985822739424,1.1102230246251565e-16,0.0457444392332702,0.0381623025790235,0.0381608433144709,1.4592645525973724e-06
12.8,1.34,0.6044247807539507,0.3955752192460494,1.91640977154816,0.2088495615079015,0.6544655875171339,0.8089904743055596,0.8089904743055594,-2.220446049250313e-16,0.0392926831207772,0.0023614037282157,0.0023614439033561,4.017514039977507e-08
13.6,1.34,0.6050000890649738,0.3949999109350262,1.9155251955662582,0.21000017812994742,0.6528923186532051,0.808017523729037,0.8080175237290371,1.1102230246251565e-16,0.0396208010826581,0.0001779149917968,0.0001779185530531,3.5612563000007695e-09
14.4,1.34,0.6045619784933578,0.3954380215066422,1.916199187848642,0.20912395698671568,0.6540901273548858,0.8087583862655682,0.8087583862655681,-1.1102230246251565e-16,0.0396851323821532,4.388010626682965e-05,4.388063850407364e-05,5.322372439897269e-10
15.2,1.34,0.6041345875252588,0.3958654124747411,1.9168544278808923,0.20826917505051717,0.6552603023381613,0.8094815021593518,0.8094815021593522,4.440892098500626e-16,0.0417227099279373,1.2112911687898617e-05,1.211289345454328e-05,1.8233355336639764e-11
16.0,1.34,0.6036395172753951,0.3963604827246049,1.9176106298527709,0.2072790345507901,0.6566178511864651,0.8103195981749823,0.8103195981749824,1.1102230246251565e-16,0.0434998658975822,1.7689582222445797e-06,1.7689368990383245e-06,2.1323206255226927e-11
16.8,1.34,0.6031649910880215,0.3968350089119786,1.918332625407806,0.206329982176043,0.6579211571880956,0.8111233920853816,0.8111233920853815,-1.1102230246251565e-16,0.0430236376222913,3.513585354118934e-07,3.5135197475834113e-07,6.560653552278571e-12
17.6,1.34,0.605264992326366,0.394735007673634,1.9151165304853885,0.21052998465273215,0.6521689056498217,0.8075697528076582,0.8075697528076579,-3.3306690738754696e-16,0.0407600933091185,5.5585827916252447e-08,5.5590071944080996e-08,4.244027828549087e-12
18.4,1.34,0.6063795181457148,0.3936204818542851,1.9133878077438675,0.21275903629142984,0.6491322184792147,0.8056874198342772,0.805687419834277,-1.1102230246251565e-16,0.0395745521139277,5.5585827916252447e-08,5.5590071944080996e-08,4.244027828549087e-12
19.200000000000003,1.34,0.5,0.5,2.0,0.0,1.0,1.0,1.0,0.0,0.0580670617382019,5.5585827916252447e-08,5.5590071944080996e-08,4.244027828549087e-12
20.0,1.34,0.5,0.5,2.0,0.0,1.0,1.0,1.0,0.0,0.0622911350603241,5.5585827916252447e-08,5.5590071944080996e-08,4.244027828549087e-12
4.0,1.53,0.5827122664945035,0.4172877335054965,1.9467272707169487,0.16542453298900686,0.7161128356123815,0.8462345039127047,0.8462345039127047,0.0,0.043324358444099,2.6696190801249746,2.6696192249287676,1.4480379295633838e-07
4.8,1.53,0.5809887395448319,0.4190112604551682,1.9488681244067292,0.16197747908966428,0.7212037547981337,0.849237160514149,0.8492371605141485,-4.440892098500626e-16,0.0392200420710923,13.825228706848948,13.825231706529934,2.9996809853827244e-06
5.6,1.53,0.5787775206496037,0.4212224793503962,1.951555387179109,0.15755504129920703,0.7277796118923697,0.8531000011091132,0.8531000011091137,4.440892098500626e-16,0.0448967210511118,57.992446020531816,57.99237505855652,7.096197529676829e-05
6.4,1.53,0.5848486959228625,0.4151513040771374,1.9440177234834906,0.169697391845725,0.7098439424953307,0.8425223691364702,0.8425223691364703,1.1102230246251565e-16,0.0493701248926051,59.8790042860856,59.87822371347947,0.0007805726061320684
7.2,1.53,0.5943858722839624,0.4056141277160375,1.9311827440981337,0.18877174456792478,0.682408762774663,0.8260803609665724,0.8260803609665727,2.220446049250313e-16,0.0543924281693956,3.5314940709997975,3.531396627882916,9.744311688164586e-05
8.0,1.53,0.5969978812250987,0.4030021187749013,1.9274612378888438,0.19399576245019734,0.6750478208530676,0.8216129385866969,0.821612938586697,1.1102230246251565e-16,0.057994994177247,2.3246521335216923,2.3245432500134355,0.00010888350825677406
8.8,1.53,0.5982833517367759,0.401716648263224,1.9255978474303141,0.19656670347355173,0.671448816178936,0.819419804605024,0.8194198046050242,2.220446049250313e-16,0.0457081664916892,1.5837000235755976,1.58369051918054,9.504395057646775e-06
9.6,1.53,0.5994209519816875,0.4005790480183124,1.923931402482781,0.198841903963375,0.6682766871828503,0.817481918566307,0.817481918566307,0.0,0.0411393810743978,0.9999999985709612,0.9999999985710004,3.9190872769268026e-14
10.4,1.53,0.6000304117878796,0.3999695882121205,1.9230319294369516,0.20006082357575997,0.6665821937597314,0.8164448504092193,0.8164448504092187,-6.661338147750939e-16,0.0443592616345609,0.4950631384269214,0.4950549922500498,8.146176871615118e-06
11.2,1.53,0.6003022287337535,0.3996977712662465,1.9226292677730121,0.20060445746750705,0.6658275650739267,0.8159825764524183,0.8159825764524183,0.0,0.0459252716667014,0.1519945744396834,0.1519899094849276,4.664954755789763e-06
12.0,1.53,0.6004104598950887,0.3995895401049112,1.9224686801887008,0.2008209197901772,0.6655272797458139,0.8157985534099785,0.8157985534099788,2.220446049250313e-16,0.0457444396864816,0.0381622771769213,0.0381608179139123,1.4592630089987901e-06
12.8,1.53,0.6044246752870678,0.3955753247129322,1.9164099333398625,0.20884935057413564,0.6544658762070825,0.8089906527315891,0.8089906527315891,0.0,0.0392926785306383,0.0023614113794512,0.0023614515546179,4.017516669991769e-08
13.6,1.53,0.6049998732798818,0.3950001267201183,1.915525528108226,0.20999974655976392,0.6528929081897263,0.8080178885332471,0.8080178885332467,-3.3306690738754696e-16,0.0396208028683327,0.0001779149860174,0.0001779185472681,3.5612507000152335e-09
14.4,1.53,0.6045607112810267,0.3954392887189734,1.9162011339357998,0.2091214225620538,0.6540935944730208,0.808760529744758,0.8087605297447575,-4.440892098500626e-16,0.0396850382876976,4.388218367425233e-05,4.38827159132815e-05,5.322390291692615e-10
15.2,1.53,0.604129855232881,0.3958701447671191,1.9168616705158923,0.2082597104657627,0.6552732683845227,0.8094895109786931,0.8094895109786925,-6.661338147750939e-16,0.0417227086436403,1.2114760444361604e-05,1.2114742185601987e-05,1.825875961655645e-11
16.0,1.53,0.6037307726832147,0.3962692273167852,1.9174714666294497,0.20746154536642955,0.6563674492781119,0.8101650753260794,0.8101650753260794,0.0,0.043512697004019,1.7573064231024236e-06,1.7572853786639142e-06,2.1044438509484323e-11
16.8,1.53,0.6031735154881473,0.3968264845118527,1.9183196799026927,0.2063470309762949,0.6578977264787587,0.8111089485875242,0.811108948587524,-2.220446049250313e-16,0.0430333508371845,3.501931927911892e-07,3.50186667186594e-07,6.525604595182505e-12
17.6,1.53,0.605264992326366,0.394735007673634,1.9151165304853885,0.21052998465273215,0.6521689056498217,0.8075697528076581,0.8075697528076579,-2.220446049250313e-16,0.0407600933091185,5.5585827916252447e-08,5.5590071944080996e-08,4.244027828549087e-12
18.4,1.53,0.6063795181457148,0.3936204818542851,1.9133878077438675,0.21275903629142984,0.6491322184792147,0.8056874198342772,0.805687419834277,-1.1102230246251565e-16,0.0395745521139277,5.5585827916252447e-08,5.5590071944080996e-08,4.244027828549087e-12
19.200000000000003,1.53,0.5,0.5,2.0,0.0,1.0,1.0,1.0,0.0,0.0580670617382019,5.5585827916252447e-08,5.5590071944080996e-08,4.244027828549087e-12
20.0,1.53,0.5,0.5,2.0,0.0,1.0,1.0,1.0,0.0,0.0622911350603241,5.5585827916252447e-08,5.5590071944080996e-08,4.244027828549087e-12
4.0,1.72,0.5826240610451267,0.4173759389548733,1.946837813039471,0.1652481220902532,0.7163726438042627,0.846387998381512,0.8463879983815122,2.220446049250313e-16,0.0433243808849063,2.7079165473131046,2.707916695317909,1.480048044122384e-07
4.8,1.72,0.5809918949755314,0.4190081050244685,1.9488642418681705,0.1619837899510626,0.7211944067517765,0.8492316567060934,0.8492316567060937,3.3306690738754696e-16,0.0392201820886632,13.837520666757728,13.837523671395694,3.0046379659864897e-06
5.6,1.72,0.5787784272027306,0.4212215727972693,1.9515542992024464,0.1575568544054613,0.7277769056339183,0.8530984149756218,0.8530984149756219,1.1102230246251565e-16,0.0448967144866193,57.99544276966004,57.99537180208862,7.09675714176683e-05
6.4,1.72,0.5848487959212882,0.4151512040787117,1.9440175952211993,0.16969759184257652,0.7098436501433523,0.842522195638401,0.8425221956384011,1.1102230246251565e-16,0.0493701236355753,59.87915665751493,59.878376081549355,0.000780575965578123
7.2,1.72,0.5943858799250159,0.4056141200749841,1.9311827333392555,0.18877175985003197,0.6824087411466667,0.826080347875839,0.8260803478758387,-2.220446049250313e-16,0.0543924279082017,3.531494377484091,3.5313969343508025,9.744313328852172e-05
8.0,1.72,0.5969978818237702,0.4030021181762298,1.9274612370259006,0.19399576364754065,0.6750478191733235,0.8216129375644738,0.8216129375644735,-3.3306690738754696e-16,0.057994994131626,2.324652130737945,2.324543247229297,0.00010888350864801666
8.8,1.72,0.5982833517902669,0.4017166482097331,1.9255978473523396,0.19656670358053413,0.6714488160294956,0.8194198045138377,0.8194198045138374,-2.220446049250313e-16,0.0457081664964575,1.5837000214519683,1.583690517057006,9.50439496238964e-06
9.6,1.72,0.5994209519419285,0.4005790480580715,1.9239314025413077,0.1988419038838567,0.6682766872935059,0.8174819186339876,0.8174819186339878,2.220446049250313e-16,0.041139381072291,1.0000000001047302,1.000000000104734,3.774758283725532e-15
10.4,1.72,0.6000304118615407,0.3999695881384593,1.923031929327958,0.20006082372308115,0.6665821935551393,0.816444850283924,0.8164448502839241,1.1102230246251565e-16,0.0443592616383369,0.4950631371507266,0.4950549909739138,8.146176812773298e-06
11.2,1.72,0.600302230522704,0.3996977694772959,1.9226292651198733,0.20060446104540788,0.6658275601096224,0.8159825734105001,0.8159825734105003,2.220446049250313e-16,0.045925271783807,0.1519945601319198,0.1519898951779386,4.664953981214914e-06
12.0,1.72,0.6004104616157335,0.3995895383842665,1.922468677634537,0.20082092323146689,0.6655272749727776,0.8157985504846018,0.8157985504846019,1.1102230246251565e-16,0.0457444407344607,0.0381622660927206,0.0381608068304902,1.459262230399383e-06
12.8,1.72,0.604424677925838,0.3955753220741619,1.916409929291853,0.20884935585167594,0.6544658689840895,0.8089906482673884,0.8089906482673885,1.1102230246251565e-16,0.0392926743288292,0.0023614148968367,0.0023614550720347,4.017519799996705e-08
13.6,1.72,0.6050002023411494,0.3949997976588506,1.915525020998446,0.21000040468229855,0.6528920091767458,0.8080173322254577,0.8080173322254578,1.1102230246251565e-16,0.0396208183008895,0.0001779138980151,0.0001779174592608,3.5612457000000746e-09
14.4,1.72,0.6045624618724905,0.3954375381275095,1.916198445507004,0.2091249237449809,0.6540888048237969,0.808757568634629,0.8087575686346292,2.220446049250313e-16,0.0396850167308408,4.388155334759192e-05,4.388208559184386e-05,5.32244251940533e-10
15.2,1.72,0.6041261683520138,0.3958738316479862,1.9168673129889908,0.20825233670402762,0.655283370240167,0.8094957506004383,0.8094957506004383,0.0,0.0417227076755912,1.211556943904155e-05,1.2115551161443887e-05,1.8277597663184705e-11
16.0,1.72,0.6037097230310481,0.3962902769689518,1.9175035761302432,0.2074194460620961,0.6564252021307452,0.8102007171872567,0.8102007171872567,0.0,0.0435114288300868,1.759012384724289e-06,1.7589912980920306e-06,2.1086632258470725e-11
16.8,1.72,0.6035750619924894,0.3964249380075106,1.9177088616130509,0.20715012398497873,0.6567947600400422,0.8104287507486652,0.8104287507486653,1.1102230246251565e-16,0.0430340776678436,3.463207335084795e-07,3.463143367077418e-07,6.396800737687231e-12
17.6,1.72,0.6049012204954278,0.3950987795045721,1.9156775003911977,0.20980244099085546,0.6531624769759556,0.8081846799933511,0.8081846799933513,2.220446049250313e-16,0.0404386368835171,5.5585827916252447e-08,5.5590071944080996e-08,4.244027828549087e-12
18.4,1.72,0.6063795181457148,0.3936204818542851,1.9133878077438675,0.21275903629142984,0.6491322184792147,0.8056874198342772,0.805687419834277,-1.1102230246251565e-16,0.0395745521139277,5.5585827916252447e-08,5.5590071944080996e-08,4.244027828549087e-12
19.200000000000003,1.72,0.5,0.5,2.0,0.0,1.0,1.0,1.0,0.0,0.0580670617382019,5.5585827916252447e-08,5.5590071944080996e-08,4.244027828549087e-12
20.0,1.72,0.5,0.5,2.0,0.0,1.0,1.0,1.0,0.0,0.0622911350603241,5.5585827916252447e-08,5.5590071944080996e-08,4.244027828549087e-12
4.0,1.91,0.5825382096573127,0.4174617903426872,1.9469453039358635,0.16507641931462536,0.7166255936898386,0.8465374142291872,0.8465374142291873,1.1102230246251565e-16,0.0433244628557501,2.746439031940409,2.7464391832019213,1.5126151220457018e-07
4.8,1.91,0.5809950630532413,0.4190049369467586,1.9488603436317298,0.16199012610648222,0.7211850213404691,0.8492261308629572,0.8492261308629576,4.440892098500626e-16,0.0392203218205325,13.849814704927338,13.849817714528992,3.0096016541136805e-06
5.6,1.91,0.5787793337834276,0.4212206662165724,1.9515532111813891,0.15755866756685524,0.727774199301643,0.8530968287959129,0.8530968287959129,0.0,0.0448967079220321,57.998439456096534,57.99836848292928,7.097316725435121e-05
6.4,1.91,0.5848488959194355,0.4151511040805645,1.9440174669591315,0.1696977918388705,0.7098433577922889,0.8425220221408388,0.8425220221408393,4.440892098500626e-16,0.0493701223785763,59.87930902770516,59.878528448380095,0.0007805793250668103
7.2,1.91,0.5943858875663109,0.405614112433689,1.9311827225800366,0.18877177513262194,0.682408719517988,0.8260803347846915,0.8260803347846915,0.0,0.0543924276470042,3.531494683930879,3.5313972407811858,9.744314969317713e-05
8.0,1.91,0.5969978824240078,0.4030021175759923,1.9274612361607004,0.19399576484801553,0.6750478174891862,0.8216129365395766,0.8216129365395766,0.0,0.0579949940859673,2.324652127806064,2.3245432442970357,0.00010888350902815702
8.8,1.91,0.598283351850414,0.4017166481495859,1.9255978472646629,0.1965667037008279,0.6714488158614607,0.8194198044113044,0.8194198044113046,2.220446049250313e-16,0.0457081665014607,1.5837000189827817,1.583690514587924,9.504394857584586e-06
9.6,1.91,0.5994209519298715,0.4005790480701284,1.9239314025590557,0.1988419038597429,0.668276687327062,0.8174819186545117,0.8174819186545119,2.220446049250313e-16,0.0411393810748158,0.9999999998666108,0.9999999998666328,2.19824158875781e-14
10.4,1.91,0.6000304115711947,0.3999695884288053,1.9230319297575742,0.20006082314238963,0.6665821943615736,0.8164448507777937,0.8164448507777936,-1.1102230246251565e-16,0.0443592616126883,0.4950631446735358,0.4950549984964067,8.146177129075838e-06
11.2,1.91,0.6003022302893043,0.3996977697106957,1.9226292654660213,0.20060446057860878,0.6658275607573018,0.8159825738073713,0.815982573807371,-2.220446049250313e-16,0.0459252716840258,0.1519945656417443,0.1519899006874554,4.66495428888547e-06
12.0,1.91,0.6004104622248969,0.3995895377751031,1.9224686767302812,0.20082092444979366,0.6655272732829699,0.8157985494489247,0.8157985494489248,1.1102230246251565e-16,0.0457444413926376,0.0381622569527426,0.0381607976910724,1.4592616702016614e-06
12.8,1.91,0.6044247150725642,0.3955752849274356,1.9164098723068501,0.20884943014512908,0.6544657673039469,0.8089905854235558,0.8089905854235554,-4.440892098500626e-16,0.0392926810028237,0.0023614074231625,0.0023614475983064,4.0175143900013366e-08
13.6,1.91,0.6050006218494678,0.3949993781505321,1.915524374500598,0.21000124369893539,0.6528908630590028,0.8080166230090828,0.8080166230090832,3.3306690738754696e-16,0.0396208945869131,0.0001779084343979,0.0001779119955826,3.56118469999403e-09
14.4,1.91,0.6045589459860531,0.3954410540139468,1.916203844907218,0.2091178919721064,0.6540984243793977,0.8087635157321317,0.8087635157321315,-2.220446049250313e-16,0.0396849281328525,4.388485570919386e-05,4.3885387950704e-05,5.322415101423165e-10
15.2,1.91,0.6041232149267503,0.3958767850732498,1.9168718328474252,0.20824642985350064,0.6552914625557794,0.8095007489531926,0.8095007489531924,-2.220446049250313e-16,0.0417227069206722,1.2116217485067828e-05,1.2116199192382124e-05,1.8292685703526017e-11
16.0,1.91,0.6036928744520179,0.3963071255479821,1.9175292733211786,0.20738574890403602,0.6564714316161451,0.8102292463347305,0.8102292463347303,-2.220446049250313e-16,0.0435104170036748,1.7603774505239973e-06,1.7603563301032962e-06,2.1120420701104054e-11
16.8,1.91,0.603127283491938,0.396872716508062,1.9183898789807063,0.20625456698387587,0.658024810634134,0.8111872845614223,0.8111872845614223,0.0,0.0429892169332644,3.5557796609861114e-07,3.555712759819993e-07,6.690116611841557e-12
17.6,1.91,0.6049963023836662,0.3950036976163337,1.915531031060489,0.2099926047673323,0.6529026641320481,0.8080239254700619,0.8080239254700619,0.0,0.0404728338204473,5.5585827916252447e-08,5.5590071944080996e-08,4.244027828549087e-12
18.4,1.91,0.6063795181457148,0.3936204818542851,1.9133878077438675,0.21275903629142984,0.6491322184792147,0.8056874198342772,0.805687419834277,-1.1102230246251565e-16,0.0395745521139277,5.5585827916252447e-08,5.5590071944080996e-08,4.244027828549087e-12
19.200000000000003,1.91,0.5,0.5,2.0,0.0,1.0,1.0,1.0,0.0,0.0580670617382019,5.5585827916252447e-08,5.5590071944080996e-08,4.244027828549087e-12
20.0,1.91,0.5,0.5,2.0,0.0,1.0,1.0,1.0,0.0,0.0622911350603241,5.5585827916252447e-08,5.5590071944080996e-08,4.244027828549087e-12
4.0,2.1,0.5824547177334687,0.4175452822665313,1.9470497448321955,0.16490943546693748,0.7168716632450731,0.8466827406089446,0.8466827406089444,-1.1102230246251565e-16,0.0433246016372041,2.785180956269893,2.785181110844213,1.5457432001042548e-07
4.8,2.1,0.5809982437648208,0.4190017562351792,1.9488564297119393,0.16199648752964138,0.721175598604365,0.8492205830079513,0.8492205830079514,1.1102230246251565e-16,0.0392204612668997,13.862110807668438,13.862113822240527,3.0145720888441474e-06
5.6,2.1,0.5787802403916855,0.4212197596083146,1.9515521231159465,0.15756048078337145,0.7277714928955704,0.8530952425700025,0.8530952425700019,-5.551115123125783e-16,0.0448967013573506,58.00143607981104,58.00136510104814,7.097876290629301e-05
6.4,2.1,0.5848489959171992,0.4151510040828007,1.9440173386974209,0.16969799183439815,0.7098430654424456,0.8425218486439655,0.8425218486439657,2.220446049250313e-16,0.0493701211216125,59.879461396861686,59.8786808141772,0.0007805826844844432
7.2,2.1,0.5943858952073212,0.4056141047926787,1.931182711821218,0.18877179041464257,0.6824086978901154,0.826080321694032,0.826080321694032,0.0,0.0543924273858104,3.531494990419022,3.5313975472529235,9.744316609827663e-05
8.0,2.1,0.5969978830237982,0.4030021169762018,1.9274612352961444,0.1939957660475965,0.6750478158063029,0.8216129355154428,0.8216129355154427,-1.1102230246251565e-16,0.0579949940403214,2.3246521249152052,2.3245432414057956,0.00010888350940962965
8.8,2.1,0.5982833519187145,0.4017166480812855,1.9255978471651005,0.1965667038374288,0.6714488156706468,0.8194198042948722,0.8194198042948723,1.1102230246251565e-16,0.0457081665065006,1.5837000160794863,1.5836905116847384,9.504394747894551e-06
9.6,2.1,0.5994209519886758,0.4005790480113242,1.9239314024724936,0.19884190397735205,0.6682766871634002,0.8174819185544111,0.8174819185544107,-4.440892098500626e-16,0.041139381075153,0.9999999982883636,0.9999999982884128,4.9182879990894435e-14
10.4,2.1,0.6000304116511316,0.3999695883488685,1.9230319296392937,0.20006082330226363,0.6665821941395489,0.8164448506418236,0.8164448506418231,-4.440892098500626e-16,0.04435926161776,0.4950631430270493,0.4950549968499924,8.146177056911341e-06
11.2,2.1,0.6003022300981387,0.3996977699018613,1.9226292657495334,0.20060446019627717,0.6658275612877834,0.8159825741324279,0.815982574132428,1.1102230246251565e-16,0.0459252716023004,0.1519945700785559,0.1519899051240172,4.664954538713406e-06
12.0,2.1,0.6004104547486792,0.3995895452513209,1.9224686878281456,0.20082090949735867,0.6655272940218561,0.815798562159714,0.8157985621597136,-4.440892098500626e-16,0.0457444406866391,0.0381622729123122,0.0381608136496297,1.4592626825030153e-06
12.8,2.1,0.6044247136342885,0.3955752863657115,1.9164098745132403,0.20884942726857722,0.6544657712408778,0.8089905878567921,0.8089905878567919,-2.220446049250313e-16,0.039292677337651,0.0023614106588717,0.0023614508340433,4.017517160007783e-08
13.6,2.1,0.605000270312668,0.3949997296873321,1.9155249162487245,0.21000054062533646,0.6528918234750428,0.8080172173134949,0.8080172173134944,-4.440892098500626e-16,0.0396208249258223,0.0001779131852523,0.0001779167464889,3.5612366000201904e-09
14.4,2.1,0.604558297081608,0.395441702918392,1.9162048414231123,0.20911659416321587,0.6541001998108585,0.808764613352277,0.8087646133522772,2.220446049250313e-16,0.0396848780718625,4.3885941928586626e-05,4.388647417103871e-05,5.322424520836115e-10
15.2,2.1,0.604120795891098,0.3958792041089021,1.9168755348078763,0.2082415917821968,0.655298090715395,0.8095048429227563,0.8095048429227555,-7.771561172376096e-16,0.0417227063159626,1.2117265494006113e-05,1.2117247188182593e-05,1.830582351996298e-11
16.0,2.1,0.6036790834097949,0.3963209165902051,1.9175503046096543,0.20735816681958988,0.6565092736883363,0.8102525986927388,0.8102525986927387,-1.1102230246251565e-16,0.0435095909365593,1.7614945184000992e-06,1.7614733703122222e-06,2.1148087876973176e-11
16.8,2.1,0.6031392704404719,0.3968607295595281,1.9183716804184618,0.20627854088094377,0.657991858612856,0.8111669733247626,0.8111669733247625,-1.1102230246251565e-16,0.0429990402178998,3.538361728484938e-07,3.538295303605331e-07,6.642487960705332e-12
17.6,2.1,0.605264992326366,0.394735007673634,1.9151165304853885,0.21052998465273215,0.6521689056498217,0.8075697528076581,0.8075697528076579,-2.220446049250313e-16,0.0407600933091185,5.5585827916252447e-08,5.5590071944080996e-08,4.244027828549087e-12
18.4,2.1,0.6063795181457148,0.3936204818542851,1.9133878077438675,0.21275903629142984,0.6491322184792147,0.8056874198342772,0.805687419834277,-1.1102230246251565e-16,0.0395745521139277,5.5585827916252447e-08,5.5590071944080996e-08,4.244027828549087e-12
19.200000000000003,2.1,0.5,0.5,2.0,0.0,1.0,1.0,1.0,0.0,0.0580670617382019,5.5585827916252447e-08,5.5590071944080996e-08,4.244027828549087e-12
20.0,2.1,0.5,0.5,2.0,0.0,1.0,1.0,1.0,0.0,0.0622911350603241,5.5585827916252447e-08,5.5590071944080996e-08,4.244027828549087e-12
4.0,2.29,0.5823735893934346,0.4176264106065652,1.947151138560862,0.16474717878686965,0.7171108343727256,0.8468239689408454,0.8468239689408452,-2.220446049250313e-16,0.0433247945989391,2.824136640795359,2.8241367987389703,1.579436110787924e-07
4.8,2.29,0.581001437097113,0.4189985629028869,1.948852500123348,0.1620028741942259,0.7211661385836684,0.8492150131643152,0.8492150131643155,2.220446049250313e-16,0.0392206004279653,13.874408961284974,13.87441198083421,3.0195492364271104e-06
5.6,2.29,0.5787811470274892,0.4212188529725108,1.9515510350061367,0.15756229405497843,0.7277687864157486,0.8530936562979171,0.853093656297917,-1.1102230246251565e-16,0.0448966947925753,58.00443264077295,58.0043616564147,7.098435824559601e-05
6.4,2.29,0.5848490959146838,0.4151509040853162,1.9440172104359341,0.16969819182936757,0.7098427730935183,0.8425216751476001,0.8425216751476001,0.0,0.0493701198646799,59.87961376479858,59.87883317875469,0.0007805860438878653
7.2,2.29,0.5943859028483375,0.4056140971516624,1.9311827010623903,0.1887718056966749,0.6824086762622268,0.8260803086033626,0.8260803086033626,0.0,0.0543924271246186,3.5314952968831004,3.531397853700598,9.744318250248796e-05
8.0,2.29,0.5969978836247092,0.4030021163752909,1.927461234429973,0.19399576724941853,0.6750478141202756,0.8216129344893957,0.8216129344893954,-2.220446049250313e-16,0.0579949939946481,2.3246521219185827,2.3245432384087983,0.00010888350978444095
8.8,2.29,0.5982833519734151,0.4017166480265848,1.9255978470853627,0.1965667039468303,0.6714488155178271,0.8194198042016235,0.8194198042016235,0.0,0.0457081665112687,1.5837000138984771,1.5836905095038265,9.504394650639014e-06
9.6,2.29,0.5994209520016874,0.4005790479983125,1.9239314024533405,0.19884190400337481,0.6682766871271876,0.8174819185322618,0.8174819185322618,0.0,0.0411393810758908,0.9999999976953478,0.9999999976954088,6.106226635438361e-14
10.4,2.29,0.60003041147758,0.3999695885224201,1.9230319298960932,0.20006082295516028,0.666582194621588,0.8164448509370297,0.8164448509370292,-4.440892098500626e-16,0.0443592616290407,0.4950631435791765,0.495054997402103,8.146177073509175e-06
11.2,2.29,0.6003022284143198,0.3996977715856802,1.922629268246755,0.20060445682863937,0.6658275659603496,0.8159825769955811,0.8159825769955812,1.1102230246251565e-16,0.0459252716096288,0.1519945771914366,0.1519899122364957,4.664954940919452e-06
12.0,2.29,0.600410465109904,0.3995895348900961,1.9224686724477114,0.2008209302198087,0.6655272652800135,0.8157985445439423,0.8157985445439416,-6.661338147750939e-16,0.045744440868856,0.0381622595809512,0.0381608003190997,1.4592618515010813e-06
12.8,2.29,0.604424712434565,0.395575287565435,1.9164098763536785,0.20884942486913013,0.6544657745248293,0.8089905898864521,0.8089905898864519,-2.220446049250313e-16,0.0392926742806846,0.0023614133143692,0.0023614534895632,4.0175194000128395e-08
13.6,2.29,0.6050001111023071,0.3949998888976929,1.915525161604945,0.21000022220461437,0.6528922584460439,0.8080174864729378,0.8080174864729376,-2.220446049250313e-16,0.0396208241404996,0.0001779135393906,0.0001779171006294,3.5612388000019236e-09
14.4,2.29,0.6045598120896375,0.3954401879103624,1.916202514832815,0.20911962417927502,0.6540960546873582,0.8087620507215693,0.8087620507215693,0.0,0.039684875172823,4.3885121167735565e-05,4.388565341339088e-05,5.322456553182725e-10
15.2,2.29,0.6041271279520962,0.3958728720479039,1.9168658444146784,0.2082542559041931,0.6552807409755876,0.8094941265849855,0.809494126584985,-5.551115123125783e-16,0.0417206814942006,1.2123073277340856e-05,1.2123054916164692e-05,1.836117616422475e-11
16.0,2.29,0.6036558237221343,0.3963441762778656,1.9175857702548522,0.2073116474442687,0.6565731012649102,0.8102919851910855,0.8102919851910855,0.0,0.043499180003252,1.7682442152188234e-06,1.7682229076381492e-06,2.130758067422476e-11
16.8,2.29,0.6034874735579798,0.39651252644202,1.917842267147939,0.20697494711596046,0.6570352224617049,0.8105770922384284,0.8105770922384279,-5.551115123125783e-16,0.0430529068705488,3.4506923069910597e-07,3.4506286654089053e-07,6.364158215435055e-12
17.6,2.29,0.605264992326366,0.394735007673634,1.9151165304853885,0.21052998465273215,0.6521689056498217,0.8075697528076581,0.8075697528076579,-2.220446049250313e-16,0.0407600933091185,5.5585827916252447e-08,5.5590071944080996e-08,4.244027828549087e-12
18.4,2.29,0.6063795181457148,0.3936204818542851,1.9133878077438675,0.21275903629142984,0.6491322184792147,0.8056874198342772,0.805687419834277,-1.1102230246251565e-16,0.0395745521139277,5.5585827916252447e-08,5.5590071944080996e-08,4.244027828549087e-12
19.200000000000003,2.29,0.5,0.5,2.0,0.0,1.0,1.0,1.0,0.0,0.0580670617382019,5.5585827916252447e-08,5.5590071944080996e-08,4.244027828549087e-12
20.0,2.29,0.5,0.5,2.0,0.0,1.0,1.0,1.0,0.0,0.0622911350603241,5.5585827916252447e-08,5.5590071944080996e-08,4.244027828549087e-12
4.0,2.4800000000000004,0.5822948275135592,0.4177051724864407,1.947249489302856,0.16458965502711875,0.7173430927938544,0.8469610928453885,0.8469610928453883,-1.1102230246251565e-16,0.0433250391980174,2.8633003076679997,2.863300469037758,1.6136975844460721e-07
4.8,2.4800000000000004,0.5810046430369474,0.4189953569630527,1.9488485548805161,0.16200928607389545,0.7211566413186257,0.8492094213553137,0.8492094213553131,-6.661338147750939e-16,0.0392207393039313,13.886709152073122,13.886712176606231,3.0245331092970673e-06
5.6,2.4800000000000004,0.5787820536908368,0.4212179463091632,1.95154994685196,0.1575641073816736,0.7277660798621819,0.8530920699796605,0.8530920699796605,0.0,0.0448966882277065,58.007429138970245,58.00735814901693,7.098995331489277e-05
6.4,2.4800000000000004,0.5848491959118027,0.4151508040881974,1.9440170821747818,0.16969839182360605,0.7098424807457595,0.8425215016518929,0.8425215016518923,-5.551115123125783e-16,0.0493701186077817,59.8797661316673,59.87898554226405,0.0007805894032557603
7.2,2.4800000000000004,0.594385910489416,0.405614089510584,1.9311826903034741,0.18877182097883183,0.6824086546341626,0.8260802955125865,0.8260802955125867,1.1102230246251565e-16,0.0543924268634235,3.5314956033556744,3.531398160156766,9.744319890847564e-05
8.0,2.4800000000000004,0.5969978842246042,0.4030021157753958,1.9274612335652666,0.19399576844920838,0.6750478124370994,0.8216129334650834,0.8216129334650834,0.0,0.057994993948982,2.324652119046735,2.3245432355365647,0.00010888351017035447
8.8,2.4800000000000004,0.5982833520358545,0.4017166479641456,1.9255978469943442,0.19656670407170918,0.6714488153433875,0.8194198040951829,0.8194198040951827,-2.220446049250313e-16,0.0457081665161039,1.5837000112891737,1.5836905068946263,9.504394547388273e-06
9.6,2.4800000000000004,0.5994209519393063,0.4005790480606938,1.9239314025451668,0.19884190387861328,0.6682766873008024,0.8174819186384513,0.8174819186384505,-7.771561172376096e-16,0.041139381074737,0.9999999996783836,0.9999999996784092,2.5646151868841116e-14
10.4,2.4800000000000004,0.6000304115524405,0.3999695884475596,1.923031929785324,0.2000608231048816,0.6665821944136627,0.8164448508096942,0.8164448508096935,-6.661338147750939e-16,0.0443592616320824,0.4950631422688163,0.4950549960917995,8.14617701683229e-06
11.2,2.4800000000000004,0.6003022283960936,0.3996977716039064,1.9226292682737856,0.2006044567921871,0.6658275660109267,0.8159825770265727,0.8159825770265727,0.0,0.0459252715461255,0.1519945801279112,0.1519899151728069,4.6649551042887705e-06
12.0,2.4800000000000004,0.6004104499860428,0.3995895500139572,1.92246869489791,0.200820899972085,0.6655273072333211,0.8157985702569724,0.8157985702569729,4.440892098500626e-16,0.0457444406534726,0.0381622787306244,0.0381608194675868,1.4592630376009108e-06
12.8,2.4800000000000004,0.6044246526021817,0.3955753473978183,1.9164099681396438,0.20884930520436346,0.6544659383014558,0.8089906911092709,0.8089906911092709,0.0,0.0392926721261558,0.0023614173429092,0.002361457518116,4.017520680021924e-08
13.6,2.4800000000000004,0.6049999762878544,0.3950000237121455,1.9155253693648284,0.20999995257570905,0.6528926267663313,0.808017714388943,0.8080177143889429,-1.1102230246251565e-16,0.0396208234755196,0.0001779136267562,0.0001779171879925,3.5612362999943442e-09
14.4,2.4800000000000004,0.6045591962467963,0.3954408037532037,1.9162034605829887,0.20911839249359282,0.6540977396558775,0.8087630924169807,0.8087630924169806,-1.1102230246251565e-16,0.0396848368392563,4.3886051416760646e-05,4.3886583663268195e-05,5.322465075486139e-10
15.2,2.4800000000000004,0.6041247800091439,0.3958752199908561,1.91686943769234,0.2082495600182879,0.6552871742570536,0.8094981002183104,0.8094981002183104,0.0,0.041720836192971,1.2122997471894627e-05,1.2122979105488345e-05,1.8366406282659987e-11
16.0,2.4800000000000004,0.6037111016836417,0.3962888983163583,1.9175014732764248,0.20742220336728323,0.656421419468981,0.8101983827859575,0.8101983827859576,1.1102230246251565e-16,0.0435071232701649,1.7614620046523424e-06,1.761440864127616e-06,2.1140524726351648e-11
16.8,2.4800000000000004,0.6031578580340436,0.3968421419659564,1.9183434572696139,0.2063157160680874,0.6579407640637213,0.8111354782425201,0.8111354782425197,-3.3306690738754696e-16,0.0430162107013263,3.522569373461542e-07,3.522503494640953e-07,6.587882058889914e-12
17.6,2.4800000000000004,0.605264992326366,0.394735007673634,1.9151165304853885,0.21052998465273215,0.6521689056498217,0.8075697528076581,0.8075697528076579,-2.220446049250313e-16,0.0407600933091185,5.5585827916252447e-08,5.5590071944080996e-08,4.244027828549087e-12
18.4,2.4800000000000004,0.6063795181457148,0.3936204818542851,1.9133878077438675,0.21275903629142984,0.6491322184792147,0.8056874198342772,0.805687419834277,-1.1102230246251565e-16,0.0395745521139277,5.5585827916252447e-08,5.5590071944080996e-08,4.244027828549087e-12
19.200000000000003,2.4800000000000004,0.5,0.5,2.0,0.0,1.0,1.0,1.0,0.0,0.0580670617382019,5.5585827916252447e-08,5.5590071944080996e-08,4.244027828549087e-12
20.0,2.4800000000000004,0.5,0.5,2.0,0.0,1.0,1.0,1.0,0.0,0.0622911350603241,5.5585827916252447e-08,5.5590071944080996e-08,4.244027828549087e-12
4.0,2.6700000000000004,0.5822184337652542,0.4177815662347457,1.947344802531551,0.16443686753050824,0.7175684279402121,0.8470941080778521,0.8470941080778523,2.220446049250313e-16,0.0433253329771754,2.9026660842173873,2.9026662490704944,1.6485310716518597e-07
4.8,2.6700000000000004,0.5810078615711343,0.4189921384288657,1.9488445939980257,0.16201572314226786,0.7211471068495483,0.8492038076042449,0.8492038076042454,5.551115123125783e-16,0.0392208778950012,13.899011366322384,13.899014395846113,3.0295237287703003e-06
5.6,2.6700000000000004,0.5787829603817083,0.4212170396182917,1.9515488586534397,0.15756592076341625,0.727763373234932,0.8530904836152678,0.8530904836152681,2.220446049250313e-16,0.0448966816627449,58.01042557436968,58.01035457882148,7.099554819944842e-05
6.4,2.6700000000000004,0.5848492959086107,0.4151507040913893,1.9440169539138947,0.1696985918172215,0.7098421883990114,0.8425213281567485,0.8425213281567484,-1.1102230246251565e-16,0.0493701173509156,59.87991849733976,59.87913790457715,0.0007805927626094444
7.2,2.6700000000000004,0.5943859181304303,0.4056140818695696,1.9311826795446474,0.1887718362608605,0.6824086330062803,0.8260802824219206,0.8260802824219207,1.1102230246251565e-16,0.0543924266022302,3.531495909825945,3.5313984666106317,9.744321531313105e-05
8.0,2.6700000000000004,0.5969978848246925,0.4030021151753075,1.9274612327002814,0.19399576964938506,0.6750478107533805,0.8216129324404409,0.8216129324404409,0.0,0.0579949939033326,2.324652116121986,2.3245432326114357,0.00010888351055049483
8.8,2.6700000000000004,0.5982833521092482,0.4017166478907519,1.9255978468873571,0.19656670421849692,0.6714488151383441,0.8194198039700681,0.8194198039700676,-4.440892098500626e-16,0.045708166521552,1.583700008175128,1.5836905037807008,9.504394427262142e-06
9.6,2.6700000000000004,0.5994209519539793,0.4005790480460207,1.923931402523568,0.19884190390795875,0.668276687259966,0.8174819186134739,0.8174819186134737,-1.1102230246251565e-16,0.0411393810753994,0.9999999991527662,0.9999999991528034,3.7192471324942744e-14
10.4,2.6700000000000004,0.6000304113667356,0.3999695886332644,1.9230319300601064,0.2000608227334712,0.6665821949294582,0.8164448511255725,0.8164448511255725,0.0,0.0443592616141796,0.4950631472860931,0.4950550011088644,8.146177228662843e-06
11.2,2.6700000000000004,0.6003022297114005,0.3996977702885996,1.9226292663230933,0.200604459422801,0.6658275623609744,0.8159825747900348,0.8159825747900346,-2.220446049250313e-16,0.0459252716543874,0.1519945696546374,0.1519899047001262,4.664954511207631e-06
12.0,2.6700000000000004,0.6004104592115519,0.3995895407884481,1.922468681203358,0.20082091842310373,0.6655272816419318,0.8157985545721026,0.8157985545721025,-1.1102230246251565e-16,0.0457444408121159,0.0381622668764085,0.0381608076141092,1.4592622993025994e-06
12.8,2.6700000000000004,0.6044247356085687,0.3955752643914312,1.9164098408035486,0.2088494712171376,0.654465711091628,0.808990550681297,0.8089905506812969,-1.1102230246251565e-16,0.0392926766540285,0.0023614102063553,0.0023614503815291,4.017517380014088e-08
13.6,2.6700000000000004,0.6050004978268277,0.3949995021731723,1.9155245656302136,0.2100009956536556,0.652891201894903,0.8080168326804232,0.8080168326804232,0.0,0.0396208375658124,0.0001779121532983,0.0001779157145268,3.56122849999997e-09
14.4,2.6700000000000004,0.6045586680291537,0.3954413319708462,1.916204271763405,0.2091173360583076,0.6540991848813864,0.8087639858953826,0.8087639858953825,-1.1102230246251565e-16,0.0396848039616665,4.388681883163362e-05,4.3887351078502446e-05,5.322468688251066e-10
15.2,2.6700000000000004,0.6041227661807878,0.3958772338192123,1.9168725195892304,0.20824553236157575,0.6552926921160643,0.8095015084087642,0.8095015084087641,-1.1102230246251565e-16,0.0417209688766892,1.212333954727387e-05,1.212332117576752e-05,1.8371506351044634e-11
16.0,2.6700000000000004,0.6036989178090334,0.3963010821909666,1.917520056487946,0.20739783561806657,0.6564548494293106,0.8102190132484614,0.8102190132484615,1.1102230246251565e-16,0.0435067101485916,1.7622643755717209e-06,1.7622432146402492e-06,2.116093147164547e-11
16.8,2.6700000000000004,0.603417490764053,0.3965825092359469,1.9179487898259846,0.20683498152810567,0.6572274011046493,0.810695627905226,0.8106956279052264,4.440892098500626e-16,0.0430176853966218,3.496172803375751e-07,3.496107802646275e-07,6.500072947609754e-12
17.6,2.6700000000000004,0.605264992326366,0.394735007673634,1.9151165304853885,0.21052998465273215,0.6521689056498217,0.8075697528076582,0.8075697528076579,-3.3306690738754696e-16,0.0407600933091185,5.5585827916252447e-08,5.5590071944080996e-08,4.244027828549087e-12
18.4,2.6700000000000004,0.6063795181457148,0.3936204818542851,1.9133878077438675,0.21275903629142984,0.6491322184792147,0.8056874198342772,0.805687419834277,-1.1102230246251565e-16,0.0395745521139277,5.5585827916252447e-08,5.5590071944080996e-08,4.244027828549087e-12
19.200000000000003,2.6700000000000004,0.5,0.5,2.0,0.0,1.0,1.0,1.0,0.0,0.0580670617382019,5.5585827916252447e-08,5.5590071944080996e-08,4.244027828549087e-12
20.0,2.6700000000000004,0.5,0.5,2.0,0.0,1.0,1.0,1.0,0.0,0.0622911350603241,5.5585827916252447e-08,5.5590071944080996e-08,4.244027828549087e-12
4.0,2.8600000000000003,0.5821444086530109,0.4178555913469891,1.947437084957988,0.16428881730602135,0.71778683284761,0.84722301246343,0.8472230124634305,4.440892098500626e-16,0.0433256735630975,2.942228006562086,2.9422281749560883,1.6839400229784474e-07
4.8,2.8600000000000003,0.5810110926864712,0.4189889073135288,1.9488406174904658,0.16202218537294238,0.7211375352167779,0.8491981719344301,0.8491981719344301,0.0,0.0392210162013796,13.911315590314764,13.91131862483585,3.034521085965025e-06
5.6,2.8600000000000003,0.5787838671000975,0.4212161328999024,1.9515477704105817,0.15756773420019535,0.7277606665340158,0.8530888972047498,0.8530888972047496,-2.220446049250313e-16,0.0448966750976909,58.01342194695087,58.013350945808085,7.100114278557612e-05
6.4,2.8600000000000003,0.5848493959051352,0.4151506040948647,1.9440168256532369,0.16969879181027023,0.7098418960531917,0.8425211546621196,0.8425211546621199,2.220446049250313e-16,0.049370116094081,59.880070861841375,59.879290265719426,0.0007805961219489177
7.2,2.8600000000000003,0.5943859257713965,0.4056140742286034,1.9311826687858875,0.18877185154279325,0.6824086113785345,0.8260802693313372,0.8260802693313372,0.0,0.0543924263410365,3.5314962163088297,3.5313987730771106,9.744323171911873e-05
8.0,2.8600000000000003,0.5969978854251753,0.4030021145748246,1.9274612318347275,0.19399577085035036,0.6750478090685551,0.8216129314151249,0.8216129314151251,2.220446049250313e-16,0.0579949938576565,2.324652113186516,2.3245432296755872,0.00010888351092885884
8.8,2.8600000000000003,0.5982833521625607,0.4017166478374394,1.9255978468096435,0.19656670432512124,0.6714488149894037,0.819419803879186,0.819419803879186,0.0,0.0457081665261925,1.5837000060374655,1.583690501643132,9.504394333559318e-06
9.6,2.8600000000000003,0.5994209519667026,0.4005790480332974,1.9239314025048386,0.19884190393340587,0.6682766872245545,0.8174819185918154,0.8174819185918147,-6.661338147750939e-16,0.0411393810759739,0.9999999987043356,0.9999999987043832,4.75175454539567e-14
10.4,2.8600000000000003,0.6000304114390135,0.3999695885609864,1.9230319299531589,0.20006082287802712,0.6665821947287065,0.81644485100263,0.8164448510026299,-1.1102230246251565e-16,0.0443592616178045,0.4950631456556943,0.4950549994785292,8.146177165102575e-06
11.2,2.8600000000000003,0.6003022283888604,0.3996977716111396,1.922629268284513,0.20060445677772076,0.6658275660309987,0.815982577038872,0.815982577038872,0.0,0.0459252716567949,0.1519945759017996,0.1519899109469483,4.664954851296699e-06
12.0,2.8600000000000003,0.6004104539222045,0.3995895460777955,1.9224686890549836,0.2008209078444087,0.6655272963144822,0.8157985635648557,0.8157985635648558,1.1102230246251565e-16,0.045744440332292,0.0381622779357107,0.0381608186727099,1.4592630007970175e-06
12.8,2.8600000000000003,0.6044246821864124,0.3955753178135876,1.9164099227559117,0.20884936437282509,0.6544658573218007,0.8089906410594632,0.808990641059463,-2.220446049250313e-16,0.0392926746280852,0.0023614139061123,0.0023614540812986,4.0175186300124566e-08
13.6,2.8600000000000003,0.6050003552314148,0.3949996447685851,1.9155247853818471,0.21000071046282925,0.6528915914726972,0.8080170737507324,0.8080170737507328,4.440892098500626e-16,0.039620836097214,0.0001779123387879,0.0001779159000153,3.5612273999955507e-09
14.4,2.8600000000000003,0.6045598564624598,0.3954401435375401,1.9162024466892695,0.20911971292491954,0.6540959332818274,0.8087619756651688,0.8087619756651689,1.1102230246251565e-16,0.0396848065631615,4.388610511796701e-05,4.388663736712931e-05,5.322491622989484e-10
15.2,2.8600000000000003,0.6041210198869924,0.3958789801130076,1.9168751920197689,0.2082420397739846,0.655297476964237,0.8095044638321871,0.8095044638321873,2.220446049250313e-16,0.0417210839325972,1.212325612060556e-05,1.2123237745254533e-05,1.8375351026815958e-11
16.0,2.8600000000000003,0.6036883616363918,0.3963116383636081,1.9175361556054809,0.20737672327278348,0.656483814412694,0.8102368878375593,0.8102368878375595,2.220446049250313e-16,0.0435063528166615,1.7629568769854129e-06,1.7629356984038437e-06,2.1178581569176517e-11
16.8,2.8600000000000003,0.603127283491938,0.3968727165080621,1.918389878980706,0.2062545669838764,0.6580248106341331,0.8111872845614223,0.8111872845614218,-5.551115123125783e-16,0.0429892169332644,3.555779660986111e-07,3.555712759819992e-07,6.690116611894496e-12
17.6,2.8600000000000003,0.6051683752478604,0.3948316247521395,1.915265680305428,0.21033675049572112,0.6524326797321937,0.8077330497956574,0.8077330497956572,-2.220446049250313e-16,0.0405589038714138,5.5585827916252447e-08,5.5590071944080996e-08,4.244027828549087e-12
18.4,2.8600000000000003,0.6063795181457149,0.3936204818542852,1.913387807743867,0.21275903629143036,0.6491322184792139,0.8056874198342772,0.8056874198342766,-5.551115123125783e-16,0.0395745521139277,5.5585827916252447e-08,5.5590071944080996e-08,4.244027828549087e-12
19.200000000000003,2.8600000000000003,0.6058794362824643,0.3941205637175357,1.9141653420701519,0.21175887256492848,0.6504933822078006,0.8065316994438597,0.8065316994438598,1.1102230246251565e-16,0.0394517823820258,5.5585827916252447e-08,5.5590071944080996e-08,4.244027828549087e-12
20.0,2.8600000000000003,0.5,0.5,2.0,0.0,1.0,1.0,1.0,0.0,0.0622911350603241,5.5585827916252447e-08,5.5590071944080996e-08,4.244027828549087e-12
4.0,3.0500000000000003,0.5820727515518621,0.4179272484481379,1.9475263444776625,0.1641455031037245,0.7179983040503156,0.8473478058331867,0.8473478058331866,-1.1102230246251565e-16,0.0433260586646842,2.9819800233054217,2.981980195298183,1.7199276136636854e-07
4.8,3.0500000000000003,0.5810143363697383,0.4189856636302617,1.9488366253724476,0.16202867273947655,0.7211279264607218,0.8491925143692223,0.8491925143692223,0.0,0.0392211542232726,13.923621810325049,13.923624849850247,3.03952519864481e-06
5.6,3.0500000000000003,0.578784773845998,0.421215226154002,1.9515466821233938,0.1575695476919963,0.7277579597594562,0.8530873107481184,0.853087310748118,-3.3306690738754696e-16,0.0448966685325447,58.016418256691985,58.01634724995485,7.100673713722472e-05
6.4,3.0500000000000003,0.5848494959013061,0.415150504098694,1.944016697392898,0.16969899180261222,0.7098416037085051,0.8425209811681281,0.842520981168128,-1.1102230246251565e-16,0.0493701148372804,59.8802232252355,59.87944262575423,0.0007805994812670747
7.2,3.0500000000000003,0.5943859334124764,0.4056140665875236,1.931182658026967,0.18877186682495295,0.6824085897504678,0.8260802562405593,0.8260802562405591,-1.1102230246251565e-16,0.0543924260798415,3.5314965227686694,3.531399079520546,9.744324812333005e-05
8.0,3.0500000000000003,0.5969978860257541,0.4030021139742459,1.9274612309690353,0.19399577205150795,0.67504780738346,0.821612930389645,0.8216129303896452,2.220446049250313e-16,0.0579949938119963,2.3246521102147737,2.3245432267034674,0.00010888351130633467
8.8,3.0500000000000003,0.5982833522303231,0.4017166477696768,1.9255978467108654,0.19656670446064617,0.6714488148000929,0.8194198037636707,0.8194198037636709,1.1102230246251565e-16,0.0457081665314059,1.5837000032005055,1.5836904988062843,9.504394221204748e-06
9.6,3.0500000000000003,0.5994209520375227,0.4005790479624773,1.92393140240059,0.19884190407504504,0.6682766870274531,0.8174819184712605,0.8174819184712608,3.3306690738754696e-16,0.041139381077923,0.9999999963696524,0.999999996369746,9.35918009759007e-14
10.4,3.0500000000000003,0.6000304115022862,0.3999695884977138,1.9230319298595364,0.20006082300457237,0.6665821945529671,0.8164448508950051,0.8164448508950051,0.0,0.0443592616209777,0.4950631444608023,0.4950549982836894,8.146177112922093e-06
11.2,3.0500000000000003,0.6003022283756263,0.3996977716243736,1.92262926830414,0.20060445675125255,0.6658275660677231,0.8159825770613751,0.8159825770613752,1.1102230246251565e-16,0.0459252716022213,0.1519945778264063,0.1519899128714332,4.6649549730881645e-06
12.0,3.0500000000000003,0.6004104617531036,0.3995895382468964,1.9224686774306214,0.2008209235062074,0.6655272745917151,0.8157985502510502,0.8157985502510501,-1.1102230246251565e-16,0.0457444404911777,0.0381622667283954,0.0381608074660722,1.45926232320015e-06
12.8,3.0500000000000003,0.604424683244643,0.3955753167553569,1.9164099211325316,0.20884936648928606,0.6544658544251517,0.8089906392691769,0.808990639269177,1.1102230246251565e-16,0.0392926725016516,0.0023614156976287,0.0023614558728309,4.0175202200166266e-08
13.6,3.0500000000000003,0.60500023040264,0.39499976959736,1.9155249777533792,0.2100004608052801,0.6528919325112975,0.8080172847849839,0.8080172847849837,-2.220446049250313e-16,0.0396208348116042,0.0001779126409144,0.0001779162021437,3.561229300005648e-09
14.4,3.0500000000000003,0.6045593529240437,0.3954406470759562,1.9162032199740977,0.2091187058480874,0.6540973109808774,0.8087628273980434,0.8087628273980435,1.1102230246251565e-16,0.03968477966752,4.388677358452415e-05,4.3887305833836766e-05,5.322493126168034e-10
15.2,3.0500000000000003,0.6041194911359962,0.3958805088640038,1.9168775315042748,0.2082389822719923,0.6553016657674522,0.8095070510918679,0.809507051091868,1.1102230246251565e-16,0.0417211846548101,1.212354228994554e-05,1.2123523910685784e-05,1.837925975691282e-11
16.0,3.0500000000000003,0.60367912741234,0.39632087258766,1.9175502375096505,0.20735825482467976,0.6565091529443509,0.8102525241826468,0.8102525241826469,1.1102230246251565e-16,0.0435060406886989,1.7635652143478226e-06,1.7635440202944377e-06,2.1194053384899637e-11
16.8,3.0500000000000003,0.6031735154881473,0.3968264845118526,1.9183196799026927,0.2063470309762949,0.6578977264787587,0.8111089485875241,0.811108948587524,-1.1102230246251565e-16,0.0430333508371845,3.498408020520719e-07,3.498342830140309e-07,6.519038040974464e-12
17.6,3.0500000000000003,0.6051881677781555,0.3948118322218445,1.9152351354224204,0.21037633555631124,0.6523786373275078,0.8076995959683948,0.8076995959683946,-2.220446049250313e-16,0.040572961409105,5.5585827916252447e-08,5.5590071944080996e-08,4.244027828549087e-12
18.4,3.0500000000000003,0.6063795181457149,0.3936204818542852,1.913387807743867,0.21275903629143036,0.6491322184792139,0.8056874198342772,0.8056874198342766,-5.551115123125783e-16,0.0395745521139277,5.5585827916252447e-08,5.5590071944080996e-08,4.244027828549087e-12
19.200000000000003,3.0500000000000003,0.6058794362824643,0.3941205637175357,1.9141653420701519,0.21175887256492848,0.6504933822078006,0.8065316994438597,0.8065316994438598,1.1102230246251565e-16,0.0394517823820258,5.5585827916252447e-08,5.5590071944080996e-08,4.244027828549087e-12
20.0,3.0500000000000003,0.5,0.5,2.0,0.0,1.0,1.0,1.0,0.0,0.0622911350603241,5.5585827916252447e-08,5.5590071944080996e-08,4.244027828549087e-12
4.0,3.24,0.582003460744273,0.4179965392557269,1.9476125901187993,0.16400692148854637,0.718202841476557,0.8474684899608701,0.8474684899608699,-2.220446049250313e-16,0.043326486071318,3.0219159993113847,3.021916174961064,1.7564967924599273e-07
4.8,3.24,0.5810175926077008,0.4189824073922991,1.9488326176585935,0.16203518521540183,0.7211182806218281,0.8491868349320003,0.8491868349320002,-1.1102230246251565e-16,0.0392212919608874,13.935930012621332,13.935933057157367,3.0445360348352324e-06
5.6,3.24,0.5787856806193904,0.4212143193806096,1.951545593791898,0.15757136123878057,0.7277552529113112,0.8530857242454072,0.8530857242454073,1.1102230246251565e-16,0.0448966619673072,58.01941450356524,58.019343491234025,7.101233121176165e-05
6.4,3.24,0.5848495958971244,0.4151504041028757,1.9440165691328775,0.16969919179424878,0.7098413113649497,0.8425208076747718,0.8425208076747717,-1.1102230246251565e-16,0.0493701135805135,59.88037558751555,59.87959498467501,0.0007806028405425991
7.2,3.24,0.5943859410535598,0.4056140589464401,1.931182647268041,0.18877188210711965,0.6824085681223919,0.8260802431497752,0.8260802431497754,1.1102230246251565e-16,0.0543924258186459,3.531496829228195,3.5313993859636685,9.74432645266532e-05
8.0,3.24,0.5969978866255943,0.4030021133744056,1.9274612301044076,0.19399577325118844,0.6750478057004372,0.8216129293654263,0.8216129293654264,1.1102230246251565e-16,0.05799499376634,2.3246521073336437,2.3245432238219537,0.00010888351169002775
8.8,3.24,0.5982833522989721,0.4017166477010279,1.9255978466107952,0.19656670459794404,0.6714488146083055,0.8194198036466444,0.8194198036466446,2.220446049250313e-16,0.0457081665366069,1.583700000299672,1.5836904959055635,9.504394108406089e-06
9.6,3.24,0.5994209520183855,0.4005790479816144,1.9239314024287602,0.19884190403677107,0.6682766870807143,0.8174819185038371,0.8174819185038372,1.1102230246251565e-16,0.0411393810786049,0.9999999967824256,0.999999996782518,9.248157795127554e-14
10.4,3.24,0.6000304115581381,0.399969588441862,1.9230319297768939,0.20006082311627624,0.6665821943978385,0.8164448508000027,0.8164448508000026,-1.1102230246251565e-16,0.0443592616237788,0.4950631434294777,0.4950549972524102,8.146177067513971e-06
11.2,3.24,0.6003022304237308,0.3996977695762693,1.9226292652666575,0.20060446084746164,0.6658275603842709,0.8159825735787936,0.8159825735787933,-2.220446049250313e-16,0.0459252716148124,0.1519945676696716,0.1519899027152582,4.664954413396982e-06
12.0,3.24,0.6004104503736611,0.3995895496263388,1.9224686943225204,0.200820900747322,0.6655273061580746,0.815798569597958,0.8157985695979582,1.1102230246251565e-16,0.0457444403484645,0.0381622818819095,0.0381608226186711,1.4592632384055615e-06
12.8,3.24,0.604424705883832,0.3955752941161679,1.9164098864028434,0.20884941176766406,0.6544657924558696,0.8089906009688057,0.8089906009688058,1.1102230246251565e-16,0.0392926771287947,0.00236141144432,0.0023614516194982,4.0175178199833295e-08
13.6,3.24,0.6050001202147829,0.3949998797852171,1.915525147561881,0.21000024042956555,0.6528922335502797,0.808017471067476,0.8080174710674761,1.1102230246251565e-16,0.0396208336767878,0.0001779129231372,0.0001779164843684,3.561231200015745e-09
14.4,3.24,0.6045593373083687,0.3954406626916312,1.9162032439550678,0.2091186746167373,0.6540973537059577,0.808762853811893,0.8087628538118932,2.220446049250313e-16,0.0396849777612351,4.388386466592963e-05,4.3884396905295314e-05,5.322393656852871e-10
15.2,3.24,0.6041259342092984,0.3958740657907016,1.9168676713198625,0.20825186841859664,0.6552840117828013,0.8094961468609972,0.8094961468609972,0.0,0.0417210871933746,1.2121931627394548e-05,1.2121913277646093e-05,1.8349748454792253e-11
16.0,3.24,0.6036709814491795,0.3963290185508204,1.9175626589803665,0.2073419628983592,0.6565315059527762,0.8102663179182363,0.8102663179182362,-1.1102230246251565e-16,0.0435057656976677,1.7641018759043795e-06,1.764080668201318e-06,2.12077030614408e-11
16.8,3.24,0.6033857232603016,0.3966142767396985,1.9179971241143015,0.20677144652060375,0.6573146520548313,0.8107494385165076,0.8107494385165069,-6.661338147750939e-16,0.0430336969740628,3.481442538514595e-07,3.4813779616615953e-07,6.457685299970352e-12
17.6,3.24,0.6064357533844866,0.3935642466155135,1.913300182862308,0.21287150676897362,0.648979293221172,0.8055925106536013,0.8055925106536008,-4.440892098500626e-16,0.0407583243672751,5.5585827916252447e-08,5.5590071944080996e-08,4.244027828549087e-12
18.4,3.24,0.6063795181457149,0.3936204818542852,1.913387807743867,0.21275903629143036,0.6491322184792139,0.8056874198342772,0.8056874198342766,-5.551115123125783e-16,0.0395745521139277,5.5585827916252447e-08,5.5590071944080996e-08,4.244027828549087e-12
19.200000000000003,3.24,0.6058794362824643,0.3941205637175357,1.9141653420701519,0.21175887256492848,0.6504933822078006,0.8065316994438597,0.8065316994438598,1.1102230246251565e-16,0.0394517823820258,5.5585827916252447e-08,5.5590071944080996e-08,4.244027828549087e-12
20.0,3.24,0.5,0.5,2.0,0.0,1.0,1.0,1.0,0.0,0.0622911350603241,5.5585827916252447e-08,5.5590071944080996e-08,4.244027828549087e-12
4.0,3.43,0.581936533456451,0.4180634665435491,1.9476958319921038,0.1638730669129027,0.7184004483451699,0.8475850685006026,0.8475850685006019,-6.661338147750939e-16,0.0433269536511276,3.0620297195557646,3.062029898920802,1.7936503748927635e-07
4.8,3.43,0.5810208613871081,0.418979138612892,1.948828594363543,0.16204172277421636,0.7211085977405978,0.8491811336461722,0.849181133646172,-2.220446049250313e-16,0.0392214294144329,13.948240183464424,13.948243233018085,3.0495536602614948e-06
5.6,3.43,0.5787865874202753,0.4212134125797246,1.9515445054160918,0.15757317484055053,0.727752545989578,0.8530841376966153,0.8530841376966154,1.1102230246251565e-16,0.0448966554019783,58.02241068754528,58.0223396696202,7.101792508024118e-05
6.4,3.43,0.5848496958926546,0.4151503041073454,1.9440164408730924,0.1696993917853088,0.7098410190223369,0.8425206341819387,0.8425206341819391,4.440892098500626e-16,0.0493701123237778,59.8805279485709,59.879747342371076,0.0007806061998252289
7.2,3.43,0.5943859486945489,0.4056140513054512,1.9311826365092466,0.18877189738909808,0.6824085464945829,0.8260802300591532,0.8260802300591529,-3.3306690738754696e-16,0.0543924255574514,3.531497135699873,3.5313996924189404,9.744328093264087e-05
8.0,3.43,0.5969978872261771,0.4030021127738228,1.9274612292387094,0.19399577445235403,0.6750478040153309,0.8216129283399396,0.8216129283399397,1.1102230246251565e-16,0.0579949937206666,2.3246521043825243,2.3245432208704577,0.0001088835120666154
8.8,3.43,0.5982833523526907,0.4017166476473093,1.9255978465324892,0.19656670470538112,0.6714488144582297,0.8194198035550699,0.8194198035550702,2.220446049250313e-16,0.045708166541255,1.5836999981471271,1.583690493753113,9.504394014037132e-06
9.6,3.43,0.5994209519903476,0.4005790480096524,1.9239314024700327,0.1988419039806954,0.6682766871587476,0.8174819185515653,0.817481918551565,-2.220446049250313e-16,0.0411393810768655,0.9999999979727476,0.9999999979728132,6.561418075534675e-14
10.4,3.43,0.6000304112528824,0.3999695887471176,1.923031930228572,0.20006082250576432,0.6665821952456858,0.8164448513192334,0.8164448513192338,4.440892098500626e-16,0.0443592616150101,0.4950631487629716,0.4950550025856873,8.146177284285017e-06
11.2,3.43,0.6003022292815128,0.3996977707184872,1.9226292669606468,0.20060445856302542,0.665827563553905,0.8159825755210125,0.8159825755210126,1.1102230246251565e-16,0.045925271619012,0.1519945730352747,0.1519899080805709,4.66495470380357e-06
12.0,3.43,0.6004104575335643,0.3995895424664358,1.9224686836942002,0.20082091506712857,0.6655272862966378,0.8157985574249552,0.8157985574249551,-1.1102230246251565e-16,0.0457444404888519,0.0381622716974317,0.0381608124348089,1.4592626228007721e-06
12.8,3.43,0.6044246629860553,0.3955753370139446,1.9164099522102485,0.20884932597211084,0.6544659098781196,0.8089906735421118,0.8089906735421117,-1.1102230246251565e-16,0.0392926754132292,0.0023614144605886,0.0023614546357771,4.0175188500187614e-08
13.6,3.43,0.6049999327626164,0.3950000672373835,1.9155254364406635,0.20999986552523306,0.652892745679642,0.808017787972296,0.8080177879722958,-1.1102230246251565e-16,0.0396207944024452,0.0001779154452104,0.000177919006468,3.5612576000133844e-09
14.4,3.43,0.6045602911997274,0.3954397088002725,1.9162017790599926,0.20912058239945439,0.6540947438270177,0.8087612403095348,0.8087612403095352,4.440892098500626e-16,0.0396849703043702,4.3883431764646896e-05,4.388396400632286e-05,5.322416759642626e-10
15.2,3.43,0.6041243026769272,0.3958756973230727,1.9168701681904083,0.20824860535385456,0.6552884821367276,0.809498908051597,0.8094989080515969,-1.1102230246251565e-16,0.0417211765670058,1.2121977016622507e-05,1.2121958662404692e-05,1.835421781566811e-11
16.0,3.43,0.6037098104271842,0.3962901895728157,1.9175034428259254,0.20741962085436866,0.6564249623381162,0.8102005692037721,0.810200569203772,-1.1102230246251565e-16,0.0435111693365305,1.75940313852702e-06,1.7593820457415598e-06,2.109278546028287e-11
16.8,3.43,0.6031500480582994,0.3968499519417005,1.9183553163487514,0.20630009611659858,0.6579622321498049,0.8111487114887161,0.8111487114887164,2.220446049250313e-16,0.0430086591186749,3.531770864875527e-07,3.5317047052942285e-07,6.6159581298558064e-12
17.6,3.43,0.605264992326366,0.394735007673634,1.9151165304853885,0.21052998465273215,0.6521689056498217,0.8075697528076582,0.8075697528076579,-3.3306690738754696e-16,0.0407600933091185,5.5585827916252447e-08,5.5590071944080996e-08,4.244027828549087e-12
18.4,3.43,0.6063795181457149,0.3936204818542852,1.913387807743867,0.21275903629143036,0.6491322184792139,0.8056874198342772,0.8056874198342766,-5.551115123125783e-16,0.0395745521139277,5.5585827916252447e-08,5.5590071944080996e-08,4.244027828549087e-12
19.200000000000003,3.43,0.6058794362824643,0.3941205637175357,1.9141653420701519,0.21175887256492848,0.6504933822078006,0.8065316994438597,0.8065316994438598,1.1102230246251565e-16,0.0394517823820258,5.5585827916252447e-08,5.5590071944080996e-08,4.244027828549087e-12
20.0,3.43,0.5,0.5,2.0,0.0,1.0,1.0,1.0,0.0,0.0622911350603241,5.5585827916252447e-08,5.5590071944080996e-08,4.244027828549087e-12
4.0,3.62,0.5818719658940604,0.4181280341059397,1.9477760812419787,0.16374393178812155,0.7185911310634722,0.8476975469254783,0.8476975469254775,-7.771561172376096e-16,0.043327459349255,3.102314893047456,3.102315076186561,1.8313910521428056e-07
4.8,3.62,0.581024142694694,0.418975857305306,1.9488245555019499,0.16204828538938815,0.7210988778575794,0.8491754105351729,0.8491754105351729,0.0,0.039221566584119,13.96055230910861,13.960555363686618,3.0545780074220374e-06
5.6,3.62,0.5787874942486323,0.4212125057513677,1.951543416995999,0.15757498849726478,0.727749838994319,0.853082551101779,0.8530825511017788,-2.220446049250313e-16,0.0448966488365589,58.02540680860932,58.02533578509067,7.102351865029277e-05
6.4,3.62,0.5848497958878481,0.4151502041121518,1.9440163126136045,0.1696995917756961,0.7098407266808074,0.8425204606897135,0.8425204606897138,2.220446049250313e-16,0.049370111067076,59.88068030856487,59.8798996990058,0.0007806095590723316
7.2,3.62,0.5943859563355527,0.4056140436644473,1.9311826257504314,0.18877191267110527,0.6824085248667339,0.8260802169685059,0.826080216968506,1.1102230246251565e-16,0.0543924252962562,3.5314974421699814,3.531399998872644,9.744329733729629e-05
8.0,3.62,0.5969978878256905,0.4030021121743094,1.9274612283745527,0.19399577565138093,0.6750478023332249,0.8216129273162788,0.8216129273162789,1.1102230246251565e-16,0.057994993675044,2.3246521014889914,2.3245432179765415,0.00010888351244986438
8.8,3.62,0.5982833524173209,0.4017166475826791,1.925597846438277,0.19656670483464178,0.6714488142776693,0.8194198034448944,0.8194198034448944,0.0,0.0457081665462968,1.583699995445753,1.5836904910518463,9.504393906567543e-06
9.6,3.62,0.5994209520259799,0.4005790479740201,1.923931402417581,0.19884190405195973,0.668276687059578,0.8174819184909096,0.8174819184909095,-1.1102230246251565e-16,0.0411393810787498,0.9999999965620628,0.9999999965621592,9.636735853746359e-14
10.4,3.62,0.6000304113159615,0.3999695886840385,1.9230319301352357,0.20006082263192276,0.6665821950704836,0.8164448512119378,0.816444851211938,2.220446049250313e-16,0.0443592616178303,0.4950631473764366,0.4950550011992058,8.146177230772267e-06
11.2,3.62,0.6003022292235106,0.3996977707764892,1.9226292670466676,0.20060445844702188,0.6658275637148588,0.8159825756196388,0.8159825756196384,-4.440892098500626e-16,0.0459252715750145,0.1519945747630924,0.1519899098082795,4.664954812882982e-06
12.0,3.62,0.600410453442757,0.399589546557243,1.9224686897666858,0.20082090688551416,0.6655272976444598,0.8157985643799945,0.8157985643799944,-1.1102230246251565e-16,0.0457444401267315,0.0381622809276319,0.0381608216644434,1.4592631885010365e-06
12.8,3.62,0.6044247236638449,0.3955752763361551,1.9164098591273784,0.20884944732769006,0.6544657437874049,0.8089905708890588,0.8089905708890586,-2.220446049250313e-16,0.0392926785803306,0.00236140934825,0.002361449523415,4.0175164999888685e-08
13.6,3.62,0.6050004044932323,0.3949995955067678,1.915524709465233,0.21000080898646498,0.6528914568869284,0.8080169904692159,0.8080169904692156,-3.3306690738754696e-16,0.0396208425778904,0.0001779119655282,0.0001779155267526,3.5612243999810344e-09
14.4,3.62,0.6045598441683989,0.395440155831601,1.9162024655693175,0.2091196883367975,0.654095966918789,0.8087619964605092,0.8087619964605094,2.220446049250313e-16,0.0396849390478079,4.388413661723627e-05,4.388466885944991e-05,5.322422136404487e-10
15.2,3.62,0.6041228423854299,0.39587715761457,1.9168724029690494,0.20824568477085983,0.6552924833158366,0.8095013794403543,0.8095013794403544,1.1102230246251565e-16,0.0417212565605001,1.2122282839297597e-05,1.2122264480679228e-05,1.8358618368669532e-11
16.0,3.62,0.6036937133538604,0.3963062866461397,1.9175279939235967,0.20738742670772076,0.6564691297585887,0.8102278258357886,0.8102278258357885,-1.1102230246251565e-16,0.043504474321973,1.7637790558092575e-06,1.7637578597951345e-06,2.1196014123023963e-11
16.8,3.62,0.6033419344263322,0.3966580655736678,1.918063728518031,0.20668386885266465,0.6574349352176504,0.8108236153551835,0.8108236153551834,-1.1102230246251565e-16,0.0430100650986142,3.511825375023833e-07,3.51175987936397e-07,6.549565986290219e-12
17.6,3.62,0.605264992326366,0.394735007673634,1.9151165304853885,0.21052998465273215,0.6521689056498217,0.8075697528076581,0.8075697528076579,-2.220446049250313e-16,0.0407600933091185,5.5585827916252447e-08,5.5590071944080996e-08,4.244027828549087e-12
18.4,3.62,0.6063795181457149,0.3936204818542852,1.913387807743867,0.21275903629143036,0.6491322184792139,0.8056874198342772,0.8056874198342766,-5.551115123125783e-16,0.0395745521139277,5.5585827916252447e-08,5.5590071944080996e-08,4.244027828549087e-12
19.200000000000003,3.62,0.6058794362824643,0.3941205637175357,1.9141653420701519,0.21175887256492848,0.6504933822078006,0.8065316994438597,0.8065316994438598,1.1102230246251565e-16,0.0394517823820258,5.5585827916252447e-08,5.5590071944080996e-08,4.244027828549087e-12
20.0,3.62,0.5,0.5,2.0,0.0,1.0,1.0,1.0,0.0,0.0622911350603241,5.5585827916252447e-08,5.5590071944080996e-08,4.244027828549087e-12
4.0,3.81,0.5818097532773335,0.4181902467226663,1.9478533499991857,0.1636195065546679,0.7187748991263908,0.84780593246709,0.8478059324670894,-6.661338147750939e-16,0.0433280011861258,3.1427651568147774,3.1427653437868956,1.869721182323758e-07
4.8,3.81,0.5810274365171774,0.4189725634828227,1.9488205010884825,0.1620548730343547,0.7210891210133693,0.8491696656224652,0.8491696656224652,0.0,0.0392217034701571,13.972866375800857,13.972869435409992,3.059609134936636e-06
5.6,3.81,0.5787884011044568,0.4212115988955431,1.951542328531625,0.15757680220891368,0.7277471319255497,0.8530809644609061,0.8530809644609061,0.0,0.0448966422710492,58.0284028667376,58.02833183762561,7.102911199297068e-05
6.4,3.81,0.584849895882741,0.415150104117259,1.9440161843543677,0.16969979176548264,0.7098404343402561,0.8425202871980336,0.8425202871980331,-5.551115123125783e-16,0.0493701098104058,59.88083266734209,59.88005205442383,0.0007806129182625909
7.2,3.81,0.594385963976569,0.4056140360234311,1.9311826149915972,0.18877192795313827,0.6824085032388488,0.8260802038778374,0.8260802038778371,-3.3306690738754696e-16,0.0543924250350615,3.5314977486276353,3.531400305313894,9.744331374150761e-05
8.0,3.81,0.5969978884266404,0.4030021115733596,1.9274612275083258,0.19399577685328018,0.6750478006470896,0.8216129262901654,0.8216129262901659,5.551115123125783e-16,0.0579949936293629,2.3246520985005623,2.3245432149877368,0.00010888351282556386
8.8,3.81,0.598283352484177,0.401716647515823,1.9255978463408203,0.19656670496835368,0.6714488140908911,0.8194198033309243,0.8194198033309246,2.220446049250313e-16,0.0457081665514291,1.5836999926396758,1.5836904882458802,9.50439379554524e-06
9.6,3.81,0.5994209520264776,0.4005790479735224,1.9239314024168483,0.19884190405295527,0.6682766870581929,0.8174819184900624,0.8174819184900624,0.0,0.041139381078609,0.999999996581365,0.9999999965814608,9.581224702515101e-14
10.4,3.81,0.6000304113727494,0.3999695886272507,1.923031930051208,0.20006082274549902,0.6665821949127547,0.8164448511153434,0.816444851115343,-3.3306690738754696e-16,0.0443592616203693,0.4950631463540053,0.4950550001768189,8.146177186363346e-06
11.2,3.81,0.6003022291877735,0.3996977708122265,1.9226292670996687,0.2006044583755469,0.6658275638140299,0.8159825756804061,0.8159825756804062,1.1102230246251565e-16,0.0459252716948172,0.1519945705703203,0.1519899056157665,4.664954553784684e-06
12.0,3.81,0.6004104597354977,0.3995895402645023,1.9224686804256015,0.20082091947099479,0.6655272801885169,0.8157985536813094,0.8157985536813098,4.440892098500626e-16,0.0457444402641744,0.0381622718065174,0.0381608125438807,1.4592626366993766e-06
12.8,3.81,0.6044246841579153,0.3955753158420846,1.9164099197315247,0.2088493683158304,0.6544658519252909,0.8089906377241275,0.8089906377241278,3.3306690738754696e-16,0.0392926769634792,0.0023614121422723,0.0023614523174467,4.017517439992152e-08
13.6,3.81,0.6050003021078475,0.3949996978921524,1.9155248672497092,0.2100006042156949,0.652891736608984,0.8080171635608887,0.8080171635608887,0.0,0.039620841225518,0.0001779121141309,0.0001779156753548,3.5612239000012025e-09
14.4,3.81,0.6045594417098791,0.3954405582901208,1.9162030836257598,0.20911888341975826,0.6540970680595012,0.8087626772171805,0.8087626772171804,-1.1102230246251565e-16,0.0396849109089977,4.388478990802479e-05,4.388532215094943e-05,5.322429246399046e-10
15.2,3.81,0.604129748676293,0.395870251323707,1.9168618335944738,0.20825949735258573,0.6552735603421241,0.8094896913130667,0.8094896913130668,1.1102230246251565e-16,0.0417221748243889,1.211634672071808e-05,1.2116328438854224e-05,1.82818638564319e-11
16.0,3.81,0.6036860439515366,0.3963139560484633,1.9175396901011685,0.2073720879030729,0.6564901740221104,0.8102408123651326,0.8102408123651328,2.220446049250313e-16,0.0435043191406836,1.7642251642248809e-06,1.764203956674514e-06,2.12075503668114e-11
16.8,3.81,0.6033376213238318,0.3966623786761682,1.9180702876269808,0.206675242647664,0.6574467837855344,0.8108309218237394,0.8108309218237391,-3.3306690738754696e-16,0.0430145805112097,3.507214484515074e-07,3.507149125614386e-07,6.535890068774229e-12
17.6,3.81,0.605264992326366,0.394735007673634,1.9151165304853885,0.21052998465273215,0.6521689056498217,0.8075697528076581,0.8075697528076579,-2.220446049250313e-16,0.0407600933091185,5.5585827916252447e-08,5.5590071944080996e-08,4.244027828549087e-12
18.4,3.81,0.6063795181457149,0.3936204818542852,1.913387807743867,0.21275903629143036,0.6491322184792139,0.8056874198342772,0.8056874198342766,-5.551115123125783e-16,0.0395745521139277,5.5585827916252447e-08,5.5590071944080996e-08,4.244027828549087e-12
19.200000000000003,3.81,0.6058794362824643,0.3941205637175357,1.9141653420701519,0.21175887256492848,0.6504933822078006,0.8065316994438597,0.8065316994438598,1.1102230246251565e-16,0.0394517823820258,5.5585827916252447e-08,5.5590071944080996e-08,4.244027828549087e-12
20.0,3.81,0.5,0.5,2.0,0.0,1.0,1.0,1.0,0.0,0.0622911350603241,5.5585827916252447e-08,5.5590071944080996e-08,4.244027828549087e-12
4.0,4.0,0.5817498898755697,0.4182501101244302,1.94792765133494,0.16349977975113877,0.7189517650169047,0.8479102340560017,0.8479102340560024,6.661338147750939e-16,0.0433285772557266,3.1833740799514985,3.1833742708158086,1.9086431013448646e-07
4.8,4.0,0.5810307428412612,0.4189692571587387,1.9488164311378247,0.16206148568252218,0.7210793272486138,0.8491638989315392,0.8491638989315394,2.220446049250313e-16,0.0392218400727598,13.985182369781512,13.985185434428528,3.064647016159938e-06
5.6,4.0,0.5787893079877342,0.4212106920122657,1.9515412400229855,0.15757861597546854,0.7277444247833135,0.8530793777740225,0.8530793777740225,0.0,0.0448966357054499,58.031398861902666,58.031327827197615,7.10347050514315e-05
6.4,4.0,0.5848499958772813,0.4151500041227188,1.9440160560954498,0.16969999175456246,0.7098401420008378,0.8425201137069891,0.8425201137069891,0.0,0.0493701085537694,59.88098502500713,59.88020440872968,0.0007806162774457448
7.2,4.0,0.5943859716175565,0.4056140283824436,1.9311826042328033,0.188771943235113,0.6824084816110468,0.8260801907872184,0.8260801907872182,-2.220446049250313e-16,0.0543924247738661,3.5314980550961725,3.531400611766027,9.744333014571893e-05
8.0,4.0,0.5969978890264543,0.4030021109735456,1.9274612266437356,0.19399577805290857,0.6750477989641398,0.8216129252659914,0.8216129252659915,1.1102230246251565e-16,0.0579949935837118,2.3246520956144283,2.3245432121012186,0.00010888351320970102
8.8,4.0,0.5982833525501028,0.4017166474498972,1.9255978462447194,0.19656670510020569,0.6714488139067111,0.8194198032185402,0.8194198032185401,-1.1102230246251565e-16,0.0457081665566297,1.5836999898941446,1.58369048550046,9.504393684522938e-06
9.6,4.0,0.5994209520570085,0.4005790479429914,1.923931402371906,0.19884190411401692,0.6682766869732211,0.8174819184380904,0.8174819184380906,2.220446049250313e-16,0.0411393810802315,0.9999999954850568,0.9999999954851796,1.2279066652354231e-13
10.4,4.0,0.6000304114241424,0.3999695885758576,1.9230319299751633,0.20006082284828497,0.6665821947700109,0.8164448510279254,0.8164448510279252,-2.220446049250313e-16,0.0443592616226671,0.4950631454097318,0.4950549992325863,8.146177145507139e-06
11.2,4.0,0.6003022291397342,0.3996977708602657,1.9226292671709144,0.20060445827946827,0.6658275639473379,0.8159825757620918,0.8159825757620918,0.0,0.0459252716513987,0.151994572290979,0.1519899073363182,4.664954660810183e-06
12.0,4.0,0.6004104506139841,0.3995895493860159,1.9224686939657794,0.20082090122796814,0.665527305491423,0.8157985691893698,0.8157985691893698,0.0,0.0457444401593595,0.0381622830987696,0.0381608238354347,1.459263334904759e-06
12.8,4.0,0.6044246848712148,0.3955753151287851,1.9164099186372865,0.20884936974242957,0.6544658499728063,0.8089906365173866,0.8089906365173866,0.0,0.0392926752311398,0.0023614136168597,0.0023614537920471,4.017518739993925e-08
13.6,4.0,0.6050002094494255,0.3949997905505746,1.9155250100440082,0.210000418898851,0.6528919897565659,0.8080173202082775,0.8080173202082774,-1.1102230246251565e-16,0.0396208400016313,0.0001779123677544,0.0001779159289801,3.5612256999936493e-09
14.4,4.0,0.6045602547106289,0.3954397452893711,1.9162018350966628,0.20912050942125798,0.6540948436622699,0.808761302030624,0.8087613020306238,-2.220446049250313e-16,0.0396849076899042,4.388437598857149e-05,4.38849082333236e-05,5.322447521101002e-10
15.2,4.0,0.6041281679653032,0.3958718320346968,1.9168642527631832,0.20825633593060638,0.6552778913918028,0.8094923664814899,0.8094923664814899,0.0,0.0417221997870435,1.2116890904509047e-05,1.211687261522673e-05,1.828928231667362e-11
16.0,4.0,0.6036791075189887,0.3963208924810114,1.9175502678452612,0.20735821503797738,0.6565092075321575,0.8102525578683214,0.8102525578683214,0.0,0.0435041789571879,1.7646286662392648e-06,1.7646074482553778e-06,2.1217983886992166e-11
16.8,4.0,0.6031641351268441,0.396835864873156,1.9183339252562608,0.20632827025368836,0.6579235099741167,0.8111248424096732,0.811124842409673,-2.220446049250313e-16,0.0430227159835659,3.512000333645152e-07,3.51193474388239e-07,6.5589762762182034e-12
17.6,4.0,0.6052336761309015,0.3947663238690984,1.9151648864130542,0.21046735226180333,0.6522543927045414,0.8076226796620695,0.8076226796620694,-1.1102230246251565e-16,0.040613881040504,5.5585827916252447e-08,5.5590071944080996e-08,4.244027828549087e-12
18.4,4.0,0.6063795181457148,0.3936204818542851,1.9133878077438675,0.21275903629142984,0.6491322184792147,0.8056874198342772,0.805687419834277,-1.1102230246251565e-16,0.0395745521139277,5.5585827916252447e-08,5.5590071944080996e-08,4.244027828549087e-12
19.200000000000003,4.0,0.6058794362824643,0.3941205637175357,1.9141653420701519,0.21175887256492848,0.6504933822078006,0.8065316994438597,0.8065316994438598,1.1102230246251565e-16,0.0394517823820258,5.5585827916252447e-08,5.5590071944080996e-08,4.244027828549087e-12
20.0,4.0,0.5,0.5,2.0,0.0,1.0,1.0,1.0,0.0,0.0622911350603241,5.5585827916252447e-08,5.5590071944080996e-08,4.244027828549087e-12
