D,eta,C_uv_ee,C_uv_mumu,C_uv_tautau,C_match_ee,C_match_mumu,C_match_tautau,C_ir_ee,C_ir_mumu,C_ir_tautau,delta_C_match_mumu,abs_delta_C_match_mumu,delta_C_rge_mumu,abs_delta_C_rge_mumu,delta_C_mumu,abs_delta_C_mumu,rel_delta_C_mumu,mu_match,mu_low,log_ratio,finite_fac_diag,finite_fac_offdiag,kappa_diag,kappa_offdiag,finite_match_mode,kappa_diag_eff,kappa_offdiag_eff,shell_spread,coeff_cv,offdiag_mix,mu_mumu_uv_tree,mu_mumu_uv_rge,delta_mu_mumu,abs_delta_mu_mumu,chi2_uv_tree,chi2_uv_rge
4.0,0.2,0.00016277754232253458,0.0014758502143104744,0.0003435162004482209,0.00016298374657348745,0.0014777198001490266,0.0003439513618334644,0.0001634947968401338,0.0014823533241277768,0.0003450298524122726,1.8695858385521947e-06,1.8695858385521947e-06,4.633523978750127e-06,4.633523978750127e-06,6.503109817302321e-06,6.503109817302321e-06,0.004406348120049981,1.280917082806759,1.0,0.24757629233153006,1.0012667856266333,1.0,0.0,0.0,input_tied,0.2000427679337043,0.0,0.07718149434815945,0.7278992382235014,2.8777801998322563e-29,2.4083057749134755,2.408278715351913,-2.7059561562570167e-05,2.7059561562570167e-05,6.3542533482741534,6.353912298948149
4.8,0.2,0.00019561316472304778,0.0015683202593658858,0.00015202569746888047,0.00019584425698974015,0.0015701730318219192,0.00015220529664398358,0.0001966074533419804,0.0015762919262367566,0.00015279843391017577,1.852772456033486e-06,1.852772456033486e-06,6.118894414837385e-06,6.118894414837385e-06,7.97166687087087e-06,7.97166687087087e-06,0.005082933044615537,1.3602809677586774,1.0,0.30769127235057525,1.00118137379465,1.0,0.0,0.0,input_tied,0.18655507204813343,0.0,0.07111786048012514,0.7487878177500273,2.993923942695591e-29,13.739693054108729,13.73909795082707,-0.0005951032816593482,0.0005951032816593482,951.67515418512,951.5833640006548
5.6,0.2,0.00015714102819852153,0.0013021892258809095,5.9531521082067194e-05,0.00015742915525911524,0.0013045768642863035,5.96406755300092e-05,0.00015814307388136714,0.0013104929331112937,5.991113743291705e-05,2.387638405394049e-06,2.387638405394049e-06,5.916068824990102e-06,5.916068824990102e-06,8.303707230384151e-06,8.303707230384151e-06,0.006376728562445931,1.4305484675437201,1.0,0.35805791447458585,1.001833557180431,1.0,0.0,0.0,input_tied,0.2895437442820993,0.0,0.1092096338293002,0.7675103934186478,3.368050735349661e-29,57.97841649278864,57.97214787337124,-0.006268619417397758,0.006268619417397758,20006.98258019661,20002.549468791138
6.4,0.2,0.00010403201165275425,0.0006722767776805341,2.7226734432871954e-05,0.00010425517095539144,0.0006737188801113429,2.728513856226059e-05,0.00010477064106211935,0.0006770499565448005,2.7420044803916387e-05,1.44210243080878e-06,1.44210243080878e-06,3.3310764334576254e-06,3.3310764334576254e-06,4.773178864266405e-06,4.773178864266405e-06,0.007100020442078426,1.4775528482269376,1.0,0.3903872383399466,1.0021451022535455,1.0,0.0,0.0,input_tied,0.33874097027806466,0.0,0.1316552460415761,0.715292935971534,4.490444037185556e-29,59.89373701777076,59.888948249714986,-0.0047887680557749945,0.0047887680557749945,21384.482939400787,21380.981670986486
7.2,0.2,7.600592234179314e-05,0.00012096550465777007,1.756797557663314e-05,7.617150983547143e-05,0.00012122904168384201,1.7606249397344828e-05,7.655760321231787e-05,0.00012184351985523012,1.7695490851244117e-05,2.6353702607193464e-07,2.6353702607193464e-07,6.1447817138811e-07,6.1447817138811e-07,8.780151974600446e-07,8.780151974600446e-07,0.007258393208411638,1.4921401916441892,1.0,0.40021145959540433,1.0021786130419372,1.0,0.0,0.0,input_tied,0.34403278187159403,0.0,0.14069871838435052,0.6301156865399458,8.300515088233312e-29,3.5327999605622566,3.532762633567013,-3.7326995243613936e-05,3.7326995243613936e-05,28.43022294858977,28.429227819623126
8.0,0.2,6.313930504949174e-05,8.591083119440962e-05,1.3492972406410483e-05,6.32857602727942e-05,8.611010627285425e-05,1.3524270126352852e-05,6.359227880954897e-05,8.652717234997459e-05,1.3589773637283857e-05,1.9927507844463084e-07,1.9927507844463084e-07,4.170660771203442e-07,4.170660771203442e-07,6.16341155564975e-07,6.16341155564975e-07,0.007174196163580845,1.4658274448318904,1.0,0.38241989178356733,1.0023195570997758,1.0,0.0,0.0,input_tied,0.36628977536839696,0.0,0.1520636193182569,0.6058619719411955,9.73259793452573e-29,2.326336307979538,2.3260861186496444,-0.00025018932989340215,0.00025018932989340215,5.363118471757258,5.360221869722271
8.8,0.2,2.214685757277516e-05,5.848230801141066e-05,7.047750343537498e-06,2.218547200687463e-05,5.85842755804561e-05,7.060038537936896e-06,2.230829587284848e-05,5.8908611578799484e-05,7.099124532000266e-06,1.0196756904543784e-07,1.0196756904543784e-07,3.2433599834338456e-07,3.2433599834338456e-07,4.263035673888224e-07,4.263035673888224e-07,0.007289444994298874,1.5482467554553723,1.0,0.43712316521321565,1.0017435626689963,1.0,0.0,0.0,input_tied,0.2753323806640221,0.0,0.11517223325097901,0.5937428255184164,1.2483365521746187e-28,1.5836854177066555,1.5837337653360986,4.834762944305737e-05,4.834762944305737e-05,0.2108770792379284,0.21098810327862852
9.600000000000001,0.2,1.0975147167186832e-05,4.3579838328899834e-05,3.956029559913731e-06,1.0994100882302934e-05,4.3655099264166495e-05,3.962861491743643e-06,1.1054945064363797e-05,4.389669781196494e-05,3.984792986521334e-06,7.526093526666143e-08,7.526093526666143e-08,2.4159854779844234e-07,2.4159854779844234e-07,3.1685948306510377e-07,3.1685948306510377e-07,0.007270781517676705,1.5480056645464257,1.0,0.4369674344285572,1.0017269668303646,1.0,0.0,0.0,input_tied,0.27271167087202286,0.0,0.11485685465158924,0.5829075341898452,1.5205403541526647e-28,1.0000000014340404,1.0000000014360444,2.0039525594484076e-12,2.0039525594484076e-12,0.9999999928297973,0.9999999928197776
10.4,0.2,7.422066641493796e-06,2.996797540013284e-05,2.1099883030150735e-06,7.436002232663745e-06,3.0024242943061196e-05,2.1139499939812807e-06,7.475618922946262e-06,3.01842027032153e-05,2.1252124572732373e-06,5.626754292835403e-08,5.626754292835403e-08,1.5995976015410567e-07,1.5995976015410567e-07,2.162273030824597e-07,2.162273030824597e-07,0.007215278983494534,1.5229622419775668,1.0,0.42065728173279693,1.0018775890655631,1.0,0.0,0.0,input_tied,0.29649698087868753,0.0,0.12533762689732517,0.577057574905652,1.8818072702544209e-28,0.4952545984950411,0.4952010513197854,-5.3547175255685975e-05,5.3547175255685975e-05,5.116026509652305,5.1166321095801335
11.2,0.2,4.558508069825639e-06,1.6473387012688423e-05,7.956067069737132e-07,4.567736555164727e-06,1.650673661045222e-05,7.972173753587464e-07,4.591170735681253e-06,1.6591422283716524e-05,8.013073958009158e-07,3.334959776379797e-08,3.334959776379797e-08,8.468567326430247e-08,8.468567326430247e-08,1.1803527102810044e-07,1.1803527102810044e-07,0.007165209615799424,1.499419168235305,1.0,0.40507781194222237,1.0020244530003521,1.0,0.0,0.0,input_tied,0.31968880387319815,0.0,0.1353663151635882,0.574437990656976,2.5787377245512494e-28,0.15211173576309514,0.15207993935450523,-3.1796408589912506e-05,3.1796408589912506e-05,9.732657000126215,9.733152986009095
12.0,0.2,2.510492526187209e-06,8.248761138314983e-06,4.859955493187072e-07,2.5159196136648766e-06,8.266592997128762e-06,4.870461560551931e-07,2.528368072495895e-06,8.307495076049973e-06,4.894560001493878e-07,1.7831858813779504e-08,1.7831858813779504e-08,4.0902078921211033e-08,4.0902078921211033e-08,5.873393773499054e-08,5.873393773499054e-08,0.007120334405390289,1.4779687035454037,1.0,0.3906686474340275,1.002161762053086,1.0,0.0,0.0,input_tied,0.3413717803719324,0.0,0.14464355018632655,0.5733932596472961,3.6558276713953666e-28,0.03820536915314077,0.038193968873802414,-1.1400279338352748e-05,1.1400279338352748e-05,11.590528853770833,11.590722915073036
12.8,0.2,6.987777679838202e-07,2.0494321184607085e-06,2.0546569946694125e-07,6.998023627099218e-07,2.0524371329821873e-06,2.0576696702540408e-07,7.038460275843815e-07,2.064296721323013e-06,2.069559493741671e-07,3.0050145214787893e-09,3.0050145214787893e-09,1.185958834082593e-08,1.185958834082593e-08,1.486460286230472e-08,1.486460286230472e-08,0.007253034988770087,1.5781226258875372,1.0,0.4562359290923607,1.0014662669206804,1.0,0.0,0.0,input_tied,0.2315435912562951,0.0,0.10063809092004923,0.5338366691941206,6.464039578999375e-28,0.002360365373917612,0.00236028221792312,-8.315599449174385e-08,8.315599449174385e-08,12.208728426735803,12.208729879512267
13.600000000000001,0.2,2.2327272996020326e-07,5.624265717181725e-07,8.965344399731104e-08,2.2359058535073687e-07,5.63227253098437e-07,8.978107637973198e-08,2.2489221653433606e-07,5.665060770030116e-07,9.030373635009541e-08,8.006813802645254e-10,8.006813802645254e-10,3.2788239045746273e-09,3.2788239045746273e-09,4.079505284839153e-09,4.079505284839153e-09,0.007253400692603408,1.5835144599575646,1.0,0.4596467185984162,1.0014236194030066,1.0,0.0,0.0,input_tied,0.22480896520624682,0.0,0.09808481357269962,0.5279902974964306,1.1763507368333603e-27,0.00017779019525587393,0.00017778405985188333,-6.135403990604636e-09,6.135403990604636e-09,12.24688886914148,12.246888976497416
14.4,0.2,1.1131066673668665e-07,2.793823306840649e-07,4.0799391706625195e-08,1.1148469379379679e-07,2.798191269610339e-07,4.086317892737182e-08,1.121134061606417e-07,2.813971529627516e-07,4.109362478559657e-08,4.367962769689678e-10,4.367962769689678e-10,1.5780260017177077e-09,1.5780260017177077e-09,2.0148222786866755e-09,2.0148222786866755e-09,0.007211702593193359,1.5609164733916419,1.0,0.4452731317042589,1.0015634355826994,1.0,0.0,0.0,input_tied,0.2468878513252749,0.0,0.10740742647090296,0.5324070810699959,1.706879698711195e-27,4.387184755862388e-05,4.3866701361600656e-05,-5.1461970232213406e-09,5.1461970232213406e-09,12.249232254697342,12.249232344752967
15.200000000000001,0.2,4.9719954079899026e-08,1.4657335329968847e-07,1.1801348079610915e-08,4.980423244797923e-08,1.4682180411282258e-07,1.1821352087573147e-08,5.007656443966182e-08,1.476246329562997e-07,1.1885991821992357e-08,2.4845081313411413e-10,2.4845081313411413e-10,8.028288434771249e-10,8.028288434771249e-10,1.051279656611239e-09,1.051279656611239e-09,0.007172379105373674,1.5399344597018174,1.0,0.4317398568847099,1.0016950612614157,1.0,0.0,0.0,input_tied,0.2676733453725435,0.0,0.11619019864791928,0.5358343387962237,2.4991003148885037e-27,1.2075383966998948e-05,1.2073024744106088e-05,-2.3592228928606717e-09,2.3592228928606717e-09,12.24978868169192,12.24978872297796
16.0,0.2,2.0165371176482903e-08,5.612530329078049e-08,5.197701772296492e-09,2.020218859234948e-08,5.622777542550144e-08,5.207191602462587e-09,2.0309342364213235e-08,5.652601134151661e-08,5.234810898187429e-09,1.0247213472094902e-10,1.0247213472094902e-10,2.9823591601517074e-10,2.9823591601517074e-10,4.0070805073611977e-10,4.0070805073611977e-10,0.007139525797483622,1.520124718640573,1.0,0.4187923832293445,1.0018257742713665,1.0,0.0,0.0,input_tied,0.28831471654520796,0.0,0.12459912372608362,0.5426257045971616,4.0660163687710654e-27,1.7705507419393659e-06,1.770089348115453e-06,-4.6139382391282843e-10,4.6139382391282843e-10,12.249969015381605,12.249969023455987
16.8,0.2,8.364325250162602e-09,2.705844584190968e-08,2.415816165380267e-09,8.380778170968628e-09,2.7111670752856614e-08,2.4205681604141934e-09,8.423910664363302e-09,2.7251203614341597e-08,2.4330258508649544e-09,5.322491094693248e-11,5.322491094693248e-11,1.3953286148498333e-10,1.3953286148498333e-10,1.9275777243191582e-10,1.9275777243191582e-10,0.0071237562407727596,1.5013415333766713,1.0,0.40635906399495303,1.0019670350343808,1.0,0.0,0.0,input_tied,0.3106217221187457,0.0,0.13268580337603814,0.5606880526041327,6.119560513184084e-27,4.115254256548783e-07,4.114053011683522e-07,-1.2012448652609345e-10,1.2012448652609345e-10,12.249992798306106,12.249992800408286
17.6,0.2,3.484410888318046e-09,7.139226485334225e-09,8.222198924376402e-10,3.4898140165340806e-09,7.1502969811224496e-09,8.234948739604878e-10,3.509463486275521e-09,7.190556875634655e-09,8.281315788196735e-10,1.1070495788224828e-11,1.1070495788224828e-11,4.025989451220505e-11,4.025989451220505e-11,5.1330390300429877e-11,5.1330390300429877e-11,0.0071899092157778535,1.559816346703205,1.0,0.44456808785883606,1.0015506575972855,1.0,0.0,0.0,input_tied,0.24487003274800853,0.0,0.10702376707827714,0.5253311760113416,1.0452097502090277e-26,5.6207073804593766e-08,5.539856383971502e-08,-8.085099648787451e-10,8.085099648787451e-10,12.249999016376224,12.24999903052515
18.4,0.2,0.0,0.0,0.0,1e-30,1e-30,1e-30,1.0058704800739689e-30,1.0058704800739689e-30,1.0058704800739689e-30,1e-30,1e-30,5.870480073968777e-33,5.870480073968777e-33,1.0058704800739689e-30,1.0058704800739689e-30,1.0058704800739688,1.5896510516836373,1.0,0.463514527796402,1.0008949449987425,1.0,0.0,0.0,input_tied,0.14132404957317166,0.0,0.09421603304878111,0.0,0.0,5.6207073804593766e-08,5.539856383971502e-08,-8.085099648787451e-10,8.085099648787451e-10,12.249999016376224,12.24999903052515
19.200000000000003,0.2,0.0,0.0,0.0,1e-30,1e-30,1e-30,1.0057161736535278e-30,1.0057161736535278e-30,1.0057161736535278e-30,1e-30,1e-30,5.716173653527695e-33,5.716173653527695e-33,1.0057161736535278e-30,1.0057161736535278e-30,1.0057161736535276,1.5704009692603986,1.0,0.4513309811859851,1.000970529894399,1.0,0.0,0.0,input_tied,0.15325993787437275,0.0,0.10217329191624851,0.0,0.0,5.6207073804593766e-08,5.539856383971502e-08,-8.085099648787451e-10,8.085099648787451e-10,12.249999016376224,12.24999903052515
20.0,0.2,0.0,0.0,0.0,1e-30,1e-30,1e-30,1.0055641423643005e-30,1.0055641423643005e-30,1.0055641423643005e-30,1e-30,1e-30,5.564142364300414e-33,5.564142364300414e-33,1.0055641423643005e-30,1.0055641423643005e-30,1.0055641423643005,1.5516627094173834,1.0,0.43932707173589636,1.0010450732710223,1.0,0.0,0.0,input_tied,0.16503135608229763,0.0,0.11002090405486509,0.0,0.0,5.6207073804593766e-08,5.539856383971502e-08,-8.085099648787451e-10,8.085099648787451e-10,12.249999016376224,12.24999903052515
4.0,0.39,0.00016435372048146063,0.0014798793343970764,0.0003418631110110614,0.00016456203018541386,0.0014817550036860447,0.0003422964045394259,0.00016507802930295902,0.001486401180410157,0.00034336970585007587,1.8756692889683544e-06,1.8756692889683544e-06,4.646176724112201e-06,4.646176724112201e-06,6.521846013080555e-06,6.521846013080555e-06,0.004407012018812768,1.280917082806759,1.0,0.24757629233153006,1.0012674474501886,1.0,0.0,0.0,input_tied,0.20014727892049217,0.0,0.07718149434815945,0.7288019674564653,2.8776779761078553e-29,2.4448817340068487,2.444854004380271,-2.7729626577599475e-05,2.7729626577599475e-05,6.823611487882244,6.823249315434299
4.8,0.39,0.00019574823662416805,0.0015684082500680974,0.0001519655378412984,0.00019597948498946324,0.0015702610986566652,0.00015214506325012482,0.00019674320831919925,0.0015763803362640377,0.0001527379657894622,1.8528485885677907e-06,1.8528485885677907e-06,6.119237607372539e-06,6.119237607372539e-06,7.97208619594033e-06,7.97208619594033e-06,0.005082915239443682,1.3602809677586774,1.0,0.30769127235057525,1.0011813560585947,1.0,0.0,0.0,input_tied,0.1865522712825686,0.0,0.07111786048012514,0.7487615630647682,2.993885844525977e-29,13.751970835344054,13.751374730063064,-0.0005961052809890788,0.0005961052809890788,953.5698969824377,953.4778607652527
5.6,0.39,0.0001571487821813237,0.0013021843961999173,5.952962446598845e-05,0.0001574369222044746,0.0013045720153520332,5.963877496103972e-05,0.00015815087604870886,0.0013104880621878023,5.990922824514009e-05,2.387619152115824e-06,2.387619152115824e-06,5.916046835769111e-06,5.916046835769111e-06,8.303665987884935e-06,8.303665987884935e-06,0.006376720541358813,1.4305484675437201,1.0,0.35805791447458585,1.0018335491955543,1.0,0.0,0.0,input_tied,0.28954248336090604,0.0,0.1092096338293002,0.7675026961661312,3.3680490616590615e-29,57.98141445255387,57.975145082062674,-0.006269370491196469,0.006269370491196469,20009.102884072952,20004.66900660275
6.4,0.39,0.00010403240172801354,0.0006722762677837851,2.7226661152841032e-05,0.00010425556175416253,0.0006737183683890389,2.7285065095400225e-05,0.00010477103379312154,0.0006770494422923817,2.7419970973812932e-05,1.4421006052537733e-06,1.4421006052537733e-06,3.331073903342836e-06,3.331073903342836e-06,4.773174508596609e-06,4.773174508596609e-06,0.0071000193481941245,1.4775528482269376,1.0,0.3903872383399466,1.002145101165043,1.0,0.0,0.0,input_tied,0.3387407983886424,0.0,0.1316552460415761,0.7152920655698475,4.490444037240646e-29,59.89388950310497,59.88910067272064,-0.0047888303843350855,0.0047888303843350855,21384.594432509086,21381.093109397807
7.2,0.39,7.600594590530699e-05,0.00012096549319106766,1.75679713156894e-05,7.617153344318256e-05,0.00012122903018079696,1.760624512546815e-05,7.655762693969029e-05,0.00012184350829387916,1.7695486557714416e-05,2.6353698972930164e-07,2.6353698972930164e-07,6.144781130821973e-07,6.144781130821973e-07,8.780151028114989e-07,8.780151028114989e-07,0.007258393114015207,1.4921401916441892,1.0,0.40021145959540433,1.0021786129480168,1.0,0.0,0.0,input_tied,0.34403276704026986,0.0,0.14069871838435052,0.6301156162653222,8.300514929464497e-29,3.532800267571452,3.532762940278218,-3.7327293234135084e-05,3.7327293234135084e-05,28.430231133455354,28.429235996401182
8.0,0.39,6.31393068273821e-05,8.591083025389693e-05,1.3492972088047451e-05,6.328576205429285e-05,8.611010532945841e-05,1.352426980714117e-05,6.359228059967614e-05,8.652717140200951e-05,1.3589773316526103e-05,1.9927507556147977e-07,1.9927507556147977e-07,4.170660725510961e-07,4.170660725510961e-07,6.163411481125759e-07,6.163411481125759e-07,0.007174196155374933,1.4658274448318904,1.0,0.38241989178356733,1.0023195570916095,1.0,0.0,0.0,input_tied,0.3662897740788359,0.0,0.1520636193182569,0.605861966287592,9.73259792018171e-29,2.326336305231986,2.32608611587595,-0.00025018935603604575,0.00025018935603604575,5.363118439942793,5.36022183761377
8.8,0.39,2.2146857620247044e-05,5.848230796281681e-05,7.04775033011198e-06,2.2185472054419325e-05,5.8584275531751224e-05,7.060038524484801e-06,2.230829592065639e-05,5.890861152982497e-05,7.099124518473697e-06,1.0196756893441554e-07,1.0196756893441554e-07,3.243359980737435e-07,3.243359980737435e-07,4.26303567008159e-07,4.26303567008159e-07,0.007289444993846752,1.5482467554553723,1.0,0.43712316521321565,1.0017435626685467,1.0,0.0,0.0,input_tied,0.2753323805930296,0.0,0.11517223325097901,0.5937428251074812,1.2483365522047047e-28,1.5836854161367002,1.5837337637649564,4.834762825622896e-05,4.834762825622896e-05,0.21087707563320476,0.21098809967023036
9.600000000000001,0.39,1.0975147121485077e-05,4.357983841062823e-05,3.956029580418546e-06,1.0994100836528633e-05,4.365509934606136e-05,3.96286151228617e-06,1.1054945018336169e-05,4.389669789431303e-05,3.984793007177548e-06,7.52609354331339e-08,7.52609354331339e-08,2.415985482516727e-07,2.415985482516727e-07,3.1685948368480663e-07,3.1685948368480663e-07,0.007270781518261231,1.5480056645464257,1.0,0.4369674344285572,1.0017269668309459,1.0,0.0,0.0,input_tied,0.2727116709638278,0.0,0.11485685465158924,0.5829075347227113,1.5205403538262763e-28,1.000000004530878,1.0000000045339692,3.091304989766286e-12,3.091304989766286e-12,0.9999999773456102,0.9999999773301537
10.4,0.39,7.422066720531848e-06,2.9967975391542694e-05,2.1099882180731836e-06,7.436002311891038e-06,3.0024242934619818e-05,2.113949908891515e-06,7.475619002595653e-06,3.0184202694728953e-05,2.12521237173014e-06,5.626754307712351e-08,5.626754307712351e-08,1.59959760109135e-07,1.59959760109135e-07,2.162273031862585e-07,2.162273031862585e-07,0.00721527898902641,1.5229622419775668,1.0,0.42065728173279693,1.0018775890710656,1.0,0.0,0.0,input_tied,0.29649698174763134,0.0,0.12533762689732517,0.5770575795275351,1.8818072713823108e-28,0.49525459895960533,0.49520105178955554,-5.35471700497947e-05,5.35471700497947e-05,5.116026504398401,5.116632104267039
11.2,0.39,4.558509357281854e-06,1.6473383521677937e-05,7.956065756958455e-07,4.56773784481216e-06,1.6506733110873996e-05,7.972172437426511e-07,4.591172031945055e-06,1.6591418766184165e-05,8.013072635095812e-07,3.334958919605971e-08,3.334958919605971e-08,8.46856553101686e-08,8.46856553101686e-08,1.1803524450622831e-07,1.1803524450622831e-07,0.007165209524254769,1.499419168235305,1.0,0.40507781194222237,1.0020244529092748,1.0,0.0,0.0,input_tied,0.3196887894908087,0.0,0.1353663151635882,0.574437919825029,2.5787377706660896e-28,0.1521116714309366,0.1520798750081952,-3.1796422741398045e-05,3.1796422741398045e-05,9.732658003618067,9.733153989747256
12.0,0.39,2.51049659930808e-06,8.248753787970822e-06,4.859945413114452e-07,2.51592369524381e-06,8.266585629754584e-06,4.870451458016745e-07,2.5283721742699755e-06,8.307487672222939e-06,4.894549848972598e-07,1.783184178376197e-08,1.783184178376197e-08,4.0902042468355325e-08,4.0902042468355325e-08,5.8733884252117297e-08,5.8733884252117297e-08,0.007120334266464477,1.4779687035454037,1.0,0.3906686474340275,1.0021617619148442,1.0,0.0,0.0,input_tied,0.34137175854164975,0.0,0.14464355018632655,0.5733931590308378,3.6558280252297734e-28,0.03820530122599985,0.038193900956356046,-1.140026964380203e-05,1.140026964380203e-05,11.590530010056062,11.590724071202914
12.8,0.39,6.987844538077155e-07,2.0493996179638756e-06,2.0546948193091949e-07,6.998090531143441e-07,2.0524045695138546e-06,2.0577075349981688e-07,7.038527566479379e-07,2.0642639696933366e-06,2.0695975772794812e-07,3.004951549978996e-09,3.004951549978996e-09,1.1859400179481989e-08,1.1859400179481989e-08,1.4864351729460985e-08,1.4864351729460985e-08,0.007253027471640232,1.5781226258875372,1.0,0.4562359290923607,1.0014662594467372,1.0,0.0,0.0,input_tied,0.23154241101851286,0.0,0.10063809092004923,0.5338288508305074,6.464043983609658e-28,0.0023602904960522697,0.002360207307474241,-8.318857802874086e-08,8.318857802874086e-08,12.208729734889243,12.208731188235038
13.600000000000001,0.39,2.2326970559833704e-07,5.62447153419074e-07,8.964636729611575e-08,2.2358756147994004e-07,5.632478761831678e-07,8.977399152992324e-08,2.2488917506009444e-07,5.665268201449002e-07,9.029661025587816e-08,8.007227640938426e-10,8.007227640938426e-10,3.2789439617324224e-09,3.2789439617324224e-09,4.079666725826265e-09,4.079666725826265e-09,0.007253422301146477,1.5835144599575646,1.0,0.4596467185984162,1.0014236408864838,1.0,0.0,0.0,input_tied,0.2248123577409772,0.0,0.09808481357269962,0.5280133560081189,1.1763521087855689e-27,0.0001778032087379348,0.00017779708051310033,-6.12822483446354e-09,6.12822483446354e-09,12.246888641434467,12.246888748664782
14.4,0.39,1.1131341964120475e-07,2.7940829939367144e-07,4.07869702735668e-08,1.1148745900300451e-07,2.798451563536388e-07,4.0850741005784335e-08,1.1211618696410875e-07,2.8142332914681706e-07,4.1081116720971025e-08,4.368569599673733e-10,4.368569599673733e-10,1.5781727931782529e-09,1.5781727931782529e-09,2.015029753145626e-09,2.015029753145626e-09,0.007211774873968781,1.5609164733916419,1.0,0.4452731317042589,1.001563507458137,1.0,0.0,0.0,input_tied,0.24689920143944,0.0,0.10740742647090296,0.532477530041965,1.7068915022087403e-27,4.388000394344511e-05,4.387486308680904e-05,-5.140856636071914e-09,5.140856636071914e-09,12.249232111965078,12.24923220192725
15.200000000000001,0.39,4.9709616392691525e-08,1.4671605106442872e-07,1.1770674642156241e-08,4.9793911884268804e-08,1.4696484601687924e-07,1.1790634860664439e-08,5.006618744260161e-08,1.4776845702052048e-07,1.185510663177668e-08,2.4879495245052365e-10,2.4879495245052365e-10,8.036110036412393e-10,8.036110036412393e-10,1.052405956091763e-09,1.052405956091763e-09,0.00717307989450732,1.5399344597018174,1.0,0.4317398568847099,1.0016957582394395,1.0,0.0,0.0,input_tied,0.2677834077304856,0.0,0.11619019864791928,0.5364658456371497,2.4990014045148525e-27,1.2098907640248965e-05,1.20965606549337e-05,-2.3469853152644317e-09,2.3469853152644317e-09,12.24978827003119,12.24978831110308
16.0,0.39,2.015482472120821e-08,5.614789054568101e-08,5.199793552793773e-09,2.0191623575982985e-08,5.6250405853984657e-08,5.209287381217234e-09,2.0298721310286835e-08,5.654876180331997e-08,5.236917793094048e-09,1.025153083036463e-10,1.025153083036463e-10,2.983559493353146e-10,2.983559493353146e-10,4.008712576389609e-10,4.008712576389609e-10,0.007139560431265331,1.520124718640573,1.0,0.4187923832293445,1.0018258087224174,1.0,0.0,0.0,input_tied,0.28832015683710666,0.0,0.12459912372608362,0.5426548128377121,4.0658337962802256e-27,1.7719761214311387e-06,1.7715144780013643e-06,-4.6164342977448187e-10,4.6164342977448187e-10,12.249968990437496,12.249968998516245
16.8,0.39,9.525971967553443e-09,2.465308211878383e-08,2.2010619034430794e-09,9.54453317008829e-09,2.4701118251146336e-08,2.2053506370149074e-09,9.593655042248102e-09,2.4828244968746292e-08,2.2167006894615273e-09,4.8036132362506513e-11,4.8036132362506513e-11,1.2712671759995574e-10,1.2712671759995574e-10,1.7516284996246226e-10,1.7516284996246226e-10,0.007105109580963959,1.5013415333766713,1.0,0.40635906399495303,1.001948483850054,1.0,0.0,0.0,input_tied,0.3076922365111254,0.0,0.13268580337603814,0.5459691425520503,6.177732446708047e-27,3.416122381270675e-07,3.41499875405291e-07,-1.123627217765316e-10,1.123627217765316e-10,12.249994021786561,12.249994023752905
17.6,0.39,3.484410888318046e-09,7.139226485334225e-09,8.222198924376402e-10,3.4898140165340806e-09,7.1502969811224496e-09,8.234948739604878e-10,3.509463486275521e-09,7.190556875634655e-09,8.281315788196735e-10,1.1070495788224828e-11,1.1070495788224828e-11,4.025989451220505e-11,4.025989451220505e-11,5.1330390300429877e-11,5.1330390300429877e-11,0.0071899092157778535,1.559816346703205,1.0,0.44456808785883606,1.0015506575972855,1.0,0.0,0.0,input_tied,0.24487003274800853,0.0,0.10702376707827714,0.5253311760113416,1.0452097502090277e-26,5.6207073804593766e-08,5.539856383971502e-08,-8.085099648787451e-10,8.085099648787451e-10,12.249999016376224,12.24999903052515
18.4,0.39,0.0,0.0,0.0,1e-30,1e-30,1e-30,1.0058704800739689e-30,1.0058704800739689e-30,1.0058704800739689e-30,1e-30,1e-30,5.870480073968777e-33,5.870480073968777e-33,1.0058704800739689e-30,1.0058704800739689e-30,1.0058704800739688,1.5896510516836373,1.0,0.463514527796402,1.0008949449987425,1.0,0.0,0.0,input_tied,0.14132404957317166,0.0,0.09421603304878111,0.0,0.0,5.6207073804593766e-08,5.539856383971502e-08,-8.085099648787451e-10,8.085099648787451e-10,12.249999016376224,12.24999903052515
19.200000000000003,0.39,0.0,0.0,0.0,1e-30,1e-30,1e-30,1.0057161736535278e-30,1.0057161736535278e-30,1.0057161736535278e-30,1e-30,1e-30,5.716173653527695e-33,5.716173653527695e-33,1.0057161736535278e-30,1.0057161736535278e-30,1.0057161736535276,1.5704009692603986,1.0,0.4513309811859851,1.000970529894399,1.0,0.0,0.0,input_tied,0.15325993787437275,0.0,0.10217329191624851,0.0,0.0,5.6207073804593766e-08,5.539856383971502e-08,-8.085099648787451e-10,8.085099648787451e-10,12.249999016376224,12.24999903052515
20.0,0.39,0.0,0.0,0.0,1e-30,1e-30,1e-30,1.0055641423643005e-30,1.0055641423643005e-30,1.0055641423643005e-30,1e-30,1e-30,5.564142364300414e-33,5.564142364300414e-33,1.0055641423643005e-30,1.0055641423643005e-30,1.0055641423643005,1.5516627094173834,1.0,0.43932707173589636,1.0010450732710223,1.0,0.0,0.0,input_tied,0.16503135608229763,0.0,0.11002090405486509,0.0,0.0,5.6207073804593766e-08,5.539856383971502e-08,-8.085099648787451e-10,8.085099648787451e-10,12.249999016376224,12.24999903052515
4.0,0.5800000000000001,0.00016593300264469287,0.0014838405094366235,0.0003402200273142987,0.00016614342138153378,0.0014857221595043775,0.0003406514584778071,0.0001666643790940888,0.0014903807756040802,0.0003417196019114228,1.881650067753985e-06,1.881650067753985e-06,4.658616099702771e-06,4.658616099702771e-06,6.540266167456756e-06,6.540266167456756e-06,0.004407661150819996,1.280917082806759,1.0,0.24757629233153006,1.001268094553146,1.0,0.0,0.0,input_tied,0.20024946532365048,0.0,0.07718149434815945,0.7296846177516892,2.877574286123232e-29,2.4817186502014303,2.481690237492503,-2.8412708927394448e-05,2.8412708927394448e-05,7.313220238710028,7.312836061791173
4.8,0.5800000000000001,0.00019588331934337569,0.0015684959230168687,0.00015190541897144576,0.00019611472380078865,0.001570348847243581,0.000152084870653054,0.00019687897415015276,0.0015764684268032908,0.0001526775386245198,1.852924226712193e-06,1.852924226712193e-06,6.119579559709862e-06,6.119579559709862e-06,7.972503786422055e-06,7.972503786422055e-06,0.0050828973600948995,1.3602809677586774,1.0,0.30769127235057525,1.0011813382486505,1.0,0.0,0.0,input_tied,0.1865494588489146,0.0,0.07111786048012514,0.7487351990015543,2.993847761218537e-29,13.764250791323446,13.763653682853292,-0.0005971084701545948,0.0005971084701545948,955.4668601921403,955.3745774345734
5.6,0.5800000000000001,0.0001571565360950142,0.0013021795653970398,5.952772796673076e-05,0.00015744468908042948,0.0013045671652935475,5.963687450911976e-05,0.00015815867814633137,0.0013104831901349975,5.990731917494346e-05,2.3875998965076483e-06,2.3875998965076483e-06,5.916024841449985e-06,5.916024841449985e-06,8.303624737957633e-06,8.303624737957633e-06,0.006376712520001667,1.4305484675437201,1.0,0.35805791447458585,1.0018335412104087,1.0,0.0,0.0,input_tied,0.28954122239723684,0.0,0.1092096338293002,0.7674949986543215,3.368047388161654e-29,57.98441234989971,57.97814222827935,-0.006270121620360669,0.006270121620360669,20011.223256146764,20006.788612521297
6.4,0.5800000000000001,0.00010403279180139791,0.0006722757578882074,2.7226587873248646e-05,0.0001042559525510547,0.0006737178566679155,2.7284991628979723e-05,0.00010477142652223553,0.0006770489280411494,2.7419897144151516e-05,1.4420987797080908e-06,1.4420987797080908e-06,3.331071373233901e-06,3.331071373233901e-06,4.773170152941992e-06,4.773170152941992e-06,0.007100018254318373,1.4775528482269376,1.0,0.3903872383399466,1.0021451000765491,1.0,0.0,0.0,input_tied,0.33874062650058523,0.0,0.1316552460415761,0.7152911951750737,4.4904440372978883e-29,59.89404198785138,59.88925309513829,-0.004788892713094128,0.004788892713094128,21384.70592547825,21381.204547669644
7.2,0.5800000000000001,7.600596946658674e-05,0.00012096548172608188,1.7567967055044743e-05,7.61715570486557e-05,0.00012122901867947386,1.7606240853891434e-05,7.655765066481336e-05,0.00012184349673425887,1.76954822644862e-05,2.635369533919812e-07,2.635369533919812e-07,6.144780547850124e-07,6.144780547850124e-07,8.780150081769936e-07,8.780150081769936e-07,0.007258393019631823,1.4921401916441892,1.0,0.40021145959540433,1.0021786128541095,1.0,0.0,0.0,input_tied,0.34403275221100243,0.0,0.14069871838435052,0.6301155460004444,8.300514770714761e-29,3.5328005746123075,3.5327632470211245,-3.7327591182911846e-05,3.7327591182911846e-05,28.430239319166184,28.429244174025566
8.0,0.5800000000000001,6.313930858617432e-05,8.591082932490227e-05,1.349297177222348e-05,6.328576381665604e-05,8.61101043976168e-05,1.3524269490475928e-05,6.359228237057517e-05,8.65271704656546e-05,1.3589772998327123e-05,1.992750727145275e-07,1.992750727145275e-07,4.170660680378064e-07,4.170660680378064e-07,6.163411407523339e-07,6.163411407523339e-07,0.007174196147279888,1.4658274448318904,1.0,0.38241989178356733,1.0023195570835535,1.0,0.0,0.0,input_tied,0.36628977280669284,0.0,0.1520636193182569,0.6058619607103518,9.732597906015618e-29,2.3263363027237887,2.3260861133419115,-0.0002501893818771528,0.0002501893818771528,5.363118410899866,5.360221808279549
8.8,0.5800000000000001,2.2146857658873487e-05,5.848230792059077e-05,7.04775031939265e-06,2.2185472093104496e-05,5.85842754894288e-05,7.0600385137440376e-06,2.2308295959555732e-05,5.8908611487268236e-05,7.09912450767347e-06,1.0196756883802996e-07,1.0196756883802996e-07,3.2433599783943383e-07,3.2433599783943383e-07,4.263035666774638e-07,4.263035666774638e-07,0.007289444993455337,1.5482467554553723,1.0,0.43712316521321565,1.0017435626681575,1.0,0.0,0.0,input_tied,0.27533238053155346,0.0,0.11517223325097901,0.5937428247516305,1.2483365522276649e-28,1.5836854146976476,1.5837337623248717,4.8347627224165635e-05,4.8347627224165635e-05,0.21087707232904246,0.21098809636282803
9.600000000000001,0.5800000000000001,1.0975147149201867e-05,4.3579838227844995e-05,3.956029603160251e-06,1.0994100864259517e-05,4.365509916282837e-05,3.9628615350549755e-06,1.1054945046220524e-05,4.389669771006598e-05,3.984793030072363e-06,7.526093498337296e-08,7.526093498337296e-08,2.4159854723761166e-07,2.4159854723761166e-07,3.168594822209846e-07,3.168594822209846e-07,0.007270781515167024,1.5480056645464257,1.0,0.4369674344285572,1.0017269668278688,1.0,0.0,0.0,input_tied,0.27271167047790623,0.0,0.11485685465158924,0.5829075319022637,1.5205403539576656e-28,0.9999999954199661,0.9999999954173022,-2.6638691252856006e-12,2.6638691252856006e-12,1.000000022900169,1.0000000229134887
10.4,0.5800000000000001,7.4220667591848335e-06,2.9967975434604077e-05,2.109988192023306e-06,7.436002350630682e-06,3.0024242977818918e-05,2.1139498827967307e-06,7.475619041541689e-06,3.0184202738158202e-05,2.125212345496331e-06,5.62675432148409e-08,5.62675432148409e-08,1.59959760339284e-07,1.59959760339284e-07,2.162273035541249e-07,2.162273035541249e-07,0.007215278990933997,1.5229622419775668,1.0,0.42065728173279693,1.0018775890729632,1.0,0.0,0.0,input_tied,0.2964969820472671,0.0,0.12533762689732517,0.5770575811212877,1.8818072717712383e-28,0.4952546006122621,0.495201053443849,-5.354716841310392e-05,5.354716841310392e-05,5.116026485707982,5.116632085557002
11.2,0.5800000000000001,4.558508610097314e-06,1.6473385567782725e-05,7.956066873864388e-07,4.567737096318348e-06,1.6506735161855953e-05,7.972173556948511e-07,4.5911712796111934e-06,1.659142082768842e-05,8.013073760361374e-07,3.3349594073227984e-08,3.3349594073227984e-08,8.468566583246588e-08,8.468566583246588e-08,1.1803525990569387e-07,1.1803525990569387e-07,0.007165209569096555,1.499419168235305,1.0,0.40507781194222237,1.0020244529538878,1.0,0.0,0.0,input_tied,0.319688796535826,0.0,0.1353663151635882,0.5744379545210921,2.5787377440158254e-28,0.15211170910040503,0.15207991268331875,-3.179641708628278e-05,3.179641708628278e-05,9.73265741602695,9.733153402052956
12.0,0.5800000000000001,2.510494419358609e-06,8.248759932846803e-06,4.859946757239118e-07,2.5159215114241866e-06,8.26659179068214e-06,4.87045280667781e-07,2.528369979645083e-06,8.307493863634e-06,4.894551204306671e-07,1.783185783533617e-08,1.783185783533617e-08,4.0902072951861534e-08,4.0902072951861534e-08,5.8733930787197705e-08,5.8733930787197705e-08,0.007120334603667816,1.4779687035454037,1.0,0.3906686474340275,1.0021617622503873,1.0,0.0,0.0,input_tied,0.3413718115285127,0.0,0.14464355018632655,0.5733934032489537,3.655827806647672e-28,0.038205358125886636,0.03819395786482076,-1.1400261065878936e-05,1.1400261065878936e-05,11.590529041481528,11.590723102474257
12.8,0.5800000000000001,6.987835376805643e-07,2.0494095611429716e-06,2.0546683004976262e-07,6.998081380014575e-07,2.052414534186496e-06,2.0576809842351492e-07,7.038518362472586e-07,2.0642739919448014e-06,2.0695708730983059e-07,3.0049730435243123e-09,3.0049730435243123e-09,1.1859457758305443e-08,1.1859457758305443e-08,1.4864430801829755e-08,1.4864430801829755e-08,0.007253030864918844,1.5781226258875372,1.0,0.4562359290923607,1.001466262820521,1.0,0.0,0.0,input_tied,0.23154294378511467,0.0,0.10063809092004923,0.5338323800879815,6.464043528667355e-28,0.002360313410236169,0.0023602302367497423,-8.317348642672764e-08,8.317348642672764e-08,12.208729334567082,12.20873078764919
13.600000000000001,0.5800000000000001,2.23257213948853e-07,5.624780701442199e-07,8.964772358412812e-08,2.2357505481600933e-07,5.632788438993382e-07,8.977535086075039e-08,2.2487659558869846e-07,5.665579681394352e-07,9.029797750004115e-08,8.007737551182312e-10,8.007737551182312e-10,3.2791242400970068e-09,3.2791242400970068e-09,4.079897995215238e-09,4.079897995215238e-09,0.007253434776877876,1.5835144599575646,1.0,0.4596467185984162,1.001423653290008,1.0,0.0,0.0,input_tied,0.22481431642700442,0.0,0.09808481357269962,0.5280266688813077,1.1763480693074486e-27,0.00017782275614435032,0.0001778166316504774,-6.1244938729060425e-09,6.1244938729060425e-09,12.2468882993983,12.24688840656333
14.4,0.5800000000000001,1.1133857147543006e-07,2.793325203394674e-07,4.0790044387193164e-08,1.1151264088298598e-07,2.797692355378236e-07,4.085381652623327e-08,1.1214151085604564e-07,2.8134698017935003e-07,4.1084209585664047e-08,4.367151983562344e-10,4.367151983562344e-10,1.5777446415264096e-09,1.5777446415264096e-09,2.014459839882644e-09,2.014459839882644e-09,0.007211691060655988,1.5609164733916419,1.0,0.4452731317042589,1.0015634241148346,1.0,0.0,0.0,input_tied,0.24688604039263373,0.0,0.10740742647090296,0.532395840800425,1.706913184056574e-27,4.3856205503249375e-05,4.385106013685391e-05,-5.145366395465907e-09,5.145366395465907e-09,12.249232528424734,12.249232618465824
15.200000000000001,0.5800000000000001,4.9709897395962283e-08,1.46776561877834e-07,1.1761015684834395e-08,4.979420530589404e-08,1.470254947022235e-07,1.1780962349442548e-08,5.006648246867072e-08,1.4782943733585803e-07,1.1845381230787873e-08,2.4893282438951585e-10,2.4893282438951585e-10,8.039426336345236e-10,8.039426336345236e-10,1.0528754580240395e-09,1.0528754580240395e-09,0.007173321438748344,1.5399344597018174,1.0,0.4317398568847099,1.0016959984700875,1.0,0.0,0.0,input_tied,0.2678213434338505,0.0,0.11619019864791928,0.5366835100288477,2.498967429026751e-27,1.2108889732566497e-05,1.210654661776478e-05,-2.3431148017169756e-09,2.3431148017169756e-09,12.249788095346085,12.249788136350238
16.0,0.5800000000000001,2.0151203156635068e-08,5.615562867060873e-08,5.200510171917285e-09,2.0187995639968746e-08,5.625815877840903e-08,5.2100053709056335e-09,2.0295074131455104e-08,5.6556555849778785e-08,5.237639591048216e-09,1.0253010780030169e-10,1.0253010780030169e-10,2.983970713697566e-10,2.983970713697566e-10,4.009271791700583e-10,4.009271791700583e-10,0.0071395724464553886,1.520124718640573,1.0,0.4187923832293445,1.0018258206742143,1.0,0.0,0.0,input_tied,0.28832204418922386,0.0,0.12459912372608362,0.5426649111009035,4.065771227708545e-27,1.7724645713912186e-06,1.7720028429882379e-06,-4.6172840298070287e-10,4.6172840298070287e-10,12.249968981889634,12.24996898996987
16.8,0.5800000000000001,9.525971967553443e-09,2.4653082118783826e-08,2.201061903443079e-09,9.54453317008829e-09,2.4701118251146333e-08,2.205350637014907e-09,9.593655042248102e-09,2.482824496874629e-08,2.216700689461527e-09,4.8036132362506513e-11,4.8036132362506513e-11,1.2712671759995574e-10,1.2712671759995574e-10,1.7516284996246226e-10,1.7516284996246226e-10,0.00710510958096396,1.5013415333766713,1.0,0.40635906399495303,1.001948483850054,1.0,0.0,0.0,input_tied,0.3076922365111254,0.0,0.13268580337603814,0.5459691425520503,6.177732446708049e-27,3.416122381270674e-07,3.41499875405291e-07,-1.1236272177642572e-10,1.1236272177642572e-10,12.249994021786561,12.249994023752905
17.6,0.5800000000000001,3.484410888318046e-09,7.139226485334223e-09,8.222198924376402e-10,3.4898140165340806e-09,7.150296981122448e-09,8.234948739604878e-10,3.509463486275521e-09,7.190556875634653e-09,8.281315788196735e-10,1.1070495788224828e-11,1.1070495788224828e-11,4.025989451220505e-11,4.025989451220505e-11,5.1330390300429877e-11,5.1330390300429877e-11,0.007189909215777855,1.559816346703205,1.0,0.44456808785883606,1.0015506575972855,1.0,0.0,0.0,input_tied,0.24487003274800853,0.0,0.10702376707827714,0.5253311760113416,1.0452097502090278e-26,5.6207073804593766e-08,5.539856383971502e-08,-8.085099648787451e-10,8.085099648787451e-10,12.249999016376224,12.24999903052515
18.4,0.5800000000000001,1.7949803590232282e-09,1.9969300124387082e-09,3.8732741948561017e-10,1.7974123397528661e-09,1.9996356104605882e-09,3.878522011722254e-10,1.807964013078091e-09,2.0113744314669957e-09,3.901290797908519e-10,2.7055980218800013e-12,2.7055980218800013e-12,1.1738821006407406e-11,1.1738821006407406e-11,1.4444419028287408e-11,1.4444419028287408e-11,0.007233312604004318,1.5896510516836373,1.0,0.463514527796402,1.0013548787413815,1.0,0.0,0.0,input_tied,0.2139538750220957,0.0,0.09421603304878111,0.5139240325215798,1.686044268142297e-26,5.6207073804593766e-08,5.539856383971502e-08,-8.085099648787451e-10,8.085099648787451e-10,12.249999016376224,12.24999903052515
19.200000000000003,0.5800000000000001,0.0,0.0,0.0,1e-30,1e-30,1e-30,1.0057161736535278e-30,1.0057161736535278e-30,1.0057161736535278e-30,1e-30,1e-30,5.716173653527695e-33,5.716173653527695e-33,1.0057161736535278e-30,1.0057161736535278e-30,1.0057161736535276,1.5704009692603986,1.0,0.4513309811859851,1.000970529894399,1.0,0.0,0.0,input_tied,0.15325993787437275,0.0,0.10217329191624851,0.0,0.0,5.6207073804593766e-08,5.539856383971502e-08,-8.085099648787451e-10,8.085099648787451e-10,12.249999016376224,12.24999903052515
20.0,0.5800000000000001,0.0,0.0,0.0,1e-30,1e-30,1e-30,1.0055641423643005e-30,1.0055641423643005e-30,1.0055641423643005e-30,1e-30,1e-30,5.564142364300414e-33,5.564142364300414e-33,1.0055641423643005e-30,1.0055641423643005e-30,1.0055641423643005,1.5516627094173834,1.0,0.43932707173589636,1.0010450732710223,1.0,0.0,0.0,input_tied,0.16503135608229763,0.0,0.11002090405486509,0.0,0.0,5.6207073804593766e-08,5.539856383971502e-08,-8.085099648787451e-10,8.085099648787451e-10,12.249999016376224,12.24999903052515
4.0,0.77,0.00016751531265838838,0.0014877342575363118,0.00033858713072771495,0.00016772784383464441,0.0014896217859460602,0.00033901670531416166,0.00016825376964698955,0.0014942926296768902,0.00034007972283149585,1.8875284097483614e-06,1.8875284097483614e-06,4.6708437308300155e-06,4.6708437308300155e-06,6.558372140578377e-06,6.558372140578377e-06,0.004408295438083843,1.280917082806759,1.0,0.24757629233153006,1.0012687268577616,1.0,0.0,0.0,input_tied,0.2003493148662935,0.0,0.07718149434815945,0.7305470830657413,2.877469029129853e-29,2.5188117453708645,2.5187826364563137,-2.910891455076836e-05,2.910891455076836e-05,7.823373259873752,7.822966172725878
4.8,0.77,0.00019601841281511177,0.0015685832784841207,0.00015184534086120196,0.00019624997335806368,0.00157043627785502,0.00015202471885467496,0.0001970147507689324,0.001576556198127931,0.00015261715241725993,1.8529993708992897e-06,1.8529993708992897e-06,6.119920272911004e-06,6.119920272911004e-06,7.972919643810293e-06,7.972919643810293e-06,0.005082879406642231,1.3602809677586774,1.0,0.30769127235057525,1.00118132036489,1.0,0.0,0.0,input_tied,0.18654663475864808,0.0,0.07111786048012514,0.7487087256679691,2.9938096927737833e-29,13.776532908411212,13.775934795561982,-0.0005981128492305032,0.0005981128492305032,957.3660427061604,957.2735129000112
5.6,0.77,0.00015716428993941075,0.0013021747334724565,5.952583158434521e-05,0.00015745245588679726,0.001304562314111026,5.963497417430051e-05,0.00015816648017405119,0.0013104783169530596,5.990541022237858e-05,2.387580638569522e-06,2.387580638569522e-06,5.9160028420335905e-06,5.9160028420335905e-06,8.303583480603113e-06,8.303583480603113e-06,0.006376704498374257,1.4305484675437201,1.0,0.35805791447458585,1.0018335332249941,1.0,0.0,0.0,input_tied,0.28953996139111826,0.0,0.1092096338293002,0.7674873008833811,3.36804571485748e-29,57.98741018471044,57.98113931190564,-0.006270872804797989,0.006270872804797989,20013.343696329193,20008.908286457965
6.4,0.77,0.00010403318187451477,0.0006722752479888863,2.722651459407748e-05,0.00010425634334767793,0.0006737173449430417,2.72849181629815e-05,0.00010477181925107925,0.0006770484137861481,2.7419823314914464e-05,1.442096954155361e-06,1.442096954155361e-06,3.3310688431064262e-06,3.3310688431064262e-06,4.773165797261787e-06,4.773165797261787e-06,0.007100017160442436,1.4775528482269376,1.0,0.3903872383399466,1.002145098988055,1.0,0.0,0.0,input_tied,0.3387404546124767,0.0,0.1316552460415761,0.7152903247800396,4.4904440373576616e-29,59.89419447120301,59.88940551616078,-0.004788955042229759,0.004788955042229759,21384.817417718223,21381.315985211866
7.2,0.77,7.600599302778622e-05,0.00012096547026056667,1.756796279458077e-05,7.617158065404805e-05,0.00012122900717761965,1.760623658249572e-05,7.655767438985524e-05,0.00012184348517410478,1.7695477971439906e-05,2.635369170529803e-07,2.635369170529803e-07,6.144779964851305e-07,6.144779964851305e-07,8.780149135381108e-07,8.780149135381108e-07,0.007258392925244002,1.4921401916441892,1.0,0.40021145959540433,1.0021786127601977,1.0,0.0,0.0,input_tied,0.3440327373810813,0.0,0.14069871838435052,0.6301154757324691,8.30051461196152e-29,3.532800881580863,3.532763553691714,-3.732788914900809e-05,3.732788914900809e-05,28.430247502950664,28.429252349723175
8.0,0.77,6.313931035142344e-05,8.591082838921968e-05,1.3492971457122962e-05,6.328576558548612e-05,8.611010345906495e-05,1.352426917453475e-05,6.35922841479724e-05,8.652716952255698e-05,1.3589772680855713e-05,1.9927506984526776e-07,1.9927506984526776e-07,4.170660634920313e-07,4.170660634920313e-07,6.163411333372991e-07,6.163411333372991e-07,0.007174196139105547,1.4658274448318904,1.0,0.38241989178356733,1.0023195570754184,1.0,0.0,0.0,input_tied,0.36628977152202585,0.0,0.1520636193182569,0.6058619550782047,9.732597891744673e-29,2.3263362997441352,2.326086110336275,-0.00025018940786036836,0.00025018940786036836,5.363118376397853,5.36022177348607
8.8,0.77,2.214685772470437e-05,5.8482307832126536e-05,7.0477503040651206e-06,2.218547215903131e-05,5.858427540076055e-05,7.060038498383785e-06,2.2308296025847533e-05,5.89086113981091e-05,7.09912449222818e-06,1.01967568634017e-07,1.01967568634017e-07,3.2433599734854775e-07,3.2433599734854775e-07,4.2630356598256474e-07,4.2630356598256474e-07,0.0072894449925996275,1.5482467554553723,1.0,0.43712316521321565,1.0017435626673064,1.0,0.0,0.0,input_tied,0.27533238039715807,0.0,0.11517223325097901,0.593742823973692,1.248336552252275e-28,1.5836854111193917,1.583733758744327,4.834762493532985e-05,4.834762493532985e-05,0.21087706411312476,0.21098808813949116
9.600000000000001,0.77,1.0975147130492073e-05,4.357983829417551e-05,3.956029602874588e-06,1.0994100845527402e-05,4.365509922931311e-05,3.962861534772421e-06,1.105494502738474e-05,4.3896697776918665e-05,3.984793029788243e-06,7.526093513760072e-08,7.526093513760072e-08,2.41598547605556e-07,2.41598547605556e-07,3.168594827431567e-07,3.168594827431567e-07,0.007270781516082526,1.5480056645464257,1.0,0.4369674344285572,1.0017269668287792,1.0,0.0,0.0,input_tied,0.2727116706216544,0.0,0.11485685465158924,0.5829075327366252,1.5205403538404686e-28,0.9999999984724866,0.9999999984715255,-9.610090501155355e-13,9.610090501155355e-13,1.0000000076375666,1.0000000076423716
10.4,0.77,7.422066822631817e-06,2.9967975633545645e-05,2.1099880989933163e-06,7.43600241426469e-06,3.0024243177408165e-05,2.113949789611371e-06,7.47561910551472e-06,3.01842029388108e-05,2.125212251814509e-06,5.626754386251956e-08,5.626754386251956e-08,1.5995976140263562e-07,1.5995976140263562e-07,2.1622730526515518e-07,2.1622730526515518e-07,0.0072152790001308595,1.5229622419775668,1.0,0.42065728173279693,1.0018775890821112,1.0,0.0,0.0,input_tied,0.2964969834918649,0.0,0.12533762689732517,0.5770575888050552,1.8818072723859162e-28,0.4952546080067378,0.4952010608463093,-5.354716042849095e-05,5.354716042849095e-05,5.116026402081508,5.116632001835273
11.2,0.77,4.558508374417912e-06,1.6473387120039976e-05,7.956065388971954e-07,4.567736860521244e-06,1.6506736718554537e-05,7.972172069677285e-07,4.591171042604363e-06,1.6591422392373442e-05,8.013072265459896e-07,3.334959851456054e-08,3.334959851456054e-08,8.468567381890576e-08,8.468567381890576e-08,1.180352723334663e-07,1.180352723334663e-07,0.007165209648347041,1.499419168235305,1.0,0.40507781194222237,1.0020244530327336,1.0,0.0,0.0,input_tied,0.31968880898664853,0.0,0.1353663151635882,0.5744380158402492,2.5787377290133707e-28,0.15211173791988766,0.15207994152061277,-3.179639927489153e-05,3.179639927489153e-05,9.732656966483265,9.733152952219983
12.0,0.77,2.5104954008600457e-06,8.248754488780397e-06,4.859951475504296e-07,2.5159224938295367e-06,8.266586330845426e-06,4.870457532785159e-07,2.5283709669112534e-06,8.307488376782691e-06,4.894555953798214e-07,1.7831842065029426e-08,1.7831842065029426e-08,4.090204593726526e-08,4.090204593726526e-08,5.8733888002294684e-08,5.8733888002294684e-08,0.007120334116160447,1.4779687035454037,1.0,0.3906686474340275,1.0021617617652803,1.0,0.0,0.0,input_tied,0.34137173492345635,0.0,0.14464355018632655,0.5733930501738425,3.6558279398355724e-28,0.03820530762110557,0.038193907338193785,-1.1400282911785964e-05,1.1400282911785964e-05,11.590529901195797,11.590723962567596
12.8,0.77,6.987822254986868e-07,2.0494121097501023e-06,2.0546750395309558e-07,6.998068238156985e-07,2.0524170862962857e-06,2.057687732914802e-07,7.038505144677459e-07,2.0642765588014356e-06,2.0695776607738243e-07,3.004976546183426e-09,3.004976546183426e-09,1.1859472505149901e-08,1.1859472505149901e-08,1.4864449051333327e-08,1.4864449051333327e-08,0.007253030749948015,1.5781226258875372,1.0,0.4562359290923607,1.0014662627062108,1.0,0.0,0.0,input_tied,0.23154292573394558,0.0,0.10063809092004923,0.5338322605098711,6.464042583298375e-28,0.00236031927791106,0.0023602361036792548,-8.317423180531289e-08,8.317423180531289e-08,12.208729232055887,12.208730685151018
13.600000000000001,0.77,2.2325985825441142e-07,5.624766617974881e-07,8.96456902950544e-08,2.2357770344858907e-07,5.632774349646273e-07,8.977331490281776e-08,2.2487925964027607e-07,5.665565510026198e-07,9.029592968979225e-08,8.007731671391935e-10,8.007731671391935e-10,3.2791160379924813e-09,3.2791160379924813e-09,4.079889205131675e-09,4.079889205131675e-09,0.007253437310792073,1.5835144599575646,1.0,0.4596467185984162,1.0014236558092564,1.0,0.0,0.0,input_tied,0.22481471425077892,0.0,0.09808481357269962,0.5280293728253742,1.1763494224873406e-27,0.00017782186594988506,0.00017781574238128175,-6.1235686033066054e-09,6.1235686033066054e-09,12.246888314974726,12.246888422123565
14.4,0.77,1.113329554828638e-07,2.7935764280474436e-07,4.078601457007699e-08,1.1150702047564696e-07,2.7979440823388284e-07,4.0849782008038225e-08,1.1213585875269991e-07,2.8137229483557243e-07,4.1080152315004985e-08,4.3676542913848317e-10,4.3676542913848317e-10,1.5778866016895887e-09,1.5778866016895887e-09,2.014652030828072e-09,2.014652030828072e-09,0.007211730492142658,1.5609164733916419,1.0,0.4452731317042589,1.0015634633251962,1.0,0.0,0.0,input_tied,0.24689223224475668,0.0,0.10740742647090296,0.5324342729791944,1.7069108964473137e-27,4.386409455381677e-05,4.385895169589952e-05,-5.142857917245301e-09,5.142857917245301e-09,12.24923239037067,12.249232480367864
15.200000000000001,0.77,4.9707145321880156e-08,1.4679865592490398e-07,1.1755440010425372e-08,4.9791454611388525e-08,1.4704764407945737e-07,1.1775378648798575e-08,5.006371673323241e-08,1.478517078269756e-07,1.1839766998194252e-08,2.4898815455339085e-10,2.4898815455339085e-10,8.040637475182247e-10,8.040637475182247e-10,1.0530519020716155e-09,1.0530519020716155e-09,0.007173443758301933,1.5399344597018174,1.0,0.4317398568847099,1.0016961201244292,1.0,0.0,0.0,input_tied,0.2678405543174709,0.0,0.11619019864791928,0.5367937366735732,2.498950246328401e-27,1.2112535478347771e-05,1.2110194599603878e-05,-2.34087874389336e-09,2.34087874389336e-09,12.249788031546084,12.24978807251111
16.0,0.77,2.02356455963879e-08,5.579354548714013e-08,5.2231408568393254e-09,2.0272543815769767e-08,5.5895280935691577e-08,5.2326648720865804e-09,2.038007075648725e-08,5.61917532784907e-08,5.260419279752856e-09,1.01735448551447e-10,1.01735448551447e-10,2.9647234279912046e-10,2.9647234279912046e-10,3.9820779135056745e-10,3.9820779135056745e-10,0.007137165918992377,1.520124718640573,1.0,0.4187923832293445,1.0018234268437896,1.0,0.0,0.0,input_tied,0.2879440256404948,0.0,0.12459912372608362,0.5406423257224268,4.067449161057865e-27,1.7496810827364944e-06,1.7492169300254545e-06,-4.641527110399205e-10,4.641527110399205e-10,12.249969380600184,12.249969388722848
16.8,0.77,9.224533522575721e-09,2.5277255621321193e-08,2.2567889931008407e-09,9.242521260334786e-09,2.532654598860886e-08,2.2611897065337843e-09,9.29008879870401e-09,2.5456891531144235e-08,2.2728271402053997e-09,4.929036728766623e-11,4.929036728766623e-11,1.3034554253537522e-10,1.3034554253537522e-10,1.7963590982304145e-10,1.7963590982304145e-10,0.007106622353081708,1.5013415333766713,1.0,0.40635906399495303,1.0019499888764067,1.0,0.0,0.0,input_tied,0.30792990074656185,0.0,0.13268580337603814,0.5471632629446838,6.160512202435792e-27,3.591292815995382e-07,3.5901223573287757e-07,-1.170458666606112e-10,1.170458666606112e-10,12.249993715238373,12.249993717286676
17.6,0.77,3.484410888318046e-09,7.139226485334223e-09,8.222198924376402e-10,3.4898140165340806e-09,7.150296981122448e-09,8.234948739604878e-10,3.509463486275521e-09,7.190556875634653e-09,8.281315788196735e-10,1.1070495788224828e-11,1.1070495788224828e-11,4.025989451220505e-11,4.025989451220505e-11,5.1330390300429877e-11,5.1330390300429877e-11,0.007189909215777855,1.559816346703205,1.0,0.44456808785883606,1.0015506575972855,1.0,0.0,0.0,input_tied,0.24487003274800853,0.0,0.10702376707827714,0.5253311760113416,1.0452097502090278e-26,5.6207073804593766e-08,5.539856383971502e-08,-8.085099648787451e-10,8.085099648787451e-10,12.249999016376224,12.24999903052515
18.4,0.77,1.7949803590232282e-09,1.9969300124387082e-09,3.8732741948561017e-10,1.7974123397528661e-09,1.9996356104605882e-09,3.878522011722254e-10,1.807964013078091e-09,2.0113744314669957e-09,3.901290797908519e-10,2.7055980218800013e-12,2.7055980218800013e-12,1.1738821006407406e-11,1.1738821006407406e-11,1.4444419028287408e-11,1.4444419028287408e-11,0.007233312604004318,1.5896510516836373,1.0,0.463514527796402,1.0013548787413815,1.0,0.0,0.0,input_tied,0.2139538750220957,0.0,0.09421603304878111,0.5139240325215798,1.686044268142297e-26,5.6207073804593766e-08,5.539856383971502e-08,-8.085099648787451e-10,8.085099648787451e-10,12.249999016376224,12.24999903052515
19.200000000000003,0.77,0.0,0.0,0.0,1e-30,1e-30,1e-30,1.0057161736535278e-30,1.0057161736535278e-30,1.0057161736535278e-30,1e-30,1e-30,5.716173653527695e-33,5.716173653527695e-33,1.0057161736535278e-30,1.0057161736535278e-30,1.0057161736535276,1.5704009692603986,1.0,0.4513309811859851,1.000970529894399,1.0,0.0,0.0,input_tied,0.15325993787437275,0.0,0.10217329191624851,0.0,0.0,5.6207073804593766e-08,5.539856383971502e-08,-8.085099648787451e-10,8.085099648787451e-10,12.249999016376224,12.24999903052515
20.0,0.77,0.0,0.0,0.0,1e-30,1e-30,1e-30,1.0055641423643005e-30,1.0055641423643005e-30,1.0055641423643005e-30,1e-30,1e-30,5.564142364300414e-33,5.564142364300414e-33,1.0055641423643005e-30,1.0055641423643005e-30,1.0055641423643005,1.5516627094173834,1.0,0.43932707173589636,1.0010450732710223,1.0,0.0,0.0,input_tied,0.16503135608229763,0.0,0.11002090405486509,0.0,0.0,5.6207073804593766e-08,5.539856383971502e-08,-8.085099648787451e-10,8.085099648787451e-10,12.249999016376224,12.24999903052515
4.0,0.96,0.0001691005752478701,0.0014915611052314021,0.00033696459314460806,0.0001693152220984715,0.001493454409812112,0.0003373923172287908,0.00016984612527881835,0.0014981372710814382,0.00033845024133048317,1.893304580709819e-06,1.893304580709819e-06,4.6828612693262505e-06,4.6828612693262505e-06,6.5761658500360694e-06,6.5761658500360694e-06,0.004408914812119505,1.280917082806759,1.0,0.24757629233153006,1.0012693442957645,1.0,0.0,0.0,input_tied,0.20044681676759657,0.0,0.07718149434815945,0.7313892702776418,2.877362109397857e-29,2.5561561186195507,2.556126300274323,-2.9818345227639043e-05,2.9818345227639043e-05,8.354356066383906,8.353925138662465
4.8,0.96,0.00019615351697383903,0.0015686703167419318,0.00015178530351236938,0.00019638523359565742,0.001570523390763494,0.00015196460785681435,0.00019715053810965145,0.0015766436505115318,0.00015255680716951627,1.8530740215621112e-06,1.8530740215621112e-06,6.1202597480378325e-06,6.1202597480378325e-06,7.973333769599944e-06,7.973333769599944e-06,0.00508286137915853,1.3602809677586774,1.0,0.30769127235057525,1.001181302407386,1.0,0.0,0.0,input_tied,0.1865437990232593,0.0,0.07111786048012514,0.7486821431717237,2.9937716391922675e-29,13.78881717296351,13.788218054545236,-0.0005991184182736475,0.0005991184182736475,959.2674434069722,959.1746660435034
5.6,0.96,0.0001571720437145783,0.0013021699004262175,5.952393531880476e-05,0.00015746022262364302,0.0013045574618045196,5.9633073956554886e-05,0.00015817428213193372,0.0013104734426420397,5.990350138741823e-05,2.387561378302096e-06,2.387561378302096e-06,5.915980837520145e-06,5.915980837520145e-06,8.303542215822241e-06,8.303542215822241e-06,0.00637669647647698,1.4305484675437201,1.0,0.35805791447458585,1.0018335252393107,1.0,0.0,0.0,input_tied,0.28953870034254775,0.0,0.1092096338293002,0.767479602853294,3.3680440417465187e-29,57.990407957000016,57.98413633295548,-0.00627162404453685,0.00627162404453685,20015.464204623066,20011.02802841557
6.4,0.96,0.0001040335719465217,0.0006722747380877421,2.722644131540246e-05,0.00010425673414318834,0.0006737168332163441,2.7284844697480733e-05,0.00010477221197880465,0.000677047899529314,2.7419749486177334e-05,1.4420951286019806e-06,1.4420951286019806e-06,3.331066312969844e-06,3.331066312969844e-06,4.773161441571825e-06,4.773161441571825e-06,0.0071000160665695795,1.4775528482269376,1.0,0.3903872383399466,1.002145097899564,1.0,0.0,0.0,input_tied,0.33874028272489465,0.0,0.1316552460415761,0.7152894543876718,4.490444037419857e-29,59.894346953249936,59.88955793587822,-0.004789017371713555,0.004789017371713555,21384.92890929487,21381.427422090346
7.2,0.96,7.600601658901746e-05,0.00012096545879488791,1.7567958534194983e-05,7.617160425947212e-05,0.00012122899567560136,1.7606232311178338e-05,7.655769811492902e-05,0.00012184347361378578,1.7695473678472337e-05,2.635368807134508e-07,2.635368807134508e-07,6.14477938184422e-07,6.14477938184422e-07,8.780148188978728e-07,8.780148188978728e-07,0.007258392830854773,1.4921401916441892,1.0,0.40021145959540433,1.0021786126662844,1.0,0.0,0.0,input_tied,0.3440327225508864,0.0,0.14069871838435052,0.6301154054631962,8.300514453206745e-29,3.5328011885219555,3.532763860334839,-3.7328187116436595e-05,3.7328187116436595e-05,28.430255686004156,28.42926052468978
8.0,0.96,6.313931211679352e-05,8.591082745550573e-05,1.3492971140633876e-05,6.328576735443954e-05,8.611010252248918e-05,1.3524268857202234e-05,6.359228592549358e-05,8.6527168581445e-05,1.3589772361986228e-05,1.9927506698344836e-07,1.9927506698344836e-07,4.1706605895581073e-07,4.1706605895581073e-07,6.163411259392591e-07,6.163411259392591e-07,0.00717419613096463,1.4658274448318904,1.0,0.38241989178356733,1.0023195570673167,1.0,0.0,0.0,input_tied,0.3662897702426544,0.0,0.1520636193182569,0.6058619494692741,9.732597877508545e-29,2.326336297081102,2.3260861076472885,-0.0002501894338133859,0.0002501894338133859,5.3631183455620475,5.360221742358158
8.8,0.96,2.2146857786225498e-05,5.8482307769758606e-05,7.047750281977032e-06,2.2185472220649558e-05,5.858427533825709e-05,7.060038476253957e-06,2.2308296087806912e-05,5.89086113352596e-05,7.099124469975836e-06,1.0196756849848495e-07,1.0196756849848495e-07,3.2433599700251107e-07,3.2433599700251107e-07,4.26303565500996e-07,4.26303565500996e-07,0.007289444992138956,1.5482467554553723,1.0,0.43712316521321565,1.0017435626668483,1.0,0.0,0.0,input_tied,0.27533238032481167,0.0,0.11517223325097901,0.5937428235549198,1.2483365523058925e-28,1.583685409488256,1.583733757112001,4.834762374494872e-05,4.834762374494872e-05,0.21087706036792694,0.21098808439057365
9.600000000000001,0.96,1.0975147127036464e-05,4.357983836541372e-05,3.95602958562392e-06,1.0994100842081713e-05,4.3655099300737434e-05,3.9628615174976885e-06,1.1054945023919981e-05,4.389669784873827e-05,3.984793012417909e-06,7.52609353237108e-08,7.52609353237108e-08,2.415985480008358e-07,2.415985480008358e-07,3.168594833245466e-07,3.168594833245466e-07,0.007270781517538069,1.5480056645464257,1.0,0.4369674344285572,1.0017269668302267,1.0,0.0,0.0,input_tied,0.2727116708502606,0.0,0.11485685465158924,0.5829075340635298,1.520540353855267e-28,1.0000000022905233,1.0000000022922693,1.7459367285255212e-12,1.7459367285255212e-12,0.9999999885473829,0.9999999885386532
10.4,0.96,7.422066622450881e-06,2.996797611076026e-05,2.1099881419630517e-06,7.436002213759297e-06,3.0024243655726332e-05,2.113949832676398e-06,7.475618903941097e-06,3.0184203419677296e-05,2.1252122951089727e-06,5.6267544966071356e-08,5.6267544966071356e-08,1.5995976395096474e-07,1.5995976395096474e-07,2.162273089170361e-07,2.162273089170361e-07,0.007215279007093102,1.5229622419775668,1.0,0.42065728173279693,1.0018775890890366,1.0,0.0,0.0,input_tied,0.29649698458547,0.0,0.12533762689732517,0.5770575946219046,1.881807269416293e-28,0.4952546233994157,0.49520107624408094,-5.354715533478771e-05,5.354715533478771e-05,5.1160262280008295,5.116631827686683
11.2,0.96,4.558508117512843e-06,1.6473387644030034e-05,7.956066136589124e-07,4.567736603107566e-06,1.6506737243646886e-05,7.972172818828013e-07,4.591170783870057e-06,1.6591422920159713e-05,8.013073018454045e-07,3.334959961685195e-08,3.334959961685195e-08,8.468567651282629e-08,8.468567651282629e-08,1.1803527612967824e-07,1.1803527612967824e-07,0.007165209650879204,1.499419168235305,1.0,0.40507781194222237,1.0020244530352527,1.0,0.0,0.0,input_tied,0.31968880938446487,0.0,0.1353663151635882,0.5744380177994584,2.5787377211559422e-28,0.1521117475188424,0.15207995111833988,-3.179640050252064e-05,3.179640050252064e-05,9.73265681675298,9.733152802505026
12.0,0.96,2.5104943204586913e-06,8.248758060828622e-06,4.859951086681578e-07,2.5159214116758634e-06,8.266589912531963e-06,4.870457144250988e-07,2.5283698794032177e-06,8.30749197619097e-06,4.894555563341624e-07,1.78318517033411e-08,1.78318517033411e-08,4.0902063659007166e-08,4.0902063659007166e-08,5.8733915362348265e-08,5.8733915362348265e-08,0.007120334349635198,1.4779687035454037,1.0,0.3906686474340275,1.0021617619976055,1.0,0.0,0.0,input_tied,0.3413717716108183,0.0,0.14464355018632655,0.5733932192670462,3.6558278246765045e-28,0.03820534071595604,0.0381939404408576,-1.1400275098438772e-05,1.1400275098438772e-05,11.590529337840909,11.590723399074989
12.8,0.96,6.98782114087772e-07,2.0494156478591713e-06,2.0546629356473351e-07,6.998067132149864e-07,2.0524206324484484e-06,2.0576756141463154e-07,7.038504032279502e-07,2.0642801254443138e-06,2.0695654719795117e-07,3.0049845892771034e-09,3.0049845892771034e-09,1.1859492995865383e-08,1.1859492995865383e-08,1.4864477585142486e-08,1.4864477585142486e-08,0.007253032151223197,1.5781226258875372,1.0,0.4562359290923607,1.0014662640994354,1.0,0.0,0.0,input_tied,0.23154314574313523,0.0,0.10063809092004923,0.5338337179380851,6.464042585592889e-28,0.0023603274326774704,0.002360244264724003,-8.316795346722042e-08,8.316795346722042e-08,12.208729089588074,12.208730542573512
13.600000000000001,0.96,2.2326444265691616e-07,5.624538293146109e-07,8.965029233705036e-08,2.235822903078841e-07,5.6325455972335e-07,8.977792186232908e-08,2.248838732019436e-07,5.665335425932695e-07,9.030056346868934e-08,8.007304087390921e-10,8.007304087390921e-10,3.2789828699194863e-09,3.2789828699194863e-09,4.0797132786585785e-09,4.0797132786585785e-09,0.007253418975971757,1.5835144599575646,1.0,0.4596467185984162,1.0014236375805545,1.0,0.0,0.0,input_tied,0.22481183568953955,0.0,0.09808481357269962,0.5280098077086517,1.1763493538416385e-27,0.0001778074290506389,0.00017780129950647905,-6.129544159836232e-09,6.129544159836232e-09,12.246888567588373,12.246888674841772
14.4,0.96,1.1132956876494968e-07,2.793728391653723e-07,4.078358206528348e-08,1.1150363110081823e-07,2.7980963497355533e-07,4.0847346666531126e-08,1.12132450263661e-07,2.813876074456834e-07,4.1077703239511e-08,4.367958081830301e-10,4.367958081830301e-10,1.5779724721280587e-09,1.5779724721280587e-09,2.014768280311089e-09,2.014768280311089e-09,0.007211754322038673,1.5609164733916419,1.0,0.4452731317042589,1.0015634870214583,1.0,0.0,0.0,input_tied,0.246895974208487,0.0,0.10740742647090296,0.5324574989568465,1.7069095154424582e-27,4.3868866916161274e-05,4.386372557425538e-05,-5.141341905895913e-09,5.141341905895913e-09,12.249232306856948,12.249232396827614
15.200000000000001,0.96,4.9705482953775916e-08,1.4681200165545e-07,1.1752072069366868e-08,4.9789793076697055e-08,1.4706102323557185e-07,1.1772005858998644e-08,5.0062046113187554e-08,1.4786516014097353e-07,1.183637576581387e-08,2.490215801218421e-10,2.490215801218421e-10,8.041369054016721e-10,8.041369054016721e-10,1.0531584855235142e-09,1.0531584855235142e-09,0.007173517652835697,1.5399344597018174,1.0,0.4317398568847099,1.0016961936171014,1.0,0.0,0.0,input_tied,0.2678521598150908,0.0,0.11619019864791928,0.5368603257534034,2.4989398734686393e-27,1.2114737927461139e-05,1.211239840039852e-05,-2.3395270626193305e-09,2.3395270626193305e-09,12.249787993003558,12.249788033944926
16.0,0.96,2.0114244153738322e-08,5.608903233512769e-08,5.239510957435317e-09,2.0150936871083676e-08,5.619135082116759e-08,5.249068954898191e-09,2.0257818800358543e-08,5.648939353862285e-08,5.276910370926912e-09,1.0231848603989826e-10,1.0231848603989826e-10,2.980427174552637e-10,2.980427174552637e-10,4.0036120349516195e-10,4.0036120349516195e-10,0.007137958827726503,1.520124718640573,1.0,0.4187923832293445,1.0018242155690715,1.0,0.0,0.0,input_tied,0.2880685761446964,0.0,0.12459912372608362,0.5413087322506962,4.06529168475683e-27,1.7682630459193035e-06,1.7677967473467177e-06,-4.662985725857703e-10,4.662985725857703e-10,12.249969055416233,12.249969063576449
16.8,0.96,9.280470634419696e-09,2.5161429443196977e-08,2.246447868739097e-09,9.298563196864632e-09,2.5210482422440997e-08,2.250827387833066e-09,9.346419160533738e-09,2.534023063249734e-08,2.2624114908194164e-09,4.9052979244019775e-11,4.9052979244019775e-11,1.2974821005634339e-10,1.2974821005634339e-10,1.7880118930036316e-10,1.7880118930036316e-10,0.007106161822165734,1.5013415333766713,1.0,0.40635906399495303,1.0019495307035222,1.0,0.0,0.0,input_tied,0.30785754898467627,0.0,0.13268580337603814,0.5467997386889124,6.163589550707377e-27,3.5584559683205615e-07,3.5572929583291816e-07,-1.1630099913799096e-10,1.1630099913799096e-10,12.249993772702846,12.249993774738112
17.6,0.96,3.484410888318046e-09,7.139226485334225e-09,8.222198924376402e-10,3.4898140165340806e-09,7.1502969811224496e-09,8.234948739604878e-10,3.509463486275521e-09,7.190556875634655e-09,8.281315788196735e-10,1.1070495788224828e-11,1.1070495788224828e-11,4.025989451220505e-11,4.025989451220505e-11,5.1330390300429877e-11,5.1330390300429877e-11,0.0071899092157778535,1.559816346703205,1.0,0.44456808785883606,1.0015506575972855,1.0,0.0,0.0,input_tied,0.24487003274800853,0.0,0.10702376707827714,0.5253311760113416,1.0452097502090277e-26,5.6207073804593766e-08,5.539856383971502e-08,-8.085099648787451e-10,8.085099648787451e-10,12.249999016376224,12.24999903052515
18.4,0.96,1.7949803590232282e-09,1.9969300124387082e-09,3.8732741948561017e-10,1.7974123397528661e-09,1.9996356104605882e-09,3.878522011722254e-10,1.807964013078091e-09,2.0113744314669957e-09,3.901290797908519e-10,2.7055980218800013e-12,2.7055980218800013e-12,1.1738821006407406e-11,1.1738821006407406e-11,1.4444419028287408e-11,1.4444419028287408e-11,0.007233312604004318,1.5896510516836373,1.0,0.463514527796402,1.0013548787413815,1.0,0.0,0.0,input_tied,0.2139538750220957,0.0,0.09421603304878111,0.5139240325215798,1.686044268142297e-26,5.6207073804593766e-08,5.539856383971502e-08,-8.085099648787451e-10,8.085099648787451e-10,12.249999016376224,12.24999903052515
19.200000000000003,0.96,0.0,0.0,0.0,1e-30,1e-30,1e-30,1.0057161736535278e-30,1.0057161736535278e-30,1.0057161736535278e-30,1e-30,1e-30,5.716173653527695e-33,5.716173653527695e-33,1.0057161736535278e-30,1.0057161736535278e-30,1.0057161736535276,1.5704009692603986,1.0,0.4513309811859851,1.000970529894399,1.0,0.0,0.0,input_tied,0.15325993787437275,0.0,0.10217329191624851,0.0,0.0,5.6207073804593766e-08,5.539856383971502e-08,-8.085099648787451e-10,8.085099648787451e-10,12.249999016376224,12.24999903052515
20.0,0.96,0.0,0.0,0.0,1e-30,1e-30,1e-30,1.0055641423643005e-30,1.0055641423643005e-30,1.0055641423643005e-30,1e-30,1e-30,5.564142364300414e-33,5.564142364300414e-33,1.0055641423643005e-30,1.0055641423643005e-30,1.0055641423643005,1.5516627094173834,1.0,0.43932707173589636,1.0010450732710223,1.0,0.0,0.0,input_tied,0.16503135608229763,0.0,0.11002090405486509,0.0,0.0,5.6207073804593766e-08,5.539856383971502e-08,-8.085099648787451e-10,8.085099648787451e-10,12.249999016376224,12.24999903052515
4.0,1.15,0.00017068871601253627,0.0014953215869773688,0.0003353525771836063,0.00017090548160261042,0.0014972205658537931,0.00033577845711857965,0.0001714413711853484,0.0015019152362457453,0.00033683132081604767,1.8989788764243228e-06,1.8989788764243228e-06,4.694670391952203e-06,4.694670391952203e-06,6.593649268376526e-06,6.593649268376526e-06,0.004409519213659502,1.280917082806759,1.0,0.24757629233153006,1.0012699468080728,1.0,0.0,0.0,input_tied,0.20054196169768598,0.0,0.07718149434815945,0.7322110987992148,2.8772534360988044e-29,2.593746748934985,2.59371620783653,-3.054109845512798e-05,3.054109845512798e-05,8.90644562870529,8.90598990532266
4.8,1.15,0.0001962886317540673,0.0015687570380625141,0.0001517253069266722,0.00019652050444798623,0.0015706101862416487,0.0001519045376612205,0.00019728633610647072,0.0015767307842278015,0.00015249650288304398,1.853148179134555e-06,1.853148179134555e-06,6.120597986152866e-06,6.120597986152866e-06,7.973746165287421e-06,7.973746165287421e-06,0.005082843277717089,1.3602809677586774,1.0,0.30769127235057525,1.0011812843762111,1.0,0.0,0.0,input_tied,0.18654095165424867,0.0,0.07111786048012514,0.7486554516206243,2.993733600474572e-29,13.80110357132823,13.800503446150868,-0.0006001251773621874,0.0006001251773621874,961.1710611675611,961.0780357374971
5.6,1.15,0.00015717979742039184,0.0013021650662586623,5.9522039170118995e-05,0.00015746798929084158,0.0013045526083743685,5.9631173855892504e-05,0.00015818208401985323,0.0013104685672022795,5.990159267007208e-05,2.3875421157062374e-06,2.3875421157062374e-06,5.915958827910949e-06,5.915958827910949e-06,8.303500943617186e-06,8.303500943617186e-06,0.006376688454309815,1.4305484675437201,1.0,0.35805791447458585,1.0018335172533588,1.0,0.0,0.0,input_tied,0.2895374392515682,0.0,0.1092096338293002,0.7674719045643225,3.368042368828786e-29,57.993405666741744,57.987133291402124,-0.0062723753396198845,0.0062723753396198845,20017.584781002475,20013.14783836819
6.4,1.15,0.00010403396201761891,0.0006722742281848447,2.7226368037149615e-05,0.00010425712493778657,0.0006737163214878929,2.72847712324033e-05,0.00010477260470561335,0.0006770473852707176,2.7419675657865627e-05,1.442093303048275e-06,1.442093303048275e-06,3.331063782824697e-06,3.331063782824697e-06,4.773157085872972e-06,4.773157085872972e-06,0.007100014972700355,1.4775528482269376,1.0,0.3903872383399466,1.0021450968110766,1.0,0.0,0.0,input_tied,0.33874011083783795,0.0,0.1316552460415761,0.7152885839979638,4.490444037484425e-29,59.89449943424885,59.88971035454737,-0.004789079701481569,0.004789079701481569,21385.04040039587,21381.538858492786
7.2,1.15,7.600604015083764e-05,0.00012096544732917766,1.7567954273543615e-05,7.617162786548646e-05,0.00012122898417355161,1.7606228039594813e-05,7.655772184059605e-05,0.00012184346205343516,1.7695469385237275e-05,2.6353684437394845e-07,2.6353684437394845e-07,6.144778798835508e-07,6.144778798835508e-07,8.780147242574992e-07,8.780147242574992e-07,0.007258392736466294,1.4921401916441892,1.0,0.40021145959540433,1.002178612572372,1.0,0.0,0.0,input_tied,0.3440327077208189,0.0,0.14069871838435052,0.6301153351945272,8.300514294450645e-29,3.532801495522055,3.532764167036973,-3.732848508208875e-05,3.732848508208875e-05,28.430263870631965,28.429268701230708
8.0,1.15,6.313931388353274e-05,8.591082651781039e-05,1.3492970825640053e-05,6.328576912476189e-05,8.611010158191816e-05,1.3524268541367723e-05,6.359228770439031e-05,8.652716763631841e-05,1.3589772044622004e-05,1.9927506410776473e-07,1.9927506410776473e-07,4.170660544002507e-07,4.170660544002507e-07,6.163411185080154e-07,6.163411185080154e-07,0.007174196122769697,1.4658274448318904,1.0,0.38241989178356733,1.0023195570591612,1.0,0.0,0.0,input_tied,0.36628976895482135,0.0,0.1520636193182569,0.6058619438232468,9.732597863210837e-29,2.3263362939763566,2.3260861045165213,-0.0002501894598352372,0.0002501894598352372,5.3631183096115675,5.360221706116159
8.8,1.15,2.214685784525374e-05,5.848230769694607e-05,7.047750266219911e-06,2.2185472279765943e-05,5.8584275265278575e-05,7.06003846046466e-06,2.230829614725058e-05,5.8908611261877065e-05,7.099124454099125e-06,1.0196756833250715e-07,1.0196756833250715e-07,3.243359965984899e-07,3.243359965984899e-07,4.2630356493099706e-07,4.2630356493099706e-07,0.007289444991468053,1.5482467554553723,1.0,0.43712316521321565,1.001743562666181,1.0,0.0,0.0,input_tied,0.2753323802194489,0.0,0.11517223325097901,0.5937428229450346,1.248336552336313e-28,1.5836854067913404,1.5837337544133037,4.834762196326281e-05,4.834762196326281e-05,0.21087705417562647,0.21098807819255136
9.600000000000001,1.15,1.0975147103314057e-05,4.357983838013488e-05,3.9560296052602064e-06,1.0994100818314602e-05,4.365509931546917e-05,3.962861537166539e-06,1.1054945000021336e-05,4.389669786355154e-05,3.984793032195612e-06,7.526093533429532e-08,7.526093533429532e-08,2.415985480823678e-07,2.415985480823678e-07,3.168594834166631e-07,3.168594834166631e-07,0.007270781517195761,1.5480056645464257,1.0,0.4369674344285572,1.0017269668298863,1.0,0.0,0.0,input_tied,0.2727116707964985,0.0,0.11485685465158924,0.5829075337514771,1.5205403536647929e-28,1.0000000023405513,1.0000000023416609,1.1095568908103814e-12,1.1095568908103814e-12,0.999999988297243,0.9999999882916952
10.4,1.15,7.422066658148895e-06,2.996797601364601e-05,2.1099881413992246e-06,7.4360022495094035e-06,3.002424355836944e-05,2.1139498321072667e-06,7.475618939881669e-06,3.0184203321801714e-05,2.1252122945368096e-06,5.62675447234303e-08,5.62675447234303e-08,1.5995976343227564e-07,1.5995976343227564e-07,2.1622730815570594e-07,2.1622730815570594e-07,0.0072152790050701516,1.5229622419775668,1.0,0.42065728173279693,1.0018775890870244,1.0,0.0,0.0,input_tied,0.29649698426773036,0.0,0.12533762689732517,0.577057592931858,1.881807269937268e-28,0.4952546201948884,0.4952010730379479,-5.354715694050327e-05,5.354715694050327e-05,5.116026264241846,5.116631863948004
11.2,1.15,4.558507945503336e-06,1.6473387994894307e-05,7.956066637176635e-07,4.567736430757523e-06,1.6506737595249253e-05,7.97217332044236e-07,4.591170610635795e-06,1.6591423273565927e-05,8.013073522641859e-07,3.3349600354946294e-08,3.3349600354946294e-08,8.468567831667443e-08,8.468567831667443e-08,1.1803527867162072e-07,1.1803527867162072e-07,0.007165209652574448,1.499419168235305,1.0,0.40507781194222237,1.0020244530369395,1.0,0.0,0.0,input_tied,0.31968880965082935,0.0,0.1353663151635882,0.5744380191112788,2.5787377158948826e-28,0.1521117539463142,0.15207995754498965,-3.179640132455752e-05,3.179640132455752e-05,9.7326567164934,9.733152702255715
12.0,1.15,2.510495328037432e-06,8.24875582258322e-06,4.859948246617664e-07,2.5159224213380647e-06,8.2665876691369e-06,4.870454297864235e-07,2.5283708940611023e-06,8.307489721695865e-06,4.894552702871302e-07,1.783184655368063e-08,1.783184655368063e-08,4.090205255896565e-08,4.090205255896565e-08,5.873389911264628e-08,5.873389911264628e-08,0.0071203343117329536,1.4779687035454037,1.0,0.3906686474340275,1.00216176195989,1.0,0.0,0.0,input_tied,0.34137176565498867,0.0,0.14464355018632655,0.5733931918164403,3.655827919347863e-28,0.038205320027879554,0.03819391975606891,-1.1400271810645124e-05,1.1400271810645124e-05,11.59052969000231,11.59072375118337
12.8,1.15,6.987869942908909e-07,2.0494001751985883e-06,2.054667591201027e-07,6.998115987170769e-07,2.052405131655549e-06,2.0576802710669734e-07,7.038553169599157e-07,2.064264535083252e-06,2.0695701558092338e-07,3.0049564569607146e-09,3.0049564569607146e-09,1.1859403427702993e-08,1.1859403427702993e-08,1.4864359884663708e-08,1.4864359884663708e-08,0.007253029478844141,1.5781226258875372,1.0,0.4562359290923607,1.0014662614424095,1.0,0.0,0.0,input_tied,0.23154272616242344,0.0,0.10063809092004923,0.5338309384688805,6.464045736679871e-28,0.0023602917909310737,0.0023602086117119085,-8.31792191652303e-08,8.31792191652303e-08,12.208729712267067,12.20873116544936
13.600000000000001,1.15,2.2326504628754285e-07,5.624569606910205e-07,8.964851752866282e-08,2.235828957540035e-07,5.632576979664492e-07,8.977614491118098e-08,2.2488448217266374e-07,5.665366991056311e-07,9.029877617303132e-08,8.007372754286254e-10,8.007372754286254e-10,3.2790011391819023e-09,3.2790011391819023e-09,4.079738414610528e-09,4.079738414610528e-09,0.007253423283442458,1.5835144599575646,1.0,0.4596467185984162,1.0014236418630944,1.0,0.0,0.0,input_tied,0.22481251196113022,0.0,0.09808481357269962,0.5280144042176392,1.1763500476558172e-27,0.0001778094091310109,0.00017780328103926527,-6.128091745638206e-09,6.128091745638206e-09,12.24688853294137,12.246888640169352
14.4,1.15,1.1132302383562819e-07,2.793722809925046e-07,4.079033527350661e-08,1.1149707301562582e-07,2.798090685926385e-07,4.085410936229407e-08,1.1212585519447443e-07,2.8138703787068963e-07,4.1084504073159196e-08,4.367876001338686e-10,4.367876001338686e-10,1.5779692780511474e-09,1.5779692780511474e-09,2.014756878185016e-09,2.014756878185016e-09,0.007211727917413076,1.5609164733916419,1.0,0.4452731317042589,1.0015634607649053,1.0,0.0,0.0,input_tied,0.2468918279398449,0.0,0.10740742647090296,0.5324317635008772,1.706898290350664e-27,4.386869151691531e-05,4.386354789577899e-05,-5.143621136323082e-09,5.143621136323082e-09,12.24923230992634,12.249232399936886
15.200000000000001,1.15,4.969772536692294e-08,1.4680130875622545e-07,1.1764016004544827e-08,4.97820126936472e-08,1.4705028373009659e-07,1.1783967772019972e-08,5.0054223186620656e-08,1.478543619113543e-07,1.1848403087163713e-08,2.4897497387113106e-10,2.4897497387113106e-10,8.040781812577221e-10,8.040781812577221e-10,1.0530531551288531e-09,1.0530531551288531e-09,0.007173322663475205,1.5399344597018174,1.0,0.4317398568847099,1.0016959996881538,1.0,0.0,0.0,input_tied,0.26782153578318457,0.0,0.11619019864791928,0.5366846136752041,2.4989162444577245e-27,1.2112973248474918e-05,1.2110629372951663e-05,-2.3438755232554312e-09,2.3438755232554312e-09,12.249788023885175,12.249788064902642
16.0,1.15,2.0119165877670456e-08,5.6102756675483905e-08,5.233263130426666e-09,2.015587303481775e-08,5.6205115427243544e-08,5.242811151119458e-09,2.0262781145838236e-08,5.6503231153098496e-08,5.2706193753345585e-09,1.0235875175963905e-10,1.0235875175963905e-10,2.9811572585495205e-10,2.9811572585495205e-10,4.004744776145911e-10,4.004744776145911e-10,0.007138231725957107,1.520124718640573,1.0,0.4187923832293445,1.0018244870274684,1.0,0.0,0.0,input_tied,0.2881114431365335,0.0,0.12459912372608362,0.5415380917654619,4.0653501833273724e-27,1.769128499001359e-06,1.7686629306930012e-06,-4.6556830835775883e-10,4.6556830835775883e-10,12.249969040270827,12.24996904841826
16.8,1.15,9.259520015784744e-09,2.4922048524967845e-08,2.3106554340027726e-09,9.27750016909384e-09,2.4970442205470913e-08,2.315142269052218e-09,9.32524772983333e-09,2.509895502510626e-08,2.327057374856299e-09,4.8393680503068015e-11,4.8393680503068015e-11,1.2851281963534627e-10,1.2851281963534627e-10,1.7690650013841429e-10,1.7690650013841429e-10,0.0070983932143933795,1.5013415333766713,1.0,0.40635906399495303,1.0019418018729314,1.0,0.0,0.0,input_tied,0.30663706097804755,0.0,0.13268580337603814,0.5406675176797071,6.163537510326898e-27,3.491069144859379e-07,3.4898743179458716e-07,-1.194826913507308e-10,1.194826913507308e-10,12.249993890629757,12.2499938927207
17.6,1.15,3.4844108883180457e-09,7.139226485334225e-09,8.222198924376402e-10,3.4898140165340802e-09,7.1502969811224496e-09,8.234948739604878e-10,3.5094634862755205e-09,7.190556875634655e-09,8.281315788196735e-10,1.1070495788224828e-11,1.1070495788224828e-11,4.025989451220505e-11,4.025989451220505e-11,5.1330390300429877e-11,5.1330390300429877e-11,0.0071899092157778535,1.559816346703205,1.0,0.44456808785883606,1.0015506575972855,1.0,0.0,0.0,input_tied,0.24487003274800853,0.0,0.10702376707827714,0.5253311760113416,1.0452097502090277e-26,5.6207073804593766e-08,5.539856383971502e-08,-8.085099648787451e-10,8.085099648787451e-10,12.249999016376224,12.24999903052515
18.4,1.15,1.7949803590232282e-09,1.9969300124387082e-09,3.8732741948561017e-10,1.7974123397528661e-09,1.9996356104605882e-09,3.878522011722254e-10,1.807964013078091e-09,2.0113744314669957e-09,3.901290797908519e-10,2.7055980218800013e-12,2.7055980218800013e-12,1.1738821006407406e-11,1.1738821006407406e-11,1.4444419028287408e-11,1.4444419028287408e-11,0.007233312604004318,1.5896510516836373,1.0,0.463514527796402,1.0013548787413815,1.0,0.0,0.0,input_tied,0.2139538750220957,0.0,0.09421603304878111,0.5139240325215798,1.686044268142297e-26,5.6207073804593766e-08,5.539856383971502e-08,-8.085099648787451e-10,8.085099648787451e-10,12.249999016376224,12.24999903052515
19.200000000000003,1.15,0.0,0.0,0.0,1e-30,1e-30,1e-30,1.0057161736535278e-30,1.0057161736535278e-30,1.0057161736535278e-30,1e-30,1e-30,5.716173653527695e-33,5.716173653527695e-33,1.0057161736535278e-30,1.0057161736535278e-30,1.0057161736535276,1.5704009692603986,1.0,0.4513309811859851,1.000970529894399,1.0,0.0,0.0,input_tied,0.15325993787437275,0.0,0.10217329191624851,0.0,0.0,5.6207073804593766e-08,5.539856383971502e-08,-8.085099648787451e-10,8.085099648787451e-10,12.249999016376224,12.24999903052515
20.0,1.15,0.0,0.0,0.0,1e-30,1e-30,1e-30,1.0055641423643005e-30,1.0055641423643005e-30,1.0055641423643005e-30,1e-30,1e-30,5.564142364300414e-33,5.564142364300414e-33,1.0055641423643005e-30,1.0055641423643005e-30,1.0055641423643005,1.5516627094173834,1.0,0.43932707173589636,1.0010450732710223,1.0,0.0,0.0,input_tied,0.16503135608229763,0.0,0.11002090405486509,0.0,0.0,5.6207073804593766e-08,5.539856383971502e-08,-8.085099648787451e-10,8.085099648787451e-10,12.249999016376224,12.24999903052515
4.0,1.34,0.00017227966142033398,0.0014990162446540378,0.000333751236390994,0.00017249854864702933,0.0015009207962758512,0.0003341752787993519,0.0001730394334354547,0.0015056270690746913,0.0003352231155863166,1.9045516218133864e-06,1.9045516218133864e-06,4.706272798840096e-06,4.706272798840096e-06,6.610824420653482e-06,6.610824420653482e-06,0.004410108592371668,1.280917082806759,1.0,0.24757629233153006,1.0012705343445114,1.0,0.0,0.0,input_tied,0.20063474173321078,0.0,0.07718149434815945,0.7330125001913349,2.8771429231891344e-29,2.631578497961627,2.6315472206943404,-3.1277267286355936e-05,3.1277267286355936e-05,9.479909979008855,9.479428479999715
4.8,1.34,0.0001964237570903091,0.0015688434427182862,0.0001516653511057574,0.00019665578584946908,0.0015706966645623365,0.00015184450826956448,0.00019742214469355363,0.0015768175995506558,0.00015243623955952065,1.8532218440503023e-06,1.8532218440503023e-06,6.120934988319273e-06,6.120934988319273e-06,7.974156832369576e-06,7.974156832369576e-06,0.005082825102390716,1.3602809677586774,1.0,0.30769127235057525,1.0011812662714383,1.0,0.0,0.0,input_tied,0.18653809266313398,0.0,0.07111786048012514,0.7486286511226398,2.9936955766213254e-29,13.813392089846168,13.812790956719603,-0.0006011331265654007,0.0006011331265654007,963.0768948515962,962.9836208451245
5.6,1.34,0.0001571875510568684,0.0013021602309697738,5.952014313828802e-05,0.0001574757558884099,0.0013045477538205558,5.962927387231346e-05,0.00015818988583782674,0.001310463690633762,5.989968407034022e-05,2.387522850781946e-06,2.387522850781946e-06,5.9159368132062195e-06,5.9159368132062195e-06,8.303459663988166e-06,8.303459663988166e-06,0.006376680431872987,1.4305484675437201,1.0,0.35805791447458585,1.0018335092671382,1.0,0.0,0.0,input_tied,0.28953617811817106,0.0,0.1092096338293002,0.7674642060164139,3.368040696104277e-29,57.99640331389466,57.9901301872047,-0.006273126689961828,0.006273126689961828,20019.70542543141,20015.26771627985
6.4,1.34,0.00010403435208787475,0.0006722737182801057,2.7226294759302388e-05,0.00010425751573154112,0.0006737158097575996,2.7284697767732606e-05,0.0001047729974315742,0.00067704687101027,2.741960182996267e-05,1.442091477493919e-06,1.442091477493919e-06,3.3310612526704425e-06,3.3310612526704425e-06,4.773152730164361e-06,4.773152730164361e-06,0.007100013878834405,1.4775528482269376,1.0,0.3903872383399466,1.0021450957225924,1.0,0.0,0.0,input_tied,0.338739938951281,0.0,0.1316552460415761,0.7152877136107867,4.4904440375513653e-29,59.8946519142389,59.88986277220734,-0.004789142031562221,0.004789142031562221,21385.151891049827,21381.650294447783
7.2,1.34,7.600606371287709e-05,0.0001209654358632232,1.7567950012952227e-05,7.617165147172035e-05,0.0001212289726712568,1.760622376807135e-05,7.655774556648373e-05,0.00012184345049283824,1.7695465092062582e-05,2.6353680803359227e-07,2.6353680803359227e-07,6.144778215814463e-07,6.144778215814463e-07,8.780146296150386e-07,8.780146296150386e-07,0.007258392642075198,1.4921401916441892,1.0,0.40021145959540433,1.0021786124784569,1.0,0.0,0.0,input_tied,0.34403269289033617,0.0,0.14069871838435052,0.6301152649238909,8.30051413569167e-29,3.532801802494156,3.5327644737110995,-3.732878305662268e-05,3.732878305662268e-05,28.430272054514504,28.42927687702614
8.0,1.34,6.313931565229087e-05,8.591082558240335e-05,1.3492970508759048e-05,6.328577089711004e-05,8.611010064364377e-05,1.3524268223642129e-05,6.359228948532266e-05,8.652716669349957e-05,1.3589771725357536e-05,1.992750612404159e-07,1.992750612404159e-07,4.1706604985580374e-07,4.1706604985580374e-07,6.163411110962196e-07,6.163411110962196e-07,0.007174196114610048,1.4658274448318904,1.0,0.38241989178356733,1.002319557051041,1.0,0.0,0.0,input_tied,0.3662897676725314,0.0,0.1520636193182569,0.605861938201521,9.732597848944864e-29,2.326336291280967,2.3260861017951266,-0.00025018948584021317,0.00025018948584021317,5.363118278401101,5.360221674613086
8.8,1.34,2.2146857907199702e-05,5.848230761854747e-05,7.0477502504623235e-06,2.2185472341803662e-05,5.858427518670038e-05,7.060038444674427e-06,2.2308296209631754e-05,5.890861118286384e-05,7.099124438221475e-06,1.0196756815290906e-07,1.0196756815290906e-07,3.2433599616346056e-07,3.2433599616346056e-07,4.263035643163696e-07,4.263035643163696e-07,0.007289444990730305,1.5482467554553723,1.0,0.43712316521321565,1.0017435626654474,1.0,0.0,0.0,input_tied,0.2753323801035916,0.0,0.11517223325097901,0.5937428222744027,1.2483365523651834e-28,1.5836854037920298,1.583733751412028,4.8347619998168057e-05,4.8347619998168057e-05,0.21087704728900672,0.2109880712996058
9.600000000000001,1.34,1.097514712342376e-05,4.35798383273272e-05,3.956029599315189e-06,1.0994100838453126e-05,4.365509926254683e-05,3.962861531209124e-06,1.1054945020271312e-05,4.389669781033631e-05,3.984793026205227e-06,7.526093521963416e-08,7.526093521963416e-08,2.4159854778947734e-07,2.4159854778947734e-07,3.168594830091115e-07,3.168594830091115e-07,0.00727078151665426,1.5480056645464257,1.0,0.4369674344285572,1.0017269668293478,1.0,0.0,0.0,input_tied,0.2727116707114582,0.0,0.11485685465158924,0.5829075332578755,1.520540353805889e-28,1.0000000001069425,1.0000000001070453,1.028066520802895e-13,1.028066520802895e-13,0.9999999994652873,0.9999999994647732
10.4,1.34,7.422066683292962e-06,2.9967975942332868e-05,2.109988140872866e-06,7.436002274689981e-06,3.0024243486879204e-05,2.1139498315768784e-06,7.475618965196401e-06,3.0184203249930603e-05,2.1252122940035956e-06,5.626754454633604e-08,5.626754454633604e-08,1.599597630513988e-07,1.599597630513988e-07,2.1622730759773484e-07,2.1622730759773484e-07,0.007215279003621042,1.5229622419775668,1.0,0.42065728173279693,1.0018775890855829,1.0,0.0,0.0,input_tied,0.296496984040096,0.0,0.12533762689732517,0.5770575917210782,1.8818072703105042e-28,0.4952546178427229,0.4952010706846381,-5.354715808481014e-05,5.354715808481014e-05,5.116026290843232,5.116631890563905
11.2,1.34,4.5585079061044325e-06,1.6473388549208365e-05,7.956065820611202e-07,4.56773639143171e-06,1.6506738151237865e-05,7.972172502490604e-07,4.591170571108225e-06,1.6591423832406966e-05,8.013072700493708e-07,3.334960202949994e-08,3.334960202949994e-08,8.468568116910192e-08,8.468568116910192e-08,1.1803528319860186e-07,1.1803528319860186e-07,0.007165209686277575,1.499419168235305,1.0,0.40507781194222237,1.0020244530704705,1.0,0.0,0.0,input_tied,0.3196888149458176,0.0,0.1353663151635882,0.5744380451886095,2.5787377112613698e-28,0.15211176426750533,0.1520799678741559,-3.179639334943696e-05,3.179639334943696e-05,9.732656555497236,9.733152541131046
12.0,1.34,2.5104946310683556e-06,8.248758411778193e-06,4.859948555054508e-07,2.515921723210884e-06,8.266590265074422e-06,4.870454607642641e-07,2.5283701924796753e-06,8.307492330477766e-06,4.894553014182453e-07,1.783185329622891e-08,1.783185329622891e-08,4.0902065403344466e-08,4.0902065403344466e-08,5.8733918699573374e-08,5.8733918699573374e-08,0.007120334451268291,1.4779687035454037,1.0,0.3906686474340275,1.002161762098738,1.0,0.0,0.0,input_tied,0.341371787581012,0.0,0.14464355018632655,0.5733932928741707,3.655827839750819e-28,0.03820534400723588,0.03819394373884407,-1.1400268391810464e-05,1.1400268391810464e-05,11.590529281815316,11.590723342934762
12.8,1.34,6.987857618056051e-07,2.049403004697858e-06,2.0546715984402822e-07,6.998103645152833e-07,2.052407965569428e-06,2.0576842844483959e-07,7.038540756265394e-07,2.0642673853723227e-06,2.0695741923811603e-07,3.0049608715702277e-09,3.0049608715702277e-09,1.1859419802894601e-08,1.1859419802894601e-08,1.4864380674464829e-08,1.4864380674464829e-08,0.007253029609301405,1.5781226258875372,1.0,0.4562359290923607,1.0014662615721173,1.0,0.0,0.0,input_tied,0.23154274664506477,0.0,0.10063809092004923,0.5338310741540279,6.464044880359168e-28,0.00236029830672431,0.0023602151278868493,-8.317883746057977e-08,8.317883746057977e-08,12.208729598432924,12.208731051608542
13.600000000000001,1.34,2.2326027653039694e-07,5.624688926071745e-07,8.964879024970119e-08,2.2357812037412845e-07,5.632696498112056e-07,8.97764184893579e-08,2.2487967899294486e-07,5.665487205279764e-07,9.029905134384187e-08,8.007572040310203e-10,8.007572040310203e-10,3.279070716770849e-09,3.279070716770849e-09,4.079827920801869e-09,4.079827920801869e-09,0.007253428544094083,1.5835144599575646,1.0,0.4596467185984162,1.0014236470932985,1.0,0.0,0.0,input_tied,0.22481333788186927,0.0,0.09808481357269962,0.5280200178677648,1.1763485914681163e-27,0.00017781695324201976,0.0001778108267475377,-6.1264944820570415e-09,6.1264944820570415e-09,12.246888400936193,12.246888508136227
14.4,1.34,1.1132200550824039e-07,2.7938109279183366e-07,4.078798001323329e-08,1.1149605502674105e-07,2.7981789901407703e-07,4.085175112703516e-08,1.1212483146469215e-07,2.8139591809084914e-07,4.1082132538750236e-08,4.3680622224337005e-10,4.3680622224337005e-10,1.578019076772107e-09,1.578019076772107e-09,2.014825299015477e-09,2.014825299015477e-09,0.007211745357860418,1.5609164733916419,1.0,0.4452731317042589,1.0015634781075498,1.0,0.0,0.0,input_tied,0.24689456658046155,0.0,0.10740742647090296,0.5324487619568599,1.7068990887588825e-27,4.387145895867788e-05,4.386631653218351e-05,-5.142426494369632e-09,5.142426494369632e-09,12.249232261497623,12.24923235148727
15.200000000000001,1.34,4.96978704732193e-08,1.4681049173589056e-07,1.1760387509510896e-08,4.9782161511353615e-08,1.4705949252082553e-07,1.1780333943082386e-08,5.005437281806961e-08,1.4786362105620371e-07,1.1844749388270838e-08,2.4900078493496784e-10,2.4900078493496784e-10,8.041285353781853e-10,8.041285353781853e-10,1.0531293203131531e-09,1.0531293203131531e-09,0.007173392772280293,1.5399344597018174,1.0,0.4317398568847099,1.0016960694156853,1.0,0.0,0.0,input_tied,0.26783254671361106,0.0,0.11619019864791928,0.5367477912957755,2.4989136366137626e-27,1.2114488725317218e-05,1.211214624278551e-05,-2.3424825317068374e-09,2.3424825317068374e-09,12.24978799736456,12.249788038357648
16.0,1.34,2.0122682869662414e-08,5.611256388852416e-08,5.228798524556936e-09,2.0159400346102616e-08,5.621495141586935e-08,5.23833941370574e-09,2.0266327166220236e-08,5.651311931247186e-08,5.266123919523773e-09,1.0238752734519407e-10,1.0238752734519407e-10,2.981678966025105e-10,2.981678966025105e-10,4.0055542394770456e-10,4.0055542394770456e-10,0.007138426694304446,1.520124718640573,1.0,0.4187923832293445,1.0018246809671467,1.0,0.0,0.0,input_tied,0.28814206886297034,0.0,0.12459912372608362,0.541701954482529,4.0653919981264135e-27,1.769747068839483e-06,1.769282022764696e-06,-4.650460747869536e-10,4.650460747869536e-10,12.249969029445866,12.249969037584167
16.8,1.34,9.352782009881095e-09,2.5011697896849683e-08,2.233079625335666e-09,9.371011133219823e-09,2.506044717010239e-08,2.237432029130862e-09,9.419239957269261e-09,2.518942320907886e-08,2.248947191595347e-09,4.874927325270838e-11,4.874927325270838e-11,1.2897603897646888e-10,1.2897603897646888e-10,1.7772531222917726e-10,1.7772531222917726e-10,0.007105687625131696,1.5013415333766713,1.0,0.40635906399495303,1.0019490589344935,1.0,0.0,0.0,input_tied,0.3077830502057532,0.0,0.13268580337603814,0.5464254269588575,6.1676467753726905e-27,3.5162304044585706e-07,3.5150778848873317e-07,-1.1525195712389263e-10,1.1525195712389263e-10,12.249993846597564,12.249993848614473
17.6,1.34,3.484410888318046e-09,7.139226485334223e-09,8.222198924376402e-10,3.4898140165340806e-09,7.150296981122448e-09,8.234948739604878e-10,3.509463486275521e-09,7.190556875634653e-09,8.281315788196735e-10,1.1070495788224828e-11,1.1070495788224828e-11,4.025989451220505e-11,4.025989451220505e-11,5.1330390300429877e-11,5.1330390300429877e-11,0.007189909215777855,1.559816346703205,1.0,0.44456808785883606,1.0015506575972855,1.0,0.0,0.0,input_tied,0.24487003274800853,0.0,0.10702376707827714,0.5253311760113416,1.0452097502090278e-26,5.6207073804593766e-08,5.539856383971502e-08,-8.085099648787451e-10,8.085099648787451e-10,12.249999016376224,12.24999903052515
18.4,1.34,1.7949803590232282e-09,1.9969300124387082e-09,3.8732741948561017e-10,1.7974123397528661e-09,1.9996356104605882e-09,3.878522011722254e-10,1.807964013078091e-09,2.0113744314669957e-09,3.901290797908519e-10,2.7055980218800013e-12,2.7055980218800013e-12,1.1738821006407406e-11,1.1738821006407406e-11,1.4444419028287408e-11,1.4444419028287408e-11,0.007233312604004318,1.5896510516836373,1.0,0.463514527796402,1.0013548787413815,1.0,0.0,0.0,input_tied,0.2139538750220957,0.0,0.09421603304878111,0.5139240325215798,1.686044268142297e-26,5.6207073804593766e-08,5.539856383971502e-08,-8.085099648787451e-10,8.085099648787451e-10,12.249999016376224,12.24999903052515
19.200000000000003,1.34,0.0,0.0,0.0,1e-30,1e-30,1e-30,1.0057161736535278e-30,1.0057161736535278e-30,1.0057161736535278e-30,1e-30,1e-30,5.716173653527695e-33,5.716173653527695e-33,1.0057161736535278e-30,1.0057161736535278e-30,1.0057161736535276,1.5704009692603986,1.0,0.4513309811859851,1.000970529894399,1.0,0.0,0.0,input_tied,0.15325993787437275,0.0,0.10217329191624851,0.0,0.0,5.6207073804593766e-08,5.539856383971502e-08,-8.085099648787451e-10,8.085099648787451e-10,12.249999016376224,12.24999903052515
20.0,1.34,0.0,0.0,0.0,1e-30,1e-30,1e-30,1.0055641423643005e-30,1.0055641423643005e-30,1.0055641423643005e-30,1e-30,1e-30,5.564142364300414e-33,5.564142364300414e-33,1.0055641423643005e-30,1.0055641423643005e-30,1.0055641423643005,1.5516627094173834,1.0,0.43932707173589636,1.0010450732710223,1.0,0.0,0.0,input_tied,0.16503135608229763,0.0,0.11002090405486509,0.0,0.0,5.6207073804593766e-08,5.539856383971502e-08,-8.085099648787451e-10,8.085099648787451e-10,12.249999016376224,12.24999903052515
4.0,1.53,0.00017387333880179367,0.0015026456270817725,0.0003321607154432916,0.0001740943503961304,0.0015045556502518173,0.0003325829272084883,0.00017464023896515682,0.0015092733204637903,0.0003336257710331349,1.9100231700448084e-06,1.9100231700448084e-06,4.717670211972945e-06,4.717670211972945e-06,6.627693382017753e-06,6.627693382017753e-06,0.004410682906580661,1.280917082806759,1.0,0.24757629233153006,1.0012711068635352,1.0,0.0,0.0,input_tied,0.20072515031361748,0.0,0.07718149434815945,0.7337934177862434,2.8770304892944045e-29,2.669646112893075,2.6696140859528725,-3.202694020254526e-05,3.202694020254526e-05,10.075007824903096,10.074499545312175
4.8,1.53,0.00019655889291713153,0.0015689295309817973,0.00015160543605118862,0.00019679107773457977,0.0015707828259985419,0.00015178451968343387,0.0001975579638051186,0.001576904096754143,0.00015237601720054006,1.8532950167445515e-06,1.8532950167445515e-06,6.12127075560109e-06,6.12127075560109e-06,7.974565772345642e-06,7.974565772345642e-06,0.005082806853253221,1.3602809677586774,1.0,0.30769127235057525,1.0011812480931408,1.0,0.0,0.0,input_tied,0.18653522206144302,0.0,0.07111786048012514,0.748601741785833,2.993657567633182e-29,13.825682714850911,13.825080572584985,-0.0006021422659259201,0.0006021422659259201,964.9849433134043,964.8914202201801
5.6,1.53,0.00015719530462393548,0.0013021553945598374,5.951824722330873e-05,0.00015748352241627553,0.0013045428981433675,5.962737400581467e-05,0.00015819768758578147,0.0013104588129367748,5.9897775588219556e-05,2.3875035835300897e-06,2.3875035835300897e-06,5.915914793407258e-06,5.915914793407258e-06,8.303418376937348e-06,8.303418376937348e-06,0.006376672409166742,1.4305484675437201,1.0,0.35805791447458585,1.0018335012806494,1.0,0.0,0.0,input_tied,0.2895349169423895,0.0,0.1092096338293002,0.767456507209771,3.368039023572999e-29,57.99940089845018,57.9931270203546,-0.006273878095583996,0.006273878095583996,20021.826137896765,20017.387662137437
6.4,1.53,0.00010403474215719093,0.000672273208373244,2.722622148192537e-05,0.00010425790652435343,0.000673715298025182,2.728462430353336e-05,0.00010477339015658816,0.0006770463567476875,2.7419528002533493e-05,1.4420896519379365e-06,1.4420896519379365e-06,3.3310587225055628e-06,3.3310587225055628e-06,4.773148374443499e-06,4.773148374443499e-06,0.00710001278497099,1.4775528482269376,1.0,0.3903872383399466,1.0021450946341108,1.0,0.0,0.0,input_tied,0.33873976706515835,0.0,0.1316552460415761,0.7152868432258086,4.490444037620735e-29,59.89480439295721,59.89001518859524,-0.004789204361969723,0.004789204361969723,21385.26338106454,21381.761729763133
7.2,1.53,7.600608727404467e-05,0.00012096542439756656,1.756794575258709e-05,7.617167507708063e-05,0.00012122896116926072,1.7606219496774676e-05,7.655776929149339e-05,0.00012184343893254156,1.7695460799115827e-05,2.6353677169415766e-07,2.6353677169415766e-07,6.144777632808462e-07,6.144777632808462e-07,8.780145349750038e-07,8.780145349750038e-07,0.0072583925476862685,1.4921401916441892,1.0,0.40021145959540433,1.002178612384544,1.0,0.0,0.0,input_tied,0.34403267806019316,0.0,0.14069871838435052,0.6301151946548642,8.30051397693748e-29,3.5328021094317967,3.5327647803507722,-3.732908102449528e-05,3.732908102449528e-05,28.430280237479515,28.429285051904237
8.0,1.53,6.313931741925957e-05,8.59108246442703e-05,1.3492970193872364e-05,6.328577266766207e-05,8.611009970263359e-05,1.3524267907914936e-05,6.35922912644502e-05,8.65271657479317e-05,1.3589771408101149e-05,1.9927505836328215e-07,1.9927505836328215e-07,4.1706604529811596e-07,4.1706604529811596e-07,6.163411036613981e-07,6.163411036613981e-07,0.007174196106410021,1.4658274448318904,1.0,0.38241989178356733,1.0023195570428804,1.0,0.0,0.0,input_tied,0.3662897663838604,0.0,0.1520636193182569,0.6058619325518196,9.732597834640713e-29,2.3263362881363197,2.326086098624451,-0.00025018951186872584,0.00025018951186872584,5.363118241988591,5.360221637909102
8.8,1.53,2.2146857972329627e-05,5.8482307540217285e-05,7.0477502321363354e-06,2.218547240703168e-05,5.858427510819278e-05,7.0600384263115646e-06,2.230829627522089e-05,5.89086111039216e-05,7.099124419756951e-06,1.0196756797549293e-07,1.0196756797549293e-07,3.2433599572882424e-07,3.2433599572882424e-07,4.2630356370431717e-07,4.2630356370431717e-07,0.00728944499002806,1.5482467554553723,1.0,0.43712316521321565,1.001743562664749,1.0,0.0,0.0,input_tied,0.27533237999330284,0.0,0.11517223325097901,0.5937428216360034,1.2483365524023064e-28,1.583685400999389,1.5837337486175276,4.834761813854449e-05,4.834761813854449e-05,0.2108770408769149,0.21098806488155533
9.600000000000001,1.53,1.097514713937607e-05,4.35798382909594e-05,3.956029595148473e-06,1.0994100854428541e-05,4.3655099226098585e-05,3.962861527033611e-06,1.105494503633514e-05,4.389669777368635e-05,3.984793022006605e-06,7.526093513918636e-08,7.526093513918636e-08,2.415985475877683e-07,2.415985475877683e-07,3.1685948272695466e-07,3.1685948272695466e-07,0.007270781516247317,1.5480056645464257,1.0,0.4369674344285572,1.001726966828943,1.0,0.0,0.0,input_tied,0.272711670647539,0.0,0.11485685465158924,0.5829075328868677,1.5205403539119413e-28,0.9999999985710005,0.9999999985703462,-6.543654507140673e-13,6.543654507140673e-13,1.0000000071449966,1.0000000071482686
10.4,1.53,7.422066698272933e-06,2.996797587290715e-05,2.109988139363075e-06,7.436002289690036e-06,3.002424341729066e-05,2.1139498300619663e-06,7.4756189802763715e-06,3.0184203179971313e-05,2.1252122924806125e-06,5.62675443835092e-08,5.62675443835092e-08,1.5995976268065248e-07,1.5995976268065248e-07,2.1622730706416168e-07,2.1622730706416168e-07,0.007215279002531637,1.5229622419775668,1.0,0.42065728173279693,1.0018775890844993,1.0,0.0,0.0,input_tied,0.29649698386899825,0.0,0.12533762689732517,0.577057590811015,1.8818072705910408e-28,0.4952546155615997,0.4952010684027091,-5.3547158890610014e-05,5.3547158890610014e-05,5.116026316641176,5.1166319163724925
11.2,1.53,4.55850826933179e-06,1.6473387521730898e-05,7.956065666794266e-07,4.567736755248881e-06,1.650673712115443e-05,7.972172348108288e-07,4.591170936791913e-06,1.6591422797038825e-05,8.013072545319353e-07,3.3349599423531924e-08,3.3349599423531924e-08,8.46856758843956e-08,8.46856758843956e-08,1.1803527530792753e-07,1.1803527530792753e-07,0.007165209654190499,1.499419168235305,1.0,0.40507781194222237,1.0020244530385471,1.0,0.0,0.0,input_tied,0.3196888099046832,0.0,0.1353663151635882,0.5744380203614855,2.5787377246665034e-28,0.15211174530907887,0.15207994891002538,-3.17963990534853e-05,3.17963990534853e-05,9.732656851222206,9.73315283695253
12.0,1.53,2.510495040651734e-06,8.24875566999673e-06,4.85995059390614e-07,2.5159221331140535e-06,8.26658751550738e-06,4.870456649806806e-07,2.5283706044109947e-06,8.307489567306206e-06,4.894555066450993e-07,1.783184551064934e-08,1.783184551064934e-08,4.090205179882643e-08,4.090205179882643e-08,5.873389730947577e-08,5.873389730947577e-08,0.007120334224846673,1.4779687035454037,1.0,0.3906686474340275,1.0021617618734313,1.0,0.0,0.0,input_tied,0.341371752002005,0.0,0.14464355018632655,0.5733931288894097,3.6558279026691803e-28,0.03820531857701918,0.03819391829906923,-1.1400277949949467e-05,1.1400277949949467e-05,11.590529714699482,11.59072377598526
12.8,1.53,6.987852418857462e-07,2.0494063235063287e-06,2.0546643992315397e-07,6.998098445423586e-07,2.0524112913243044e-06,2.0576770767692312e-07,7.038535526490574e-07,2.0642707303443936e-06,2.0695669430538952e-07,3.00496781797562e-09,3.00496781797562e-09,1.185943902008927e-08,1.185943902008927e-08,1.486440683806489e-08,1.486440683806489e-08,0.007253030630174587,1.5781226258875372,1.0,0.4562359290923607,1.0014662625871253,1.0,0.0,0.0,input_tied,0.2315429069287044,0.0,0.10063809092004923,0.533832135936488,6.464044596535675e-28,0.002360305954272825,0.002360222779949159,-8.317432366585983e-08,8.317432366585983e-08,12.20872946482646,12.208730917923209
13.600000000000001,1.53,2.232610521873227e-07,5.624688831972289e-07,8.96475643025798e-08,2.2357889759020837e-07,5.632696415338888e-07,8.977519097957658e-08,2.2488046073358327e-07,5.665487122024734e-07,9.02978166881201e-08,8.007583366599722e-10,8.007583366599722e-10,3.279070668584521e-09,3.279070668584521e-09,4.079829005244493e-09,4.079829005244493e-09,0.007253430593446548,1.5835144599575646,1.0,0.4596467185984162,1.0014236491307897,1.0,0.0,0.0,input_tied,0.22481365962958189,0.0,0.09808481357269962,0.528022204735102,1.1763492076420526e-27,0.0001778169474603173,0.0001778108216895495,-6.125770767809874e-09,6.125770767809874e-09,12.246888401037362,12.246888508224734
14.4,1.53,1.1132123591249421e-07,2.7938770589495537e-07,4.078620812271061e-08,1.1149528567895612e-07,2.7982452609879833e-07,4.084997699789813e-08,1.1212405777820878e-07,2.8140258254868403e-07,4.108034840450047e-08,4.3682020384295354e-10,4.3682020384295354e-10,1.5780564498857018e-09,1.5780564498857018e-09,2.0148766537286553e-09,2.0148766537286553e-09,0.007211758467590595,1.5609164733916419,1.0,0.4452731317042589,1.0015634911437628,1.0,0.0,0.0,input_tied,0.2468966251767093,0.0,0.10740742647090296,0.5324615394485438,1.7068996890526815e-27,4.387353593329951e-05,4.386839440530962e-05,-5.141527989886469e-09,5.141527989886469e-09,12.249232225151708,12.24923231512563
15.200000000000001,1.53,4.969943543930482e-08,1.4682169477065802e-07,1.1758004737706234e-08,4.9783731736383916e-08,1.470707222513657e-07,1.1777947746146189e-08,5.005595162916757e-08,1.4787491219146258e-07,1.1842350143492474e-08,2.490274807076715e-10,2.490274807076715e-10,8.041899400968898e-10,8.041899400968898e-10,1.0532174208045612e-09,1.0532174208045612e-09,0.007173445466964085,1.5399344597018174,1.0,0.4317398568847099,1.001696121823799,1.0,0.0,0.0,input_tied,0.2678408226712046,0.0,0.11619019864791928,0.5367952764117886,2.4989116779549847e-27,1.2116337699854602e-05,1.2113996127393391e-05,-2.3415724612107017e-09,2.3415724612107017e-09,12.249787965007787,12.24978800598495
16.0,1.53,2.0165899259331023e-08,5.592745925340518e-08,5.235984898689021e-09,2.020267384496932e-08,5.602944871161866e-08,5.245533254186661e-09,2.0309830190645725e-08,5.632663268935711e-08,5.273355916620162e-09,1.019894582134806e-10,1.019894582134806e-10,2.971839777384505e-10,2.971839777384505e-10,3.991734359519311e-10,3.991734359519311e-10,0.007137342573409093,1.520124718640573,1.0,0.4187923832293445,1.0018236025661629,1.0,0.0,0.0,input_tied,0.28797177460541157,0.0,0.12459912372608362,0.5407907963487949,4.066279029378257e-27,1.7580902120904716e-06,1.7576244452019305e-06,-4.657668885411058e-10,4.657668885411058e-10,12.249969233440604,12.249969241591515
16.8,1.53,9.37282974009124e-09,2.4970186065191604e-08,2.229373390522328e-09,9.391096937770583e-09,2.5018851765688836e-08,2.2337183328241756e-09,9.43942913537489e-09,2.514761372985393e-08,2.2452143823879075e-09,4.866570049723178e-11,4.866570049723178e-11,1.2876196416509419e-10,1.2876196416509419e-10,1.7742766466232597e-10,1.7742766466232597e-10,0.007105580398924613,1.5013415333766713,1.0,0.40635906399495303,1.001948952257311,1.0,0.0,0.0,input_tied,0.3077662044203344,0.0,0.13268580337603814,0.5463407869798486,6.168787517735958e-27,3.504568338471491e-07,3.503418895375509e-07,-1.1494430959822513e-10,1.1494430959822513e-10,12.249993867006175,12.249993869017697
17.6,1.53,3.484410888318046e-09,7.139226485334225e-09,8.222198924376402e-10,3.4898140165340806e-09,7.1502969811224496e-09,8.234948739604878e-10,3.509463486275521e-09,7.190556875634655e-09,8.281315788196735e-10,1.1070495788224828e-11,1.1070495788224828e-11,4.025989451220505e-11,4.025989451220505e-11,5.1330390300429877e-11,5.1330390300429877e-11,0.0071899092157778535,1.559816346703205,1.0,0.44456808785883606,1.0015506575972855,1.0,0.0,0.0,input_tied,0.24487003274800853,0.0,0.10702376707827714,0.5253311760113416,1.0452097502090277e-26,5.6207073804593766e-08,5.539856383971502e-08,-8.085099648787451e-10,8.085099648787451e-10,12.249999016376224,12.24999903052515
18.4,1.53,1.7949803590232282e-09,1.9969300124387082e-09,3.8732741948561017e-10,1.7974123397528661e-09,1.9996356104605882e-09,3.878522011722254e-10,1.807964013078091e-09,2.0113744314669957e-09,3.901290797908519e-10,2.7055980218800013e-12,2.7055980218800013e-12,1.1738821006407406e-11,1.1738821006407406e-11,1.4444419028287408e-11,1.4444419028287408e-11,0.007233312604004318,1.5896510516836373,1.0,0.463514527796402,1.0013548787413815,1.0,0.0,0.0,input_tied,0.2139538750220957,0.0,0.09421603304878111,0.5139240325215798,1.686044268142297e-26,5.6207073804593766e-08,5.539856383971502e-08,-8.085099648787451e-10,8.085099648787451e-10,12.249999016376224,12.24999903052515
19.200000000000003,1.53,0.0,0.0,0.0,1e-30,1e-30,1e-30,1.0057161736535278e-30,1.0057161736535278e-30,1.0057161736535278e-30,1e-30,1e-30,5.716173653527695e-33,5.716173653527695e-33,1.0057161736535278e-30,1.0057161736535278e-30,1.0057161736535276,1.5704009692603986,1.0,0.4513309811859851,1.000970529894399,1.0,0.0,0.0,input_tied,0.15325993787437275,0.0,0.10217329191624851,0.0,0.0,5.6207073804593766e-08,5.539856383971502e-08,-8.085099648787451e-10,8.085099648787451e-10,12.249999016376224,12.24999903052515
20.0,1.53,0.0,0.0,0.0,1e-30,1e-30,1e-30,1.0055641423643005e-30,1.0055641423643005e-30,1.0055641423643005e-30,1e-30,1e-30,5.564142364300414e-33,5.564142364300414e-33,1.0055641423643005e-30,1.0055641423643005e-30,1.0055641423643005,1.5516627094173834,1.0,0.43932707173589636,1.0010450732710223,1.0,0.0,0.0,input_tied,0.16503135608229763,0.0,0.11002090405486509,0.0,0.0,5.6207073804593766e-08,5.539856383971502e-08,-8.085099648787451e-10,8.085099648787451e-10,12.249999016376224,12.24999903052515
4.0,1.72,0.00017546967634369186,0.0015062102895496698,0.00033058115034984557,0.00017569281487243802,0.0015081256834513154,0.0003310015386075625,0.0001762437155712873,0.0015128545478250185,0.0003320394238453367,1.915393901645579e-06,1.915393901645579e-06,4.728864373703106e-06,4.728864373703106e-06,6.644258275348685e-06,6.644258275348685e-06,0.004411242122994127,1.280917082806759,1.0,0.24757629233153006,1.0012716643319561,1.0,0.0,0.0,input_tied,0.20081318219813532,0.0,0.07718149434815945,0.7345538063160009,2.8769160575943875e-29,2.70794422947878,2.7079114392778005,-3.279020097934904e-05,3.279020097934904e-05,10.691988171417746,10.6914520812108
4.8,1.72,0.00019669403916908887,0.0015690153031258096,0.00015154556176445792,0.0001969263800377792,0.0015708686708234615,0.00015172457190434452,0.00019769379337537116,0.0015769902761125242,0.00015231583580762394,1.853367697651851e-06,1.853367697651851e-06,6.121605289062786e-06,6.121605289062786e-06,7.974972986714637e-06,7.974972986714637e-06,0.0050827885303774975,1.3602809677586774,1.0,0.30769127235057525,1.0011812298413914,1.0,0.0,0.0,input_tied,0.18653233986072207,0.0,0.07111786048012514,0.7485747237184399,2.9936195735108464e-29,13.837975432668275,13.837372280072776,-0.0006031525954988126,0.0006031525954988126,966.8952053978721,966.8014327070166
5.6,1.72,0.00015720305812159702,0.0013021505570288893,5.951635142517858e-05,0.00015749128887444227,0.0013045380413428394,5.962547425639356e-05,0.00015820548926372122,0.0013104539341113532,5.989586722370751e-05,2.3874843139500175e-06,2.3874843139500175e-06,5.915892768513847e-06,5.915892768513847e-06,8.303377082463865e-06,8.303377082463865e-06,0.0063766643861902115,1.4305484675437201,1.0,0.35805791447458585,1.001833493293892,1.0,0.0,0.0,input_tied,0.2895336557242226,0.0,0.1092096338293002,0.7674488081443888,3.3680373512349457e-29,58.00239842037685,57.996123790820256,-0.00627462955659297,0.00627462955659297,20023.946918369245,20019.50767591156
6.4,1.72,0.0001040351322255933,0.0006722726984645482,2.722614820498002e-05,0.00010425829731624944,0.0006737147862909293,2.7284550839766952e-05,0.00010477378288068127,0.000677045842483261,2.7419454175539292e-05,1.4420878263811951e-06,1.4420878263811951e-06,3.331056192331684e-06,3.331056192331684e-06,4.773144018712879e-06,4.773144018712879e-06,0.0071000116911107735,1.4775528482269376,1.0,0.3903872383399466,1.0021450935456324,1.0,0.0,0.0,input_tied,0.33873959517954094,0.0,0.1316552460415761,0.715285972843389,4.4904440376924884e-29,59.894956870581844,59.890167603889154,-0.004789266692689864,0.004789266692689864,21385.374870570184,21381.873164569028
7.2,1.72,7.600611083566206e-05,0.00012096541293186556,1.7567941492032634e-05,7.617169868289172e-05,0.00012122894966722021,1.760621522528827e-05,7.655779301695613e-05,0.00012184342737220023,1.7695456505978377e-05,2.635367353546553e-07,2.635367353546553e-07,6.144777049800157e-07,6.144777049800157e-07,8.78014440334671e-07,8.78014440334671e-07,0.007258392453297518,1.4921401916441892,1.0,0.40021145959540433,1.0021786122906313,1.0,0.0,0.0,input_tied,0.34403266323011,0.0,0.14069871838435052,0.630115124386121,8.300513818182094e-29,3.5328024164102216,3.5327650870312293,-3.732937899236788e-05,3.732937899236788e-05,28.430288421533007,28.429293227870797
8.0,1.72,6.313931918440703e-05,8.591082371023913e-05,1.3492969877840782e-05,6.328577443639185e-05,8.611009876573915e-05,1.3524267591040875e-05,6.359229304174665e-05,8.65271648064995e-05,1.3589771089692338e-05,1.9927505550001263e-07,1.9927505550001263e-07,4.170660407603504e-07,4.170660407603504e-07,6.16341096260363e-07,6.16341096260363e-07,0.00717419609826073,1.4658274448318904,1.0,0.38241989178356733,1.0023195570347705,1.0,0.0,0.0,input_tied,0.3662897651031772,0.0,0.1520636193182569,0.605861926937138,9.73259782039683e-29,2.3263362853869025,2.326086095849075,-0.0002501895378275165,0.0002501895378275165,5.363118210152532,5.360221605781139
8.8,1.72,2.2146858031798164e-05,5.848230747383244e-05,7.047750213527136e-06,2.2185472466591622e-05,5.858427504165975e-05,7.0600384076660096e-06,2.2308296335110568e-05,5.890861103702023e-05,7.09912440100817e-06,1.019675678273096e-07,1.019675678273096e-07,3.243359953604801e-07,3.243359953604801e-07,4.263035631877897e-07,4.263035631877897e-07,0.007289444989470306,1.5482467554553723,1.0,0.43712316521321565,1.0017435626641944,1.0,0.0,0.0,input_tied,0.2753323799057155,0.0,0.11517223325097901,0.5937428211290104,1.2483365524436778e-28,1.583685398875857,1.5837337464925305,4.834761667349419e-05,4.834761667349419e-05,0.21087703600114205,0.21098806000113438
9.600000000000001,1.72,1.0975147126460696e-05,4.3579838326135254e-05,3.9560295976674344e-06,1.0994100841495419e-05,4.365509926135328e-05,3.962861529558565e-06,1.1054945023330443e-05,4.389669780913616e-05,3.984793024545534e-06,7.526093521802819e-08,7.526093521802819e-08,2.4159854778287726e-07,2.4159854778287726e-07,3.1685948300090545e-07,3.1685948300090545e-07,0.0072707815166648225,1.5480056645464257,1.0,0.4369674344285572,1.0017269668293582,1.0,0.0,0.0,input_tied,0.27271167071310803,0.0,0.11485685465158924,0.5829075332674515,1.5205403538261085e-28,1.000000000104734,1.0000000001048561,1.2212453270876722e-13,1.2212453270876722e-13,0.9999999994763296,0.9999999994757189
10.4,1.72,7.422066713765913e-06,2.9967975834253866e-05,2.1099881392735357e-06,7.4360023052058415e-06,3.002424337853951e-05,2.113949829970478e-06,7.47561899587484e-06,3.018420314101371e-05,2.1252122923886366e-06,5.626754428564301e-08,5.626754428564301e-08,1.5995976247420006e-07,1.5995976247420006e-07,2.1622730675984307e-07,2.1622730675984307e-07,0.007215279001683252,1.5229622419775668,1.0,0.42065728173279693,1.0018775890836553,1.0,0.0,0.0,input_tied,0.29649698373570116,0.0,0.12533762689732517,0.5770575901020123,1.8818072708095983e-28,0.49525461428494955,0.49520106712537837,-5.354715957117673e-05,5.354715957117673e-05,5.116026331079219,5.116631930819087
11.2,1.72,4.558508463204259e-06,1.6473386745956647e-05,7.956065592201136e-07,4.567736949412653e-06,1.650673634344401e-05,7.972172273187551e-07,4.5911711319518175e-06,1.659142201533846e-05,8.013072470014245e-07,3.3349597487363684e-08,3.3349597487363684e-08,8.46856718944503e-08,8.46856718944503e-08,1.1803526938181398e-07,1.1803526938181398e-07,0.007165209631880065,1.499419168235305,1.0,0.40507781194222237,1.0020244530163507,1.0,0.0,0.0,input_tied,0.31968880639958525,0.0,0.1353663151635882,0.5744380030992003,2.578737733178877e-28,0.15211173099062797,0.15207993458784658,-3.1796402781392175e-05,3.1796402781392175e-05,9.732657074570042,9.733153060364206
12.0,1.72,2.510495903196621e-06,8.248754468793814e-06,4.859948668798594e-07,2.51592299746623e-06,8.26658631151939e-06,4.870454720426659e-07,2.5283714730398787e-06,8.307488357361034e-06,4.894553127524513e-07,1.783184272557621e-08,1.783184272557621e-08,4.090204584164371e-08,4.090204584164371e-08,5.873388856721992e-08,5.873388856721992e-08,0.007120334201899013,1.4779687035454037,1.0,0.3906686474340275,1.0021617618505965,1.0,0.0,0.0,input_tied,0.34137174839605494,0.0,0.14464355018632655,0.5733931122694725,3.6558279716753496e-28,0.038205307480708266,0.03819390720432146,-1.140027638680402e-05,1.140027638680402e-05,11.590529903585699,11.59072396484645
12.8,1.72,6.987844758669166e-07,2.0494078504462116e-06,2.0546678754952487e-07,6.998090773825983e-07,2.052412820451036e-06,2.0576805580778764e-07,7.038527810564213e-07,2.0642722683068716e-06,2.0695704444785704e-07,3.0049700048245307e-09,3.0049700048245307e-09,1.1859447855835533e-08,1.1859447855835533e-08,1.4864417860660063e-08,1.4864417860660063e-08,0.007253030604632298,1.5781226258875372,1.0,0.4562359290923607,1.0014662625617299,1.0,0.0,0.0,input_tied,0.23154290291842708,0.0,0.10063809092004923,0.533832109370819,6.464044055353213e-28,0.002360309469983995,0.0023602262954168095,-8.317456718547403e-08,8.317456718547403e-08,12.20872940340524,12.20873085650624
13.600000000000001,1.72,2.2326097685107758e-07,5.624671636841482e-07,8.964892113695143e-08,2.2357882145302287e-07,5.632679178251987e-07,8.97765494670586e-08,2.2488038415316564e-07,5.665469784592239e-07,9.029918308402843e-08,8.007541410505099e-10,8.007541410505099e-10,3.2790606340252227e-09,3.2790606340252227e-09,4.079814775075733e-09,4.079814775075733e-09,0.007253427468286381,1.5835144599575646,1.0,0.4596467185984162,1.0014236460237174,1.0,0.0,0.0,input_tied,0.22481316898039302,0.0,0.09808481357269962,0.5280188698716575,1.176348742105466e-27,0.00017781586007442477,0.00017780973323779716,-6.1268366276126356e-09,6.1268366276126356e-09,12.246888420064193,12.246888527270217
14.4,1.72,1.1131778408205825e-07,2.793856995637378e-07,4.079043472895838e-08,1.1149182644689893e-07,2.7982251159926033e-07,4.0854209477814985e-08,1.1212057903798504e-07,2.814005566884764e-07,4.108460475327659e-08,4.3681203552254895e-10,4.3681203552254895e-10,1.5780450892160683e-09,1.5780450892160683e-09,2.0148571247386173e-09,2.0148571247386173e-09,0.007211740357093535,1.5609164733916419,1.0,0.4452731317042589,1.0015634731348262,1.0,0.0,0.0,input_tied,0.2468937813194488,0.0,0.10740742647090296,0.5324438879238529,1.706893269656828e-27,4.3872905743734615e-05,4.3867762712058325e-05,-5.143031676289834e-09,5.143031676289834e-09,12.249232236179681,12.249232326179913
15.200000000000001,1.72,4.969935956280208e-08,1.468265967665568e-07,1.1755841992615058e-08,4.9783657760345786e-08,1.4707563855638627e-07,1.177578181275165e-08,5.005587724862483e-08,1.4787985537908073e-07,1.1840172366667645e-08,2.490417898294582e-10,2.490417898294582e-10,8.042168226944625e-10,8.042168226944625e-10,1.0532586125239207e-09,1.0532586125239207e-09,0.007173486518920835,1.5399344597018174,1.0,0.4317398568847099,1.0016961626525023,1.0,0.0,0.0,input_tied,0.26784727008159864,0.0,0.11619019864791928,0.5368322698384808,2.498910152906394e-27,1.2117146782239154e-05,1.2114806041004158e-05,-2.340741234995998e-09,2.340741234995998e-09,12.249787950848967,12.249787991811582
16.0,1.72,2.0163442579738157e-08,5.5954599010270144e-08,5.232202680327354e-09,2.0200217702995734e-08,5.605665188478765e-08,5.241745440583533e-09,2.030736102112933e-08,5.6353980149992697e-08,5.26954801219802e-09,1.020528745175053e-10,1.020528745175053e-10,2.973282652050476e-10,2.973282652050476e-10,3.993811397225529e-10,3.993811397225529e-10,0.007137592741022928,1.520124718640573,1.0,0.4187923832293445,1.0018238514138718,1.0,0.0,0.0,input_tied,0.28801107106052287,0.0,0.12459912372608362,0.5410010517338844,4.066207721591245e-27,1.7597969128265041e-06,1.7593315678026462e-06,-4.653450238579588e-10,4.653450238579588e-10,12.249969203573379,12.249969211716907
16.8,1.72,9.348980993281208e-09,2.483174332190512e-08,2.2738595152411433e-09,9.36715462774744e-09,2.4880014146994607e-08,2.2782797073120496e-09,9.415363603914803e-09,2.5008061569795035e-08,2.2900050963418245e-09,4.827082508948826e-11,4.827082508948826e-11,1.280474228004277e-10,1.280474228004277e-10,1.7631824788991595e-10,1.7631824788991595e-10,0.0071005183004762395,1.5013415333766713,1.0,0.40635906399495303,1.001943916078051,1.0,0.0,0.0,input_tied,0.3069709228684886,0.0,0.13268580337603814,0.5423449736543797,6.1682262088517e-27,3.465815158913538e-07,3.4646435967342394e-07,-1.1715621792986156e-10,1.1715621792986156e-10,12.24999393482422,12.249993936874453
17.6,1.72,3.227814287789553e-09,7.558267951327627e-09,8.704806150528686e-10,3.2328316317393076e-09,7.570016591923115e-09,8.718336980551454e-10,3.2510341568670282e-09,7.612639726353908e-09,8.767425756596076e-10,1.174864059548797e-11,1.174864059548797e-11,4.2623134430792216e-11,4.2623134430792216e-11,5.4371775026280186e-11,5.4371775026280186e-11,0.00719368185626836,1.559816346703205,1.0,0.44456808785883606,1.0015544091147792,1.0,0.0,0.0,input_tied,0.24546244864507824,0.0,0.10702376707827714,0.5290214211051341,1.0402931653621079e-26,5.6207073804593766e-08,5.539856383971502e-08,-8.085099648787451e-10,8.085099648787451e-10,12.249999016376224,12.24999903052515
18.4,1.72,1.7949803590232282e-09,1.9969300124387082e-09,3.8732741948561017e-10,1.7974123397528661e-09,1.9996356104605882e-09,3.878522011722254e-10,1.807964013078091e-09,2.0113744314669957e-09,3.901290797908519e-10,2.7055980218800013e-12,2.7055980218800013e-12,1.1738821006407406e-11,1.1738821006407406e-11,1.4444419028287408e-11,1.4444419028287408e-11,0.007233312604004318,1.5896510516836373,1.0,0.463514527796402,1.0013548787413815,1.0,0.0,0.0,input_tied,0.2139538750220957,0.0,0.09421603304878111,0.5139240325215798,1.686044268142297e-26,5.6207073804593766e-08,5.539856383971502e-08,-8.085099648787451e-10,8.085099648787451e-10,12.249999016376224,12.24999903052515
19.200000000000003,1.72,0.0,0.0,0.0,1e-30,1e-30,1e-30,1.0057161736535278e-30,1.0057161736535278e-30,1.0057161736535278e-30,1e-30,1e-30,5.716173653527695e-33,5.716173653527695e-33,1.0057161736535278e-30,1.0057161736535278e-30,1.0057161736535276,1.5704009692603986,1.0,0.4513309811859851,1.000970529894399,1.0,0.0,0.0,input_tied,0.15325993787437275,0.0,0.10217329191624851,0.0,0.0,5.6207073804593766e-08,5.539856383971502e-08,-8.085099648787451e-10,8.085099648787451e-10,12.249999016376224,12.24999903052515
20.0,1.72,0.0,0.0,0.0,1e-30,1e-30,1e-30,1.0055641423643005e-30,1.0055641423643005e-30,1.0055641423643005e-30,1e-30,1e-30,5.564142364300414e-33,5.564142364300414e-33,1.0055641423643005e-30,1.0055641423643005e-30,1.0055641423643005,1.5516627094173834,1.0,0.43932707173589636,1.0010450732710223,1.0,0.0,0.0,input_tied,0.16503135608229763,0.0,0.11002090405486509,0.0,0.0,5.6207073804593766e-08,5.539856383971502e-08,-8.085099648787451e-10,8.085099648787451e-10,12.249999016376224,12.24999903052515
4.0,1.91,0.0001770686030823247,0.0015097107933558257,0.00032901266865519187,0.0001772938709498952,0.0015116314575794507,0.000329431240784759,0.00017784979190476697,0.0015163713146247586,0.00033046420221179786,1.920664223624977e-06,1.920664223624977e-06,4.739857045307902e-06,4.739857045307902e-06,6.6605212689328785e-06,6.6605212689328785e-06,0.004411786216436654,1.280917082806759,1.0,0.24757629233153006,1.001272206724677,1.0,0.0,0.0,input_tied,0.20089883342349146,0.0,0.07718149434815945,0.7352936315472478,2.876799555709119e-29,2.746467375141842,2.746433808013289,-3.3567128553180225e-05,3.3567128553180225e-05,11.331089952008512,11.330524996007288
4.8,1.91,0.0001968291957807986,0.001569100759423203,0.00015148572824697445,0.0001970616926935918,0.001570954199310412,0.00015166466493372936,0.00019782963333858053,0.0015770761379001815,0.0001522556953822108,1.8534398872089176e-06,1.8534398872089176e-06,6.121938589769482e-06,6.121938589769482e-06,7.9753784769784e-06,7.9753784769784e-06,0.005082770133837756,1.3602809677586774,1.0,0.30769127235057525,1.0011812115162637,1.0,0.0,0.0,input_tied,0.18652944607252595,0.0,0.07111786048012514,0.7485475970287769,2.9935815942550487e-29,13.850270229616779,13.849666065501445,-0.0006041641153338162,0.0006041641153338162,968.8076799405114,968.7136571406137
5.6,1.91,0.00015721081154981964,0.001302145718377103,5.951445574389357e-05,0.00015749905526287676,0.0013045331834191463,5.962357462404614e-05,0.0001582132908716125,0.0013104490541576736,5.989395897680006e-05,2.3874650420432474e-06,2.3874650420432474e-06,5.915870738527288e-06,5.915870738527288e-06,8.303335780570536e-06,8.303335780570536e-06,0.006376656362944688,1.4305484675437201,1.0,0.35805791447458585,1.0018334853068662,1.0,0.0,0.0,input_tied,0.2895323944636879,0.0,0.1092096338293002,0.767441108820373,3.368035679090121e-29,58.00539587965784,57.999120498585015,-0.006275381072825326,0.006275381072825326,20026.067766829903,20021.627757583414
6.4,1.91,0.00010403552229313707,0.0006722721885536273,2.722607492848957e-05,0.00010425868810728441,0.0006737142745544497,2.728447737645665e-05,0.00010477417560390911,0.0006770453282165965,2.7419380349003455e-05,1.4420860008223938e-06,1.4420860008223938e-06,3.331053662146855e-06,3.331053662146855e-06,4.773139662969249e-06,4.773139662969249e-06,0.0071000105972530425,1.4775528482269376,1.0,0.3903872383399466,1.0021450924571564,1.0,0.0,0.0,input_tied,0.33873942329432266,0.0,0.1316552460415761,0.7152851024629905,4.4904440377666726e-29,59.895109346967295,59.89032001794354,-0.004789329023758171,0.004789329023758171,21385.48635946038,21381.984598759038
7.2,1.91,7.600613439744054e-05,0.000120965401465862,1.7567937231564875e-05,7.617172228886403e-05,0.00012122893816487615,1.76062109538887e-05,7.655781674258091e-05,0.00012184341581155381,1.7695452212928205e-05,2.6353669901415004e-07,2.6353669901415004e-07,6.144776466776672e-07,6.144776466776672e-07,8.780143456918173e-07,8.780143456918173e-07,0.007258392358906065,1.4921401916441892,1.0,0.40021145959540433,1.0021786121967158,1.0,0.0,0.0,input_tied,0.3440326483995569,0.0,0.14069871838435052,0.6301150541151511,8.300513659423665e-29,3.5328027233511197,3.532765393674154,-3.732967696556955e-05,3.732967696556955e-05,28.430296604587205,28.429301402837936
8.0,1.91,6.313932095074384e-05,8.591082277430941e-05,1.3492969562109996e-05,6.328577620631236e-05,8.611009782693992e-05,1.3524267274468018e-05,6.35922948202396e-05,8.652716386315329e-05,1.358977077158619e-05,1.9927505263050895e-07,1.9927505263050895e-07,4.170660362133691e-07,4.170660362133691e-07,6.163410888438781e-07,6.163410888438781e-07,0.007174196090090146,1.4658274448318904,1.0,0.38241989178356733,1.0023195570266392,1.0,0.0,0.0,input_tied,0.36628976381914385,0.0,0.1520636193182569,0.6058619213077692,9.73259780612615e-29,2.3263362824892138,2.3260860929253937,-0.00025018956382005797,0.00025018956382005797,5.3631181765996025,5.360221571936381
8.8,1.91,2.2146858093062132e-05,5.848230740181678e-05,7.047750195432859e-06,2.2185472527948595e-05,5.8584274969482046e-05,7.0600383895357886e-06,2.2308296396807228e-05,5.8908610964442936e-05,7.0991243827775755e-06,1.019675676652688e-07,1.019675676652688e-07,3.243359949608906e-07,3.243359949608906e-07,4.263035626261594e-07,4.263035626261594e-07,0.007289444988843175,1.5482467554553723,1.0,0.43712316521321565,1.0017435626635707,1.0,0.0,0.0,input_tied,0.27533237980722913,0.0,0.11517223325097901,0.5937428205589284,1.2483365524817828e-28,1.583685396406778,1.5837337440217951,4.8347615017041434e-05,4.8347615017041434e-05,0.21087703033197022,0.21098805432666604
9.600000000000001,1.91,1.0975147142881639e-05,4.3579838312784185e-05,3.956029585909805e-06,1.0994100857946103e-05,4.365509924798464e-05,3.9628615177811285e-06,1.105494503987217e-05,4.389669779569353e-05,3.984793012702917e-06,7.526093520045734e-08,7.526093520045734e-08,2.4159854770888724e-07,2.4159854770888724e-07,3.168594829093446e-07,3.168594829093446e-07,0.0072707815167912995,1.5480056645464257,1.0,0.4369674344285572,1.0017269668294841,1.0,0.0,0.0,input_tied,0.2727116707329918,0.0,0.11485685465158924,0.5829075333828638,1.5205403539520765e-28,0.9999999998666329,0.9999999998669903,3.573807916268379e-13,3.573807916268379e-13,1.000000000666835,1.000000000665048
10.4,1.91,7.422066627137991e-06,2.9967976066891604e-05,2.109988157761444e-06,7.4360022184399614e-06,3.002424361171375e-05,2.113949848500119e-06,7.475618908646698e-06,3.018420337543023e-05,2.1252123110169977e-06,5.6267544822146906e-08,5.6267544822146906e-08,1.599597637164789e-07,1.599597637164789e-07,2.1622730853862582e-07,2.1622730853862582e-07,0.007215279005028042,1.5229622419775668,1.0,0.42065728173279693,1.0018775890869824,1.0,0.0,0.0,input_tied,0.2964969842611106,0.0,0.12533762689732517,0.5770575928966478,1.88180726947382e-28,0.49525462181040975,0.4952010746532694,-5.3547157140343415e-05,5.3547157140343415e-05,5.116026245971404,5.11663184567874
11.2,1.91,4.558508325247046e-06,1.647338704653586e-05,7.956065947750324e-07,4.567736811189353e-06,1.6506736644679437e-05,7.972172629479572e-07,4.5911709930193804e-06,1.6591422318119336e-05,8.013072828134177e-07,3.334959814357705e-08,3.334959814357705e-08,8.468567343989918e-08,8.468567343989918e-08,1.1803527158347623e-07,1.1803527158347623e-07,0.007165209634790771,1.499419168235305,1.0,0.40507781194222237,1.0020244530192466,1.0,0.0,0.0,input_tied,0.31968880685688633,0.0,0.1353663151635882,0.5744380053513664,2.578737728815223e-28,0.15211173650453153,0.15207994010148193,-3.17964030495943e-05,3.17964030495943e-05,9.732656988560846,9.733152974357004
12.0,1.91,2.510496352409041e-06,8.248753478481527e-06,4.859947199334832e-07,2.5159234476294445e-06,8.266585318999596e-06,4.870453247746978e-07,2.528371925430445e-06,8.307487359930373e-06,4.894551647558194e-07,1.7831840518069437e-08,1.7831840518069437e-08,4.0902040930777074e-08,4.0902040930777074e-08,5.873388144884651e-08,5.873388144884651e-08,0.007120334193774275,1.4779687035454037,1.0,0.3906686474340275,1.002161761842512,1.0,0.0,0.0,input_tied,0.3413717471194332,0.0,0.14464355018632655,0.573393106385483,3.655828014053595e-28,0.03820529833066001,0.03819389805638092,-1.140027427909418e-05,1.140027427909418e-05,11.590530059341788,11.590724120567963
12.8,1.91,6.987855075059003e-07,2.049404607100038e-06,2.0546663607679254e-07,6.998101102844212e-07,2.0524095716166075e-06,2.057679040395026e-07,7.038538199266562e-07,2.0642690006997175e-06,2.0695689180261e-07,3.0049645165694167e-09,3.0049645165694167e-09,1.1859429083109968e-08,1.1859429083109968e-08,1.4864393599679384e-08,1.4864393599679384e-08,0.00725303024506854,1.5781226258875372,1.0,0.4562359290923607,1.0014662622042318,1.0,0.0,0.0,input_tied,0.23154284646458873,0.0,0.10063809092004923,0.5338317353981821,6.464044797676025e-28,0.0023603019998810148,0.002360218823892275,-8.317598873975457e-08,8.317598873975457e-08,12.208729533911647,12.208730987037487
13.600000000000001,1.91,2.232639218051859e-07,5.624585271907594e-07,8.964888708497929e-08,2.2358176971533013e-07,5.632592668085395e-07,8.977651501149928e-08,2.2488334957876336e-07,5.665382770807258e-07,9.029914842788629e-08,8.007396177801858e-10,8.007396177801858e-10,3.2790102721862247e-09,3.2790102721862247e-09,4.0797498899664105e-09,4.0797498899664105e-09,0.007253423484115394,1.5835144599575646,1.0,0.4596467185984162,1.001423642062606,1.0,0.0,0.0,input_tied,0.22481254346673352,0.0,0.09808481357269962,0.5280146183561462,1.1763496268072915e-27,0.0001778103995162375,0.00017780427146120526,-6.128055032248716e-09,6.128055032248716e-09,12.246888515611825,12.246888622839169
14.4,1.91,1.1132089718854054e-07,2.7939621165334673e-07,4.078353493040418e-08,1.1149494844697922e-07,2.798330502296556e-07,4.0847300366701307e-08,1.1212371864442898e-07,2.8141115475095186e-07,4.10776566785756e-08,4.3683857630886967e-10,4.3683857630886967e-10,1.578104521296259e-09,1.578104521296259e-09,2.0149430976051287e-09,2.0149430976051287e-09,0.007211776729833097,1.5609164733916419,1.0,0.4452731317042589,1.0015635093035937,1.0,0.0,0.0,input_tied,0.24689949286230076,0.0,0.10740742647090296,0.5324793388731935,1.7069012966495154e-27,4.387620741174047e-05,4.3871067161559484e-05,-5.1402501809866535e-09,5.1402501809866535e-09,12.249232178402302,12.249232268353861
15.200000000000001,1.91,4.9699298783675594e-08,1.468305233974076e-07,1.1754109575495389e-08,4.97835985035517e-08,1.4707957664955787e-07,1.1774046841590837e-08,5.005581766781168e-08,1.4788381500593941e-07,1.1838427908599223e-08,2.490532521502716e-10,2.490532521502716e-10,8.042383563815437e-10,8.042383563815437e-10,1.0532916085318153e-09,1.0532916085318153e-09,0.007173519402917363,1.5399344597018174,1.0,0.4317398568847099,1.0016961953576655,1.0,0.0,0.0,input_tied,0.267852434673958,0.0,0.11619019864791928,0.5368619028162445,2.4989089318285435e-27,1.2117794898523485e-05,1.2115454823221057e-05,-2.3400753024277807e-09,2.3400753024277807e-09,12.249787939507028,12.249787980457992
16.0,1.91,2.0161477666986808e-08,5.5976306055213045e-08,5.229177569071968e-09,2.019825322152201e-08,5.607840966735966e-08,5.238715853320872e-09,2.0305386119913273e-08,5.6375853337312036e-08,5.266502355800033e-09,1.0210361214661438e-10,1.0210361214661438e-10,2.974436699523765e-10,2.974436699523765e-10,3.995472820989909e-10,3.995472820989909e-10,0.007137792938763976,1.520124718640573,1.0,0.4187923832293445,1.0018240505553528,1.0,0.0,0.0,input_tied,0.28804251822271365,0.0,0.12459912372608362,0.5411693095367239,4.0661507990163114e-27,1.7611625700198853e-06,1.7606975638527753e-06,-4.650061671100116e-10,4.650061671100116e-10,12.249969179674409,12.249969187812006
16.8,1.91,9.280470634419696e-09,2.5161429443196977e-08,2.246447868739097e-09,9.298563196864632e-09,2.5210482422440997e-08,2.250827387833066e-09,9.346419160533738e-09,2.534023063249734e-08,2.2624114908194164e-09,4.9052979244019775e-11,4.9052979244019775e-11,1.2974821005634339e-10,1.2974821005634339e-10,1.7880118930036316e-10,1.7880118930036316e-10,0.007106161822165734,1.5013415333766713,1.0,0.40635906399495303,1.0019495307035222,1.0,0.0,0.0,input_tied,0.30785754898467627,0.0,0.13268580337603814,0.5467997386889124,6.163589550707377e-27,3.5584559683205615e-07,3.5572929583291816e-07,-1.1630099913799096e-10,1.1630099913799096e-10,12.249993772702846,12.249993774738112
17.6,1.91,3.2578028990600144e-09,7.509294303181091e-09,8.648403530729403e-10,3.262863668132658e-09,7.520959466956924e-09,8.661838221062782e-10,3.2812352892602193e-09,7.563306384234579e-09,8.710608879677724e-10,1.1665163775833172e-11,1.1665163775833172e-11,4.234691727765502e-11,4.234691727765502e-11,5.4012081053488195e-11,5.4012081053488195e-11,0.007192697325846927,1.559816346703205,1.0,0.44456808785883606,1.001553430096739,1.0,0.0,0.0,input_tied,0.2453078483129722,0.0,0.10702376707827714,0.5280583930704796,1.04079902407468e-26,5.6207073804593766e-08,5.539856383971502e-08,-8.085099648787451e-10,8.085099648787451e-10,12.249999016376224,12.24999903052515
18.4,1.91,1.7949803590232282e-09,1.9969300124387082e-09,3.8732741948561017e-10,1.7974123397528661e-09,1.9996356104605882e-09,3.878522011722254e-10,1.807964013078091e-09,2.0113744314669957e-09,3.901290797908519e-10,2.7055980218800013e-12,2.7055980218800013e-12,1.1738821006407406e-11,1.1738821006407406e-11,1.4444419028287408e-11,1.4444419028287408e-11,0.007233312604004318,1.5896510516836373,1.0,0.463514527796402,1.0013548787413815,1.0,0.0,0.0,input_tied,0.2139538750220957,0.0,0.09421603304878111,0.5139240325215798,1.686044268142297e-26,5.6207073804593766e-08,5.539856383971502e-08,-8.085099648787451e-10,8.085099648787451e-10,12.249999016376224,12.24999903052515
19.200000000000003,1.91,0.0,0.0,0.0,1e-30,1e-30,1e-30,1.0057161736535278e-30,1.0057161736535278e-30,1.0057161736535278e-30,1e-30,1e-30,5.716173653527695e-33,5.716173653527695e-33,1.0057161736535278e-30,1.0057161736535278e-30,1.0057161736535276,1.5704009692603986,1.0,0.4513309811859851,1.000970529894399,1.0,0.0,0.0,input_tied,0.15325993787437275,0.0,0.10217329191624851,0.0,0.0,5.6207073804593766e-08,5.539856383971502e-08,-8.085099648787451e-10,8.085099648787451e-10,12.249999016376224,12.24999903052515
20.0,1.91,0.0,0.0,0.0,1e-30,1e-30,1e-30,1.0055641423643005e-30,1.0055641423643005e-30,1.0055641423643005e-30,1e-30,1e-30,5.564142364300414e-33,5.564142364300414e-33,1.0055641423643005e-30,1.0055641423643005e-30,1.0055641423643005,1.5516627094173834,1.0,0.43932707173589636,1.0010450732710223,1.0,0.0,0.0,input_tied,0.16503135608229763,0.0,0.11002090405486509,0.0,0.0,5.6207073804593766e-08,5.539856383971502e-08,-8.085099648787451e-10,8.085099648787451e-10,12.249999016376224,12.24999903052515
4.0,2.1,0.00017867004889645144,0.0015131477053595807,0.0003274553896409661,0.00017889744834682794,0.0015150735399281751,0.0003278721532568441,0.00017945839746354725,0.0015198241899337572,0.00032890022602404044,1.925834568594414e-06,1.925834568594414e-06,4.750650005582108e-06,4.750650005582108e-06,6.676484574176522e-06,6.676484574176522e-06,0.004412315169582165,1.280917082806759,1.0,0.24757629233153006,1.0012727340244267,1.0,0.0,0.0,input_tied,0.20098210126236105,0.0,0.07718149434815945,0.7360128699223083,2.876680915585937e-29,2.7852099722037846,2.785175614406893,-3.435779689153762e-05,3.435779689153762e-05,11.992541669330063,11.991946767171962
4.8,2.1,0.00019696436268688123,0.0015691859001470418,0.0001514259355000746,0.00019719701563654485,0.0015710394117328921,0.00015160479877294835,0.0001979654836290189,0.001577161682391679,0.00015219559592566595,1.8535115858502992e-06,1.8535115858502992e-06,6.122270658786948e-06,6.122270658786948e-06,7.975782244637247e-06,7.975782244637247e-06,0.005082751663706557,1.3602809677586774,1.0,0.30769127235057525,1.0011811931178305,1.0,0.0,0.0,input_tied,0.18652654070842542,0.0,0.07111786048012514,0.7485203618253095,2.993543629866562e-29,13.862567092007044,13.861961915181539,-0.0006051768255055379,0.0006051768255055379,970.7223657673555,970.6280923464693
5.6,2.1,0.00015721856490857018,0.0013021408786046036,5.951256017945483e-05,0.0001575068215815458,0.0013045283243724134,5.962167510877355e-05,0.00015822109240942194,0.0013104441730758612,5.989205084749835e-05,2.3874457678097795e-06,2.3874457678097795e-06,5.915848703447798e-06,5.915848703447798e-06,8.303294471257577e-06,8.303294471257577e-06,0.006376648339429701,1.4305484675437201,1.0,0.35805791447458585,1.0018334773195725,1.0,0.0,0.0,input_tied,0.2895311331607969,0.0,0.1092096338293002,0.7674334092377953,3.3680340071385254e-29,58.00839327626287,58.00211714361851,-0.0062761326443592225,0.0062761326443592225,20028.18868325027,20023.747907124452
6.4,2.1,0.00010403591235969695,0.0006722716786411398,2.7226001652426842e-05,0.00010425907889733293,0.0006737137628164038,2.7284403913575246e-05,0.0001047745683261456,0.0006770448139483581,2.7419306522898632e-05,1.4420841752640261e-06,1.4420841752640261e-06,3.33105113195422e-06,3.33105113195422e-06,4.773135307218246e-06,4.773135307218246e-06,0.00710000950339923,1.4775528482269376,1.0,0.3903872383399466,1.0021450913686842,1.0,0.0,0.0,input_tied,0.3387392514096841,0.0,0.1316552460415761,0.7152842320855273,4.49044403784322e-29,59.89526182231915,59.89047243096405,-0.004789391355096484,0.004789391355096484,21385.597847885427,21382.096032483536
7.2,2.1,7.600615795903163e-05,0.00012096539000020388,1.7567932971004495e-05,7.617174589464878e-05,0.00012122892666287867,1.7606206682396367e-05,7.655784046801718e-05,0.00012184340425125573,1.76954479197848e-05,2.6353666267479674e-07,2.6353666267479674e-07,6.144775883770536e-07,6.144775883770536e-07,8.780142510518503e-07,8.780142510518503e-07,0.007258392264517731,1.4921401916441892,1.0,0.40021145959540433,1.0021786121028036,1.0,0.0,0.0,input_tied,0.3440326335695558,0.0,0.14069871838435052,0.6301149838467967,8.300513500668875e-29,3.532803030333397,3.5327657003584636,-3.7329974933442145e-05,3.7329974933442145e-05,28.43030478874576,28.42930957890955
8.0,2.1,6.313932271671021e-05,8.591082183901177e-05,1.3492969246333974e-05,6.328577797586198e-05,8.611009688877477e-05,1.3524266957849904e-05,6.359229659835987e-05,8.652716292044422e-05,1.3589770453434568e-05,1.992750497629975e-07,1.992750497629975e-07,4.170660316694507e-07,4.170660316694507e-07,6.163410814324482e-07,6.163410814324482e-07,0.00717419608192562,1.4658274448318904,1.0,0.38241989178356733,1.0023195570185142,1.0,0.0,0.0,input_tied,0.366289762536067,0.0,0.1520636193182569,0.6058619156825935,9.73259779186339e-29,2.3263362796325815,2.3260860900427787,-0.00025018958980282946,0.00025018958980282946,5.363118143522076,5.36022153856701
8.8,2.1,2.2146858152989757e-05,5.8482307325780445e-05,7.04775018007721e-06,2.218547258796502e-05,5.858427489327172e-05,7.060038374148375e-06,2.2308296457155916e-05,5.890861088781069e-05,7.099124367304974e-06,1.0196756749127468e-07,1.0196756749127468e-07,3.2433599453897334e-07,3.2433599453897334e-07,4.26303562030248e-07,4.26303562030248e-07,0.007289444988131015,1.5482467554553723,1.0,0.43712316521321565,1.0017435626628624,1.0,0.0,0.0,input_tied,0.2753323796953924,0.0,0.11517223325097901,0.5937428199115691,1.2483365525099918e-28,1.5836853935035984,1.5837337411167192,4.834761312078051e-05,4.834761312078051e-05,0.21087702366607386,0.21098804765466006
9.600000000000001,2.1,1.0975147144544976e-05,4.3579838283542114e-05,3.956029593335701e-06,1.0994100859605573e-05,4.365509921866531e-05,3.96286152521742e-06,1.1054945041540823e-05,4.389669776621194e-05,3.984793020180363e-06,7.526093512319438e-08,7.526093512319438e-08,2.415985475466296e-07,2.415985475466296e-07,3.16859482669824e-07,3.16859482669824e-07,0.007270781516173861,1.5480056645464257,1.0,0.4369674344285572,1.00172696682887,1.0,0.0,0.0,input_tied,0.27271167063601426,0.0,0.11485685465158924,0.5829075328199743,1.5205403539455173e-28,0.9999999982884127,0.9999999982876214,-7.912559496503491e-13,7.912559496503491e-13,1.0000000085579361,1.000000008561892
10.4,2.1,7.422066645988048e-06,2.9967976016569573e-05,2.109988155945185e-06,7.436002237318614e-06,3.0024243561269788e-05,2.1139498466785174e-06,7.475618927625931e-06,3.0184203324717517e-05,2.1252123091856913e-06,5.626754470021482e-08,5.626754470021482e-08,1.599597634477289e-07,1.599597634477289e-07,2.1622730814794373e-07,2.1622730814794373e-07,0.007215279004107239,1.5229622419775668,1.0,0.42065728173279693,1.0018775890860665,1.0,0.0,0.0,input_tied,0.2964969841164571,0.0,0.12533762689732517,0.5770575921272406,1.8818072697539107e-28,0.495254620163338,0.49520107300548566,-5.354715785232944e-05,5.354715785232944e-05,5.116026264598659,5.116631864315151
11.2,2.1,4.558508211110759e-06,1.6473387288594874e-05,7.956066236967553e-07,4.567736696832814e-06,1.6506736887267562e-05,7.972172919301178e-07,4.591170878076151e-06,1.659142256195203e-05,8.013073119442675e-07,3.334959867268804e-08,3.334959867268804e-08,8.46856746844684e-08,8.46856746844684e-08,1.1803527335715644e-07,1.1803527335715644e-07,0.007165209637175019,1.499419168235305,1.0,0.40507781194222237,1.0020244530216185,1.0,0.0,0.0,input_tied,0.31968880723143805,0.0,0.1353663151635882,0.5744380071959989,2.5787377252411833e-28,0.15211174094462554,0.15207994454137216,-3.179640325337574e-05,3.179640325337574e-05,9.732656919301581,9.733152905099153
12.0,2.1,2.510495772666222e-06,8.248755203639351e-06,4.859947408958648e-07,2.5159228668824466e-06,8.266587048705229e-06,4.870453458306145e-07,2.528371341809983e-06,8.307489098194376e-06,4.894551859159182e-07,1.7831845065877422e-08,1.7831845065877422e-08,4.090204948914715e-08,4.090204948914715e-08,5.8733894555024573e-08,5.8733894555024573e-08,0.0071203342934836,1.4779687035454037,1.0,0.3906686474340275,1.0021617619417302,1.0,0.0,0.0,input_tied,0.3413717627873192,0.0,0.14464355018632655,0.5733931785992615,3.655827954694409e-28,0.038205314307823125,0.03819391403633255,-1.1400271490574765e-05,1.1400271490574765e-05,11.59052978737159,11.59072384854802
12.8,2.1,6.987848556003396e-07,2.0494060116657032e-06,2.0546690291538923e-07,6.998094574326684e-07,2.0524109782701017e-06,2.0576817127219867e-07,7.03853163302533e-07,2.0642704154812712e-06,2.0695716057945557e-07,3.004966604398482e-09,3.004966604398482e-09,1.185943721116952e-08,1.185943721116952e-08,1.4864403815568002e-08,1.4864403815568002e-08,0.007253030258990314,1.5781226258875372,1.0,0.4562359290923607,1.0014662622180737,1.0,0.0,0.0,input_tied,0.23154284865041277,0.0,0.10063809092004923,0.5338317498779482,6.464044336221679e-28,0.002360305234048747,0.002360222058011307,-8.317603743994775e-08,8.317603743994775e-08,12.208729477409127,12.208730930535818
13.600000000000001,2.1,2.2326099502214796e-07,5.624660370309668e-07,8.964903371074366e-08,2.235788395066726e-07,5.632667892070689e-07,8.977666214357894e-08,2.2488040231191458e-07,5.665458432708508e-07,9.029929641649443e-08,8.007521761021024e-10,8.007521761021024e-10,3.2790540637818686e-09,3.2790540637818686e-09,4.079806239883971e-09,4.079806239883971e-09,0.007253426822745842,1.5835144599575646,1.0,0.4596467185984162,1.0014236453819132,1.0,0.0,0.0,input_tied,0.2248130676307321,0.0,0.09808481357269962,0.5280181810143497,1.1763487356956012e-27,0.00017781514770952173,0.0001778090206695352,-6.127039986535219e-09,6.127039986535219e-09,12.246888432529,12.246888539738583
14.4,2.1,1.113204398240118e-07,2.79399669298023e-07,4.078264730589272e-08,1.1149449111045153e-07,2.7983651514546156e-07,4.0846411626616124e-08,1.1212325872877477e-07,2.8141463920697755e-07,4.107676292648506e-08,4.3684584743858283e-10,4.3684584743858283e-10,1.5781240615159952e-09,1.5781240615159952e-09,2.014969908954578e-09,2.014969908954578e-09,0.007211783442754547,1.5609164733916419,1.0,0.4452731317042589,1.0015635159788705,1.0,0.0,0.0,input_tied,0.24690054697974154,0.0,0.10740742647090296,0.5324858816699405,1.7069015343996204e-27,4.387729340484206e-05,4.3872153612230584e-05,-5.139792611477841e-09,5.139792611477841e-09,12.249232159398018,12.249232249341569
15.200000000000001,2.1,4.970030974615742e-08,1.4683687333572945e-07,1.1752941512646323e-08,4.9784612512131685e-08,1.4708594129189388e-07,1.1772877112301744e-08,5.0056837221040435e-08,1.4789021445045262e-07,1.1837251783172866e-08,2.4906795616442994e-10,2.4906795616442994e-10,8.042731585587405e-10,8.042731585587405e-10,1.0533411147231705e-09,1.0533411147231705e-09,0.00717354633610864,1.5399344597018174,1.0,0.4317398568847099,1.0016962221443857,1.0,0.0,0.0,input_tied,0.26785666466326497,0.0,0.11619019864791928,0.5368861733046687,2.4989079320773075e-27,1.211884303234542e-05,1.2116503402660095e-05,-2.3396296853246538e-09,2.3396296853246538e-09,12.249787921164845,12.249787962108012
16.0,2.1,2.0159870295921887e-08,5.599406321818235e-08,5.226702916547713e-09,2.0196646204098225e-08,5.609620834595871e-08,5.236237538730418e-09,2.0303770578760607e-08,5.639374642130372e-08,5.264010896061714e-09,1.0214512777636245e-10,1.0214512777636245e-10,2.9753807534500876e-10,2.9753807534500876e-10,3.996832031213712e-10,3.996832031213712e-10,0.007137956778810551,1.520124718640573,1.0,0.4187923832293445,1.0018242135309658,1.0,0.0,0.0,input_tied,0.28806825429994853,0.0,0.12459912372608362,0.5413070102228134,4.066104307630001e-27,1.762280121831144e-06,1.7618153938129238e-06,-4.647280182200928e-10,4.647280182200928e-10,12.249969160117274,12.249969168250004
16.8,2.1,9.294449758160438e-09,2.5099727876293256e-08,2.2409390659192237e-09,9.312568179623372e-09,2.5148656802706395e-08,2.2453075094016827e-09,9.360496221304091e-09,2.527808682117236e-08,2.256863203794568e-09,4.8928926413139047e-11,4.8928926413139047e-11,1.2943001846596556e-10,1.2943001846596556e-10,1.783589448791046e-10,1.783589448791046e-10,0.007106011099330085,1.5013415333766713,1.0,0.40635906399495303,1.0019493807524245,1.0,0.0,0.0,input_tied,0.30783386965642573,0.0,0.13268580337603814,0.5466807642513158,6.1647499034724284e-27,3.541025074655474e-07,3.5398667020538124e-07,-1.1583726016613352e-10,1.1583726016613352e-10,12.2499938032069,12.249993805234052
17.6,2.1,3.484410888318046e-09,7.139226485334225e-09,8.222198924376402e-10,3.4898140165340806e-09,7.1502969811224496e-09,8.234948739604878e-10,3.509463486275521e-09,7.190556875634655e-09,8.281315788196735e-10,1.1070495788224828e-11,1.1070495788224828e-11,4.025989451220505e-11,4.025989451220505e-11,5.1330390300429877e-11,5.1330390300429877e-11,0.0071899092157778535,1.559816346703205,1.0,0.44456808785883606,1.0015506575972855,1.0,0.0,0.0,input_tied,0.24487003274800853,0.0,0.10702376707827714,0.5253311760113416,1.0452097502090277e-26,5.6207073804593766e-08,5.539856383971502e-08,-8.085099648787451e-10,8.085099648787451e-10,12.249999016376224,12.24999903052515
18.4,2.1,1.7949803590232282e-09,1.9969300124387082e-09,3.8732741948561017e-10,1.7974123397528661e-09,1.9996356104605882e-09,3.878522011722254e-10,1.807964013078091e-09,2.0113744314669957e-09,3.901290797908519e-10,2.7055980218800013e-12,2.7055980218800013e-12,1.1738821006407406e-11,1.1738821006407406e-11,1.4444419028287408e-11,1.4444419028287408e-11,0.007233312604004318,1.5896510516836373,1.0,0.463514527796402,1.0013548787413815,1.0,0.0,0.0,input_tied,0.2139538750220957,0.0,0.09421603304878111,0.5139240325215798,1.686044268142297e-26,5.6207073804593766e-08,5.539856383971502e-08,-8.085099648787451e-10,8.085099648787451e-10,12.249999016376224,12.24999903052515
19.200000000000003,2.1,0.0,0.0,0.0,1e-30,1e-30,1e-30,1.0057161736535278e-30,1.0057161736535278e-30,1.0057161736535278e-30,1e-30,1e-30,5.716173653527695e-33,5.716173653527695e-33,1.0057161736535278e-30,1.0057161736535278e-30,1.0057161736535276,1.5704009692603986,1.0,0.4513309811859851,1.000970529894399,1.0,0.0,0.0,input_tied,0.15325993787437275,0.0,0.10217329191624851,0.0,0.0,5.6207073804593766e-08,5.539856383971502e-08,-8.085099648787451e-10,8.085099648787451e-10,12.249999016376224,12.24999903052515
20.0,2.1,0.0,0.0,0.0,1e-30,1e-30,1e-30,1.0055641423643005e-30,1.0055641423643005e-30,1.0055641423643005e-30,1e-30,1e-30,5.564142364300414e-33,5.564142364300414e-33,1.0055641423643005e-30,1.0055641423643005e-30,1.0055641423643005,1.5516627094173834,1.0,0.43932707173589636,1.0010450732710223,1.0,0.0,0.0,input_tied,0.16503135608229763,0.0,0.11002090405486509,0.0,0.0,5.6207073804593766e-08,5.539856383971502e-08,-8.085099648787451e-10,8.085099648787451e-10,12.249999016376224,12.24999903052515
4.0,2.29,0.00018027394449992678,0.0015165215975457566,0.000325909424527153,0.00018050347761859665,0.0015184525029396584,0.0003263243874704842,0.00018106946258523863,0.0015232137479891288,0.00032734760707818175,1.930905393901809e-06,1.930905393901809e-06,4.7612450494703435e-06,4.7612450494703435e-06,6.692150443372152e-06,6.692150443372152e-06,0.004412828972697988,1.280917082806759,1.0,0.24757629233153006,1.0012732462215024,1.0,0.0,0.0,input_tied,0.20106298418256235,0.0,0.07718149434815945,0.7367115082067348,2.8765600733876015e-29,2.8241663412123734,2.8241311789374994,-3.516227487398993e-05,3.516227487398993e-05,12.676561046513992,12.675935092636951
4.8,2.29,0.00019709953982198963,0.0015692707255705526,0.00015136618352501425,0.00019733234880119823,0.0015711243083645662,0.00015154497342328082,0.0001981013441809911,0.001577246909861748,0.00015213553743927366,1.85358279401358e-06,1.85358279401358e-06,6.122601497181822e-06,6.122601497181822e-06,7.976184291195402e-06,7.976184291195402e-06,0.005082733120058322,1.3602809677586774,1.0,0.30769127235057525,1.0011811746461654,1.0,0.0,0.0,input_tied,0.1865236237800044,0.0,0.07111786048012514,0.7484930182166264,2.9935056803461914e-29,13.874866006142947,13.874259815416924,-0.0006061907260228594,0.0006061907260228594,972.6392616951304,972.544737140784
5.6,2.29,0.0001572263181977874,0.001302136037711578,5.9510664731866635e-05,0.00015751458783038797,0.0013045234642028278,5.961977571058007e-05,0.00015822889387708788,0.001310439290866104,5.9890142835806704e-05,2.3874264912498305e-06,2.3874264912498305e-06,5.915826663276244e-06,5.915826663276244e-06,8.303253154526074e-06,8.303253154526074e-06,0.006376640315645145,1.4305484675437201,1.0,0.35805791447458585,1.0018334693320106,1.0,0.0,0.0,input_tied,0.2895298718155707,0.0,0.1092096338293002,0.767425709396783,3.368032335380165e-29,58.0113906101614,58.005113725890176,-0.006276884271223082,0.006276884271223082,20030.30966760169,20025.868124505996
6.4,2.29,0.00010403630242541177,0.0006722711687264393,2.722592837681373e-05,0.000104259469686534,0.000673713251076143,2.7284330451144653e-05,0.00010477496104753047,0.0006770442996778936,2.7419232697246854e-05,1.4420823497037069e-06,1.4420823497037069e-06,3.3310486017506342e-06,3.3310486017506342e-06,4.773130951454341e-06,4.773130951454341e-06,0.00710000840954794,1.4775528482269376,1.0,0.3903872383399466,1.0021450902802147,1.0,0.0,0.0,input_tied,0.3387390795254457,0.0,0.1316552460415761,0.7152833617100905,4.4904440379221904e-29,59.89541429645133,59.89062484276456,-0.004789453686768752,0.004789453686768752,21385.709335709264,21382.207465606414
7.2,2.29,7.600618152035305e-05,0.0001209653785345788,1.7567928710557628e-05,7.617176950016328e-05,0.00012122891516091435,1.76062024110178e-05,7.655786419318184e-05,0.00012184339269099096,1.769544362675574e-05,2.6353662633555187e-07,2.6353662633555187e-07,6.144775300766161e-07,6.144775300766161e-07,8.780141564121679e-07,8.780141564121679e-07,0.007258392170129749,1.4921401916441892,1.0,0.40021145959540433,1.0021786120088916,1.0,0.0,0.0,input_tied,0.3440326187395423,0.0,0.14069871838435052,0.6301149135783836,8.300513341914979e-29,3.5328033372915923,3.532766007018692,-3.7330272900426564e-05,3.7330272900426564e-05,28.430312972263458,28.429317754340342
8.0,2.29,6.313932448353328e-05,8.59108209023412e-05,1.349296893076647e-05,6.328577974626933e-05,8.611009594923219e-05,1.3524266641440586e-05,6.359229837734202e-05,8.652716197635105e-05,1.358977013549275e-05,1.992750468909866e-07,1.992750468909866e-07,4.1706602711886445e-07,4.1706602711886445e-07,6.16341074009851e-07,6.16341074009851e-07,0.007174196073745756,1.4658274448318904,1.0,0.38241989178356733,1.0023195570103738,1.0,0.0,0.0,input_tied,0.36628976125059304,0.0,0.1520636193182569,0.6058619100469087,9.73259777758141e-29,2.326336276670088,2.3260860870542777,-0.00025018961581046995,0.00025018961581046995,5.363118109218763,5.360221503971895
8.8,2.29,2.2146858212243307e-05,5.8482307259025914e-05,7.047750161940811e-06,2.218547264730932e-05,5.858427482636763e-05,7.060038355976356e-06,2.230829651682876e-05,5.8908610820536206e-05,7.09912434903235e-06,1.0196756734171577e-07,1.0196756734171577e-07,3.24335994168576e-07,3.24335994168576e-07,4.2630356151029177e-07,4.2630356151029177e-07,0.00728944498756071,1.5482467554553723,1.0,0.43712316521321565,1.0017435626622953,1.0,0.0,0.0,input_tied,0.27533237960582413,0.0,0.11517223325097901,0.5937428193931094,1.248336552549764e-28,1.5836853913226883,1.5837337389343091,4.83476116208692e-05,4.83476116208692e-05,0.2108770186585572,0.2109880426423806
9.600000000000001,2.29,1.0975147148612469e-05,4.357983826979479e-05,3.956029592150136e-06,1.0994100863678599e-05,4.3655099204888324e-05,3.96286152402927e-06,1.105494504563639e-05,4.389669775235871e-05,3.9847930189856374e-06,7.526093509353468e-08,7.526093509353468e-08,2.415985474703831e-07,2.415985474703831e-07,3.1685948256391776e-07,3.1685948256391776e-07,0.007270781516037274,1.5480056645464257,1.0,0.4369674344285572,1.001726966828734,1.0,0.0,0.0,input_tied,0.2727116706145561,0.0,0.11485685465158924,0.5829075326954241,1.5205403539759331e-28,0.9999999976954087,0.9999999976943638,-1.0449419107771973e-12,1.0449419107771973e-12,1.000000011522956,1.0000000115281806
10.4,2.29,7.422066674332488e-06,2.9967976025562966e-05,2.109988126980817e-06,7.436002265731032e-06,3.002424357033966e-05,2.1139498176639624e-06,7.475618956189722e-06,3.018420333383571e-05,2.1252122800165558e-06,5.626754477669512e-08,5.626754477669512e-08,1.5995976349605044e-07,1.5995976349605044e-07,2.1622730827274556e-07,2.1622730827274556e-07,0.00721527900610644,1.5229622419775668,1.0,0.42065728173279693,1.0018775890880551,1.0,0.0,0.0,input_tied,0.2964969844305157,0.0,0.12533762689732517,0.5770575937977077,1.8818072701279693e-28,0.4952546207157742,0.4952010735597632,-5.3547156010969044e-05,5.3547156010969044e-05,5.116026258350984,5.116631858046279
11.2,2.29,4.5585081660190835e-06,1.6473387671554577e-05,7.956065792357084e-07,4.5677366517450895e-06,1.650673727134671e-05,7.972172473956835e-07,4.591170832757109e-06,1.6591422948001645e-05,8.013072671813549e-07,3.334959979213356e-08,3.334959979213356e-08,8.46856766549347e-08,8.46856766549347e-08,1.1803527644706826e-07,1.1803527644706826e-07,0.007165209658174055,1.499419168235305,1.0,0.40507781194222237,1.0020244530425104,1.0,0.0,0.0,input_tied,0.31968881053055076,0.0,0.1353663151635882,0.574438023443826,2.578737721754412e-28,0.1521117480628422,0.15207995166441546,-3.179639842673665e-05,3.179639842673665e-05,9.732656808267343,9.733152793986797
12.0,2.29,2.510495990417262e-06,8.24875376551266e-06,4.859948941395019e-07,2.5159230847590053e-06,8.2665856063354e-06,4.870454993387009e-07,2.528371560764568e-06,8.30748764868788e-06,4.894553401835436e-07,1.7831840822740412e-08,1.7831840822740412e-08,4.0902042352479524e-08,4.0902042352479524e-08,5.8733883175219936e-08,5.8733883175219936e-08,0.007120334155297656,1.4779687035454037,1.0,0.3906686474340275,1.0021617618042247,1.0,0.0,0.0,input_tied,0.3413717410733327,0.0,0.14464355018632655,0.5733930785188157,3.6558279871948243e-28,0.0382053009617196,0.038193900683748304,-1.1400277971293504e-05,1.1400277971293504e-05,11.590530014554753,11.590724075843399
12.8,2.29,6.987843054667026e-07,2.049407164373645e-06,2.0546712359160915e-07,6.998089065004594e-07,2.052412132691878e-06,2.0576839227436015e-07,7.038526091868749e-07,2.064271576573638e-06,2.0695738285863285e-07,3.0049683182332785e-09,3.0049683182332785e-09,1.1859443881759809e-08,1.1859443881759809e-08,1.4864412199993087e-08,1.4864412199993087e-08,0.007253030270603187,1.5781226258875372,1.0,0.4562359290923607,1.0014662622296198,1.0,0.0,0.0,input_tied,0.23154285047369613,0.0,0.10063809092004923,0.533831761956101,6.464043951341822e-28,0.0023603078882808537,0.002360224712204326,-8.317607652760448e-08,8.317607652760448e-08,12.20872943103838,12.208730884165748
13.600000000000001,2.29,2.232615842182344e-07,5.624665966500286e-07,8.964824685951624e-08,2.2357942987719522e-07,5.632673504683878e-07,8.977587430692293e-08,2.2488099611927547e-07,5.66546407799549e-07,9.02985039934523e-08,8.007538183592267e-10,8.007538183592267e-10,3.27905733116117e-09,3.27905733116117e-09,4.079811149520397e-09,4.079811149520397e-09,0.007253428334800989,1.5835144599575646,1.0,0.4596467185984162,1.0014236468852167,1.0,0.0,0.0,input_tied,0.22481330502291974,0.0,0.09808481357269962,0.5280197945307815,1.1763491354089637e-27,0.00017781550164771938,0.00017780937512935785,-6.126518361528575e-09,6.126518361528575e-09,12.246888426335868,12.246888533536318
14.4,2.29,1.1131786841462659e-07,2.7939705681149466e-07,4.0786100514704094e-08,1.1149191394574245e-07,2.7983389421987766e-07,4.0849869598925026e-08,1.1212066703027394e-07,2.814120035008146e-07,4.108024039985622e-08,4.3683740838299607e-10,4.3683740838299607e-10,1.578109280936967e-09,1.578109280936967e-09,2.014946689319963e-09,2.014946689319963e-09,0.007211767769906824,1.5609164733916419,1.0,0.4452731317042589,1.0015635003939134,1.0,0.0,0.0,input_tied,0.24689808590197593,0.0,0.10740742647090296,0.5324706060175548,1.7068965601937106e-27,4.3876472818902545e-05,4.3871331757099644e-05,-5.14106180290162e-09,5.14106180290162e-09,12.249232173757822,12.249232263723583
15.200000000000001,2.29,4.967571039074503e-08,1.468720582307213e-07,1.1762280000545826e-08,4.975996794756754e-08,1.4712117556985291e-07,1.1782230615599194e-08,5.003205789878559e-08,1.4792564139117585e-07,1.1846656431886218e-08,2.4911733913160243e-10,2.4911733913160243e-10,8.044658213229342e-10,8.044658213229342e-10,1.0535831604545366e-09,1.0535831604545366e-09,0.007173475834317395,1.5399344597018174,1.0,0.4317398568847099,1.0016961520260053,1.0,0.0,0.0,input_tied,0.26784559201244423,0.0,0.11619019864791928,0.5368226415498417,2.498812114529351e-27,1.2124651525205085e-05,1.2122309077036863e-05,-2.3424481682222183e-09,2.3424481682222183e-09,12.249787819517099,12.24978786050959
16.0,2.29,2.011529603474338e-08,5.610123846147463e-08,5.233258414591782e-09,2.015199615794567e-08,5.6203594517273215e-08,5.242806433583559e-09,2.025888370574955e-08,5.6501702176119024e-08,5.2706146327765306e-09,1.023560557985841e-10,1.023560557985841e-10,2.981076588458091e-10,2.981076588458091e-10,4.004637146443932e-10,4.004637146443932e-10,0.007138233052010006,1.520124718640573,1.0,0.4187923832293445,1.001824488346525,1.0,0.0,0.0,input_tied,0.28811165143360673,0.0,0.12459912372608362,0.5415392062573733,4.065316595002466e-27,1.7690327504325792e-06,1.768567211978839e-06,-4.655384537402675e-10,4.655384537402675e-10,12.249969041946422,12.249969050093336
16.8,2.29,9.393468799889236e-09,2.4786835692657357e-08,2.2555613727029972e-09,9.411739251443598e-09,2.483504649639303e-08,2.259948476728759e-09,9.460177686731327e-09,2.4962862488787713e-08,2.2715795222899536e-09,4.821080373567258e-11,4.821080373567258e-11,1.2781599239468353e-10,1.2781599239468353e-10,1.7602679613035611e-10,1.7602679613035611e-10,0.00710162435871154,1.5013415333766713,1.0,0.40635906399495303,1.0019450164729964,1.0,0.0,0.0,input_tied,0.3071446902732182,0.0,0.13268580337603814,0.5432180507548596,6.170586853108524e-27,3.4532908022367857e-07,3.4521310563741537e-07,-1.1597458626319787e-10,1.1597458626319787e-10,12.24999395674184,12.249993958771395
17.6,2.29,3.4844108883180457e-09,7.139226485334225e-09,8.222198924376402e-10,3.4898140165340802e-09,7.1502969811224496e-09,8.234948739604878e-10,3.5094634862755205e-09,7.190556875634655e-09,8.281315788196735e-10,1.1070495788224828e-11,1.1070495788224828e-11,4.025989451220505e-11,4.025989451220505e-11,5.1330390300429877e-11,5.1330390300429877e-11,0.0071899092157778535,1.559816346703205,1.0,0.44456808785883606,1.0015506575972855,1.0,0.0,0.0,input_tied,0.24487003274800853,0.0,0.10702376707827714,0.5253311760113416,1.0452097502090277e-26,5.6207073804593766e-08,5.539856383971502e-08,-8.085099648787451e-10,8.085099648787451e-10,12.249999016376224,12.24999903052515
18.4,2.29,1.7949803590232282e-09,1.9969300124387082e-09,3.8732741948561017e-10,1.7974123397528661e-09,1.9996356104605882e-09,3.878522011722254e-10,1.807964013078091e-09,2.0113744314669957e-09,3.901290797908519e-10,2.7055980218800013e-12,2.7055980218800013e-12,1.1738821006407406e-11,1.1738821006407406e-11,1.4444419028287408e-11,1.4444419028287408e-11,0.007233312604004318,1.5896510516836373,1.0,0.463514527796402,1.0013548787413815,1.0,0.0,0.0,input_tied,0.2139538750220957,0.0,0.09421603304878111,0.5139240325215798,1.686044268142297e-26,5.6207073804593766e-08,5.539856383971502e-08,-8.085099648787451e-10,8.085099648787451e-10,12.249999016376224,12.24999903052515
19.200000000000003,2.29,0.0,0.0,0.0,1e-30,1e-30,1e-30,1.0057161736535278e-30,1.0057161736535278e-30,1.0057161736535278e-30,1e-30,1e-30,5.716173653527695e-33,5.716173653527695e-33,1.0057161736535278e-30,1.0057161736535278e-30,1.0057161736535276,1.5704009692603986,1.0,0.4513309811859851,1.000970529894399,1.0,0.0,0.0,input_tied,0.15325993787437275,0.0,0.10217329191624851,0.0,0.0,5.6207073804593766e-08,5.539856383971502e-08,-8.085099648787451e-10,8.085099648787451e-10,12.249999016376224,12.24999903052515
20.0,2.29,0.0,0.0,0.0,1e-30,1e-30,1e-30,1.0055641423643005e-30,1.0055641423643005e-30,1.0055641423643005e-30,1e-30,1e-30,5.564142364300414e-33,5.564142364300414e-33,1.0055641423643005e-30,1.0055641423643005e-30,1.0055641423643005,1.5516627094173834,1.0,0.43932707173589636,1.0010450732710223,1.0,0.0,0.0,input_tied,0.16503135608229763,0.0,0.11002090405486509,0.0,0.0,5.6207073804593766e-08,5.539856383971502e-08,-8.085099648787451e-10,8.085099648787451e-10,12.249999016376224,12.24999903052515
4.0,2.4800000000000004,0.00018188022143403752,0.0015198330466008035,0.0003243748766724725,0.00018211189014994994,0.001521768923781572,0.0003247880470027067,0.0001826829184394404,0.0015265405677683057,0.00032580644927602447,1.9358771807685606e-06,1.9358771807685606e-06,4.771643986733716e-06,4.771643986733716e-06,6.707521167502277e-06,6.707521167502277e-06,0.004413327623388664,1.280917082806759,1.0,0.24757629233153006,1.0012737433135162,1.0,0.0,0.0,input_tied,0.20114148180700464,0.0,0.07718149434815945,0.7373895431433497,2.876436969381539e-29,2.863330704368112,2.863294723741936,-3.5980626176268515e-05,3.5980626176268515e-05,13.383354689665474,13.38269655331868
4.8,2.4800000000000004,0.00019723472712080903,0.0015693552359671088,0.00015130647232297316,0.0001974676921221443,0.0015712088894792443,0.00015148518888592996,0.00019823721492883458,0.001577331820585265,0.0001520755199242418,1.8536535121354766e-06,1.8536535121354766e-06,6.122931106020742e-06,6.122931106020742e-06,7.976584618156219e-06,7.976584618156219e-06,0.005082714502966361,1.3602809677586774,1.0,0.30769127235057525,1.001181156101342,1.0,0.0,0.0,input_tied,0.18652069529885879,0.0,0.07111786048012514,0.7484655663114287,2.993467745694783e-29,13.88716695832063,13.886559752503683,-0.0006072058169479533,0.0006072058169479533,974.5583665310905,974.46359033028
5.6,2.4800000000000004,0.00015723407141749095,0.001302131195698094,5.95087694011172e-05,0.000157522354009423,0.0013045186029104578,5.9617876429453895e-05,0.0001582366952746301,0.0013104344075284711,5.988823494171323e-05,2.3874072123638342e-06,2.3874072123638342e-06,5.915804618013276e-06,5.915804618013276e-06,8.30321183037711e-06,8.30321183037711e-06,0.006376632291591495,1.4305484675437201,1.0,0.35805791447458585,1.0018334613441804,1.0,0.0,0.0,input_tied,0.28952861042801104,0.0,0.1092096338293002,0.7674180092973474,3.368030663815032e-29,58.01438788134137,58.008110245388046,-0.006277635953324534,0.006277635953324534,20032.43071986858,20027.988409712547
6.4,2.4800000000000004,0.0001040366924901613,0.000672270658810036,2.7225855101631526e-05,0.00010425986047476721,0.0006737127393341791,2.7284256989146145e-05,0.00010477535376794267,0.0006770437854057177,2.7419158872029295e-05,1.4420805241430624e-06,1.4420805241430624e-06,3.3310460715385917e-06,3.3310460715385917e-06,4.773126595681654e-06,4.773126595681654e-06,0.00710000731569991,1.4775528482269376,1.0,0.3903872383399466,1.0021450891917485,1.0,0.0,0.0,input_tied,0.3387389076417563,0.0,0.1316552460415761,0.7152824913374339,4.490444038003538e-29,59.895566769515405,59.89077725349663,-0.004789516018774975,0.004789516018774975,21385.820823042715,21382.318898238493
7.2,2.4800000000000004,7.600620508195545e-05,0.0001209653670688274,1.7567924450041457e-05,7.61717931059593e-05,0.00012122890365882329,1.7606198139569758e-05,7.655788791862943e-05,0.00012184338113059883,1.7695439333656846e-05,2.6353658999588687e-07,2.6353658999588687e-07,6.144774717755416e-07,6.144774717755416e-07,8.780140617714285e-07,8.780140617714285e-07,0.007258392075740589,1.4921401916441892,1.0,0.40021145959540433,1.0021786119149785,1.0,0.0,0.0,input_tied,0.3440326039094072,0.0,0.14069871838435052,0.6301148433093944,8.300513183159487e-29,3.53280364425829,3.53276631368742,-3.733057087007552e-05,3.733057087007552e-05,28.430321156009022,28.429325929998917
8.0,2.4800000000000004,6.313932625028321e-05,8.59108199667477e-05,1.3492968614758651e-05,6.328578151660423e-05,8.611009501077036e-05,1.3524266324590116e-05,6.359230015625136e-05,8.652716103334388e-05,1.3589769817107646e-05,1.9927504402266199e-07,1.9927504402266199e-07,4.1706602257352303e-07,4.1706602257352303e-07,6.16341066596185e-07,6.16341066596185e-07,0.007174196065579907,1.4658274448318904,1.0,0.38241989178356733,1.0023195570022472,1.0,0.0,0.0,input_tied,0.36628975996729246,0.0,0.1520636193182569,0.605861904420752,9.732597763314594e-29,2.326336273832506,2.3260860841907043,-0.00025018964180167913,0.00025018964180167913,5.363118076361823,5.360221470822951
8.8,2.4800000000000004,2.2146858270532902e-05,5.848230718768981e-05,7.047750146085177e-06,2.2185472705686208e-05,5.858427475486928e-05,7.060038340088513e-06,2.2308296575528835e-05,5.890861074864203e-05,7.099124333056549e-06,1.0196756717947169e-07,1.0196756717947169e-07,3.2433599377274734e-07,3.2433599377274734e-07,4.2630356095221903e-07,4.2630356095221903e-07,0.0072894449869097076,1.5482467554553723,1.0,0.43712316521321565,1.0017435626616478,1.0,0.0,0.0,input_tied,0.27533237950358475,0.0,0.11517223325097901,0.5937428188013033,1.2483365525809008e-28,1.5836853887134927,1.5837337363233863,4.834760989358422e-05,4.834760989358422e-05,0.21087701266766848,0.210988036645948
9.600000000000001,2.4800000000000004,1.0975147142501783e-05,4.3579838309926065e-05,3.9560295877021215e-06,1.099410085756451e-05,4.365509924511729e-05,3.962861519576151e-06,1.1054945039488464e-05,4.389669779281032e-05,3.984793014507874e-06,7.526093519122807e-08,7.526093519122807e-08,2.41598547693024e-07,2.41598547693024e-07,3.1685948288425207e-07,3.1685948288425207e-07,0.00727078151669236,1.5480056645464257,1.0,0.4369674344285572,1.0017269668293856,1.0,0.0,0.0,input_tied,0.2727116707174324,0.0,0.11485685465158924,0.5829075332925521,1.520540353944639e-28,0.9999999996784092,0.9999999996785826,1.7330581414398694e-13,1.7330581414398694e-13,1.0000000016079533,1.0000000016070865
10.4,2.4800000000000004,7.422066686678523e-06,2.996797598611787e-05,2.1099881278010496e-06,7.436002278093881e-06,3.00242435307948e-05,2.113949818483925e-06,7.475618968618436e-06,3.0184203294080166e-05,2.125212280840887e-06,5.626754467692819e-08,5.626754467692819e-08,1.5995976328536625e-07,1.5995976328536625e-07,2.1622730796229443e-07,2.1622730796229443e-07,0.00721527900524406,1.5229622419775668,1.0,0.42065728173279693,1.0018775890871974,1.0,0.0,0.0,input_tied,0.2964969842950482,0.0,0.12533762689732517,0.5770575930771609,1.8818072703150271e-28,0.4952546194049395,0.495201072248239,-5.354715670047305e-05,5.354715670047305e-05,5.11602627317563,5.1166318728796005
11.2,2.4800000000000004,4.558508082537998e-06,1.6473387832136306e-05,7.956066050852777e-07,4.567736568096031e-06,1.650673743225725e-05,7.972172732977638e-07,4.591170748678899e-06,1.6591423109737717e-05,8.013072932163225e-07,3.334960012094497e-08,3.334960012094497e-08,8.468567748046656e-08,8.468567748046656e-08,1.1803527760141153e-07,1.1803527760141153e-07,0.00716520965840118,1.499419168235305,1.0,0.40507781194222237,1.0020244530427365,1.0,0.0,0.0,input_tied,0.31968881056626147,0.0,0.1353663151635882,0.5744380236196981,2.578737719268957e-28,0.15211175100148555,0.15207995460251852,-3.1796398967026684e-05,3.1796398967026684e-05,9.732656762428611,9.733152748155325
12.0,2.4800000000000004,2.51049571798009e-06,8.248755831060166e-06,4.859946604585267e-07,2.5159228122367737e-06,8.266587678003746e-06,4.870452652501076e-07,2.52837128689393e-06,8.307489730606584e-06,4.89455104936709e-07,1.783184694358006e-08,1.783184694358006e-08,4.090205260283857e-08,4.090205260283857e-08,5.873389954641863e-08,5.873389954641863e-08,0.007120334357002042,1.4779687035454037,1.0,0.3906686474340275,1.002161762004936,1.0,0.0,0.0,input_tied,0.34137177276836056,0.0,0.14464355018632655,0.573393224602195,3.6558279429173075e-28,0.03820532013257955,0.03819391986415989,-1.1400268419663184e-05,1.1400268419663184e-05,11.590529688220059,11.590723749343386
12.8,2.4800000000000004,6.987841025928219e-07,2.049408911684897e-06,2.0546668407898788e-07,6.998087037314888e-07,2.0524138837452447e-06,2.057679522356107e-07,7.038524052462453e-07,2.0642733377451082e-06,2.0695694027720946e-07,3.0049720603477594e-09,3.0049720603477594e-09,1.1859453999863555e-08,1.1859453999863555e-08,1.4864426060211314e-08,1.4864426060211314e-08,0.0072530308497539935,1.5781226258875372,1.0,0.4562359290923607,1.0014662628054434,1.0,0.0,0.0,input_tied,0.23154294140410903,0.0,0.10063809092004923,0.5338323643152548,6.4640438474176565e-28,0.0023603119148784086,0.0023602287413735986,-8.3173504810026e-08,8.3173504810026e-08,12.20872936069172,12.208730813774157
13.600000000000001,2.4800000000000004,2.2326194978907245e-07,5.624667345886857e-07,8.964752703803287e-08,2.235797962526782e-07,5.632674893194125e-07,8.97751535747847e-08,2.2488136462761103e-07,5.66546547458894e-07,9.029777906557646e-08,8.007547307267898e-10,8.007547307267898e-10,3.2790581394815352e-09,3.2790581394815352e-09,4.079812870208325e-09,4.079812870208325e-09,0.007253429615160734,1.5835144599575646,1.0,0.4596467185984162,1.001423648158166,1.0,0.0,0.0,input_tied,0.22481350603900055,0.0,0.09808481357269962,0.5280211608046792,1.1763494738739079e-27,0.00017781558896087508,0.00017780946289152754,-6.126069347547197e-09,6.126069347547197e-09,12.24688842480808,12.246888532000678
14.4,2.4800000000000004,1.1131775215698983e-07,2.794000179578865e-07,4.0785166673063826e-08,1.1149179821156109e-07,2.7983686176608814e-07,4.0848934555606646e-08,1.1212055064341542e-07,2.814149877823539e-07,4.1079300083407715e-08,4.368438082016272e-10,4.368438082016272e-10,1.5781260162657554e-09,1.5781260162657554e-09,2.0149698244673826e-09,2.0149698244673826e-09,0.007211774140870297,1.5609164733916419,1.0,0.4452731317042589,1.0015635067291495,1.0,0.0,0.0,input_tied,0.2468990863223648,0.0,0.10740742647090296,0.5324768155223147,1.7068971243440566e-27,4.3877402874174614e-05,4.3872262258404835e-05,-5.140615769778261e-09,5.140615769778261e-09,12.249232157482366,12.24923224744032
15.200000000000001,2.4800000000000004,4.967747595064845e-08,1.4687159898936166e-07,1.176045210847181e-08,4.976173779377506e-08,1.4712071936830546e-07,1.1780399928921596e-08,5.003383742259919e-08,1.479251826950959e-07,1.184481573492386e-08,2.4912037894380296e-10,2.4912037894380296e-10,8.044633267904434e-10,8.044633267904434e-10,1.0535837057342463e-09,1.0535837057342463e-09,0.0071735019771287465,1.5399344597018174,1.0,0.4317398568847099,1.0016961780266438,1.0,0.0,0.0,input_tied,0.2678496978687163,0.0,0.11619019864791928,0.5368461997978402,2.4988186859965714e-27,1.2124575704544754e-05,1.2122233900328287e-05,-2.3418042164673024e-09,2.3418042164673024e-09,12.249787820843952,12.24978786182517
16.0,2.4800000000000004,2.014453801101653e-08,5.599354655929196e-08,5.237878715422869e-09,2.0181278326862474e-08,5.6095669555848046e-08,5.247431742564129e-09,2.0288321189266722e-08,5.639320477341394e-08,5.275264474708124e-09,1.0212299655608251e-10,1.0212299655608251e-10,2.9753521756589283e-10,2.9753521756589283e-10,3.9965821412197534e-10,3.9965821412197534e-10,0.007137576357996442,1.520124718640573,1.0,0.4187923832293445,1.0018238351172835,1.0,0.0,0.0,input_tied,0.28800849760643843,0.0,0.12459912372608362,0.54098728248732,4.065868177220089e-27,1.7622476007587655e-06,1.7617815503792956e-06,-4.66050379469829e-10,4.66050379469829e-10,12.249969160686396,12.249969168842265
16.8,2.4800000000000004,9.337349222530798e-09,2.5043653789138157e-08,2.2359326924194416e-09,9.35554909989013e-09,2.5092467581653495e-08,2.2402908565853017e-09,9.403698347074883e-09,2.5221608416805395e-08,2.2518207322844987e-09,4.881379251533846e-11,4.881379251533846e-11,1.2914083515189965e-10,1.2914083515189965e-10,1.779546276672381e-10,1.779546276672381e-10,0.007105777342458709,1.5013415333766713,1.0,0.40635906399495303,1.0019491481924458,1.0,0.0,0.0,input_tied,0.3077971452566075,0.0,0.13268580337603814,0.5464962461447119,6.166773348968587e-27,3.5252210824165994e-07,3.5240662438367654e-07,-1.1548385798339232e-10,1.1548385798339232e-10,12.249993830863879,12.249993832884849
17.6,2.4800000000000004,3.484410888318046e-09,7.139226485334225e-09,8.222198924376402e-10,3.4898140165340806e-09,7.1502969811224496e-09,8.234948739604878e-10,3.509463486275521e-09,7.190556875634655e-09,8.281315788196735e-10,1.1070495788224828e-11,1.1070495788224828e-11,4.025989451220505e-11,4.025989451220505e-11,5.1330390300429877e-11,5.1330390300429877e-11,0.0071899092157778535,1.559816346703205,1.0,0.44456808785883606,1.0015506575972855,1.0,0.0,0.0,input_tied,0.24487003274800856,0.0,0.10702376707827714,0.5253311760113417,1.0452097502090277e-26,5.6207073804593766e-08,5.539856383971502e-08,-8.085099648787451e-10,8.085099648787451e-10,12.249999016376224,12.24999903052515
18.4,2.4800000000000004,1.7949803590232282e-09,1.9969300124387082e-09,3.8732741948561017e-10,1.7974123397528661e-09,1.9996356104605882e-09,3.878522011722254e-10,1.807964013078091e-09,2.0113744314669957e-09,3.901290797908519e-10,2.7055980218800013e-12,2.7055980218800013e-12,1.1738821006407406e-11,1.1738821006407406e-11,1.4444419028287408e-11,1.4444419028287408e-11,0.007233312604004318,1.5896510516836373,1.0,0.463514527796402,1.0013548787413815,1.0,0.0,0.0,input_tied,0.2139538750220957,0.0,0.09421603304878111,0.5139240325215798,1.686044268142297e-26,5.6207073804593766e-08,5.539856383971502e-08,-8.085099648787451e-10,8.085099648787451e-10,12.249999016376224,12.24999903052515
19.200000000000003,2.4800000000000004,0.0,0.0,0.0,1e-30,1e-30,1e-30,1.0057161736535278e-30,1.0057161736535278e-30,1.0057161736535278e-30,1e-30,1e-30,5.716173653527695e-33,5.716173653527695e-33,1.0057161736535278e-30,1.0057161736535278e-30,1.0057161736535276,1.5704009692603986,1.0,0.4513309811859851,1.000970529894399,1.0,0.0,0.0,input_tied,0.15325993787437275,0.0,0.10217329191624851,0.0,0.0,5.6207073804593766e-08,5.539856383971502e-08,-8.085099648787451e-10,8.085099648787451e-10,12.249999016376224,12.24999903052515
20.0,2.4800000000000004,0.0,0.0,0.0,1e-30,1e-30,1e-30,1.0055641423643005e-30,1.0055641423643005e-30,1.0055641423643005e-30,1e-30,1e-30,5.564142364300414e-33,5.564142364300414e-33,1.0055641423643005e-30,1.0055641423643005e-30,1.0055641423643005,1.5516627094173834,1.0,0.43932707173589636,1.0010450732710223,1.0,0.0,0.0,input_tied,0.16503135608229763,0.0,0.11002090405486509,0.0,0.0,5.6207073804593766e-08,5.539856383971502e-08,-8.085099648787451e-10,8.085099648787451e-10,12.249999016376224,12.24999903052515
4.0,2.6700000000000004,0.0001834888120595809,0.0015230826335008037,0.0003228518417737125,0.0001837226181471184,0.001525023383934239,0.0003232632277603136,0.00018429869701980968,0.0015298052325748955,0.000324276848825095,1.940750433435199e-06,1.940750433435199e-06,4.7818486406565885e-06,4.7818486406565885e-06,6.7225990740917875e-06,6.7225990740917875e-06,0.004413811126347033,1.280917082806759,1.0,0.24757629233153006,1.001274225305146,1.0,0.0,0.0,input_tied,0.20121759487439314,0.0,0.07718149434815945,0.7380469811128293,2.876311547830275e-29,2.9026971890451216,2.9026603761359686,-3.681290915302782e-05,3.681290915302782e-05,14.113117762275687,14.112426287556817
4.8,2.6700000000000004,0.00019736992451803879,0.0015694394316102679,0.00015124680189505335,0.0001976030455339895,0.0015712931553509214,0.00015142544516202105,0.00019837309580690102,0.0015774164148372935,0.0001520155433817001,1.853723740653573e-06,1.853723740653573e-06,6.123259486372082e-06,6.123259486372082e-06,7.976983227025655e-06,7.976983227025655e-06,0.005082695812504949,1.3602809677586774,1.0,0.30769127235057525,1.0011811374834336,1.0,0.0,0.0,input_tied,0.18651775527659983,0.0,0.07111786048012514,0.7484380062185624,2.9934298259132183e-29,13.899469934829549,13.898861712731241,-0.0006082220983074649,0.0006082220983074649,976.4796790731738,976.3846507123683
5.6,2.6700000000000004,0.00015724182456759554,0.001302126352564385,5.950687418721459e-05,0.00015753012011856553,0.0013045137404955375,5.9615977265403114e-05,0.00015824449660196288,0.001310429523063197,5.9886327165226086e-05,2.387387931152441e-06,2.387387931152441e-06,5.915782567659546e-06,5.915782567659546e-06,8.303170498811987e-06,8.303170498811987e-06,0.006376624267268585,1.4305484675437201,1.0,0.35805791447458585,1.0018334533560824,1.0,0.0,0.0,input_tied,0.2895273489981453,0.0,0.1092096338293002,0.7674103089396564,3.3680289924431367e-29,58.01738508976949,58.01110670207878,-0.006278387690713316,0.006278387690713316,20034.55184002033,20030.10876271343
6.4,2.6700000000000004,0.00010403708255399988,0.0006722701488916236,2.7225781826902705e-05,0.00010426025126208696,0.0006737122275902049,2.7284183527602232e-05,0.00010477574648743691,0.0006770432711315215,2.741908504726858e-05,1.4420786985812253e-06,1.4420786985812253e-06,3.331043541316683e-06,3.331043541316683e-06,4.773122239897908e-06,4.773122239897908e-06,0.00710000622185499,1.4775528482269376,1.0,0.3903872383399466,1.0021450881032852,1.0,0.0,0.0,input_tied,0.3387387357585217,0.0,0.1316552460415761,0.7152816209670805,4.4904440380872964e-29,59.89571924138318,59.890929663032104,-0.004789578351079626,0.004789578351079626,21385.93230979204,21382.430330286054
7.2,2.6700000000000004,7.600622864338473e-05,0.0001209653556031762,1.756792018956085e-05,7.61718167115819e-05,0.00012122889215683278,1.760619386815738e-05,7.655791164390273e-05,0.00012184336957030775,1.7695435040593802e-05,2.635365536565878e-07,2.635365536565878e-07,6.144774134749686e-07,6.144774134749686e-07,8.780139671315563e-07,8.780139671315563e-07,0.007258391981352571,1.4921401916441892,1.0,0.40021145959540433,1.0021786118210665,1.0,0.0,0.0,input_tied,0.3440325890793957,0.0,0.14069871838435052,0.6301147730409906,8.300513024405297e-29,3.532803951222684,3.5327666203538453,-3.7330868838836295e-05,3.7330868838836295e-05,28.430329339694335,28.42933410559727
8.0,2.6700000000000004,6.313932801633746e-05,8.591081903113288e-05,1.3492968299093392e-05,6.328578328624166e-05,8.611009407228695e-05,1.3524266008082965e-05,6.359230193445985e-05,8.652716009031501e-05,1.3589769499067523e-05,1.9927504115406633e-07,1.9927504115406633e-07,4.1706601802805963e-07,4.1706601802805963e-07,6.16341059182126e-07,6.16341059182126e-07,0.007174196057411262,1.4658274448318904,1.0,0.38241989178356733,1.002319556994118,1.0,0.0,0.0,input_tied,0.3662897586835782,0.0,0.1520636193182569,0.6058618987927822,9.732597749047201e-29,2.326336270941947,2.326086081274158,-0.0002501896677888915,0.0002501896677888915,5.363118042891453,5.360221437060792
8.8,2.6700000000000004,2.2146858335423456e-05,5.848230710570905e-05,7.047750129323704e-06,2.2185472770673052e-05,5.858427467270108e-05,7.060038323292453e-06,2.2308296640875462e-05,5.8908610666018924e-05,7.099124316167502e-06,1.0196756699203346e-07,1.0196756699203346e-07,3.243359933178432e-07,3.243359933178432e-07,4.263035603098767e-07,4.263035603098767e-07,0.007289444986144551,1.5482467554553723,1.0,0.43712316521321565,1.0017435626608868,1.0,0.0,0.0,input_tied,0.2753323793834081,0.0,0.11517223325097901,0.5937428181056691,1.2483365526119756e-28,1.583685385599573,1.5837337332074297,4.834760785676906e-05,4.834760785676906e-05,0.21087700551789895,0.2109880294896187
9.600000000000001,2.6700000000000004,1.0975147146615624e-05,4.3579838298163136e-05,3.956029587259143e-06,1.0994100861683773e-05,4.3655099233327374e-05,3.962861519131801e-06,1.1054945043630524e-05,4.389669778095515e-05,3.984793014061065e-06,7.526093516423821e-08,7.526093516423821e-08,2.4159854762777536e-07,2.4159854762777536e-07,3.1685948279201357e-07,3.1685948279201357e-07,0.007270781516538326,1.5480056645464257,1.0,0.4369674344285572,1.0017269668292323,1.0,0.0,0.0,input_tied,0.27271167069323443,0.0,0.11485685465158924,0.582907533152099,1.5205403539707882e-28,0.9999999991528034,0.9999999991526902,-1.1313172620930345e-13,1.1313172620930345e-13,1.0000000042359827,1.0000000042365484
10.4,2.6700000000000004,7.4220666266363025e-06,2.9967976141729828e-05,2.1099881418428763e-06,7.436002217954722e-06,3.0024243686762706e-05,2.1139498325566067e-06,7.475618908158873e-06,3.0184203450879022e-05,2.1252122949885433e-06,5.626754503287854e-08,5.626754503287854e-08,1.5995976411631573e-07,1.5995976411631573e-07,2.1622730914919427e-07,2.1622730914919427e-07,0.007215279007383549,1.5229622419775668,1.0,0.42065728173279693,1.0018775890893254,1.0,0.0,0.0,input_tied,0.29649698463109925,0.0,0.12533762689732517,0.577057594864605,1.881807269394664e-28,0.4952546244239773,0.49520107726881185,-5.354715516542319e-05,5.354715516542319e-05,5.116026216413737,5.11663181609699
11.2,2.6700000000000004,4.558508269691014e-06,1.6473387263908685e-05,7.956065931607407e-07,4.567736755553536e-06,1.6506736862610443e-05,7.972172613361023e-07,4.591170937098131e-06,1.6591422537168412e-05,8.013072811932932e-07,3.334959870175821e-08,3.334959870175821e-08,8.468567455796911e-08,8.468567455796911e-08,1.1803527325972732e-07,1.1803527325972732e-07,0.007165209641998107,1.499419168235305,1.0,0.40507781194222237,1.0020244530264169,1.0,0.0,0.0,input_tied,0.3196888079891757,0.0,0.1353663151635882,0.5744380109277872,2.578737726380723e-28,0.15211174052042012,0.15207994411870132,-3.179640171879772e-05,3.179640171879772e-05,9.732656925918592,9.733152911692397
12.0,2.6700000000000004,2.510495908428932e-06,8.248754552295914e-06,4.859947975769274e-07,2.515923002789953e-06,8.266586395465188e-06,4.870454026054239e-07,2.5283714783899425e-06,8.307488441722185e-06,4.894552429716424e-07,1.7831843169274092e-08,1.7831843169274092e-08,4.090204625699648e-08,4.090204625699648e-08,5.873388942627057e-08,5.873388942627057e-08,0.00712033423396298,1.4779687035454037,1.0,0.3906686474340275,1.0021617618825027,1.0,0.0,0.0,input_tied,0.34137175343449105,0.0,0.14464355018632655,0.5733931354917831,3.655827971630258e-28,0.03820530826525387,0.03819390799105915,-1.140027419471723e-05,1.140027419471723e-05,11.590529890230824,11.590723951454146
12.8,2.6700000000000004,6.987846283852094e-07,2.049405815783449e-06,2.0546716650296852e-07,6.998092297366028e-07,2.0524107816672257e-06,2.0576843520281443e-07,7.038529342907722e-07,2.0642702177423657e-06,2.0695742603514043e-07,3.004965883776732e-09,3.004965883776732e-09,1.1859436075139943e-08,1.1859436075139943e-08,1.4864401958916674e-08,1.4864401958916674e-08,0.007253030046288951,1.5781226258875372,1.0,0.4562359290923607,1.0014662620065944,1.0,0.0,0.0,input_tied,0.2315428152549299,0.0,0.10063809092004923,0.533831528653012,6.464044187052792e-28,0.0023603047817545657,0.0023602216047364706,-8.317701809517491e-08,8.317701809517491e-08,12.208729485310933,12.208730938454755
13.600000000000001,2.6700000000000004,2.232609622322112e-07,5.62464405988497e-07,8.964987572463278e-08,2.2357880619043427e-07,5.632651546342591e-07,8.977750516360692e-08,2.2488036880172597e-07,5.665441991823857e-07,9.030014434415818e-08,8.007486457620577e-10,8.007486457620577e-10,3.2790445481266006e-09,3.2790445481266006e-09,4.079793193888658e-09,4.079793193888658e-09,0.007253424661990245,1.5835144599575646,1.0,0.4596467185984162,1.0014236432336634,1.0,0.0,0.0,input_tied,0.22481272839272007,0.0,0.09808481357269962,0.5280158752682667,1.1763484652542217e-27,0.00017781411633678793,0.00017780798856950427,-6.127767283663991e-09,6.127767283663991e-09,12.246888450575726,12.246888557798037
14.4,2.6700000000000004,1.1131761379376522e-07,2.7940246074760616e-07,4.078435155091121e-08,1.1149166023688135e-07,2.7983930989334075e-07,4.084811838061872e-08,1.1212041189063437e-07,2.8141744971569795e-07,4.107847930564168e-08,4.3684914573458685e-10,4.3684914573458685e-10,1.5781398223572006e-09,1.5781398223572006e-09,2.0149889680917874e-09,2.0149889680917874e-09,0.00721177960530561,1.5609164733916419,1.0,0.4452731317042589,1.0015635121629411,1.0,0.0,0.0,input_tied,0.24689994439232116,0.0,0.10740742647090296,0.5324821414728227,1.7068976082370074e-27,4.3878170128867925e-05,4.387302989925227e-05,-5.140229615656887e-09,5.140229615656887e-09,12.24923214405583,12.249232234007028
15.200000000000001,2.6700000000000004,4.9679824267115945e-08,1.4687367107938247e-07,1.175908186933793e-08,4.976409120127425e-08,1.4712279824826877e-07,1.1779027627847819e-08,5.0036203698646295e-08,1.4792727294247708e-07,1.1843435930040342e-08,2.4912716888630135e-10,2.4912716888630135e-10,8.044746942083089e-10,8.044746942083089e-10,1.0536018630946102e-09,1.0536018630946102e-09,0.007173524399244832,1.5399344597018174,1.0,0.4317398568847099,1.0016962003268213,1.0,0.0,0.0,input_tied,0.26785321937159484,0.0,0.11619019864791928,0.5368664051904894,2.4988243223099502e-27,1.2124917819874882e-05,1.2122576489335493e-05,-2.3413305393886355e-09,2.3413305393886355e-09,12.249787814856985,12.249787855829915
16.0,2.6700000000000004,2.014448588713063e-08,5.600629786329342e-08,5.235305944933229e-09,2.018122900897802e-08,5.610845218175766e-08,5.24485503371717e-09,2.0288271609796882e-08,5.6406055199234157e-08,5.272674098823523e-09,1.0215431846423736e-10,1.0215431846423736e-10,2.976030174764962e-10,2.976030174764962e-10,3.997573359407336e-10,3.997573359407336e-10,0.007137721134800001,1.520124718640573,1.0,0.4187923832293445,1.0018239791302326,1.0,0.0,0.0,input_tied,0.28803123921980645,0.0,0.12459912372608362,0.541108961317197,4.065851895891567e-27,1.763050318746437e-06,1.7625845628229342e-06,-4.657559235028802e-10,4.657559235028802e-10,12.249969146638843,12.249969154789566
16.8,2.6700000000000004,9.324480311993152e-09,2.4949645705093543e-08,2.264056559517541e-09,9.34262477098164e-09,2.4998195094241924e-08,2.268462175703887e-09,9.390707501845364e-09,2.512685074682991e-08,2.2801370378483775e-09,4.854938914838093e-11,4.854938914838093e-11,1.2865565258798769e-10,1.2865565258798769e-10,1.7720504173636862e-10,1.7720504173636862e-10,0.007102507339420523,1.5013415333766713,1.0,0.40635906399495303,1.001945894932627,1.0,0.0,0.0,input_tied,0.30728341105781054,0.0,0.13268580337603814,0.5439150395864337,6.1665410325744335e-27,3.498805026322921e-07,3.497636128186922e-07,-1.1688981359994274e-10,1.1688981359994274e-10,12.249993877091967,12.249993879137538
17.6,2.6700000000000004,3.484410888318046e-09,7.139226485334223e-09,8.222198924376402e-10,3.4898140165340806e-09,7.150296981122448e-09,8.234948739604878e-10,3.509463486275521e-09,7.190556875634653e-09,8.281315788196735e-10,1.1070495788224828e-11,1.1070495788224828e-11,4.025989451220505e-11,4.025989451220505e-11,5.1330390300429877e-11,5.1330390300429877e-11,0.007189909215777855,1.559816346703205,1.0,0.44456808785883606,1.0015506575972855,1.0,0.0,0.0,input_tied,0.24487003274800853,0.0,0.10702376707827714,0.5253311760113416,1.0452097502090278e-26,5.6207073804593766e-08,5.539856383971502e-08,-8.085099648787451e-10,8.085099648787451e-10,12.249999016376224,12.24999903052515
18.4,2.6700000000000004,1.7949803590232282e-09,1.9969300124387082e-09,3.8732741948561017e-10,1.7974123397528661e-09,1.9996356104605882e-09,3.878522011722254e-10,1.807964013078091e-09,2.0113744314669957e-09,3.901290797908519e-10,2.7055980218800013e-12,2.7055980218800013e-12,1.1738821006407406e-11,1.1738821006407406e-11,1.4444419028287408e-11,1.4444419028287408e-11,0.007233312604004318,1.5896510516836373,1.0,0.463514527796402,1.0013548787413815,1.0,0.0,0.0,input_tied,0.2139538750220957,0.0,0.09421603304878111,0.5139240325215798,1.686044268142297e-26,5.6207073804593766e-08,5.539856383971502e-08,-8.085099648787451e-10,8.085099648787451e-10,12.249999016376224,12.24999903052515
19.200000000000003,2.6700000000000004,0.0,0.0,0.0,1e-30,1e-30,1e-30,1.0057161736535278e-30,1.0057161736535278e-30,1.0057161736535278e-30,1e-30,1e-30,5.716173653527695e-33,5.716173653527695e-33,1.0057161736535278e-30,1.0057161736535278e-30,1.0057161736535276,1.5704009692603986,1.0,0.4513309811859851,1.000970529894399,1.0,0.0,0.0,input_tied,0.15325993787437275,0.0,0.10217329191624851,0.0,0.0,5.6207073804593766e-08,5.539856383971502e-08,-8.085099648787451e-10,8.085099648787451e-10,12.249999016376224,12.24999903052515
20.0,2.6700000000000004,0.0,0.0,0.0,1e-30,1e-30,1e-30,1.0055641423643005e-30,1.0055641423643005e-30,1.0055641423643005e-30,1e-30,1e-30,5.564142364300414e-33,5.564142364300414e-33,1.0055641423643005e-30,1.0055641423643005e-30,1.0055641423643005,1.5516627094173834,1.0,0.43932707173589636,1.0010450732710223,1.0,0.0,0.0,input_tied,0.16503135608229763,0.0,0.11002090405486509,0.0,0.0,5.6207073804593766e-08,5.539856383971502e-08,-8.085099648787451e-10,8.085099648787451e-10,12.249999016376224,12.24999903052515
4.0,2.8600000000000003,0.00018509964954869804,0.0015262709431112347,0.000321340408063833,0.00018533559462966128,0.0015282164687895504,0.00032175001817807275,0.00018591673113588244,0.001533008329636338,0.0003227588944374563,1.9455256783157057e-06,1.9455256783157057e-06,4.7918608467876e-06,4.7918608467876e-06,6.737386525103306e-06,6.737386525103306e-06,0.004414279493108508,1.280917082806759,1.0,0.24757629233153006,1.001274692207892,1.0,0.0,0.0,input_tied,0.20129132520069473,0.0,0.07718149434815945,0.7386838378008587,2.8761837568831e-29,2.942259831401674,2.942222172224949,-3.7659176725046706e-05,3.7659176725046706e-05,14.866033672219503,14.865307678139002
4.8,2.8600000000000003,0.00019750513194841799,0.0015695233127737242,0.00015118717224227974,0.00019773840897138015,0.0015713771062537297,0.0001513657422526021,0.00019850898674958202,0.0015775006928930332,0.0001519556078127006,1.8537934800054532e-06,1.8537934800054532e-06,6.1235866393035635e-06,6.1235866393035635e-06,7.977380119309017e-06,7.977380119309017e-06,0.005082677048747414,1.3602809677586774,1.0,0.30769127235057525,1.0011811187925137,1.0,0.0,0.0,input_tied,0.1865148037248499,0.0,0.07111786048012514,0.748410338046976,2.9933919210024115e-29,13.911774921951649,13.911165682381492,-0.0006092395701564612,0.0006092395701564612,978.4031981098636,978.307917075002
5.6,2.8600000000000003,0.00015724957764809235,0.0013021215083105515,5.950497909015321e-05,0.00015753788615780666,0.0013045088769581678,5.961407821842213e-05,0.00015825229785907725,0.0013104246374703833,5.9884419506339624e-05,2.3873686476163017e-06,2.3873686476163017e-06,5.915760512215486e-06,5.915760512215486e-06,8.303129159831788e-06,8.303129159831788e-06,0.006376616242676732,1.4305484675437201,1.0,0.35805791447458585,1.0018334453677167,1.0,0.0,0.0,input_tied,0.2895260875259815,0.0,0.1092096338293002,0.767402608323758,3.368027321264476e-29,58.02038223542545,58.01410309594204,-0.006279139483410745,0.006279139483410745,20036.67302803551,20032.229183487212
6.4,2.8600000000000003,0.00010403747261701672,0.0006722696389710111,2.72257085526094e-05,0.00010426064204858264,0.0006737117158440285,2.7284110066495e-05,0.000104776139206103,0.0006770427568551123,2.74190112229467e-05,1.4420768730174366e-06,1.4420768730174366e-06,3.331041011083824e-06,3.331041011083824e-06,4.77311788410126e-06,4.77311788410126e-06,0.007100005128012455,1.4775528482269376,1.0,0.3903872383399466,1.0021450870148245,1.0,0.0,0.0,input_tied,0.3387385638756947,0.0,0.1316552460415761,0.7152807505987905,4.490444038173469e-29,59.89587171208015,59.8910820713964,-0.00478964068375376,0.00478964068375376,21386.043795975864,21382.541761767683
7.2,2.8600000000000003,7.600625220486701e-05,0.00012096534413756391,1.7567915929035053e-05,7.617184031725763e-05,0.00012122888065488133,1.760618959669972e-05,7.655793536922944e-05,0.00012184335801005593,1.7695430747485243e-05,2.6353651731742423e-07,2.6353651731742423e-07,6.144773551745988e-07,6.144773551745988e-07,8.78013872492023e-07,8.78013872492023e-07,0.007258391886964999,1.4921401916441892,1.0,0.40021145959540433,1.002178611727155,1.0,0.0,0.0,input_tied,0.3440325742494769,0.0,0.14069871838435052,0.6301147027730263,8.300512865651452e-29,3.5328042581996972,3.532766927032896,-3.733116680137982e-05,3.733116680137982e-05,28.430337523717252,28.429342281533383
8.0,2.8600000000000003,6.313932978333899e-05,8.59108180948319e-05,1.3492967983253393e-05,6.328578505682824e-05,8.611009313311532e-05,1.3524265691400597e-05,6.35923037136221e-05,8.652715914659459e-05,1.3589769180851335e-05,1.9927503828341068e-07,1.9927503828341068e-07,4.1706601347927586e-07,4.1706601347927586e-07,6.163410517626865e-07,6.163410517626865e-07,0.00717419604923729,1.4658274448318904,1.0,0.38241989178356733,1.0023195569859833,1.0,0.0,0.0,input_tied,0.36628975739902025,0.0,0.1520636193182569,0.6058618931611132,9.732597734770872e-29,2.3263362680406803,2.3260860783468886,-0.000250189693791647,0.000250189693791647,5.363118009297095,5.360221403174498
8.8,2.8600000000000003,2.214685839297915e-05,5.8482307040463055e-05,7.047750111672346e-06,2.218547282831685e-05,5.858427460730899e-05,7.060038305606422e-06,2.230829669883839e-05,5.890861060026481e-05,7.099124298383557e-06,1.0196756684593722e-07,1.0196756684593722e-07,3.2433599295581455e-07,3.2433599295581455e-07,4.263035598017518e-07,4.263035598017518e-07,0.007289444985588523,1.5482467554553723,1.0,0.43712316521321565,1.001743562660334,1.0,0.0,0.0,input_tied,0.275332379296113,0.0,0.11517223325097901,0.5937428176003673,1.2483365526505803e-28,1.5836853834620066,1.5837337310683997,4.8347606393051024e-05,4.8347606393051024e-05,0.21087700060990275,0.210988024576969
9.600000000000001,2.8600000000000003,1.097514715022593e-05,4.3579838288134076e-05,3.95602958689054e-06,1.0994100865298856e-05,4.365509922327521e-05,3.962861518762037e-06,1.1054945047265614e-05,4.389669777084735e-05,3.984793013689254e-06,7.526093514113115e-08,7.526093514113115e-08,2.4159854757214224e-07,2.4159854757214224e-07,3.168594827132734e-07,3.168594827132734e-07,0.007270781516404753,1.5480056645464257,1.0,0.4369674344285572,1.0017269668290996,1.0,0.0,0.0,input_tied,0.27271167067225155,0.0,0.11485685465158924,0.5829075330303074,1.5205403539934637e-28,0.9999999987043833,0.9999999987040216,-3.61710661422876e-13,3.61710661422876e-13,1.000000006478083,1.0000000064798917
10.4,2.8600000000000003,7.4220666386167255e-06,2.9967976092161507e-05,2.1099881410283906e-06,7.4360022299514916e-06,3.0024243637076496e-05,2.113949831738844e-06,7.475618920219559e-06,3.01842034009281e-05,2.125212294166424e-06,5.626754491498849e-08,5.626754491498849e-08,1.5995976385160438e-07,1.5995976385160438e-07,2.1622730876659288e-07,2.1622730876659288e-07,0.007215279006550923,1.5229622419775668,1.0,0.42065728173279693,1.0018775890884972,1.0,0.0,0.0,input_tied,0.2964969845003054,0.0,0.12533762689732517,0.5770575941689172,1.8818072696055838e-28,0.4952546227929876,0.4952010756371944,-5.35471557931988e-05,5.35471557931988e-05,5.116026234859118,5.11663183455056
11.2,2.8600000000000003,4.558508237569585e-06,1.647338760064315e-05,7.956065609638946e-07,4.5677367234418825e-06,1.650673720029693e-05,7.972172290871306e-07,4.591170904821733e-06,1.6591422876587355e-05,8.013072487788724e-07,3.3349599653779196e-08,3.3349599653779196e-08,8.468567629042593e-08,8.468567629042593e-08,1.1803527594420513e-07,1.1803527594420513e-07,0.0071652096584916645,1.499419168235305,1.0,0.40507781194222237,1.0020244530428264,1.0,0.0,0.0,input_tied,0.31968881058043364,0.0,0.1353663151635882,0.5744380236894945,2.5787377235131635e-28,0.15211174677227632,0.15207995037421107,-3.179639806524803e-05,3.179639806524803e-05,9.732656828398367,9.733152814112696
12.0,2.8600000000000003,2.5104955122388165e-06,8.248755747682928e-06,4.859948078107491e-07,2.515922605919594e-06,8.26658759401537e-06,4.870454128954834e-07,2.5283710795559183e-06,8.307489646202645e-06,4.894552533126157e-07,1.78318463324424e-08,1.78318463324424e-08,4.090205218727404e-08,4.090205218727404e-08,5.873389851971644e-08,5.873389851971644e-08,0.007120334304505836,1.4779687035454037,1.0,0.3906686474340275,1.0021617619526983,1.0,0.0,0.0,input_tied,0.3413717645193595,0.0,0.14464355018632655,0.5733931865822898,3.655827930863193e-28,0.03820531933674835,0.03819391906459552,-1.1400272152829738e-05,1.1400272152829738e-05,11.590529701767043,11.590723762954031
12.8,2.8600000000000003,6.987844310137842e-07,2.049407420527687e-06,2.0546678253598966e-07,6.998090324350467e-07,2.052412389818105e-06,2.057680507784764e-07,7.038527358491495e-07,2.064271835185616e-06,2.0695703938948497e-07,3.0049692904178848e-09,3.0049692904178848e-09,1.1859445367511079e-08,1.1859445367511079e-08,1.4864414657928964e-08,1.4864414657928964e-08,0.0072530305633916525,1.5781226258875372,1.0,0.4562359290923607,1.0014662625207262,1.0,0.0,0.0,input_tied,0.23154289644340878,0.0,0.10063809092004923,0.5338320664777271,6.464044081276889e-28,0.0023603084797284716,0.0023602253050029427,-8.317472552886451e-08,8.317472552886451e-08,12.208729420705495,12.20873087380926
13.600000000000001,2.8600000000000003,2.2326133162687658e-07,5.624646990331373e-07,8.964914776742822e-08,2.2357917641159043e-07,5.632654488534068e-07,8.977677629075685e-08,2.2488074117812227e-07,5.665444951143282e-07,9.029941122817942e-08,8.007498202694832e-10,8.007498202694832e-10,3.2790462609214524e-09,3.2790462609214524e-09,4.079796081190936e-09,4.079796081190936e-09,0.007253426016253114,1.5835144599575646,1.0,0.4596467185984162,1.0014236445800881,1.0,0.0,0.0,input_tied,0.22481294101161142,0.0,0.09808481357269962,0.5280173204045973,1.1763488032724562e-27,0.00017781430171929963,0.00017780817442373734,-6.1272955622878374e-09,6.1272955622878374e-09,12.246888447331946,12.246888554546002
14.4,2.8600000000000003,1.1131574477949525e-07,2.79400188998256e-07,4.0787004209623966e-08,1.1148978693949454e-07,2.7983703117627664e-07,4.085077468815424e-08,1.1211852802888043e-07,2.8141515814792266e-07,4.108115059329098e-08,4.368421780206516e-10,4.368421780206516e-10,1.5781269716460222e-09,1.5781269716460222e-09,2.0149691496666738e-09,2.0149691496666738e-09,0.007211767310863384,1.5609164733916419,1.0,0.4452731317042589,1.001563499937444,1.0,0.0,0.0,input_tied,0.24689801381922863,0.0,0.10740742647090296,0.5324701586074787,1.7068938861634625e-27,4.387745656680714e-05,4.387231534974898e-05,-5.141217058159055e-09,5.141217058159055e-09,12.249232156542774,12.249232246511253
15.200000000000001,2.8600000000000003,4.9681081829448864e-08,1.4687316568925102e-07,1.1757709405128321e-08,4.976535185737882e-08,1.4712229484101313e-07,1.1777653063025384e-08,5.003747124808042e-08,1.479267667825658e-07,1.1842053849029875e-08,2.491291517621082e-10,2.491291517621082e-10,8.044719415526653e-10,8.044719415526653e-10,1.0536010933147735e-09,1.0536010933147735e-09,0.007173543842201542,1.5399344597018174,1.0,0.4317398568847099,1.0016962196640413,1.0,0.0,0.0,input_tied,0.2678562729829709,0.0,0.11619019864791928,0.5368839259533508,2.4988292098255975e-27,1.2124834378374299e-05,1.212249353198367e-05,-2.340846390629683e-09,2.340846390629683e-09,12.2497878163172,12.249787857281657
16.0,2.8600000000000003,2.0144425275140493e-08,5.6017300783413826e-08,5.233073247952434e-09,2.0181170799611492e-08,5.6119482159582274e-08,5.242618917211535e-09,2.0288213091683946e-08,5.6417143680805634e-08,5.270426121805013e-09,1.0218137616844822e-10,1.0218137616844822e-10,2.9766152122336014e-10,2.9766152122336014e-10,3.9984289739180836e-10,3.9984289739180836e-10,0.007137846554545126,1.520124718640573,1.0,0.4187923832293445,1.0018241038882527,1.0,0.0,0.0,input_tied,0.2880509402166865,0.0,0.12459912372608362,0.5412143713516117,4.065837813847434e-27,1.7637431196663038e-06,1.7632776198862306e-06,-4.6549978007322735e-10,4.6549978007322735e-10,12.249969134514844,12.249969142661081
16.8,2.8600000000000003,9.280470634419696e-09,2.5161429443196974e-08,2.246447868739097e-09,9.298563196864632e-09,2.5210482422440993e-08,2.250827387833066e-09,9.346419160533738e-09,2.5340230632497337e-08,2.2624114908194164e-09,4.9052979244019775e-11,4.9052979244019775e-11,1.2974821005634339e-10,1.2974821005634339e-10,1.7880118930036316e-10,1.7880118930036316e-10,0.0071061618221657345,1.5013415333766713,1.0,0.40635906399495303,1.0019495307035222,1.0,0.0,0.0,input_tied,0.30785754898467627,0.0,0.13268580337603814,0.5467997386889124,6.163589550707376e-27,3.5584559683205604e-07,3.5572929583291816e-07,-1.1630099913788508e-10,1.1630099913788508e-10,12.249993772702846,12.249993774738112
17.6,2.8600000000000003,3.3299913471321764e-09,7.391405161058225e-09,8.512631401977156e-10,3.335158346720489e-09,7.402874075972113e-09,8.52584007382171e-10,3.353937024525756e-09,7.444556111022214e-09,8.573844992065834e-10,1.1468914913887591e-11,1.1468914913887591e-11,4.168203505010096e-11,4.168203505010096e-11,5.315094996398855e-11,5.315094996398855e-11,0.00719091279747665,1.559816346703205,1.0,0.44456808785883606,1.0015516555599349,1.0,0.0,0.0,input_tied,0.24502762469291395,0.0,0.10702376707827714,0.5263128392387885,1.0420899903806001e-26,5.6207073804593766e-08,5.539856383971502e-08,-8.085099648787451e-10,8.085099648787451e-10,12.249999016376224,12.24999903052515
18.4,2.8600000000000003,1.7949803590232282e-09,1.996930012438708e-09,3.8732741948561017e-10,1.7974123397528661e-09,1.999635610460588e-09,3.878522011722254e-10,1.807964013078091e-09,2.0113744314669952e-09,3.901290797908519e-10,2.7055980218800013e-12,2.7055980218800013e-12,1.1738821006407406e-11,1.1738821006407406e-11,1.4444419028287408e-11,1.4444419028287408e-11,0.007233312604004319,1.5896510516836373,1.0,0.463514527796402,1.0013548787413815,1.0,0.0,0.0,input_tied,0.21395387502209565,0.0,0.09421603304878111,0.5139240325215796,1.686044268142297e-26,5.6207073804593766e-08,5.539856383971502e-08,-8.085099648787451e-10,8.085099648787451e-10,12.249999016376224,12.24999903052515
19.200000000000003,2.8600000000000003,1.8603064690849132e-09,2.063041699959558e-09,3.88760954464617e-10,1.8630491090007043e-09,2.0660832313460686e-09,3.893341026684934e-10,1.873698621232802e-09,2.0778933218790843e-09,3.9155960400858685e-10,3.041531386510644e-12,3.041531386510644e-12,1.1810090533015718e-11,1.1810090533015718e-11,1.4851621919526362e-11,1.4851621919526362e-11,0.007198895649960687,1.5704009692603986,1.0,0.4513309811859851,1.001474294672071,1.0,0.0,0.0,input_tied,0.23281128294356795,0.0,0.10217329191624851,0.5190615771644347,1.6870931452033958e-26,5.6207073804593766e-08,5.539856383971502e-08,-8.085099648787451e-10,8.085099648787451e-10,12.249999016376224,12.24999903052515
20.0,2.8600000000000003,0.0,0.0,0.0,1e-30,1e-30,1e-30,1.0055641423643005e-30,1.0055641423643005e-30,1.0055641423643005e-30,1e-30,1e-30,5.564142364300414e-33,5.564142364300414e-33,1.0055641423643005e-30,1.0055641423643005e-30,1.0055641423643005,1.5516627094173834,1.0,0.43932707173589636,1.0010450732710223,1.0,0.0,0.0,input_tied,0.16503135608229763,0.0,0.11002090405486509,0.0,0.0,5.6207073804593766e-08,5.539856383971502e-08,-8.085099648787451e-10,8.085099648787451e-10,12.249999016376224,12.24999903052515
4.0,3.0500000000000003,0.00018671266787649598,0.0015293985637984202,0.0003198406565086706,0.00018695075342210052,0.0015313487672615812,0.0003202484994155148,0.00018753695440468148,0.001536150449713302,0.0003212526675271222,1.9502034631609447e-06,1.9502034631609447e-06,4.80168245172081e-06,4.80168245172081e-06,6.7518859148817546e-06,6.7518859148817546e-06,0.004414732741812405,1.280917082806759,1.0,0.24757629233153006,1.0012751440398358,1.0,0.0,0.0,input_tied,0.20136267564136787,0.0,0.07718149434815945,0.7393001378718861,2.8760535484690263e-29,2.982012580075873,2.981974060599588,-3.8519476285081566e-05,3.8519476285081566e-05,15.64227377198951,15.641512052562184
4.8,3.0500000000000003,0.0001976403493467016,0.0015696068797313428,0.00015112758336560206,0.00019787378236897862,0.0015714607424619725,0.00015130608015864595,0.0001986448876912853,0.0015775846550278568,0.00015189571321821992,1.8538627306297854e-06,1.8538627306297854e-06,6.12391256588421e-06,6.12391256588421e-06,7.977775296513995e-06,7.977775296513995e-06,0.00508265821176796,1.3602809677586774,1.0,0.30769127235057525,1.0011811000286563,1.0,0.0,0.0,input_tied,0.1865118406552458,0.0,0.07111786048012514,0.7483825619057544,2.9933540309633163e-29,13.924081905961664,13.923471647729155,-0.0006102582325091532,0.0006102582325091532,980.328922420227,980.2333881967248
5.6,3.0500000000000003,0.00015725733065896852,0.0013021166629367071,5.9503084109928965e-05,0.00015754565212713353,0.0013045040122984623,5.9612179288506836e-05,0.0001582600990459603,0.0013104197507501445,5.988251196504973e-05,2.387349361755199e-06,2.387349361755199e-06,5.9157384516821815e-06,5.9157384516821815e-06,8.30308781343738e-06,8.30308781343738e-06,0.006376608217816021,1.4305484675437201,1.0,0.35805791447458585,1.0018334373790831,1.0,0.0,0.0,input_tied,0.28952482601152824,0.0,0.1092096338293002,0.7673949074497046,3.368025650279049e-29,58.02337931828732,58.01709942695599,-0.006279891331331555,0.006279891331331555,20038.794283891544,20034.349672011373
6.4,3.0500000000000003,0.00010403786267907357,0.0006722691290486461,2.722563527875625e-05,0.00010426103283411575,0.0006737112040960993,2.728403660582911e-05,0.00010477653192380177,0.0006770422425769417,2.7418937399068352e-05,1.4420750474532142e-06,1.4420750474532142e-06,3.3310384808423995e-06,3.3310384808423995e-06,4.773113528295614e-06,4.773113528295614e-06,0.007100004034173383,1.4775528482269376,1.0,0.3903872383399466,1.002145085926367,1.0,0.0,0.0,input_tied,0.33873839199339617,0.0,0.1316552460415761,0.7152798802331769,4.4904440382620277e-29,59.89602418166961,59.89123447865295,-0.004789703016662372,0.004789703016662372,21386.155281640473,21382.653192729747
7.2,3.0500000000000003,7.600627576635856e-05,0.0001209653326717909,1.7567911668568938e-05,7.617186392294254e-05,0.00012122886915276864,1.7606185325301848e-05,7.655795909456537e-05,0.00012184334644964205,1.769542645443678e-05,2.635364809777321e-07,2.635364809777321e-07,6.144772968734159e-07,6.144772968734159e-07,8.78013777851148e-07,8.78013777851148e-07,0.007258391792575963,1.4921401916441892,1.0,0.40021145959540433,1.0021786116332418,1.0,0.0,0.0,input_tied,0.34403255941933675,0.0,0.14069871838435052,0.6301146325040131,8.300512706896367e-29,3.5328045651536537,3.532767233688882,-3.7331464771916956e-05,3.7331464771916956e-05,28.430345707126666,28.42935045685578
8.0,3.0500000000000003,6.313933154975131e-05,8.59108171586698e-05,1.349296766770325e-05,6.328578682682417e-05,8.611009219408279e-05,1.3524265375008743e-05,6.359230549219084e-05,8.652715820301394e-05,1.3589768862927066e-05,1.9927503541298543e-07,1.9927503541298543e-07,4.1706600893115617e-07,4.1706600893115617e-07,6.163410443441416e-07,6.163410443441416e-07,0.007174196041062133,1.4658274448318904,1.0,0.38241989178356733,1.0023195569778476,1.0,0.0,0.0,input_tied,0.3662897561142569,0.0,0.1520636193182569,0.6058618875285434,9.73259772049522e-29,2.326336265103081,2.3260860753832913,-0.00025018971978951754,0.00025018971978951754,5.363117975282033,5.36022136886767
8.8,3.0500000000000003,2.214685845572753e-05,5.848230696335134e-05,7.0477500947404865e-06,2.2185472891159077e-05,5.8584274530021735e-05,7.060038288640089e-06,2.2308296762028526e-05,5.8908610522549676e-05,7.0991242813232945e-06,1.0196756667039811e-07,1.0196756667039811e-07,3.2433599252794094e-07,3.2433599252794094e-07,4.2630355919833906e-07,4.2630355919833906e-07,0.007289444984882137,1.5482467554553723,1.0,0.43712316521321565,1.0017435626596314,1.0,0.0,0.0,input_tied,0.275332379185157,0.0,0.11517223325097901,0.5937428169581063,1.248336552683573e-28,1.5836853806251638,1.5837337282296817,4.8347604517884335e-05,4.8347604517884335e-05,0.21087699409632094,0.2109880180573661
9.600000000000001,3.0500000000000003,1.097514716161622e-05,4.3579838239086545e-05,3.956029589534321e-06,1.09941008767007e-05,4.365509917411074e-05,3.962861521407457e-06,1.1054945058730559e-05,4.389669772141079e-05,3.984793016349315e-06,7.526093502419317e-08,7.526093502419317e-08,2.415985473000549e-07,2.415985473000549e-07,3.168594823242481e-07,3.168594823242481e-07,0.007270781515661028,1.5480056645464257,1.0,0.4369674344285572,1.00172696682836,1.0,0.0,0.0,input_tied,0.27271167055545814,0.0,0.11485685465158924,0.5829075323524004,1.5205403540597014e-28,0.9999999963697461,0.9999999963680012,-1.7449375278033585e-12,1.7449375278033585e-12,1.000000018151269,1.0000000181599935
10.4,3.0500000000000003,7.422066650879911e-06,2.996797605593746e-05,2.1099881408201052e-06,7.43600224223232e-06,3.00242436007627e-05,2.1139498315286373e-06,7.475618932565815e-06,3.0184203364420834e-05,2.1252122939550974e-06,5.626754482524027e-08,5.626754482524027e-08,1.5995976365813528e-07,1.5995976365813528e-07,2.1622730848337555e-07,2.1622730848337555e-07,0.007215279005821787,1.5229622419775668,1.0,0.42065728173279693,1.001877589087772,1.0,0.0,0.0,input_tied,0.29649698438580735,0.0,0.12533762689732517,0.5770575935599054,1.881807269790225e-28,0.4952546215976669,0.4952010744412993,-5.354715636762819e-05,5.354715636762819e-05,5.116026248377378,5.116631848076118
11.2,3.0500000000000003,4.558508157061265e-06,1.64733877061025e-05,7.956065816946357e-07,4.567736642771325e-06,1.6506737305972482e-05,7.972172498599707e-07,4.591170823737306e-06,1.659142298280506e-05,8.013072696582848e-07,3.334959986998266e-08,3.334959986998266e-08,8.468567683257784e-08,8.468567683257784e-08,1.180352767025605e-07,1.180352767025605e-07,0.0071652096586565985,1.499419168235305,1.0,0.40507781194222237,1.0020244530429905,1.0,0.0,0.0,input_tied,0.319688810606363,0.0,0.1353663151635882,0.5744380238171944,2.5787377213826423e-28,0.1521117486982866,0.15207995229987292,-3.1796398413663773e-05,3.1796398413663773e-05,9.7326567983553,9.733152784074298
12.0,3.0500000000000003,2.510495662816609e-06,8.24875453828118e-06,4.859949130600825e-07,2.5159227565619965e-06,8.26658638114193e-06,4.870455183218337e-07,2.528371230943681e-06,8.307488427328058e-06,4.894553592606026e-07,1.783184286075081e-08,1.783184286075081e-08,4.0902046186126927e-08,4.0902046186126927e-08,5.873388904687774e-08,5.873388904687774e-08,0.00712033420006656,1.4779687035454037,1.0,0.3906686474340275,1.0021617618487733,1.0,0.0,0.0,input_tied,0.341371748108169,0.0,0.14464355018632655,0.5733931109425972,3.655827956749699e-28,0.03820530811702282,0.038193907840309495,-1.140027671332755e-05,1.140027671332755e-05,11.590529892754075,11.590723954020294
12.8,3.0500000000000003,6.987840444124497e-07,2.0494081982394568e-06,2.0546695572333468e-07,6.998086452597365e-07,2.0524131686493324e-06,2.05768224217667e-07,7.038523464366259e-07,2.0642726185171605e-06,2.0695721383085845e-07,3.004970409875686e-09,3.004970409875686e-09,1.1859449867828044e-08,1.1859449867828044e-08,1.486442027770373e-08,1.486442027770373e-08,0.007253030553148467,1.5781226258875372,1.0,0.4562359290923607,1.001466262510542,1.0,0.0,0.0,input_tied,0.23154289483516008,0.0,0.10063809092004923,0.5338320558240495,6.464043808183648e-28,0.002360310270391981,0.002360227095555381,-8.317483659973923e-08,8.317483659973923e-08,12.208729389421716,12.20873084252742
13.600000000000001,3.0500000000000003,2.2326174268397465e-07,5.624651764779447e-07,8.96485457214287e-08,2.2357958831703867e-07,5.632659276408842e-07,8.977617349332345e-08,2.248811554814755e-07,5.66544976689064e-07,9.029880492156455e-08,8.007511629395244e-10,8.007511629395244e-10,3.279049048179821e-09,3.279049048179821e-09,4.0798002111193456e-09,4.0798002111193456e-09,0.007253427201780415,1.5835144599575646,1.0,0.4596467185984162,1.0014236457587538,1.0,0.0,0.0,input_tied,0.2248131271390166,0.0,0.09808481357269962,0.5280185854825669,1.1763490991754191e-27,0.00017781460367511482,0.00017780847678768784,-6.1268874269838555e-09,6.1268874269838555e-09,12.246888442048391,12.246888549255305
14.4,3.0500000000000003,1.1131574868254139e-07,2.794023168151319e-07,4.078617618956065e-08,1.114897914252537e-07,2.798391637672856e-07,4.0849945584752184e-08,1.1211853253993681e-07,2.8141730276557225e-07,4.108031681420166e-08,4.3684695215372277e-10,4.3684695215372277e-10,1.5781389982866283e-09,1.5781389982866283e-09,2.014985950440351e-09,2.014985950440351e-09,0.007211772520030955,1.5609164733916419,1.0,0.4452731317042589,1.0015635051173994,1.0,0.0,0.0,input_tied,0.24689883180499372,0.0,0.10740742647090296,0.5324752357596022,1.7068945114664225e-27,4.3878124893673016e-05,4.3872984052111474e-05,-5.140841561541748e-09,5.140841561541748e-09,12.249232144847419,12.249232234809327
15.200000000000001,3.0500000000000003,4.968291868509314e-08,1.468748991201615e-07,1.1756682147134828e-08,4.976719266976595e-08,1.4712403369850072e-07,1.1776624261593736e-08,5.003932212612019e-08,1.4792851514821164e-07,1.1841019422061418e-08,2.491345783392212e-10,2.491345783392212e-10,8.044814497109241e-10,8.044814497109241e-10,1.0536160280501453e-09,1.0536160280501453e-09,0.007173560862759535,1.5399344597018174,1.0,0.4317398568847099,1.001696236592036,1.0,0.0,0.0,input_tied,0.26785894614476274,0.0,0.11619019864791928,0.5368992638035482,2.498833488468189e-27,1.2125120581493763e-05,1.2122780089581373e-05,-2.3404919123895735e-09,2.3404919123895735e-09,12.249787811308686,12.249787852266943
16.0,3.0500000000000003,2.0144386751795708e-08,5.6026964667139175e-08,5.2311242070818925e-09,2.0181134404207048e-08,5.612916978505208e-08,5.2406668919226335e-09,2.028817650323582e-08,5.642688269009481e-08,5.268463742842225e-09,1.022051179129079e-10,1.022051179129079e-10,2.977129050427278e-10,2.977129050427278e-10,3.999180229556357e-10,3.999180229556357e-10,0.007137956256091718,1.520124718640573,1.0,0.4187923832293445,1.0018242130110049,1.0,0.0,0.0,input_tied,0.2880681721910247,0.0,0.12459912372608362,0.5413065708996393,4.065825513687288e-27,1.7643517201671897e-06,1.7638864440201858e-06,-4.6527614700391117e-10,4.6527614700391117e-10,12.249969123864352,12.249969132006672
16.8,3.0500000000000003,9.368112729891527e-09,2.4957619463042163e-08,2.2282514265782826e-09,9.386370734343194e-09,2.5006260671831768e-08,2.232594182225969e-09,9.434678608079961e-09,2.5134957834702575e-08,2.2440844462388533e-09,4.864120878960539e-11,4.864120878960539e-11,1.2869716287080719e-10,1.2869716287080719e-10,1.7733837166041258e-10,1.7733837166041258e-10,0.0071055803989246435,1.5013415333766713,1.0,0.40635906399495303,1.001948952257311,1.0,0.0,0.0,input_tied,0.30776620442033437,0.0,0.13268580337603814,0.5463407869798484,6.168787517735957e-27,3.501041778125648e-07,3.4998934916857935e-07,-1.1482864398544785e-10,1.1482864398544785e-10,12.249993873177651,12.249993875187155
17.6,3.0500000000000003,3.3413821856759894e-09,7.372803068620281e-09,8.491207497756073e-10,3.346566177126947e-09,7.384241612897306e-09,8.504381191943279e-10,3.36540908695642e-09,7.425818737480069e-09,8.552265285510741e-10,1.143854427702527e-11,1.143854427702527e-11,4.1577124582762746e-11,4.1577124582762746e-11,5.3015668859788016e-11,5.3015668859788016e-11,0.007190707301735807,1.559816346703205,1.0,0.44456808785883606,1.0015514512147639,1.0,0.0,0.0,input_tied,0.2449953557969336,0.0,0.10702376707827714,0.5261118315756542,1.0423032796427978e-26,5.6207073804593766e-08,5.539856383971502e-08,-8.085099648787451e-10,8.085099648787451e-10,12.249999016376224,12.24999903052515
18.4,3.0500000000000003,1.7949803590232282e-09,1.996930012438708e-09,3.8732741948561017e-10,1.7974123397528661e-09,1.999635610460588e-09,3.878522011722254e-10,1.807964013078091e-09,2.0113744314669952e-09,3.901290797908519e-10,2.7055980218800013e-12,2.7055980218800013e-12,1.1738821006407406e-11,1.1738821006407406e-11,1.4444419028287408e-11,1.4444419028287408e-11,0.007233312604004319,1.5896510516836373,1.0,0.463514527796402,1.0013548787413815,1.0,0.0,0.0,input_tied,0.21395387502209565,0.0,0.09421603304878111,0.5139240325215796,1.686044268142297e-26,5.6207073804593766e-08,5.539856383971502e-08,-8.085099648787451e-10,8.085099648787451e-10,12.249999016376224,12.24999903052515
19.200000000000003,3.0500000000000003,1.8603064690849132e-09,2.063041699959558e-09,3.88760954464617e-10,1.8630491090007043e-09,2.0660832313460686e-09,3.893341026684934e-10,1.873698621232802e-09,2.0778933218790843e-09,3.9155960400858685e-10,3.041531386510644e-12,3.041531386510644e-12,1.1810090533015718e-11,1.1810090533015718e-11,1.4851621919526362e-11,1.4851621919526362e-11,0.007198895649960687,1.5704009692603986,1.0,0.4513309811859851,1.001474294672071,1.0,0.0,0.0,input_tied,0.23281128294356795,0.0,0.10217329191624851,0.5190615771644347,1.6870931452033958e-26,5.6207073804593766e-08,5.539856383971502e-08,-8.085099648787451e-10,8.085099648787451e-10,12.249999016376224,12.24999903052515
20.0,3.0500000000000003,0.0,0.0,0.0,1e-30,1e-30,1e-30,1.0055641423643005e-30,1.0055641423643005e-30,1.0055641423643005e-30,1e-30,1e-30,5.564142364300414e-33,5.564142364300414e-33,1.0055641423643005e-30,1.0055641423643005e-30,1.0055641423643005,1.5516627094173834,1.0,0.43932707173589636,1.0010450732710223,1.0,0.0,0.0,input_tied,0.16503135608229763,0.0,0.11002090405486509,0.0,0.0,5.6207073804593766e-08,5.539856383971502e-08,-8.085099648787451e-10,8.085099648787451e-10,12.249999016376224,12.24999903052515
4.0,3.24,0.00018832780181246675,0.001532466087052544,0.0003183526610020889,0.00018856802914535007,0.001534420871408777,0.00031875874555218096,0.0001891593012421187,0.0015392321867206853,0.0003197582424059169,1.95478435623315e-06,1.95478435623315e-06,4.811315311908275e-06,4.811315311908275e-06,6.766099668141425e-06,6.766099668141425e-06,0.004415170896965784,1.280917082806759,1.0,0.24757629233153006,1.0012755808254086,1.0,0.0,0.0,input_tied,0.20143165005435784,0.0,0.07718149434815945,0.7398959146494888,2.8759208781910693e-29,3.021949299961463,3.0219099061118637,-3.9393849599278496e-05,3.9393849599278496e-05,16.44199707278425,16.441198397148717
4.8,3.24,0.00019777557664767852,0.0015696901327571409,0.0001510680352658912,0.00019800916566148116,0.0015715440642501061,0.0001512464588810463,0.00019878079856645267,0.00157766830151729,0.00015183585959915527,1.8539314929652377e-06,1.8539314929652377e-06,6.1242372671839115e-06,6.1242372671839115e-06,7.97816876014915e-06,7.97816876014915e-06,0.005082639301640762,1.3602809677586774,1.0,0.30769127235057525,1.0011810811919348,1.0,0.0,0.0,input_tied,0.18650886607943665,0.0,0.07111786048012514,0.7483546779040979,2.99331615579692e-29,13.936390873127614,13.935779595042225,-0.0006112780853886335,0.0006112780853886335,982.2568507739832,982.1610628467312
5.6,3.24,0.00015726508360014907,0.001302111816443075,5.950118924654633e-05,0.00015755341802647097,0.0013044991465166447,5.961028047566172e-05,0.00015826790016253655,0.0013104148629027046,5.988060454136091e-05,2.387330073569784e-06,2.387330073569784e-06,5.915716386059849e-06,5.915716386059849e-06,8.303046459629633e-06,8.303046459629633e-06,0.006376600192686003,1.4305484675437201,1.0,0.35805791447458585,1.0018334293901818,1.0,0.0,0.0,input_tied,0.28952356445481175,0.0,0.1092096338293002,0.7673872063176571,3.3680239794868636e-29,58.026376338327395,58.02009569509282,-0.006280643234575223,0.006280643234575223,20040.91560756178,20036.47022825918
6.4,3.24,0.00010403825274016762,0.0006722686191245088,2.722556200534418e-05,0.0001042614236186835,0.0006737106923463974,2.7283963145605503e-05,0.0001047769246405304,0.0006770417282969895,2.7418863575634468e-05,1.4420732218886666e-06,1.4420732218886666e-06,3.3310359505920846e-06,3.3310359505920846e-06,4.773109172480751e-06,4.773109172480751e-06,0.00710000294033766,1.4775528482269376,1.0,0.3903872383399466,1.002145084837913,1.0,0.0,0.0,input_tied,0.338738220111624,0.0,0.1316552460415761,0.7152790098702286,4.49044403835297e-29,59.89617665014505,59.89138688479512,-0.0047897653499333614,0.0047897653499333614,21386.266766781093,21382.764623167383
7.2,3.24,7.600629932787529e-05,0.00012096532120601364,1.7567907408103097e-05,7.617188752865269e-05,0.0001212288576506517,1.7606181053904254e-05,7.655798281992666e-05,0.0001218433348892239,1.7695422161388593e-05,2.6353644463805357e-07,2.6353644463805357e-07,6.144772385722059e-07,6.144772385722059e-07,8.780136832102595e-07,8.780136832102595e-07,0.007258391698187051,1.4921401916441892,1.0,0.40021145959540433,1.002178611539329,1.0,0.0,0.0,input_tied,0.34403254458918886,0.0,0.14069871838435052,0.6301145622349632,8.300512548141207e-29,3.5328048721072967,3.5327675403445546,-3.733176274201e-05,3.733176274201e-05,28.43035389052889,28.42935863217101
8.0,3.24,6.313933331610834e-05,8.591081622320735e-05,1.349296735180378e-05,6.32857885967653e-05,8.611009125575236e-05,1.3524265058266883e-05,6.359230727070451e-05,8.652715726013881e-05,1.3589768544651097e-05,1.9927503254501319e-07,1.9927503254501319e-07,4.170660043864517e-07,4.170660043864517e-07,6.163410369314649e-07,6.163410369314649e-07,0.007174196032896855,1.4658274448318904,1.0,0.38241989178356733,1.0023195569697216,1.0,0.0,0.0,input_tied,0.3662897548310735,0.0,0.1520636193182569,0.6058618819029009,9.732597706230434e-29,2.3263362622561985,2.3260860725104218,-0.0002501897457767299,0.0002501897457767299,5.363117942317404,5.360221335611113
8.8,3.24,2.2146858517965734e-05,5.848230688563102e-05,7.047750078199941e-06,2.2185472953490033e-05,5.858427445212428e-05,7.0600382720656875e-06,2.230829682470456e-05,5.890861044422096e-05,7.0991242646571335e-06,1.0196756649325981e-07,1.0196756649325981e-07,3.243359920966792e-07,3.243359920966792e-07,4.26303558589939e-07,4.26303558589939e-07,0.007289444984166329,1.5482467554553723,1.0,0.43712316521321565,1.0017435626589195,1.0,0.0,0.0,input_tied,0.27533237907274966,0.0,0.11517223325097901,0.5937428163074436,1.248336552715107e-28,1.5836853777244484,1.5837337253270631,4.8347602614740026e-05,4.8347602614740026e-05,0.2108769874360832,0.21098801139100445
9.600000000000001,3.24,1.0975147166603606e-05,4.3579838244340494e-05,3.956029584143238e-06,1.0994100881698892e-05,4.365509917938247e-05,3.962861516007855e-06,1.1054945063756412e-05,4.3896697726711695e-05,3.98479301091983e-06,7.526093504197409e-08,7.526093504197409e-08,2.4159854732922674e-07,2.4159854732922674e-07,3.1685948237120083e-07,3.1685948237120083e-07,0.007270781515861864,1.5480056645464257,1.0,0.4369674344285572,1.0017269668285598,1.0,0.0,0.0,input_tied,0.2727116705870182,0.0,0.11485685465158924,0.5829075325355851,1.5205403540998682e-28,0.9999999967825182,0.9999999967811465,-1.371680546924381e-12,1.371680546924381e-12,1.0000000160874087,1.0000000160942668
10.4,3.24,7.4220666618838015e-06,2.9967976024684562e-05,2.109988140687129e-06,7.436002253252121e-06,3.0024243569431947e-05,2.1139498313940616e-06,7.475618943644327e-06,3.0184203332923162e-05,2.1252122938198047e-06,5.626754474738439e-08,5.626754474738439e-08,1.5995976349121558e-07,1.5995976349121558e-07,2.1622730823859997e-07,2.1622730823859997e-07,0.007215279005178527,1.5229622419775668,1.0,0.42065728173279693,1.001877589087132,1.0,0.0,0.0,input_tied,0.296496984284738,0.0,0.12533762689732517,0.5770575930223208,1.8818072699532112e-28,0.49525462056597236,0.4952010734090954,-5.3547156876943e-05,5.3547156876943e-05,5.116026260045139,5.1166318597503295
11.2,3.24,4.558508231890119e-06,1.6473387158152945e-05,7.956066254573462e-07,4.567736717635827e-06,1.6506736756495013e-05,7.97217293691059e-07,4.591170898985891e-06,1.659142243050857e-05,8.01307313714243e-07,3.334959834206736e-08,3.334959834206736e-08,8.468567401355732e-08,8.468567401355732e-08,1.1803527235562468e-07,1.1803527235562468e-07,0.007165209633114652,1.499419168235305,1.0,0.40507781194222237,1.0020244530175788,1.0,0.0,0.0,input_tied,0.3196888065935042,0.0,0.1353663151635882,0.5744380040542331,2.5787377264516254e-28,0.1521117385339342,0.1520799421299622,-3.1796403971995346e-05,3.1796403971995346e-05,9.732656956905,9.733152942714739
12.0,3.24,2.5104955036188607e-06,8.248756172977229e-06,4.859947389150256e-07,2.515922597399232e-06,8.266588020617519e-06,4.870453438737109e-07,2.5283710709933986e-06,8.307490074915569e-06,4.894551839493321e-07,1.783184764029007e-08,1.783184764029007e-08,4.0902054298049654e-08,4.0902054298049654e-08,5.8733901938339724e-08,5.8733901938339724e-08,0.0071203343518324485,1.4779687035454037,1.0,0.3906686474340275,1.0021617619997918,1.0,0.0,0.0,input_tied,0.34137177195603,0.0,0.14464355018632655,0.5733932208581378,3.65582792464364e-28,0.038205323287323824,0.038193923017574856,-1.1400269748967906e-05,1.1400269748967906e-05,11.590529634518637,11.590723695664138
12.8,3.24,6.98784889936532e-07,2.049406352410618e-06,2.054668547155631e-07,6.99809491871329e-07,2.0524113196675027e-06,2.0576812301702472e-07,7.038531979401904e-07,2.0642707588513675e-06,2.0695711204544896e-07,3.004967256884902e-09,3.004967256884902e-09,1.1859439183864785e-08,1.1859439183864785e-08,1.4864406440749687e-08,1.4864406440749687e-08,0.007253030334011311,1.5781226258875372,1.0,0.4562359290923607,1.0014662622926636,1.0,0.0,0.0,input_tied,0.23154286042919175,0.0,0.10063809092004923,0.5338318279052563,6.464044331680594e-28,0.0023603060191225394,0.0023602228434089455,-8.3175713593963e-08,8.3175713593963e-08,12.208729463693501,12.208730916814531
13.600000000000001,3.24,2.2326211527453968e-07,5.624656224767778e-07,8.96480182022092e-08,2.2357996167032722e-07,5.632663748598627e-07,8.977564531637514e-08,2.2488153100823785e-07,5.665454265115249e-07,9.029827366983747e-08,8.007523830848733e-10,8.007523830848733e-10,3.279051651662216e-09,3.279051651662216e-09,4.079804034747089e-09,4.079804034747089e-09,0.007253428248258016,1.5835144599575646,1.0,0.4596467185984162,1.0014236467991746,1.0,0.0,0.0,input_tied,0.2248132914356842,0.0,0.09808481357269962,0.5280197021805321,1.176349360372532e-27,0.0001778148857386508,0.00017780875921095544,-6.126527695343763e-09,6.126527695343763e-09,12.246888437112904,12.246888544313522
14.4,3.24,1.1132169039458345e-07,2.7939305690538995e-07,4.0783819388463294e-08,1.1149574244507563e-07,2.7982988942450904e-07,4.084758510533575e-08,1.1212451712023804e-07,2.814079761206024e-07,4.1077943022979366e-08,4.3683251911908913e-10,4.3683251911908913e-10,1.5780866960933538e-09,1.5780866960933538e-09,2.014919215212443e-09,2.014919215212443e-09,0.007211772681576511,1.5609164733916419,1.0,0.4452731317042589,1.0015635052780392,1.0,0.0,0.0,input_tied,0.24689885717219803,0.0,0.10740742647090296,0.5324753932111872,1.7069018703702914e-27,4.3875216573652976e-05,4.387007608690374e-05,-5.1404867492386205e-09,5.1404867492386205e-09,12.249232195741424,12.249232285697124
15.200000000000001,3.24,4.968072209073952e-08,1.4686514252036288e-07,1.1760469559737243e-08,4.97649888049139e-08,1.4711425007085982e-07,1.1780417259473508e-08,5.0037106210426775e-08,1.4791867802321377e-07,1.1844833160240081e-08,2.491075504969385e-10,2.491075504969385e-10,8.044279523539493e-10,8.044279523539493e-10,1.0535355028508878e-09,1.0535355028508878e-09,0.00717348912594978,1.5399344597018174,1.0,0.4317398568847099,1.0016961652453535,1.0,0.0,0.0,input_tied,0.26784767952825206,0.0,0.11619019864791928,0.5368346191281693,2.4988313437013022e-27,1.212350973633273e-05,1.2121167828679481e-05,-2.341907653249215e-09,2.341907653249215e-09,12.249787839498232,12.24978788048126
16.0,3.24,2.0144352772881984e-08,5.603548854462583e-08,5.229405086067076e-09,2.0181102302270695e-08,5.613771460551242e-08,5.238945138212837e-09,2.028814423102863e-08,5.643547283285961e-08,5.26673285683454e-09,1.0222606088659016e-10,1.0222606088659016e-10,2.977582273471927e-10,2.977582273471927e-10,3.9998428823378284e-10,3.9998428823378284e-10,0.00713805302001144,1.520124718640573,1.0,0.4187923832293445,1.0018243092643901,1.0,0.0,0.0,input_tied,0.2880833719163679,0.0,0.12459912372608362,0.541387896914829,4.0658146773448926e-27,1.7648886138578105e-06,1.7644235351718273e-06,-4.650786859831745e-10,4.650786859831745e-10,12.24996911446872,12.249969122607586
16.8,3.24,9.360227759608055e-09,2.489703116263711e-08,2.252880423405211e-09,9.378445509821995e-09,2.494548809193822e-08,2.2572651898734565e-09,9.426712595616719e-09,2.5073872482791038e-08,2.268882425636778e-09,4.845692930110955e-11,4.845692930110955e-11,1.2838439085281808e-10,1.2838439085281808e-10,1.7684132015392763e-10,1.7684132015392763e-10,0.007102907933027485,1.5013415333766713,1.0,0.40635906399495303,1.0019462934750962,1.0,0.0,0.0,input_tied,0.30734634636192915,0.0,0.13268580337603814,0.5442312517835555,6.168488800387125e-27,3.484063821364904e-07,3.482902618819692e-07,-1.1612025452120905e-10,1.1612025452120905e-10,12.249993902889068,12.249993904921173
17.6,3.24,3.443625237570766e-09,7.055660566339771e-09,8.706382092728511e-10,3.4489231575143513e-09,7.066515500384785e-09,8.719776615112159e-10,3.468342390431364e-09,7.10630366154305e-09,8.768873497048844e-10,1.0854934045014586e-11,1.0854934045014586e-11,3.978816115826461e-11,3.978816115826461e-11,5.06430952032792e-11,5.06430952032792e-11,0.007177654696837416,1.559816346703205,1.0,0.44456808785883606,1.0015384716913396,1.0,0.0,0.0,input_tied,0.24294571161274592,0.0,0.10702376707827714,0.5133442987796378,1.0443300414358878e-26,5.6207073804593766e-08,5.539856383971502e-08,-8.085099648787451e-10,8.085099648787451e-10,12.249999016376224,12.24999903052515
18.4,3.24,1.7949803590232282e-09,1.996930012438708e-09,3.8732741948561017e-10,1.7974123397528661e-09,1.999635610460588e-09,3.878522011722254e-10,1.807964013078091e-09,2.0113744314669952e-09,3.901290797908519e-10,2.7055980218800013e-12,2.7055980218800013e-12,1.1738821006407406e-11,1.1738821006407406e-11,1.4444419028287408e-11,1.4444419028287408e-11,0.007233312604004319,1.5896510516836373,1.0,0.463514527796402,1.0013548787413815,1.0,0.0,0.0,input_tied,0.21395387502209565,0.0,0.09421603304878111,0.5139240325215796,1.686044268142297e-26,5.6207073804593766e-08,5.539856383971502e-08,-8.085099648787451e-10,8.085099648787451e-10,12.249999016376224,12.24999903052515
19.200000000000003,3.24,1.8603064690849132e-09,2.063041699959558e-09,3.88760954464617e-10,1.8630491090007043e-09,2.0660832313460686e-09,3.893341026684934e-10,1.873698621232802e-09,2.0778933218790843e-09,3.9155960400858685e-10,3.041531386510644e-12,3.041531386510644e-12,1.1810090533015718e-11,1.1810090533015718e-11,1.4851621919526362e-11,1.4851621919526362e-11,0.007198895649960687,1.5704009692603986,1.0,0.4513309811859851,1.001474294672071,1.0,0.0,0.0,input_tied,0.23281128294356795,0.0,0.10217329191624851,0.5190615771644347,1.6870931452033958e-26,5.6207073804593766e-08,5.539856383971502e-08,-8.085099648787451e-10,8.085099648787451e-10,12.249999016376224,12.24999903052515
20.0,3.24,0.0,0.0,0.0,1e-30,1e-30,1e-30,1.0055641423643005e-30,1.0055641423643005e-30,1.0055641423643005e-30,1e-30,1e-30,5.564142364300414e-33,5.564142364300414e-33,1.0055641423643005e-30,1.0055641423643005e-30,1.0055641423643005,1.5516627094173834,1.0,0.43932707173589636,1.0010450732710223,1.0,0.0,0.0,input_tied,0.16503135608229763,0.0,0.11002090405486509,0.0,0.0,5.6207073804593766e-08,5.539856383971502e-08,-8.085099648787451e-10,8.085099648787451e-10,12.249999016376224,12.24999903052515
4.0,3.43,0.00018994498691173587,0.0015354741071221191,0.0003168764885594256,0.00019018735720797286,0.0015374333760676078,0.0003172808237811726,0.0001907837068542247,0.0015422541373601216,0.0003182756864776319,1.9592689454886545e-06,1.9592689454886545e-06,4.820761292513836e-06,4.820761292513836e-06,6.78003023800249e-06,6.78003023800249e-06,0.004415593989214214,1.280917082806759,1.0,0.24757629233153006,1.00127600259516,1.0,0.0,0.0,input_tied,0.2014982532638566,0.0,0.07718149434815945,0.7404712098033445,2.8757857052219016e-29,3.0620637760588956,3.062023493726193,-4.028233270236825e-05,4.028233270236825e-05,17.265349973044717,17.26451308561138
4.8,3.43,0.00019791081378615956,0.0015697730721252953,0.00015100852794394307,0.00019814455878360614,0.0015716270718927467,0.00015118687842062195,0.00019891671930954806,0.0015777516326370192,0.00015177604695632864,1.8539997674513458e-06,1.8539997674513458e-06,6.12456074427256e-06,6.12456074427256e-06,7.978560511723905e-06,7.978560511723905e-06,0.005082620318439936,1.3602809677586774,1.0,0.30769127235057525,1.0011810622824235,1.0,0.0,0.0,input_tied,0.18650588000908505,0.0,0.07111786048012514,0.7483266861513331,2.993278295504248e-29,13.948701809710291,13.948089510581449,-0.0006122991288428636,0.0006122991288428636,984.1869819314145,984.0909397847761
5.6,3.43,0.00015727283647164777,0.0013021069688296935,5.94992944999995e-05,0.0001575611838558329,0.001304494279612754,5.960838177988097e-05,0.00015827570120881994,0.0013104099739281033,5.987869723526733e-05,2.38731078306049e-06,2.38731078306049e-06,5.915694315349355e-06,5.915694315349355e-06,8.303005098409845e-06,8.303005098409845e-06,0.006376592167287464,1.4305484675437201,1.0,0.35805791447458585,1.001833421401013,1.0,0.0,0.0,input_tied,0.2895223028558306,0.0,0.1092096338293002,0.767379504927606,3.368022308887913e-29,58.02937329552027,58.023091900327216,-0.006281395193056483,0.006281395193056483,20043.03699902115,20038.59085220563
6.4,3.43,0.00010403864280038917,0.0006722681091982096,2.7225488732385953e-05,0.00010426181440237633,0.000673710180594532,2.7283889685836944e-05,0.00010477731735637979,0.0006770412140148631,2.7418789752657887e-05,1.4420713963223843e-06,1.4420713963223843e-06,3.3310334203311446e-06,3.3310334203311446e-06,4.773104816653529e-06,4.773104816653529e-06,0.0071000018465047264,1.4775528482269376,1.0,0.3903872383399466,1.0021450837494617,1.0,0.0,0.0,input_tied,0.3387380482302673,0.0,0.1316552460415761,0.715278139509384,4.490444038446338e-29,59.89632911739576,59.891539289712256,-0.004789827683502779,0.004789827683502779,21386.378251316768,21382.876052999698
7.2,3.43,7.600632288932138e-05,0.00012096530974034708,1.7567903147612367e-05,7.61719111342921e-05,0.0001212288461486458,1.7606176782481734e-05,7.655800654521686e-05,0.00012184332332891736,1.7695417868315355e-05,2.635364082987274e-07,2.635364082987274e-07,6.144771802715516e-07,6.144771802715516e-07,8.78013588570279e-07,8.78013588570279e-07,0.007258391603798986,1.4921401916441892,1.0,0.40021145959540433,1.002178611445417,1.0,0.0,0.0,input_tied,0.34403252975922344,0.0,0.14069871838435052,0.6301144919667779,8.300512389387293e-29,3.5328051790730988,3.532767847012388,-3.7332060710770776e-05,3.7332060710770776e-05,28.430362074256458,28.4293668078116
8.0,3.43,6.31393350830356e-05,8.59108152869024e-05,1.3492967036065942e-05,6.328579036727735e-05,8.611009031657663e-05,1.3524264741686896e-05,6.359230904979187e-05,8.652715631641427e-05,1.3589768226537785e-05,1.9927502967423557e-07,1.9927502967423557e-07,4.1706599983764084e-07,4.1706599983764084e-07,6.163410295118764e-07,6.163410295118764e-07,0.007174196024721478,1.4658274448318904,1.0,0.38241989178356733,1.0023195569615857,1.0,0.0,0.0,input_tied,0.36628975354630156,0.0,0.1520636193182569,0.6058618762702935,9.732597691953039e-29,2.3263362593392602,2.3260860695674803,-0.0002501897717799295,0.0002501897717799295,5.363117908541583,5.360221301543401
8.8,3.43,2.2146858575592215e-05,5.848230682026327e-05,7.047750060653474e-06,2.218547301120465e-05,5.858427438660997e-05,7.060038254484701e-06,2.2308296882738696e-05,5.890861037834395e-05,7.099124246978815e-06,1.0196756634670278e-07,1.0196756634670278e-07,3.243359917339797e-07,3.243359917339797e-07,4.2630355808068247e-07,4.2630355808068247e-07,0.007289444983606127,1.5482467554553723,1.0,0.43712316521321565,1.0017435626583624,1.0,0.0,0.0,input_tied,0.27533237898478957,0.0,0.11517223325097901,0.5937428157982927,1.2483365527533563e-28,1.5836853755720006,1.5837337231731405,4.834760113991976e-05,4.834760113991976e-05,0.21087698249391848,0.21098800644415172
9.600000000000001,3.43,1.0975147156171564e-05,4.357983827228935e-05,3.956029587034062e-06,1.0994100871252049e-05,4.365509920739236e-05,3.9628615189048296e-06,1.1054945053251753e-05,4.38966977548766e-05,3.984793013832837e-06,7.526093510300789e-08,7.526093510300789e-08,2.4159854748424055e-07,2.4159854748424055e-07,3.1685948258724844e-07,3.1685948258724844e-07,0.007270781516156441,1.5480056645464257,1.0,0.4369674344285572,1.0017269668288526,1.0,0.0,0.0,input_tied,0.27271167063325735,0.0,0.11485685465158924,0.5829075328039723,1.5205403540271514e-28,0.9999999979728135,0.9999999979719898,-8.236744619694036e-13,8.236744619694036e-13,1.000000010135932,1.0000000101400506
10.4,3.43,7.422066626525578e-06,2.9967976184084518e-05,2.109988133026544e-06,7.436002217853473e-06,3.002424372923602e-05,2.1139498237264737e-06,7.475618908057085e-06,3.018420349357862e-05,2.125212286111366e-06,5.626754515150381e-08,5.626754515150381e-08,1.599597643425989e-07,1.599597643425989e-07,2.162273094941027e-07,2.162273094941027e-07,0.0072152790086952,1.5229622419775668,1.0,0.42065728173279693,1.0018775890906302,1.0,0.0,0.0,input_tied,0.2964969848371279,0.0,0.12533762689732517,0.5770575959604645,1.881807269350586e-28,0.49525462590142705,0.4952010787473588,-5.3547154068245284e-05,5.3547154068245284e-05,5.116026199704791,5.116631799374643
11.2,3.43,4.558508207901971e-06,1.647338744732148e-05,7.95606596944386e-07,4.567736693663719e-06,1.6506737046482414e-05,7.97217265131651e-07,4.591170874890797e-06,1.6591422721983713e-05,8.013072850083145e-07,3.334959916093477e-08,3.334959916093477e-08,8.468567550129954e-08,8.468567550129954e-08,1.1803527466223431e-07,1.1803527466223431e-07,0.007165209647359231,1.499419168235305,1.0,0.40507781194222237,1.0020244530317508,1.0,0.0,0.0,input_tied,0.3196888088314562,0.0,0.1353663151635882,0.5744380150759414,2.5787377240566718e-28,0.15211174390357135,0.15207994750276083,-3.179640081052426e-05,3.179640081052426e-05,9.73265687314616,9.73315285890445
12.0,3.43,2.5104956379856614e-06,8.248755073982043e-06,4.859948363192252e-07,2.515922731817954e-06,8.266586918462768e-06,4.870454414422958e-07,2.528371206077208e-06,8.307488967307492e-06,4.894552820006743e-07,1.783184448072504e-08,1.783184448072504e-08,4.0902048844724485e-08,4.0902048844724485e-08,5.8733893325449524e-08,5.8733893325449524e-08,0.007120334256342036,1.4779687035454037,1.0,0.3906686474340275,1.0021617619047716,1.0,0.0,0.0,input_tied,0.3413717569510444,0.0,0.14464355018632655,0.5733931516996877,3.6558279480067733e-28,0.03820531309156795,0.03819391281763061,-1.1400273937339778e-05,1.1400273937339778e-05,11.59052980807521,11.59072386929347
12.8,3.43,6.987847108646833e-07,2.0494076607145626e-06,2.054665518246095e-07,6.998093128254044e-07,2.052412630735854e-06,2.0576781976677957e-07,7.038530178596856e-07,2.064272077495459e-06,2.0695680704293428e-07,3.0049700212912747e-09,3.0049700212912747e-09,1.1859446759605069e-08,1.1859446759605069e-08,1.4864416780896344e-08,1.4864416780896344e-08,0.007253030749242734,1.5781226258875372,1.0,0.4562359290923607,1.0014662627055095,1.0,0.0,0.0,input_tied,0.2315429256231957,0.0,0.10063809092004923,0.5338322597762198,6.46404423547135e-28,0.002360309033937482,0.0023602258600632156,-8.317387426622774e-08,8.317387426622774e-08,12.208729411023189,12.20873086411208
13.600000000000001,3.43,2.2326033684335225e-07,5.624696091711972e-07,8.964812133016587e-08,2.2357818110244518e-07,5.63270368225479e-07,8.977574874982372e-08,2.248797400747911e-07,5.665494431244939e-07,9.029837770542322e-08,8.007590542817434e-10,8.007590542817434e-10,3.2790748990149783e-09,3.2790748990149783e-09,4.079833953296722e-09,4.079833953296722e-09,0.007253430028527914,1.5835144599575646,1.0,0.4596467185984162,1.0014236485691408,1.0,0.0,0.0,input_tied,0.2248135709375589,0.0,0.09808481357269962,0.5280216019097187,1.1763488295712893e-27,0.0001778174063980317,0.00017781128041201197,-6.125986019725558e-09,6.125986019725558e-09,12.246888393006971,12.246888500198109
14.4,3.43,1.1131990432277677e-07,2.793916789710462e-07,4.078605998630762e-08,1.1149395248837523e-07,2.798285065941404e-07,4.0849828806140794e-08,1.1212271706916615e-07,2.814065854918309e-07,4.108019937702312e-08,4.368276230941652e-10,4.368276230941652e-10,1.5780788976905014e-09,1.5780788976905014e-09,2.0149065207846667e-09,2.0149065207846667e-09,0.0072117628134282215,1.5609164733916419,1.0,0.4452731317042589,1.0015634954652297,1.0,0.0,0.0,input_tied,0.24689730759544418,0.0,0.10740742647090296,0.5324657751502841,1.706898530707589e-27,4.38747837652474e-05,4.386964246959197e-05,-5.141295655430433e-09,5.141295655430433e-09,12.249232203315335,12.249232293285187
15.200000000000001,3.43,4.968179652929179e-08,1.4686541744463403e-07,1.1759266312241004e-08,4.9766065963496776e-08,1.4711452811487804e-07,1.1779212183526355e-08,5.003818925896574e-08,1.4791895758759035e-07,1.18436214948784e-08,2.4911067024400884e-10,2.4911067024400884e-10,8.044294727123122e-10,8.044294727123122e-10,1.053540142956321e-09,1.053540142956321e-09,0.0071735072918271536,1.5399344597018174,1.0,0.4317398568847099,1.0016961833124391,1.0,0.0,0.0,input_tied,0.26785053256807373,0.0,0.11619019864791928,0.5368509890678882,2.4988350297655963e-27,1.2123555127068707e-05,1.2121213647895102e-05,-2.341479173604668e-09,2.341479173604668e-09,12.2497878387039,12.249787879679433
16.0,3.43,2.01636996184475e-08,5.5960813627127475e-08,5.232906218205755e-09,2.0200475189674918e-08,5.606287777837112e-08,5.242450256204514e-09,2.0307619873535238e-08,5.636023906613596e-08,5.270256566208627e-09,1.0206415124364582e-10,1.0206415124364582e-10,2.973612877648377e-10,2.973612877648377e-10,3.994254390084835e-10,3.994254390084835e-10,0.007137591702470507,1.520124718640573,1.0,0.4187923832293445,1.0018238503807988,1.0,0.0,0.0,input_tied,0.2880109079241737,0.0,0.12459912372608362,0.5410001788740852,4.0661872638707335e-27,1.7601878394377281e-06,1.7597223874114946e-06,-4.654520262335332e-10,4.654520262335332e-10,12.249969196732172,12.249969204877573
16.8,3.43,9.321563122595514e-09,2.5076341003148622e-08,2.2388510529368596e-09,9.339733141416141e-09,2.5125220958365058e-08,2.2432151242018854e-09,9.387800990225887e-09,2.5254530361969176e-08,2.2547600499299798e-09,4.8879955216435785e-11,4.8879955216435785e-11,1.2930940360411863e-10,1.2930940360411863e-10,1.7818935882055442e-10,1.7818935882055442e-10,0.007105875566063674,1.5013415333766713,1.0,0.40635906399495303,1.0019492459131218,1.0,0.0,0.0,input_tied,0.307812576687229,0.0,0.13268580337603814,0.5465737798382388,6.165884165804564e-27,3.534429391742062e-07,3.5332722257864234e-07,-1.1571659556384841e-10,1.1571659556384841e-10,12.249993814749343,12.249993816774381
17.6,3.43,3.4844108883180457e-09,7.139226485334223e-09,8.222198924376399e-10,3.4898140165340802e-09,7.150296981122448e-09,8.234948739604875e-10,3.5094634862755205e-09,7.190556875634653e-09,8.281315788196732e-10,1.1070495788224828e-11,1.1070495788224828e-11,4.025989451220505e-11,4.025989451220505e-11,5.1330390300429877e-11,5.1330390300429877e-11,0.007189909215777855,1.559816346703205,1.0,0.44456808785883606,1.0015506575972855,1.0,0.0,0.0,input_tied,0.24487003274800856,0.0,0.10702376707827714,0.5253311760113417,1.0452097502090276e-26,5.6207073804593766e-08,5.539856383971502e-08,-8.085099648787451e-10,8.085099648787451e-10,12.249999016376224,12.24999903052515
18.4,3.43,1.7949803590232282e-09,1.996930012438708e-09,3.8732741948561017e-10,1.7974123397528661e-09,1.999635610460588e-09,3.878522011722254e-10,1.807964013078091e-09,2.0113744314669952e-09,3.901290797908519e-10,2.7055980218800013e-12,2.7055980218800013e-12,1.1738821006407406e-11,1.1738821006407406e-11,1.4444419028287408e-11,1.4444419028287408e-11,0.007233312604004319,1.5896510516836373,1.0,0.463514527796402,1.0013548787413815,1.0,0.0,0.0,input_tied,0.21395387502209565,0.0,0.09421603304878111,0.5139240325215796,1.686044268142297e-26,5.6207073804593766e-08,5.539856383971502e-08,-8.085099648787451e-10,8.085099648787451e-10,12.249999016376224,12.24999903052515
19.200000000000003,3.43,1.8603064690849132e-09,2.063041699959558e-09,3.88760954464617e-10,1.8630491090007043e-09,2.0660832313460686e-09,3.893341026684934e-10,1.873698621232802e-09,2.0778933218790843e-09,3.9155960400858685e-10,3.041531386510644e-12,3.041531386510644e-12,1.1810090533015718e-11,1.1810090533015718e-11,1.4851621919526362e-11,1.4851621919526362e-11,0.007198895649960687,1.5704009692603986,1.0,0.4513309811859851,1.001474294672071,1.0,0.0,0.0,input_tied,0.23281128294356795,0.0,0.10217329191624851,0.5190615771644347,1.6870931452033958e-26,5.6207073804593766e-08,5.539856383971502e-08,-8.085099648787451e-10,8.085099648787451e-10,12.249999016376224,12.24999903052515
20.0,3.43,0.0,0.0,0.0,1e-30,1e-30,1e-30,1.0055641423643005e-30,1.0055641423643005e-30,1.0055641423643005e-30,1e-30,1e-30,5.564142364300414e-33,5.564142364300414e-33,1.0055641423643005e-30,1.0055641423643005e-30,1.0055641423643005,1.5516627094173834,1.0,0.43932707173589636,1.0010450732710223,1.0,0.0,0.0,input_tied,0.16503135608229763,0.0,0.11002090405486509,0.0,0.0,5.6207073804593766e-08,5.539856383971502e-08,-8.085099648787451e-10,8.085099648787451e-10,12.249999016376224,12.24999903052515
4.0,3.62,0.00019156415950615622,0.0015384232206597922,0.0003154121995091015,0.00019180867379728169,0.0015403868784975648,0.00031581479460086664,0.00019241010722822192,0.0015452169007638635,0.0003168050604303423,1.9636578377725446e-06,1.9636578377725446e-06,4.830022266298769e-06,4.830022266298769e-06,6.793680104071314e-06,6.793680104071314e-06,0.004416002055115672,1.280917082806759,1.0,0.24757629233153006,1.0012764093855333,1.0,0.0,0.0,input_tied,0.20156249102482768,0.0,0.07718149434815945,0.7410260730428088,2.875647992200912e-29,3.1023497173965704,3.1023085324407447,-4.118495582572379e-05,4.118495582572379e-05,18.112466002001145,18.11158962262851
4.8,3.62,0.00019804606069698686,0.0015698556981101385,0.00015094906140047544,0.00019827996167010324,0.001571709765664666,0.00015112733877811334,0.0001990526498550669,0.0015778346486628868,0.00015171627529048334,1.8540675545274284e-06,1.8540675545274284e-06,6.124882998220912e-06,6.124882998220912e-06,7.97895055274834e-06,7.97895055274834e-06,0.005082601262239423,1.3602809677586774,1.0,0.30769127235057525,1.001181043300196,1.0,0.0,0.0,input_tied,0.1865028824558663,0.0,0.07111786048012514,0.7482985867569051,2.993240450086358e-29,13.961014701963862,13.960401380600993,-0.000613321362868291,0.000613321362868291,986.1193146434515,986.0230177612708
5.6,3.62,0.00015728058927339057,0.0013021021200968039,5.949739987029108e-05,0.00015756894961514508,0.0013044894115870319,5.9606483201167214e-05,0.00015828350218473596,0.0013104050838265834,5.9876790046771616e-05,2.3872914902279673e-06,2.3872914902279673e-06,5.915672239551568e-06,5.915672239551568e-06,8.302963729779535e-06,8.302963729779535e-06,0.006376584141620365,1.4305484675437201,1.0,0.35805791447458585,1.0018334134115767,1.0,0.0,0.0,input_tied,0.28952104121461275,0.0,0.1092096338293002,0.7673718032797228,3.368020638482206e-29,58.03237018984317,58.02608804263637,-0.0062821472068037565,0.0062821472068037565,20045.15845824648,20040.711543827532
6.4,3.62,0.00010403903285972952,0.0006722675992700525,2.722541545984829e-05,0.00010426220518518553,0.0006737096688408078,2.72838162264901e-05,0.00010477771007134117,0.0006770406997308688,2.74187159301051e-05,1.442069570755343e-06,1.442069570755343e-06,3.331030890060989e-06,3.331030890060989e-06,4.773100460816332e-06,4.773100460816332e-06,0.007100000752674917,1.4775528482269376,1.0,0.3903872383399466,1.0021450826610134,1.0,0.0,0.0,input_tied,0.33873787634940994,0.0,0.1316552460415761,0.715277269151068,4.490444038542087e-29,59.896481583585164,59.89169169356774,-0.004789890017420362,0.004789890017420362,21386.489735366988,21382.987482346132
7.2,3.62,7.600634645080238e-05,0.0001209652982746507,1.756789888712088e-05,7.617193473996651e-05,0.00012122883464661004,1.7606172511058455e-05,7.655803027054224e-05,0.0001218433117685808,1.769541357524135e-05,2.63536371959347e-07,2.63536371959347e-07,6.144771219707617e-07,6.144771219707617e-07,8.780134939301087e-07,8.780134939301087e-07,0.007258391509411124,1.4921401916441892,1.0,0.40021145959540433,1.002178611351505,1.0,0.0,0.0,input_tied,0.3440325149292283,0.0,0.14069871838435052,0.630114421698452,8.300512230633132e-29,3.532805486037329,3.5327681536786546,-3.733235867420248e-05,3.733235867420248e-05,28.43037025794329,28.42937498341161
8.0,3.62,6.313933684809059e-05,8.591081435204948e-05,1.3492966720466841e-05,6.32857921359137e-05,8.611008937885755e-05,1.352426442524616e-05,6.359231082699444e-05,8.652715537415344e-05,1.35897679085644e-05,1.992750268080658e-07,1.992750268080658e-07,4.1706599529589084e-07,4.1706599529589084e-07,6.163410221039566e-07,6.163410221039566e-07,0.00717419601656067,1.4658274448318904,1.0,0.38241989178356733,1.0023195569534642,1.0,0.0,0.0,input_tied,0.3662897522638172,0.0,0.1520636193182569,0.6058618706477157,9.732597677697152e-29,2.32633625647993,2.3260860666821808,-0.00025018979774937833,0.00025018979774937833,5.363117875432819,5.360221268142953
8.8,3.62,2.2146858636429218e-05,5.8482306745953826e-05,7.047750043925818e-06,2.2185473072132884e-05,5.858427431213177e-05,7.060038237723156e-06,2.2308296944004247e-05,5.8908610303453424e-05,7.0991242301244736e-06,1.0196756617794671e-07,1.0196756617794671e-07,3.2433599132165083e-07,3.2433599132165083e-07,4.2630355749959754e-07,4.2630355749959754e-07,0.0072894449829322425,1.5482467554553723,1.0,0.43712316521321565,1.0017435626576923,1.0,0.0,0.0,input_tied,0.2753323788789625,0.0,0.11517223325097901,0.5937428151857201,1.2483365527864527e-28,1.5836853728707379,1.5837337204700903,4.834759935246069e-05,4.834759935246069e-05,0.21087697629163768,0.21098800023613323
9.600000000000001,3.62,1.097514716750559e-05,4.357983823993369e-05,3.956029584713497e-06,1.0994100882601564e-05,4.36550991749646e-05,3.962861516578785e-06,1.1054945064664079e-05,4.389669772226938e-05,3.98479301149392e-06,7.526093503090845e-08,7.526093503090845e-08,2.41598547304778e-07,2.41598547304778e-07,3.1685948233568643e-07,3.1685948233568643e-07,0.00727078151578216,1.5480056645464257,1.0,0.4369674344285572,1.0017269668284805,1.0,0.0,0.0,input_tied,0.2727116705744941,0.0,0.11485685465158924,0.5829075324628912,1.5205403541038937e-28,0.9999999965621593,0.9999999965606396,-1.5196732761069143e-12,1.5196732761069143e-12,1.000000017189203,1.0000000171968013
10.4,3.62,7.422066635836792e-06,2.9967976142054584e-05,2.109988132800364e-06,7.436002227176804e-06,3.0024243687105504e-05,2.1139498234983436e-06,7.475618917430088e-06,3.0184203451223646e-05,2.125212285882021e-06,5.626754505092034e-08,5.626754505092034e-08,1.5995976411814193e-07,1.5995976411814193e-07,2.1622730916906227e-07,2.1622730916906227e-07,0.007215279007968333,1.5229622419775668,1.0,0.42065728173279693,1.0018775890899072,1.0,0.0,0.0,input_tied,0.29649698472298,0.0,0.12533762689732517,0.5770575953533154,1.8818072695195378e-28,0.49525462451438723,0.4952010773597674,-5.354715461980408e-05,5.354715461980408e-05,5.116026215391265,5.116631815068283
11.2,3.62,4.558508140962937e-06,1.6473387541821005e-05,7.956066124064262e-07,4.56773662659245e-06,1.6506737141185105e-05,7.97217280625566e-07,4.591170807475428e-06,1.6591422817172263e-05,8.013073005817191e-07,3.3349599364100704e-08,3.3349599364100704e-08,8.468567598715764e-08,8.468567598715764e-08,1.1803527535125835e-07,1.1803527535125835e-07,0.007165209648082526,1.499419168235305,1.0,0.40507781194222237,1.0020244530324705,1.0,0.0,0.0,input_tied,0.31968880894509993,0.0,0.1353663151635882,0.5744380156356265,2.578737722233092e-28,0.15211174563265198,0.1520799492317012,-3.1796400950773185e-05,3.1796400950773185e-05,9.732656846174915,9.733152831934706
12.0,3.62,2.5104953637235645e-06,8.248756071704569e-06,4.859948471246432e-07,2.5159224570992616e-06,8.266587918789956e-06,4.87045452297457e-07,2.5283709299992415e-06,8.307489972584175e-06,4.894552929095455e-07,1.7831847085386928e-08,1.7831847085386928e-08,4.090205379421921e-08,4.090205379421921e-08,5.873390087960614e-08,5.873390087960614e-08,0.007120334310900412,1.4779687035454037,1.0,0.3906686474340275,1.0021617619590613,1.0,0.0,0.0,input_tied,0.34137176552413595,0.0,0.14464355018632655,0.5733931912133362,3.6558279170384534e-28,0.038205322331963304,0.03819392205940311,-1.1400272560191382e-05,1.1400272560191382e-05,11.590529650781196,11.590723711974691
12.8,3.62,6.987850667582667e-07,2.049405442966268e-06,2.0546691458996626e-07,6.998096688327589e-07,2.0524104085389875e-06,2.0576818294406122e-07,7.038533759241557e-07,2.064269842458082e-06,2.069571723187616e-07,3.004965572719552e-09,3.004965572719552e-09,1.1859433919094655e-08,1.1859433919094655e-08,1.4864399491814207e-08,1.4864399491814207e-08,0.007253030161908703,1.5781226258875372,1.0,0.4562359290923607,1.0014662621215498,1.0,0.0,0.0,input_tied,0.23154283340796328,0.0,0.10063809092004923,0.5338316489059117,6.464044465609094e-28,0.0023603039240562753,0.002360220747610116,-8.317644615944697e-08,8.317644615944697e-08,12.20872950029535,12.20873095342918
13.600000000000001,3.62,2.2326160079887397e-07,5.624641090358495e-07,8.964924360862648e-08,2.2357944586294445e-07,5.63264857754546e-07,8.977687222669915e-08,2.2488101219808565e-07,5.665439005743892e-07,9.02995077226122e-08,8.007487186965708e-10,8.007487186965708e-10,3.279042819843222e-09,3.279042819843222e-09,4.079791538539793e-09,4.079791538539793e-09,0.00725342554840199,1.5835144599575646,1.0,0.4596467185984162,1.0014236441149449,1.0,0.0,0.0,input_tied,0.22481286755912738,0.0,0.09808481357269962,0.5280168211599038,1.1763488424750079e-27,0.00017781392866979316,0.00017780780122191486,-6.127447878300288e-09,6.127447878300288e-09,12.24688845385948,12.246888561076199
14.4,3.62,1.1131969109529625e-07,2.793939226895787e-07,4.078541255036925e-08,1.1149373943943873e-07,2.798307551055613e-07,4.084918054549855e-08,1.121225028187508e-07,2.814088466836197e-07,4.107954746054734e-08,4.3683241598261047e-10,4.3683241598261047e-10,1.5780915780584308e-09,1.5780915780584308e-09,2.0149239940410413e-09,2.0149239940410413e-09,0.007211767438047418,1.5609164733916419,1.0,0.4452731317042589,1.001563500063915,1.0,0.0,0.0,input_tied,0.24689803379068412,0.0,0.10740742647090296,0.5324702825682148,1.706898813754625e-27,4.387548847092167e-05,4.387034749554594e-05,-5.1409753757322165e-09,5.1409753757322165e-09,12.249232190983372,12.24923228094762
15.200000000000001,3.62,4.9683301627579994e-08,1.468672700196202e-07,1.1758318010469981e-08,4.976757441811326e-08,1.4711638620709366e-07,1.1778262463400013e-08,5.0039705961886226e-08,1.4792082583994555e-07,1.1842666581635715e-08,2.4911618747344656e-10,2.4911618747344656e-10,8.044396328518946e-10,8.044396328518946e-10,1.0535558203253411e-09,1.0535558203253411e-09,0.0071735235507856526,1.5399344597018174,1.0,0.4317398568847099,1.0016961994829765,1.0,0.0,0.0,input_tied,0.2678530861169632,0.0,0.11619019864791928,0.5368656406129076,2.498838328969772e-27,1.2123860985619731e-05,1.212151983873292e-05,-2.341146886811237e-09,2.341146886811237e-09,12.249787833351425,12.24978787432114
16.0,3.62,2.013529281264465e-08,5.6030361354393594e-08,5.236733354301586e-09,2.0172020405050073e-08,5.613256301062481e-08,5.246285368765061e-09,2.0279014162812157e-08,5.6430293913565003e-08,5.27411202046505e-09,1.0220165623121652e-10,1.0220165623121652e-10,2.9773090294019264e-10,2.9773090294019264e-10,3.9993255917140916e-10,3.9993255917140916e-10,0.007137782971661107,1.520124718640573,1.0,0.4187923832293445,1.0018240406408374,1.0,0.0,0.0,input_tied,0.2880409525851996,0.0,0.12459912372608362,0.5411609326050772,4.0656831729720804e-27,1.7645656576059786e-06,1.7640997179925618e-06,-4.659396134168559e-10,4.659396134168559e-10,12.24996912012045,12.249969128274381
16.8,3.62,9.31288741848198e-09,2.500543312410231e-08,2.2594181325096426e-09,9.331018144516265e-09,2.505411476675183e-08,2.2638168640003863e-09,9.379041140743285e-09,2.518305821539598e-08,2.275467818594494e-09,4.86816426495188e-11,4.86816426495188e-11,1.2894344864414844e-10,1.2894344864414844e-10,1.7762509129366724e-10,1.7762509129366724e-10,0.007103459892580603,1.5013415333766713,1.0,0.40635906399495303,1.0019468426084808,1.0,0.0,0.0,input_tied,0.3074330620302284,0.0,0.13268580337603814,0.5446669460632896,6.165754199781417e-27,3.5144691785126237e-07,3.5133016932194705e-07,-1.1674852931532183e-10,1.1674852931532183e-10,12.249993849679708,12.249993851722804
17.6,3.62,3.484410888318046e-09,7.139226485334225e-09,8.222198924376402e-10,3.4898140165340806e-09,7.1502969811224496e-09,8.234948739604878e-10,3.509463486275521e-09,7.190556875634655e-09,8.281315788196735e-10,1.1070495788224828e-11,1.1070495788224828e-11,4.025989451220505e-11,4.025989451220505e-11,5.1330390300429877e-11,5.1330390300429877e-11,0.0071899092157778535,1.559816346703205,1.0,0.44456808785883606,1.0015506575972855,1.0,0.0,0.0,input_tied,0.24487003274800853,0.0,0.10702376707827714,0.5253311760113416,1.0452097502090277e-26,5.6207073804593766e-08,5.539856383971502e-08,-8.085099648787451e-10,8.085099648787451e-10,12.249999016376224,12.24999903052515
18.4,3.62,1.7949803590232282e-09,1.996930012438708e-09,3.8732741948561017e-10,1.7974123397528661e-09,1.999635610460588e-09,3.878522011722254e-10,1.807964013078091e-09,2.0113744314669952e-09,3.901290797908519e-10,2.7055980218800013e-12,2.7055980218800013e-12,1.1738821006407406e-11,1.1738821006407406e-11,1.4444419028287408e-11,1.4444419028287408e-11,0.007233312604004319,1.5896510516836373,1.0,0.463514527796402,1.0013548787413815,1.0,0.0,0.0,input_tied,0.21395387502209565,0.0,0.09421603304878111,0.5139240325215796,1.686044268142297e-26,5.6207073804593766e-08,5.539856383971502e-08,-8.085099648787451e-10,8.085099648787451e-10,12.249999016376224,12.24999903052515
19.200000000000003,3.62,1.8603064690849132e-09,2.063041699959558e-09,3.88760954464617e-10,1.8630491090007043e-09,2.0660832313460686e-09,3.893341026684934e-10,1.873698621232802e-09,2.0778933218790843e-09,3.9155960400858685e-10,3.041531386510644e-12,3.041531386510644e-12,1.1810090533015718e-11,1.1810090533015718e-11,1.4851621919526362e-11,1.4851621919526362e-11,0.007198895649960687,1.5704009692603986,1.0,0.4513309811859851,1.001474294672071,1.0,0.0,0.0,input_tied,0.23281128294356795,0.0,0.10217329191624851,0.5190615771644347,1.6870931452033958e-26,5.6207073804593766e-08,5.539856383971502e-08,-8.085099648787451e-10,8.085099648787451e-10,12.249999016376224,12.24999903052515
20.0,3.62,0.0,0.0,0.0,1e-30,1e-30,1e-30,1.0055641423643005e-30,1.0055641423643005e-30,1.0055641423643005e-30,1e-30,1e-30,5.564142364300414e-33,5.564142364300414e-33,1.0055641423643005e-30,1.0055641423643005e-30,1.0055641423643005,1.5516627094173834,1.0,0.43932707173589636,1.0010450732710223,1.0,0.0,0.0,input_tied,0.16503135608229763,0.0,0.11002090405486509,0.0,0.0,5.6207073804593766e-08,5.539856383971502e-08,-8.085099648787451e-10,8.085099648787451e-10,12.249999016376224,12.24999903052515
4.0,3.81,0.00019318525669526364,0.0015413140263793401,0.00031395984768226053,0.00019343191587030054,0.0015432819780373656,0.0003143607120046667,0.00019403843912345732,0.001548121078149909,0.00031534641842675276,1.967951658025458e-06,1.967951658025458e-06,4.839100112543444e-06,4.839100112543444e-06,6.807051770568902e-06,6.807051770568902e-06,0.004416395136920389,1.280917082806759,1.0,0.24757629233153006,1.0012768012386473,1.0,0.0,0.0,input_tied,0.2016243699882936,0.0,0.07718149434815945,0.7415605618170809,2.875507705132703e-29,3.142800761017072,3.142758659273763,-4.210174330898653e-05,4.210174330898653e-05,18.983465578760526,18.982548402960525
4.8,3.81,0.0001981813173150269,0.0015699380109861526,0.00015088963563613146,0.0001984153742557467,0.001571792145840787,0.0001510678399541862,0.00019918859013752925,0.0015779173498708873,0.00015165654460228773,1.854134854634322e-06,1.854134854634322e-06,6.1252040301003775e-06,6.1252040301003775e-06,7.9793388847347e-06,7.9793388847347e-06,0.005082582133113968,1.3602809677586774,1.0,0.30769127235057525,1.0011810242453265,1.0,0.0,0.0,input_tied,0.18649987343146848,0.0,0.07111786048012514,0.7482703798303796,2.9932026195443457e-29,13.973329536135248,13.972715191347769,-0.0006143447874791264,0.0006143447874791264,988.0538476515687,987.9572955171684
5.6,3.81,0.00015728834200537633,0.001302097270244497,5.94955053574147e-05,0.0001575767153044064,0.0013044845424395692,5.960458473951405e-05,0.00015829130309028341,0.001310400192598236,5.987488297586736e-05,2.3872721950722164e-06,2.3872721950722164e-06,5.9156501586667045e-06,5.9156501586667045e-06,8.302922353738921e-06,8.302922353738921e-06,0.006376576115684404,1.4305484675437201,1.0,0.35805791447458585,1.001833405421873,1.0,0.0,0.0,input_tied,0.28951977953116387,0.0,0.1092096338293002,0.7673641013740413,3.368018968269737e-29,58.03536702127631,58.02908412200051,-0.006282899275795728,0.006282899275795728,20047.279985216697,20042.832303103813
6.4,3.81,0.00010403942291816903,0.0006722670893398038,2.722534218776579e-05,0.00010426259596709139,0.0006737091570849905,2.7283742767599623e-05,0.00010477810278539474,0.000677040185444771,2.741864210801094e-05,1.4420677451866754e-06,1.4420677451866754e-06,3.3310283597805333e-06,3.3310283597805333e-06,4.773096104967209e-06,4.773096104967209e-06,0.007099999658847797,1.4775528482269376,1.0,0.3903872383399466,1.0021450815725679,1.0,0.0,0.0,input_tied,0.3387377044689897,0.0,0.1316552460415761,0.7152763987949655,4.4904440386402544e-29,59.89663404855779,59.89184409620615,-0.004789952351643478,0.004789952351643478,21386.60121881807,21383.09891109304
7.2,3.81,7.600637001217099e-05,0.00012096528680893696,1.7567894626679354e-05,7.617195834552826e-05,0.00012122882314455684,1.7606168239685242e-05,7.655805399575437e-05,0.00012184330020822672,1.769540928221767e-05,2.6353633561988527e-07,2.6353633561988527e-07,6.14477063669877e-07,6.14477063669877e-07,8.780133992897622e-07,8.780133992897622e-07,0.007258391415022829,1.4921401916441892,1.0,0.40021145959540433,1.0021786112575928,1.0,0.0,0.0,input_tied,0.34403250009920844,0.0,0.14069871838435052,0.6301143514300085,8.300512071879224e-29,3.5328057929890972,3.532768460332453,-3.7332656644295525e-05,3.7332656644295525e-05,28.43037844129907,28.429383158680384
8.0,3.81,6.313933861523411e-05,8.591081341528643e-05,1.3492966404811948e-05,6.32857939066422e-05,8.611008843922224e-05,1.3524264108749244e-05,6.35923126062993e-05,8.65271544299671e-05,1.358976759053456e-05,1.9927502393581097e-07,1.9927502393581097e-07,4.1706599074485735e-07,4.1706599074485735e-07,6.163410146806683e-07,6.163410146806683e-07,0.007174196008380483,1.4658274448318904,1.0,0.38241989178356733,1.0023195569453234,1.0,0.0,0.0,input_tied,0.36628975097826,0.0,0.1520636193182569,0.605861865011666,9.732597663413621e-29,2.326336253525646,2.3260860637018865,-0.00025018982375968335,0.00025018982375968335,5.363117841224565,5.360221233642841
8.8,3.81,2.2146858698122385e-05,5.848230666985641e-05,7.047750027298096e-06,2.2185473133918266e-05,5.858427423586114e-05,7.060038221061557e-06,2.2308297006131685e-05,5.890861022676053e-05,7.099124213370632e-06,1.0196756600472508e-07,1.0196756600472508e-07,3.2433599089939474e-07,3.2433599089939474e-07,4.263035569041198e-07,4.263035569041198e-07,0.007289444982235112,1.5482467554553723,1.0,0.43712316521321565,1.001743562656999,1.0,0.0,0.0,input_tied,0.2753323787694908,0.0,0.11517223325097901,0.5937428145520505,1.2483365528187368e-28,1.5836853700647764,1.5837337176622774,4.8347597501052775e-05,4.8347597501052775e-05,0.21087696984896176,0.21098799378750946
9.600000000000001,3.81,1.0975147166600044e-05,4.357983824079388e-05,3.956029585346656e-06,1.0994100881694395e-05,4.365509917582604e-05,3.962861517213016e-06,1.105494506375189e-05,4.389669772313559e-05,3.984793012131661e-06,7.526093503216206e-08,7.526093503216206e-08,2.4159854730954847e-07,2.4159854730954847e-07,3.1685948234171053e-07,3.1685948234171053e-07,0.007270781515776879,1.5480056645464257,1.0,0.4369674344285572,1.0017269668284752,1.0,0.0,0.0,input_tied,0.27271167057367324,0.0,0.11485685465158924,0.5829075324581264,1.5205403540969338e-28,0.9999999965814609,0.9999999965799312,-1.5296652833285407e-12,1.5296652833285407e-12,1.0000000170926948,1.0000000171003434
10.4,3.81,7.4220666459446125e-06,2.9967976111182754e-05,2.109988133087216e-06,7.436002237298774e-06,3.0024243656156214e-05,2.1139498237843616e-06,7.475618927605985e-06,3.018420342010947e-05,2.1252122861695628e-06,5.626754497346087e-08,5.626754497346087e-08,1.599597639532551e-07,1.599597639532551e-07,2.1622730892671598e-07,2.1622730892671598e-07,0.007215279007314388,1.5229622419775668,1.0,0.42065728173279693,1.0018775890892566,1.0,0.0,0.0,input_tied,0.2964969846202168,0.0,0.12533762689732517,0.5770575948067216,1.8818072696716388e-28,0.49525462349158716,0.49520107633644733,-5.354715513983255e-05,5.354715513983255e-05,5.116026226958434,5.116631826642019
11.2,3.81,4.558508311773896e-06,1.6473387311930208e-05,7.9560656463635e-07,4.567736797751229e-06,1.650673691083621e-05,7.972172327591342e-07,4.591170979512314e-06,1.6591422585641594e-05,8.013072524697148e-07,3.334959890600157e-08,3.334959890600157e-08,8.468567480538405e-08,8.468567480538405e-08,1.1803527371138562e-07,1.1803527371138562e-07,0.007165209648528277,1.499419168235305,1.0,0.40507781194222237,1.0020244530329139,1.0,0.0,0.0,input_tied,0.31968880901512,0.0,0.1353663151635882,0.5744380159804688,2.578737726765097e-28,0.15211174143681816,0.1520799450368683,-3.179639994985162e-05,3.179639994985162e-05,9.732656911624062,9.733152897369907
12.0,3.81,2.510495491665348e-06,8.248755087370793e-06,4.859949294177157e-07,2.5159225851079687e-06,8.266586931639416e-06,4.870455347278412e-07,2.5283710586413196e-06,8.307488980549336e-06,4.89455375747785e-07,1.7831844268622907e-08,1.7831844268622907e-08,4.090204890992061e-08,4.090204890992061e-08,5.873389317854352e-08,5.873389317854352e-08,0.007120334226975377,1.4779687035454037,1.0,0.3906686474340275,1.0021617618755494,1.0,0.0,0.0,input_tied,0.3413717523364595,0.0,0.14464355018632655,0.5733931304309209,3.6558279384506653e-28,0.03820531320074965,0.03819391292455904,-1.1400276190613734e-05,1.1400276190613734e-05,11.590529806216676,11.59072386747327
12.8,3.81,6.987848928897525e-07,2.0494066548784325e-06,2.0546663779377115e-07,6.998094949749881e-07,2.0524116230073234e-06,2.0576790582012937e-07,7.038532010617833e-07,2.064271063943975e-06,2.0695689359352578e-07,3.0049681288909216e-09,3.0049681288909216e-09,1.1859440936651662e-08,1.1859440936651662e-08,1.4864409065542584e-08,1.4864409065542584e-08,0.0072530305443086,1.5781226258875372,1.0,0.4562359290923607,1.0014662625017527,1.0,0.0,0.0,input_tied,0.23154289344721238,0.0,0.10063809092004923,0.5338320466297329,6.464044372316281e-28,0.002360306716731944,0.0023602235419791055,-8.31747528386162e-08,8.31747528386162e-08,12.20872945150592,12.208730904610164
13.600000000000001,3.81,2.2326184624019438e-07,5.624643438203928e-07,8.964872868927619e-08,2.2357969186952436e-07,5.632650934171014e-07,8.977635666095487e-08,2.248812596367913e-07,5.665441376088527e-07,9.029898915550518e-08,8.007495967086893e-10,8.007495967086893e-10,3.2790441917512523e-09,3.2790441917512523e-09,4.079793788459942e-09,4.079793788459942e-09,0.007253426520779972,1.5835144599575646,1.0,0.4596467185984162,1.001423645081695,1.0,0.0,0.0,input_tied,0.22481302022216126,0.0,0.09808481357269962,0.528017858785936,1.1763490773977074e-27,0.0001778140771870308,0.00017780795007732322,-6.127109707565383e-09,6.127109707565383e-09,12.24688845126076,12.246888558471563
14.4,3.81,1.1131952287319686e-07,2.7939600226011797e-07,4.0784838374191554e-08,1.1149357141520217e-07,2.79832839084247e-07,4.084860564045119e-08,1.1212233384694994e-07,2.814109424147993e-07,4.107896931335165e-08,4.368368241290505e-10,4.368368241290505e-10,1.5781033305522708e-09,1.5781033305522708e-09,2.0149401546813213e-09,2.0149401546813213e-09,0.00721177160153283,1.5609164733916419,1.0,0.4452731317042589,1.001563504204052,1.0,0.0,0.0,input_tied,0.2468986875749314,0.0,0.10740742647090296,0.5324743405386847,1.7068990685894808e-27,4.387614162575498e-05,4.387100093654108e-05,-5.140689213897699e-09,5.140689213897699e-09,12.249232179553522,12.249232269512763
15.200000000000001,3.81,4.969224196206486e-08,1.468313065721416e-07,1.1759259294986577e-08,4.977652611676889e-08,1.4708035052890187e-07,1.1779204445184873e-08,5.0048706608870224e-08,1.478845931168937e-07,1.1843613714223287e-08,2.4904395676025703e-10,2.4904395676025703e-10,8.042425879918386e-10,8.042425879918386e-10,1.0532865447520956e-09,1.0532865447520956e-09,0.007173446653453238,1.5399344597018174,1.0,0.4317398568847099,1.0016961230038357,1.0,0.0,0.0,input_tied,0.26784100901512287,0.0,0.11619019864791928,0.5367963456007591,2.4988857075370825e-27,1.2117924162016547e-05,1.2115582311505237e-05,-2.3418505113105326e-09,2.3418505113105326e-09,12.249787937244935,12.249787978226967
16.0,3.81,2.0135720478409012e-08,5.6037446620935115e-08,5.234988356504235e-09,2.0172450675935837e-08,5.613966628004753e-08,5.244537662504545e-09,2.0279446715883738e-08,5.643743485920819e-08,5.272355044252565e-09,1.0221965911241806e-10,1.0221965911241806e-10,2.977685791606563e-10,2.977685791606563e-10,3.9998823827307435e-10,3.9998823827307435e-10,0.0071378740894243765,1.520124718640573,1.0,0.4187923832293445,1.0018241312778557,1.0,0.0,0.0,input_tied,0.2880552654094421,0.0,0.12459912372608362,0.5412375132626528,4.065681110315112e-27,1.7650119587968977e-06,1.7645462206201068e-06,-4.657381767908654e-10,4.657381767908654e-10,12.249969112310188,12.249969120460596
16.8,3.81,9.322817905947147e-09,2.498901233124378e-08,2.2566985275275577e-09,9.340968469203292e-09,2.5037663356459827e-08,2.261092086405052e-09,9.389042675748147e-09,2.5166522136314123e-08,2.2727290176651405e-09,4.865102521604567e-11,4.865102521604567e-11,1.2885877985429612e-10,1.2885877985429612e-10,1.7750980507034178e-10,1.7750980507034178e-10,0.0071035142452749575,1.5013415333766713,1.0,0.40635906399495303,1.001946896682876,1.0,0.0,0.0,input_tied,0.3074416011164765,0.0,0.13268580337603814,0.5447098498557116,6.166298276749138e-27,3.509854867597506e-07,3.508689293873542e-07,-1.1655737239637566e-10,1.1655737239637566e-10,12.249993857754749,12.2499938597945
17.6,3.81,3.484410888318046e-09,7.139226485334225e-09,8.222198924376402e-10,3.4898140165340806e-09,7.1502969811224496e-09,8.234948739604878e-10,3.509463486275521e-09,7.190556875634655e-09,8.281315788196735e-10,1.1070495788224828e-11,1.1070495788224828e-11,4.025989451220505e-11,4.025989451220505e-11,5.1330390300429877e-11,5.1330390300429877e-11,0.0071899092157778535,1.559816346703205,1.0,0.44456808785883606,1.0015506575972855,1.0,0.0,0.0,input_tied,0.24487003274800853,0.0,0.10702376707827714,0.5253311760113416,1.0452097502090277e-26,5.6207073804593766e-08,5.539856383971502e-08,-8.085099648787451e-10,8.085099648787451e-10,12.249999016376224,12.24999903052515
18.4,3.81,1.7949803590232282e-09,1.996930012438708e-09,3.8732741948561017e-10,1.7974123397528661e-09,1.999635610460588e-09,3.878522011722254e-10,1.807964013078091e-09,2.0113744314669952e-09,3.901290797908519e-10,2.7055980218800013e-12,2.7055980218800013e-12,1.1738821006407406e-11,1.1738821006407406e-11,1.4444419028287408e-11,1.4444419028287408e-11,0.007233312604004319,1.5896510516836373,1.0,0.463514527796402,1.0013548787413815,1.0,0.0,0.0,input_tied,0.21395387502209565,0.0,0.09421603304878111,0.5139240325215796,1.686044268142297e-26,5.6207073804593766e-08,5.539856383971502e-08,-8.085099648787451e-10,8.085099648787451e-10,12.249999016376224,12.24999903052515
19.200000000000003,3.81,1.8603064690849132e-09,2.063041699959558e-09,3.88760954464617e-10,1.8630491090007043e-09,2.0660832313460686e-09,3.893341026684934e-10,1.873698621232802e-09,2.0778933218790843e-09,3.9155960400858685e-10,3.041531386510644e-12,3.041531386510644e-12,1.1810090533015718e-11,1.1810090533015718e-11,1.4851621919526362e-11,1.4851621919526362e-11,0.007198895649960687,1.5704009692603986,1.0,0.4513309811859851,1.001474294672071,1.0,0.0,0.0,input_tied,0.23281128294356795,0.0,0.10217329191624851,0.5190615771644347,1.6870931452033958e-26,5.6207073804593766e-08,5.539856383971502e-08,-8.085099648787451e-10,8.085099648787451e-10,12.249999016376224,12.24999903052515
20.0,3.81,0.0,0.0,0.0,1e-30,1e-30,1e-30,1.0055641423643005e-30,1.0055641423643005e-30,1.0055641423643005e-30,1e-30,1e-30,5.564142364300414e-33,5.564142364300414e-33,1.0055641423643005e-30,1.0055641423643005e-30,1.0055641423643005,1.5516627094173834,1.0,0.43932707173589636,1.0010450732710223,1.0,0.0,0.0,input_tied,0.16503135608229763,0.0,0.11002090405486509,0.0,0.0,5.6207073804593766e-08,5.539856383971502e-08,-8.085099648787451e-10,8.085099648787451e-10,12.249999016376224,12.24999903052515
4.0,4.0,0.00019480821633711745,0.0015441471247237223,0.0003125194806003243,0.00019505702114460904,0.0015461192757722218,0.00031291862366867196,0.00019566864006221842,0.001550967272488227,0.0003138998082924552,1.9721510484994875e-06,1.9721510484994875e-06,4.847996716005184e-06,4.847996716005184e-06,6.820147764504672e-06,6.820147764504672e-06,0.004416773282354768,1.280917082806759,1.0,0.24757629233153006,1.0012771782020786,1.0,0.0,0.0,input_tied,0.20168389766738304,0.0,0.07718149434815945,0.7420747410219293,2.8753648132870665e-29,3.183410476023147,3.1833674433096237,-4.30327135232389e-05,4.30327135232389e-05,19.87845578743192,19.877496486604404
4.8,4.0,0.0001983165835751726,0.0015700200110279794,0.00015083025065147775,0.0001985507964753371,0.0015718742126961914,0.0001510083819494296,0.0001993245400914816,0.0015779997365371744,0.00015159685489233313,1.854201668211996e-06,1.854201668211996e-06,6.125523840983015e-06,6.125523840983015e-06,7.97972550919501e-06,7.97972550919501e-06,0.005082562931137572,1.3602809677586774,1.0,0.30769127235057525,1.0011810051178889,1.0,0.0,0.0,input_tied,0.1864968529475928,0.0,0.07111786048012514,0.7482420654814449,2.993164803879341e-29,13.985646298464742,13.98503092906203,-0.0006153694027126733,0.0006153694027126733,989.9905796878702,989.8937717840492
5.6,4.0,0.00015729609466754992,0.0013020924192729552,5.949361096137269e-05,0.00015758448092356158,0.0013044796721705491,5.960268639492383e-05,0.0001582991039254068,0.0013103953002432448,5.98729760225569e-05,2.3872528975938875e-06,2.3872528975938875e-06,5.915628072695632e-06,5.915628072695632e-06,8.30288097028952e-06,8.30288097028952e-06,0.006376568089479831,1.4305484675437201,1.0,0.35805791447458585,1.0018333974319018,1.0,0.0,0.0,input_tied,0.289518517805504,0.0,0.1092096338293002,0.7673563992106843,3.368017298250513e-29,58.038363789792285,58.032080138392175,-0.006283651400110557,0.006283651400110557,20049.401579905338,20044.95313000796
6.4,4.0,0.00010403981297564763,0.0006722665794077904,2.7225268916124186e-05,0.0001042629867480338,0.0006737086453274081,2.7283669309151243e-05,0.0001047784954984801,0.0006770396711568994,2.7418568286361065e-05,1.4420659196176825e-06,1.4420659196176825e-06,3.3310258294912956e-06,3.3310258294912956e-06,4.773091749108978e-06,4.773091749108978e-06,0.007099998565024109,1.4775528482269376,1.0,0.3903872383399466,1.0021450804841259,1.0,0.0,0.0,input_tied,0.33873753258909606,0.0,0.1316552460415761,0.7152755284415293,4.4904440387408065e-29,59.89678651241825,59.89199649773208,-0.004790014686172128,0.004790014686172128,21386.712701746485,21383.210339316884
7.2,4.0,7.600639357362384e-05,0.00012096527534324826,1.756789036619665e-05,7.617198195117447e-05,0.0001212288116425288,1.7606163968270772e-05,7.65580777210514e-05,0.00012184328864789792,1.769540498915252e-05,2.6353629928054553e-07,2.6353629928054553e-07,6.144770053691142e-07,6.144770053691142e-07,8.780133046496597e-07,8.780133046496597e-07,0.00725839132063503,1.4921401916441892,1.0,0.40021145959540433,1.002178611163681,1.0,0.0,0.0,input_tied,0.3440324852692435,0.0,0.14069871838435052,0.6301142811618257,8.300511913125378e-29,3.5328060999517574,3.5327687669971466,-3.7332954610835856e-05,3.7332954610835856e-05,28.430386624946415,28.4293913342408
8.0,4.0,6.313934038138954e-05,8.59108124798996e-05,1.3492966088972667e-05,6.32857956763813e-05,8.611008750096765e-05,1.352426379206772e-05,6.359231438460996e-05,8.652715348716816e-05,1.3589767272319219e-05,1.9927502106805556e-07,1.9927502106805556e-07,4.1706598620050526e-07,4.1706598620050526e-07,6.163410072685608e-07,6.163410072685608e-07,0.007174196000215515,1.4658274448318904,1.0,0.38241989178356733,1.0023195569371979,1.0,0.0,0.0,input_tied,0.36628974969513295,0.0,0.1520636193182569,0.6058618593862702,9.73259764914987e-29,2.326336250673749,2.326086060824004,-0.0002501898497446753,0.0002501898497446753,5.363117808201865,5.360221200328258
8.8,4.0,2.214685876105627e-05,5.8482306593563485e-05,7.047750009770255e-06,2.2185473196946743e-05,5.858427415939522e-05,7.060038203498338e-06,2.2308297069509102e-05,5.890861014987128e-05,7.09912419571018e-06,1.0196756583173385e-07,1.0196756583173385e-07,3.243359904760612e-07,3.243359904760612e-07,4.263035563077951e-07,4.263035563077951e-07,0.007289444981547867,1.5482467554553723,1.0,0.43712316521321565,1.0017435626563156,1.0,0.0,0.0,input_tied,0.2753323786615425,0.0,0.11517223325097901,0.5937428139271986,1.2483365528538534e-28,1.5836853673193614,1.5837337149150401,4.83475956787327e-05,4.83475956787327e-05,0.21087696354530466,0.21098798747800793
9.600000000000001,4.0,1.0975147177031381e-05,4.357983821566606e-05,3.956029583567981e-06,1.0994100892140247e-05,4.365509915064093e-05,3.962861515430007e-06,1.1054945074255553e-05,4.38966976978111e-05,3.984793010338785e-06,7.526093497487552e-08,7.526093497487552e-08,2.415985471701675e-07,2.415985471701675e-07,3.1685948214504303e-07,3.1685948214504303e-07,0.007270781515456351,1.5480056645464257,1.0,0.4369674344285572,1.0017269668281563,1.0,0.0,0.0,input_tied,0.27271167052332274,0.0,0.11485685465158924,0.5829075321658758,1.5205403541630708e-28,0.9999999954851798,0.9999999954830543,-2.125521980644862e-12,2.125521980644862e-12,1.0000000225741006,1.000000022584728
10.4,4.0,7.4220666549472285e-06,2.9967976082658448e-05,2.109988133305607e-06,7.436002246313921e-06,3.0024243627560697e-05,2.11394982400192e-06,7.475618936669161e-06,3.0184203391361605e-05,2.1252122863882798e-06,5.626754490224912e-08,5.626754490224912e-08,1.5995976380090777e-07,1.5995976380090777e-07,2.1622730870315688e-07,2.1622730870315688e-07,0.007215279006722146,1.5229622419775668,1.0,0.42065728173279693,1.0018775890886675,1.0,0.0,0.0,input_tied,0.2964969845272162,0.0,0.12533762689732517,0.5770575943120544,1.8818072698092905e-28,0.49525462254697283,0.49520107539136404,-5.354715560879075e-05,5.354715560879075e-05,5.1160262376413765,5.116631837330899
11.2,4.0,4.558508246860103e-06,1.6473387406051435e-05,7.956065802688383e-07,4.567736732708738e-06,1.6506737005157797e-05,7.97217248423744e-07,4.591170914136131e-06,1.6591422680447085e-05,8.013072682146898e-07,3.334959910636213e-08,3.334959910636213e-08,8.46856752892872e-08,8.46856752892872e-08,1.1803527439564933e-07,1.1803527439564933e-07,0.007165209649127145,1.499419168235305,1.0,0.40507781194222237,1.0020244530335098,1.0,0.0,0.0,input_tied,0.31968880910924347,0.0,0.1353663151635882,0.5744380164440182,2.578737724986107e-28,0.15211174315873593,0.15207994675860992,-3.1796400126016255e-05,3.1796400126016255e-05,9.73265688476455,9.73315287051246
12.0,4.0,2.5104953464504985e-06,8.248756305240155e-06,4.85994782860837e-07,2.5159224398831023e-06,8.266588153140057e-06,4.870453879129726e-07,2.5283709126978986e-06,8.307490208093812e-06,4.894552282064946e-07,1.783184789990228e-08,1.783184789990228e-08,4.09020549537548e-08,4.09020549537548e-08,5.873390285365708e-08,5.873390285365708e-08,0.00712033434862725,1.4779687035454037,1.0,0.3906686474340275,1.0021617619966023,1.0,0.0,0.0,input_tied,0.341371771452386,0.0,0.14464355018632655,0.5733932185368268,3.6558279133139662e-28,0.03820532450549825,0.03819392423514501,-1.1400270353241482e-05,1.1400270353241482e-05,11.59052961378234,11.590723674937959
12.8,4.0,6.987845798336386e-07,2.0494072950044106e-06,2.054667778023314e-07,6.998091814550547e-07,2.0524122640578253e-06,2.0576804603256844e-07,7.038528857302391e-07,2.0642717086986562e-06,2.0695703461615374e-07,3.004969053414678e-09,3.004969053414678e-09,1.1859444640830925e-08,1.1859444640830925e-08,1.4864413694245603e-08,1.4864413694245603e-08,0.007253030537404041,1.5781226258875372,1.0,0.4562359290923607,1.001466262494888,1.0,0.0,0.0,input_tied,0.2315428923631736,0.0,0.10063809092004923,0.5338320394486294,6.464044150258063e-28,0.002360308190617311,0.0023602250157802027,-8.317483710844689e-08,8.317483710844689e-08,12.20872942575641,12.208730878862127
13.600000000000001,4.0,2.2326214311954813e-07,5.624647446325398e-07,8.964829270715869e-08,2.2357998936686197e-07,5.632654952919655e-07,8.977592013658726e-08,2.248815588660078e-07,5.665445418232288e-07,9.029855008991373e-08,8.007506594257652e-10,8.007506594257652e-10,3.2790465312632407e-09,3.2790465312632407e-09,4.079797190689006e-09,4.079797190689006e-09,0.00725342740077754,1.5835144599575646,1.0,0.4596467185984162,1.0014236459565993,1.0,0.0,0.0,input_tied,0.22481315838152577,0.0,0.09808481357269962,0.5280187978328652,1.1763492900019763e-27,0.00017781433066749706,0.00017780820385973031,-6.126807766747115e-09,6.126807766747115e-09,12.246888446825418,12.246888554030937
14.4,4.0,1.1131809583969892e-07,2.7939468474501134e-07,4.078671190518418e-08,1.1149214121952782e-07,2.7983151717249597e-07,4.085048175959969e-08,1.1212089558575847e-07,2.8140961304819284e-07,4.108085601278046e-08,4.368324274846297e-10,4.368324274846297e-10,1.5780958756968762e-09,1.5780958756968762e-09,2.014928303181506e-09,2.014928303181506e-09,0.007211763190915474,1.5609164733916419,1.0,0.4452731317042589,1.0015634958406001,1.0,0.0,0.0,input_tied,0.24689736687154024,0.0,0.10740742647090296,0.532466143070815,1.7068963378979146e-27,4.387572779472405e-05,4.387058642133118e-05,-5.141373392875278e-09,5.141373392875278e-09,12.249232186795336,12.24923227676655
15.200000000000001,4.0,4.969310806488475e-08,1.4683460382002564e-07,1.1758401285242486e-08,4.977739455848644e-08,1.4708365593967216e-07,1.1778345185982214e-08,5.004957979926978e-08,1.478879166018126e-07,1.1842749756549063e-08,2.4905211964652175e-10,2.4905211964652175e-10,8.042606621404269e-10,8.042606621404269e-10,1.0533127817869487e-09,1.0533127817869487e-09,0.007173464254229802,1.5399344597018174,1.0,0.4317398568847099,1.0016961405088938,1.0,0.0,0.0,input_tied,0.2678437733031129,0.0,0.11619019864791928,0.5368122063074404,2.4988862859392633e-27,1.211846841005734e-05,1.2116126877835614e-05,-2.3415322217263903e-09,2.3415322217263903e-09,12.249787927720678,12.249787968697138
16.0,4.0,2.01361072523426e-08,5.6043854424628775e-08,5.233410207626961e-09,2.0172839805916747e-08,5.6146090366231385e-08,5.242957063849868e-09,2.0279837909836332e-08,5.644389301917876e-08,5.270766061995939e-09,1.0223594160260945e-10,1.0223594160260945e-10,2.9780265294737476e-10,2.9780265294737476e-10,4.000385945499842e-10,4.000385945499842e-10,0.0071379564924104345,1.520124718640573,1.0,0.4187923832293445,1.0018242132460768,1.0,0.0,0.0,input_tied,0.2880682093121021,0.0,0.12459912372608362,0.5413067695156821,4.0656792509449235e-27,1.765415635176153e-06,1.7649500792930214e-06,-4.6555588313150567e-10,4.6555588313150567e-10,12.24996910524586,12.24996911339308
16.8,4.0,9.34728425409749e-09,2.5006055676432366e-08,2.2325758799479075e-09,9.365502762107258e-09,2.505479422051099e-08,2.236927325827326e-09,9.41370323678677e-09,2.5183741166030272e-08,2.248439890786966e-09,4.873854407862545e-11,4.873854407862545e-11,1.2894694551928123e-10,1.2894694551928123e-10,1.7768548959790668e-10,1.7768548959790668e-10,0.00710569839150487,1.5013415333766713,1.0,0.40635906399495303,1.0019490696457403,1.0,0.0,0.0,input_tied,0.30778474165805264,0.0,0.13268580337603814,0.546433925493272,6.1675384450814685e-27,3.514644177937844e-07,3.513492253407554e-07,-1.1519245302901365e-10,1.1519245302901365e-10,12.249993849373459,12.249993851389327
17.6,4.0,3.373969309809473e-09,7.319585854357583e-09,8.429917591522123e-10,3.3792022727407588e-09,7.330938394327894e-09,8.442992235130164e-10,3.3982289407791806e-09,7.37221539403998e-09,8.490530676911131e-10,1.1352539970310947e-11,1.1352539970310947e-11,4.1276999712085686e-11,4.1276999712085686e-11,5.262953968239663e-11,5.262953968239663e-11,0.007190234629335564,1.559816346703205,1.0,0.44456808785883606,1.001550981188854,1.0,0.0,0.0,input_tied,0.2449211322803274,0.0,0.10702376707827714,0.5256494824568092,1.0429280855287378e-26,5.6207073804593766e-08,5.539856383971502e-08,-8.085099648787451e-10,8.085099648787451e-10,12.249999016376224,12.24999903052515
18.4,4.0,1.7949803590232282e-09,1.9969300124387082e-09,3.8732741948561017e-10,1.7974123397528661e-09,1.9996356104605882e-09,3.878522011722254e-10,1.807964013078091e-09,2.0113744314669957e-09,3.901290797908519e-10,2.7055980218800013e-12,2.7055980218800013e-12,1.1738821006407406e-11,1.1738821006407406e-11,1.4444419028287408e-11,1.4444419028287408e-11,0.007233312604004318,1.5896510516836373,1.0,0.463514527796402,1.0013548787413815,1.0,0.0,0.0,input_tied,0.2139538750220957,0.0,0.09421603304878111,0.5139240325215798,1.686044268142297e-26,5.6207073804593766e-08,5.539856383971502e-08,-8.085099648787451e-10,8.085099648787451e-10,12.249999016376224,12.24999903052515
19.200000000000003,4.0,1.8603064690849132e-09,2.063041699959558e-09,3.88760954464617e-10,1.8630491090007043e-09,2.0660832313460686e-09,3.893341026684934e-10,1.873698621232802e-09,2.0778933218790843e-09,3.9155960400858685e-10,3.041531386510644e-12,3.041531386510644e-12,1.1810090533015718e-11,1.1810090533015718e-11,1.4851621919526362e-11,1.4851621919526362e-11,0.007198895649960687,1.5704009692603986,1.0,0.4513309811859851,1.001474294672071,1.0,0.0,0.0,input_tied,0.23281128294356795,0.0,0.10217329191624851,0.5190615771644347,1.6870931452033958e-26,5.6207073804593766e-08,5.539856383971502e-08,-8.085099648787451e-10,8.085099648787451e-10,12.249999016376224,12.24999903052515
20.0,4.0,0.0,0.0,0.0,1e-30,1e-30,1e-30,1.0055641423643005e-30,1.0055641423643005e-30,1.0055641423643005e-30,1e-30,1e-30,5.564142364300414e-33,5.564142364300414e-33,1.0055641423643005e-30,1.0055641423643005e-30,1.0055641423643005,1.5516627094173834,1.0,0.43932707173589636,1.0010450732710223,1.0,0.0,0.0,input_tied,0.16503135608229763,0.0,0.11002090405486509,0.0,0.0,5.6207073804593766e-08,5.539856383971502e-08,-8.085099648787451e-10,8.085099648787451e-10,12.249999016376224,12.24999903052515
