D,eta,C_uv_ee,C_uv_mumu,C_uv_tautau,C_match_ee,C_match_mumu,C_match_tautau,C_ir_ee,C_ir_mumu,C_ir_tautau,delta_C_match_mumu,abs_delta_C_match_mumu,delta_C_rge_mumu,abs_delta_C_rge_mumu,delta_C_mumu,abs_delta_C_mumu,rel_delta_C_mumu,mu_match,mu_low,log_ratio,finite_fac_diag,finite_fac_offdiag,kappa_diag,kappa_offdiag,mu_mumu_uv_tree,mu_mumu_uv_rge,delta_mu_mumu,abs_delta_mu_mumu,chi2_uv_tree,chi2_uv_rge
4.0,0.2,0.0001627775423225516,0.001475850214310484,0.0003435162004482507,0.0001627775423225516,0.001475850214310484,0.0003435162004482507,0.00016328794601713393,0.0014804778760338778,0.0003445933265392089,0.0,0.0,4.627661723393848e-06,4.627661723393848e-06,4.627661723393848e-06,4.627661723393848e-06,0.003135590372601523,1.280917082806759,1.0,0.24757629233153006,1.0,1.0,0.0,0.0,2.4083057749130696,2.4082830918004836,-2.2683112586019405e-05,2.2683112586019405e-05,6.3542533482690375,6.3539674575671405
4.8,0.2,0.00019561316472306423,0.0015683202593658855,0.00015202569746889267,0.00019561316472306423,0.0015683202593658855,0.00015202569746889267,0.00019637546051902744,0.0015744319336089309,0.00015261813484509368,0.0,0.0,6.1116742430453435e-06,6.1116742430453435e-06,6.1116742430453435e-06,6.1116742430453435e-06,0.0038969554888721894,1.3602809677586774,1.0,0.30769127235057525,1.0,1.0,0.0,0.0,13.739693054106448,13.739247292263078,-0.0004457618433697519,0.0004457618433697519,951.6751541847682,951.6063983726356
5.6,0.2,0.00015714102819852047,0.0013021892258809047,5.95315210820674e-05,0.00015714102819852047,0.0013021892258809047,5.95315210820674e-05,0.00015785364020590934,0.0013080944671084397,5.980148798522149e-05,0.0,0.0,5.905241227534969e-06,5.905241227534969e-06,5.905241227534969e-06,5.905241227534969e-06,0.004534856463383954,1.4305484675437201,1.0,0.35805791447458585,1.0,1.0,0.0,0.0,57.97841649278751,57.971396100372516,-0.007020392414993637,0.007020392414993637,20006.982580195807,20002.017854657763
6.4,0.2,0.00010403201165275393,0.0006722767776805383,2.7226734432871625e-05,0.00010403201165275393,0.0006722767776805383,2.7226734432871625e-05,0.00010454637839023412,0.0006756007239094497,2.736135190628184e-05,0.0,0.0,3.3239462289113685e-06,3.3239462289113685e-06,3.3239462289113685e-06,3.3239462289113685e-06,0.004944312133433362,1.4775528482269376,1.0,0.3903872383399466,1.0,1.0,0.0,0.0,59.89373701777251,59.87715710517823,-0.016579912594281154,0.016579912594281154,21384.482939402056,21372.361894398106
7.2,0.2,7.600592234179004e-05,0.00012096550465777213,1.7567975576632363e-05,7.600592234179004e-05,0.00012096550465777213,1.7567975576632363e-05,7.639117639912269e-05,0.0001215786470291933,1.765702303058711e-05,0.0,0.0,6.131423714211733e-07,6.131423714211733e-07,6.131423714211733e-07,6.131423714211733e-07,0.00506873734917931,1.4921401916441892,1.0,0.40021145959540433,1.0,1.0,0.0,0.0,3.5327999605625657,3.5313944825874684,-0.00140547797509738,0.00140547797509738,28.43022294859801,28.392765252526882
8.0,0.2,6.3139305049492e-05,8.591083119440914e-05,1.3492972406410995e-05,6.3139305049492e-05,8.591083119440914e-05,1.3492972406410995e-05,6.344511424435764e-05,8.632693210171572e-05,1.3558324329824065e-05,0.0,0.0,4.161009073065761e-07,4.161009073065761e-07,4.161009073065761e-07,4.161009073065761e-07,0.004843404510485692,1.4658274448318904,1.0,0.38241989178356733,1.0,1.0,0.0,0.0,2.326336307979451,2.3245432700991953,-0.0017930378802555325,0.0017930378802555325,5.36311847175625,5.34237661428571
8.8,0.2,2.2146857572774686e-05,5.848230801141098e-05,7.0477503435368525e-06,2.2146857572774686e-05,5.848230801141098e-05,7.0477503435368525e-06,2.2269467660376946e-05,5.880607949388424e-05,7.08676830733512e-06,0.0,0.0,3.237714824732592e-07,3.237714824732592e-07,3.237714824732592e-07,3.237714824732592e-07,0.005536229562111082,1.5482467554553723,1.0,0.43712316521321565,1.0,1.0,0.0,0.0,1.5836854177067452,1.5836905358879223,5.118181177099501e-06,5.118181177099501e-06,0.21087707923813434,0.21088883109245066
9.600000000000001,0.2,1.0975147167187051e-05,4.357983832889942e-05,3.9560295599136784e-06,1.0975147167187051e-05,4.357983832889942e-05,3.9560295599136784e-06,1.1035886454513403e-05,4.382102036332433e-05,3.97792324502339e-06,0.0,0.0,2.4118203442490747e-07,2.4118203442490747e-07,2.4118203442490747e-07,2.4118203442490747e-07,0.0055342572086819935,1.5480056645464257,1.0,0.4369674344285572,1.0,1.0,0.0,0.0,1.0000000014340396,1.0000000014340396,0.0,0.0,0.9999999928298018,0.9999999928298018
10.4,0.2,7.422066641494055e-06,2.996797540013257e-05,2.1099883030149804e-06,7.422066641494055e-06,2.996797540013257e-05,2.1099883030149804e-06,7.461609087312678e-06,3.0127635384445922e-05,2.1212296596586205e-06,0.0,0.0,1.596599843133514e-07,1.596599843133514e-07,1.596599843133514e-07,1.596599843133514e-07,0.005327686711616999,1.5229622419775668,1.0,0.42065728173279693,1.0,1.0,0.0,0.0,0.49525459849504183,0.4950549751909515,-0.00019962330409034612,0.00019962330409034612,5.116026509652297,5.118284362041557
11.2,0.2,4.55850806982556e-06,1.6473387012688653e-05,7.956067069736858e-07,4.55850806982556e-06,1.6473387012688653e-05,7.956067069736858e-07,4.581894904793865e-06,1.6557901590163015e-05,7.996884640904134e-07,0.0,0.0,8.451457747436178e-08,8.451457747436178e-08,8.451457747436178e-08,8.451457747436178e-08,0.005130370421654289,1.499419168235305,1.0,0.40507781194222237,1.0,1.0,0.0,0.0,0.15211173576310222,0.1519898999467131,-0.00012183581638910979,0.00012183581638910979,9.73265700012611,9.734557561468842
12.0,0.2,2.5104925261873333e-06,8.24876113831468e-06,4.859955493187318e-07,2.5104925261873333e-06,8.24876113831468e-06,4.859955493187318e-07,2.522914132461271e-06,8.289574987405683e-06,4.884001951408373e-07,0.0,0.0,4.081384909100378e-08,4.081384909100378e-08,4.081384909100378e-08,4.081384909100378e-08,0.004947876221245817,1.4779687035454037,1.0,0.3906686474340275,1.0,1.0,0.0,0.0,0.038205369153138644,0.03816086843121324,-4.4500721925404274e-05,4.4500721925404274e-05,11.59052885377087,11.591286376700172
12.8,0.2,6.987777679838697e-07,2.049432118460616e-06,2.054656994669212e-07,6.987777679838697e-07,2.049432118460616e-06,2.054656994669212e-07,7.02815512447189e-07,2.061274342939421e-06,2.0665294100269334e-07,0.0,0.0,1.1842224478804749e-08,1.1842224478804749e-08,1.1842224478804749e-08,1.1842224478804749e-08,0.005778295544474907,1.5781226258875372,1.0,0.4562359290923607,1.0,1.0,0.0,0.0,0.0023603653739174427,0.002361511003104018,1.1456291865753754e-06,1.1456291865753754e-06,12.208728426735806,12.208708412034536
13.600000000000001,0.2,2.2327272996020043e-07,5.624265717181786e-07,8.965344399730698e-08,2.2327272996020043e-07,5.624265717181786e-07,8.965344399730698e-08,2.2457251075064666e-07,5.657007344611439e-07,9.017536095656043e-08,0.0,0.0,3.274162742965221e-09,3.274162742965221e-09,3.274162742965221e-09,3.274162742965221e-09,0.005821493698213537,1.5835144599575646,1.0,0.4596467185984162,1.0,1.0,0.0,0.0,0.00017779019525588106,0.0001778917797778121,1.0158452193103837e-07,1.0158452193103837e-07,12.246888869141477,12.246887091638166
14.4,0.2,1.1131066673669272e-07,2.79382330684051e-07,4.079939170662938e-08,1.1131066673669272e-07,2.79382330684051e-07,4.079939170662938e-08,1.1193839768663417e-07,2.809578933949636e-07,4.102947784000615e-08,0.0,0.0,1.5755627109126215e-09,1.5755627109126215e-09,1.5755627109126215e-09,1.5755627109126215e-09,0.0056394500935508345,1.5609164733916419,1.0,0.4452731317042589,1.0,1.0,0.0,0.0,4.3871847558620307e-05,4.3881027185288934e-05,9.179626668627745e-09,9.179626668627745e-09,12.249232254697342,12.24923209405891
15.200000000000001,0.2,4.9719954079894454e-08,1.4657335329970073e-07,1.1801348079610631e-08,4.9719954079894454e-08,1.4657335329970073e-07,1.1801348079610631e-08,4.9991825233316756e-08,1.4737482360191644e-07,1.1865878431130791e-08,0.0,0.0,8.014703022157102e-10,8.014703022157102e-10,8.014703022157102e-10,8.014703022157102e-10,0.0054680491656415335,1.5399344597018174,1.0,0.4317398568847099,1.0,1.0,0.0,0.0,1.2075383967001188e-05,1.2073793845661057e-05,-1.5901213401304924e-09,1.5901213401304924e-09,12.24978868169192,12.249788709518802
16.0,0.2,2.016537117648104e-08,5.612530329078433e-08,5.197701772295984e-09,2.016537117648104e-08,5.612530329078433e-08,5.197701772295984e-09,2.0272329666285993e-08,5.642299568768049e-08,5.225270733321096e-09,0.0,0.0,2.976923968961619e-10,2.976923968961619e-10,2.976923968961619e-10,2.976923968961619e-10,0.005304067496149147,1.520124718640573,1.0,0.4187923832293445,1.0,1.0,0.0,0.0,1.7705507419396407e-06,1.769740204226204e-06,-8.105377134366421e-10,8.105377134366421e-10,12.249969015381605,12.249969029566
16.8,0.2,8.36432525016303e-09,2.705844584190928e-08,2.4158161653806832e-09,8.36432525016303e-09,2.705844584190928e-08,2.4158161653806832e-09,8.407373066993846e-09,2.7197704776191676e-08,2.4282493992248838e-09,0.0,0.0,1.3925893428239487e-10,1.3925893428239487e-10,1.3925893428239487e-10,1.3925893428239487e-10,0.005146597668470103,1.5013415333766713,1.0,0.40635906399495303,1.0,1.0,0.0,0.0,4.115254256548736e-07,4.1120818130623116e-07,-3.172443486424144e-10,3.172443486424144e-10,12.249992798306106,12.24999280385788
17.6,0.2,3.4844108883177897e-09,7.139226485334546e-09,8.22219892437438e-10,3.4844108883177897e-09,7.139226485334546e-09,8.22219892437438e-10,3.5040299356344556e-09,7.179424047192066e-09,8.268494184868821e-10,0.0,0.0,4.0197561857520727e-11,4.0197561857520727e-11,4.0197561857520727e-11,4.0197561857520727e-11,0.005630520608933596,1.559816346703205,1.0,0.44456808785883606,1.0,1.0,0.0,0.0,5.620707380459479e-08,5.559007194408202e-08,-6.170018605127704e-10,6.170018605127704e-10,12.249999016376224,12.249999027173757
18.4,0.2,0.0,0.0,0.0,1e-30,1e-30,1e-30,1.0058704800739689e-30,1.0058704800739689e-30,1.0058704800739689e-30,1e-30,1e-30,5.870480073968777e-33,5.870480073968777e-33,1.0058704800739689e-30,1.0058704800739689e-30,1.0058704800739688,1.5896510516836373,1.0,0.463514527796402,1.0,1.0,0.0,0.0,5.620707380459479e-08,5.559007194408202e-08,-6.170018605127704e-10,6.170018605127704e-10,12.249999016376224,12.249999027173757
19.200000000000003,0.2,0.0,0.0,0.0,1e-30,1e-30,1e-30,1.0057161736535278e-30,1.0057161736535278e-30,1.0057161736535278e-30,1e-30,1e-30,5.716173653527695e-33,5.716173653527695e-33,1.0057161736535278e-30,1.0057161736535278e-30,1.0057161736535276,1.5704009692603986,1.0,0.4513309811859851,1.0,1.0,0.0,0.0,5.620707380459479e-08,5.559007194408202e-08,-6.170018605127704e-10,6.170018605127704e-10,12.249999016376224,12.249999027173757
20.0,0.2,0.0,0.0,0.0,1e-30,1e-30,1e-30,1.0055641423643005e-30,1.0055641423643005e-30,1.0055641423643005e-30,1e-30,1e-30,5.564142364300414e-33,5.564142364300414e-33,1.0055641423643005e-30,1.0055641423643005e-30,1.0055641423643005,1.5516627094173834,1.0,0.43932707173589636,1.0,1.0,0.0,0.0,5.620707380459479e-08,5.559007194408202e-08,-6.170018605127704e-10,6.170018605127704e-10,12.249999016376224,12.249999027173757
4.0,0.39,0.0001643537204814778,0.001479879334397086,0.0003418631110110911,0.0001643537204814778,0.001479879334397086,0.0003418631110110911,0.0001648690664251208,0.0014845196297906334,0.0003429350536907251,0.0,0.0,4.640295393547496e-06,4.640295393547496e-06,4.640295393547496e-06,4.640295393547496e-06,0.003135590372601552,1.280917082806759,1.0,0.24757629233153006,1.0,1.0,0.0,0.0,2.4448817340064375,2.4448584837888965,-2.3250217541015417e-05,2.3250217541015417e-05,6.823611487876873,6.823307819660199
4.8,0.39,0.0001957482366241846,0.0015684082500680974,0.0001519655378413106,0.0001957482366241846,0.0015684082500680974,0.0001519655378413106,0.00019651105878933428,0.0015745202672069927,0.0001525577407781207,0.0,0.0,6.112017138895295e-06,6.112017138895295e-06,6.112017138895295e-06,6.112017138895295e-06,0.003896955488872188,1.3602809677586774,1.0,0.30769127235057525,1.0,1.0,0.0,0.0,13.75197083534177,13.751524326592966,-0.00044650874880325375,0.00044650874880325375,953.5698969820852,953.5009574401113
5.6,0.39,0.00015714878218132266,0.0013021843961999126,5.952962446598866e-05,0.00015714878218132266,0.0013021843961999126,5.952962446598866e-05,0.00015786142935191055,0.0013080896155255376,5.979958276826108e-05,0.0,0.0,5.9052193256249955e-06,5.9052193256249955e-06,5.9052193256249955e-06,5.9052193256249955e-06,0.004534856463384023,1.4305484675437201,1.0,0.35805791447458585,1.0,1.0,0.0,0.0,57.98141445255274,57.97439328206404,-0.007021170488698658,0.007021170488698658,20009.10288407215,20004.137345210333
6.4,0.39,0.00010403240172801326,0.0006722762677837896,2.722666115284072e-05,0.00010403240172801326,0.0006722762677837896,2.722666115284072e-05,0.00010454677039414729,0.0006756002114916123,2.736127826393159e-05,0.0,0.0,3.3239437078226705e-06,3.3239437078226705e-06,3.3239437078226705e-06,3.3239437078226705e-06,0.0049443121334333375,1.4775528482269376,1.0,0.3903872383399466,1.0,1.0,0.0,0.0,59.893889503106685,59.87730948095769,-0.016580022148993123,0.016580022148993123,21384.59443251034,21372.473275823155
7.2,0.39,7.600594590530389e-05,0.00012096549319106976,1.756797131568862e-05,7.600594590530389e-05,0.00012096549319106976,1.756797131568862e-05,7.63912000820738e-05,0.00012157863550436924,1.7657018748045763e-05,0.0,0.0,6.131423132994801e-07,6.131423132994801e-07,6.131423132994801e-07,6.131423132994801e-07,0.005068737349179387,1.4921401916441892,1.0,0.40021145959540433,1.0,1.0,0.0,0.0,3.5328002675717647,3.531394789086081,-0.00140547848568362,0.00140547848568362,28.43023113346369,28.392773418395624
8.0,0.39,6.313930682738233e-05,8.591083025389644e-05,1.349297208804796e-05,6.313930682738233e-05,8.591083025389644e-05,1.349297208804796e-05,6.3445116030859e-05,8.632693115664773e-05,1.3558324009919068e-05,0.0,0.0,4.161009027512871e-07,4.161009027512871e-07,4.161009027512871e-07,4.161009027512871e-07,0.004843404510485627,1.4658274448318904,1.0,0.38241989178356733,1.0,1.0,0.0,0.0,2.326336305231899,2.3245432673166477,-0.0017930379152510945,0.0017930379152510945,5.363118439941785,5.342376582128391
8.8,0.39,2.214685762024657e-05,5.848230796281713e-05,7.047750330111339e-06,2.214685762024657e-05,5.848230796281713e-05,7.047750330111339e-06,2.2269467708111643e-05,5.880607944502137e-05,7.086768293835279e-06,0.0,0.0,3.2377148220423475e-07,3.2377148220423475e-07,3.2377148220423475e-07,3.2377148220423475e-07,0.00553622956211112,1.5482467554553723,1.0,0.43712316521321565,1.0,1.0,0.0,0.0,1.5836854161367901,1.5836905343179657,5.118181175545189e-06,5.118181175545189e-06,0.21087707563341124,0.21088882748762353
9.600000000000001,0.39,1.09751471214853e-05,4.357983841062781e-05,3.9560295804184945e-06,1.09751471214853e-05,4.357983841062781e-05,3.9560295804184945e-06,1.1035886408558726e-05,4.382102044550503e-05,3.977923265641685e-06,0.0,0.0,2.411820348772163e-07,2.411820348772163e-07,2.411820348772163e-07,2.411820348772163e-07,0.005534257208682059,1.5480056645464257,1.0,0.4369674344285572,1.0,1.0,0.0,0.0,1.000000004530877,1.000000004530877,0.0,0.0,0.9999999773456146,0.9999999773456146
10.4,0.39,7.422066720532107e-06,2.9967975391542423e-05,2.1099882180730904e-06,7.422066720532107e-06,2.9967975391542423e-05,2.1099882180730904e-06,7.461609166771821e-06,3.0127635375810008e-05,2.1212295742641867e-06,0.0,0.0,1.5965998426758452e-07,1.5965998426758452e-07,1.5965998426758452e-07,1.5965998426758452e-07,0.005327686711616956,1.5229622419775668,1.0,0.42065728173279693,1.0,1.0,0.0,0.0,0.49525459895960605,0.4950549756550269,-0.00019962330457917732,0.00019962330457917732,5.116026504398395,5.1182843567920235
11.2,0.39,4.558509357281773e-06,1.647338352167816e-05,7.956065756958179e-07,4.558509357281773e-06,1.647338352167816e-05,7.956065756958179e-07,4.581896198855205e-06,1.6557898081242346e-05,7.996883321390414e-07,0.0,0.0,8.451455956418554e-08,8.451455956418554e-08,8.451455956418554e-08,8.451455956418554e-08,0.005130370421654334,1.499419168235305,1.0,0.40507781194222237,1.0,1.0,0.0,0.0,0.15211167143094356,0.15198983566597143,-0.000121835764972128,0.000121835764972128,9.732658003617956,9.734558564256552
12.0,0.39,2.5104965993082044e-06,8.24875378797052e-06,4.859945413114697e-07,2.5104965993082044e-06,8.24875378797052e-06,4.859945413114697e-07,2.5229182257354397e-06,8.289567600692931e-06,4.8839918214608e-07,0.0,0.0,4.081381272241091e-08,4.081381272241091e-08,4.081381272241091e-08,4.081381272241091e-08,0.004947876221245843,1.4779687035454037,1.0,0.3906686474340275,1.0,1.0,0.0,0.0,0.038205301225997745,0.03816080058300468,-4.450064299306444e-05,4.450064299306444e-05,11.590530010056094,11.591287531679512
12.8,0.39,6.987844538077648e-07,2.0493996179637837e-06,2.0546948193089945e-07,6.987844538077648e-07,2.0493996179637837e-06,2.0546948193089945e-07,7.028222369037506e-07,2.0612416546451125e-06,2.0665674532286635e-07,0.0,0.0,1.1842036681328798e-08,1.1842036681328798e-08,1.1842036681328798e-08,1.1842036681328798e-08,0.0057782955444749505,1.5781226258875372,1.0,0.4562359290923607,1.0,1.0,0.0,0.0,0.0023602904960521014,0.002361436088888249,1.1455928361474993e-06,1.1455928361474993e-06,12.20872973488925,12.208709720821966
13.600000000000001,0.39,2.2326970559833423e-07,5.624471534190801e-07,8.964636729611168e-08,2.2326970559833423e-07,5.624471534190801e-07,8.964636729611168e-08,2.2456946878247692e-07,5.657214359782873e-07,9.016824305839374e-08,0.0,0.0,3.274282559207258e-09,3.274282559207258e-09,3.274282559207258e-09,3.274282559207258e-09,0.005821493698213432,1.5835144599575646,1.0,0.4596467185984162,1.0,1.0,0.0,0.0,0.00017780320873794195,0.00017790480069597954,1.0159195803759202e-07,1.0159195803759202e-07,12.246888641434467,12.246886863801056
14.4,0.39,1.113134196412108e-07,2.7940829939365746e-07,4.0786970273570986e-08,1.113134196412108e-07,2.7940829939365746e-07,4.0786970273570986e-08,1.1194116611601988e-07,2.809840085538119e-07,4.101698635689593e-08,0.0,0.0,1.5757091601544389e-09,1.5757091601544389e-09,1.5757091601544389e-09,1.5757091601544389e-09,0.005639450093550827,1.5609164733916419,1.0,0.4452731317042589,1.0,1.0,0.0,0.0,4.388000394344153e-05,4.388918527677002e-05,9.181333328492716e-09,9.181333328492716e-09,12.249232111965078,12.249231951296784
15.200000000000001,0.39,4.970961639268695e-08,1.4671605106444097e-07,1.1770674642155955e-08,4.970961639268695e-08,1.4671605106444097e-07,1.1770674642155955e-08,4.9981431019127345e-08,1.4751830164505012e-07,1.1835037269812035e-08,0.0,0.0,8.022505806091527e-10,8.022505806091527e-10,8.022505806091527e-10,8.022505806091527e-10,0.005468049165641639,1.5399344597018174,1.0,0.4317398568847099,1.0,1.0,0.0,0.0,1.209890764025121e-05,1.2097314421241093e-05,-1.5932190101171535e-09,1.5932190101171535e-09,12.24978827003119,12.24978829791228
16.0,0.39,2.015482472120635e-08,5.614789054568484e-08,5.199793552793266e-09,2.015482472120635e-08,5.614789054568484e-08,5.199793552793266e-09,2.0261727271900682e-08,5.6445702746905545e-08,5.227373608763323e-09,0.0,0.0,2.9781220122070363e-10,2.9781220122070363e-10,2.9781220122070363e-10,2.9781220122070363e-10,0.005304067496149088,1.520124718640573,1.0,0.4187923832293445,1.0,1.0,0.0,0.0,1.7719761214314132e-06,1.7711649311956812e-06,-8.111902357320163e-10,8.111902357320163e-10,12.249968990437496,12.249969004633307
16.8,0.39,9.525971967553885e-09,2.465308211878335e-08,2.201061903443448e-09,9.525971967553885e-09,2.465308211878335e-08,2.201061903443448e-09,9.574998312672009e-09,2.4779961613736484e-08,2.2123898835038683e-09,0.0,0.0,1.2687949495313423e-10,1.2687949495313423e-10,1.2687949495313423e-10,1.2687949495313423e-10,0.005146597668470178,1.5013415333766713,1.0,0.40635906399495303,1.0,1.0,0.0,0.0,3.4161223812706047e-07,3.413488897524074e-07,-2.633483746530476e-10,2.633483746530476e-10,12.249994021786561,12.249994026395154
17.6,0.39,3.4844108883177897e-09,7.139226485334546e-09,8.22219892437438e-10,3.4844108883177897e-09,7.139226485334546e-09,8.22219892437438e-10,3.5040299356344556e-09,7.179424047192066e-09,8.268494184868821e-10,0.0,0.0,4.0197561857520727e-11,4.0197561857520727e-11,4.0197561857520727e-11,4.0197561857520727e-11,0.005630520608933596,1.559816346703205,1.0,0.44456808785883606,1.0,1.0,0.0,0.0,5.620707380459479e-08,5.559007194408202e-08,-6.170018605127704e-10,6.170018605127704e-10,12.249999016376224,12.249999027173757
18.4,0.39,0.0,0.0,0.0,1e-30,1e-30,1e-30,1.0058704800739689e-30,1.0058704800739689e-30,1.0058704800739689e-30,1e-30,1e-30,5.870480073968777e-33,5.870480073968777e-33,1.0058704800739689e-30,1.0058704800739689e-30,1.0058704800739688,1.5896510516836373,1.0,0.463514527796402,1.0,1.0,0.0,0.0,5.620707380459479e-08,5.559007194408202e-08,-6.170018605127704e-10,6.170018605127704e-10,12.249999016376224,12.249999027173757
19.200000000000003,0.39,0.0,0.0,0.0,1e-30,1e-30,1e-30,1.0057161736535278e-30,1.0057161736535278e-30,1.0057161736535278e-30,1e-30,1e-30,5.716173653527695e-33,5.716173653527695e-33,1.0057161736535278e-30,1.0057161736535278e-30,1.0057161736535276,1.5704009692603986,1.0,0.4513309811859851,1.0,1.0,0.0,0.0,5.620707380459479e-08,5.559007194408202e-08,-6.170018605127704e-10,6.170018605127704e-10,12.249999016376224,12.249999027173757
20.0,0.39,0.0,0.0,0.0,1e-30,1e-30,1e-30,1.0055641423643005e-30,1.0055641423643005e-30,1.0055641423643005e-30,1e-30,1e-30,5.564142364300414e-33,5.564142364300414e-33,1.0055641423643005e-30,1.0055641423643005e-30,1.0055641423643005,1.5516627094173834,1.0,0.43932707173589636,1.0,1.0,0.0,0.0,5.620707380459479e-08,5.559007194408202e-08,-6.170018605127704e-10,6.170018605127704e-10,12.249999016376224,12.249999027173757
4.0,0.5800000000000001,0.0001659330026447101,0.001483840509436632,0.00034022002731432796,0.0001659330026447101,0.001483840509436632,0.00034022002731432796,0.00016645330057029974,0.0014884932254524976,0.000341286817956541,0.0,0.0,4.652716015865694e-06,4.652716015865694e-06,4.652716015865694e-06,4.652716015865694e-06,0.0031355903726015574,1.280917082806759,1.0,0.24757629233153006,1.0,1.0,0.0,0.0,2.4817186502010133,2.4816948218207324,-2.382838028092138e-05,2.382838028092138e-05,7.313220238704391,7.312898047211163
4.8,0.5800000000000001,0.0001958833193433922,0.0015684959230168687,0.00015190541897145798,0.0001958833193433922,0.0015684959230168687,0.00015190541897145798,0.00019664666791988593,0.001574608281813343,0.00015249738762770823,0.0,0.0,6.11235879647426e-06,6.11235879647426e-06,6.11235879647426e-06,6.11235879647426e-06,0.0038969554888722037,1.3602809677586774,1.0,0.30769127235057525,1.0,1.0,0.0,0.0,13.764250791321151,13.76380353480306,-0.0004472565180915211,0.0004472565180915211,955.4668601917856,955.3977365450538
5.6,0.5800000000000001,0.00015715653609501317,0.0013021795653970348,5.9527727966730964e-05,0.00015715653609501317,0.0013021795653970348,5.9527727966730964e-05,0.00015786921842848669,0.0013080847628156621,5.979767766865146e-05,0.0,0.0,5.905197418627295e-06,5.905197418627295e-06,5.905197418627295e-06,5.905197418627295e-06,0.004534856463383988,1.4305484675437201,1.0,0.35805791447458585,1.0,1.0,0.0,0.0,57.984412349898555,57.977390401290265,-0.007021948608290529,0.007021948608290529,20011.223256145946,20006.256903875077
6.4,0.5800000000000001,0.00010403279180139761,0.0006722757578882119,2.722658787324833e-05,0.00010403279180139761,0.0006722757578882119,2.722658787324833e-05,0.0001045471623961762,0.0006755996990749517,2.7361204622022022e-05,0.0,0.0,3.323941186739827e-06,3.323941186739827e-06,3.323941186739827e-06,3.323941186739827e-06,0.0049443121334334095,1.4775528482269376,1.0,0.3903872383399466,1.0,1.0,0.0,0.0,59.89404198785311,59.87746185614923,-0.016580131703875622,0.016580131703875622,21384.705925479517,21372.584657108673
7.2,0.5800000000000001,7.600596946658363e-05,0.00012096548172608394,1.7567967055043967e-05,7.600596946658363e-05,0.00012096548172608394,1.7567967055043967e-05,7.639122376277949e-05,0.00012157862398127041,1.765701446580502e-05,0.0,0.0,6.131422551864741e-07,6.131422551864741e-07,6.131422551864741e-07,6.131422551864741e-07,0.005068737349179352,1.4921401916441892,1.0,0.40021145959540433,1.0,1.0,0.0,0.0,3.5328005746126183,3.5313950956163658,-0.0014054789962525405,0.0014054789962525405,28.430239319174472,28.392781585109358
8.0,0.5800000000000001,6.313930858617458e-05,8.591082932490183e-05,1.3492971772223995e-05,6.313930858617458e-05,8.591082932490183e-05,1.3492971772223995e-05,6.34451177981698e-05,8.632693022315362e-05,1.355832369256544e-05,0.0,0.0,4.161008982517939e-07,4.161008982517939e-07,4.161008982517939e-07,4.161008982517939e-07,0.0048434045104856676,1.4658274448318904,1.0,0.38241989178356733,1.0,1.0,0.0,0.0,2.3263363027237025,2.3245432647735687,-0.0017930379501338578,0.0017930379501338578,5.363118410898869,5.342376552738557
8.8,0.5800000000000001,2.2146857658873006e-05,5.8482307920591084e-05,7.047750319392006e-06,2.2146857658873006e-05,5.8482307920591084e-05,7.047750319392006e-06,2.2269467746951926e-05,5.8806079402561544e-05,7.086768283056602e-06,0.0,0.0,3.2377148197046044e-07,3.2377148197046044e-07,3.2377148197046044e-07,3.2377148197046044e-07,0.005536229562111099,1.5482467554553723,1.0,0.43712316521321565,1.0,1.0,0.0,0.0,1.5836854146977373,1.5836905328789106,5.118181173324743e-06,5.118181173324743e-06,0.21087707232924843,0.21088882418336355
9.600000000000001,0.5800000000000001,1.0975147149202085e-05,4.357983822784458e-05,3.956029603160199e-06,1.0975147149202085e-05,4.357983822784458e-05,3.956029603160199e-06,1.1035886436428904e-05,4.382102026171023e-05,3.977923288509248e-06,0.0,0.0,2.411820338656489e-07,2.411820338656489e-07,2.411820338656489e-07,2.411820338656489e-07,0.005534257208682106,1.5480056645464257,1.0,0.4369674344285572,1.0,1.0,0.0,0.0,0.9999999954199654,0.9999999954199656,2.220446049250313e-16,2.220446049250313e-16,1.0000000229001726,1.0000000229001713
10.4,0.5800000000000001,7.422066759185097e-06,2.9967975434603827e-05,2.1099881920232147e-06,7.422066759185097e-06,2.9967975434603827e-05,2.1099881920232147e-06,7.4616092056307415e-06,3.0127635419100828e-05,2.1212295480755254e-06,0.0,0.0,1.596599844970017e-07,1.596599844970017e-07,1.596599844970017e-07,1.596599844970017e-07,0.00532768671161694,1.5229622419775668,1.0,0.42065728173279693,1.0,1.0,0.0,0.0,0.4952546006122635,0.49505497730692566,-0.00019962330533784822,0.00019962330533784822,5.116026485707966,5.1182843381060525
11.2,0.5800000000000001,4.5585086100972345e-06,1.6473385567782955e-05,7.956066873864116e-07,4.5585086100972345e-06,1.6473385567782955e-05,7.956066873864116e-07,4.581895447837334e-06,1.6557900137844417e-05,7.996884444026492e-07,0.0,0.0,8.451457006146147e-08,8.451457006146147e-08,8.451457006146147e-08,8.451457006146147e-08,0.0051303704216543585,1.499419168235305,1.0,0.40507781194222237,1.0,1.0,0.0,0.0,0.1521117091004121,0.15198987330536187,-0.00012183579505023467,0.00012183579505023467,9.73265741602684,9.734557977077289
12.0,0.5800000000000001,2.5104944193587334e-06,8.2487599328465e-06,4.859946757239362e-07,2.5104944193587334e-06,8.2487599328465e-06,4.859946757239362e-07,2.5229160349998487e-06,8.289573775972996e-06,4.883993172236027e-07,0.0,0.0,4.0813843126495924e-08,4.0813843126495924e-08,4.0813843126495924e-08,4.0813843126495924e-08,0.004947876221245755,1.4779687035454037,1.0,0.3906686474340275,1.0,1.0,0.0,0.0,0.03820535812588452,0.038160857416641276,-4.45007092432434e-05,4.45007092432434e-05,11.590529041481563,11.59128656420111
12.8,0.5800000000000001,6.987835376806135e-07,2.0494095611428797e-06,2.0546683004974258e-07,6.987835376806135e-07,2.0494095611428797e-06,2.0546683004974258e-07,7.028213154829459e-07,2.061251655278836e-06,2.066540781183564e-07,0.0,0.0,1.1842094135956469e-08,1.1842094135956469e-08,1.1842094135956469e-08,1.1842094135956469e-08,0.005778295544475049,1.5781226258875372,1.0,0.4562359290923607,1.0,1.0,0.0,0.0,0.0023603134102360003,0.002361459014199159,1.145603963158704e-06,1.145603963158704e-06,12.208729334567085,12.208709320305736
13.600000000000001,0.5800000000000001,2.232572139488502e-07,5.624780701442261e-07,8.964772358412404e-08,2.232572139488502e-07,5.624780701442261e-07,8.964772358412404e-08,2.2455690441293413e-07,5.65752532684954e-07,9.01696072420282e-08,0.0,0.0,3.2744625407278755e-09,3.2744625407278755e-09,3.2744625407278755e-09,3.2744625407278755e-09,0.005821493698213451,1.5835144599575646,1.0,0.4596467185984162,1.0,1.0,0.0,0.0,0.00017782275614435745,0.0001779243592711492,1.0160312679174596e-07,1.0160312679174596e-07,12.2468882993983,12.246886521569488
14.4,0.5800000000000001,1.1133857147543611e-07,2.7933252033945347e-07,4.079004438719734e-08,1.1133857147543611e-07,2.7933252033945347e-07,4.079004438719734e-08,1.1196645979275907e-07,2.809078021474136e-07,4.102007780683266e-08,0.0,0.0,1.5752818079601374e-09,1.5752818079601374e-09,1.5752818079601374e-09,1.5752818079601374e-09,0.005639450093550893,1.5609164733916419,1.0,0.4452731317042589,1.0,1.0,0.0,0.0,4.385620550324581e-05,4.3865381857043227e-05,9.176353797416231e-09,9.176353797416231e-09,12.249232528424734,12.249232367843573
15.200000000000001,0.5800000000000001,4.97098973959577e-08,1.4677656187784625e-07,1.1761015684834107e-08,4.97098973959577e-08,1.4677656187784625e-07,1.1761015684834107e-08,4.9981713558937793e-08,1.4757914333455815e-07,1.1825325496836662e-08,0.0,0.0,8.02581456711906e-10,8.02581456711906e-10,8.02581456711906e-10,8.02581456711906e-10,0.005468049165641642,1.5399344597018174,1.0,0.4317398568847099,1.0,1.0,0.0,0.0,1.2108889732568738e-05,1.2107295199086398e-05,-1.5945334823400353e-09,1.5945334823400353e-09,12.249788095346085,12.249788123250179
16.0,0.5800000000000001,2.0151203156633208e-08,5.6155628670612565e-08,5.200510171916778e-09,2.0151203156633208e-08,5.6155628670612565e-08,5.200510171916778e-09,2.0258086498304602e-08,5.6453481915370176e-08,5.228094028883034e-09,0.0,0.0,2.978532447576113e-10,2.978532447576113e-10,2.978532447576113e-10,2.978532447576113e-10,0.005304067496149041,1.520124718640573,1.0,0.4187923832293445,1.0,1.0,0.0,0.0,1.7724645713914936e-06,1.771653157549002e-06,-8.114138424916421e-10,8.114138424916421e-10,12.249968981889634,12.249968996089358
16.8,0.5800000000000001,9.525971967553887e-09,2.465308211878335e-08,2.201061903443448e-09,9.525971967553887e-09,2.465308211878335e-08,2.201061903443448e-09,9.57499831267201e-09,2.4779961613736484e-08,2.2123898835038683e-09,0.0,0.0,1.2687949495313423e-10,1.2687949495313423e-10,1.2687949495313423e-10,1.2687949495313423e-10,0.005146597668470178,1.5013415333766713,1.0,0.40635906399495303,1.0,1.0,0.0,0.0,3.4161223812706047e-07,3.413488897524074e-07,-2.633483746530476e-10,2.633483746530476e-10,12.249994021786561,12.249994026395154
17.6,0.5800000000000001,3.4844108883177897e-09,7.139226485334546e-09,8.22219892437438e-10,3.4844108883177897e-09,7.139226485334546e-09,8.22219892437438e-10,3.5040299356344556e-09,7.179424047192066e-09,8.268494184868821e-10,0.0,0.0,4.0197561857520727e-11,4.0197561857520727e-11,4.0197561857520727e-11,4.0197561857520727e-11,0.005630520608933596,1.559816346703205,1.0,0.44456808785883606,1.0,1.0,0.0,0.0,5.620707380459479e-08,5.559007194408202e-08,-6.170018605127704e-10,6.170018605127704e-10,12.249999016376224,12.249999027173757
18.4,0.5800000000000001,1.7949803590231418e-09,1.996930012438793e-09,3.873274194855538e-10,1.7949803590231418e-09,1.996930012438793e-09,3.873274194855538e-10,1.8055177554539526e-09,2.0086529502859255e-09,3.8960121738374553e-10,0.0,0.0,1.1722937847132488e-11,1.1722937847132488e-11,1.1722937847132488e-11,1.1722937847132488e-11,0.005870480073968943,1.5896510516836373,1.0,0.463514527796402,1.0,1.0,0.0,0.0,5.620707380459479e-08,5.559007194408202e-08,-6.170018605127704e-10,6.170018605127704e-10,12.249999016376224,12.249999027173757
19.200000000000003,0.5800000000000001,0.0,0.0,0.0,1e-30,1e-30,1e-30,1.0057161736535278e-30,1.0057161736535278e-30,1.0057161736535278e-30,1e-30,1e-30,5.716173653527695e-33,5.716173653527695e-33,1.0057161736535278e-30,1.0057161736535278e-30,1.0057161736535276,1.5704009692603986,1.0,0.4513309811859851,1.0,1.0,0.0,0.0,5.620707380459479e-08,5.559007194408202e-08,-6.170018605127704e-10,6.170018605127704e-10,12.249999016376224,12.249999027173757
20.0,0.5800000000000001,0.0,0.0,0.0,1e-30,1e-30,1e-30,1.0055641423643005e-30,1.0055641423643005e-30,1.0055641423643005e-30,1e-30,1e-30,5.564142364300414e-33,5.564142364300414e-33,1.0055641423643005e-30,1.0055641423643005e-30,1.0055641423643005,1.5516627094173834,1.0,0.43932707173589636,1.0,1.0,0.0,0.0,5.620707380459479e-08,5.559007194408202e-08,-6.170018605127704e-10,6.170018605127704e-10,12.249999016376224,12.249999027173757
4.0,0.77,0.0001675153126584057,0.0014877342575363203,0.00033858713072774395,0.0001675153126584057,0.0014877342575363203,0.00033858713072774395,0.00016804057206004075,0.0014923991827512407,0.00033964880127514065,0.0,0.0,4.664925214920446e-06,4.664925214920446e-06,4.664925214920446e-06,4.664925214920446e-06,0.0031355903726015804,1.280917082806759,1.0,0.24757629233153006,1.0,1.0,0.0,0.0,2.518811745370443,2.5187873276828694,-2.441768757366347e-05,2.441768757366347e-05,7.823373259867857,7.823031778648603
4.8,0.77,0.0001960184128151284,0.0015685832784841204,0.00015184534086121415,0.0001960184128151284,0.0015685832784841204,0.00015184534086121415,0.0001967822878448683,0.0015746959777009622,0.00015243707539574293,0.0,0.0,6.112699216841719e-06,6.112699216841719e-06,6.112699216841719e-06,6.112699216841719e-06,0.0038969554888721204,1.3602809677586774,1.0,0.30769127235057525,1.0,1.0,0.0,0.0,13.776532908408916,13.776084903257733,-0.00044800515118303963,0.00044800515118303963,957.3660427058052,957.2967345790246
5.6,0.77,0.0001571642899394097,0.0013021747334724517,5.9525831584345435e-05,0.0001571642899394097,0.0013021747334724517,5.9525831584345435e-05,0.0001578770074354546,0.0013080799089789947,5.9795772686444016e-05,0.0,0.0,5.905175506542952e-06,5.905175506542952e-06,5.905175506542952e-06,5.905175506542952e-06,0.004534856463384051,1.4305484675437201,1.0,0.35805791447458585,1.0,1.0,0.0,0.0,57.98741018470926,57.98038745793559,-0.007022726773669774,0.007022726773669774,20013.343696328357,20008.37653056322
6.4,0.77,0.00010403318187451444,0.0006722752479888907,2.7226514594077165e-05,0.00010403318187451444,0.0006722752479888907,2.7226514594077165e-05,0.00010454755439793629,0.0006755991866545291,2.736113098053576e-05,0.0,0.0,3.323938665638444e-06,3.323938665638444e-06,3.323938665638444e-06,3.323938665638444e-06,0.0049443121334334355,1.4775528482269376,1.0,0.3903872383399466,1.0,1.0,0.0,0.0,59.894194471204734,59.877614229946026,-0.016580241258708384,0.016580241258708384,21384.81741771949,21372.696037664915
7.2,0.77,7.60059930277831e-05,0.00012096547026056872,1.7567962794579986e-05,7.60059930277831e-05,0.00012096547026056872,1.7567962794579986e-05,7.639124744340449e-05,0.0001215786124576395,1.7657010183745866e-05,0.0,0.0,6.131421970707846e-07,6.131421970707846e-07,6.131421970707846e-07,6.131421970707846e-07,0.005068737349179317,1.4921401916441892,1.0,0.40021145959540433,1.0,1.0,0.0,0.0,3.5328008815811756,3.5313954020743976,-0.0014054795067779402,0.0014054795067779402,28.430247502959,28.392789749899265
8.0,0.77,6.313931035142367e-05,8.591082838921924e-05,1.349297145712347e-05,6.313931035142367e-05,8.591082838921924e-05,1.349297145712347e-05,6.344511957196871e-05,8.632692928293915e-05,1.3558323375938756e-05,0.0,0.0,4.161008937199101e-07,4.161008937199101e-07,4.161008937199101e-07,4.161008937199101e-07,0.004843404510485732,1.4658274448318904,1.0,0.38241989178356733,1.0,1.0,0.0,0.0,2.3263362997440495,2.324543261759481,-0.0017930379845685351,0.0017930379845685351,5.36311837639686,5.342376517905376
8.8,0.77,2.2146857724703895e-05,5.8482307832126855e-05,7.0477503040644785e-06,2.2146857724703895e-05,5.8482307832126855e-05,7.0477503040644785e-06,2.226946781314727e-05,5.8806079313607554e-05,7.0867682676442175e-06,0.0,0.0,3.237714814806992e-07,3.237714814806992e-07,3.237714814806992e-07,3.237714814806992e-07,0.005536229562111049,1.5482467554553723,1.0,0.43712316521321565,1.0,1.0,0.0,0.0,1.5836854111194811,1.5836905293006476,5.11818116644136e-06,5.11818116644136e-06,0.21087706411333024,0.2108888159672006
9.600000000000001,0.77,1.0975147130492293e-05,4.357983829417509e-05,3.956029602874535e-06,1.0975147130492293e-05,4.357983829417509e-05,3.956029602874535e-06,1.1035886417615567e-05,4.382102032840783e-05,3.9779232882220025e-06,0.0,0.0,2.411820342327394e-07,2.411820342327394e-07,2.411820342327394e-07,2.411820342327394e-07,0.005534257208682116,1.5480056645464257,1.0,0.4369674344285572,1.0,1.0,0.0,0.0,0.9999999984724857,0.9999999984724859,2.220446049250313e-16,2.220446049250313e-16,1.000000007637571,1.0000000076375701
10.4,0.77,7.422066822632078e-06,2.9967975633545388e-05,2.109988098993224e-06,7.422066822632078e-06,2.9967975633545388e-05,2.109988098993224e-06,7.461609269415748e-06,3.012763561910229e-05,2.1212294545499e-06,0.0,0.0,1.596599855569008e-07,1.596599855569008e-07,1.596599855569008e-07,1.596599855569008e-07,0.005327686711616967,1.5229622419775668,1.0,0.42065728173279693,1.0,1.0,0.0,0.0,0.49525460800673904,0.4950549846980907,-0.00019962330864831124,0.00019962330864831124,5.116026402081494,5.118284254498578
11.2,0.77,4.5585083744178335e-06,1.647338712004021e-05,7.956065388971679e-07,4.5585083744178335e-06,1.647338712004021e-05,7.956065388971679e-07,4.58189521094881e-06,1.6557901698065326e-05,7.996882951516007e-07,0.0,0.0,8.451457802511616e-08,8.451457802511616e-08,8.451457802511616e-08,8.451457802511616e-08,0.005130370421654358,1.499419168235305,1.0,0.40507781194222237,1.0,1.0,0.0,0.0,0.1521117379198948,0.15198990210163876,-0.00012183581825603307,0.00012183581825603307,9.732656966483155,9.734557527851733
12.0,0.77,2.5104954008601698e-06,8.248754488780093e-06,4.85995147550454e-07,2.5104954008601698e-06,8.248754488780093e-06,4.85995147550454e-07,2.522917021357633e-06,8.289568304970023e-06,4.883997913846597e-07,0.0,0.0,4.081381618993002e-08,4.081381618993002e-08,4.081381618993002e-08,4.081381618993002e-08,0.004947876221245853,1.4779687035454037,1.0,0.3906686474340275,1.0,1.0,0.0,0.0,0.038205307621103454,0.03816080697077402,-4.450065032943207e-05,4.450065032943207e-05,11.590529901195831,11.591287422940582
12.8,0.77,6.987822254987361e-07,2.04941210975001e-06,2.0546750395307554e-07,6.987822254987361e-07,2.04941210975001e-06,2.0546750395307554e-07,7.028199957188937e-07,2.0612542186125715e-06,2.06654755915702e-07,0.0,0.0,1.1842108862561499e-08,1.1842108862561499e-08,1.1842108862561499e-08,1.1842108862561499e-08,0.005778295544474954,1.5781226258875372,1.0,0.4562359290923607,1.0,1.0,0.0,0.0,0.002360319277910891,0.002361464884720624,1.1456068097332427e-06,1.1456068097332427e-06,12.208729232055891,12.208709217744898
13.600000000000001,0.77,2.2325985825440859e-07,5.624766617974943e-07,8.964569029505033e-08,2.2325985825440859e-07,5.624766617974943e-07,8.964569029505033e-08,2.2455956411230066e-07,5.657511161395406e-07,9.016756211617497e-08,0.0,0.0,3.274454342046316e-09,3.274454342046316e-09,3.274454342046316e-09,3.274454342046316e-09,0.005821493698213566,1.5835144599575646,1.0,0.4596467185984162,1.0,1.0,0.0,0.0,0.00017782186594989224,0.0001779234685682102,1.0160261831794904e-07,1.0160261831794904e-07,12.246888314974726,12.246886537154808
14.4,0.77,1.113329554828699e-07,2.7935764280473043e-07,4.078601457008118e-08,1.113329554828699e-07,2.7935764280473043e-07,4.078601457008118e-08,1.1196081212908307e-07,2.809330662895797e-07,4.101602526376399e-08,0.0,0.0,1.575423484849294e-09,1.575423484849294e-09,1.575423484849294e-09,1.575423484849294e-09,0.005639450093550893,1.5609164733916419,1.0,0.4452731317042589,1.0,1.0,0.0,0.0,4.3864094553813196e-05,4.387327255830715e-05,9.178004493956679e-09,9.178004493956679e-09,12.249232390370674,12.249232229760628
15.200000000000001,0.77,4.970714532187557e-08,1.4679865592491618e-07,1.1755440010425083e-08,4.970714532187557e-08,1.4679865592491618e-07,1.1755440010425083e-08,4.9978946436379274e-08,1.4760135819296371e-07,1.1819719334365838e-08,0.0,0.0,8.02702268047535e-10,8.02702268047535e-10,8.02702268047535e-10,8.02702268047535e-10,0.005468049165641523,1.5399344597018174,1.0,0.4317398568847099,1.0,1.0,0.0,0.0,1.2112535478350009e-05,1.2110940464784458e-05,-1.595013565550905e-09,1.595013565550905e-09,12.249788031546084,12.249788059458583
16.0,0.77,2.0235645596386034e-08,5.5793545487143955e-08,5.223140856838815e-09,2.0235645596386034e-08,5.5793545487143955e-08,5.223140856838815e-09,2.0342976826457416e-08,5.608947821825723e-08,5.250844748485382e-09,0.0,0.0,2.959327311132753e-10,2.959327311132753e-10,2.959327311132753e-10,2.959327311132753e-10,0.0053040674961490775,1.520124718640573,1.0,0.4187923832293445,1.0,1.0,0.0,0.0,1.7496810827367663e-06,1.7488800989126605e-06,-8.009838241058031e-10,8.009838241058031e-10,12.249969380600184,12.249969394617382
16.8,0.77,9.22453352257616e-09,2.5277255621320733e-08,2.2567889931012216e-09,9.22453352257616e-09,2.5277255621320733e-08,2.2567889931012216e-09,9.272008485296174e-09,2.5407347486166745e-08,2.2684037780713453e-09,0.0,0.0,1.3009186484601149e-10,1.3009186484601149e-10,1.3009186484601149e-10,1.3009186484601149e-10,0.005146597668470079,1.5013415333766713,1.0,0.40635906399495303,1.0,1.0,0.0,0.0,3.591292815995316e-07,3.5885242936169115e-07,-2.7685223784046136e-10,2.7685223784046136e-10,12.249993715238373,12.249993720083287
17.6,0.77,3.4844108883177897e-09,7.139226485334546e-09,8.22219892437438e-10,3.4844108883177897e-09,7.139226485334546e-09,8.22219892437438e-10,3.5040299356344556e-09,7.179424047192066e-09,8.268494184868821e-10,0.0,0.0,4.0197561857520727e-11,4.0197561857520727e-11,4.0197561857520727e-11,4.0197561857520727e-11,0.005630520608933596,1.559816346703205,1.0,0.44456808785883606,1.0,1.0,0.0,0.0,5.620707380459479e-08,5.559007194408202e-08,-6.170018605127704e-10,6.170018605127704e-10,12.249999016376224,12.249999027173757
18.4,0.77,1.7949803590231418e-09,1.996930012438793e-09,3.873274194855538e-10,1.7949803590231418e-09,1.996930012438793e-09,3.873274194855538e-10,1.8055177554539526e-09,2.0086529502859255e-09,3.8960121738374553e-10,0.0,0.0,1.1722937847132488e-11,1.1722937847132488e-11,1.1722937847132488e-11,1.1722937847132488e-11,0.005870480073968943,1.5896510516836373,1.0,0.463514527796402,1.0,1.0,0.0,0.0,5.620707380459479e-08,5.559007194408202e-08,-6.170018605127704e-10,6.170018605127704e-10,12.249999016376224,12.249999027173757
19.200000000000003,0.77,0.0,0.0,0.0,1e-30,1e-30,1e-30,1.0057161736535278e-30,1.0057161736535278e-30,1.0057161736535278e-30,1e-30,1e-30,5.716173653527695e-33,5.716173653527695e-33,1.0057161736535278e-30,1.0057161736535278e-30,1.0057161736535276,1.5704009692603986,1.0,0.4513309811859851,1.0,1.0,0.0,0.0,5.620707380459479e-08,5.559007194408202e-08,-6.170018605127704e-10,6.170018605127704e-10,12.249999016376224,12.249999027173757
20.0,0.77,0.0,0.0,0.0,1e-30,1e-30,1e-30,1.0055641423643005e-30,1.0055641423643005e-30,1.0055641423643005e-30,1e-30,1e-30,5.564142364300414e-33,5.564142364300414e-33,1.0055641423643005e-30,1.0055641423643005e-30,1.0055641423643005,1.5516627094173834,1.0,0.43932707173589636,1.0,1.0,0.0,0.0,5.620707380459479e-08,5.559007194408202e-08,-6.170018605127704e-10,6.170018605127704e-10,12.249999016376224,12.249999027173757
4.0,0.96,0.00016910057524788754,0.00149156110523141,0.0003369645931446368,0.00016910057524788754,0.00149156110523141,0.0003369645931446368,0.0001696308053836362,0.0014962380298731205,0.00033802117607880874,0.0,0.0,4.676924641710536e-06,4.676924641710536e-06,4.676924641710536e-06,4.676924641710536e-06,0.0031355903726015496,1.280917082806759,1.0,0.24757629233153006,1.0,1.0,0.0,0.0,2.556156118619124,2.5561311003966734,-2.5018222450601257e-05,2.5018222450601257e-05,8.354356066377736,8.353994508152644
4.8,0.96,0.00019615351697385553,0.0015686703167419312,0.00015178530351238153,0.00019615351697385553,0.0015686703167419312,0.00015178530351238153,0.00019691791849848838,0.0015747833551429894,0.0001523768040840342,0.0,0.0,6.11303840105824e-06,6.11303840105824e-06,6.11303840105824e-06,6.11303840105824e-06,0.0038969554888721226,1.3602809677586774,1.0,0.30769127235057525,1.0,1.0,0.0,0.0,13.78881717296122,13.78836841831317,-0.00044875464805116394,0.00044875464805116394,959.2674434066176,959.1979504241193
5.6,0.96,0.00015717204371457728,0.001302169900426213,5.9523935318804984e-05,0.00015717204371457728,0.001302169900426213,5.9523935318804984e-05,0.0001578847963728796,0.0013080750540155849,5.9793867821611517e-05,0.0,0.0,5.905153589371966e-06,5.905153589371966e-06,5.905153589371966e-06,5.905153589371966e-06,0.004534856463384042,1.4305484675437201,1.0,0.35805791447458585,1.0,1.0,0.0,0.0,57.99040795699888,57.983384452013944,-0.007023504984935869,0.007023504984935869,20015.46420462226,20010.496225277584
6.4,0.96,0.00010403357194652138,0.0006722747380877466,2.7226441315402143e-05,0.00010403357194652138,0.0006722747380877466,2.7226441315402143e-05,0.00010454794639858098,0.0006755986742322745,2.73610573395481e-05,0.0,0.0,3.3239361445279534e-06,3.3239361445279534e-06,3.3239361445279534e-06,3.3239361445279534e-06,0.004944312133433321,1.4775528482269376,1.0,0.3903872383399466,1.0,1.0,0.0,0.0,59.894346953251684,59.87776660243825,-0.016580350813434563,0.016580350813434563,21384.92890929615,21372.807417557764
7.2,0.96,7.600601658901437e-05,0.00012096545879489,1.7567958534194203e-05,7.600601658901437e-05,0.00012096545879489,1.7567958534194203e-05,7.639127112406146e-05,0.00012157860093384426,1.7657005901765307e-05,0.0,0.0,6.131421389542685e-07,6.131421389542685e-07,6.131421389542685e-07,6.131421389542685e-07,0.005068737349179299,1.4921401916441892,1.0,0.40021145959540433,1.0,1.0,0.0,0.0,3.532801188522267,3.531395708504983,-0.001405480017284244,0.001405480017284244,28.430255686012472,28.39279791395911
8.0,0.96,6.313931211679373e-05,8.591082745550527e-05,1.3492971140634385e-05,6.313931211679373e-05,8.591082745550527e-05,1.3492971140634385e-05,6.344512134588917e-05,8.632692834470283e-05,1.3558323057916787e-05,0.0,0.0,4.161008891975538e-07,4.161008891975538e-07,4.161008891975538e-07,4.161008891975538e-07,0.004843404510485709,1.4658274448318904,1.0,0.38241989178356733,1.0,1.0,0.0,0.0,2.3263362970810166,2.3245432590616057,-0.0017930380194108864,0.0017930380194108864,5.363118345561061,5.3423764867265975
8.8,0.96,2.2146857786225027e-05,5.848230776975893e-05,7.04775028197639e-06,2.2146857786225027e-05,5.848230776975893e-05,7.04775028197639e-06,2.2269467875008996e-05,5.880607925089435e-05,7.086768245433845e-06,0.0,0.0,3.237714811354215e-07,3.237714811354215e-07,3.237714811354215e-07,3.237714811354215e-07,0.005536229562111141,1.5482467554553723,1.0,0.43712316521321565,1.0,1.0,0.0,0.0,1.583685409488346,1.5836905276695123,5.11818116644136e-06,5.11818116644136e-06,0.21087706036813345,0.21088881222189945
9.600000000000001,0.96,1.0975147127036685e-05,4.3579838365413317e-05,3.956029585623868e-06,1.0975147127036685e-05,4.3579838365413317e-05,3.956029585623868e-06,1.1035886414140834e-05,4.3821020400040306e-05,3.977923270875866e-06,0.0,0.0,2.411820346269892e-07,2.411820346269892e-07,2.411820346269892e-07,2.411820346269892e-07,0.005534257208682096,1.5480056645464257,1.0,0.4369674344285572,1.0,1.0,0.0,0.0,1.0000000022905229,1.0000000022905229,0.0,0.0,0.9999999885473851,0.9999999885473851
10.4,0.96,7.422066622451142e-06,2.996797611076e-05,2.1099881419629598e-06,7.422066622451142e-06,2.996797611076e-05,2.1099881419629598e-06,7.4616090681683115e-06,3.012763609885935e-05,2.1212294977485652e-06,0.0,0.0,1.596599880993515e-07,1.596599880993515e-07,1.596599880993515e-07,1.596599880993515e-07,0.005327686711616992,1.5229622419775668,1.0,0.42065728173279693,1.0,1.0,0.0,0.0,0.49525462339941684,0.4950550000847174,-0.0001996233146994153,0.0001996233146994153,5.116026228000818,5.118284080447942
11.2,0.96,4.558508117512764e-06,1.6473387644030268e-05,7.95606613658885e-07,4.558508117512764e-06,1.6473387644030268e-05,7.95606613658885e-07,4.581894952725723e-06,1.6557902224743647e-05,7.996883702968731e-07,0.0,0.0,8.45145807133785e-08,8.45145807133785e-08,8.45145807133785e-08,8.45145807133785e-08,0.005130370421654313,1.499419168235305,1.0,0.40507781194222237,1.0,1.0,0.0,0.0,0.15211174751884954,0.1519899116929674,-0.00012183582588212727,0.00012183582588212727,9.73265681675287,9.73455737822579
12.0,0.96,2.510494320458816e-06,8.248758060828317e-06,4.859951086681822e-07,2.510494320458816e-06,8.248758060828317e-06,4.859951086681822e-07,2.5229159356105866e-06,8.2895718946923e-06,4.883997523100033e-07,0.0,0.0,4.0813833863982275e-08,4.0813833863982275e-08,4.0813833863982275e-08,4.0813833863982275e-08,0.004947876221245828,1.4779687035454037,1.0,0.3906686474340275,1.0,1.0,0.0,0.0,0.038205340715953925,0.03816084002706948,-4.4500688884445416e-05,4.4500688884445416e-05,11.590529337840943,11.591286860223603
12.8,0.96,6.987821140878214e-07,2.0494156478590794e-06,2.054662935647135e-07,6.987821140878214e-07,2.0494156478590794e-06,2.054662935647135e-07,7.028198836642139e-07,2.061257777165881e-06,2.0665353853335826e-07,0.0,0.0,1.1842129306801553e-08,1.1842129306801553e-08,1.1842129306801553e-08,1.1842129306801553e-08,0.005778295544475043,1.5781226258875372,1.0,0.4562359290923607,1.0,1.0,0.0,0.0,0.0023603274326773017,0.002361473043447488,1.145610770186302e-06,1.145610770186302e-06,12.20872908958808,12.208709075208008
13.600000000000001,0.96,2.232644426569133e-07,5.62453829314617e-07,8.96502923370463e-08,2.232644426569133e-07,5.62453829314617e-07,8.96502923370463e-08,2.2456417520287566e-07,5.657281507375081e-07,9.01721909489294e-08,0.0,0.0,3.274321422891105e-09,3.274321422891105e-09,3.274321422891105e-09,3.274321422891105e-09,0.00582149369821352,1.5835144599575646,1.0,0.4596467185984162,1.0,1.0,0.0,0.0,0.00017780742905064596,0.00017790902341974896,1.0159436910299859e-07,1.0159436910299859e-07,12.246888567588373,12.246886789912779
14.4,0.96,1.113295687649558e-07,2.793728391653583e-07,4.078358206528767e-08,1.113295687649558e-07,2.793728391653583e-07,4.078358206528767e-08,1.1195740631194231e-07,2.8094834834932494e-07,4.101357904098109e-08,0.0,0.0,1.5755091839666153e-09,1.5755091839666153e-09,1.5755091839666153e-09,1.5755091839666153e-09,0.005639450093550738,1.5609164733916419,1.0,0.4452731317042589,1.0,1.0,0.0,0.0,4.386886691615769e-05,4.387804591921563e-05,9.179003057940458e-09,9.179003057940458e-09,12.249232306856948,12.249232146229428
15.200000000000001,0.96,4.970548295377133e-08,1.4681200165546224e-07,1.1752072069366582e-08,4.970548295377133e-08,1.4681200165546224e-07,1.1752072069366582e-08,4.997727497836451e-08,1.4761477689862056e-07,1.1816332977240041e-08,0.0,0.0,8.02775243158319e-10,8.02775243158319e-10,8.02775243158319e-10,8.02775243158319e-10,0.005468049165641569,1.5399344597018174,1.0,0.4317398568847099,1.0,1.0,0.0,0.0,1.2114737927463376e-05,1.2113142623872445e-05,-1.5953035909313935e-09,1.5953035909313935e-09,12.249787993003558,12.24978802092113
16.0,0.96,2.011424415373646e-08,5.608903233513152e-08,5.239510957434803e-09,2.011424415373646e-08,5.608903233513152e-08,5.239510957434803e-09,2.0220931462361898e-08,5.6386532348430745e-08,5.26730167719985e-09,0.0,0.0,2.9750001329922445e-10,2.9750001329922445e-10,2.9750001329922445e-10,2.9750001329922445e-10,0.005304067496149055,1.520124718640573,1.0,0.4187923832293445,1.0,1.0,0.0,0.0,1.7682630459195775e-06,1.7674535554869986e-06,-8.094904325788476e-10,8.094904325788476e-10,12.249969055416233,12.249969069582301
16.8,0.96,9.280470634420136e-09,2.5161429443196514e-08,2.246447868739475e-09,9.280470634420136e-09,2.5161429443196514e-08,2.246447868739475e-09,9.328233482949549e-09,2.5290925197304245e-08,2.258009432103069e-09,0.0,0.0,1.2949575410773168e-10,1.2949575410773168e-10,1.2949575410773168e-10,1.2949575410773168e-10,0.005146597668470162,1.5013415333766713,1.0,0.40635906399495303,1.0,1.0,0.0,0.0,3.5584559683204964e-07,3.5557127598199274e-07,-2.74320850056897e-10,2.74320850056897e-10,12.249993772702846,12.249993777503459
17.6,0.96,3.4844108883177897e-09,7.139226485334546e-09,8.22219892437438e-10,3.4844108883177897e-09,7.139226485334546e-09,8.22219892437438e-10,3.5040299356344556e-09,7.179424047192066e-09,8.268494184868821e-10,0.0,0.0,4.0197561857520727e-11,4.0197561857520727e-11,4.0197561857520727e-11,4.0197561857520727e-11,0.005630520608933596,1.559816346703205,1.0,0.44456808785883606,1.0,1.0,0.0,0.0,5.620707380459479e-08,5.559007194408202e-08,-6.170018605127704e-10,6.170018605127704e-10,12.249999016376224,12.249999027173757
18.4,0.96,1.7949803590231418e-09,1.996930012438793e-09,3.873274194855538e-10,1.7949803590231418e-09,1.996930012438793e-09,3.873274194855538e-10,1.8055177554539526e-09,2.0086529502859255e-09,3.8960121738374553e-10,0.0,0.0,1.1722937847132488e-11,1.1722937847132488e-11,1.1722937847132488e-11,1.1722937847132488e-11,0.005870480073968943,1.5896510516836373,1.0,0.463514527796402,1.0,1.0,0.0,0.0,5.620707380459479e-08,5.559007194408202e-08,-6.170018605127704e-10,6.170018605127704e-10,12.249999016376224,12.249999027173757
19.200000000000003,0.96,0.0,0.0,0.0,1e-30,1e-30,1e-30,1.0057161736535278e-30,1.0057161736535278e-30,1.0057161736535278e-30,1e-30,1e-30,5.716173653527695e-33,5.716173653527695e-33,1.0057161736535278e-30,1.0057161736535278e-30,1.0057161736535276,1.5704009692603986,1.0,0.4513309811859851,1.0,1.0,0.0,0.0,5.620707380459479e-08,5.559007194408202e-08,-6.170018605127704e-10,6.170018605127704e-10,12.249999016376224,12.249999027173757
20.0,0.96,0.0,0.0,0.0,1e-30,1e-30,1e-30,1.0055641423643005e-30,1.0055641423643005e-30,1.0055641423643005e-30,1e-30,1e-30,5.564142364300414e-33,5.564142364300414e-33,1.0055641423643005e-30,1.0055641423643005e-30,1.0055641423643005,1.5516627094173834,1.0,0.43932707173589636,1.0,1.0,0.0,0.0,5.620707380459479e-08,5.559007194408202e-08,-6.170018605127704e-10,6.170018605127704e-10,12.249999016376224,12.249999027173757
4.0,1.15,0.0001706887160125538,0.0014953215869773764,0.000335352577183635,0.0001706887160125538,0.0014953215869773764,0.000335352577183635,0.0001712239259071945,0.0015000103029494459,0.00033640410549607916,0.0,0.0,4.68871597206948e-06,4.68871597206948e-06,4.68871597206948e-06,4.68871597206948e-06,0.003135590372601515,1.280917082806759,1.0,0.24757629233153006,1.0,1.0,0.0,0.0,2.593746748934549,2.593721118870464,-2.5630064084847248e-05,2.5630064084847248e-05,8.906445628698783,8.906063185233455
4.8,1.15,0.00019628863175408386,0.0015687570380625135,0.0001517253069266844,0.00019628863175408386,0.0015687570380625135,0.0001517253069266844,0.00019705355981500114,0.001574870414412698,0.00015231657369431313,0.0,0.0,6.1133763501846055e-06,6.1133763501846055e-06,6.1133763501846055e-06,6.1133763501846055e-06,0.0038969554888721994,1.3602809677586774,1.0,0.30769127235057525,1.0,1.0,0.0,0.0,13.80110357132593,13.800654066317268,-0.00044950500866214327,0.00044950500866214327,961.1710611672045,961.1013829529436
5.6,1.15,0.00015717979742039078,0.0013021650662586582,5.95220391701192e-05,0.00015717979742039078,0.0013021650662586582,5.95220391701192e-05,0.00015789258524063604,0.0013080701979257742,5.979196307416361e-05,0.0,0.0,5.905131667116072e-06,5.905131667116072e-06,5.905131667116072e-06,5.905131667116072e-06,0.004534856463384108,1.4305484675437201,1.0,0.35805791447458585,1.0,1.0,0.0,0.0,57.993405666740664,57.98638138349866,-0.007024283242003548,0.007024283242003548,20017.58478100171,20012.61598799227
6.4,1.15,0.00010403396201761856,0.0006722742281848489,2.7226368037149303e-05,0.00010403396201761856,0.0006722742281848489,2.7226368037149303e-05,0.00010454833839831142,0.0006755981618082578,2.73609836989847e-05,0.0,0.0,3.3239336234088977e-06,3.3239336234088977e-06,3.3239336234088977e-06,3.3239336234088977e-06,0.004944312133433363,1.4775528482269376,1.0,0.3903872383399466,1.0,1.0,0.0,0.0,59.89449943425053,59.877918973882366,-0.016580460368160743,0.016580460368160743,21385.04040039709,21372.918796974696
7.2,1.15,7.600604015083454e-05,0.00012096544732917977,1.7567954273542835e-05,7.600604015083454e-05,0.00012096544732917977,1.7567954273542835e-05,7.63912948053103e-05,0.00012157858941001737,1.7657001619517817e-05,0.0,0.0,6.131420808376032e-07,6.131420808376032e-07,6.131420808376032e-07,6.131420808376032e-07,0.005068737349179369,1.4921401916441892,1.0,0.40021145959540433,1.0,1.0,0.0,0.0,3.5328014955223686,3.5313960149945305,-0.0014054805278380655,0.0014054805278380655,28.430263870640328,28.392806079591033
8.0,1.15,6.313931388353298e-05,8.59108265178099e-05,1.3492970825640563e-05,6.313931388353298e-05,8.59108265178099e-05,1.3492970825640563e-05,6.344512312118546e-05,8.632692740246582e-05,1.3558322741397322e-05,0.0,0.0,4.161008846559122e-07,4.161008846559122e-07,4.161008846559122e-07,4.161008846559122e-07,0.0048434045104856676,1.4658274448318904,1.0,0.38241989178356733,1.0,1.0,0.0,0.0,2.3263362939762695,2.3245432559225323,-0.001793038053737206,0.001793038053737206,5.36311830961056,5.342376450448982
8.8,1.15,2.2146857845253262e-05,5.8482307696946386e-05,7.047750266219268e-06,2.2146857845253262e-05,5.8482307696946386e-05,7.047750266219268e-06,2.2269467934364023e-05,5.8806079177678695e-05,7.086768229589488e-06,0.0,0.0,3.2377148073230833e-07,3.2377148073230833e-07,3.2377148073230833e-07,3.2377148073230833e-07,0.005536229562111036,1.5482467554553723,1.0,0.43712316521321565,1.0,1.0,0.0,0.0,1.5836854067914299,1.5836905249725914,5.118181161556379e-06,5.118181161556379e-06,0.21087705417583194,0.2108888060294142
9.600000000000001,1.15,1.0975147103314277e-05,4.357983838013445e-05,3.956029605260154e-06,1.0975147103314277e-05,4.357983838013445e-05,3.956029605260154e-06,1.103588639028714e-05,4.382102041484291e-05,3.977923290620824e-06,0.0,0.0,2.411820347084602e-07,2.411820347084602e-07,2.411820347084602e-07,2.411820347084602e-07,0.005534257208682106,1.5480056645464257,1.0,0.4369674344285572,1.0,1.0,0.0,0.0,1.00000000234055,1.00000000234055,0.0,0.0,0.9999999882972497,0.9999999882972497
10.4,1.15,7.422066658149155e-06,2.996797601364574e-05,2.109988141399132e-06,7.422066658149155e-06,2.996797601364574e-05,2.109988141399132e-06,7.461609104056512e-06,3.0127636001227698e-05,2.1212294971817333e-06,0.0,0.0,1.5965998758195668e-07,1.5965998758195668e-07,1.5965998758195668e-07,1.5965998758195668e-07,0.005327686711616975,1.5229622419775668,1.0,0.42065728173279693,1.0,1.0,0.0,0.0,0.4952546201948892,0.49505499688147936,-0.00019962331340983575,0.00019962331340983575,5.116026264241838,5.1182841166823705
11.2,1.15,4.558507945503257e-06,1.647338799489454e-05,7.95606663717636e-07,4.558507945503257e-06,1.647338799489454e-05,7.95606663717636e-07,4.581894779833743e-06,1.6557902577407983e-05,7.996884206124441e-07,0.0,0.0,8.45145825134421e-08,8.45145825134421e-08,8.45145825134421e-08,8.45145825134421e-08,0.005130370421654307,1.499419168235305,1.0,0.40507781194222237,1.0,1.0,0.0,0.0,0.15211175394632134,0.15198991811533283,-0.0001218358309885148,0.0001218358309885148,9.73265671649329,9.734557278036084
12.0,1.15,2.5104953280375565e-06,8.248755822582914e-06,4.859948246617907e-07,2.5104953280375565e-06,8.248755822582914e-06,4.859948246617907e-07,2.5229169481747023e-06,8.289569645372335e-06,4.883994668983833e-07,0.0,0.0,4.081382278942121e-08,4.081382278942121e-08,4.081382278942121e-08,4.081382278942121e-08,0.004947876221245845,1.4779687035454037,1.0,0.3906686474340275,1.0,1.0,0.0,0.0,0.03820532002787744,0.03816081936303712,-4.4500664840317616e-05,4.4500664840317616e-05,11.590529690002345,11.591287211987211
12.8,1.15,6.987869942909404e-07,2.049400175198496e-06,2.0546675912008267e-07,6.987869942909404e-07,2.049400175198496e-06,2.0546675912008267e-07,7.028247920665888e-07,2.0612422150996917e-06,2.0665400677884395e-07,0.0,0.0,1.1842039901195798e-08,1.1842039901195798e-08,1.1842039901195798e-08,1.1842039901195798e-08,0.005778295544475022,1.5781226258875372,1.0,0.4562359290923607,1.0,1.0,0.0,0.0,0.002360291790930904,0.0023614373844010454,1.1455934701412249e-06,1.1455934701412249e-06,12.208729712267072,12.208709698188732
13.600000000000001,1.15,2.2326504628754004e-07,5.624569606910267e-07,8.964851752865875e-08,2.2326504628754004e-07,5.624569606910267e-07,8.964851752865875e-08,2.245647823475343e-07,5.657313003432059e-07,9.017040580850602e-08,0.0,0.0,3.2743396521791775e-09,3.2743396521791775e-09,3.2743396521791775e-09,3.2743396521791775e-09,0.005821493698213584,1.5835144599575646,1.0,0.4596467185984162,1.0,1.0,0.0,0.0,0.00017780940913101804,0.0001779110046316245,1.015955006064724e-07,1.015955006064724e-07,12.24688853294137,12.24688675524598
14.4,1.15,1.1132302383563427e-07,2.7937228099249064e-07,4.079033527351079e-08,1.1132302383563427e-07,2.7937228099249064e-07,4.079033527351079e-08,1.119508244728185e-07,2.8094778702866926e-07,4.102037033358496e-08,0.0,0.0,1.5755060361786251e-09,1.5755060361786251e-09,1.5755060361786251e-09,1.5755060361786251e-09,0.005639450093550884,1.5609164733916419,1.0,0.4452731317042589,1.0,1.0,0.0,0.0,4.386869151691172e-05,4.3877870483247895e-05,9.178966336175506e-09,9.178966336175506e-09,12.24923230992634,12.249232149299464
15.200000000000001,1.15,4.9697725366918355e-08,1.4680130875623766e-07,1.1764016004544537e-08,4.9697725366918355e-08,1.4680130875623766e-07,1.1764016004544537e-08,4.9969474972645215e-08,1.476040255300973e-07,1.1828342222442781e-08,0.0,0.0,8.027167738596365e-10,8.027167738596365e-10,8.027167738596365e-10,8.027167738596365e-10,0.005468049165641574,1.5399344597018174,1.0,0.4317398568847099,1.0,1.0,0.0,0.0,1.2112973248477154e-05,1.2111378177266158e-05,-1.5950712109964645e-09,1.5950712109964645e-09,12.249788023885175,12.249788051798681
16.0,1.15,2.0119165877668583e-08,5.6102756675487717e-08,5.233263130426153e-09,2.0119165877668583e-08,5.6102756675487717e-08,5.233263130426153e-09,2.0225879291449958e-08,5.640032948361453e-08,5.261020711295042e-09,0.0,0.0,2.975728081268145e-10,2.975728081268145e-10,2.975728081268145e-10,2.975728081268145e-10,0.005304067496149067,1.520124718640573,1.0,0.4187923832293445,1.0,1.0,0.0,0.0,1.769128499001632e-06,1.7683186123746118e-06,-8.09886627020297e-10,8.09886627020297e-10,12.249969040270827,12.249969054443822
16.8,1.15,9.259520015785186e-09,2.4922048524967398e-08,2.3106554340031634e-09,9.259520015785186e-09,2.4922048524967398e-08,2.3106554340031634e-09,9.307175039909578e-09,2.5050312281799497e-08,2.322547447872442e-09,0.0,0.0,1.2826375683209836e-10,1.2826375683209836e-10,1.2826375683209836e-10,1.2826375683209836e-10,0.005146597668470199,1.5013415333766713,1.0,0.40635906399495303,1.0,1.0,0.0,0.0,3.491069144859318e-07,3.488377884762378e-07,-2.6912600969402185e-10,2.6912600969402185e-10,12.249993890629757,12.249993895339461
17.6,1.15,3.4844108883177897e-09,7.139226485334546e-09,8.22219892437438e-10,3.4844108883177897e-09,7.139226485334546e-09,8.22219892437438e-10,3.5040299356344556e-09,7.179424047192066e-09,8.268494184868821e-10,0.0,0.0,4.0197561857520727e-11,4.0197561857520727e-11,4.0197561857520727e-11,4.0197561857520727e-11,0.005630520608933596,1.559816346703205,1.0,0.44456808785883606,1.0,1.0,0.0,0.0,5.620707380459479e-08,5.559007194408202e-08,-6.170018605127704e-10,6.170018605127704e-10,12.249999016376224,12.249999027173757
18.4,1.15,1.7949803590231418e-09,1.996930012438793e-09,3.873274194855538e-10,1.7949803590231418e-09,1.996930012438793e-09,3.873274194855538e-10,1.8055177554539526e-09,2.0086529502859255e-09,3.8960121738374553e-10,0.0,0.0,1.1722937847132488e-11,1.1722937847132488e-11,1.1722937847132488e-11,1.1722937847132488e-11,0.005870480073968943,1.5896510516836373,1.0,0.463514527796402,1.0,1.0,0.0,0.0,5.620707380459479e-08,5.559007194408202e-08,-6.170018605127704e-10,6.170018605127704e-10,12.249999016376224,12.249999027173757
19.200000000000003,1.15,0.0,0.0,0.0,1e-30,1e-30,1e-30,1.0057161736535278e-30,1.0057161736535278e-30,1.0057161736535278e-30,1e-30,1e-30,5.716173653527695e-33,5.716173653527695e-33,1.0057161736535278e-30,1.0057161736535278e-30,1.0057161736535276,1.5704009692603986,1.0,0.4513309811859851,1.0,1.0,0.0,0.0,5.620707380459479e-08,5.559007194408202e-08,-6.170018605127704e-10,6.170018605127704e-10,12.249999016376224,12.249999027173757
20.0,1.15,0.0,0.0,0.0,1e-30,1e-30,1e-30,1.0055641423643005e-30,1.0055641423643005e-30,1.0055641423643005e-30,1e-30,1e-30,5.564142364300414e-33,5.564142364300414e-33,1.0055641423643005e-30,1.0055641423643005e-30,1.0055641423643005,1.5516627094173834,1.0,0.43932707173589636,1.0,1.0,0.0,0.0,5.620707380459479e-08,5.559007194408202e-08,-6.170018605127704e-10,6.170018605127704e-10,12.249999016376224,12.249999027173757
4.0,1.34,0.00017227966142035155,0.0014990162446540444,0.0003337512363910221,0.00017227966142035155,0.0014990162446540444,0.0003337512363910221,0.00017281985986809627,0.001503716545559155,0.0003347977435546937,0.0,0.0,4.700300905110567e-06,4.700300905110567e-06,4.700300905110567e-06,4.700300905110567e-06,0.003135590372601561,1.280917082806759,1.0,0.24757629233153006,1.0,1.0,0.0,0.0,2.6315784979611867,2.6315522446735167,-2.6253287670030545e-05,2.6253287670030545e-05,9.47990997900208,9.47950582100236
4.8,1.34,0.00019642375709032564,0.0015688434427182853,0.00015166535110576956,0.00019642375709032564,0.0015688434427182853,0.00015166535110576956,0.00019718921172866367,0.0015749571557835673,0.00015225638422823292,0.0,0.0,6.113713065282033e-06,6.113713065282033e-06,6.113713065282033e-06,6.113713065282033e-06,0.0038969554888721057,1.3602809677586774,1.0,0.30769127235057525,1.0,1.0,0.0,0.0,13.813392089843862,13.812941833610875,-0.0004502562329875559,0.0004502562329875559,963.0768948512385,963.0070310287931
5.6,1.34,0.00015718755105686736,0.001302160230969769,5.9520143138288216e-05,0.00015718755105686736,0.001302160230969769,5.9520143138288216e-05,0.0001579003740387411,0.0013080653407095439,5.9790058444100425e-05,0.0,0.0,5.9051097397748355e-06,5.9051097397748355e-06,5.9051097397748355e-06,5.9051097397748355e-06,0.004534856463383982,1.4305484675437201,1.0,0.35805791447458585,1.0,1.0,0.0,0.0,57.99640331389352,57.989378252348615,-0.00702506154490834,0.00702506154490834,20019.705425430606,20014.735818671164
6.4,1.34,0.00010403435208787441,0.0006722737182801101,2.722629475930207e-05,0.00010403435208787441,0.0006722737182801101,2.722629475930207e-05,0.00010454873039719637,0.0006755976493823909,2.736091005882892e-05,0.0,0.0,3.3239311022807347e-06,3.3239311022807347e-06,3.3239311022807347e-06,3.3239311022807347e-06,0.004944312133433398,1.4775528482269376,1.0,0.3903872383399466,1.0,1.0,0.0,0.0,59.89465191424063,59.87807134431767,-0.016580569922965083,0.016580569922965083,21385.15189105109,21373.030175944416
7.2,1.34,7.600606371287397e-05,0.00012096543586322525,1.7567950012951444e-05,7.600606371287397e-05,0.00012096543586322525,1.7567950012951444e-05,7.639131848677952e-05,0.00012157857788594494,1.7656997337330606e-05,0.0,0.0,6.131420227196912e-07,6.131420227196912e-07,6.131420227196912e-07,6.131420227196912e-07,0.005068737349179367,1.4921401916441892,1.0,0.40021145959540433,1.0,1.0,0.0,0.0,3.532801802494466,3.531396321456091,-0.0014054810383750116,0.0014054810383750116,28.430272054522774,28.39281424447848
8.0,1.34,6.313931565229111e-05,8.59108255824029e-05,1.349297050875956e-05,6.313931565229111e-05,8.59108255824029e-05,1.349297050875956e-05,6.34451248985104e-05,8.632692646252826e-05,1.3558322422981536e-05,0.0,0.0,4.161008801253566e-07,4.161008801253566e-07,4.161008801253566e-07,4.161008801253566e-07,0.0048434045104856546,1.4658274448318904,1.0,0.38241989178356733,1.0,1.0,0.0,0.0,2.3263362912808816,2.3245432531922816,-0.0017930380885999853,0.0017930380885999853,5.363118278400115,5.342376418896046
8.8,1.34,2.2146857907199228e-05,5.848230761854778e-05,7.04775025046168e-06,2.2146857907199228e-05,5.848230761854778e-05,7.04775025046168e-06,2.226946799665294e-05,5.880607909884606e-05,7.086768213744662e-06,0.0,0.0,3.237714802982751e-07,3.237714802982751e-07,3.237714802982751e-07,3.237714802982751e-07,0.005536229562111026,1.5482467554553723,1.0,0.43712316521321565,1.0,1.0,0.0,0.0,1.5836854037921184,1.5836905219732746,5.118181156227308e-06,5.118181156227308e-06,0.21087704728921014,0.2108887991425883
9.600000000000001,1.34,1.0975147123423977e-05,4.357983832732679e-05,3.956029599315136e-06,1.0975147123423977e-05,4.357983832732679e-05,3.956029599315136e-06,1.1035886410508133e-05,4.3821020361743e-05,3.9779232846429055e-06,0.0,0.0,2.4118203441620675e-07,2.4118203441620675e-07,2.4118203441620675e-07,2.4118203441620675e-07,0.005534257208682053,1.5480056645464257,1.0,0.4369674344285572,1.0,1.0,0.0,0.0,1.0000000001069425,1.0000000001069425,0.0,0.0,0.9999999994652873,0.9999999994652873
10.4,1.34,7.422066683293223e-06,2.9967975942332617e-05,2.1099881408727746e-06,7.422066683293223e-06,2.9967975942332617e-05,2.1099881408727746e-06,7.46160912933454e-06,3.012763592953464e-05,2.121229496652572e-06,0.0,0.0,1.5965998720202175e-07,1.5965998720202175e-07,1.5965998720202175e-07,1.5965998720202175e-07,0.005327686711616944,1.5229622419775668,1.0,0.42065728173279693,1.0,1.0,0.0,0.0,0.49525461784272423,0.4950549945302604,-0.0001996233124638147,0.0001996233124638147,5.116026290843219,5.118284143278916
11.2,1.34,4.558507906104353e-06,1.64733885492086e-05,7.956065820610927e-07,4.558507906104353e-06,1.64733885492086e-05,7.956065820610927e-07,4.581894740232708e-06,1.6557903134565876e-05,7.996883385369724e-07,0.0,0.0,8.45145853572773e-08,8.45145853572773e-08,8.45145853572773e-08,8.45145853572773e-08,0.005130370421654231,1.499419168235305,1.0,0.40507781194222237,1.0,1.0,0.0,0.0,0.15211176426751244,0.15198992842818948,-0.00012183583932295905,0.00012183583932295905,9.732656555497126,9.734557117154223
12.0,1.34,2.51049463106848e-06,8.24875841177789e-06,4.859948555054751e-07,2.51049463106848e-06,8.24875841177789e-06,4.859948555054751e-07,2.522916247757109e-06,8.289572247378326e-06,4.883994978946785e-07,0.0,0.0,4.081383560043709e-08,4.081383560043709e-08,4.081383560043709e-08,4.081383560043709e-08,0.0049478762212458,1.4779687035454037,1.0,0.3906686474340275,1.0,1.0,0.0,0.0,0.03820534400723377,0.0381608433144688,-4.450069276497326e-05,4.450069276497326e-05,11.590529281815348,11.59128680426224
12.8,1.34,6.987857618056545e-07,2.0494030046977655e-06,2.054671598440082e-07,6.987857618056545e-07,2.0494030046977655e-06,2.054671598440082e-07,7.028235524596387e-07,2.061245060948644e-06,2.0665440981827077e-07,0.0,0.0,1.1842056250878585e-08,1.1842056250878585e-08,1.1842056250878585e-08,1.1842056250878585e-08,0.005778295544474907,1.5781226258875372,1.0,0.4562359290923607,1.0,1.0,0.0,0.0,0.0023602983067241403,0.0023614439033559807,1.145596631840426e-06,1.145596631840426e-06,12.208729598432932,12.208709584299449
13.600000000000001,1.34,2.2326027653039414e-07,5.624688926071807e-07,8.964879024969714e-08,2.2326027653039414e-07,5.624688926071807e-07,8.964879024969714e-08,2.2455998482327724e-07,5.657433017209345e-07,9.017068011718821e-08,0.0,0.0,3.274409113753833e-09,3.274409113753833e-09,3.274409113753833e-09,3.274409113753833e-09,0.005821493698213508,1.5835144599575646,1.0,0.4596467185984162,1.0,1.0,0.0,0.0,0.00017781695324202695,0.0001779185530531134,1.01599811086451e-07,1.01599811086451e-07,12.246888400936193,12.246886623165391
14.4,1.34,1.1132200550824646e-07,2.793810927918196e-07,4.0787980013237465e-08,1.1132200550824646e-07,2.793810927918196e-07,4.0787980013237465e-08,1.119498004026242e-07,2.8095664852170073e-07,4.1018001790938866e-08,0.0,0.0,1.5755557298811578e-09,1.5755557298811578e-09,1.5755557298811578e-09,1.5755557298811578e-09,0.005639450093550822,1.5609164733916419,1.0,0.4452731317042589,1.0,1.0,0.0,0.0,4.387145895867426e-05,4.388063850407003e-05,9.179545395769022e-09,9.179545395769022e-09,12.24923226149763,12.249232100860615
15.200000000000001,1.34,4.9697870473214727e-08,1.4681049173590282e-07,1.1760387509510612e-08,4.9697870473214727e-08,1.4681049173590282e-07,1.1760387509510612e-08,4.996962087238995e-08,1.4761325872274674e-07,1.1824693886619612e-08,0.0,0.0,8.027669868439231e-10,8.027669868439231e-10,8.027669868439231e-10,8.027669868439231e-10,0.005468049165641509,1.5399344597018174,1.0,0.4317398568847099,1.0,1.0,0.0,0.0,1.2114488725319464e-05,1.2112893454545526e-05,-1.5952707739375066e-09,1.5952707739375066e-09,12.24978799736456,12.249788025281557
16.0,1.34,2.0122682869660554e-08,5.6112563888527984e-08,5.228798524556423e-09,2.0122682869660554e-08,5.6112563888527984e-08,5.228798524556423e-09,2.0229414937804838e-08,5.6410188714774715e-08,5.256532424854435e-09,0.0,0.0,2.9762482624673193e-10,2.9762482624673193e-10,2.9762482624673193e-10,2.9762482624673193e-10,0.0053040674961491166,1.520124718640573,1.0,0.4187923832293445,1.0,1.0,0.0,0.0,1.7697470688397574e-06,1.7689368990385978e-06,-8.101698011595449e-10,8.101698011595449e-10,12.249969029445866,12.249969043623821
16.8,1.34,9.352782009881537e-09,2.501169789684921e-08,2.233079625336042e-09,9.352782009881537e-09,2.501169789684921e-08,2.233079625336042e-09,9.400917015967303e-09,2.5140423042929613e-08,2.2445723877293044e-09,0.0,0.0,1.2872514608040294e-10,1.2872514608040294e-10,1.2872514608040294e-10,1.2872514608040294e-10,0.005146597668470112,1.5013415333766713,1.0,0.40635906399495303,1.0,1.0,0.0,0.0,3.516230404458501e-07,3.5135197475833424e-07,-2.710656875158782e-10,2.710656875158782e-10,12.249993846597564,12.249993851341207
17.6,1.34,3.4844108883177897e-09,7.139226485334546e-09,8.22219892437438e-10,3.4844108883177897e-09,7.139226485334546e-09,8.22219892437438e-10,3.5040299356344556e-09,7.179424047192066e-09,8.268494184868821e-10,0.0,0.0,4.0197561857520727e-11,4.0197561857520727e-11,4.0197561857520727e-11,4.0197561857520727e-11,0.005630520608933596,1.559816346703205,1.0,0.44456808785883606,1.0,1.0,0.0,0.0,5.620707380459479e-08,5.559007194408202e-08,-6.170018605127704e-10,6.170018605127704e-10,12.249999016376224,12.249999027173757
18.4,1.34,1.7949803590231418e-09,1.996930012438793e-09,3.873274194855538e-10,1.7949803590231418e-09,1.996930012438793e-09,3.873274194855538e-10,1.8055177554539526e-09,2.0086529502859255e-09,3.8960121738374553e-10,0.0,0.0,1.1722937847132488e-11,1.1722937847132488e-11,1.1722937847132488e-11,1.1722937847132488e-11,0.005870480073968943,1.5896510516836373,1.0,0.463514527796402,1.0,1.0,0.0,0.0,5.620707380459479e-08,5.559007194408202e-08,-6.170018605127704e-10,6.170018605127704e-10,12.249999016376224,12.249999027173757
19.200000000000003,1.34,0.0,0.0,0.0,1e-30,1e-30,1e-30,1.0057161736535278e-30,1.0057161736535278e-30,1.0057161736535278e-30,1e-30,1e-30,5.716173653527695e-33,5.716173653527695e-33,1.0057161736535278e-30,1.0057161736535278e-30,1.0057161736535276,1.5704009692603986,1.0,0.4513309811859851,1.0,1.0,0.0,0.0,5.620707380459479e-08,5.559007194408202e-08,-6.170018605127704e-10,6.170018605127704e-10,12.249999016376224,12.249999027173757
20.0,1.34,0.0,0.0,0.0,1e-30,1e-30,1e-30,1.0055641423643005e-30,1.0055641423643005e-30,1.0055641423643005e-30,1e-30,1e-30,5.564142364300414e-33,5.564142364300414e-33,1.0055641423643005e-30,1.0055641423643005e-30,1.0055641423643005,1.5516627094173834,1.0,0.43932707173589636,1.0,1.0,0.0,0.0,5.620707380459479e-08,5.559007194408202e-08,-6.170018605127704e-10,6.170018605127704e-10,12.249999016376224,12.249999027173757
4.0,1.53,0.00017387333880181135,0.0015026456270817784,0.0003321607154433195,0.00017387333880181135,0.0015026456270817784,0.0003321607154433195,0.0001744185343690104,0.0015073573082434878,0.00033320223538482003,0.0,0.0,4.71168116170941e-06,4.71168116170941e-06,4.71168116170941e-06,4.71168116170941e-06,0.003135590372601528,1.280917082806759,1.0,0.24757629233153006,1.0,1.0,0.0,0.0,2.669646112892627,2.6696192249283217,-2.6887964305277734e-05,2.6887964305277734e-05,10.075007824895984,10.074581101922453
4.8,1.53,0.0001965588929171481,0.001568929530981797,0.00015160543605120079,0.0001965588929171481,0.001568929530981797,0.00015160543605120079,0.0001973248741737882,0.0015750435795292101,0.00015219623568736337,0.0,0.0,6.114048547413041e-06,6.114048547413041e-06,6.114048547413041e-06,6.114048547413041e-06,0.003896955488872098,1.3602809677586774,1.0,0.30769127235057525,1.0,1.0,0.0,0.0,13.825682714848607,13.82523170652764,-0.0004510083209670057,0.0004510083209670057,964.9849433130465,964.9148935056236
5.6,1.53,0.00015719530462393442,0.0013021553945598329,5.9518247223308924e-05,0.00015719530462393442,0.0013021553945598329,5.9518247223308924e-05,0.0001579081627671219,0.0013080604823671829,5.978815393141884e-05,0.0,0.0,5.905087807349992e-06,5.905087807349992e-06,5.905087807349992e-06,5.905087807349992e-06,0.004534856463383994,1.4305484675437201,1.0,0.35805791447458585,1.0,1.0,0.0,0.0,57.999400898449075,57.992375058555425,-0.007025839893650243,0.007025839893650243,20021.826137895987,20016.855717301285
6.4,1.53,0.00010403474215719064,0.0006722732083732486,2.7226221481925058e-05,0.00010403474215719064,0.0006722732083732486,2.7226221481925058e-05,0.00010454912239513705,0.0006755971369543906,2.7360836419145685e-05,0.0,0.0,3.323928581142055e-06,3.323928581142055e-06,3.323928581142055e-06,3.323928581142055e-06,0.0049443121334334025,1.4775528482269376,1.0,0.3903872383399466,1.0,1.0,0.0,0.0,59.89480439295896,59.87822371348124,-0.016580679477719684,0.016580679477719684,21385.26338106582,21373.141554274745
7.2,1.53,7.600608727404155e-05,0.00012096542439756865,1.7567945752586312e-05,7.600608727404155e-05,0.00012096542439756865,1.7567945752586312e-05,7.639134216737247e-05,0.00012157856636217193,1.7656993055370803e-05,0.0,0.0,6.131419646032834e-07,6.131419646032834e-07,6.131419646032834e-07,6.131419646032834e-07,0.0050687373491793185,1.4921401916441892,1.0,0.40021145959540433,1.0,1.0,0.0,0.0,3.5328021094321085,3.531396627883228,-0.0014054815488804273,0.0014054815488804273,28.43028023748782,28.39282240844997
8.0,1.53,6.313931741925981e-05,8.591082464426984e-05,1.3492970193872878e-05,6.313931741925981e-05,8.591082464426984e-05,1.3492970193872878e-05,6.344512667403724e-05,8.632692551985145e-05,1.355832210656973e-05,0.0,0.0,4.161008755816008e-07,4.161008755816008e-07,4.161008755816008e-07,4.161008755816008e-07,0.004843404510485679,1.4658274448318904,1.0,0.38241989178356733,1.0,1.0,0.0,0.0,2.326336288136233,2.32454325001335,-0.0017930381228832282,0.0017930381228832282,5.36311824198759,5.342376382157797
8.8,1.53,2.214685797232915e-05,5.84823075402176e-05,7.047750232135693e-06,2.214685797232915e-05,5.84823075402176e-05,7.047750232135693e-06,2.2269468062143433e-05,5.8806079020082225e-05,7.0867681953172185e-06,0.0,0.0,3.2377147986462133e-07,3.2377147986462133e-07,3.2377147986462133e-07,3.2377147986462133e-07,0.005536229562111027,1.5482467554553723,1.0,0.43712316521321565,1.0,1.0,0.0,0.0,1.5836854009994783,1.5836905191806299,5.118181151564372e-06,5.118181151564372e-06,0.21087704087711984,0.21088879273030864
9.600000000000001,1.53,1.097514713937629e-05,4.3579838290958985e-05,3.956029595148421e-06,1.097514713937629e-05,4.3579838290958985e-05,3.956029595148421e-06,1.1035886426548728e-05,4.382102032517392e-05,3.977923280453131e-06,0.0,0.0,2.4118203421493817e-07,2.4118203421493817e-07,2.4118203421493817e-07,2.4118203421493817e-07,0.0055342572086820585,1.5480056645464257,1.0,0.4369674344285572,1.0,1.0,0.0,0.0,0.9999999985709999,0.9999999985710001,2.220446049250313e-16,2.220446049250313e-16,1.0000000071450001,1.0000000071449988
10.4,1.53,7.422066698273193e-06,2.9967975872906887e-05,2.1099881393629824e-06,7.422066698273193e-06,2.9967975872906887e-05,2.1099881393629824e-06,7.461609144394318e-06,3.012763585973903e-05,2.121229495134736e-06,0.0,0.0,1.596599868321428e-07,1.596599868321428e-07,1.596599868321428e-07,1.596599868321428e-07,0.00532768671161693,1.5229622419775668,1.0,0.42065728173279693,1.0,1.0,0.0,0.0,0.4952546155616006,0.49505499225005084,-0.0001996233115497681,0.0001996233115497681,5.116026316641166,5.11828416907222
11.2,1.53,4.5585082693317115e-06,1.647338752173113e-05,7.956065666793994e-07,4.5585082693317115e-06,1.647338752173113e-05,7.956065666793994e-07,4.581895105323558e-06,1.655790210181707e-05,7.996883230763652e-07,0.0,0.0,8.451458008593715e-08,8.451458008593715e-08,8.451458008593715e-08,8.451458008593715e-08,0.005130370421654222,1.499419168235305,1.0,0.40507781194222237,1.0,1.0,0.0,0.0,0.152111745309086,0.15198990948493474,-0.00012183582415126182,0.00012183582415126182,9.732656851222092,9.734557412671379
12.0,1.53,2.510495040651858e-06,8.248755669996426e-06,4.859950593906383e-07,2.510495040651858e-06,8.248755669996426e-06,4.859950593906383e-07,2.522916659367055e-06,8.289569492030868e-06,4.883997027886402e-07,0.0,0.0,4.081382203444211e-08,4.081382203444211e-08,4.081382203444211e-08,4.081382203444211e-08,0.00494787622124584,1.4779687035454037,1.0,0.3906686474340275,1.0,1.0,0.0,0.0,0.03820531857701706,0.03816081791391018,-4.4500663106877836e-05,4.4500663106877836e-05,11.590529714699521,11.591287236655685
12.8,1.53,6.987852418857957e-07,2.0494063235062364e-06,2.054664399231339e-07,6.987852418857957e-07,2.0494063235062364e-06,2.054664399231339e-07,7.028230295355292e-07,2.0612483989341713e-06,2.0665368573748087e-07,0.0,0.0,1.1842075427934904e-08,1.1842075427934904e-08,1.1842075427934904e-08,1.1842075427934904e-08,0.005778295544474964,1.5781226258875372,1.0,0.4562359290923607,1.0,1.0,0.0,0.0,0.0023603059542726553,0.002361451554617772,1.1456003451166402e-06,1.1456003451166402e-06,12.20872946482646,12.208709450628218
13.600000000000001,1.53,2.2326105218731991e-07,5.624688831972351e-07,8.964756430257579e-08,2.2326105218731991e-07,5.624688831972351e-07,8.964756430257579e-08,2.245607649956849e-07,5.65743292256209e-07,9.016944703322342e-08,0.0,0.0,3.274409058973883e-09,3.274409058973883e-09,3.274409058973883e-09,3.274409058973883e-09,0.005821493698213488,1.5835144599575646,1.0,0.4596467185984162,1.0,1.0,0.0,0.0,0.0001778169474603245,0.0001779185472682035,1.015998078790015e-07,1.015998078790015e-07,12.246888401037362,12.246886623266613
14.4,1.53,1.1132123591250031e-07,2.7938770589494145e-07,4.0786208122714804e-08,1.1132123591250031e-07,2.7938770589494145e-07,4.0786208122714804e-08,1.1194902646678126e-07,2.8096329891908765e-07,4.1016219907928034e-08,0.0,0.0,1.5755930241462024e-09,1.5755930241462024e-09,1.5755930241462024e-09,1.5755930241462024e-09,0.0056394500935509125,1.5609164733916419,1.0,0.4452731317042589,1.0,1.0,0.0,0.0,4.3873535933295936e-05,4.388271591327796e-05,9.179979982021369e-09,9.179979982021369e-09,12.249232225151708,12.249232064507094
15.200000000000001,1.53,4.9699435439300235e-08,1.4682169477067027e-07,1.1758004737705946e-08,4.9699435439300235e-08,1.4682169477067027e-07,1.1758004737705946e-08,4.997119439578696e-08,1.476245230162591e-07,1.1822298085701568e-08,0.0,0.0,8.02828245588834e-10,8.02828245588834e-10,8.02828245588834e-10,8.02828245588834e-10,0.005468049165641496,1.5399344597018174,1.0,0.4317398568847099,1.0,1.0,0.0,0.0,1.2116337699856848e-05,1.2114742185604235e-05,-1.595514252612906e-09,1.595514252612906e-09,12.249787965007787,12.249787992929042
16.0,1.53,2.016589925932915e-08,5.592745925340898e-08,5.2359848986885075e-09,2.016589925932915e-08,5.592745925340898e-08,5.2359848986885075e-09,2.0272860550121175e-08,5.6224102272177183e-08,5.263756915999969e-09,0.0,0.0,2.966430187682066e-10,2.966430187682066e-10,2.966430187682066e-10,2.966430187682066e-10,0.005304067496149044,1.520124718640573,1.0,0.4187923832293445,1.0,1.0,0.0,0.0,1.7580902120907422e-06,1.7572853786641856e-06,-8.048334265565966e-10,8.048334265565966e-10,12.249969233440604,12.24996924752517
16.8,1.53,9.372829740091682e-09,2.497018606519114e-08,2.2293733905227034e-09,9.372829740091682e-09,2.497018606519114e-08,2.2293733905227034e-09,9.421067923779005e-09,2.509869756657552e-08,2.240847078416517e-09,0.0,0.0,1.2851150138437823e-10,1.2851150138437823e-10,1.2851150138437823e-10,1.2851150138437823e-10,0.005146597668470137,1.5013415333766713,1.0,0.40635906399495303,1.0,1.0,0.0,0.0,3.504568338471425e-07,3.501866671865875e-07,-2.7016666055499944e-10,2.7016666055499944e-10,12.249993867006175,12.249993871734087
17.6,1.53,3.4844108883177897e-09,7.139226485334547e-09,8.22219892437438e-10,3.4844108883177897e-09,7.139226485334547e-09,8.22219892437438e-10,3.5040299356344556e-09,7.179424047192068e-09,8.268494184868821e-10,0.0,0.0,4.0197561857520727e-11,4.0197561857520727e-11,4.0197561857520727e-11,4.0197561857520727e-11,0.005630520608933595,1.559816346703205,1.0,0.44456808785883606,1.0,1.0,0.0,0.0,5.620707380459479e-08,5.559007194408202e-08,-6.170018605127704e-10,6.170018605127704e-10,12.249999016376224,12.249999027173757
18.4,1.53,1.7949803590231418e-09,1.996930012438793e-09,3.873274194855538e-10,1.7949803590231418e-09,1.996930012438793e-09,3.873274194855538e-10,1.8055177554539526e-09,2.0086529502859255e-09,3.8960121738374553e-10,0.0,0.0,1.1722937847132488e-11,1.1722937847132488e-11,1.1722937847132488e-11,1.1722937847132488e-11,0.005870480073968943,1.5896510516836373,1.0,0.463514527796402,1.0,1.0,0.0,0.0,5.620707380459479e-08,5.559007194408202e-08,-6.170018605127704e-10,6.170018605127704e-10,12.249999016376224,12.249999027173757
19.200000000000003,1.53,0.0,0.0,0.0,1e-30,1e-30,1e-30,1.0057161736535278e-30,1.0057161736535278e-30,1.0057161736535278e-30,1e-30,1e-30,5.716173653527695e-33,5.716173653527695e-33,1.0057161736535278e-30,1.0057161736535278e-30,1.0057161736535276,1.5704009692603986,1.0,0.4513309811859851,1.0,1.0,0.0,0.0,5.620707380459479e-08,5.559007194408202e-08,-6.170018605127704e-10,6.170018605127704e-10,12.249999016376224,12.249999027173757
20.0,1.53,0.0,0.0,0.0,1e-30,1e-30,1e-30,1.0055641423643005e-30,1.0055641423643005e-30,1.0055641423643005e-30,1e-30,1e-30,5.564142364300414e-33,5.564142364300414e-33,1.0055641423643005e-30,1.0055641423643005e-30,1.0055641423643005,1.5516627094173834,1.0,0.43932707173589636,1.0,1.0,0.0,0.0,5.620707380459479e-08,5.559007194408202e-08,-6.170018605127704e-10,6.170018605127704e-10,12.249999016376224,12.249999027173757
4.0,1.72,0.00017546967634370978,0.0015062102895496761,0.00033058115034987343,0.00017546967634370978,0.0015062102895496761,0.00033058115034987343,0.00017601987737153664,0.0015109331480327014,0.0003316177174222741,0.0,0.0,4.722858483025309e-06,4.722858483025309e-06,4.722858483025309e-06,4.722858483025309e-06,0.003135590372601518,1.280917082806759,1.0,0.24757629233153006,1.0,1.0,0.0,0.0,2.7079442294783274,2.7079166953174556,-2.7534160871756086e-05,2.7534160871756086e-05,10.691988171410346,10.69153801181334
4.8,1.72,0.0001966940391691054,0.001569015303125809,0.0001515455617644701,0.0001966940391691054,0.001569015303125809,0.0001515455617644701,0.0001974605470846739,0.0015751296859234495,0.00015213612807320236,0.0,0.0,6.11438279764058e-06,6.11438279764058e-06,6.11438279764058e-06,6.11438279764058e-06,0.003896955488872187,1.3602809677586774,1.0,0.30769127235057525,1.0,1.0,0.0,0.0,13.837975432665967,13.837523671393384,-0.00045176127258272913,0.00045176127258272913,966.8952053975133,966.8249692279421
5.6,1.72,0.000157203058121596,0.0013021505570288848,5.9516351425178783e-05,0.000157203058121596,0.0013021505570288848,5.9516351425178783e-05,0.00015791595142578243,0.0013080556228987263,5.978624953611629e-05,0.0,0.0,5.905065869841542e-06,5.905065869841542e-06,5.905065869841542e-06,5.905065869841542e-06,0.0045348564633840216,1.4305484675437201,1.0,0.35805791447458585,1.0,1.0,0.0,0.0,58.00239842037572,57.99537180208753,-0.007026618288186626,0.007026618288186626,20023.94691836845,20018.975683853274
6.4,1.72,0.000104035132225593,0.0006722726984645525,2.72261482049797e-05,0.000104035132225593,0.0006722726984645525,2.72261482049797e-05,0.00010454951439215934,0.0006755966245245468,2.736076277989624e-05,0.0,0.0,3.323926059994268e-06,3.323926059994268e-06,3.323926059994268e-06,3.323926059994268e-06,0.004944312133433351,1.4775528482269376,1.0,0.3903872383399466,1.0,1.0,0.0,0.0,59.89495687058356,59.87837608155108,-0.01658078903248139,0.01658078903248139,21385.374870571446,21373.252932095787
7.2,1.72,7.600611083565896e-05,0.00012096541293186766,1.7567941492031858e-05,7.600611083565896e-05,0.00012096541293186766,1.7567941492031858e-05,7.639136584841753e-05,0.00012157855483835432,1.765698877322072e-05,0.0,0.0,6.131419064866588e-07,6.131419064866588e-07,6.131419064866588e-07,6.131419064866588e-07,0.005068737349179338,1.4921401916441892,1.0,0.40021145959540433,1.0,1.0,0.0,0.0,3.532802416410534,3.531396934351116,-0.0014054820594178175,0.0014054820594178175,28.43028842154132,28.39283057350835
8.0,1.72,6.313931918440725e-05,8.591082371023867e-05,1.349296987784129e-05,6.313931918440725e-05,8.591082371023867e-05,1.349296987784129e-05,6.3445128447734e-05,8.632692458129638e-05,1.3558321789007475e-05,0.0,0.0,4.16100871057713e-07,4.16100871057713e-07,4.16100871057713e-07,4.16100871057713e-07,0.004843404510485714,1.4658274448318904,1.0,0.38241989178356733,1.0,1.0,0.0,0.0,2.3263362853868164,2.324543247229212,-0.001793038157604343,0.001793038157604343,5.3631182101515344,5.3423763499821
8.8,1.72,2.2146858031797686e-05,5.848230747383275e-05,7.047750213526493e-06,2.2146858031797686e-05,5.848230747383275e-05,7.047750213526493e-06,2.22694681219412e-05,5.8806078953329855e-05,7.0867681766049935e-06,0.0,0.0,3.237714794971039e-07,3.237714794971039e-07,3.237714794971039e-07,3.237714794971039e-07,0.005536229562111102,1.5482467554553723,1.0,0.43712316521321565,1.0,1.0,0.0,0.0,1.5836853988759467,1.5836905170570963,5.11818114956597e-06,5.11818114956597e-06,0.21087703600134802,0.21088878785439635
9.600000000000001,1.72,1.0975147126460919e-05,4.357983832613484e-05,3.956029597667383e-06,1.0975147126460919e-05,4.357983832613484e-05,3.956029597667383e-06,1.1035886413561882e-05,4.3821020360544454e-05,3.977923282986033e-06,0.0,0.0,2.4118203440961345e-07,2.4118203440961345e-07,2.4118203440961345e-07,2.4118203440961345e-07,0.005534257208682129,1.5480056645464257,1.0,0.4369674344285572,1.0,1.0,0.0,0.0,1.0000000001047336,1.0000000001047338,2.220446049250313e-16,2.220446049250313e-16,0.9999999994763318,0.9999999994763307
10.4,1.72,7.422066713766177e-06,2.9967975834253612e-05,2.109988139273444e-06,7.422066713766177e-06,2.9967975834253612e-05,2.109988139273444e-06,7.461609159969844e-06,3.0127635820879824e-05,2.1212294950447204e-06,0.0,0.0,1.5965998662621214e-07,1.5965998662621214e-07,1.5965998662621214e-07,1.5965998662621214e-07,0.005327686711616993,1.5229622419775668,1.0,0.42065728173279693,1.0,1.0,0.0,0.0,0.4952546142849507,0.49505499097391537,-0.00019962331103534625,0.00019962331103534625,5.116026331079205,5.118284183507625
11.2,1.72,4.558508463204179e-06,1.6473386745956877e-05,7.956065592200861e-07,4.558508463204179e-06,1.6473386745956877e-05,7.956065592200861e-07,4.581895300190663e-06,1.6557901322062806e-05,7.99688315578783e-07,0.0,0.0,8.451457610592924e-08,8.451457610592924e-08,8.451457610592924e-08,8.451457610592924e-08,0.005130370421654306,1.499419168235305,1.0,0.40507781194222237,1.0,1.0,0.0,0.0,0.15211173099063505,0.15198989517794576,-0.00012183581268929156,0.00012183581268929156,9.73265707456993,9.734557635862217
12.0,1.72,2.510495903196745e-06,8.24875446879351e-06,4.859948668798838e-07,2.510495903196745e-06,8.24875446879351e-06,4.859948668798838e-07,2.5229175261797072e-06,8.28956828488455e-06,4.883995093253664e-07,0.0,0.0,4.081381609103892e-08,4.081381609103892e-08,4.081381609103892e-08,4.081381609103892e-08,0.004947876221245858,1.4779687035454037,1.0,0.3906686474340275,1.0,1.0,0.0,0.0,0.03820530748070615,0.0381608068304882,-4.45006502179518e-05,4.45006502179518e-05,11.590529903585736,11.591287425328666
12.8,1.72,6.987844758669661e-07,2.0494078504461192e-06,2.054667875495048e-07,6.987844758669661e-07,2.0494078504461192e-06,2.054667875495048e-07,7.028222590904165e-07,2.061249934697164e-06,2.066540353725397e-07,0.0,0.0,1.1842084251044705e-08,1.1842084251044705e-08,1.1842084251044705e-08,1.1842084251044705e-08,0.005778295544474905,1.5781226258875372,1.0,0.4562359290923607,1.0,1.0,0.0,0.0,0.002360309469983826,0.0023614550720346267,1.1456020508008452e-06,1.1456020508008452e-06,12.208729403405245,12.20870938917725
13.600000000000001,1.72,2.2326097685107477e-07,5.624671636841545e-07,8.96489211369474e-08,2.2326097685107477e-07,5.624671636841545e-07,8.96489211369474e-08,2.245606892208703e-07,5.657415627329938e-07,9.017081176639778e-08,0.0,0.0,3.274399048839309e-09,3.274399048839309e-09,3.274399048839309e-09,3.274399048839309e-09,0.005821493698213469,1.5835144599575646,1.0,0.4596467185984162,1.0,1.0,0.0,0.0,0.00017781586007443195,0.00017791745926090173,1.0159918646977318e-07,1.0159918646977318e-07,12.246888420064193,12.246886642304322
14.4,1.72,1.1131778408206431e-07,2.793856995637238e-07,4.0790434728962546e-08,1.1131778408206431e-07,2.793856995637238e-07,4.0790434728962546e-08,1.1194555516991977e-07,2.809612812732652e-07,4.102047034991077e-08,0.0,0.0,1.575581709541397e-09,1.575581709541397e-09,1.575581709541397e-09,1.575581709541397e-09,0.005639450093550797,1.5609164733916419,1.0,0.4452731317042589,1.0,1.0,0.0,0.0,4.387290574373102e-05,4.3882085591840274e-05,9.179848109250744e-09,9.179848109250744e-09,12.249232236179681,12.249232075537373
15.200000000000001,1.72,4.96993595627975e-08,1.4682659676656904e-07,1.175584199261477e-08,4.96993595627975e-08,1.4682659676656904e-07,1.175584199261477e-08,4.997111810438778e-08,1.4762945181651247e-07,1.1820123514613901e-08,0.0,0.0,8.028550499434324e-10,8.028550499434324e-10,8.028550499434324e-10,8.028550499434324e-10,0.0054680491656415925,1.5399344597018174,1.0,0.4317398568847099,1.0,1.0,0.0,0.0,1.2117146782241395e-05,1.2115551161446134e-05,-1.5956207952613484e-09,1.5956207952613484e-09,12.249787950848967,12.249787978772089
16.0,1.72,2.0163442579736287e-08,5.595459901027395e-08,5.232202680326839e-09,2.0163442579736287e-08,5.595459901027395e-08,5.232202680326839e-09,2.0270390840133934e-08,5.62513859801444e-08,5.259954636496824e-09,0.0,0.0,2.9678696987045e-10,2.9678696987045e-10,2.9678696987045e-10,2.9678696987045e-10,0.005304067496149088,1.520124718640573,1.0,0.4187923832293445,1.0,1.0,0.0,0.0,1.7597969128267758e-06,1.758991298092302e-06,-8.056147344737996e-10,8.056147344737996e-10,12.249969203573379,12.249969217671616
16.8,1.72,9.348980993281651e-09,2.4831743321904655e-08,2.273859515241526e-09,9.348980993281651e-09,2.4831743321904655e-08,2.273859515241526e-09,9.397096437064247e-09,2.495954231418922e-08,2.2855621553210965e-09,0.0,0.0,1.2779899228456383e-10,1.2779899228456383e-10,1.2779899228456383e-10,1.2779899228456383e-10,0.005146597668470154,1.5013415333766713,1.0,0.40635906399495303,1.0,1.0,0.0,0.0,3.465815158913472e-07,3.4631433670773524e-07,-2.6717918361193995e-10,2.6717918361193995e-10,12.24999393482422,12.249993939499854
17.6,1.72,3.227814287789303e-09,7.558267951327938e-09,8.70480615052651e-10,3.227814287789303e-09,7.558267951327938e-09,8.70480615052651e-10,3.2459885626585106e-09,7.600824934795731e-09,8.753818740953821e-10,0.0,0.0,4.25569834677931e-11,4.25569834677931e-11,4.25569834677931e-11,4.25569834677931e-11,0.005630520608933442,1.559816346703205,1.0,0.44456808785883606,1.0,1.0,0.0,0.0,5.620707380459479e-08,5.559007194408202e-08,-6.170018605127704e-10,6.170018605127704e-10,12.249999016376224,12.249999027173757
18.4,1.72,1.7949803590231418e-09,1.996930012438793e-09,3.873274194855538e-10,1.7949803590231418e-09,1.996930012438793e-09,3.873274194855538e-10,1.8055177554539526e-09,2.0086529502859255e-09,3.8960121738374553e-10,0.0,0.0,1.1722937847132488e-11,1.1722937847132488e-11,1.1722937847132488e-11,1.1722937847132488e-11,0.005870480073968943,1.5896510516836373,1.0,0.463514527796402,1.0,1.0,0.0,0.0,5.620707380459479e-08,5.559007194408202e-08,-6.170018605127704e-10,6.170018605127704e-10,12.249999016376224,12.249999027173757
19.200000000000003,1.72,0.0,0.0,0.0,1e-30,1e-30,1e-30,1.0057161736535278e-30,1.0057161736535278e-30,1.0057161736535278e-30,1e-30,1e-30,5.716173653527695e-33,5.716173653527695e-33,1.0057161736535278e-30,1.0057161736535278e-30,1.0057161736535276,1.5704009692603986,1.0,0.4513309811859851,1.0,1.0,0.0,0.0,5.620707380459479e-08,5.559007194408202e-08,-6.170018605127704e-10,6.170018605127704e-10,12.249999016376224,12.249999027173757
20.0,1.72,0.0,0.0,0.0,1e-30,1e-30,1e-30,1.0055641423643005e-30,1.0055641423643005e-30,1.0055641423643005e-30,1e-30,1e-30,5.564142364300414e-33,5.564142364300414e-33,1.0055641423643005e-30,1.0055641423643005e-30,1.0055641423643005,1.5516627094173834,1.0,0.43932707173589636,1.0,1.0,0.0,0.0,5.620707380459479e-08,5.559007194408202e-08,-6.170018605127704e-10,6.170018605127704e-10,12.249999016376224,12.249999027173757
4.0,1.91,0.00017706860308234267,0.0015097107933558316,0.00032901266865521946,0.00017706860308234267,0.0015097107933558316,0.00032901266865521946,0.00017762381768945766,0.0015144446279848909,0.0003300443176115187,0.0,0.0,4.733834629059262e-06,4.733834629059262e-06,4.733834629059262e-06,4.733834629059262e-06,0.0031355903726015956,1.280917082806759,1.0,0.24757629233153006,1.0,1.0,0.0,0.0,2.746467375141381,2.746439183201463,-2.819193991809854e-05,2.819193991809854e-05,11.331089952000754,11.330615462876393
4.8,1.91,0.0001968291957808152,0.0015691007594232028,0.0001514857282469866,0.0001968291957808152,0.0015691007594232028,0.0001514857282469866,0.00019759623039568354,0.0015752154752402305,0.0001520760613871645,0.0,0.0,6.114715817027603e-06,6.114715817027603e-06,6.114715817027603e-06,6.114715817027603e-06,0.0038969554888720823,1.3602809677586774,1.0,0.30769127235057525,1.0,1.0,0.0,0.0,13.85027022961448,13.849817714526695,-0.00045251508778498817,0.00045251508778498817,968.8076799401535,968.7372570308919
5.6,1.91,0.00015721081154981852,0.0013021457183770983,5.951445574389375e-05,0.00015721081154981852,0.0013021457183770983,5.951445574389375e-05,0.00015792374001468907,0.0013080507623043484,5.9784345258188727e-05,0.0,0.0,5.905043927250135e-06,5.905043927250135e-06,5.905043927250135e-06,5.905043927250135e-06,0.004534856463383961,1.4305484675437201,1.0,0.35805791447458585,1.0,1.0,0.0,0.0,58.00539587965675,57.99836848292819,-0.00702739672856012,0.00702739672856012,20026.067766829132,20021.095718308243
6.4,1.91,0.00010403552229313675,0.0006722721885536315,2.7226074928489245e-05,0.00010403552229313675,0.0006722721885536315,2.7226074928489245e-05,0.00010454990638831879,0.000675596112092467,2.736068914110394e-05,0.0,0.0,3.3239235388355303e-06,3.3239235388355303e-06,3.3239235388355303e-06,3.3239235388355303e-06,0.004944312133433376,1.4775528482269376,1.0,0.3903872383399466,1.0,1.0,0.0,0.0,59.89510934696901,59.87852844838185,-0.016580898587157833,0.016580898587157833,21385.486359461625,21373.364309301283
7.2,1.91,7.600613439743744e-05,0.00012096540146586406,1.7567937231564103e-05,7.600613439743744e-05,0.00012096540146586406,1.7567937231564103e-05,7.639138952962448e-05,0.00012157854331423256,1.765698449115777e-05,0.0,0.0,6.131418483685028e-07,6.131418483685028e-07,6.131418483685028e-07,6.131418483685028e-07,0.005068737349179377,1.4921401916441892,1.0,0.40021145959540433,1.0,1.0,0.0,0.0,3.53280272335143,3.531397240781497,-0.0014054825699330031,0.0014054825699330031,28.430296604595483,28.392838737568614
8.0,1.91,6.313932095074408e-05,8.591082277430897e-05,1.3492969562110504e-05,6.313932095074408e-05,8.591082277430897e-05,1.3492969562110504e-05,6.344513022262592e-05,8.632692364083359e-05,1.3558321471747476e-05,0.0,0.0,4.161008665246231e-07,4.161008665246231e-07,4.161008665246231e-07,4.161008665246231e-07,0.00484340451048567,1.4658274448318904,1.0,0.38241989178356733,1.0,1.0,0.0,0.0,2.326336282489129,2.3245432442969514,-0.0017930381921775762,0.0017930381921775762,5.363118176598622,5.342376316094578
8.8,1.91,2.2146858093061655e-05,5.8482307401817095e-05,7.047750195432216e-06,2.2146858093061655e-05,5.8482307401817095e-05,7.047750195432216e-06,2.2269468183544342e-05,5.8806078880915504e-05,7.086768158410542e-06,0.0,0.0,3.237714790984089e-07,3.237714790984089e-07,3.237714790984089e-07,3.237714790984089e-07,0.005536229562111105,1.5482467554553723,1.0,0.43712316521321565,1.0,1.0,0.0,0.0,1.5836853964068676,1.5836905145880136,5.1181811460132565e-06,5.1181811460132565e-06,0.21087703033217567,0.21088878218505788
9.600000000000001,1.91,1.0975147142881857e-05,4.357983831278378e-05,3.956029585909753e-06,1.0975147142881857e-05,4.357983831278378e-05,3.956029585909753e-06,1.1035886430073697e-05,4.38210203471195e-05,3.977923271163334e-06,0.0,0.0,2.4118203433572507e-07,2.4118203433572507e-07,2.4118203433572507e-07,2.4118203433572507e-07,0.005534257208682124,1.5480056645464257,1.0,0.4369674344285572,1.0,1.0,0.0,0.0,0.9999999998666327,0.9999999998666329,2.220446049250313e-16,2.220446049250313e-16,1.000000000666836,1.000000000666835
10.4,1.91,7.4220666271382525e-06,2.9967976066891343e-05,2.109988157761351e-06,7.4220666271382525e-06,2.9967976066891343e-05,2.109988157761351e-06,7.461609072880393e-06,3.0127636054756975e-05,2.1212295136311254e-06,0.0,0.0,1.596599878656314e-07,1.596599878656314e-07,1.596599878656314e-07,1.596599878656314e-07,0.005327686711616937,1.5229622419775668,1.0,0.42065728173279693,1.0,1.0,0.0,0.0,0.4952546218104108,0.4950549984964077,-0.00019962331400308342,0.00019962331400308342,5.116026245971391,5.118284098414602
11.2,1.91,4.558508325246967e-06,1.6473387046536087e-05,7.95606594775005e-07,4.558508325246967e-06,1.6473387046536087e-05,7.95606594775005e-07,4.581895161525679e-06,1.65579016241841e-05,7.996883513161118e-07,0.0,0.0,8.45145776480137e-08,8.45145776480137e-08,8.45145776480137e-08,8.45145776480137e-08,0.005130370421654414,1.499419168235305,1.0,0.40507781194222237,1.0,1.0,0.0,0.0,0.15211173650453857,0.15198990068746251,-0.00012183581707606028,0.00012183581707606028,9.732656988560736,9.734557549913056
12.0,1.91,2.510496352409166e-06,8.248753478481222e-06,4.859947199335077e-07,2.510496352409166e-06,8.248753478481222e-06,4.859947199335077e-07,2.5229179776147756e-06,8.289567289672318e-06,4.883993616519177e-07,0.0,0.0,4.081381119109562e-08,4.081381119109562e-08,4.081381119109562e-08,4.081381119109562e-08,0.004947876221245776,1.4779687035454037,1.0,0.3906686474340275,1.0,1.0,0.0,0.0,0.038205298330657896,0.03816079769107034,-4.450063958755246e-05,4.450063958755246e-05,11.590530059341825,11.591287580908885
12.8,1.91,6.987855075059498e-07,2.0494046070999458e-06,2.054666360767725e-07,6.987855075059498e-07,2.0494046070999458e-06,2.054666360767725e-07,7.02823296690515e-07,2.061246672609978e-06,2.0665388302455317e-07,0.0,0.0,1.1842065510032054e-08,1.1842065510032054e-08,1.1842065510032054e-08,1.1842065510032054e-08,0.0057782955444749505,1.5781226258875372,1.0,0.4562359290923607,1.0,1.0,0.0,0.0,0.0023603019998808456,0.002361447598306259,1.1455984254135285e-06,1.1455984254135285e-06,12.20872953391165,12.208709519746884
13.600000000000001,1.91,2.2326392180518315e-07,5.624585271907656e-07,8.964888708497528e-08,2.2326392180518315e-07,5.624585271907656e-07,8.964888708497528e-08,2.2456365131901045e-07,5.657328759623131e-07,9.017077751619233e-08,0.0,0.0,3.27434877154754e-09,3.27434877154754e-09,3.27434877154754e-09,3.27434877154754e-09,0.005821493698213592,1.5835144599575646,1.0,0.4596467185984162,1.0,1.0,0.0,0.0,0.00017781039951624475,0.00017791199558270167,1.0159606645692592e-07,1.0159606645692592e-07,12.246888515611825,12.246886737906538
14.4,1.91,1.1132089718854659e-07,2.7939621165333276e-07,4.0783534930408366e-08,1.1132089718854659e-07,2.7939621165333276e-07,4.0783534930408366e-08,1.119486858326107e-07,2.809718526452789e-07,4.1013531640286993e-08,0.0,0.0,1.5756409919461544e-09,1.5756409919461544e-09,1.5756409919461544e-09,1.5756409919461544e-09,0.0056394500935508995,1.5609164733916419,1.0,0.4452731317042589,1.0,1.0,0.0,0.0,4.38762074117369e-05,4.388538795070043e-05,9.18053896353235e-09,9.18053896353235e-09,12.249232178402302,12.249232017747905
15.200000000000001,1.91,4.969929878367102e-08,1.4683052339741985e-07,1.1754109575495103e-08,4.969929878367102e-08,1.4683052339741985e-07,1.1754109575495103e-08,4.997105699291804e-08,1.4763339991837382e-07,1.1818381624552249e-08,0.0,0.0,8.028765209539665e-10,8.028765209539665e-10,8.028765209539665e-10,8.028765209539665e-10,0.005468049165641501,1.5399344597018174,1.0,0.4317398568847099,1.0,1.0,0.0,0.0,1.2117794898525732e-05,1.211619919238437e-05,-1.5957061413609072e-09,1.5957061413609072e-09,12.249787939507028,12.249787967431644
16.0,1.91,2.0161477666984945e-08,5.597630605521689e-08,5.229177569071457e-09,2.0161477666984945e-08,5.597630605521689e-08,5.229177569071457e-09,2.0268415505352737e-08,5.627320816071886e-08,5.2569134798471606e-09,0.0,0.0,2.969021055019715e-10,2.969021055019715e-10,2.969021055019715e-10,2.969021055019715e-10,0.005304067496149128,1.520124718640573,1.0,0.4187923832293445,1.0,1.0,0.0,0.0,1.7611625700201593e-06,1.7603563301035708e-06,-8.062399165884681e-10,8.062399165884681e-10,12.249969179674409,12.249969193783588
16.8,1.91,9.280470634420136e-09,2.5161429443196514e-08,2.246447868739475e-09,9.280470634420136e-09,2.5161429443196514e-08,2.246447868739475e-09,9.328233482949549e-09,2.5290925197304245e-08,2.258009432103069e-09,0.0,0.0,1.2949575410773168e-10,1.2949575410773168e-10,1.2949575410773168e-10,1.2949575410773168e-10,0.005146597668470162,1.5013415333766713,1.0,0.40635906399495303,1.0,1.0,0.0,0.0,3.5584559683204964e-07,3.5557127598199274e-07,-2.74320850056897e-10,2.74320850056897e-10,12.249993772702846,12.249993777503459
17.6,1.91,3.2578028990597642e-09,7.5092943031814e-09,8.648403530727248e-10,3.2578028990597642e-09,7.5092943031814e-09,8.648403530727248e-10,3.276146025422764e-09,7.55157553951401e-09,8.697098545041382e-10,0.0,0.0,4.2281236332609684e-11,4.2281236332609684e-11,4.2281236332609684e-11,4.2281236332609684e-11,0.005630520608933484,1.559816346703205,1.0,0.44456808785883606,1.0,1.0,0.0,0.0,5.620707380459479e-08,5.559007194408202e-08,-6.170018605127704e-10,6.170018605127704e-10,12.249999016376224,12.249999027173757
18.4,1.91,1.7949803590231418e-09,1.996930012438793e-09,3.873274194855538e-10,1.7949803590231418e-09,1.996930012438793e-09,3.873274194855538e-10,1.8055177554539526e-09,2.0086529502859255e-09,3.8960121738374553e-10,0.0,0.0,1.1722937847132488e-11,1.1722937847132488e-11,1.1722937847132488e-11,1.1722937847132488e-11,0.005870480073968943,1.5896510516836373,1.0,0.463514527796402,1.0,1.0,0.0,0.0,5.620707380459479e-08,5.559007194408202e-08,-6.170018605127704e-10,6.170018605127704e-10,12.249999016376224,12.249999027173757
19.200000000000003,1.91,0.0,0.0,0.0,1e-30,1e-30,1e-30,1.0057161736535278e-30,1.0057161736535278e-30,1.0057161736535278e-30,1e-30,1e-30,5.716173653527695e-33,5.716173653527695e-33,1.0057161736535278e-30,1.0057161736535278e-30,1.0057161736535276,1.5704009692603986,1.0,0.4513309811859851,1.0,1.0,0.0,0.0,5.620707380459479e-08,5.559007194408202e-08,-6.170018605127704e-10,6.170018605127704e-10,12.249999016376224,12.249999027173757
20.0,1.91,0.0,0.0,0.0,1e-30,1e-30,1e-30,1.0055641423643005e-30,1.0055641423643005e-30,1.0055641423643005e-30,1e-30,1e-30,5.564142364300414e-33,5.564142364300414e-33,1.0055641423643005e-30,1.0055641423643005e-30,1.0055641423643005,1.5516627094173834,1.0,0.43932707173589636,1.0,1.0,0.0,0.0,5.620707380459479e-08,5.559007194408202e-08,-6.170018605127704e-10,6.170018605127704e-10,12.249999016376224,12.249999027173757
4.0,2.1,0.0001786700488964696,0.001513147705359586,0.0003274553896409935,0.0001786700488964696,0.001513147705359586,0.0003274553896409935,0.00017923028498166162,0.0015178923167368356,0.0003284821556082083,0.0,0.0,4.74461137724971e-06,4.74461137724971e-06,4.74461137724971e-06,4.74461137724971e-06,0.0031355903726015934,1.280917082806759,1.0,0.24757629233153006,1.0,1.0,0.0,0.0,2.785209972203318,2.785181110843747,-2.8861359570697687e-05,2.8861359570697687e-05,11.99254166932198,11.992041936489484
4.8,2.1,0.00019696436268689781,0.0015691859001470414,0.00015142593550008672,0.00019696436268689781,0.0015691859001470414,0.00015142593550008672,0.00019773192404118272,0.0015753009477536802,0.00015201603563059138,0.0,0.0,6.115047606638797e-06,6.115047606638797e-06,6.115047606638797e-06,6.115047606638797e-06,0.003896955488872149,1.3602809677586774,1.0,0.30769127235057525,1.0,1.0,0.0,0.0,13.862567092004744,13.862113822238225,-0.00045326976651871576,0.00045326976651871576,970.7223657669972,970.6517557401313
5.6,2.1,0.00015721856490856913,0.0013021408786045986,5.951256017945502e-05,0.00015721856490856913,0.0013021408786045986,5.951256017945502e-05,0.00015793152853380872,0.0013080459005841752,5.9782441097637357e-05,0.0,0.0,5.9050219795766384e-06,5.9050219795766384e-06,5.9050219795766384e-06,5.9050219795766384e-06,0.0045348564633840415,1.4305484675437201,1.0,0.35805791447458585,1.0,1.0,0.0,0.0,58.00839327626172,58.001365101047014,-0.007028175214706778,0.007028175214706778,20028.18868324946,20023.21582063764
6.4,2.1,0.00010403591235969662,0.0006722716786411443,2.722600165242653e-05,0.00010403591235969662,0.0006722716786411443,2.722600165242653e-05,0.00010455029838348949,0.0006755955996588132,2.73606155027415e-05,0.0,0.0,3.3239210176689866e-06,3.3239210176689866e-06,3.3239210176689866e-06,3.3239210176689866e-06,0.004944312133433307,1.4775528482269376,1.0,0.3903872383399466,1.0,1.0,0.0,0.0,59.895261822320855,59.87868081417893,-0.016581008141926645,0.016581008141926645,21385.597847886675,21373.475686041365
7.2,2.1,7.600615795902852e-05,0.00012096539000020595,1.756793297100372e-05,7.600615795902852e-05,0.00012096539000020595,1.756793297100372e-05,7.639141321064308e-05,0.00012157853179045804,1.7656980209001726e-05,0.0,0.0,6.131417902520951e-07,6.131417902520951e-07,6.131417902520951e-07,6.131417902520951e-07,0.0050687373491793905,1.4921401916441892,1.0,0.40021145959540433,1.0,1.0,0.0,0.0,3.5328030303337083,3.5313975472532353,-0.0014054830804730578,0.0014054830804730578,28.430304788754057,28.392846902731918
8.0,2.1,6.313932271671044e-05,8.591082183901127e-05,1.3492969246334482e-05,6.313932271671044e-05,8.591082183901127e-05,1.3492969246334482e-05,6.344513199714557e-05,8.632692270100587e-05,1.3558321154442024e-05,0.0,0.0,4.16100861994596e-07,4.16100861994596e-07,4.16100861994596e-07,4.16100861994596e-07,0.004843404510485647,1.4658274448318904,1.0,0.38241989178356733,1.0,1.0,0.0,0.0,2.326336279632493,2.324543241405707,-0.0017930382267863365,0.0017930382267863365,5.363118143521054,5.3423762826810695
8.8,2.1,2.214685815298928e-05,5.8482307325780764e-05,7.047750180076567e-06,2.214685815298928e-05,5.8482307325780764e-05,7.047750180076567e-06,2.226946824380374e-05,5.880607880445822e-05,7.086768142969881e-06,0.0,0.0,3.2377147867745384e-07,3.2377147867745384e-07,3.2377147867745384e-07,3.2377147867745384e-07,0.0055362295621110965,1.5482467554553723,1.0,0.43712316521321565,1.0,1.0,0.0,0.0,1.5836853935036876,1.5836905116848288,5.118181141128275e-06,5.118181141128275e-06,0.2108770236662788,0.21088877551896404
9.600000000000001,2.1,1.0975147144545196e-05,4.357983828354171e-05,3.956029593335649e-06,1.0975147144545196e-05,4.357983828354171e-05,3.956029593335649e-06,1.1035886431746241e-05,4.3821020317715595e-05,3.977923278630326e-06,0.0,0.0,2.4118203417388757e-07,2.4118203417388757e-07,2.4118203417388757e-07,2.4118203417388757e-07,0.005534257208682025,1.5480056645464257,1.0,0.4369674344285572,1.0,1.0,0.0,0.0,0.9999999982884122,0.9999999982884122,0.0,0.0,1.0000000085579384,1.0000000085579384
10.4,2.1,7.422066645988309e-06,2.9967976016569312e-05,2.109988155945094e-06,7.422066645988309e-06,2.9967976016569312e-05,2.109988155945094e-06,7.4616090918308765e-06,3.0127636004166844e-05,2.1212295118051918e-06,0.0,0.0,1.5965998759753192e-07,1.5965998759753192e-07,1.5965998759753192e-07,1.5965998759753192e-07,0.0053276867116169545,1.5229622419775668,1.0,0.42065728173279693,1.0,1.0,0.0,0.0,0.495254620163339,0.4950549968499935,-0.00019962331334549832,0.00019962331334549832,5.116026264598649,5.118284117038531
11.2,2.1,4.558508211110678e-06,1.64733872885951e-05,7.956066236967276e-07,4.558508211110678e-06,1.64733872885951e-05,7.956066236967276e-07,4.5818950468038285e-06,1.6557901867484967e-05,7.996883803862136e-07,0.0,0.0,8.451457888986565e-08,8.451457888986565e-08,8.451457888986565e-08,8.451457888986565e-08,0.0051303704216543854,1.499419168235305,1.0,0.40507781194222237,1.0,1.0,0.0,0.0,0.1521117409446326,0.15198990512402433,-0.00012183582060826259,0.00012183582060826259,9.732656919301471,9.734557480702135
12.0,2.1,2.5104957726663467e-06,8.248755203639046e-06,4.859947408958895e-07,2.5104957726663467e-06,8.248755203639046e-06,4.859947408958895e-07,2.5229173950034607e-06,8.28956902336601e-06,4.883993827180188e-07,0.0,0.0,4.081381972696342e-08,4.081381972696342e-08,4.081381972696342e-08,4.081381972696342e-08,0.004947876221245828,1.4779687035454037,1.0,0.3906686474340275,1.0,1.0,0.0,0.0,0.03820531430782101,0.03816081364962768,-4.45006581933291e-05,4.45006581933291e-05,11.590529787371626,11.591287309246525
12.8,2.1,6.987848556003889e-07,2.0494060116656113e-06,2.0546690291536917e-07,6.987848556003889e-07,2.0494060116656113e-06,2.0546690291536917e-07,7.028226410180513e-07,2.061248085291639e-06,2.066541514050221e-07,0.0,0.0,1.1842073626027739e-08,1.1842073626027739e-08,1.1842073626027739e-08,1.1842073626027739e-08,0.005778295544475028,1.5781226258875372,1.0,0.4562359290923607,1.0,1.0,0.0,0.0,0.002360305234048578,0.00236145083404319,1.1455999946122924e-06,1.1455999946122924e-06,12.208729477409134,12.208709463217
13.600000000000001,2.1,2.2326099502214508e-07,5.62466037030973e-07,8.964903371073959e-08,2.2326099502214508e-07,5.62466037030973e-07,8.964903371073959e-08,2.2456070749772338e-07,5.657404295210079e-07,9.017092499553759e-08,0.0,0.0,3.274392490034923e-09,3.274392490034923e-09,3.274392490034923e-09,3.274392490034923e-09,0.0058214936982134875,1.5835144599575646,1.0,0.4596467185984162,1.0,1.0,0.0,0.0,0.0001778151477095289,0.00017791674648896374,1.0159877943482598e-07,1.0159877943482598e-07,12.246888432529,12.246886654776242
14.4,2.1,1.1132043982401784e-07,2.79399669298009e-07,4.0782647305896895e-08,1.1132043982401784e-07,2.79399669298009e-07,4.0782647305896895e-08,1.1194822588879752e-07,2.809753297891697e-07,4.101263901006139e-08,0.0,0.0,1.575660491160708e-09,1.575660491160708e-09,1.575660491160708e-09,1.575660491160708e-09,0.005639450093550759,1.5609164733916419,1.0,0.4452731317042589,1.0,1.0,0.0,0.0,4.387729340483847e-05,4.3886474171035125e-05,9.180766196654534e-09,9.180766196654534e-09,12.249232159398018,12.249231998739646
15.200000000000001,2.1,4.970030974615284e-08,1.468368733357417e-07,1.1752941512646037e-08,4.970030974615284e-08,1.468368733357417e-07,1.1752941512646037e-08,4.9972073483392425e-08,1.4763978457847062e-07,1.1817207174678096e-08,0.0,0.0,8.029112427289166e-10,8.029112427289166e-10,8.029112427289166e-10,8.029112427289166e-10,0.005468049165641552,1.5399344597018174,1.0,0.4317398568847099,1.0,1.0,0.0,0.0,1.2118843032347666e-05,1.2117247188184837e-05,-1.595844162828399e-09,1.595844162828399e-09,12.249787921164845,12.249787949091878
16.0,2.1,2.0159870295920027e-08,5.599406321818616e-08,5.226702916547204e-09,2.0159870295920027e-08,5.599406321818616e-08,5.226702916547204e-09,2.0266799608683197e-08,5.629105950887906e-08,5.254425701598889e-09,0.0,0.0,2.969962906928977e-10,2.969962906928977e-10,2.969962906928977e-10,2.969962906928977e-10,0.005304067496149075,1.520124718640573,1.0,0.4187923832293445,1.0,1.0,0.0,0.0,1.7622801218314165e-06,1.7614733703124948e-06,-8.067515189216974e-10,8.067515189216974e-10,12.249969160117274,12.24996917423541
16.8,2.1,9.294449758160885e-09,2.5099727876292816e-08,2.240939065919603e-09,9.294449758160885e-09,2.5099727876292816e-08,2.240939065919603e-09,9.34228455161595e-09,2.5228906077260178e-08,2.2524722776914485e-09,0.0,0.0,1.291782009673625e-10,1.291782009673625e-10,1.291782009673625e-10,1.291782009673625e-10,0.005146597668470097,1.5013415333766713,1.0,0.40635906399495303,1.0,1.0,0.0,0.0,3.541025074655414e-07,3.538295303605272e-07,-2.729771050141798e-10,2.729771050141798e-10,12.2499938032069,12.249993807984
17.6,2.1,3.48441088831779e-09,7.139226485334547e-09,8.22219892437438e-10,3.48441088831779e-09,7.139226485334547e-09,8.22219892437438e-10,3.504029935634456e-09,7.179424047192068e-09,8.268494184868821e-10,0.0,0.0,4.0197561857520727e-11,4.0197561857520727e-11,4.0197561857520727e-11,4.0197561857520727e-11,0.005630520608933595,1.559816346703205,1.0,0.44456808785883606,1.0,1.0,0.0,0.0,5.620707380459479e-08,5.559007194408202e-08,-6.170018605127704e-10,6.170018605127704e-10,12.249999016376224,12.249999027173757
18.4,2.1,1.7949803590231418e-09,1.996930012438793e-09,3.873274194855538e-10,1.7949803590231418e-09,1.996930012438793e-09,3.873274194855538e-10,1.8055177554539526e-09,2.0086529502859255e-09,3.8960121738374553e-10,0.0,0.0,1.1722937847132488e-11,1.1722937847132488e-11,1.1722937847132488e-11,1.1722937847132488e-11,0.005870480073968943,1.5896510516836373,1.0,0.463514527796402,1.0,1.0,0.0,0.0,5.620707380459479e-08,5.559007194408202e-08,-6.170018605127704e-10,6.170018605127704e-10,12.249999016376224,12.249999027173757
19.200000000000003,2.1,0.0,0.0,0.0,1e-30,1e-30,1e-30,1.0057161736535278e-30,1.0057161736535278e-30,1.0057161736535278e-30,1e-30,1e-30,5.716173653527695e-33,5.716173653527695e-33,1.0057161736535278e-30,1.0057161736535278e-30,1.0057161736535276,1.5704009692603986,1.0,0.4513309811859851,1.0,1.0,0.0,0.0,5.620707380459479e-08,5.559007194408202e-08,-6.170018605127704e-10,6.170018605127704e-10,12.249999016376224,12.249999027173757
20.0,2.1,0.0,0.0,0.0,1e-30,1e-30,1e-30,1.0055641423643005e-30,1.0055641423643005e-30,1.0055641423643005e-30,1e-30,1e-30,5.564142364300414e-33,5.564142364300414e-33,1.0055641423643005e-30,1.0055641423643005e-30,1.0055641423643005,1.5516627094173834,1.0,0.43932707173589636,1.0,1.0,0.0,0.0,5.620707380459479e-08,5.559007194408202e-08,-6.170018605127704e-10,6.170018605127704e-10,12.249999016376224,12.249999027173757
4.0,2.29,0.00018027394449994505,0.0015165215975457612,0.0003259094245271801,0.00018027394449994505,0.0015165215975457612,0.0003259094245271801,0.00018083920974475,0.001521276788066868,0.0003269313429810677,0.0,0.0,4.755190521106871e-06,4.755190521106871e-06,4.755190521106871e-06,4.755190521106871e-06,0.003135590372601589,1.280917082806759,1.0,0.24757629233153006,1.0,1.0,0.0,0.0,2.824166341211901,2.824136798738497,-2.954247340403171e-05,2.954247340403171e-05,12.67656104650558,12.676035134507087
4.8,2.29,0.00019709953982200625,0.0015692707255705522,0.0001513661835250264,0.00019709953982200625,0.0015692707255705522,0.0001513661835250264,0.0001978676279555698,0.0015753861037380908,0.00015195605080474387,0.0,0.0,6.11537816753863e-06,6.11537816753863e-06,6.11537816753863e-06,6.11537816753863e-06,0.003896955488872204,1.3602809677586774,1.0,0.30769127235057525,1.0,1.0,0.0,0.0,13.874866006140639,13.87441198083191,-0.00045402530872884483,0.00045402530872884483,972.6392616947705,972.5684641720168
5.6,2.29,0.00015722631819778637,0.0013021360377115734,5.951066473186683e-05,0.00015722631819778637,0.0013021360377115734,5.951066473186683e-05,0.00015793931698307968,0.0013080410377383951,5.9780537054466417e-05,0.0,0.0,5.905000026821703e-06,5.905000026821703e-06,5.905000026821703e-06,5.905000026821703e-06,0.00453485646338411,1.4305484675437201,1.0,0.35805791447458585,1.0,1.0,0.0,0.0,58.011390610160284,58.00436165641362,-0.0070289537466621255,0.0070289537466621255,20030.309667600894,20025.335990812928
6.4,2.29,0.00010403630242541146,0.0006722711687264437,2.7225928376813418e-05,0.00010403630242541146,0.0006722711687264437,2.7225928376813418e-05,0.00010455069037781097,0.0006755950872229353,2.7360541864830884e-05,0.0,0.0,3.323918496491601e-06,3.323918496491601e-06,3.323918496491601e-06,3.323918496491601e-06,0.004944312133433389,1.4775528482269376,1.0,0.3903872383399466,1.0,1.0,0.0,0.0,59.89541429645305,59.87883317875644,-0.016581117696610193,0.016581117696610193,21385.70933571052,21373.587062180155
7.2,2.29,7.600618152034997e-05,0.00012096537853458087,1.756792871055685e-05,7.600618152034997e-05,0.00012096537853458087,1.756792871055685e-05,7.639143689139067e-05,0.00012157852026671672,1.7656975926959768e-05,0.0,0.0,6.1314173213585e-07,6.1314173213585e-07,6.1314173213585e-07,6.1314173213585e-07,0.005068737349179365,1.4921401916441892,1.0,0.40021145959540433,1.0,1.0,0.0,0.0,3.532803337291905,3.5313978537009123,-0.0014054835909926844,0.0014054835909926844,28.430312972271793,28.39285506725535
8.0,2.29,6.313932448353355e-05,8.591082090234076e-05,1.349296893076699e-05,6.313932448353355e-05,8.591082090234076e-05,1.349296893076699e-05,6.344513377252612e-05,8.632692175979868e-05,1.3558320837346109e-05,0.0,0.0,4.161008574579282e-07,4.161008574579282e-07,4.161008574579282e-07,4.161008574579282e-07,0.004843404510485721,1.4658274448318904,1.0,0.38241989178356733,1.0,1.0,0.0,0.0,2.326336276670002,2.324543238408712,-0.0017930382612898477,0.0017930382612898477,5.3631181092177656,5.34237624804543
8.8,2.29,2.2146858212242836e-05,5.848230725902623e-05,7.047750161940166e-06,2.2146858212242836e-05,5.848230725902623e-05,7.047750161940166e-06,2.2269468303385338e-05,5.8806078737334116e-05,7.086768124733073e-06,0.0,0.0,3.237714783078832e-07,3.237714783078832e-07,3.237714783078832e-07,3.237714783078832e-07,0.005536229562111059,1.5482467554553723,1.0,0.43712316521321565,1.0,1.0,0.0,0.0,1.5836853913227786,1.5836905095039167,5.118181138019651e-06,5.118181138019651e-06,0.2108770186587647,0.2108887705113033
9.600000000000001,2.29,1.0975147148612689e-05,4.357983826979438e-05,3.956029592150084e-06,1.0975147148612689e-05,4.357983826979438e-05,3.956029592150084e-06,1.1035886435836245e-05,4.382102030389219e-05,3.9779232774382e-06,0.0,0.0,2.4118203409781045e-07,2.4118203409781045e-07,2.4118203409781045e-07,2.4118203409781045e-07,0.005534257208682119,1.5480056645464257,1.0,0.4369674344285572,1.0,1.0,0.0,0.0,0.9999999976954086,0.9999999976954088,2.220446049250313e-16,2.220446049250313e-16,1.0000000115229564,1.0000000115229555
10.4,2.29,7.422066674332748e-06,2.9967976025562705e-05,2.109988126980725e-06,7.422066674332748e-06,2.9967976025562705e-05,2.109988126980725e-06,7.461609120326326e-06,3.0127636013208152e-05,2.1212294826865097e-06,0.0,0.0,1.5965998764544688e-07,1.5965998764544688e-07,1.5965998764544688e-07,1.5965998764544688e-07,0.0053276867116169874,1.5229622419775668,1.0,0.42065728173279693,1.0,1.0,0.0,0.0,0.49525462071577525,0.49505499740210424,-0.0001996233136710157,0.0001996233136710157,5.1160262583509715,5.118284110793158
11.2,2.29,4.558508166019005e-06,1.64733876715548e-05,7.956065792356809e-07,4.558508166019005e-06,1.64733876715548e-05,7.956065792356809e-07,4.581895001480818e-06,1.655790225240939e-05,7.996883356970652e-07,0.0,0.0,8.451458085458906e-08,8.451458085458906e-08,8.451458085458906e-08,8.451458085458906e-08,0.005130370421654282,1.499419168235305,1.0,0.40507781194222237,1.0,1.0,0.0,0.0,0.1521117480628491,0.1519899122365027,-0.00012183582634639478,0.00012183582634639478,9.732656808267237,9.734557369746573
12.0,2.29,2.510495990417386e-06,8.248753765512353e-06,4.859948941395263e-07,2.510495990417386e-06,8.248753765512353e-06,4.859948941395263e-07,2.5229176138319052e-06,8.289567578123643e-06,4.883995367198862e-07,0.0,0.0,4.0813812611290354e-08,4.0813812611290354e-08,4.0813812611290354e-08,4.0813812611290354e-08,0.004947876221245803,1.4779687035454037,1.0,0.3906686474340275,1.0,1.0,0.0,0.0,0.038205300961717446,0.038160800319097646,-4.450064261980052e-05,4.450064261980052e-05,11.590530014554789,11.591287536172
12.8,2.29,6.987843054667519e-07,2.0494071643735525e-06,2.054671235915891e-07,6.987843054667519e-07,2.0494071643735525e-06,2.054671235915891e-07,7.028220877055794e-07,2.0612492446602674e-06,2.0665437335637447e-07,0.0,0.0,1.1842080286714942e-08,1.1842080286714942e-08,1.1842080286714942e-08,1.1842080286714942e-08,0.0057782955444750485,1.5781226258875372,1.0,0.4562359290923607,1.0,1.0,0.0,0.0,0.0023603078882806845,0.0023614534895631096,1.1456012824250308e-06,1.1456012824250308e-06,12.20872943103838,12.20870941682379
13.600000000000001,2.29,2.2326158421823158e-07,5.624665966500349e-07,8.96482468595122e-08,2.2326158421823158e-07,5.624665966500349e-07,8.96482468595122e-08,2.2456130012381117e-07,5.657409923978886e-07,9.017013356366075e-08,0.0,0.0,3.2743957478537638e-09,3.2743957478537638e-09,3.2743957478537638e-09,3.2743957478537638e-09,0.005821493698213485,1.5835144599575646,1.0,0.4596467185984162,1.0,1.0,0.0,0.0,0.0001778155016477266,0.0001779171006294538,1.0159898172721889e-07,1.0159898172721889e-07,12.246888426335868,12.246886648579574
14.4,2.29,1.1131786841463266e-07,2.7939705681148074e-07,4.0786100514708276e-08,1.1131786841463266e-07,2.7939705681148074e-07,4.0786100514708276e-08,1.1194563997807744e-07,2.809727025696541e-07,4.101611169307152e-08,0.0,0.0,1.5756457581733376e-09,1.5756457581733376e-09,1.5756457581733376e-09,1.5756457581733376e-09,0.005639450093550852,1.5609164733916419,1.0,0.4452731317042589,1.0,1.0,0.0,0.0,4.387647281889897e-05,4.3885653413387325e-05,9.18059448835808e-09,9.18059448835808e-09,12.249232173757822,12.249232013102455
15.200000000000001,2.29,4.967571039074044e-08,1.4687205823073357e-07,1.1762280000545537e-08,4.967571039074044e-08,1.4687205823073357e-07,1.1762280000545537e-08,4.994733961749518e-08,1.4767516186619818e-07,1.1826596725888562e-08,0.0,0.0,8.031036354646183e-10,8.031036354646183e-10,8.031036354646183e-10,8.031036354646183e-10,0.0054680491656415395,1.5399344597018174,1.0,0.4317398568847099,1.0,1.0,0.0,0.0,1.2124651525207331e-05,1.2123054916166938e-05,-1.5966090403933027e-09,1.5966090403933027e-09,12.249787819517099,12.249787847457517
16.0,2.29,2.0115296034741516e-08,5.610123846147847e-08,5.233258414591269e-09,2.0115296034741516e-08,5.610123846147847e-08,5.233258414591269e-09,2.0221988922614806e-08,5.6398803216895704e-08,5.261015970447051e-09,0.0,0.0,2.975647554172354e-10,2.975647554172354e-10,2.975647554172354e-10,2.975647554172354e-10,0.005304067496149059,1.520124718640573,1.0,0.4187923832293445,1.0,1.0,0.0,0.0,1.7690327504328532e-06,1.7682229076384238e-06,-8.098427944294231e-10,8.098427944294231e-10,12.249969041946422,12.249969056118655
16.8,2.29,9.393468799889678e-09,2.478683569265689e-08,2.255561372703377e-09,9.393468799889678e-09,2.478683569265689e-08,2.255561372703377e-09,9.441813204514037e-09,2.4914403563441473e-08,2.2671698396052233e-09,0.0,0.0,1.2756787078458208e-10,1.2756787078458208e-10,1.2756787078458208e-10,1.2756787078458208e-10,0.005146597668470208,1.5013415333766713,1.0,0.40635906399495303,1.0,1.0,0.0,0.0,3.45329080223672e-07,3.4506286654088407e-07,-2.6621368278792737e-10,2.6621368278792737e-10,12.24999395674184,12.249993961400579
17.6,2.29,3.4844108883177897e-09,7.139226485334546e-09,8.22219892437438e-10,3.4844108883177897e-09,7.139226485334546e-09,8.22219892437438e-10,3.5040299356344556e-09,7.179424047192066e-09,8.268494184868821e-10,0.0,0.0,4.0197561857520727e-11,4.0197561857520727e-11,4.0197561857520727e-11,4.0197561857520727e-11,0.005630520608933596,1.559816346703205,1.0,0.44456808785883606,1.0,1.0,0.0,0.0,5.620707380459479e-08,5.559007194408202e-08,-6.170018605127704e-10,6.170018605127704e-10,12.249999016376224,12.249999027173757
18.4,2.29,1.7949803590231418e-09,1.996930012438793e-09,3.873274194855538e-10,1.7949803590231418e-09,1.996930012438793e-09,3.873274194855538e-10,1.8055177554539526e-09,2.0086529502859255e-09,3.8960121738374553e-10,0.0,0.0,1.1722937847132488e-11,1.1722937847132488e-11,1.1722937847132488e-11,1.1722937847132488e-11,0.005870480073968943,1.5896510516836373,1.0,0.463514527796402,1.0,1.0,0.0,0.0,5.620707380459479e-08,5.559007194408202e-08,-6.170018605127704e-10,6.170018605127704e-10,12.249999016376224,12.249999027173757
19.200000000000003,2.29,0.0,0.0,0.0,1e-30,1e-30,1e-30,1.0057161736535278e-30,1.0057161736535278e-30,1.0057161736535278e-30,1e-30,1e-30,5.716173653527695e-33,5.716173653527695e-33,1.0057161736535278e-30,1.0057161736535278e-30,1.0057161736535276,1.5704009692603986,1.0,0.4513309811859851,1.0,1.0,0.0,0.0,5.620707380459479e-08,5.559007194408202e-08,-6.170018605127704e-10,6.170018605127704e-10,12.249999016376224,12.249999027173757
20.0,2.29,0.0,0.0,0.0,1e-30,1e-30,1e-30,1.0055641423643005e-30,1.0055641423643005e-30,1.0055641423643005e-30,1e-30,1e-30,5.564142364300414e-33,5.564142364300414e-33,1.0055641423643005e-30,1.0055641423643005e-30,1.0055641423643005,1.5516627094173834,1.0,0.43932707173589636,1.0,1.0,0.0,0.0,5.620707380459479e-08,5.559007194408202e-08,-6.170018605127704e-10,6.170018605127704e-10,12.249999016376224,12.249999027173757
4.0,2.4800000000000004,0.0001818802214340558,0.001519833046600808,0.0003243748766724994,0.0001818802214340558,0.001519833046600808,0.0003243748766724994,0.00018245052330535108,0.0015245986204696913,0.0003253919834129075,0.0,0.0,4.765573868883294e-06,4.765573868883294e-06,4.765573868883294e-06,4.765573868883294e-06,0.0031355903726016272,1.280917082806759,1.0,0.24757629233153006,1.0,1.0,0.0,0.0,2.8633307043676353,2.863300469037281,-3.0235330354067003e-05,3.0235330354067003e-05,13.383354689656748,13.382801641779546
4.8,2.4800000000000004,0.00019723472712082556,0.001569355235967108,0.00015130647232298525,0.00019723472712082556,0.001569355235967108,0.00015130647232298525,0.00019800334207327526,0.0015754709434679002,0.0001518961069108062,0.0,0.0,6.115707500792223e-06,6.115707500792223e-06,6.115707500792223e-06,6.115707500792223e-06,0.0038969554888721204,1.3602809677586774,1.0,0.30769127235057525,1.0,1.0,0.0,0.0,13.887166958318316,13.886712176603927,-0.00045478171438873005,0.00045478171438873005,974.5583665307292,974.4873811334297
5.6,2.4800000000000004,0.00015723407141748986,0.0013021311956980899,5.950876940111741e-05,0.00015723407141748986,0.0013021311956980899,5.950876940111741e-05,0.00015794710536252166,0.0013080361737670754,5.9778633128664095e-05,0.0,0.0,5.904978068985546e-06,5.904978068985546e-06,5.904978068985546e-06,5.904978068985546e-06,0.004534856463384098,1.4305484675437201,1.0,0.35805791447458585,1.0,1.0,0.0,0.0,58.01438788134028,58.00735814901585,-0.007029732324426163,0.007029732324426163,20032.4307198678,20027.456228818446
6.4,2.4800000000000004,0.000104036692490161,0.0006722706588100405,2.722585510163121e-05,0.000104036692490161,0.0006722706588100405,2.722585510163121e-05,0.00010455108237116239,0.0006755945747853462,2.7360468227353305e-05,0.0,0.0,3.3239159753057582e-06,3.3239159753057582e-06,3.3239159753057582e-06,3.3239159753057582e-06,0.004944312133433415,1.4775528482269376,1.0,0.3903872383399466,1.0,1.0,0.0,0.0,59.895566769517124,59.87898554226579,-0.016581227251336372,0.016581227251336372,21385.82082304397,21373.69843782832
7.2,2.4800000000000004,7.600620508195232e-05,0.00012096536706882947,1.7567924450040677e-05,7.600620508195232e-05,0.00012096536706882947,1.7567924450040677e-05,7.63914605724206e-05,0.00012157850874284843,1.765697164484816e-05,0.0,0.0,6.131416740189679e-07,6.131416740189679e-07,6.131416740189679e-07,6.131416740189679e-07,0.005068737349179368,1.4921401916441892,1.0,0.40021145959540433,1.0,1.0,0.0,0.0,3.5328036442586006,3.5313981601570785,-0.001405484101522081,0.001405484101522081,28.430321156017293,28.392863232006118
8.0,2.4800000000000004,6.313932625028346e-05,8.591081996674722e-05,1.3492968614759161e-05,6.313932625028346e-05,8.591081996674722e-05,1.3492968614759161e-05,6.34451355478331e-05,8.632692081967368e-05,1.3558320519807728e-05,0.0,0.0,4.1610085292646457e-07,4.1610085292646457e-07,4.1610085292646457e-07,4.1610085292646457e-07,0.004843404510485655,1.4658274448318904,1.0,0.38241989178356733,1.0,1.0,0.0,0.0,2.326336273832419,2.3245432355364786,-0.0017930382959403524,0.0017930382959403524,5.363118076360815,5.342376214851628
8.8,2.4800000000000004,2.2146858270532428e-05,5.848230718769014e-05,7.047750146084535e-06,2.2146858270532428e-05,5.848230718769014e-05,7.047750146084535e-06,2.2269468361997633e-05,5.880607866560309e-05,7.0867681087896604e-06,0.0,0.0,3.23771477912949e-07,3.23771477912949e-07,3.23771477912949e-07,3.23771477912949e-07,0.005536229562111038,1.5482467554553723,1.0,0.43712316521321565,1.0,1.0,0.0,0.0,1.5836853887135836,1.5836905068947174,5.118181133800803e-06,5.118181133800803e-06,0.210877012667877,0.21088876452023897
9.600000000000001,2.4800000000000004,1.0975147142502004e-05,4.357983830992566e-05,3.956029587702069e-06,1.0975147142502004e-05,4.357983830992566e-05,3.956029587702069e-06,1.1035886429691742e-05,4.382102034424556e-05,3.977923272965569e-06,0.0,0.0,2.411820343199025e-07,2.411820343199025e-07,2.411820343199025e-07,2.411820343199025e-07,0.00553425720868201,1.5480056645464257,1.0,0.4369674344285572,1.0,1.0,0.0,0.0,0.999999999678409,0.999999999678409,0.0,0.0,1.0000000016079542,1.0000000016079542
10.4,2.4800000000000004,7.422066686678784e-06,2.9967975986117617e-05,2.109988127800958e-06,7.422066686678784e-06,2.9967975986117617e-05,2.109988127800958e-06,7.461609132738138e-06,3.0127635973552912e-05,2.121229483511113e-06,0.0,0.0,1.5965998743529462e-07,1.5965998743529462e-07,1.5965998743529462e-07,1.5965998743529462e-07,0.0053276867116169475,1.5229622419775668,1.0,0.42065728173279693,1.0,1.0,0.0,0.0,0.49525461940494064,0.4950549960918008,-0.0001996233131398295,0.0001996233131398295,5.116026273175616,5.118284125615066
11.2,2.4800000000000004,4.558508082537919e-06,1.6473387832136536e-05,7.956066050852504e-07,4.558508082537919e-06,1.6473387832136536e-05,7.956066050852504e-07,4.581894917571444e-06,1.655790241381497e-05,7.996883616792525e-07,0.0,0.0,8.451458167843363e-08,8.451458167843363e-08,8.451458167843363e-08,8.451458167843363e-08,0.00513037042165433,1.499419168235305,1.0,0.40507781194222237,1.0,1.0,0.0,0.0,0.15211175100149255,0.151989915172814,-0.00012183582867855702,0.00012183582867855702,9.732656762428501,9.73455732393975
12.0,2.4800000000000004,2.5104957179802144e-06,8.248755831059864e-06,4.859946604585511e-07,2.5104957179802144e-06,8.248755831059864e-06,4.859946604585511e-07,2.522917340046748e-06,8.289569653891229e-06,4.883993018826864e-07,0.0,0.0,4.0813822831364585e-08,4.0813822831364585e-08,4.0813822831364585e-08,4.0813822831364585e-08,0.004947876221245902,1.4779687035454037,1.0,0.3906686474340275,1.0,1.0,0.0,0.0,0.03820532013257745,0.038160819467584726,-4.450066499272348e-05,4.450066499272348e-05,11.5905296882201,11.5912872102075
12.8,2.4800000000000004,6.987841025928712e-07,2.049408911684805e-06,2.054666840789679e-07,6.987841025928712e-07,2.049408911684805e-06,2.054666840789679e-07,7.028218836594335e-07,2.0612510020680006e-06,2.0665393130411943e-07,0.0,0.0,1.184209038319563e-08,1.184209038319563e-08,1.184209038319563e-08,1.184209038319563e-08,0.005778295544474982,1.5781226258875372,1.0,0.4562359290923607,1.0,1.0,0.0,0.0,0.002360311914878241,0.002361457518115907,1.1456032376661214e-06,1.1456032376661214e-06,12.208729360691724,12.208709346443031
13.600000000000001,2.4800000000000004,2.2326194978906956e-07,5.624667345886919e-07,8.964752703802883e-08,2.2326194978906956e-07,5.624667345886919e-07,8.964752703802883e-08,2.245616678228175e-07,5.657411311395547e-07,9.016940955174113e-08,0.0,0.0,3.274396550862809e-09,3.274396550862809e-09,3.274396550862809e-09,3.274396550862809e-09,0.005821493698213525,1.5835144599575646,1.0,0.4596467185984162,1.0,1.0,0.0,0.0,0.00017781558896088227,0.0001779171879925543,1.0159903167202195e-07,1.0159903167202195e-07,12.24688842480808,12.246886647050916
14.4,2.4800000000000004,1.1131775215699592e-07,2.794000179578726e-07,4.078516667306802e-08,1.1131775215699592e-07,2.794000179578726e-07,4.078516667306802e-08,1.1194552306481157e-07,2.809756804152832e-07,4.101517258507794e-08,0.0,0.0,1.5756624574106345e-09,1.5756624574106345e-09,1.5756624574106345e-09,1.5756624574106345e-09,0.005639450093550853,1.5609164733916419,1.0,0.4452731317042589,1.0,1.0,0.0,0.0,4.3877402874171036e-05,4.3886583663264644e-05,9.180789093608506e-09,9.180789093608506e-09,12.249232157482366,12.249231996823593
15.200000000000001,2.4800000000000004,4.967747595064387e-08,1.4687159898937389e-07,1.1760452108471522e-08,4.967747595064387e-08,1.4687159898937389e-07,1.1760452108471522e-08,4.994911483156697e-08,1.4767470011368418e-07,1.1824758838810817e-08,0.0,0.0,8.03101124310297e-10,8.03101124310297e-10,8.03101124310297e-10,8.03101124310297e-10,0.005468049165641624,1.5399344597018174,1.0,0.4317398568847099,1.0,1.0,0.0,0.0,1.2124575704546995e-05,1.2122979105490591e-05,-1.596599056404095e-09,1.596599056404095e-09,12.249787820843952,12.249787848784194
16.0,2.4800000000000004,2.0144538011014665e-08,5.599354655929578e-08,5.237878715422357e-09,2.0144538011014665e-08,5.599354655929578e-08,5.237878715422357e-09,2.0251386000303828e-08,5.6290540109595055e-08,5.2656607776656e-09,0.0,0.0,2.9699355029927366e-10,2.9699355029927366e-10,2.9699355029927366e-10,2.9699355029927366e-10,0.005304067496149129,1.520124718640573,1.0,0.4187923832293445,1.0,1.0,0.0,0.0,1.762247600759038e-06,1.7614408641278888e-06,-8.067366311491674e-10,8.067366311491674e-10,12.249969160686396,12.249969174804267
16.8,2.4800000000000004,9.337349222531238e-09,2.5043653789137694e-08,2.235932692419818e-09,9.337349222531238e-09,2.5043653789137694e-08,2.235932692419818e-09,9.38540480226961e-09,2.5172543399338844e-08,2.2474401384014818e-09,0.0,0.0,1.2888961020115055e-10,1.2888961020115055e-10,1.2888961020115055e-10,1.2888961020115055e-10,0.005146597668470185,1.5013415333766713,1.0,0.40635906399495303,1.0,1.0,0.0,0.0,3.5252210824165327e-07,3.522503494640889e-07,-2.717587775643471e-10,2.717587775643471e-10,12.249993830863879,12.249993835619655
17.6,2.4800000000000004,3.48441088831779e-09,7.139226485334547e-09,8.222198924374382e-10,3.48441088831779e-09,7.139226485334547e-09,8.222198924374382e-10,3.504029935634456e-09,7.179424047192068e-09,8.268494184868823e-10,0.0,0.0,4.0197561857520727e-11,4.0197561857520727e-11,4.0197561857520727e-11,4.0197561857520727e-11,0.005630520608933595,1.559816346703205,1.0,0.44456808785883606,1.0,1.0,0.0,0.0,5.620707380459479e-08,5.559007194408202e-08,-6.170018605127704e-10,6.170018605127704e-10,12.249999016376224,12.249999027173757
18.4,2.4800000000000004,1.7949803590231418e-09,1.996930012438793e-09,3.873274194855538e-10,1.7949803590231418e-09,1.996930012438793e-09,3.873274194855538e-10,1.8055177554539526e-09,2.0086529502859255e-09,3.8960121738374553e-10,0.0,0.0,1.1722937847132488e-11,1.1722937847132488e-11,1.1722937847132488e-11,1.1722937847132488e-11,0.005870480073968943,1.5896510516836373,1.0,0.463514527796402,1.0,1.0,0.0,0.0,5.620707380459479e-08,5.559007194408202e-08,-6.170018605127704e-10,6.170018605127704e-10,12.249999016376224,12.249999027173757
19.200000000000003,2.4800000000000004,0.0,0.0,0.0,1e-30,1e-30,1e-30,1.0057161736535278e-30,1.0057161736535278e-30,1.0057161736535278e-30,1e-30,1e-30,5.716173653527695e-33,5.716173653527695e-33,1.0057161736535278e-30,1.0057161736535278e-30,1.0057161736535276,1.5704009692603986,1.0,0.4513309811859851,1.0,1.0,0.0,0.0,5.620707380459479e-08,5.559007194408202e-08,-6.170018605127704e-10,6.170018605127704e-10,12.249999016376224,12.249999027173757
20.0,2.4800000000000004,0.0,0.0,0.0,1e-30,1e-30,1e-30,1.0055641423643005e-30,1.0055641423643005e-30,1.0055641423643005e-30,1e-30,1e-30,5.564142364300414e-33,5.564142364300414e-33,1.0055641423643005e-30,1.0055641423643005e-30,1.0055641423643005,1.5516627094173834,1.0,0.43932707173589636,1.0,1.0,0.0,0.0,5.620707380459479e-08,5.559007194408202e-08,-6.170018605127704e-10,6.170018605127704e-10,12.249999016376224,12.249999027173757
4.0,2.6700000000000004,0.00018348881205959927,0.0015230826335008076,0.00032285184177373907,0.00018348881205959927,0.0015230826335008076,0.00032285184177373907,0.00018406415781217344,0.0015278583967430893,0.0003238641729005815,0.0,0.0,4.7757632422817074e-06,4.7757632422817074e-06,4.7757632422817074e-06,4.7757632422817074e-06,0.0031355903726015236,1.280917082806759,1.0,0.24757629233153006,1.0,1.0,0.0,0.0,2.9026971890446367,2.902666249070012,-3.093997462455533e-05,3.093997462455533e-05,14.11311776226658,14.112536600588376
4.8,2.6700000000000004,0.00019736992451805537,0.001569439431610267,0.00015124680189506547,0.00019736992451805537,0.001569439431610267,0.00015124680189506547,0.0001981390663287443,0.001575555467217733,0.00015183620394988481,0.0,0.0,6.116035607465998e-06,6.116035607465998e-06,6.116035607465998e-06,6.116035607465998e-06,0.0038969554888721378,1.3602809677586774,1.0,0.30769127235057525,1.0,1.0,0.0,0.0,13.899469934827238,13.8990143958438,-0.0004555389834379753,0.0004555389834379753,976.4796790728125,976.4085054219407
5.6,2.6700000000000004,0.00015724182456759446,0.0013021263525643807,5.9506874187214786e-05,0.00015724182456759446,0.0013021263525643807,5.9506874187214786e-05,0.00015795489367204912,0.00130803130867045,5.977672932023846e-05,0.0,0.0,5.904956106069252e-06,5.904956106069252e-06,5.904956106069252e-06,5.904956106069252e-06,0.0045348564633840285,1.4305484675437201,1.0,0.35805791447458585,1.0,1.0,0.0,0.0,58.01738508976841,58.01035457882042,-0.007030510947991786,0.007030510947991786,20034.551840019565,20029.57653462359
6.4,2.6700000000000004,0.00010403708255399956,0.000672270148891628,2.7225781826902383e-05,0.00010403708255399956,0.000672270148891628,2.7225781826902383e-05,0.00010455147436359831,0.0006755940623457379,2.7360394590331346e-05,0.0,0.0,3.323913454109941e-06,3.323913454109941e-06,3.323913454109941e-06,3.323913454109941e-06,0.00494431213343338,1.4775528482269376,1.0,0.3903872383399466,1.0,1.0,0.0,0.0,59.89571924138491,59.879137904578904,-0.01658133680600571,0.01658133680600571,21385.9323097933,21373.80981289223
7.2,2.6700000000000004,7.600622864338163e-05,0.00012096535560317827,1.7567920189560075e-05,7.600622864338163e-05,0.00012096535560317827,1.7567920189560075e-05,7.63914842532766e-05,0.00012157849721908086,1.76569673627723e-05,0.0,0.0,6.131416159025873e-07,6.131416159025873e-07,6.131416159025873e-07,6.131416159025873e-07,0.005068737349179317,1.4921401916441892,1.0,0.40021145959540433,1.0,1.0,0.0,0.0,3.5328039512229936,3.5313984666109453,-0.0014054846120483688,0.0014054846120483688,28.430329339702585,28.3928713966968
8.0,2.6700000000000004,6.313932801633772e-05,8.591081903113242e-05,1.3492968299093903e-05,6.313932801633772e-05,8.591081903113242e-05,1.3492968299093903e-05,6.344513732244108e-05,8.632691987952733e-05,1.3558320202613576e-05,0.0,0.0,4.1610084839490606e-07,4.1610084839490606e-07,4.1610084839490606e-07,4.1610084839490606e-07,0.004843404510485683,1.4658274448318904,1.0,0.38241989178356733,1.0,1.0,0.0,0.0,2.326336270941861,2.32454323261135,-0.001793038330510921,0.001793038330510921,5.363118042890456,5.3423761810465304
8.8,2.6700000000000004,2.2146858335422982e-05,5.848230710570936e-05,7.047750129323061e-06,2.2146858335422982e-05,5.848230710570936e-05,7.047750129323061e-06,2.2269468427247437e-05,5.880607858316845e-05,7.086768091935392e-06,0.0,0.0,3.237714774590884e-07,3.237714774590884e-07,3.237714774590884e-07,3.237714774590884e-07,0.0055362295621111035,1.5482467554553723,1.0,0.43712316521321565,1.0,1.0,0.0,0.0,1.5836853855996627,1.5836905037807905,5.118181127805599e-06,5.118181127805599e-06,0.21087700551810493,0.21088875737025392
9.600000000000001,2.6700000000000004,1.0975147146615848e-05,4.3579838298162736e-05,3.956029587259091e-06,1.0975147146615848e-05,4.3579838298162736e-05,3.956029587259091e-06,1.1035886433828353e-05,4.382102033241754e-05,3.977923272520139e-06,0.0,0.0,2.4118203425480293e-07,2.4118203425480293e-07,2.4118203425480293e-07,2.4118203425480293e-07,0.005534257208681998,1.5480056645464257,1.0,0.4369674344285572,1.0,1.0,0.0,0.0,0.9999999991528034,0.9999999991528034,0.0,0.0,1.0000000042359827,1.0000000042359827
10.4,2.6700000000000004,7.422066626636563e-06,2.996797614172958e-05,2.1099881418427844e-06,7.422066626636563e-06,2.996797614172958e-05,2.1099881418427844e-06,7.461609072376031e-06,3.0127636129993927e-05,2.1212294976277495e-06,0.0,0.0,1.5965998826434675e-07,1.5965998826434675e-07,1.5965998826434675e-07,1.5965998826434675e-07,0.005327686711616959,1.5229622419775668,1.0,0.42065728173279693,1.0,1.0,0.0,0.0,0.4952546244239788,0.495055001108866,-0.00019962331511275133,0.00019962331511275133,5.116026216413721,5.118284068862963
11.2,2.6700000000000004,4.558508269690934e-06,1.6473387263908912e-05,7.956065931607133e-07,4.558508269690934e-06,1.6473387263908912e-05,7.956065931607133e-07,4.581895105684623e-06,1.6557901842672126e-05,7.996883496935382e-07,0.0,0.0,8.451457876321389e-08,8.451457876321389e-08,8.451457876321389e-08,8.451457876321389e-08,0.005130370421654236,1.499419168235305,1.0,0.40507781194222237,1.0,1.0,0.0,0.0,0.15211174052042709,0.15198990470013327,-0.00012183582029381967,0.00012183582029381967,9.732656925918485,9.73455748731489
12.0,2.6700000000000004,2.510495908429057e-06,8.248754552295613e-06,4.859947975769518e-07,2.510495908429057e-06,8.248754552295613e-06,4.859947975769518e-07,2.5229175314379078e-06,8.289568368799809e-06,4.88399439679532e-07,0.0,0.0,4.081381650419618e-08,4.081381650419618e-08,4.081381650419618e-08,4.081381650419618e-08,0.004947876221245761,1.4779687035454037,1.0,0.3906686474340275,1.0,1.0,0.0,0.0,0.03820530826525177,0.03816080761410713,-4.450065114464108e-05,4.450065114464108e-05,11.590529890230858,11.59128741198913
12.8,2.6700000000000004,6.987846283852588e-07,2.0494058157833567e-06,2.0546716650294843e-07,6.987846283852588e-07,2.0494058157833567e-06,2.0546716650294843e-07,7.028224124900049e-07,2.061247888277519e-06,2.0665441651568831e-07,0.0,0.0,1.1842072494162176e-08,1.1842072494162176e-08,1.1842072494162176e-08,1.1842072494162176e-08,0.005778295544475026,1.5781226258875372,1.0,0.4562359290923607,1.0,1.0,0.0,0.0,0.0023603047817543966,0.0023614503815289492,1.1455997745526449e-06,1.1455997745526449e-06,12.208729485310938,12.208709471122642
13.600000000000001,2.6700000000000004,2.2326096223220834e-07,5.624644059885032e-07,8.964987572462871e-08,2.2326096223220834e-07,5.624644059885032e-07,8.964987572462871e-08,2.2456067451690022e-07,5.657387889834346e-07,9.017177191120526e-08,0.0,0.0,3.2743829949314274e-09,3.2743829949314274e-09,3.2743829949314274e-09,3.2743829949314274e-09,0.0058214936982134225,1.5835144599575646,1.0,0.4596467185984162,1.0,1.0,0.0,0.0,0.0001778141163367951,0.00017791571452686544,1.0159819007033127e-07,1.0159819007033127e-07,12.246888450575726,12.246886672833284
14.4,2.6700000000000004,1.1131761379377125e-07,2.794024607475921e-07,4.0784351550915376e-08,1.1131761379377125e-07,2.794024607475921e-07,4.0784351550915376e-08,1.1194538392129439e-07,2.809781369809934e-07,4.1014352866084596e-08,0.0,0.0,1.5756762334013345e-09,1.5756762334013345e-09,1.5756762334013345e-09,1.5756762334013345e-09,0.005639450093550809,1.5609164733916419,1.0,0.4452731317042589,1.0,1.0,0.0,0.0,4.3878170128864314e-05,4.388735107849882e-05,9.180949634507386e-09,9.180949634507386e-09,12.24923214405583,12.249231983394246
15.200000000000001,2.6700000000000004,4.9679824267111366e-08,1.468736710793947e-07,1.175908186933764e-08,4.9679824267111366e-08,1.468736710793947e-07,1.175908186933764e-08,4.995147598874436e-08,1.476767835339951e-07,1.1823381107141983e-08,0.0,0.0,8.031124546004056e-10,8.031124546004056e-10,8.031124546004056e-10,8.031124546004056e-10,0.005468049165641618,1.5399344597018174,1.0,0.4317398568847099,1.0,1.0,0.0,0.0,1.2124917819877123e-05,1.2123321175769766e-05,-1.5966441073574192e-09,1.5966441073574192e-09,12.249787814856985,12.249787842798014
16.0,2.6700000000000004,2.014448588712876e-08,5.6006297863297254e-08,5.235305944932717e-09,2.014448588712876e-08,5.6006297863297254e-08,5.235305944932717e-09,2.0251333599949315e-08,5.6303359047373616e-08,5.263074361027631e-09,0.0,0.0,2.9706118407636187e-10,2.9706118407636187e-10,2.9706118407636187e-10,2.9706118407636187e-10,0.005304067496149137,1.520124718640573,1.0,0.4187923832293445,1.0,1.0,0.0,0.0,1.7630503187467109e-06,1.762243214640523e-06,-8.071041061878572e-10,8.071041061878572e-10,12.249969146638843,12.24996916076315
16.8,2.6700000000000004,9.324480311993595e-09,2.494964570509308e-08,2.2640565595179226e-09,9.324480311993595e-09,2.494964570509308e-08,2.2640565595179226e-09,9.372469660626997e-09,2.5078051493508068e-08,2.275708747728422e-09,0.0,0.0,1.2840578841498798e-10,1.2840578841498798e-10,1.2840578841498798e-10,1.2840578841498798e-10,0.005146597668470136,1.5013415333766713,1.0,0.40635906399495303,1.0,1.0,0.0,0.0,3.4988050263228545e-07,3.49610780264621e-07,-2.697223676644305e-10,2.697223676644305e-10,12.249993877091967,12.249993881812106
17.6,2.6700000000000004,3.4844108883177897e-09,7.139226485334546e-09,8.22219892437438e-10,3.4844108883177897e-09,7.139226485334546e-09,8.22219892437438e-10,3.5040299356344556e-09,7.179424047192066e-09,8.268494184868821e-10,0.0,0.0,4.0197561857520727e-11,4.0197561857520727e-11,4.0197561857520727e-11,4.0197561857520727e-11,0.005630520608933596,1.559816346703205,1.0,0.44456808785883606,1.0,1.0,0.0,0.0,5.620707380459479e-08,5.559007194408202e-08,-6.170018605127704e-10,6.170018605127704e-10,12.249999016376224,12.249999027173757
18.4,2.6700000000000004,1.7949803590231418e-09,1.996930012438793e-09,3.873274194855538e-10,1.7949803590231418e-09,1.996930012438793e-09,3.873274194855538e-10,1.8055177554539526e-09,2.0086529502859255e-09,3.8960121738374553e-10,0.0,0.0,1.1722937847132488e-11,1.1722937847132488e-11,1.1722937847132488e-11,1.1722937847132488e-11,0.005870480073968943,1.5896510516836373,1.0,0.463514527796402,1.0,1.0,0.0,0.0,5.620707380459479e-08,5.559007194408202e-08,-6.170018605127704e-10,6.170018605127704e-10,12.249999016376224,12.249999027173757
19.200000000000003,2.6700000000000004,0.0,0.0,0.0,1e-30,1e-30,1e-30,1.0057161736535278e-30,1.0057161736535278e-30,1.0057161736535278e-30,1e-30,1e-30,5.716173653527695e-33,5.716173653527695e-33,1.0057161736535278e-30,1.0057161736535278e-30,1.0057161736535276,1.5704009692603986,1.0,0.4513309811859851,1.0,1.0,0.0,0.0,5.620707380459479e-08,5.559007194408202e-08,-6.170018605127704e-10,6.170018605127704e-10,12.249999016376224,12.249999027173757
20.0,2.6700000000000004,0.0,0.0,0.0,1e-30,1e-30,1e-30,1.0055641423643005e-30,1.0055641423643005e-30,1.0055641423643005e-30,1e-30,1e-30,5.564142364300414e-33,5.564142364300414e-33,1.0055641423643005e-30,1.0055641423643005e-30,1.0055641423643005,1.5516627094173834,1.0,0.43932707173589636,1.0,1.0,0.0,0.0,5.620707380459479e-08,5.559007194408202e-08,-6.170018605127704e-10,6.170018605127704e-10,12.249999016376224,12.249999027173757
4.0,2.8600000000000003,0.00018509964954871656,0.001526270943111238,0.0003213404080638596,0.00018509964954871656,0.001526270943111238,0.0003213404080638596,0.00018568004622781343,0.001531056703586439,0.0003223479999537125,0.0,0.0,4.78576047520103e-06,4.78576047520103e-06,4.78576047520103e-06,4.78576047520103e-06,0.003135590372601513,1.280917082806759,1.0,0.24757629233153006,1.0,1.0,0.0,0.0,2.9422598314011776,2.942228174955593,-3.1656445584449244e-05,3.1656445584449244e-05,14.866033672209932,14.865423397667874
4.8,2.8600000000000003,0.00019750513194843463,0.0015695233127737236,0.00015118717224229186,0.00019750513194843463,0.0015695233127737236,0.00015118717224229186,0.0001982748006564615,0.00157563967526235,0.00015177634192300852,0.0,0.0,6.116362488626376e-06,6.116362488626376e-06,6.116362488626376e-06,6.116362488626376e-06,0.0038969554888721586,1.3602809677586774,1.0,0.30769127235057525,1.0,1.0,0.0,0.0,13.911774921949332,13.911318624833541,-0.0004562971157913154,0.0004562971157913154,978.4031981095013,978.3318358256663
5.6,2.8600000000000003,0.00015724957764809126,0.0013021215083105467,5.950497909015342e-05,0.00015724957764809126,0.0013021215083105467,5.950497909015342e-05,0.0001579626819116531,0.0013080264424486202,5.977482562918393e-05,0.0,0.0,5.90493413807347e-06,5.90493413807347e-06,5.90493413807347e-06,5.90493413807347e-06,0.004534856463384049,1.4305484675437201,1.0,0.35805791447458585,1.0,1.0,0.0,0.0,58.020382235424286,58.013350945806955,-0.007031289617330572,0.007031289617330572,20036.673028034682,20031.69690820688
6.4,2.8600000000000003,0.0001040374726170164,0.0006722696389710155,2.7225708552609087e-05,0.0001040374726170164,0.0006722696389710155,2.7225708552609087e-05,0.00010455186635520846,0.0006755935499039188,2.7360320953747072e-05,0.0,0.0,3.3239109329032818e-06,3.3239109329032818e-06,3.3239109329032818e-06,3.3239109329032818e-06,0.004944312133433398,1.4775528482269376,1.0,0.3903872383399466,1.0,1.0,0.0,0.0,59.89587171208185,59.87929026572116,-0.016581446360689256,0.016581446360689256,21386.04379597711,21373.921187390435
7.2,2.8600000000000003,7.60062522048639e-05,0.00012096534413756598,1.756791592903427e-05,7.60062522048639e-05,0.00012096534413756598,1.756791592903427e-05,7.639150793418584e-05,0.00012157848569535239,1.765696308065101e-05,0.0,0.0,6.131415577864099e-07,6.131415577864099e-07,6.131415577864099e-07,6.131415577864099e-07,0.005068737349179316,1.4921401916441892,1.0,0.40021145959540433,1.0,1.0,0.0,0.0,3.5328042582000108,3.531398773077426,-0.0014054851225848708,0.0014054851225848708,28.430337523725616,28.392879561724726
8.0,2.8600000000000003,6.313932978333922e-05,8.591081809483144e-05,1.3492967983253901e-05,6.313932978333922e-05,8.591081809483144e-05,1.3492967983253901e-05,6.344513909800089e-05,8.632691893869147e-05,1.3558319885243832e-05,0.0,0.0,4.161008438600272e-07,4.161008438600272e-07,4.161008438600272e-07,4.161008438600272e-07,0.004843404510485747,1.4658274448318904,1.0,0.38241989178356733,1.0,1.0,0.0,0.0,2.3263362680405946,2.3245432296755024,-0.0017930383650921478,0.0017930383650921478,5.363118009296102,5.342376147117556
8.8,2.8600000000000003,2.214685839297868e-05,5.848230704046339e-05,7.0477501116717036e-06,2.214685839297868e-05,5.848230704046339e-05,7.0477501116717036e-06,2.2269468485121776e-05,5.880607851756126e-05,7.086768074186312e-06,0.0,0.0,3.237714770978729e-07,3.237714770978729e-07,3.237714770978729e-07,3.237714770978729e-07,0.005536229562111124,1.5482467554553723,1.0,0.43712316521321565,1.0,1.0,0.0,0.0,1.5836853834620968,1.5836905016432228,5.118181126029242e-06,5.118181126029242e-06,0.21087700061010975,0.2108887524621179
9.600000000000001,2.8600000000000003,1.0975147150226148e-05,4.357983828813368e-05,3.9560295868904886e-06,1.0975147150226148e-05,4.357983828813368e-05,3.9560295868904886e-06,1.1035886437458633e-05,4.382102032233299e-05,3.9779232721494964e-06,0.0,0.0,2.4118203419930533e-07,2.4118203419930533e-07,2.4118203419930533e-07,2.4118203419930533e-07,0.00553425720868213,1.5480056645464257,1.0,0.4369674344285572,1.0,1.0,0.0,0.0,0.9999999987043835,0.9999999987043837,2.220446049250313e-16,2.220446049250313e-16,1.000000006478082,1.0000000064780807
10.4,2.8600000000000003,7.422066638616984e-06,2.9967976092161246e-05,2.109988141028298e-06,7.422066638616984e-06,2.9967976092161246e-05,2.109988141028298e-06,7.461609084420279e-06,3.012763608016151e-05,2.1212294968089236e-06,0.0,0.0,1.596599880002622e-07,1.596599880002622e-07,1.596599880002622e-07,1.596599880002622e-07,0.00532768671161696,1.5229622419775668,1.0,0.42065728173279693,1.0,1.0,0.0,0.0,0.49525462279298865,0.49505499947853027,-0.00019962331445838588,0.00019962331445838588,5.116026234859106,5.118284087305017
11.2,2.8600000000000003,4.558508237569507e-06,1.6473387600643377e-05,7.956065609638671e-07,4.558508237569507e-06,1.6473387600643377e-05,7.956065609638671e-07,4.581895073398401e-06,1.6557902181134165e-05,7.996883173315102e-07,0.0,0.0,8.451458049078841e-08,8.451458049078841e-08,8.451458049078841e-08,8.451458049078841e-08,0.005130370421654357,1.499419168235305,1.0,0.40507781194222237,1.0,1.0,0.0,0.0,0.15211174677228334,0.15198991094695544,-0.00012183582532790393,0.00012183582532790393,9.732656828398262,9.734557389863674
12.0,2.8600000000000003,2.510495512238941e-06,8.248755747682625e-06,4.859948078107736e-07,2.510495512238941e-06,8.248755747682625e-06,4.859948078107736e-07,2.5229171332874925e-06,8.289569570101449e-06,4.883994499639894e-07,0.0,0.0,4.0813822418823964e-08,4.0813822418823964e-08,4.0813822418823964e-08,4.0813822418823964e-08,0.004947876221245859,1.4779687035454037,1.0,0.3906686474340275,1.0,1.0,0.0,0.0,0.038205319336746243,0.038160818672707805,-4.450066403843822e-05,4.450066403843822e-05,11.590529701767082,11.59128722373868
12.8,2.8600000000000003,6.987844310138337e-07,2.0494074205275953e-06,2.0546678253596965e-07,6.987844310138337e-07,2.0494074205275953e-06,2.0546678253596965e-07,7.028222139781094e-07,2.061249502294444e-06,2.0665403033003484e-07,0.0,0.0,1.184208176684869e-08,1.184208176684869e-08,1.184208176684869e-08,1.184208176684869e-08,0.005778295544475041,1.5781226258875372,1.0,0.4562359290923607,1.0,1.0,0.0,0.0,0.002360308479728303,0.0023614540812984834,1.1456015701805274e-06,1.1456015701805274e-06,12.208729420705497,12.208709406485887
13.600000000000001,2.8600000000000003,2.2326133162687377e-07,5.624646990331433e-07,8.964914776742416e-08,2.2326133162687377e-07,5.624646990331433e-07,8.964914776742416e-08,2.2456104606199437e-07,5.657390837340323e-07,9.017103971620243e-08,0.0,0.0,3.274384700889029e-09,3.274384700889029e-09,3.274384700889029e-09,3.274384700889029e-09,0.005821493698213558,1.5835144599575646,1.0,0.4596467185984162,1.0,1.0,0.0,0.0,0.0001778143017193067,0.0001779159000153567,1.0159829605000943e-07,1.0159829605000943e-07,12.246888447331946,12.246886669587651
14.4,2.8600000000000003,1.1131574477950135e-07,2.79400188998242e-07,4.078700420962815e-08,1.1131574477950135e-07,2.79400188998242e-07,4.078700420962815e-08,1.1194350436681179e-07,2.809758524202263e-07,4.101702048433379e-08,0.0,0.0,1.5756634219842792e-09,1.5756634219842792e-09,1.5756634219842792e-09,1.5756634219842792e-09,0.005639450093550915,1.5609164733916419,1.0,0.4452731317042589,1.0,1.0,0.0,0.0,4.387745656680356e-05,4.388663736712575e-05,9.180800322188963e-09,9.180800322188963e-09,12.249232156542774,12.249231995883804
15.200000000000001,2.8600000000000003,4.968108182944429e-08,1.468731656892633e-07,1.1757709405128039e-08,4.968108182944429e-08,1.468731656892633e-07,1.1757709405128039e-08,4.995274042748995e-08,1.4767627538036562e-07,1.1822001138230606e-08,0.0,0.0,8.031096911023168e-10,8.031096911023168e-10,8.031096911023168e-10,8.031096911023168e-10,0.005468049165641601,1.5399344597018174,1.0,0.4317398568847099,1.0,1.0,0.0,0.0,1.2124834378376549e-05,1.2123237745256786e-05,-1.596633119762918e-09,1.596633119762918e-09,12.2497878163172,12.249787844258035
16.0,2.8600000000000003,2.0144425275138623e-08,5.6017300783417644e-08,5.233073247951921e-09,2.0144425275138623e-08,5.6017300783417644e-08,5.233073247951921e-09,2.025127266646909e-08,5.6314420327724974e-08,5.260829821671351e-09,0.0,0.0,2.9711954430732996e-10,2.9711954430732996e-10,2.9711954430732996e-10,2.9711954430732996e-10,0.0053040674961490454,1.520124718640573,1.0,0.4187923832293445,1.0,1.0,0.0,0.0,1.7637431196665764e-06,1.7629356984041158e-06,-8.074212624605508e-10,8.074212624605508e-10,12.249969134514844,12.249969148644702
16.8,2.8600000000000003,9.280470634420136e-09,2.5161429443196514e-08,2.2464478687394757e-09,9.280470634420136e-09,2.5161429443196514e-08,2.2464478687394757e-09,9.328233482949549e-09,2.5290925197304245e-08,2.2580094321030698e-09,0.0,0.0,1.2949575410773168e-10,1.2949575410773168e-10,1.2949575410773168e-10,1.2949575410773168e-10,0.005146597668470162,1.5013415333766713,1.0,0.40635906399495303,1.0,1.0,0.0,0.0,3.5584559683204964e-07,3.5557127598199274e-07,-2.74320850056897e-10,2.74320850056897e-10,12.249993772702846,12.249993777503459
17.6,2.8600000000000003,3.3299913471319237e-09,7.391405161058541e-09,8.512631401975041e-10,3.3299913471319237e-09,7.391405161058541e-09,8.512631401975041e-10,3.3487409320395205e-09,7.433022620146859e-09,8.560561948520116e-10,0.0,0.0,4.161745908831789e-11,4.161745908831789e-11,4.161745908831789e-11,4.161745908831789e-11,0.005630520608933545,1.559816346703205,1.0,0.44456808785883606,1.0,1.0,0.0,0.0,5.620707380459479e-08,5.559007194408202e-08,-6.170018605127704e-10,6.170018605127704e-10,12.249999016376224,12.249999027173757
18.4,2.8600000000000003,1.7949803590231418e-09,1.9969300124387934e-09,3.873274194855539e-10,1.7949803590231418e-09,1.9969300124387934e-09,3.873274194855539e-10,1.8055177554539526e-09,2.008652950285926e-09,3.8960121738374563e-10,0.0,0.0,1.1722937847132488e-11,1.1722937847132488e-11,1.1722937847132488e-11,1.1722937847132488e-11,0.005870480073968942,1.5896510516836373,1.0,0.463514527796402,1.0,1.0,0.0,0.0,5.620707380459479e-08,5.559007194408202e-08,-6.170018605127704e-10,6.170018605127704e-10,12.249999016376224,12.249999027173757
19.200000000000003,2.8600000000000003,1.8603064690847302e-09,2.0630416999597416e-09,3.887609544645563e-10,1.8603064690847302e-09,2.0630416999597416e-09,3.887609544645563e-10,1.8709403039107993e-09,2.07483440457118e-09,3.909831795899868e-10,0.0,0.0,1.1792704611438495e-11,1.1792704611438495e-11,1.1792704611438495e-11,1.1792704611438495e-11,0.0057161736535275166,1.5704009692603986,1.0,0.4513309811859851,1.0,1.0,0.0,0.0,5.620707380459479e-08,5.559007194408202e-08,-6.170018605127704e-10,6.170018605127704e-10,12.249999016376224,12.249999027173757
20.0,2.8600000000000003,0.0,0.0,0.0,1e-30,1e-30,1e-30,1.0055641423643005e-30,1.0055641423643005e-30,1.0055641423643005e-30,1e-30,1e-30,5.564142364300414e-33,5.564142364300414e-33,1.0055641423643005e-30,1.0055641423643005e-30,1.0055641423643005,1.5516627094173834,1.0,0.43932707173589636,1.0,1.0,0.0,0.0,5.620707380459479e-08,5.559007194408202e-08,-6.170018605127704e-10,6.170018605127704e-10,12.249999016376224,12.249999027173757
4.0,3.0500000000000003,0.0001867126678765147,0.0015293985637984237,0.000319840656508697,0.0001867126678765147,0.0015293985637984237,0.000319840656508697,0.00018729812232035105,0.0015341941312109408,0.00032084354579201224,0.0,0.0,4.795567412517075e-06,4.795567412517075e-06,4.795567412517075e-06,4.795567412517075e-06,0.0031355903726016155,1.280917082806759,1.0,0.24757629233153006,1.0,1.0,0.0,0.0,2.9820125800753727,2.9819801952976834,-3.238477768929826e-05,3.238477768929826e-05,15.64227377197961,15.641633364463106
4.8,3.0500000000000003,0.0001976403493467181,0.0015696068797313423,0.00015112758336561412,0.0001976403493467181,0.0015696068797313423,0.00015112758336561412,0.0001984105449909274,0.0015757235678766828,0.00015171652083113073,0.0,0.0,6.1166881453404275e-06,6.1166881453404275e-06,6.1166881453404275e-06,6.1166881453404275e-06,0.003896955488872076,1.3602809677586774,1.0,0.30769127235057525,1.0,1.0,0.0,0.0,13.924081905959362,13.923624849847943,-0.0004570561114185523,0.0004570561114185523,980.3289224198666,980.2573711233057
5.6,3.0500000000000003,0.00015725733065896744,0.0013021166629367021,5.950308410992918e-05,0.00015725733065896744,0.0013021166629367021,5.950308410992918e-05,0.00015797047008132077,0.0013080215751017008,5.977292205549638e-05,0.0,0.0,5.9049121649986346e-06,5.9049121649986346e-06,5.9049121649986346e-06,5.9049121649986346e-06,0.004534856463384096,1.4305484675437201,1.0,0.35805791447458585,1.0,1.0,0.0,0.0,58.023379318286125,58.01634724995368,-0.00703206833244252,0.00703206833244252,20038.7942838907,20033.817349545865
6.4,3.0500000000000003,0.00010403786267907324,0.0006722691290486504,2.7225635278755936e-05,0.00010403786267907324,0.0006722691290486504,2.7225635278755936e-05,0.00010455225834585386,0.0006755930374603384,2.7360247317605122e-05,0.0,0.0,3.323908411687949e-06,3.323908411687949e-06,3.323908411687949e-06,3.323908411687949e-06,0.004944312133433403,1.4775528482269376,1.0,0.3903872383399466,1.0,1.0,0.0,0.0,59.89602418167133,59.87944262575594,-0.016581555915387014,0.016581555915387014,21386.155281641728,21374.032561369255
7.2,3.0500000000000003,7.600627576635546e-05,0.00012096533267179298,1.756791166856816e-05,7.600627576635546e-05,0.00012096533267179298,1.756791166856816e-05,7.639153161510442e-05,0.0001215784741714624,1.7656958798589712e-05,0.0,0.0,6.131414996694194e-07,6.131414996694194e-07,6.131414996694194e-07,6.131414996694194e-07,0.005068737349179327,1.4921401916441892,1.0,0.40021145959540433,1.0,1.0,0.0,0.0,3.532804565153966,3.53139907952086,-0.0014054856331058296,0.0014054856331058296,28.43034570713498,28.392887726139808
8.0,3.0500000000000003,6.313933154975157e-05,8.591081715866934e-05,1.3492967667703759e-05,6.313933154975157e-05,8.591081715866934e-05,1.3492967667703759e-05,6.344514087296869e-05,8.632691799799515e-05,1.3558319568165353e-05,0.0,0.0,4.161008393258124e-07,4.161008393258124e-07,4.161008393258124e-07,4.161008393258124e-07,0.004843404510485712,1.4658274448318904,1.0,0.38241989178356733,1.0,1.0,0.0,0.0,2.326336265102995,2.324543226703382,-0.0017930383996129784,0.0017930383996129784,5.36311797528104,5.342376112769385
8.8,3.0500000000000003,2.2146858455727058e-05,5.848230696335167e-05,7.0477500947398444e-06,2.2146858455727058e-05,5.848230696335167e-05,7.0477500947398444e-06,2.2269468548217545e-05,5.880607844002263e-05,7.0867680571607145e-06,0.0,0.0,3.2377147667096153e-07,3.2377147667096153e-07,3.2377147667096153e-07,3.2377147667096153e-07,0.005536229562111069,1.5482467554553723,1.0,0.43712316521321565,1.0,1.0,0.0,0.0,1.5836853806252547,1.5836904988063754,5.1181811207001715e-06,5.1181811207001715e-06,0.21087699409652944,0.21088874594834386
9.600000000000001,3.0500000000000003,1.0975147161616439e-05,4.357983823908613e-05,3.956029589534268e-06,1.0975147161616439e-05,4.357983823908613e-05,3.956029589534268e-06,1.1035886448911962e-05,4.382102027301399e-05,3.977923274807908e-06,0.0,0.0,2.4118203392786176e-07,2.4118203392786176e-07,2.4118203392786176e-07,2.4118203392786176e-07,0.005534257208682089,1.5480056645464257,1.0,0.4369674344285572,1.0,1.0,0.0,0.0,0.9999999963697455,0.9999999963697457,2.220446049250313e-16,2.220446049250313e-16,1.000000018151272,1.0000000181512712
10.4,3.0500000000000003,7.422066650880174e-06,2.9967976055937208e-05,2.1099881408200133e-06,7.422066650880174e-06,2.9967976055937208e-05,2.1099881408200133e-06,7.461609096748804e-06,3.0127636043744482e-05,2.1212294965995295e-06,0.0,0.0,1.5965998780727422e-07,1.5965998780727422e-07,1.5965998780727422e-07,1.5965998780727422e-07,0.005327686711617038,1.5229622419775668,1.0,0.42065728173279693,1.0,1.0,0.0,0.0,0.49525462159766825,0.4950549982836908,-0.00019962331397743727,0.00019962331397743727,5.116026248377362,5.118284100820817
11.2,3.0500000000000003,4.558508157061187e-06,1.647338770610273e-05,7.956065816946085e-07,4.558508157061187e-06,1.647338770610273e-05,7.956065816946085e-07,4.581894992477044e-06,1.6557902287134562e-05,7.99688338168608e-07,0.0,0.0,8.45145810318324e-08,8.45145810318324e-08,8.45145810318324e-08,8.45145810318324e-08,0.005130370421654262,1.499419168235305,1.0,0.40507781194222237,1.0,1.0,0.0,0.0,0.15211174869829366,0.1519899128714403,-0.00012183582685335037,0.00012183582685335037,9.732656798355189,9.734557359841467
12.0,3.0500000000000003,2.510495662816733e-06,8.248754538280877e-06,4.859949130601071e-07,2.510495662816733e-06,8.248754538280877e-06,4.859949130601071e-07,2.5229172846103245e-06,8.28956835471573e-06,4.883995557340837e-07,0.0,0.0,4.081381643485298e-08,4.081381643485298e-08,4.081381643485298e-08,4.081381643485298e-08,0.004947876221245758,1.4779687035454037,1.0,0.3906686474340275,1.0,1.0,0.0,0.0,0.03820530811702071,0.038160807466070146,-4.4500650950567155e-05,4.4500650950567155e-05,11.590529892754114,11.591287414509159
12.8,3.0500000000000003,6.98784044412499e-07,2.0494081982393653e-06,2.0546695572331472e-07,6.98784044412499e-07,2.0494081982393653e-06,2.0546695572331472e-07,7.02821825142878e-07,2.061250284500062e-06,2.066542045181076e-07,0.0,0.0,1.1842086260696864e-08,1.1842086260696864e-08,1.1842086260696864e-08,1.1842086260696864e-08,0.005778295544474904,1.5781226258875372,1.0,0.4562359290923607,1.0,1.0,0.0,0.0,0.002360310270391813,0.00236145587283076,1.1456024389469577e-06,1.1456024389469577e-06,12.20872938942172,12.208709375186956
13.600000000000001,3.0500000000000003,2.2326174268397182e-07,5.624651764779508e-07,8.964854572142462e-08,2.2326174268397182e-07,5.624651764779508e-07,8.964854572142462e-08,2.2456145951205873e-07,5.657395639582818e-07,9.01704341653959e-08,0.0,0.0,3.274387480330978e-09,3.274387480330978e-09,3.274387480330978e-09,3.274387480330978e-09,0.005821493698213577,1.5835144599575646,1.0,0.4596467185984162,1.0,1.0,0.0,0.0,0.00017781460367512198,0.00017791620214374854,1.0159846862656209e-07,1.0159846862656209e-07,12.246888442048391,12.246886664301076
14.4,3.0500000000000003,1.1131574868254749e-07,2.79402316815118e-07,4.078617618956484e-08,1.1131574868254749e-07,2.79402316815118e-07,4.078617618956484e-08,1.1194350829186896e-07,2.809779922368193e-07,4.101618779469266e-08,0.0,0.0,1.5756754217013078e-09,1.5756754217013078e-09,1.5756754217013078e-09,1.5756754217013078e-09,0.00563945009355073,1.5609164733916419,1.0,0.4452731317042589,1.0,1.0,0.0,0.0,4.387812489366946e-05,4.388730583383321e-05,9.180940163750688e-09,9.180940163750688e-09,12.249232144847419,12.249231984186
15.200000000000001,3.0500000000000003,4.968291868508857e-08,1.4687489912017375e-07,1.1756682147134542e-08,4.968291868508857e-08,1.4687489912017375e-07,1.1756682147134542e-08,4.9954587327151206e-08,1.4767801828976152e-07,1.1820968263139894e-08,0.0,0.0,8.031191695877673e-10,8.031191695877673e-10,8.031191695877673e-10,8.031191695877673e-10,0.005468049165641648,1.5399344597018174,1.0,0.4317398568847099,1.0,1.0,0.0,0.0,1.2125120581496009e-05,1.2123523910688034e-05,-1.5966708079755219e-09,1.5966708079755219e-09,12.249787811308686,12.249787839250182
16.0,3.0500000000000003,2.0144386751793842e-08,5.602696466714299e-08,5.2311242070813804e-09,2.0144386751793842e-08,5.602696466714299e-08,5.2311242070813804e-09,2.0251233938793888e-08,5.632413546934188e-08,5.2588704429564795e-09,0.0,0.0,2.971708021988851e-10,2.971708021988851e-10,2.971708021988851e-10,2.971708021988851e-10,0.005304067496149062,1.520124718640573,1.0,0.4187923832293445,1.0,1.0,0.0,0.0,1.7643517201674622e-06,1.7635440202947107e-06,-8.076998727515506e-10,8.076998727515506e-10,12.249969123864352,12.249969137999079
16.8,3.0500000000000003,9.368112729891972e-09,2.4957619463041703e-08,2.2282514265786586e-09,9.368112729891972e-09,2.4957619463041703e-08,2.2282514265786586e-09,9.4163266370256e-09,2.508606628918076e-08,2.2397193401754534e-09,0.0,0.0,1.2844682613905596e-10,1.2844682613905596e-10,1.2844682613905596e-10,1.2844682613905596e-10,0.005146597668470162,1.5013415333766713,1.0,0.40635906399495303,1.0,1.0,0.0,0.0,3.501041778125583e-07,3.4983428301402446e-07,-2.69894798533827e-10,2.69894798533827e-10,12.249993873177651,12.249993877900806
17.6,3.0500000000000003,3.3413821856757354e-09,7.372803068620596e-09,8.491207497753964e-10,3.3413821856757354e-09,7.372803068620596e-09,8.491207497753964e-10,3.360195906934506e-09,7.414315788244073e-09,8.539017416564799e-10,0.0,0.0,4.151271962347681e-11,4.151271962347681e-11,4.151271962347681e-11,4.151271962347681e-11,0.005630520608933553,1.559816346703205,1.0,0.44456808785883606,1.0,1.0,0.0,0.0,5.620707380459479e-08,5.559007194408202e-08,-6.170018605127704e-10,6.170018605127704e-10,12.249999016376224,12.249999027173757
18.4,3.0500000000000003,1.7949803590231418e-09,1.9969300124387934e-09,3.873274194855539e-10,1.7949803590231418e-09,1.9969300124387934e-09,3.873274194855539e-10,1.8055177554539526e-09,2.008652950285926e-09,3.8960121738374563e-10,0.0,0.0,1.1722937847132488e-11,1.1722937847132488e-11,1.1722937847132488e-11,1.1722937847132488e-11,0.005870480073968942,1.5896510516836373,1.0,0.463514527796402,1.0,1.0,0.0,0.0,5.620707380459479e-08,5.559007194408202e-08,-6.170018605127704e-10,6.170018605127704e-10,12.249999016376224,12.249999027173757
19.200000000000003,3.0500000000000003,1.8603064690847302e-09,2.0630416999597416e-09,3.887609544645563e-10,1.8603064690847302e-09,2.0630416999597416e-09,3.887609544645563e-10,1.8709403039107993e-09,2.07483440457118e-09,3.909831795899868e-10,0.0,0.0,1.1792704611438495e-11,1.1792704611438495e-11,1.1792704611438495e-11,1.1792704611438495e-11,0.0057161736535275166,1.5704009692603986,1.0,0.4513309811859851,1.0,1.0,0.0,0.0,5.620707380459479e-08,5.559007194408202e-08,-6.170018605127704e-10,6.170018605127704e-10,12.249999016376224,12.249999027173757
20.0,3.0500000000000003,0.0,0.0,0.0,1e-30,1e-30,1e-30,1.0055641423643005e-30,1.0055641423643005e-30,1.0055641423643005e-30,1e-30,1e-30,5.564142364300414e-33,5.564142364300414e-33,1.0055641423643005e-30,1.0055641423643005e-30,1.0055641423643005,1.5516627094173834,1.0,0.43932707173589636,1.0,1.0,0.0,0.0,5.620707380459479e-08,5.559007194408202e-08,-6.170018605127704e-10,6.170018605127704e-10,12.249999016376224,12.249999027173757
4.0,3.24,0.00018832780181248556,0.0015324660870525467,0.00031835266100211496,0.00018832780181248556,0.0015324660870525467,0.00031835266100211496,0.000188918320654742,0.001537271272961447,0.00031935088454104526,0.0,0.0,4.80518590890034e-06,4.80518590890034e-06,4.80518590890034e-06,4.80518590890034e-06,0.003135590372601554,1.280917082806759,1.0,0.24757629233153006,1.0,1.0,0.0,0.0,3.0219492999609567,3.0219161749605603,-3.312500039642785e-05,3.312500039642785e-05,16.441997072773987,16.441325491241845
4.8,3.24,0.00019777557664769514,0.0015696901327571402,0.0001510680352659033,0.00019777557664769514,0.0015696901327571402,0.0001510680352659033,0.00019854629926667724,0.0015758071453358165,0.00015165674067512587,0.0,0.0,6.11701257867631e-06,6.11701257867631e-06,6.11701257867631e-06,6.11701257867631e-06,0.003896955488872098,1.3602809677586774,1.0,0.30769127235057525,1.0,1.0,0.0,0.0,13.936390873125303,13.935933057155058,-0.00045781597024507903,0.00045781597024507903,982.2568507736211,982.1851100842059
5.6,3.24,0.00015726508360014804,0.0013021118164430706,5.950118924654654e-05,0.00015726508360014804,0.0013021118164430706,5.950118924654654e-05,0.00015797825818097679,0.0013080167066299162,5.9771018599180275e-05,0.0,0.0,5.904890186845613e-06,5.904890186845613e-06,5.904890186845613e-06,5.904890186845613e-06,0.004534856463384056,1.4305484675437201,1.0,0.35805791447458585,1.0,1.0,0.0,0.0,58.02637633832628,58.019343491232924,-0.007032847093356054,0.007032847093356054,20040.91560756099,20035.93785861387
6.4,3.24,0.00010403825274016732,0.0006722686191245132,2.7225562005343868e-05,0.00010403825274016732,0.0006722686191245132,2.7225562005343868e-05,0.00010455265033553174,0.0006755925250149771,2.7360173681906434e-05,0.0,0.0,3.323905890463834e-06,3.323905890463834e-06,3.323905890463834e-06,3.323905890463834e-06,0.004944312133433379,1.4775528482269376,1.0,0.3903872383399466,1.0,1.0,0.0,0.0,59.896176650146785,59.87959498467672,-0.016581665470063456,0.016581665470063456,21386.266766782363,21374.14393482391
7.2,3.24,7.600629932787216e-05,0.00012096532120601569,1.756790740810231e-05,7.600629932787216e-05,0.00012096532120601569,1.756790740810231e-05,7.639155529604825e-05,0.00012157846264756809,1.7656954516528685e-05,0.0,0.0,6.131414415524018e-07,6.131414415524018e-07,6.131414415524018e-07,6.131414415524018e-07,0.005068737349179294,1.4921401916441892,1.0,0.40021145959540433,1.0,1.0,0.0,0.0,3.5328048721076075,3.53139938596398,-0.0014054861436276767,0.0014054861436276767,28.430353890537177,28.39289589054769
8.0,3.24,6.313933331610857e-05,8.591081622320686e-05,1.3492967351804288e-05,6.313933331610857e-05,8.591081622320686e-05,1.3492967351804288e-05,6.344514264788087e-05,8.632691705800184e-05,1.3558319250735854e-05,0.0,0.0,4.161008347949857e-07,4.161008347949857e-07,4.161008347949857e-07,4.161008347949857e-07,0.004843404510485672,1.4658274448318904,1.0,0.38241989178356733,1.0,1.0,0.0,0.0,2.326336262256111,2.324543223821867,-0.0017930384342439432,0.0017930384342439432,5.363117942316391,5.342376079468319
8.8,3.24,2.214685851796526e-05,5.848230688563135e-05,7.047750078199298e-06,2.214685851796526e-05,5.848230688563135e-05,7.047750078199298e-06,2.226946861080031e-05,5.880607836187203e-05,7.086768040528595e-06,0.0,0.0,3.2377147624068235e-07,3.2377147624068235e-07,3.2377147624068235e-07,3.2377147624068235e-07,0.005536229562111041,1.5482467554553723,1.0,0.43712316521321565,1.0,1.0,0.0,0.0,1.5836853777245388,1.5836904959056546,5.11818111581519e-06,5.11818111581519e-06,0.2108769874362907,0.21088873928790836
9.600000000000001,3.24,1.0975147166603828e-05,4.357983824434009e-05,3.9560295841431855e-06,1.0975147166603828e-05,4.357983824434009e-05,3.9560295841431855e-06,1.1035886453926953e-05,4.3821020278297026e-05,3.977923269386989e-06,0.0,0.0,2.411820339569387e-07,2.411820339569387e-07,2.411820339569387e-07,2.411820339569387e-07,0.005534257208682093,1.5480056645464257,1.0,0.4369674344285572,1.0,1.0,0.0,0.0,0.9999999967825177,0.9999999967825179,2.220446049250313e-16,2.220446049250313e-16,1.000000016087411,1.0000000160874096
10.4,3.24,7.422066661884062e-06,2.9967976024684298e-05,2.1099881406870364e-06,7.422066661884062e-06,2.9967976024684298e-05,2.1099881406870364e-06,7.461609107811318e-06,3.0127636012325066e-05,2.121229496465844e-06,0.0,0.0,1.5965998764076787e-07,1.5965998764076787e-07,1.5965998764076787e-07,1.5965998764076787e-07,0.005327686711617016,1.5229622419775668,1.0,0.42065728173279693,1.0,1.0,0.0,0.0,0.4952546205659732,0.49505499725241126,-0.0001996233135619363,0.0001996233135619363,5.116026260045131,5.1182841124864575
11.2,3.24,4.558508231890041e-06,1.647338715815318e-05,7.956066254573188e-07,4.558508231890041e-06,1.647338715815318e-05,7.956066254573188e-07,4.581895067689797e-06,1.6557901736373828e-05,7.996883821558372e-07,0.0,0.0,8.451457822064863e-08,8.451457822064863e-08,8.451457822064863e-08,8.451457822064863e-08,0.0051303704216542866,1.499419168235305,1.0,0.40507781194222237,1.0,1.0,0.0,0.0,0.15211173853394133,0.1519899027152653,-0.00012183581867603044,0.00012183581867603044,9.732656956904888,9.734557518279077
12.0,3.24,2.5104955036189844e-06,8.248756172976922e-06,4.859947389150501e-07,2.5104955036189844e-06,8.248756172976922e-06,4.859947389150501e-07,2.5229171246248853e-06,8.289569997500049e-06,4.883993807273785e-07,0.0,0.0,4.081382452312655e-08,4.081382452312655e-08,4.081382452312655e-08,4.081382452312655e-08,0.004947876221245743,1.4779687035454037,1.0,0.3906686474340275,1.0,1.0,0.0,0.0,0.03820532328732168,0.03816082261866896,-4.45006686527194e-05,4.45006686527194e-05,11.590529634518672,11.591287156566626
12.8,3.24,6.987848899365815e-07,2.049406352410526e-06,2.054668547155431e-07,6.987848899365815e-07,2.049406352410526e-06,2.054668547155431e-07,7.028226755526485e-07,2.0612484280054784e-06,2.066541029266832e-07,0.0,0.0,1.1842075594952437e-08,1.1842075594952437e-08,1.1842075594952437e-08,1.1842075594952437e-08,0.005778295544474967,1.5781226258875372,1.0,0.4562359290923607,1.0,1.0,0.0,0.0,0.0023603060191223707,0.0023614516194981235,1.1456003757527242e-06,1.1456003757527242e-06,12.208729463693505,12.208709449494727
13.600000000000001,3.24,2.2326211527453688e-07,5.624656224767842e-07,8.964801820220518e-08,2.2326211527453688e-07,5.624656224767842e-07,8.964801820220518e-08,2.2456183427165742e-07,5.657400125534946e-07,9.016990357522665e-08,0.0,0.0,3.2743900767103662e-09,3.2743900767103662e-09,3.2743900767103662e-09,3.2743900767103662e-09,0.0058214936982135595,1.5835144599575646,1.0,0.4596467185984162,1.0,1.0,0.0,0.0,0.00017781488573865808,0.00017791648436848946,1.0159862983137894e-07,1.0159862983137894e-07,12.246888437112904,12.24688665936277
14.4,3.24,1.1132169039458957e-07,2.79393056905376e-07,4.0783819388467476e-08,1.1132169039458957e-07,2.79393056905376e-07,4.0783819388467476e-08,1.1194948351189957e-07,2.809686801062785e-07,4.101381770253313e-08,0.0,0.0,1.5756232009024997e-09,1.5756232009024997e-09,1.5756232009024997e-09,1.5756232009024997e-09,0.005639450093550919,1.5609164733916419,1.0,0.4452731317042589,1.0,1.0,0.0,0.0,4.38752165736494e-05,4.388439690529175e-05,9.18033164235227e-09,9.18033164235227e-09,12.249232195741424,12.249232035090658
15.200000000000001,3.24,4.9680722090734934e-08,1.4686514252037514e-07,1.1760469559736959e-08,4.9680722090734934e-08,1.4686514252037514e-07,1.1760469559736959e-08,4.995237872171165e-08,1.476682083403955e-07,1.1824776385500632e-08,0.0,0.0,8.0306582002036e-10,8.0306582002036e-10,8.0306582002036e-10,8.0306582002036e-10,0.005468049165641519,1.5399344597018174,1.0,0.4317398568847099,1.0,1.0,0.0,0.0,1.2123509736334977e-05,1.2121913277648339e-05,-1.5964586866377067e-09,1.5964586866377067e-09,12.249787839498232,12.24978786743602
16.0,3.24,2.0144352772880124e-08,5.603548854462966e-08,5.229405086066565e-09,2.0144352772880124e-08,5.603548854462966e-08,5.229405086066565e-09,2.0251199779653717e-08,5.6332704558050065e-08,5.2571422036077675e-09,0.0,0.0,2.972160134204052e-10,2.972160134204052e-10,2.972160134204052e-10,2.972160134204052e-10,0.005304067496149097,1.520124718640573,1.0,0.4187923832293445,1.0,1.0,0.0,0.0,1.7648886138580845e-06,1.7640806682015923e-06,-8.07945656492226e-10,8.07945656492226e-10,12.24996911446872,12.249969128607754
16.8,3.24,9.360227759608495e-09,2.489703116263664e-08,2.2528804234055903e-09,9.360227759608495e-09,2.489703116263664e-08,2.2528804234055903e-09,9.408401085972446e-09,2.5025166165170095e-08,2.2644750925400316e-09,0.0,0.0,1.2813500253345527e-10,1.2813500253345527e-10,1.2813500253345527e-10,1.2813500253345527e-10,0.005146597668470185,1.5013415333766713,1.0,0.40635906399495303,1.0,1.0,0.0,0.0,3.4840638213648357e-07,3.481377961661529e-07,-2.685859703306537e-10,2.685859703306537e-10,12.249993902889068,12.249993907589323
17.6,3.24,3.443625237570509e-09,7.055660566340082e-09,8.706382092726361e-10,3.443625237570509e-09,7.055660566340082e-09,8.706382092726361e-10,3.463014640440093e-09,7.0953876085684996e-09,8.755403556528707e-10,0.0,0.0,3.972704222841782e-11,3.972704222841782e-11,3.972704222841782e-11,3.972704222841782e-11,0.005630520608933582,1.559816346703205,1.0,0.44456808785883606,1.0,1.0,0.0,0.0,5.620707380459479e-08,5.559007194408202e-08,-6.170018605127704e-10,6.170018605127704e-10,12.249999016376224,12.249999027173757
18.4,3.24,1.7949803590231418e-09,1.9969300124387934e-09,3.873274194855539e-10,1.7949803590231418e-09,1.9969300124387934e-09,3.873274194855539e-10,1.8055177554539526e-09,2.008652950285926e-09,3.8960121738374563e-10,0.0,0.0,1.1722937847132488e-11,1.1722937847132488e-11,1.1722937847132488e-11,1.1722937847132488e-11,0.005870480073968942,1.5896510516836373,1.0,0.463514527796402,1.0,1.0,0.0,0.0,5.620707380459479e-08,5.559007194408202e-08,-6.170018605127704e-10,6.170018605127704e-10,12.249999016376224,12.249999027173757
19.200000000000003,3.24,1.8603064690847302e-09,2.0630416999597416e-09,3.887609544645563e-10,1.8603064690847302e-09,2.0630416999597416e-09,3.887609544645563e-10,1.8709403039107993e-09,2.07483440457118e-09,3.909831795899868e-10,0.0,0.0,1.1792704611438495e-11,1.1792704611438495e-11,1.1792704611438495e-11,1.1792704611438495e-11,0.0057161736535275166,1.5704009692603986,1.0,0.4513309811859851,1.0,1.0,0.0,0.0,5.620707380459479e-08,5.559007194408202e-08,-6.170018605127704e-10,6.170018605127704e-10,12.249999016376224,12.249999027173757
20.0,3.24,0.0,0.0,0.0,1e-30,1e-30,1e-30,1.0055641423643005e-30,1.0055641423643005e-30,1.0055641423643005e-30,1e-30,1e-30,5.564142364300414e-33,5.564142364300414e-33,1.0055641423643005e-30,1.0055641423643005e-30,1.0055641423643005,1.5516627094173834,1.0,0.43932707173589636,1.0,1.0,0.0,0.0,5.620707380459479e-08,5.559007194408202e-08,-6.170018605127704e-10,6.170018605127704e-10,12.249999016376224,12.249999027173757
4.0,3.43,0.00018994498691175476,0.0015354741071221213,0.0003168764885594514,0.00018994498691175476,0.0015354741071221213,0.0003168764885594514,0.0001905405765840392,0.0015402887249497924,0.0003178700834262822,0.0,0.0,4.814617827671088e-06,4.814617827671088e-06,4.814617827671088e-06,4.814617827671088e-06,0.003135590372601552,1.280917082806759,1.0,0.24757629233153006,1.0,1.0,0.0,0.0,3.062063776058384,3.062029898920292,-3.3877138092108794e-05,3.3877138092108794e-05,17.265349973034088,17.264646155656223
4.8,3.43,0.00019791081378617612,0.0015697730721252945,0.00015100852794395513,0.00019791081378617612,0.0015697730721252945,0.00015100852794395513,0.00019868206341826732,0.0015758904079149968,0.00015159700145579282,0.0,0.0,6.117335789702395e-06,6.117335789702395e-06,6.117335789702395e-06,6.117335789702395e-06,0.0038969554888721703,1.3602809677586774,1.0,0.30769127235057525,1.0,1.0,0.0,0.0,13.948701809707973,13.94824323301577,-0.00045857669220339403,0.00045857669220339403,984.1869819310509,984.1150514682878
5.6,3.43,0.00015727283647164674,0.0013021069688296891,5.949929449999972e-05,0.00015727283647164674,0.0013021069688296891,5.949929449999972e-05,0.00015798604621063494,0.0013080118370333038,5.976911526022983e-05,0.0,0.0,5.904868203614622e-06,5.904868203614622e-06,5.904868203614622e-06,5.904868203614622e-06,0.004534856463383968,1.4305484675437201,1.0,0.35805791447458585,1.0,1.0,0.0,0.0,58.02937329551913,58.02233966961909,-0.007033625900035645,0.007033625900035645,20043.03699902034,20038.05843538575
6.4,3.43,0.00010403864280038884,0.0006722681091982141,2.722548873238563e-05,0.00010403864280038884,0.0006722681091982141,2.722548873238563e-05,0.00010455304232433275,0.0006755920125674432,2.736010004666382e-05,0.0,0.0,3.323903369229094e-06,3.323903369229094e-06,3.323903369229094e-06,3.323903369229094e-06,0.00494431213343345,1.4775528482269376,1.0,0.3903872383399466,1.0,1.0,0.0,0.0,59.896329117397556,59.879747342372866,-0.01658177502469016,0.01658177502469016,21386.37825131808,21374.25530767354
7.2,3.43,7.600632288931826e-05,0.00012096530974034916,1.7567903147611588e-05,7.600632288931826e-05,0.00012096530974034916,1.7567903147611588e-05,7.639157897692113e-05,0.00012157845112378512,1.7656950234442654e-05,0.0,0.0,6.131413834359534e-07,6.131413834359534e-07,6.131413834359534e-07,6.131413834359534e-07,0.0050687373491793255,1.4921401916441892,1.0,0.40021145959540433,1.0,1.0,0.0,0.0,3.5328051790734096,3.5313996924192543,-0.0014054866541552968,0.0014054866541552968,28.430362074264746,28.392904055280578
8.0,3.43,6.313933508303584e-05,8.591081528690191e-05,1.3492967036066454e-05,6.313933508303584e-05,8.591081528690191e-05,1.3492967036066454e-05,6.344514442336609e-05,8.632691611716199e-05,1.3558318933468773e-05,0.0,0.0,4.1610083026007974e-07,4.1610083026007974e-07,4.1610083026007974e-07,4.1610083026007974e-07,0.004843404510485644,1.4658274448318904,1.0,0.38241989178356733,1.0,1.0,0.0,0.0,2.326336259339172,2.3245432208703694,-0.0017930384688025214,0.0017930384688025214,5.363117908540559,5.3423760453584785
8.8,3.43,2.2146858575591737e-05,5.848230682026359e-05,7.047750060652831e-06,2.2146858575591737e-05,5.848230682026359e-05,7.047750060652831e-06,2.226946866874582e-05,5.880607829614239e-05,7.0867680228849875e-06,0.0,0.0,3.23771475878796e-07,3.23771475878796e-07,3.23771475878796e-07,3.23771475878796e-07,0.005536229562111118,1.5482467554553723,1.0,0.43712316521321565,1.0,1.0,0.0,0.0,1.5836853755720905,1.5836904937532037,5.118181113150655e-06,5.118181113150655e-06,0.21087698249412495,0.21088873434559874
9.600000000000001,3.43,1.097514715617178e-05,4.357983827228894e-05,3.95602958703401e-06,1.097514715617178e-05,4.357983827228894e-05,3.95602958703401e-06,1.1035886443437171e-05,4.3821020306400556e-05,3.977923272293812e-06,0.0,0.0,2.411820341116137e-07,2.411820341116137e-07,2.411820341116137e-07,2.411820341116137e-07,0.005534257208682066,1.5480056645464257,1.0,0.4369674344285572,1.0,1.0,0.0,0.0,0.9999999979728131,0.9999999979728134,2.220446049250313e-16,2.220446049250313e-16,1.0000000101359339,1.0000000101359325
10.4,3.43,7.422066626525838e-06,2.9967976184084264e-05,2.109988133026452e-06,7.422066626525838e-06,2.9967976184084264e-05,2.109988133026452e-06,7.461609072264716e-06,3.0127636172574263e-05,2.1212294887644468e-06,0.0,0.0,1.5965998848999972e-07,1.5965998848999972e-07,1.5965998848999972e-07,1.5965998848999972e-07,0.005327686711616975,1.5229622419775668,1.0,0.42065728173279693,1.0,1.0,0.0,0.0,0.4952546259014284,0.49505500258568874,-0.00019962331573963876,0.00019962331573963876,5.116026199704775,5.1182840521574215
11.2,3.43,4.558508207901893e-06,1.6473387447321713e-05,7.956065969443587e-07,4.558508207901893e-06,1.6473387447321713e-05,7.956065969443587e-07,4.581895043578581e-06,1.6557902027025902e-05,7.99688353496595e-07,0.0,0.0,8.451457970418957e-08,8.451457970418957e-08,8.451457970418957e-08,8.451457970418957e-08,0.005130370421654241,1.499419168235305,1.0,0.40507781194222237,1.0,1.0,0.0,0.0,0.15211174390357848,0.15198990808057808,-0.00012183582300040463,0.00012183582300040463,9.732656873146048,9.734557434579523
12.0,3.43,2.5104956379857847e-06,8.248755073981738e-06,4.859948363192496e-07,2.5104956379857847e-06,8.248755073981738e-06,4.859948363192496e-07,2.522917259656516e-06,8.289568893067172e-06,4.883994786135218e-07,0.0,0.0,4.081381908543422e-08,4.081381908543422e-08,4.081381908543422e-08,4.081381908543422e-08,0.00494787622124572,1.4779687035454037,1.0,0.3906686474340275,1.0,1.0,0.0,0.0,0.03820531309156582,0.03816081243480684,-4.4500656758983403e-05,4.4500656758983403e-05,11.59052980807525,11.591287329926406
12.8,3.43,6.987847108647327e-07,2.0494076607144707e-06,2.0546655182458947e-07,6.987847108647327e-07,2.0494076607144707e-06,2.0546655182458947e-07,7.028224954460695e-07,2.06124974386919e-06,2.0665379828553613e-07,0.0,0.0,1.1842083154719373e-08,1.1842083154719373e-08,1.1842083154719373e-08,1.1842083154719373e-08,0.005778295544475008,1.5781226258875372,1.0,0.4562359290923607,1.0,1.0,0.0,0.0,0.0023603090339373144,0.002361454635776952,1.145601839637727e-06,1.145601839637727e-06,12.208729411023192,12.208709396798882
13.600000000000001,3.43,2.2326033684334947e-07,5.624696091712035e-07,8.964812133016181e-08,2.2326033684334947e-07,5.624696091712035e-07,8.964812133016181e-08,2.2456004548734406e-07,5.657440224564302e-07,9.017000730354203e-08,0.0,0.0,3.2744132852267738e-09,3.2744132852267738e-09,3.2744132852267738e-09,3.2744132852267738e-09,0.005821493698213505,1.5835144599575646,1.0,0.4596467185984162,1.0,1.0,0.0,0.0,0.00017781740639803893,0.00017791900646809889,1.016000700599577e-07,1.016000700599577e-07,12.246888393006971,12.246886615231634
14.4,3.43,1.1131990432278283e-07,2.793916789710322e-07,4.07860599863118e-08,1.1131990432278283e-07,2.793916789710322e-07,4.07860599863118e-08,1.1194768736763001e-07,2.8096729440114267e-07,4.101607093611717e-08,0.0,0.0,1.5756154301104862e-09,1.5756154301104862e-09,1.5756154301104862e-09,1.5756154301104862e-09,0.005639450093550742,1.5609164733916419,1.0,0.4452731317042589,1.0,1.0,0.0,0.0,4.38747837652438e-05,4.388396400631926e-05,9.180241075461802e-09,9.180241075461802e-09,12.249232203315335,12.249232042666154
15.200000000000001,3.43,4.968179652928721e-08,1.4686541744464626e-07,1.1759266312240713e-08,4.968179652928721e-08,1.4686541744464626e-07,1.1759266312240713e-08,4.995345903534675e-08,1.4766848476796605e-07,1.1823566558587919e-08,0.0,0.0,8.03067323319797e-10,8.03067323319797e-10,8.03067323319797e-10,8.03067323319797e-10,0.005468049165641558,1.5399344597018174,1.0,0.4317398568847099,1.0,1.0,0.0,0.0,1.212355512707095e-05,1.2121958662406933e-05,-1.5964646640170783e-09,1.5964646640170783e-09,12.2497878387039,12.24978786664179
16.0,3.43,2.016369961844564e-08,5.59608136271313e-08,5.232906218205245e-09,2.016369961844564e-08,5.59608136271313e-08,5.232906218205245e-09,2.027064924219395e-08,5.625763355974902e-08,5.2606619059876235e-09,0.0,0.0,2.968199326177232e-10,2.968199326177232e-10,2.968199326177232e-10,2.968199326177232e-10,0.005304067496149072,1.520124718640573,1.0,0.4187923832293445,1.0,1.0,0.0,0.0,1.7601878394380013e-06,1.7593820457418332e-06,-8.05793696168125e-10,8.05793696168125e-10,12.249969196732172,12.249969210833543
16.8,3.43,9.321563122595956e-09,2.507634100314816e-08,2.2388510529372368e-09,9.321563122595956e-09,2.507634100314816e-08,2.2388510529372368e-09,9.369537457629205e-09,2.5205398841288725e-08,2.2503735185463355e-09,0.0,0.0,1.2905783814056608e-10,1.2905783814056608e-10,1.2905783814056608e-10,1.2905783814056608e-10,0.005146597668470204,1.5013415333766713,1.0,0.40635906399495303,1.0,1.0,0.0,0.0,3.5344293917419967e-07,3.5317047052941644e-07,-2.72468644783232e-10,2.72468644783232e-10,12.249993814749343,12.249993819517544
17.6,3.43,3.4844108883177897e-09,7.139226485334546e-09,8.22219892437438e-10,3.4844108883177897e-09,7.139226485334546e-09,8.22219892437438e-10,3.5040299356344556e-09,7.179424047192066e-09,8.268494184868821e-10,0.0,0.0,4.0197561857520727e-11,4.0197561857520727e-11,4.0197561857520727e-11,4.0197561857520727e-11,0.005630520608933596,1.559816346703205,1.0,0.44456808785883606,1.0,1.0,0.0,0.0,5.620707380459479e-08,5.559007194408202e-08,-6.170018605127704e-10,6.170018605127704e-10,12.249999016376224,12.249999027173757
18.4,3.43,1.7949803590231418e-09,1.9969300124387934e-09,3.873274194855539e-10,1.7949803590231418e-09,1.9969300124387934e-09,3.873274194855539e-10,1.8055177554539526e-09,2.008652950285926e-09,3.8960121738374563e-10,0.0,0.0,1.1722937847132488e-11,1.1722937847132488e-11,1.1722937847132488e-11,1.1722937847132488e-11,0.005870480073968942,1.5896510516836373,1.0,0.463514527796402,1.0,1.0,0.0,0.0,5.620707380459479e-08,5.559007194408202e-08,-6.170018605127704e-10,6.170018605127704e-10,12.249999016376224,12.249999027173757
19.200000000000003,3.43,1.8603064690847302e-09,2.0630416999597416e-09,3.887609544645563e-10,1.8603064690847302e-09,2.0630416999597416e-09,3.887609544645563e-10,1.8709403039107993e-09,2.07483440457118e-09,3.909831795899868e-10,0.0,0.0,1.1792704611438495e-11,1.1792704611438495e-11,1.1792704611438495e-11,1.1792704611438495e-11,0.0057161736535275166,1.5704009692603986,1.0,0.4513309811859851,1.0,1.0,0.0,0.0,5.620707380459479e-08,5.559007194408202e-08,-6.170018605127704e-10,6.170018605127704e-10,12.249999016376224,12.249999027173757
20.0,3.43,0.0,0.0,0.0,1e-30,1e-30,1e-30,1.0055641423643005e-30,1.0055641423643005e-30,1.0055641423643005e-30,1e-30,1e-30,5.564142364300414e-33,5.564142364300414e-33,1.0055641423643005e-30,1.0055641423643005e-30,1.0055641423643005,1.5516627094173834,1.0,0.43932707173589636,1.0,1.0,0.0,0.0,5.620707380459479e-08,5.559007194408202e-08,-6.170018605127704e-10,6.170018605127704e-10,12.249999016376224,12.249999027173757
4.0,3.62,0.0001915641595061752,0.001538423220659794,0.00031541219950912726,0.0001915641595061752,0.001538423220659794,0.00031541219950912726,0.00019216482624045828,0.0015432470856994816,0.0003164012029653092,0.0,0.0,4.823865039687604e-06,4.823865039687604e-06,4.823865039687604e-06,4.823865039687604e-06,0.0031355903726016047,1.280917082806759,1.0,0.24757629233153006,1.0,1.0,0.0,0.0,3.1023497173960486,3.1023150761860396,-3.464121000895659e-05,3.464121000895659e-05,18.11246600199004,18.111728866314262
4.8,3.62,0.00019804606069700342,0.0015698556981101374,0.00015094906140048747,0.00019804606069700342,0.0015698556981101374,0.00015094906140048747,0.0001988178373802861,0.0015759733558896249,0.0001515373031738522,0.0,0.0,6.1176577794874905e-06,6.1176577794874905e-06,6.1176577794874905e-06,6.1176577794874905e-06,0.003896955488872131,1.3602809677586774,1.0,0.30769127235057525,1.0,1.0,0.0,0.0,13.96101470196154,13.96055536368431,-0.00045933827722954845,0.00045933827722954845,986.1193146430871,986.0471940261168
5.6,3.62,0.00015728058927338956,0.0013021021200967993,5.9497399870291274e-05,0.00015728058927338956,0.0013021021200967993,5.9497399870291274e-05,0.00015799383417022084,0.0013080069663121063,5.9767212038647605e-05,0.0,0.0,5.904846215306963e-06,5.904846215306963e-06,5.904846215306963e-06,5.904846215306963e-06,0.004534856463383987,1.4305484675437201,1.0,0.35805791447458585,1.0,1.0,0.0,0.0,58.03237018984207,58.0253357850896,-0.007034404752467083,0.007034404752467083,20045.158458245707,20040.17907983843
6.4,3.62,0.00010403903285972923,0.000672267599270057,2.7225415459847976e-05,0.00010403903285972923,0.000672267599270057,2.7225415459847976e-05,0.00010455343431224826,0.000675591500118042,2.736002641184387e-05,0.0,0.0,3.3239008479850297e-06,3.3239008479850297e-06,3.3239008479850297e-06,3.3239008479850297e-06,0.004944312133433317,1.4775528482269376,1.0,0.3903872383399466,1.0,1.0,0.0,0.0,59.8964815835869,59.87989969900757,-0.016581884579331074,0.016581884579331074,21386.489735368257,21374.36668003741
7.2,3.62,7.600634645079927e-05,0.0001209652982746528,1.7567898887120096e-05,7.600634645079927e-05,0.0001209652982746528,1.7567898887120096e-05,7.63916026578291e-05,0.00012157843959997215,1.7656945952355846e-05,0.0,0.0,6.13141325319356e-07,6.13141325319356e-07,6.13141325319356e-07,6.13141325319356e-07,0.005068737349179374,1.4921401916441892,1.0,0.40021145959540433,1.0,1.0,0.0,0.0,3.5328054860376445,3.5313999988729607,-0.0014054871646838052,0.0014054871646838052,28.430370257951704,28.392912219972853
8.0,3.62,6.313933684809082e-05,8.5910814352049e-05,1.3492966720467348e-05,6.313933684809082e-05,8.5910814352049e-05,1.3492966720467348e-05,6.344514619696994e-05,8.632691517778121e-05,1.3558318616341093e-05,0.0,0.0,4.161008257322075e-07,4.161008257322075e-07,4.161008257322075e-07,4.161008257322075e-07,0.004843404510485628,1.4658274448318904,1.0,0.38241989178356733,1.0,1.0,0.0,0.0,2.326336256479844,2.3245432179764554,-0.0017930385033886331,0.0017930385033886331,5.36311787543182,5.342376011914123
8.8,3.62,2.214685863642875e-05,5.848230674595416e-05,7.047750043925177e-06,2.214685863642875e-05,5.848230674595416e-05,7.047750043925177e-06,2.226946872991964e-05,5.880607822142156e-05,7.086768006064725e-06,0.0,0.0,3.2377147546740225e-07,3.2377147546740225e-07,3.2377147546740225e-07,3.2377147546740225e-07,0.005536229562111124,1.5482467554553723,1.0,0.43712316521321565,1.0,1.0,0.0,0.0,1.5836853728708284,1.5836904910519376,5.118181109153852e-06,5.118181109153852e-06,0.2108769762918457,0.2108887281431375
9.600000000000001,3.62,1.097514716750581e-05,4.357983823993328e-05,3.956029584713444e-06,1.097514716750581e-05,4.357983823993328e-05,3.956029584713444e-06,1.1035886454833925e-05,4.382102027386583e-05,3.977923269960403e-06,0.0,0.0,2.4118203393255094e-07,2.4118203393255094e-07,2.4118203393255094e-07,2.4118203393255094e-07,0.005534257208682108,1.5480056645464257,1.0,0.4369674344285572,1.0,1.0,0.0,0.0,0.9999999965621588,0.999999996562159,2.220446049250313e-16,2.220446049250313e-16,1.0000000171892056,1.0000000171892043
10.4,3.62,7.422066635837054e-06,2.996797614205433e-05,2.1099881328002723e-06,7.422066635837054e-06,2.996797614205433e-05,2.1099881328002723e-06,7.461609081625539e-06,3.0127636130320408e-05,2.121229488537062e-06,0.0,0.0,1.596599882660781e-07,1.596599882660781e-07,1.596599882660781e-07,1.596599882660781e-07,0.005327686711616998,1.5229622419775668,1.0,0.42065728173279693,1.0,1.0,0.0,0.0,0.49525462451438845,0.49505500119920715,-0.0001996233151813076,0.0001996233151813076,5.116026215391249,5.118284067841042
11.2,3.62,4.558508140962858e-06,1.6473387541821228e-05,7.956066124063989e-07,4.558508140962858e-06,1.6473387541821228e-05,7.956066124063989e-07,4.581894976296124e-06,1.6557902122010236e-05,7.996883690379613e-07,0.0,0.0,8.451458018900751e-08,8.451458018900751e-08,8.451458018900751e-08,8.451458018900751e-08,0.005130370421654267,1.499419168235305,1.0,0.40507781194222237,1.0,1.0,0.0,0.0,0.15211174563265892,0.15198990980828644,-0.00012183582437247376,0.00012183582437247376,9.73265684617481,9.734557407627054
12.0,3.62,2.51049536372369e-06,8.248756071704266e-06,4.859948471246677e-07,2.51049536372369e-06,8.248756071704266e-06,4.859948471246677e-07,2.522916984037406e-06,8.289569895726308e-06,4.883994894724038e-07,0.0,0.0,4.081382402204219e-08,4.081382402204219e-08,4.081382402204219e-08,4.081382402204219e-08,0.004947876221245768,1.4779687035454037,1.0,0.3906686474340275,1.0,1.0,0.0,0.0,0.038205322331961195,0.03816082166444131,-4.450066751988252e-05,4.450066751988252e-05,11.590529650781235,11.591287172810434
12.8,3.62,6.98785066758316e-07,2.049405442966176e-06,2.0546691458994625e-07,6.98785066758316e-07,2.049405442966176e-06,2.0546691458994625e-07,7.028228533961112e-07,2.0612475133060903e-06,2.0665416314705834e-07,0.0,0.0,1.1842070339914292e-08,1.1842070339914292e-08,1.1842070339914292e-08,1.1842070339914292e-08,0.005778295544475011,1.5781226258875372,1.0,0.4562359290923607,1.0,1.0,0.0,0.0,0.002360303924056107,0.002361449523414876,1.145599358768918e-06,1.145599358768918e-06,12.208729500295354,12.208709486114312
13.600000000000001,3.62,2.2326160079887117e-07,5.624641090358556e-07,8.964924360862243e-08,2.2326160079887117e-07,5.624641090358556e-07,8.964924360862243e-08,2.2456131680097485e-07,5.657384903020791e-07,9.017113611533963e-08,0.0,0.0,3.2743812662234735e-09,3.2743812662234735e-09,3.2743812662234735e-09,3.2743812662234735e-09,0.005821493698213445,1.5835144599575646,1.0,0.4596467185984162,1.0,1.0,0.0,0.0,0.00017781392866980027,0.0001779155267526923,1.0159808289204051e-07,1.0159808289204051e-07,12.24688845385948,12.246886676118915
14.4,3.62,1.1131969109530232e-07,2.7939392268956465e-07,4.078541255037342e-08,1.1131969109530232e-07,2.7939392268956465e-07,4.078541255037342e-08,1.1194747293766377e-07,2.809695507730138e-07,4.101541984899613e-08,0.0,0.0,1.5756280834491707e-09,1.5756280834491707e-09,1.5756280834491707e-09,1.5756280834491707e-09,0.0056394500935507295,1.5609164733916419,1.0,0.4452731317042589,1.0,1.0,0.0,0.0,4.387548847091807e-05,4.388466885944632e-05,9.180388528251527e-09,9.180388528251527e-09,12.249232190983372,12.249232030331605
15.200000000000001,3.62,4.9683301627575415e-08,1.4686727001963246e-07,1.1758318010469695e-08,4.9683301627575415e-08,1.4686727001963246e-07,1.1758318010469695e-08,4.9954972363586395e-08,1.4767034747292336e-07,1.1822613071456193e-08,0.0,0.0,8.03077453290898e-10,8.03077453290898e-10,8.03077453290898e-10,8.03077453290898e-10,0.005468049165641513,1.5399344597018174,1.0,0.4317398568847099,1.0,1.0,0.0,0.0,1.212386098562198e-05,1.2122264480681473e-05,-1.596504940506565e-09,1.596504940506565e-09,12.249787833351425,12.24978786129002
16.0,3.62,2.0135292812642783e-08,5.6030361354397426e-08,5.236733354301073e-09,2.0135292812642783e-08,5.6030361354397426e-08,5.236733354301073e-09,2.0242091764775764e-08,5.6327550172854777e-08,5.264509341471621e-09,0.0,0.0,2.9718881845735076e-10,2.9718881845735076e-10,2.9718881845735076e-10,2.9718881845735076e-10,0.005304067496149149,1.520124718640573,1.0,0.4187923832293445,1.0,1.0,0.0,0.0,1.7645656576062524e-06,1.7637578597954087e-06,-8.077978108437503e-10,8.077978108437503e-10,12.24996912012045,12.249969134256894
16.8,3.62,9.312887418482422e-09,2.5005433124101848e-08,2.2594181325100223e-09,9.312887418482422e-09,2.5005433124101848e-08,2.2594181325100223e-09,9.360817103157108e-09,2.5134126027917437e-08,2.2710464486028974e-09,0.0,0.0,1.2869290381558936e-10,1.2869290381558936e-10,1.2869290381558936e-10,1.2869290381558936e-10,0.005146597668470171,1.5013415333766713,1.0,0.40635906399495303,1.0,1.0,0.0,0.0,3.5144691785125586e-07,3.511759879363905e-07,-2.7092991486538064e-10,2.7092991486538064e-10,12.249993849679708,12.24999385442098
17.6,3.62,3.4844108883177897e-09,7.139226485334546e-09,8.22219892437438e-10,3.4844108883177897e-09,7.139226485334546e-09,8.22219892437438e-10,3.5040299356344556e-09,7.179424047192066e-09,8.268494184868821e-10,0.0,0.0,4.0197561857520727e-11,4.0197561857520727e-11,4.0197561857520727e-11,4.0197561857520727e-11,0.005630520608933596,1.559816346703205,1.0,0.44456808785883606,1.0,1.0,0.0,0.0,5.620707380459479e-08,5.559007194408202e-08,-6.170018605127704e-10,6.170018605127704e-10,12.249999016376224,12.249999027173757
18.4,3.62,1.7949803590231418e-09,1.9969300124387934e-09,3.873274194855539e-10,1.7949803590231418e-09,1.9969300124387934e-09,3.873274194855539e-10,1.8055177554539526e-09,2.008652950285926e-09,3.8960121738374563e-10,0.0,0.0,1.1722937847132488e-11,1.1722937847132488e-11,1.1722937847132488e-11,1.1722937847132488e-11,0.005870480073968942,1.5896510516836373,1.0,0.463514527796402,1.0,1.0,0.0,0.0,5.620707380459479e-08,5.559007194408202e-08,-6.170018605127704e-10,6.170018605127704e-10,12.249999016376224,12.249999027173757
19.200000000000003,3.62,1.8603064690847302e-09,2.0630416999597416e-09,3.887609544645563e-10,1.8603064690847302e-09,2.0630416999597416e-09,3.887609544645563e-10,1.8709403039107993e-09,2.07483440457118e-09,3.909831795899868e-10,0.0,0.0,1.1792704611438495e-11,1.1792704611438495e-11,1.1792704611438495e-11,1.1792704611438495e-11,0.0057161736535275166,1.5704009692603986,1.0,0.4513309811859851,1.0,1.0,0.0,0.0,5.620707380459479e-08,5.559007194408202e-08,-6.170018605127704e-10,6.170018605127704e-10,12.249999016376224,12.249999027173757
20.0,3.62,0.0,0.0,0.0,1e-30,1e-30,1e-30,1.0055641423643005e-30,1.0055641423643005e-30,1.0055641423643005e-30,1e-30,1e-30,5.564142364300414e-33,5.564142364300414e-33,1.0055641423643005e-30,1.0055641423643005e-30,1.0055641423643005,1.5516627094173834,1.0,0.43932707173589636,1.0,1.0,0.0,0.0,5.620707380459479e-08,5.559007194408202e-08,-6.170018605127704e-10,6.170018605127704e-10,12.249999016376224,12.249999027173757
4.0,3.81,0.00019318525669528275,0.0015413140263793414,0.00031395984768228596,0.00019318525669528275,0.0015413140263793414,0.00031395984768228596,0.00019379100652630504,0.0015461469558016123,0.000314944297158062,0.0,0.0,4.832929422270886e-06,4.832929422270886e-06,4.832929422270886e-06,4.832929422270886e-06,0.0031355903726016095,1.280917082806759,1.0,0.24757629233153006,1.0,1.0,0.0,0.0,3.1428007610165456,3.142765343786372,-3.5417230173528935e-05,3.5417230173528935e-05,18.983465578749062,18.982694021892698
4.8,3.81,0.00019818131731504356,0.001569938010986152,0.00015088963563614352,0.00019818131731504356,0.001569938010986152,0.00015088963563614352,0.00019895362108734633,0.0015760559895352535,0.0001514776458299497,0.0,0.0,6.117978549101486e-06,6.117978549101486e-06,6.117978549101486e-06,6.117978549101486e-06,0.0038969554888721343,1.3602809677586774,1.0,0.30769127235057525,1.0,1.0,0.0,0.0,13.97332953613293,13.972869435407674,-0.00046010072525604073,0.00046010072525604073,988.0538476512043,987.9815364988027
5.6,3.81,0.0001572883420053753,0.0013020972702444925,5.94955053574149e-05,0.0001572883420053753,0.0013020972702444925,5.94955053574149e-05,0.00015800162205973335,0.0013080020944664153,5.976530893442727e-05,0.0,0.0,5.904824221922853e-06,5.904824221922853e-06,5.904824221922853e-06,5.904824221922853e-06,0.004534856463383964,1.4305484675437201,1.0,0.35805791447458585,1.0,1.0,0.0,0.0,58.0353670212752,58.028331837624535,-0.007035183650664578,0.007035183650664578,20047.27998521591,20042.299791950754
6.4,3.81,0.0001040394229181687,0.0006722670893398083,2.722534218776547e-05,0.0001040394229181687,0.0006722670893398083,2.722534218776547e-05,0.00010455382629925841,0.000675590987666539,2.7359952777481315e-05,0.0,0.0,3.323898326730774e-06,3.323898326730774e-06,3.323898326730774e-06,3.323898326730774e-06,0.004944312133433407,1.4775528482269376,1.0,0.3903872383399466,1.0,1.0,0.0,0.0,59.89663404855955,59.88005205442559,-0.016581994133957778,0.016581994133957778,21386.60121881935,21374.478051802038
7.2,3.81,7.60063700121679e-05,0.00012096528680893902,1.7567894626678575e-05,7.60063700121679e-05,0.00012096528680893902,1.7567894626678575e-05,7.639162633862412e-05,0.00012157842807614168,1.7656941670319268e-05,0.0,0.0,6.131412672026636e-07,6.131412672026636e-07,6.131412672026636e-07,6.131412672026636e-07,0.005068737349179369,1.4921401916441892,1.0,0.40021145959540433,1.0,1.0,0.0,0.0,3.5328057929894072,3.531400305314205,-0.0014054876752020995,0.0014054876752020995,28.43037844130734,28.392920384334296
8.0,3.81,6.313933861523436e-05,8.591081341528596e-05,1.3492966404812456e-05,6.313933861523436e-05,8.591081341528596e-05,1.3492966404812456e-05,6.344514797267247e-05,8.632691423648105e-05,1.3558318299157357e-05,0.0,0.0,4.161008211950925e-07,4.161008211950925e-07,4.161008211950925e-07,4.161008211950925e-07,0.004843404510485713,1.4658274448318904,1.0,0.38241989178356733,1.0,1.0,0.0,0.0,2.3263362535255596,2.3245432149876515,-0.0017930385379081315,0.0017930385379081315,5.363117841223563,5.342375977373143
8.8,3.81,2.2146858698121914e-05,5.848230666985673e-05,7.047750027297456e-06,2.2146858698121914e-05,5.848230666985673e-05,7.047750027297456e-06,2.2269468791954352e-05,5.880607814490284e-05,7.086767989344949e-06,0.0,0.0,3.237714750461084e-07,3.237714750461084e-07,3.237714750461084e-07,3.237714750461084e-07,0.005536229562111107,1.5482467554553723,1.0,0.43712316521321565,1.0,1.0,0.0,0.0,1.5836853700648663,1.5836904882459704,5.118181104046826e-06,5.118181104046826e-06,0.21087696984916823,0.21088872170026882
9.600000000000001,3.81,1.0975147166600264e-05,4.357983824079346e-05,3.956029585346602e-06,1.0975147166600264e-05,4.357983824079346e-05,3.956029585346602e-06,1.1035886453923368e-05,4.3821020274730767e-05,3.9779232705970655e-06,0.0,0.0,2.411820339373079e-07,2.411820339373079e-07,2.411820339373079e-07,2.411820339373079e-07,0.005534257208682027,1.5480056645464257,1.0,0.4369674344285572,1.0,1.0,0.0,0.0,0.9999999965814599,0.9999999965814599,0.0,0.0,1.0000000170927001,1.0000000170927001
10.4,3.81,7.4220666459448725e-06,2.9967976111182496e-05,2.1099881330871243e-06,7.4220666459448725e-06,2.9967976111182496e-05,2.1099881330871243e-06,7.461609091787209e-06,3.0127636099284097e-05,2.121229488825442e-06,0.0,0.0,1.5965998810160123e-07,1.5965998810160123e-07,1.5965998810160123e-07,1.5965998810160123e-07,0.005327686711616952,1.5229622419775668,1.0,0.42065728173279693,1.0,1.0,0.0,0.0,0.4952546234915884,0.49505500017682014,-0.00019962331476824913,0.00019962331476824913,5.11602622695842,5.1182840794060915
11.2,3.81,4.558508311773817e-06,1.6473387311930435e-05,7.956065646363225e-07,4.558508311773817e-06,1.6473387311930435e-05,7.956065646363225e-07,4.5818951479834065e-06,1.6557901890940017e-05,7.996883210228067e-07,0.0,0.0,8.45145790095819e-08,8.45145790095819e-08,8.45145790095819e-08,8.45145790095819e-08,0.005130370421654224,1.499419168235305,1.0,0.40507781194222237,1.0,1.0,0.0,0.0,0.15211174143682515,0.1519899056157736,-0.00012183582105154689,0.00012183582105154689,9.732656911623954,9.734557473030781
12.0,3.81,2.5104954916654725e-06,8.24875508737049e-06,4.859949294177401e-07,2.5104954916654725e-06,8.24875508737049e-06,4.859949294177401e-07,2.522917112612229e-06,8.28956890652217e-06,4.883995721726522e-07,0.0,0.0,4.081381915168067e-08,4.081381915168067e-08,4.081381915168067e-08,4.081381915168067e-08,0.004947876221245788,1.4779687035454037,1.0,0.3906686474340275,1.0,1.0,0.0,0.0,0.038205313200747534,0.03816081254387866,-4.4500656868874666e-05,4.4500656868874666e-05,11.59052980621671,11.591287328069678
12.8,3.81,6.987848928898019e-07,2.0494066548783406e-06,2.0546663779375108e-07,6.987848928898019e-07,2.0494066548783406e-06,2.0546663779375108e-07,7.028226785229334e-07,2.0612487322210413e-06,2.0665388475145298e-07,0.0,0.0,1.1842077342700738e-08,1.1842077342700738e-08,1.1842077342700738e-08,1.1842077342700738e-08,0.005778295544474907,1.5781226258875372,1.0,0.4562359290923607,1.0,1.0,0.0,0.0,0.0023603067167317767,0.00236145231744656,1.1456007147831772e-06,1.1456007147831772e-06,12.208729451505924,12.208709437301229
13.600000000000001,3.81,2.232618462401916e-07,5.62464343820399e-07,8.964872868927215e-08,2.232618462401916e-07,5.62464343820399e-07,8.964872868927215e-08,2.2456156367113038e-07,5.657387264534193e-07,9.01706181983896e-08,0.0,0.0,3.2743826330202953e-09,3.2743826330202953e-09,3.2743826330202953e-09,3.2743826330202953e-09,0.005821493698213591,1.5835144599575646,1.0,0.4596467185984162,1.0,1.0,0.0,0.0,0.000177814077187038,0.00017791567535482914,1.0159816779114214e-07,1.0159816779114214e-07,12.24688845126076,12.246886673518711
14.4,3.81,1.1131952287320294e-07,2.7939600226010405e-07,4.078483837419574e-08,1.1131952287320294e-07,2.7939600226010405e-07,4.078483837419574e-08,1.1194730376688426e-07,2.8097164207118754e-07,4.101484243478056e-08,0.0,0.0,1.5756398110834936e-09,1.5756398110834936e-09,1.5756398110834936e-09,1.5756398110834936e-09,0.005639450093550908,1.5609164733916419,1.0,0.4452731317042589,1.0,1.0,0.0,0.0,4.3876141625751414e-05,4.388532215094588e-05,9.180525194462915e-09,9.180525194462915e-09,12.249232179553522,12.249232018899367
15.200000000000001,3.81,4.969224196206028e-08,1.4683130657215384e-07,1.1759259294986287e-08,4.969224196206028e-08,1.4683130657215384e-07,1.1759259294986287e-08,4.996396158425978e-08,1.4763418737554577e-07,1.18235595029628e-08,0.0,0.0,8.028808033919292e-10,8.028808033919292e-10,8.028808033919292e-10,8.028808033919292e-10,0.005468049165641583,1.5399344597018174,1.0,0.4317398568847099,1.0,1.0,0.0,0.0,1.2117924162018789e-05,1.2116328438856472e-05,-1.5957231623168816e-09,1.5957231623168816e-09,12.249787937244935,12.249787965169853
16.0,3.81,2.0135720478407146e-08,5.603744662093893e-08,5.234988356503724e-09,2.0135720478407146e-08,5.603744662093893e-08,5.234988356503724e-09,2.024252169890821e-08,5.633467302012824e-08,5.262755088088174e-09,0.0,0.0,2.972263991893087e-10,2.972263991893087e-10,2.972263991893087e-10,2.972263991893087e-10,0.005304067496149034,1.520124718640573,1.0,0.4187923832293445,1.0,1.0,0.0,0.0,1.7650119587971702e-06,1.7642039566747872e-06,-8.080021223829965e-10,8.080021223829965e-10,12.249969112310188,12.249969126450209
16.8,3.81,9.32281790594759e-09,2.498901233124332e-08,2.2566985275279374e-09,9.32281790594759e-09,2.498901233124332e-08,2.2566985275279374e-09,9.370798698845913e-09,2.5117620723844666e-08,2.268312846908153e-09,0.0,0.0,1.2860839260134747e-10,1.2860839260134747e-10,1.2860839260134747e-10,1.2860839260134747e-10,0.0051465976684701015,1.5013415333766713,1.0,0.40635906399495303,1.0,1.0,0.0,0.0,3.5098548675974406e-07,3.5071491256143215e-07,-2.7057419831191247e-10,2.7057419831191247e-10,12.249993857754749,12.249993862489795
17.6,3.81,3.4844108883177897e-09,7.139226485334546e-09,8.222198924374379e-10,3.4844108883177897e-09,7.139226485334546e-09,8.222198924374379e-10,3.5040299356344556e-09,7.179424047192066e-09,8.26849418486882e-10,0.0,0.0,4.0197561857520727e-11,4.0197561857520727e-11,4.0197561857520727e-11,4.0197561857520727e-11,0.005630520608933596,1.559816346703205,1.0,0.44456808785883606,1.0,1.0,0.0,0.0,5.620707380459479e-08,5.559007194408202e-08,-6.170018605127704e-10,6.170018605127704e-10,12.249999016376224,12.249999027173757
18.4,3.81,1.7949803590231418e-09,1.9969300124387934e-09,3.873274194855539e-10,1.7949803590231418e-09,1.9969300124387934e-09,3.873274194855539e-10,1.8055177554539526e-09,2.008652950285926e-09,3.8960121738374563e-10,0.0,0.0,1.1722937847132488e-11,1.1722937847132488e-11,1.1722937847132488e-11,1.1722937847132488e-11,0.005870480073968942,1.5896510516836373,1.0,0.463514527796402,1.0,1.0,0.0,0.0,5.620707380459479e-08,5.559007194408202e-08,-6.170018605127704e-10,6.170018605127704e-10,12.249999016376224,12.249999027173757
19.200000000000003,3.81,1.8603064690847302e-09,2.0630416999597416e-09,3.887609544645563e-10,1.8603064690847302e-09,2.0630416999597416e-09,3.887609544645563e-10,1.8709403039107993e-09,2.07483440457118e-09,3.909831795899868e-10,0.0,0.0,1.1792704611438495e-11,1.1792704611438495e-11,1.1792704611438495e-11,1.1792704611438495e-11,0.0057161736535275166,1.5704009692603986,1.0,0.4513309811859851,1.0,1.0,0.0,0.0,5.620707380459479e-08,5.559007194408202e-08,-6.170018605127704e-10,6.170018605127704e-10,12.249999016376224,12.249999027173757
20.0,3.81,0.0,0.0,0.0,1e-30,1e-30,1e-30,1.0055641423643005e-30,1.0055641423643005e-30,1.0055641423643005e-30,1e-30,1e-30,5.564142364300414e-33,5.564142364300414e-33,1.0055641423643005e-30,1.0055641423643005e-30,1.0055641423643005,1.5516627094173834,1.0,0.43932707173589636,1.0,1.0,0.0,0.0,5.620707380459479e-08,5.559007194408202e-08,-6.170018605127704e-10,6.170018605127704e-10,12.249999016376224,12.249999027173757
4.0,4.0,0.00019480821633713666,0.001544147124723723,0.00031251948060034954,0.00019480821633713666,0.001544147124723723,0.00031251948060034954,0.0001954190551047871,0.001548988937581887,0.00031349941367497043,0.0,0.0,4.841812858164029e-06,4.841812858164029e-06,4.841812858164029e-06,4.841812858164029e-06,0.0031355903726015227,1.280917082806759,1.0,0.24757629233153006,1.0,1.0,0.0,0.0,3.1834104760226123,3.183374270815275,-3.6205207337491885e-05,3.6205207337491885e-05,19.878455787420002,19.877648686286957
4.8,4.0,0.00019831658357518926,0.0015700200110279783,0.00015083025065148982,0.00019831658357518926,0.0015700200110279783,0.00015083025065148982,0.00019908941447408697,0.0015761383091275928,0.0001514180294246541,0.0,0.0,6.11829809961449e-06,6.11829809961449e-06,6.11829809961449e-06,6.11829809961449e-06,0.003896955488872084,1.3602809677586774,1.0,0.30769127235057525,1.0,1.0,0.0,0.0,13.985646298462413,13.985185434426203,-0.00046086403621004024,0.00046086403621004024,989.9905796875038,989.918077618084
5.6,4.0,0.00015729609466754889,0.0013020924192729503,5.9493610961372884e-05,0.00015729609466754889,0.0013020924192729503,5.9493610961372884e-05,0.00015800940987911708,0.0013079972214964136,5.976340594757112e-05,0.0,0.0,5.904802223463375e-06,5.904802223463375e-06,5.904802223463375e-06,5.904802223463375e-06,0.004534856463384098,1.4305484675437201,1.0,0.35805791447458585,1.0,1.0,0.0,0.0,58.038363789791134,58.031327827196506,-0.007035962594628131,0.007035962594628131,20049.40157990452,20044.420571696257
6.4,4.0,0.0001040398129756473,0.0006722665794077948,2.722526891612387e-05,0.0001040398129756473,0.0006722665794077948,2.722526891612387e-05,0.00010455421828530293,0.0006755904752132625,2.7359879143561847e-05,0.0,0.0,3.3238958054677362e-06,3.3238958054677362e-06,3.3238958054677362e-06,3.3238958054677362e-06,0.004944312133433412,1.4775528482269376,1.0,0.3903872383399466,1.0,1.0,0.0,0.0,59.89678651241997,59.88020440873143,-0.01658210368854185,0.01658210368854185,21386.71270174774,21374.589423043813
7.2,4.0,7.600639357362073e-05,0.00012096527534325031,1.7567890366195868e-05,7.600639357362073e-05,0.00012096527534325031,1.7567890366195868e-05,7.639165001950377e-05,0.0001215784165523364,1.7656937388241293e-05,0.0,0.0,6.131412090860933e-07,6.131412090860933e-07,6.131412090860933e-07,6.131412090860933e-07,0.005068737349179321,1.4921401916441892,1.0,0.40021145959540433,1.0,1.0,0.0,0.0,3.5328060999520683,3.5314006117663377,-0.0014054881857306079,0.0014054881857306079,28.430386624954703,28.392928548986987
8.0,4.0,6.31393403813898e-05,8.591081247989912e-05,1.3492966088973184e-05,6.31393403813898e-05,8.591081247989912e-05,1.3492966088973184e-05,6.344514974738211e-05,8.632691329656376e-05,1.3558317981788347e-05,0.0,0.0,4.1610081666463173e-07,4.1610081666463173e-07,4.1610081666463173e-07,4.1610081666463173e-07,0.004843404510485667,1.4658274448318904,1.0,0.38241989178356733,1.0,1.0,0.0,0.0,2.3263362506736613,2.3245432121011325,-0.0017930385725288822,0.0017930385725288822,5.363117808200853,5.342375944014248
8.8,4.0,2.214685876105579e-05,5.848230659356379e-05,7.047750009769613e-06,2.214685876105579e-05,5.848230659356379e-05,7.047750009769613e-06,2.2269468855236648e-05,5.880607806818752e-05,7.086767971720068e-06,0.0,0.0,3.2377147462373033e-07,3.2377147462373033e-07,3.2377147462373033e-07,3.2377147462373033e-07,0.005536229562111058,1.5482467554553723,1.0,0.43712316521321565,1.0,1.0,0.0,0.0,1.5836853673194504,1.5836904855005496,5.118181099161845e-06,5.118181099161845e-06,0.2108769635455091,0.21088871539642282
9.600000000000001,4.0,1.0975147177031602e-05,4.357983821566565e-05,3.956029583567928e-06,1.0975147177031602e-05,4.357983821566565e-05,3.956029583567928e-06,1.1035886464412436e-05,4.3821020249463896e-05,3.977923268808549e-06,0.0,0.0,2.411820337982454e-07,2.411820337982454e-07,2.411820337982454e-07,2.411820337982454e-07,0.005534257208682057,1.5480056645464257,1.0,0.4369674344285572,1.0,1.0,0.0,0.0,0.9999999954851797,0.9999999954851797,0.0,0.0,1.000000022574101,1.000000022574101
10.4,4.0,7.42206665494749e-06,2.9967976082658194e-05,2.1099881333055156e-06,7.42206665494749e-06,2.9967976082658194e-05,2.1099881333055156e-06,7.4616091008377895e-06,3.0127636070607827e-05,2.1212294890449968e-06,0.0,0.0,1.5965998794963335e-07,1.5965998794963335e-07,1.5965998794963335e-07,1.5965998794963335e-07,0.0053276867116169736,1.5229622419775668,1.0,0.42065728173279693,1.0,1.0,0.0,0.0,0.495254622546974,0.4950549992325875,-0.00019962331438649894,0.00019962331438649894,5.116026237641363,5.118284090087076
11.2,4.0,4.558508246860025e-06,1.6473387406051666e-05,7.95606580268811e-07,4.558508246860025e-06,1.6473387406051666e-05,7.95606580268811e-07,4.581895082736583e-06,1.6557901985544127e-05,7.996883367354956e-07,0.0,0.0,8.451457949246183e-08,8.451457949246183e-08,8.451457949246183e-08,8.451457949246183e-08,0.005130370421654416,1.499419168235305,1.0,0.40507781194222237,1.0,1.0,0.0,0.0,0.152111743158743,0.15198990733632534,-0.00012183582241767632,0.00012183582241767632,9.73265688476444,9.734557446189958
12.0,4.0,2.510495346450622e-06,8.24875630523985e-06,4.859947828608615e-07,2.510495346450622e-06,8.24875630523985e-06,4.859947828608615e-07,2.5229169666788736e-06,8.289570130417398e-06,4.883994248906283e-07,0.0,0.0,4.081382517754759e-08,4.081382517754759e-08,4.081382517754759e-08,4.081382517754759e-08,0.004947876221245797,1.4779687035454037,1.0,0.3906686474340275,1.0,1.0,0.0,0.0,0.038205324505496116,0.03816082383543265,-4.450067006346592e-05,4.450067006346592e-05,11.59052961378238,11.591287135853669
12.8,4.0,6.98784579833688e-07,2.0494072950043187e-06,2.0546677780231134e-07,6.98784579833688e-07,2.0494072950043187e-06,2.0546677780231134e-07,7.028223636578888e-07,2.0612493760458565e-06,2.0665402556902406e-07,0.0,0.0,1.1842081041537765e-08,1.1842081041537765e-08,1.1842081041537765e-08,1.1842081041537765e-08,0.005778295544474877,1.5781226258875372,1.0,0.4562359290923607,1.0,1.0,0.0,0.0,0.002360308190617144,0.00236145379204701,1.145601429866118e-06,1.145601429866118e-06,12.208729425756413,12.208709411539248
13.600000000000001,4.0,2.2326214311954533e-07,5.624647446325461e-07,8.964829270715462e-08,2.2326214311954533e-07,5.624647446325461e-07,8.964829270715462e-08,2.245618622787654e-07,5.657391295988918e-07,9.017017967820493e-08,0.0,0.0,3.274384966345661e-09,3.274384966345661e-09,3.274384966345661e-09,3.274384966345661e-09,0.00582149369821355,1.5835144599575646,1.0,0.4596467185984162,1.0,1.0,0.0,0.0,0.00017781433066750433,0.0001779159289801615,1.0159831265716779e-07,1.0159831265716779e-07,12.246888446825418,12.246886669080833
14.4,4.0,1.1131809583970499e-07,2.7939468474499747e-07,4.078671190518835e-08,1.1131809583970499e-07,2.7939468474499747e-07,4.078671190518835e-08,1.1194586868570212e-07,2.8097031712602023e-07,4.1016726531457695e-08,0.0,0.0,1.5756323810227651e-09,1.5756323810227651e-09,1.5756323810227651e-09,1.5756323810227651e-09,0.005639450093550775,1.5609164733916419,1.0,0.4452731317042589,1.0,1.0,0.0,0.0,4.38757277947205e-05,4.388490823332005e-05,9.180438599547106e-09,9.180438599547106e-09,12.249232186795336,12.249232026142694
15.200000000000001,4.0,4.969310806488017e-08,1.4683460382003792e-07,1.17584012852422e-08,4.969310806488017e-08,1.4683460382003792e-07,1.17584012852422e-08,4.996483242297248e-08,1.476375026529434e-07,1.1822696801579249e-08,0.0,0.0,8.028988329054812e-10,8.028988329054812e-10,8.028988329054812e-10,8.028988329054812e-10,0.005468049165641654,1.5399344597018174,1.0,0.4317398568847099,1.0,1.0,0.0,0.0,1.211846841005959e-05,1.2116872615228985e-05,-1.595794830604641e-09,1.595794830604641e-09,12.249787927720678,12.249787955646845
16.0,4.0,2.0136107252340737e-08,5.60438544246326e-08,5.23341020762645e-09,2.0136107252340737e-08,5.60438544246326e-08,5.23341020762645e-09,2.0242910524316848e-08,5.634111481124521e-08,5.261168568602737e-09,0.0,0.0,2.9726038661260745e-10,2.9726038661260745e-10,2.9726038661260745e-10,2.9726038661260745e-10,0.005304067496149131,1.520124718640573,1.0,0.4187923832293445,1.0,1.0,0.0,0.0,1.765415635176426e-06,1.7646074482556516e-06,-8.081869207744737e-10,8.081869207744737e-10,12.24996910524586,12.249969119389117
16.8,4.0,9.347284254097932e-09,2.5006055676431896e-08,2.2325758799482826e-09,9.347284254097932e-09,2.5006055676431896e-08,2.2325758799482826e-09,9.395390965446599e-09,2.5134751784273854e-08,2.244066049766707e-09,0.0,0.0,1.2869610784195818e-10,1.2869610784195818e-10,1.2869610784195818e-10,1.2869610784195818e-10,0.005146597668470111,1.5013415333766713,1.0,0.40635906399495303,1.0,1.0,0.0,0.0,3.5146441779377764e-07,3.511934743882322e-07,-2.709434055454202e-10,2.709434055454202e-10,12.249993849373459,12.249993854114967
17.6,4.0,3.37396930980922e-09,7.319585854357899e-09,8.429917591520037e-10,3.37396930980922e-09,7.319585854357899e-09,8.429917591520037e-10,3.3929665135420102e-09,7.3607989333597194e-09,8.477382416250702e-10,0.0,0.0,4.121307900182024e-11,4.121307900182024e-11,4.121307900182024e-11,4.121307900182024e-11,0.0056305206089334965,1.559816346703205,1.0,0.44456808785883606,1.0,1.0,0.0,0.0,5.620707380459479e-08,5.559007194408202e-08,-6.170018605127704e-10,6.170018605127704e-10,12.249999016376224,12.249999027173757
18.4,4.0,1.7949803590231418e-09,1.996930012438793e-09,3.873274194855538e-10,1.7949803590231418e-09,1.996930012438793e-09,3.873274194855538e-10,1.8055177554539526e-09,2.0086529502859255e-09,3.8960121738374553e-10,0.0,0.0,1.1722937847132488e-11,1.1722937847132488e-11,1.1722937847132488e-11,1.1722937847132488e-11,0.005870480073968943,1.5896510516836373,1.0,0.463514527796402,1.0,1.0,0.0,0.0,5.620707380459479e-08,5.559007194408202e-08,-6.170018605127704e-10,6.170018605127704e-10,12.249999016376224,12.249999027173757
19.200000000000003,4.0,1.8603064690847302e-09,2.0630416999597416e-09,3.887609544645563e-10,1.8603064690847302e-09,2.0630416999597416e-09,3.887609544645563e-10,1.8709403039107993e-09,2.07483440457118e-09,3.909831795899868e-10,0.0,0.0,1.1792704611438495e-11,1.1792704611438495e-11,1.1792704611438495e-11,1.1792704611438495e-11,0.0057161736535275166,1.5704009692603986,1.0,0.4513309811859851,1.0,1.0,0.0,0.0,5.620707380459479e-08,5.559007194408202e-08,-6.170018605127704e-10,6.170018605127704e-10,12.249999016376224,12.249999027173757
20.0,4.0,0.0,0.0,0.0,1e-30,1e-30,1e-30,1.0055641423643005e-30,1.0055641423643005e-30,1.0055641423643005e-30,1e-30,1e-30,5.564142364300414e-33,5.564142364300414e-33,1.0055641423643005e-30,1.0055641423643005e-30,1.0055641423643005,1.5516627094173834,1.0,0.43932707173589636,1.0,1.0,0.0,0.0,5.620707380459479e-08,5.559007194408202e-08,-6.170018605127704e-10,6.170018605127704e-10,12.249999016376224,12.249999027173757
