D,eta,C_uv_ee,C_uv_mumu,C_uv_tautau,C_match_ee,C_match_mumu,C_match_tautau,C_ir_ee,C_ir_mumu,C_ir_tautau,delta_C_match_mumu,abs_delta_C_match_mumu,delta_C_rge_mumu,abs_delta_C_rge_mumu,delta_C_mumu,abs_delta_C_mumu,rel_delta_C_mumu,mu_match,mu_low,log_ratio,finite_fac_diag,finite_fac_offdiag,kappa_diag,kappa_offdiag,finite_match_mode,kappa_diag_eff,kappa_offdiag_eff,shell_spread,coeff_cv,offdiag_mix,gap_cv,gap_asym,g_col_norm_cv,c_tree_diag_cv,pkin_entropy,action_norm_diag,action_norm_offdiag,mu_mumu_uv_tree,mu_mumu_uv_rge,delta_mu_mumu,abs_delta_mu_mumu,chi2_uv_tree,chi2_uv_rge
4.0,0.2,0.00016277754232253458,0.0014758502143104744,0.0003435162004482209,0.00016295197868362743,0.0014774317711839177,0.0003438843207375904,0.00016346292933918418,0.0014820643920218177,0.0003449626011029838,1.5815568734432565e-06,1.5815568734432565e-06,4.632620837900043e-06,4.632620837900043e-06,6.2141777113433e-06,6.2141777113433e-06,0.004210574793490543,1.280917082806759,1.0,0.24757629233153006,1.0010716242462194,1.0,0.0,0.0,action_normalized,0.16922411802883341,0.0,0.07718149434815945,0.7278992382235014,2.8777801998322563e-29,0.052928468881864164,0.11177290657100736,0.09029178776792637,0.8794894425499511,0.758788855870295,1.2689095420204013,1.0767321020559757,2.4083057749134755,2.408278813616308,-2.6961297167726883e-05,2.6961297167726883e-05,6.3542533482741534,6.353913537421932
4.8,0.2,0.00019561316472304778,0.0015683202593658858,0.00015202569746888047,0.00019584007613630066,0.0015701395120066252,0.00015220204738843857,0.00019660325619594114,0.0015762582757962345,0.00015279517199242652,1.8192526407394011e-06,1.8192526407394011e-06,6.1187637896093026e-06,6.1187637896093026e-06,7.938016430348704e-06,7.938016430348704e-06,0.005061476686884258,1.3602809677586774,1.0,0.30769127235057525,1.0011600007268127,1.0,0.0,0.0,action_normalized,0.18317997245788747,0.0,0.07111786048012514,0.7487878177500273,2.993923942695591e-29,0.3330127461264275,0.9985580509745398,0.1957340473559828,1.0296902220130237,0.8335514729768704,1.4728624404054653,1.4163259993902102,13.739693054108729,13.739148378932706,-0.0005446751760231905,0.0005446751760231905,951.67515418512,951.591141983235
5.6,0.2,0.00015714102819852153,0.0013021892258809095,5.9531521082067194e-05,0.0001574048041082752,0.0013043750722614882,5.9631450306869035e-05,0.00015811861230155332,0.0013102902259886102,5.99018703747141e-05,2.1858463805787213e-06,2.1858463805787213e-06,5.915153727121961e-06,5.915153727121961e-06,8.101000107700682e-06,8.101000107700682e-06,0.006221062151870047,1.4305484675437201,1.0,0.35805791447458585,1.0016785935078676,1.0,0.0,0.0,action_normalized,0.26507286196622537,0.0,0.1092096338293002,0.7675103934186478,3.368050735349661e-29,0.04896323098045846,0.10296811348511037,0.28060102967778355,1.1143805860015703,0.8789935460298314,1.3732270194100678,1.0711593535980681,57.97841649278864,57.972505010922404,-0.005911481866235135,0.005911481866235135,20006.98258019661,20002.802020067757
6.4,0.2,0.00010403201165275425,0.0006722767776805341,2.7226734432871954e-05,0.00010424878293325727,0.0006736775993664272,2.7283466721262467e-05,0.00010476422145560983,0.0006770084716949969,2.741836469681453e-05,1.4008216858930802e-06,1.4008216858930802e-06,3.3308723285696866e-06,3.3308723285696866e-06,4.731694014462767e-06,4.731694014462767e-06,0.007038312450398618,1.4775528482269376,1.0,0.3903872383399466,1.0020836978643322,1.0,0.0,0.0,action_normalized,0.3290443777976545,0.0,0.1316552460415761,0.715292935971534,4.490444037185556e-29,0.23684225745303278,0.6206901777936342,0.28047183716500834,1.0740913062068647,0.9010333708810129,1.4570619145694848,1.309910589913548,59.89373701777076,59.89301479211669,-0.0007222256540728722,0.0007222256540728722,21384.482939400787,21383.954871692382
7.2,0.2,7.600592234179314e-05,0.00012096550465777007,1.756797557663314e-05,7.616400832730857e-05,0.00012121710282838631,1.760451550203598e-05,7.65500636809804e-05,0.00012183152048485187,1.7693748167275354e-05,2.5159817061623784e-07,2.5159817061623784e-07,6.144176564655557e-07,6.144176564655557e-07,8.660158270817935e-07,8.660158270817935e-07,0.0071591965786600474,1.4921401916441892,1.0,0.40021145959540433,1.0020799166781311,1.0,0.0,0.0,action_normalized,0.32844727680611663,0.0,0.14069871838435052,0.6301156865399458,8.300515088233312e-29,0.5397550802947837,2.3455123877977533,0.05673892634684577,0.5919366112864753,0.9103279160506171,1.432046424555722,1.6204236024415644,3.5327999605622566,3.5330866403474803,0.00028667978522367576,0.00028667978522367576,28.43022294858977,28.437866345180634
8.0,0.2,6.313930504949174e-05,8.591083119440962e-05,1.3492972406410483e-05,6.328041548154635e-05,8.610283385421893e-05,1.3523127935751154e-05,6.358690813131509e-05,8.651986470807405e-05,1.3588625914591047e-05,1.9200265980931757e-07,1.9200265980931757e-07,4.170308538551217e-07,4.170308538551217e-07,6.090335136644393e-07,6.090335136644393e-07,0.007089135388368472,1.4658274448318904,1.0,0.38241989178356733,1.0022349063225198,1.0,0.0,0.0,action_normalized,0.3529222604282308,0.0,0.1520636193182569,0.6058619719411955,9.73259793452573e-29,0.5891268740470006,2.8676826827286432,0.04473497088292337,0.5580450552791809,0.9133806537148066,1.4452584435640263,1.665287061215118,2.326336307979538,2.3264012603689763,6.495238943848847e-05,6.495238943848847e-05,5.363118471757258,5.363870595082675
8.8,0.2,2.214685757277516e-05,5.848230801141066e-05,7.047750343537498e-06,2.217989063567028e-05,5.856953708002432e-05,7.0582623893030045e-06,2.2302683601891867e-05,5.8893791482645916e-05,7.097338550199801e-06,8.722906861366073e-08,8.722906861366073e-08,3.2425440262159427e-07,3.2425440262159427e-07,4.11483471235255e-07,4.11483471235255e-07,0.007036033378760791,1.5482467554553723,1.0,0.43712316521321565,1.0014915462740739,1.0,0.0,0.0,action_normalized,0.23553554673643157,0.0,0.11517223325097901,0.5937428255184164,1.2483365521746187e-28,0.1526414316992487,0.36027589124483117,0.08885835383790645,0.7386124276866068,0.9135092970649155,1.2831884112307528,1.2087482232265034,1.5836854177066555,1.5836127886356386,-7.26290710169053e-05,7.26290710169053e-05,0.2108770792379284,0.2107103509409733
9.600000000000001,0.2,1.0975147167186832e-05,4.3579838328899834e-05,3.956029559913731e-06,1.0991844620237552e-05,4.364614015550589e-05,3.962048214318786e-06,1.1052676315563815e-05,4.3887689121292645e-05,3.983975208210025e-06,6.630182660605563e-08,6.630182660605563e-08,2.415489657867553e-07,2.415489657867553e-07,3.0785079239281096e-07,3.0785079239281096e-07,0.007064064581181814,1.5480056645464257,1.0,0.4369674344285572,1.001521387622085,1.0,0.0,0.0,action_normalized,0.2402479035310889,0.0,0.11485685465158924,0.5829075341898452,1.5205403541526647e-28,0.1066533286499557,0.23877254389671365,0.18728807642891,0.8851615251699383,0.9126874950814605,1.3214390647246899,1.1497013156171452,1.0000000014340404,1.000000001435914,1.873612376357414e-12,1.873612376357414e-12,0.9999999928297973,0.9999999928204293
10.4,0.2,7.422066641493796e-06,2.996797540013284e-05,2.1099883030150735e-06,7.434887885987135e-06,3.001974356096118e-05,2.1136332010222948e-06,7.474498639379671e-06,3.0179679349817063e-05,2.1248939765406136e-06,5.176816082833871e-08,5.176816082833871e-08,1.599357888558825e-07,1.599357888558825e-07,2.117039496842212e-07,2.117039496842212e-07,0.007064339410906042,1.5229622419775668,1.0,0.42065728173279693,1.0017274493901283,1.0,0.0,0.0,action_normalized,0.2727878736554888,0.0,0.12533762689732517,0.577057574905652,1.8818072702544209e-28,0.19108966093919896,0.472461907610346,0.220824975839357,0.9172112440472516,0.9115432970884193,1.3800538854412516,1.2559774722814012,0.4952545984950411,0.49525486370468275,2.652096416366767e-07,2.652096416366767e-07,5.116026509652305,5.116023510312699
11.2,0.2,4.558508069825639e-06,1.6473387012688423e-05,7.956067069737132e-07,4.567280226864855e-06,1.6505087546202806e-05,7.97137731350137e-07,4.590712066248169e-06,1.658976475915666e-05,8.012273431890403e-07,3.1700533514382966e-08,3.1700533514382966e-08,8.467721295385411e-08,8.467721295385411e-08,1.1637774646823708e-07,1.1637774646823708e-07,0.007064591293739324,1.499419168235305,1.0,0.40507781194222237,1.0019243482527282,1.0,0.0,0.0,action_normalized,0.30388089574967864,0.0,0.1353663151635882,0.574437990656976,2.5787377245512494e-28,0.26361689275729705,0.7159775670150244,0.25761164719784035,0.9184677656480011,0.9102765574924555,1.4258282995901088,1.3404293458524341,0.15211173576309514,0.15211189444082934,1.58677734202195e-07,1.58677734202195e-07,9.732657000126215,9.732654524975347
12.0,0.2,2.510492526187209e-06,8.248761138314983e-06,4.859955493187072e-07,2.5156902067813614e-06,8.265839231656106e-06,4.870017461542639e-07,2.528137530535516e-06,8.306737581039058e-06,4.894113705137658e-07,1.707809334112331e-08,1.707809334112331e-08,4.0898349382951797e-08,4.0898349382951797e-08,5.797644272407511e-08,5.797644272407511e-08,0.007028503038447572,1.4779687035454037,1.0,0.3906686474340275,1.0020703828192814,1.0,0.0,0.0,action_normalized,0.3269417501619208,0.0,0.14464355018632655,0.5733932596472961,3.6558276713953666e-28,0.324701506182844,0.9616532811955605,0.21985478162960875,0.8771178989054502,0.9093093189472398,1.4365939232251868,1.407463712250409,0.03820536915314077,0.038202673735767724,-2.695417373042852e-06,2.695417373042852e-06,11.590528853770833,11.590574736377572
12.8,0.2,6.987777679838202e-07,2.0494321184607085e-06,2.0546569946694125e-07,6.996650567166025e-07,2.0520344308275704e-06,2.0572659414399466e-07,7.037079281964529e-07,2.0638916922363304e-06,2.0691534320631692e-07,2.6023123668619397e-09,2.6023123668619397e-09,1.1857261408760014e-08,1.1857261408760014e-08,1.4459573775621953e-08,1.4459573775621953e-08,0.007055405078008769,1.5781226258875372,1.0,0.4562359290923607,1.0012697724132558,1.0,0.0,0.0,action_normalized,0.2005144223720319,0.0,0.10063809092004923,0.5338366691941206,6.464039578999375e-28,0.11428700520012199,0.2580678072267517,0.17569428045847932,0.7916713924836573,0.9085350079277832,1.2989849208355952,1.1597086448540501,0.002360365373917612,0.002360324789045027,-4.058487258502136e-08,4.058487258502136e-08,12.208728426735803,12.208729135773645
13.600000000000001,0.2,2.2327272996020326e-07,5.624265717181725e-07,8.965344399731104e-08,2.2354050961033493e-07,5.631011117330964e-07,8.976096885209729e-08,2.2484184927832693e-07,5.663792013065076e-07,9.028351176661531e-08,6.745400149238967e-10,6.745400149238967e-10,3.278089573411199e-09,3.278089573411199e-09,3.952629588335096e-09,3.952629588335096e-09,0.0070278144509781934,1.5835144599575646,1.0,0.4596467185984162,1.0011993388094436,1.0,0.0,0.0,action_normalized,0.18939199347330837,0.0,0.09808481357269962,0.5279902974964306,1.1763507368333603e-27,0.11527755794505871,0.2605959846057573,0.14219344601157302,0.6819962957925976,0.9078328296404699,1.263686214423572,1.1610009932696252,0.00017779019525587393,0.00017777739650959773,-1.2798746276205175e-08,1.2798746276205175e-08,12.24688886914148,12.246889093091093
14.4,0.2,1.1131066673668665e-07,2.793823306840649e-07,4.0799391706625195e-08,1.1146240070979585e-07,2.797631728108261e-07,4.0855007704494736e-08,1.120909873559061e-07,2.8134088326190616e-07,4.108540748151587e-08,3.808421267611717e-10,3.808421267611717e-10,1.5777104510800866e-09,1.5777104510800866e-09,1.9585525778412583e-09,1.9585525778412583e-09,0.0070102950785962785,1.5609164733916419,1.0,0.4452731317042589,1.0013631575262067,1.0,0.0,0.0,action_normalized,0.21526120832044612,0.0,0.10740742647090296,0.5324070810699959,1.706879698711195e-27,0.19599958236239193,0.48756089689181237,0.14358465010708318,0.6958086696085115,0.907472730085574,1.3078481211100947,1.2618790978739667,4.387184755862388e-05,4.386716287650698e-05,-4.684682116899285e-09,4.684682116899285e-09,12.249232254697342,12.249232336676709
15.200000000000001,0.2,4.9719954079899026e-08,1.4657335329968847e-07,1.1801348079610915e-08,4.9797929305529735e-08,1.468032225846968e-07,1.1819855996528445e-08,5.007022683131952e-08,1.4760594982346453e-07,1.1884487550248266e-08,2.2986928500831996e-10,2.2986928500831996e-10,8.027272387677349e-10,8.027272387677349e-10,1.0325965237760548e-09,1.0325965237760548e-09,0.00704491301133553,1.5399344597018174,1.0,0.4317398568847099,1.001568288367793,1.0,0.0,0.0,action_normalized,0.24765417243116167,0.0,0.11619019864791928,0.5358343387962237,2.4991003148885037e-27,0.26351295792832896,0.7155942817054621,0.20614409899481195,0.8180925978636038,0.9076578822018635,1.3878156531787684,1.3403122806873127,1.2075383966998948e-05,1.2074924690936111e-05,-4.592760628374697e-10,4.592760628374697e-10,12.24978868169192,12.249788689729177
16.0,0.2,2.0165371176482903e-08,5.612530329078049e-08,5.197701772296492e-09,2.0199802878626292e-08,5.6221135383763203e-08,5.206576675599169e-09,2.030694399650343e-08,5.651933608054882e-08,5.234192709710423e-09,9.583209298271328e-11,9.583209298271328e-11,2.9820069678561903e-10,2.9820069678561903e-10,3.940327897683323e-10,3.940327897683323e-10,0.0070205908327458195,1.520124718640573,1.0,0.4187923832293445,1.00170746681735,1.0,0.0,0.0,action_normalized,0.2696323522437088,0.0,0.12459912372608362,0.5426257045971616,4.0660163687710654e-27,0.3217878591111364,0.9489298103375201,0.18083051406094844,0.786802702341457,0.9059933867437956,1.4028022336561696,1.4043428740235022,1.7705507419393659e-06,1.7703978907718135e-06,-1.5285116755241143e-10,1.5285116755241143e-10,12.249969015381605,12.249969018056499
16.8,0.2,8.364325250162602e-09,2.705844584190968e-08,2.415816165380267e-09,8.380109151615713e-09,2.7109506486955106e-08,2.420374931705435e-09,8.423238201836943e-09,2.7249028209834245e-08,2.432831627685774e-09,5.106064504542494e-11,5.106064504542494e-11,1.3952172287913877e-10,1.3952172287913877e-10,1.905823679245637e-10,1.905823679245637e-10,0.0070433597346296496,1.5013415333766713,1.0,0.40635906399495303,1.0018870501781125,1.0,0.0,0.0,action_normalized,0.2979910198876209,0.0,0.13268580337603814,0.5606880526041327,6.119560513184084e-27,0.3729068193667717,1.1893186878231288,0.1777839621892827,0.8324265017386813,0.9175631953686375,1.439006025665377,1.4580718575681215,4.115254256548783e-07,4.115085066954818e-07,-1.691895939648644e-11,1.691895939648644e-11,12.249992798306106,12.249992798602191
17.6,0.2,3.484410888318046e-09,7.139226485334225e-09,8.222198924376402e-10,3.4892255624326104e-09,7.149091294640208e-09,8.233560158626563e-10,3.5088717188711048e-09,7.1893444005098275e-09,8.279919388784604e-10,9.864809305983397e-12,9.864809305983397e-12,4.025310586961934e-11,4.025310586961934e-11,5.0117915175602737e-11,5.0117915175602737e-11,0.00702007637361801,1.559816346703205,1.0,0.44456808785883606,1.0013817756484191,1.0,0.0,0.0,action_normalized,0.21820126433529213,0.0,0.10702376707827714,0.5253311760113416,1.0452097502090277e-26,0.2679119024066777,0.7319116463917812,0.1320001313909301,0.6787167217905434,0.9037860142270192,1.3366351644987071,1.345257621215382,5.6207073804593766e-08,5.5421309149153085e-08,-7.85764655440681e-10,7.85764655440681e-10,12.249999016376224,12.249999030127107
18.4,0.2,0.0,0.0,0.0,1e-30,1e-30,1e-30,1.0058704800739689e-30,1.0058704800739689e-30,1.0058704800739689e-30,1e-30,1e-30,5.870480073968777e-33,5.870480073968777e-33,1.0058704800739689e-30,1.0058704800739689e-30,1.0058704800739688,1.5896510516836373,1.0,0.463514527796402,1.000657181480739,1.0,0.0,0.0,action_normalized,0.103777939753867,0.0,0.09421603304878111,0.0,0.0,0.20297833384972,0.5093420730458487,0.0,0.0,-0.0,1.10148916692486,1.2702190003210754,5.6207073804593766e-08,5.5421309149153085e-08,-7.85764655440681e-10,7.85764655440681e-10,12.249999016376224,12.249999030127107
19.200000000000003,0.2,0.0,0.0,0.0,1e-30,1e-30,1e-30,1.0057161736535278e-30,1.0057161736535278e-30,1.0057161736535278e-30,1e-30,1e-30,5.716173653527695e-33,5.716173653527695e-33,1.0057161736535278e-30,1.0057161736535278e-30,1.0057161736535276,1.5704009692603986,1.0,0.4513309811859851,1.0007338863028497,1.0,0.0,0.0,action_normalized,0.11589067975208274,0.0,0.10217329191624851,0.0,0.0,0.26851220272081255,0.7341536078101636,0.0,0.0,-0.0,1.1342561013604062,1.3459310085035026,5.6207073804593766e-08,5.5421309149153085e-08,-7.85764655440681e-10,7.85764655440681e-10,12.249999016376224,12.249999030127107
20.0,0.2,0.0,0.0,0.0,1e-30,1e-30,1e-30,1.0055641423643005e-30,1.0055641423643005e-30,1.0055641423643005e-30,1e-30,1e-30,5.564142364300414e-33,5.564142364300414e-33,1.0055641423643005e-30,1.0055641423643005e-30,1.0055641423643005,1.5516627094173834,1.0,0.43932707173589636,1.0008103337191063,1.0,0.0,0.0,action_normalized,0.12796277184710375,0.0,0.11002090405486509,0.0,0.0,0.3261537967964966,0.9680363122799913,0.0,0.0,-0.0,1.1630768983982482,1.409016545507328,5.6207073804593766e-08,5.5421309149153085e-08,-7.85764655440681e-10,7.85764655440681e-10,12.249999016376224,12.249999030127107
4.0,0.39,0.00016435372048146063,0.0014798793343970764,0.0003418631110110614,0.00016452996823889025,0.0014814663104216522,0.000342229714252455,0.00016504586682330457,0.001486111581921944,0.0003433028064496832,1.586976024575866e-06,1.586976024575866e-06,4.6452715002918196e-06,4.6452715002918196e-06,6.2322475248676856e-06,6.2322475248676856e-06,0.004211321409800476,1.280917082806759,1.0,0.24757629233153006,1.0010723685287641,1.0,0.0,0.0,action_normalized,0.1693416504172998,0.0,0.07718149434815945,0.7288019674564653,2.8776779761078553e-29,0.052928468881864164,0.11177290657100736,0.09029178776792637,0.8803624715424814,0.7587925249630175,1.269127799268534,1.0767321020559757,2.4448817340068487,2.4448541059070115,-2.762809983725134e-05,2.762809983725134e-05,6.823611487882244,6.823250641442127
4.8,0.39,0.00019574823662416805,0.0015684082500680974,0.0001519655378412984,0.00019597529950537523,0.0015702275629891804,0.00015214181392664926,0.00019673900652446605,0.0015763466699095494,0.00015273470380351768,1.8193129210830519e-06,1.8193129210830519e-06,6.119106920369002e-06,6.119106920369002e-06,7.938419841452054e-06,7.938419841452054e-06,0.005061449938883822,1.3602809677586774,1.0,0.30769127235057525,1.0011599740826433,1.0,0.0,0.0,action_normalized,0.18317576497929294,0.0,0.07111786048012514,0.7487615630647682,2.993885844525977e-29,0.3330127461264275,0.9985580509745398,0.1957340473559828,1.029643348812886,0.8335845678317346,1.472850722105431,1.4163259993902102,13.751970835344054,13.751425240220625,-0.000545595123428555,0.000545595123428555,953.5698969824377,953.4856591547443
5.6,0.39,0.0001571487821813237,0.0013021843961999173,5.952962446598845e-05,0.00015741256960224095,0.0013043702220056554,5.9629549937176236e-05,0.00015812641301091957,0.0013102853537375633,5.989996138711752e-05,2.185825805738062e-06,2.185825805738062e-06,5.915131731907934e-06,5.915131731907934e-06,8.100957537645996e-06,8.100957537645996e-06,0.006221052533947197,1.4305484675437201,1.0,0.35805791447458585,1.0016785839333637,1.0,0.0,0.0,action_normalized,0.26507135002120813,0.0,0.1092096338293002,0.7675026961661312,3.3680490616590615e-29,0.04896323098045846,0.10296811348511037,0.28060102967778355,1.114373175876911,0.8789961199519978,1.3732251668789028,1.0711593535980681,57.98141445255387,57.97550224797815,-0.005912204575722058,0.005912204575722058,20009.102884072952,20004.921591318627
6.4,0.39,0.00010403240172801354,0.0006722762677837851,2.7226661152841032e-05,0.00010424917368029498,0.0006736770874959069,2.728339325163115e-05,0.00010476461413462286,0.000677007957293629,2.7418290863926424e-05,1.4008197121217819e-06,1.4008197121217819e-06,3.3308697977220848e-06,3.3308697977220848e-06,4.731689509843867e-06,4.731689509843867e-06,0.007038311088151715,1.4775528482269376,1.0,0.3903872383399466,1.0020836965087876,1.0,0.0,0.0,action_normalized,0.329044163738618,0.0,0.1316552460415761,0.7152920655698475,4.490444037240646e-29,0.23684225745303278,0.6206901777936342,0.28047183716500834,1.0740904721175029,0.9010334801607153,1.4570617060471442,1.309910589913548,59.89388950310497,59.89316723447204,-0.0007222686329342309,0.0007222686329342309,21384.594432509086,21384.066331999456
7.2,0.39,7.600594590530699e-05,0.00012096549319106766,1.75679713156894e-05,7.61640319317178e-05,0.00012121709132491925,1.760451123035419e-05,7.65500874050342e-05,0.00012183150892307676,1.769374387394153e-05,2.515981338515927e-07,2.515981338515927e-07,6.144175981575016e-07,6.144175981575016e-07,8.660157320090943e-07,8.660157320090943e-07,0.007159196471354053,1.4921401916441892,1.0,0.40021145959540433,1.0020799165713663,1.0,0.0,0.0,action_normalized,0.3284472599464735,0.0,0.14069871838435052,0.6301156162653222,8.300514929464497e-29,0.5397550802947837,2.3455123877977533,0.05673892634684577,0.5919365641942181,0.9103279149959648,1.4320464127826578,1.6204236024415644,3.532800267571452,3.533086947137512,0.00028667956605987754,0.00028667956605987754,28.430231133455354,28.437874525302693
8.0,0.39,6.31393068273821e-05,8.591083025389693e-05,1.3492972088047451e-05,6.328041726286507e-05,8.610283291086265e-05,1.352312761656013e-05,6.358690992126144e-05,8.651986376014871e-05,1.3588625593854051e-05,1.9200265696571277e-07,1.9200265696571277e-07,4.1703084928606333e-07,4.1703084928606333e-07,6.090335062517761e-07,6.090335062517761e-07,0.00708913537969388,1.4658274448318904,1.0,0.38241989178356733,1.0022349063138871,1.0,0.0,0.0,action_normalized,0.35292225906500185,0.0,0.1520636193182569,0.605861966287592,9.73259792018171e-29,0.5891268740470006,2.8676826827286432,0.04473497088292337,0.5580450533015735,0.9133806526848448,1.4452584430696245,1.665287061215118,2.326336305231986,2.32640125760022,6.495236823411688e-05,6.495236823411688e-05,5.363118439942793,5.363870563020432
8.8,0.39,2.2146857620247044e-05,5.848230796281681e-05,7.04775033011198e-06,2.2179890683200272e-05,5.856953703132446e-05,7.058262375853421e-06,2.2302683649684997e-05,5.889379143367644e-05,7.097338536675757e-06,8.722906850765287e-08,8.722906850765287e-08,3.242544023519803e-07,3.242544023519803e-07,4.1148347085963316e-07,4.1148347085963316e-07,0.007036033378184311,1.5482467554553723,1.0,0.43712316521321565,1.0014915462735006,1.0,0.0,0.0,action_normalized,0.2355355466459253,0.0,0.11517223325097901,0.5937428251074812,1.2483365522047047e-28,0.1526414316992487,0.36027589124483117,0.08885835383790645,0.738612427037752,0.9135092969048915,1.283188411068539,1.2087482232265034,1.5836854161367002,1.5836127870642138,-7.26290724863965e-05,7.26290724863965e-05,0.21087707563320476,0.21071034733430224
9.600000000000001,0.39,1.0975147121485077e-05,4.357983841062823e-05,3.956029580418546e-06,1.099184457447556e-05,4.3646140237395523e-05,3.9620482348581475e-06,1.1052676269548565e-05,4.3887689203635475e-05,3.983975228863057e-06,6.630182676729682e-08,6.630182676729682e-08,2.4154896623995183e-07,2.4154896623995183e-07,3.0785079300724865e-07,3.0785079300724865e-07,0.007064064582033195,1.5480056645464257,1.0,0.4369674344285572,1.0015213876229319,1.0,0.0,0.0,action_normalized,0.2402479036648268,0.0,0.11485685465158924,0.5829075347227113,1.5205403538262763e-28,0.1066533286499557,0.23877254389671365,0.18728807642891,0.8851615263329561,0.9126874956526076,1.3214390650154444,1.1497013156171452,1.000000004530878,1.0000000045343358,3.4579006324975126e-12,3.4579006324975126e-12,0.9999999773456102,0.9999999773283207
10.4,0.39,7.422066720531848e-06,2.9967975391542694e-05,2.1099882180731836e-06,7.434887965201738e-06,3.0019743552517766e-05,2.1136331159450477e-06,7.474498719016304e-06,3.0179679341328664e-05,2.124893891010102e-06,5.176816097507192e-08,5.176816097507192e-08,1.5993578881089827e-07,1.5993578881089827e-07,2.1170394978597018e-07,2.1170394978597018e-07,0.0070643394163262515,1.5229622419775668,1.0,0.42065728173279693,1.0017274493955197,1.0,0.0,0.0,action_normalized,0.2727878745068847,0.0,0.12533762689732517,0.5770575795275351,1.8818072713823108e-28,0.19108966093919896,0.472461907610346,0.220824975839357,0.9172112450982502,0.911543291725536,1.3800538857040012,1.2559774722814012,0.49525459895960533,0.49525486417447806,2.65214872730013e-07,2.65214872730013e-07,5.116026504398401,5.116023504999637
11.2,0.39,4.558509357281854e-06,1.6473383521677937e-05,7.956065756958455e-07,4.567281516188554e-06,1.6505084046269895e-05,7.97137599713175e-07,4.590713362186577e-06,1.6589761241267796e-05,8.01227210876732e-07,3.170052459195813e-08,3.170052459195813e-08,8.467719499790082e-08,8.467719499790082e-08,1.1637771958985895e-07,1.1637771958985895e-07,0.007064591159230475,1.499419168235305,1.0,0.40507781194222237,1.001924348118906,1.0,0.0,0.0,action_normalized,0.30388087461733126,0.0,0.1353663151635882,0.574437919825029,2.5787377706660896e-28,0.26361689275729705,0.7159775670150244,0.25761164719784035,0.9184676256155258,0.9102765376144974,1.4258282645819902,1.3404293458524341,0.1521116714309366,0.15211183006808174,1.586371451423041e-07,1.586371451423041e-07,9.732658003618067,9.7326555291002
12.0,0.39,2.51049659930808e-06,8.248753787970822e-06,4.859945413114452e-07,2.5156942874529196e-06,8.265831863195164e-06,4.87000735889254e-07,2.528141631397732e-06,8.306730176119883e-06,4.894103552500897e-07,1.707807522434218e-08,1.707807522434218e-08,4.0898312924719123e-08,4.0898312924719123e-08,5.79763881490613e-08,5.79763881490613e-08,0.0070285026852914935,1.4779687035454037,1.0,0.3906686474340275,1.002070382467864,1.0,0.0,0.0,action_normalized,0.32694169466829703,0.0,0.14464355018632655,0.5733931590308378,3.6558280252297734e-28,0.324701506182844,0.9616532811955605,0.21985478162960875,0.8771172910146925,0.9093090217067862,1.4365937712524974,1.407463712250409,0.03820530122599985,0.03820260578664048,-2.695439359365337e-06,2.695439359365337e-06,11.590530010056062,11.590575893039349
12.8,0.39,6.987844538077155e-07,2.0493996179638756e-06,2.0546948193091949e-07,6.996717445882015e-07,2.052001870170035e-06,2.057303795167131e-07,7.037146547125505e-07,2.063858943433693e-06,2.0691915045203768e-07,2.602252206159243e-09,2.602252206159243e-09,1.1857073263657929e-08,1.1857073263657929e-08,1.4459325469817172e-08,1.4459325469817172e-08,0.007055395806203397,1.5781226258875372,1.0,0.4562359290923607,1.0012697631947178,1.0,0.0,0.0,action_normalized,0.2005129666388519,0.0,0.10063809092004923,0.5338288508305074,6.464043983609658e-28,0.11428700520012199,0.2580678072267517,0.17569428045847932,0.791660154997012,0.9085375406561985,1.298982111463934,1.1597086448540501,0.0023602904960522697,0.0023602498690144134,-4.06270378562959e-08,4.06270378562959e-08,12.208729734889243,12.208730444663768
13.600000000000001,0.39,2.2326970559833704e-07,5.62447153419074e-07,8.964636729611575e-08,2.2353748742167777e-07,5.631217327305473e-07,8.975388599251074e-08,2.2483880949601753e-07,5.663999423489653e-07,9.027638767420631e-08,6.745793114733435e-10,6.745793114733435e-10,3.278209618417989e-09,3.278209618417989e-09,3.952788929891332e-09,3.952788929891332e-09,0.0070278405817553275,1.5835144599575646,1.0,0.4596467185984162,1.0011993647889808,1.0,0.0,0.0,action_normalized,0.1893960959973713,0.0,0.09808481357269962,0.5280133560081189,1.1763521087855689e-27,0.11527755794505871,0.2605959846057573,0.14219344601157302,0.6820295090330518,0.9078221554005286,1.2636945177336858,1.1610009932696252,0.0001778032087379348,0.00017779041828121567,-1.2790456719121877e-08,1.2790456719121877e-08,12.246888641434467,12.246888865239033
14.4,0.39,1.1131341964120475e-07,2.7940829939367144e-07,4.07869702735668e-08,1.1146516674423066e-07,2.7978920045781136e-07,4.084257277504566e-08,1.1209376898925407e-07,2.8136705769050767e-07,4.1072902425902746e-08,3.809010641399223e-10,3.809010641399223e-10,1.577857232696309e-09,1.577857232696309e-09,1.9587582968362313e-09,1.9587582968362313e-09,0.007010379795757051,1.5609164733916419,1.0,0.4452731317042589,1.0013632417682885,1.0,0.0,0.0,action_normalized,0.21527451129677735,0.0,0.10740742647090296,0.532477530041965,1.7068915022087403e-27,0.19599958236239193,0.48756089689181237,0.14358465010708318,0.6958914603017464,0.9074287753847801,1.3078688187834036,1.2618790978739667,4.388000394344511e-05,4.3875325772541094e-05,-4.678170904018298e-09,4.678170904018298e-09,12.249232111965078,12.249232193830503
15.200000000000001,0.39,4.9709616392691525e-08,1.4671605106442872e-07,1.1770674642156241e-08,4.978761729041783e-08,1.46946267761405e-07,1.1789144372070862e-08,5.005985842960198e-08,1.477497771782319e-07,1.1853607993118192e-08,2.3021669697628164e-10,2.3021669697628164e-10,8.035094168269027e-10,8.035094168269027e-10,1.0337261138031843e-09,1.0337261138031843e-09,0.007045760203491539,1.5399344597018174,1.0,0.4317398568847099,1.0015691309526535,1.0,0.0,0.0,action_normalized,0.24778722809910547,0.0,0.11619019864791928,0.5364658456371497,2.4990014045148525e-27,0.26351295792832896,0.7155942817054621,0.20614409899481195,0.8187922265543413,0.9073093959141124,1.3879905603514526,1.3403122806873127,1.2098907640248965e-05,1.2098467825493183e-05,-4.3981475578191206e-10,4.3981475578191206e-10,12.24978827003119,12.249788277727879
16.0,0.39,2.015482472120821e-08,5.614789054568101e-08,5.199793552793773e-09,2.0189240630099442e-08,5.624376737478693e-08,5.208672599058952e-09,2.0296325725097485e-08,5.654208811318051e-08,5.236299750089703e-09,9.58768291059216e-11,9.58768291059216e-11,2.9832073839357663e-10,2.9832073839357663e-10,3.941975674994982e-10,3.941975674994982e-10,0.007020701288480028,1.520124718640573,1.0,0.4187923832293445,1.0017075766903107,1.0,0.0,0.0,action_normalized,0.26964970268622007,0.0,0.12459912372608362,0.5426548128377121,4.0658337962802256e-27,0.3217878591111364,0.9489298103375201,0.18083051406094844,0.7870578910225603,0.9060680293195289,1.4028660308264456,1.4043428740235022,1.7719761214311387e-06,1.77182353589822e-06,-1.525855329186848e-10,1.525855329186848e-10,12.249968990437496,12.24996899310774
16.8,0.39,9.525971967553443e-09,2.465308211878383e-08,2.2010619034430794e-09,9.543588134731946e-09,2.4698672512871607e-08,2.2051322780561223e-09,9.592705143174997e-09,2.482578664324066e-08,2.2164812066970343e-09,4.5590394087777204e-11,4.5590394087777204e-11,1.2711413036905282e-10,1.2711413036905282e-10,1.7270452445683002e-10,1.7270452445683002e-10,0.007005392819636207,1.5013415333766713,1.0,0.40635906399495303,1.001849277663057,1.0,0.0,0.0,action_normalized,0.29202622339429457,0.0,0.13268580337603814,0.5459691425520503,6.177732446708047e-27,0.3729068193667717,1.1893186878231288,0.1777839621892827,0.7709150726278873,0.9030842547305761,1.4236281683876784,1.4580718575681215,3.416122381270675e-07,3.415724365393525e-07,-3.980158771498682e-11,3.980158771498682e-11,12.249994021786561,12.249994022483088
17.6,0.39,3.484410888318046e-09,7.139226485334225e-09,8.222198924376402e-10,3.4892255624326104e-09,7.149091294640208e-09,8.233560158626563e-10,3.5088717188711048e-09,7.1893444005098275e-09,8.279919388784604e-10,9.864809305983397e-12,9.864809305983397e-12,4.025310586961934e-11,4.025310586961934e-11,5.0117915175602737e-11,5.0117915175602737e-11,0.00702007637361801,1.559816346703205,1.0,0.44456808785883606,1.0013817756484191,1.0,0.0,0.0,action_normalized,0.21820126433529213,0.0,0.10702376707827714,0.5253311760113416,1.0452097502090277e-26,0.2679119024066777,0.7319116463917812,0.1320001313909301,0.6787167217905434,0.9037860142270192,1.3366351644987071,1.345257621215382,5.6207073804593766e-08,5.5421309149153085e-08,-7.85764655440681e-10,7.85764655440681e-10,12.249999016376224,12.249999030127107
18.4,0.39,0.0,0.0,0.0,1e-30,1e-30,1e-30,1.0058704800739689e-30,1.0058704800739689e-30,1.0058704800739689e-30,1e-30,1e-30,5.870480073968777e-33,5.870480073968777e-33,1.0058704800739689e-30,1.0058704800739689e-30,1.0058704800739688,1.5896510516836373,1.0,0.463514527796402,1.000657181480739,1.0,0.0,0.0,action_normalized,0.103777939753867,0.0,0.09421603304878111,0.0,0.0,0.20297833384972,0.5093420730458487,0.0,0.0,-0.0,1.10148916692486,1.2702190003210754,5.6207073804593766e-08,5.5421309149153085e-08,-7.85764655440681e-10,7.85764655440681e-10,12.249999016376224,12.249999030127107
19.200000000000003,0.39,0.0,0.0,0.0,1e-30,1e-30,1e-30,1.0057161736535278e-30,1.0057161736535278e-30,1.0057161736535278e-30,1e-30,1e-30,5.716173653527695e-33,5.716173653527695e-33,1.0057161736535278e-30,1.0057161736535278e-30,1.0057161736535276,1.5704009692603986,1.0,0.4513309811859851,1.0007338863028497,1.0,0.0,0.0,action_normalized,0.11589067975208274,0.0,0.10217329191624851,0.0,0.0,0.26851220272081255,0.7341536078101636,0.0,0.0,-0.0,1.1342561013604062,1.3459310085035026,5.6207073804593766e-08,5.5421309149153085e-08,-7.85764655440681e-10,7.85764655440681e-10,12.249999016376224,12.249999030127107
20.0,0.39,0.0,0.0,0.0,1e-30,1e-30,1e-30,1.0055641423643005e-30,1.0055641423643005e-30,1.0055641423643005e-30,1e-30,1e-30,5.564142364300414e-33,5.564142364300414e-33,1.0055641423643005e-30,1.0055641423643005e-30,1.0055641423643005,1.5516627094173834,1.0,0.43932707173589636,1.0008103337191063,1.0,0.0,0.0,action_normalized,0.12796277184710375,0.0,0.11002090405486509,0.0,0.0,0.3261537967964966,0.9680363122799913,0.0,0.0,-0.0,1.1630768983982482,1.409016545507328,5.6207073804593766e-08,5.5421309149153085e-08,-7.85764655440681e-10,7.85764655440681e-10,12.249999016376224,12.249999030127107
4.0,0.5800000000000001,0.00016593300264469287,0.0014838405094366235,0.0003402200273142987,0.00016611106456271323,0.001485432811648573,0.00034058511581174633,0.00016663192081753868,0.0014900905204719248,0.00034165305122193704,1.5923022119496057e-06,1.5923022119496057e-06,4.657708823351718e-06,4.657708823351718e-06,6.250011035301324e-06,6.250011035301324e-06,0.004212050416169251,1.280917082806759,1.0,0.24757629233153006,1.0010730952564129,1.0,0.0,0.0,action_normalized,0.16945641064767672,0.0,0.07718149434815945,0.7296846177516892,2.877574286123232e-29,0.052928468881864164,0.11177290657100736,0.09029178776792637,0.8812104686253469,0.7587964704957652,1.2693397985392503,1.0767321020559757,2.4817186502014303,2.4816903423411873,-2.8307860242993144e-05,2.8307860242993144e-05,7.313220238710028,7.31283747946372
4.8,0.5800000000000001,0.00019588331934337569,0.0015684959230168687,0.00015190541897144576,0.0001961105336803323,0.0015703152957044569,0.0001520816212594579,0.00019687476770098353,0.0015764347445153123,0.00015267427656818152,1.8193726875881649e-06,1.8193726875881649e-06,6.11944881085541e-06,6.11944881085541e-06,7.938821498443575e-06,7.938821498443575e-06,0.0050614231009118126,1.3602809677586774,1.0,0.30769127235057525,1.0011599473488517,1.0,0.0,0.0,action_normalized,0.18317154334815042,0.0,0.07111786048012514,0.7487351990015543,2.993847761218537e-29,0.3330127461264275,0.9985580509745398,0.1957340473559828,1.0295963875021603,0.8336176519611008,1.4728389817777496,1.4163259993902102,13.764250791323446,13.763704275147989,-0.0005465161754578673,0.0005465161754578673,955.4668601921403,955.382396270704
5.6,0.5800000000000001,0.0001571565360950142,0.0013021795653970398,5.952772796673076e-05,0.00015742033502678466,0.0013043653706257664,5.962764968451952e-05,0.00015813421365054895,0.001310280480357363,5.989805251708776e-05,2.185805228726613e-06,2.185805228726613e-06,5.915109731596639e-06,5.915109731596639e-06,8.100914960323252e-06,8.100914960323252e-06,0.00622104291573125,1.4305484675437201,1.0,0.35805791447458585,1.0016785743585679,1.0,0.0,0.0,action_normalized,0.2650698380300356,0.0,0.1092096338293002,0.7674949986543215,3.368047388161654e-29,0.04896323098045846,0.10296811348511037,0.28060102967778355,1.1143657655370731,0.8789986935759805,1.3732233142939434,1.0711593535980681,57.98441234989971,57.97849942255886,-0.0059129273408515814,0.0059129273408515814,20011.223256146764,20007.041230678078
6.4,0.5800000000000001,0.00010403279180139791,0.0006722757578882074,2.7226587873248646e-05,0.00010424956442545384,0.0006736765756265684,2.7283319782439745e-05,0.00010476500681174776,0.0006770074428934488,2.7418217031480404e-05,1.4008177383610003e-06,1.4008177383610003e-06,3.3308672668803377e-06,3.3308672668803377e-06,4.731685005241338e-06,4.731685005241338e-06,0.007038309725914836,1.4775528482269376,1.0,0.3903872383399466,1.0020836951532528,1.0,0.0,0.0,action_normalized,0.3290439496811538,0.0,0.1316552460415761,0.7152911951750737,4.4904440372978883e-29,0.23684225745303278,0.6206901777936342,0.28047183716500834,1.0740896380316576,0.901033589435667,1.457061497525683,1.309910589913548,59.89404198785138,59.893319676239365,-0.0007223116120158579,0.0007223116120158579,21384.70592547825,21384.177792167073
7.2,0.5800000000000001,7.600596946658674e-05,0.00012096548172608188,1.7567967055044743e-05,7.616405553388942e-05,0.00012121707982317421,1.7604506958972367e-05,7.6550111126839e-05,0.00012183149736303238,1.7693739580909198e-05,2.515980970923279e-07,2.515980970923279e-07,6.144175398581754e-07,6.144175398581754e-07,8.660156369505033e-07,8.660156369505033e-07,0.007159196364063072,1.4921401916441892,1.0,0.40021145959540433,1.0020799164646164,1.0,0.0,0.0,action_normalized,0.328447243089204,0.0,0.14069871838435052,0.6301155460004444,8.300514770714761e-29,0.5397550802947837,2.3455123877977533,0.05673892634684577,0.591936517109107,0.9103279139398052,1.43204640101138,1.6204236024415644,3.5328005746123075,3.5330872539592475,0.00028667934694004416,0.00028667934694004416,28.430239319166184,28.437882706271264
8.0,0.5800000000000001,6.313930858617432e-05,8.591082932490227e-05,1.349297177222348e-05,6.328041902505056e-05,8.610283197906046e-05,1.3523127299915464e-05,6.358691169198192e-05,8.651986282383343e-05,1.3588625275675747e-05,1.920026541581848e-07,1.920026541581848e-07,4.170308447729769e-07,4.170308447729769e-07,6.090334989311617e-07,6.090334989311617e-07,0.007089135371140296,1.4658274448318904,1.0,0.38241989178356733,1.0022349063053746,1.0,0.0,0.0,action_normalized,0.35292225772074315,0.0,0.1520636193182569,0.6058619607103518,9.732597906015618e-29,0.5891268740470006,2.8676826827286432,0.04473497088292337,0.5580450513598044,0.9133806516557884,1.4452584425841821,1.665287061215118,2.3263363027237887,2.326401255071127,6.495234733838728e-05,6.495234733838728e-05,5.363118410899866,5.363870533733497
8.8,0.5800000000000001,2.2146857658873487e-05,5.848230792059077e-05,7.04775031939265e-06,2.2179890721873404e-05,5.85695369890066e-05,7.058262365114627e-06,2.2302683688572232e-05,5.88937913911243e-05,7.0973385258775106e-06,8.722906841582772e-08,8.722906841582772e-08,3.2425440211769776e-07,3.2425440211769776e-07,4.114834705335255e-07,4.114834705335255e-07,0.007036033377688368,1.5482467554553723,1.0,0.43712316521321565,1.0014915462730074,1.0,0.0,0.0,action_normalized,0.2355355465680515,0.0,0.11517223325097901,0.5937428247516305,1.2483365522276649e-28,0.1526414316992487,0.36027589124483117,0.08885835383790645,0.7386124264867792,0.9135092967834035,1.2831884109307958,1.2087482232265034,1.5836854146976476,1.583612785623903,-7.262907374450123e-05,7.262907374450123e-05,0.21087707232904246,0.21071034402855884
9.600000000000001,0.5800000000000001,1.0975147149201867e-05,4.3579838227844995e-05,3.956029603160251e-06,1.0991844602195483e-05,4.364614005417921e-05,3.96204825762038e-06,1.1052676297421895e-05,4.388768901940519e-05,3.983975251751262e-06,6.630182633421227e-08,6.630182633421227e-08,2.4154896522598563e-07,2.4154896522598563e-07,3.078507915601979e-07,3.078507915601979e-07,0.007064064578456811,1.5480056645464257,1.0,0.4369674344285572,1.0015213876193751,1.0,0.0,0.0,action_normalized,0.24024790310317456,0.0,0.11485685465158924,0.5829075319022637,1.5205403539576656e-28,0.1066533286499557,0.23877254389671365,0.18728807642891,0.8851615233941379,0.9126874966874371,1.3214390642807399,1.1497013156171452,0.9999999954199661,0.9999999954167704,-3.1956659540810506e-12,3.1956659540810506e-12,1.000000022900169,1.0000000229161474
10.4,0.5800000000000001,7.4220667591848335e-06,2.9967975434604077e-05,2.109988192023306e-06,7.434888003935293e-06,3.001974359570925e-05,2.1136330898540934e-06,7.4744987579562195e-06,3.017967938475026e-05,2.124893864780143e-06,5.176816110517279e-08,5.176816110517279e-08,1.5993578904101e-07,1.5993578904101e-07,2.117039501461828e-07,2.117039501461828e-07,0.007064339418195327,1.5229622419775668,1.0,0.42065728173279693,1.001727449397379,1.0,0.0,0.0,action_normalized,0.2727878748004694,0.0,0.12533762689732517,0.5770575811212877,1.8818072717712383e-28,0.19108966093919896,0.472461907610346,0.220824975839357,0.9172112454606637,0.911543289876266,1.3800538857946045,1.2559774722814012,0.4952546006122621,0.4952548658289395,2.652166773975395e-07,2.652166773975395e-07,5.116026485707982,5.116023486288812
11.2,0.5800000000000001,4.558508610097314e-06,1.6473385567782725e-05,7.956066873864388e-07,4.5672807678804066e-06,1.6505086097447672e-05,7.97137711673544e-07,4.590712610039331e-06,1.6589763302968876e-05,8.012273234114992e-07,3.170052966494687e-08,3.170052966494687e-08,8.467720552120437e-08,8.467720552120437e-08,1.1637773518615124e-07,1.1637773518615124e-07,0.007064591228517902,1.499419168235305,1.0,0.40507781194222237,1.0019243481878397,1.0,0.0,0.0,action_normalized,0.3038808855029108,0.0,0.1353663151635882,0.5744379545210921,2.5787377440158254e-28,0.26361689275729705,0.7159775670150244,0.25761164719784035,0.9184677042342904,0.9102765545585274,1.4258282842366812,1.3404293458524341,0.15211170910040503,0.15211186775846286,1.5865805783055187e-07,1.5865805783055187e-07,9.73265741602695,9.732654941182947
12.0,0.5800000000000001,2.510494419358609e-06,8.248759932846803e-06,4.859946757239118e-07,2.51569210423952e-06,8.265838024898558e-06,4.870008708218713e-07,2.5281394373820625e-06,8.306736368310623e-06,4.894104908503369e-07,1.7078092051754512e-08,1.7078092051754512e-08,4.089834341206578e-08,4.089834341206578e-08,5.797643546382029e-08,5.797643546382029e-08,0.007028503185425052,1.4779687035454037,1.0,0.3906686474340275,1.002070382965535,1.0,0.0,0.0,action_normalized,0.3269417732573746,0.0,0.14464355018632655,0.5733934032489537,3.655827806647672e-28,0.324701506182844,0.9616532811955605,0.21985478162960875,0.8771177803699077,0.909309061126976,1.4365938935913012,1.407463712250409,0.038205358125886636,0.03820266272042183,-2.6954054648045678e-06,2.6954054648045678e-06,11.590529041481528,11.590574923885931
12.8,0.5800000000000001,6.987835376805643e-07,2.0494095611429716e-06,2.0546683004976262e-07,6.996708300056475e-07,2.052011833916297e-06,2.057277250645013e-07,7.037137348452682e-07,2.0638689647534256e-06,2.0691648066161647e-07,2.6022727733253774e-09,2.6022727733253774e-09,1.1857130837128558e-08,1.1857130837128558e-08,1.4459403610453935e-08,1.4459403610453935e-08,0.007055399703702863,1.5781226258875372,1.0,0.4562359290923607,1.0012697670698258,1.0,0.0,0.0,action_normalized,0.2005135785713809,0.0,0.10063809092004923,0.5338323800879815,6.464043528667355e-28,0.11428700520012199,0.2580678072267517,0.17569428045847932,0.7916640565541827,0.9085357602813148,1.2989830868532266,1.1597086448540501,0.002360313410236169,0.0023602728010698095,-4.0609166359478754e-08,4.0609166359478754e-08,12.208729334567082,12.20873004402937
13.600000000000001,0.5800000000000001,2.23257213948853e-07,5.624780701442199e-07,8.964772358412812e-08,2.2352498502811544e-07,5.631526972133299e-07,8.975524560893956e-08,2.248262343198499e-07,5.664310870912893e-07,9.02777552056336e-08,6.746270691099687e-10,6.746270691099687e-10,3.2783898779593837e-09,3.2783898779593837e-09,3.953016947069352e-09,3.953016947069352e-09,0.007027859674699486,1.5835144599575646,1.0,0.4596467185984162,1.0011993837714188,1.0,0.0,0.0,action_normalized,0.18939909358384996,0.0,0.09808481357269962,0.5280266688813077,1.1763480693074486e-27,0.11527755794505871,0.2605959846057573,0.14219344601157302,0.6820654711364537,0.9078251856239585,1.2637035082595363,1.1610009932696252,0.00017782275614435032,0.00017780997102369536,-1.2785120654957563e-08,1.2785120654957563e-08,12.2468882993983,12.246888523109494
14.4,0.5800000000000001,1.1133857147543006e-07,2.793325203394674e-07,4.0790044387193164e-08,1.1149033933751743e-07,2.7971328415618976e-07,4.084564612295335e-08,1.121190835421244e-07,2.812907132626918e-07,4.1075993105802585e-08,3.80763816722372e-10,3.80763816722372e-10,1.577429106502041e-09,1.577429106502041e-09,1.958192923224413e-09,1.958192923224413e-09,0.007010257598523291,1.5609164733916419,1.0,0.4452731317042589,1.0013631202563154,1.0,0.0,0.0,action_normalized,0.21525532289508914,0.0,0.10740742647090296,0.532395840800425,1.706913184056574e-27,0.19599958236239193,0.48756089689181237,0.14358465010708318,0.6957040105816507,0.9074340125142986,1.3078219563533795,1.2618790978739667,4.3856205503249375e-05,4.385151922718241e-05,-4.686276066962099e-09,4.686276066962099e-09,12.249232528424734,12.249232610431994
15.200000000000001,0.5800000000000001,4.9709897395962283e-08,1.46776561877834e-07,1.1761015684834395e-08,4.978791316967921e-08,1.470069161460635e-07,1.1779473673814752e-08,5.0060155926745715e-08,1.4781075719123952e-07,1.1843884415008552e-08,2.3035426822950958e-10,2.3035426822950958e-10,8.038410451760166e-10,8.038410451760166e-10,1.0341953134055262e-09,1.0341953134055262e-09,0.007046052177365445,1.5399344597018174,1.0,0.4317398568847099,1.0015694213386823,1.0,0.0,0.0,action_normalized,0.24783308402275855,0.0,0.11619019864791928,0.5366835100288477,2.498967429026751e-27,0.26351295792832896,0.7155942817054621,0.20614409899481195,0.819033125761283,0.9071890401412456,1.3880507851531882,1.3403122806873127,1.2108889732566497e-05,1.2108456576173924e-05,-4.3315639257311407e-10,4.3315639257311407e-10,12.249788095346085,12.249788102926258
16.0,0.5800000000000001,2.0151203156635068e-08,5.615562867060873e-08,5.200510171917285e-09,2.01856136435328e-08,5.625152083692673e-08,5.209390638544578e-09,2.0292679500749287e-08,5.654988270020683e-08,5.237021598105226e-09,9.589216631800456e-11,9.589216631800456e-11,2.9836186328009766e-10,2.9836186328009766e-10,3.942540295981022e-10,3.942540295981022e-10,0.007020739308443548,1.520124718640573,1.0,0.4187923832293445,1.0017076145096777,1.0,0.0,0.0,action_normalized,0.26965567488126524,0.0,0.12459912372608362,0.5426649111009035,4.065771227708545e-27,0.3217878591111364,0.9489298103375201,0.18083051406094844,0.7871454402130791,0.906093590923559,1.4028879181240752,1.4043428740235022,1.7724645713912186e-06,1.7723120776246047e-06,-1.5249376661389418e-10,1.5249376661389418e-10,12.249968981889634,12.249968984558272
16.8,0.5800000000000001,9.525971967553443e-09,2.4653082118783826e-08,2.201061903443079e-09,9.543588134731946e-09,2.4698672512871603e-08,2.205132278056122e-09,9.592705143174997e-09,2.4825786643240656e-08,2.216481206697034e-09,4.5590394087777204e-11,4.5590394087777204e-11,1.2711413036905282e-10,1.2711413036905282e-10,1.7270452445683002e-10,1.7270452445683002e-10,0.007005392819636209,1.5013415333766713,1.0,0.40635906399495303,1.001849277663057,1.0,0.0,0.0,action_normalized,0.29202622339429457,0.0,0.13268580337603814,0.5459691425520503,6.177732446708049e-27,0.3729068193667717,1.1893186878231288,0.1777839621892827,0.7709150726278875,0.903084254730576,1.4236281683876784,1.4580718575681215,3.416122381270674e-07,3.415724365393525e-07,-3.9801587714880943e-11,3.9801587714880943e-11,12.249994021786561,12.249994022483088
17.6,0.5800000000000001,3.484410888318046e-09,7.139226485334223e-09,8.222198924376402e-10,3.4892255624326104e-09,7.1490912946402065e-09,8.233560158626563e-10,3.5088717188711048e-09,7.189344400509826e-09,8.279919388784604e-10,9.864809305983397e-12,9.864809305983397e-12,4.025310586961934e-11,4.025310586961934e-11,5.0117915175602737e-11,5.0117915175602737e-11,0.007020076373618012,1.559816346703205,1.0,0.44456808785883606,1.0013817756484191,1.0,0.0,0.0,action_normalized,0.21820126433529213,0.0,0.10702376707827714,0.5253311760113416,1.0452097502090278e-26,0.2679119024066777,0.7319116463917812,0.1320001313909301,0.6787167217905432,0.9037860142270192,1.3366351644987071,1.345257621215382,5.6207073804593766e-08,5.5421309149153085e-08,-7.85764655440681e-10,7.85764655440681e-10,12.249999016376224,12.249999030127107
18.4,0.5800000000000001,1.7949803590232282e-09,1.9969300124387082e-09,3.8732741948561017e-10,1.7969745348657373e-09,1.999148549020442e-09,3.877577300342448e-10,1.807523638066096e-09,2.0108845107423702e-09,3.900340540619382e-10,2.2185365817337405e-12,2.2185365817337405e-12,1.173596172192823e-11,1.173596172192823e-11,1.395449830366197e-11,1.395449830366197e-11,0.006987975650994567,1.5896510516836373,1.0,0.463514527796402,1.0011109736284771,1.0,0.0,0.0,action_normalized,0.17543792340978479,0.0,0.09421603304878111,0.5139240325215798,1.686044268142297e-26,0.20297833384972,0.5093420730458487,0.0,0.5139240325215797,0.9043734450498737,1.229970175055255,1.2702190003210754,5.6207073804593766e-08,5.5421309149153085e-08,-7.85764655440681e-10,7.85764655440681e-10,12.249999016376224,12.249999030127107
19.200000000000003,0.5800000000000001,0.0,0.0,0.0,1e-30,1e-30,1e-30,1.0057161736535278e-30,1.0057161736535278e-30,1.0057161736535278e-30,1e-30,1e-30,5.716173653527695e-33,5.716173653527695e-33,1.0057161736535278e-30,1.0057161736535278e-30,1.0057161736535276,1.5704009692603986,1.0,0.4513309811859851,1.0007338863028497,1.0,0.0,0.0,action_normalized,0.11589067975208274,0.0,0.10217329191624851,0.0,0.0,0.26851220272081255,0.7341536078101636,0.0,0.0,-0.0,1.1342561013604062,1.3459310085035026,5.6207073804593766e-08,5.5421309149153085e-08,-7.85764655440681e-10,7.85764655440681e-10,12.249999016376224,12.249999030127107
20.0,0.5800000000000001,0.0,0.0,0.0,1e-30,1e-30,1e-30,1.0055641423643005e-30,1.0055641423643005e-30,1.0055641423643005e-30,1e-30,1e-30,5.564142364300414e-33,5.564142364300414e-33,1.0055641423643005e-30,1.0055641423643005e-30,1.0055641423643005,1.5516627094173834,1.0,0.43932707173589636,1.0008103337191063,1.0,0.0,0.0,action_normalized,0.12796277184710375,0.0,0.11002090405486509,0.0,0.0,0.3261537967964966,0.9680363122799913,0.0,0.0,-0.0,1.1630768983982482,1.409016545507328,5.6207073804593766e-08,5.5421309149153085e-08,-7.85764655440681e-10,7.85764655440681e-10,12.249999016376224,12.249999030127107
4.0,0.77,0.00016751531265838838,0.0014877342575363118,0.00033858713072771495,0.0001676951913349501,0.0014893317930993258,0.00033895070707192854,0.00016822101476243154,0.0014940017275313774,0.0003400135176458098,1.597535563013959e-06,1.597535563013959e-06,4.669934432051598e-06,4.669934432051598e-06,6.267469995065557e-06,6.267469995065557e-06,0.004212761763948683,1.280917082806759,1.0,0.24757629233153006,1.001073804380669,1.0,0.0,0.0,action_normalized,0.1695683910617638,0.0,0.07718149434815945,0.7305470830657413,2.877469029129853e-29,0.052928468881864164,0.11177290657100736,0.09029178776792637,0.8820335834498795,0.7588008908473142,1.2695455772453834,1.0767321020559757,2.5188117453708645,2.5187827446862734,-2.9000684591107273e-05,2.9000684591107273e-05,7.823373259873752,7.822967686298445
4.8,0.77,0.00019601841281511177,0.0015685832784841207,0.00015184534086120196,0.00019624577859551846,0.0015704027104248427,0.00015202146938877347,0.00019701053965958426,0.0015765224998869724,0.00015261389028833447,1.8194319407220313e-06,1.8194319407220313e-06,6.119789462129743e-06,6.119789462129743e-06,7.939221402851774e-06,7.939221402851774e-06,0.005061396173064041,1.3602809677586774,1.0,0.30769127235057525,1.0011599205255333,1.0,0.0,0.0,action_normalized,0.18316730757947577,0.0,0.07111786048012514,0.7487087256679691,2.9938096927737833e-29,0.3330127461264275,0.9985580509745398,0.1957340473559828,1.029549338188574,0.8336507253807391,1.472827219449353,1.4163259993902102,13.776532908411212,13.775985470079016,-0.0005474383321963927,0.0005474383321963927,957.3660427061604,957.2813522225432
5.6,0.77,0.00015716428993941075,0.0013021747334724565,5.952583158434521e-05,0.00015742810038172367,0.0013043605181220007,5.962574954895005e-05,0.000158142014220258,0.0013102756058481892,5.989614376467622e-05,2.1857846495441577e-06,2.1857846495441577e-06,5.91508772618851e-06,5.91508772618851e-06,8.100872375732667e-06,8.100872375732667e-06,0.006221033297221487,1.4305484675437201,1.0,0.35805791447458585,1.0016785647834798,1.0,0.0,0.0,action_normalized,0.2650683259927402,0.0,0.1092096338293002,0.7674873008833811,3.36804571485748e-29,0.04896323098045846,0.10296811348511037,0.28060102967778355,1.1143583549822196,0.879001266901782,1.37322146165523,1.0711593535980681,57.98741018471044,57.98149653454881,-0.005913650161630812,0.005913650161630812,20013.343696329193,20009.16093805724
6.4,0.77,0.00010403318187451477,0.0006722752479888863,2.722651459407748e-05,0.00010424995517034349,0.0006736760637534796,2.728324631367062e-05,0.0001047653994886021,0.0006770069284894995,2.7418143199458755e-05,1.4008157645932799e-06,1.4008157645932799e-06,3.3308647360199423e-06,3.3308647360199423e-06,4.731680500613222e-06,4.731680500613222e-06,0.007038308363677021,1.4775528482269376,1.0,0.3903872383399466,1.0020836937977173,1.0,0.0,0.0,action_normalized,0.3290437356235883,0.0,0.1316552460415761,0.7152903247800396,4.4904440373576616e-29,0.23684225745303278,0.6206901777936342,0.28047183716500834,1.0740888039440537,0.9010336987083872,1.4570612890037822,1.309910589913548,59.89419447120301,59.89347211661135,-0.0007223545916588137,0.0007223545916588137,21384.817417718223,21384.289251604932
7.2,0.77,7.600599302778622e-05,0.00012096547026056667,1.756796279458077e-05,7.616407913598022e-05,0.00012121706832089804,1.760450268777152e-05,7.655013484856262e-05,0.0001218314858024542,1.7693735288058757e-05,2.5159806033136904e-07,2.5159806033136904e-07,6.144174815561658e-07,6.144174815561658e-07,8.660155418875349e-07,8.660155418875349e-07,0.007159196256767216,1.4921401916441892,1.0,0.40021145959540433,1.0020799163578615,1.0,0.0,0.0,action_normalized,0.3284472262311538,0.0,0.14069871838435052,0.6301154757324691,8.30051461196152e-29,0.5397550802947837,2.3455123877977533,0.05673892634684577,0.5919364700212614,0.9103279128855146,1.4320463892394186,1.6204236024415644,3.532800881580863,3.533087560708657,0.0002866791277940095,0.0002866791277940095,28.430247502950664,28.437890885312548
8.0,0.77,6.313931035142344e-05,8.591082838921968e-05,1.3492971457122962e-05,6.328042079370158e-05,8.61028310405475e-05,1.3523126983994628e-05,6.358691346919922e-05,8.651986188077488e-05,1.3588624958224778e-05,1.9200265132782082e-07,1.9200265132782082e-07,4.17030840227378e-07,4.17030840227378e-07,6.090334915551988e-07,6.090334915551988e-07,0.007089135362494327,1.4658274448318904,1.0,0.38241989178356733,1.0022349062967704,1.0,0.0,0.0,action_normalized,0.35292225636203134,0.0,0.1520636193182569,0.6058619550782047,9.732597891744673e-29,0.5891268740470006,2.8676826827286432,0.04473497088292337,0.5580450493789465,0.9133806506450648,1.4452584420889676,1.665287061215118,2.3263362997441352,2.326401252070322,6.495232618686231e-05,6.495232618686231e-05,5.363118376397853,5.363870498984129
8.8,0.77,2.214685772470437e-05,5.8482307832126536e-05,7.0477503040651206e-06,2.2179890787779185e-05,5.85695369003489e-05,7.058262349756823e-06,2.2302683754842883e-05,5.889379130197577e-05,7.097338510434682e-06,8.72290682223654e-08,8.72290682223654e-08,3.242544016268659e-07,3.242544016268659e-07,4.114834698492313e-07,4.114834698492313e-07,0.007036033376630666,1.5482467554553723,1.0,0.43712316521321565,1.0014915462719556,1.0,0.0,0.0,action_normalized,0.23553554640194724,0.0,0.11517223325097901,0.593742823973692,1.248336552252275e-28,0.1526414316992487,0.36027589124483117,0.08885835383790645,0.7386124253724621,0.9135092966591125,1.2831884106522167,1.2087482232265034,1.5836854111193917,1.5836127820430153,-7.262907637639593e-05,7.262907637639593e-05,0.21087706411312476,0.2107103358098491
9.600000000000001,0.77,1.0975147130492073e-05,4.357983829417551e-05,3.956029602874588e-06,1.099184458346927e-05,4.3646140120658466e-05,3.9620482573386255e-06,1.1052676278592048e-05,4.388768908625237e-05,3.983975251467948e-06,6.630182648295803e-08,6.630182648295803e-08,2.4154896559390286e-07,2.4154896559390286e-07,3.078507920768609e-07,3.078507920768609e-07,0.0070640645795605325,1.5480056645464257,1.0,0.4369674344285572,1.0015213876204727,1.0,0.0,0.0,action_normalized,0.24024790327650117,0.0,0.11485685465158924,0.5829075327366252,1.5205403538404686e-28,0.1066533286499557,0.23877254389671365,0.18728807642891,0.8851615244213833,0.9126874965804395,1.3214390645375511,1.1497013156171452,0.9999999984724866,0.9999999984713444,-1.142197447734361e-12,1.142197447734361e-12,1.0000000076375666,1.0000000076432776
10.4,0.77,7.422066822631817e-06,2.9967975633545645e-05,2.1099880989933163e-06,7.434888067564719e-06,3.001974379528859e-05,2.113632996684107e-06,7.474498821924643e-06,3.0179679585392894e-05,2.1248937711137757e-06,5.1768161742944555e-08,5.1768161742944555e-08,1.5993579010430402e-07,1.5993579010430402e-07,2.1170395184724858e-07,2.1170395184724858e-07,0.007064339428061692,1.5229622419775668,1.0,0.42065728173279693,1.001727449407193,1.0,0.0,0.0,action_normalized,0.27278787635026935,0.0,0.12533762689732517,0.5770575888050552,1.8818072723859162e-28,0.19108966093919896,0.472461907610346,0.220824975839357,0.9172112499271792,0.911543283563301,1.3800538869112335,1.2559774722814012,0.4952546080067378,0.4952548732329407,2.652262028890462e-07,2.652262028890462e-07,5.116026402081508,5.116023402554638
11.2,0.77,4.558508374417912e-06,1.6473387120039976e-05,7.956065388971954e-07,4.567280532180967e-06,1.6505087654258545e-05,7.971375629742138e-07,4.5907123731306665e-06,1.6589764867766765e-05,8.012271739492864e-07,3.170053421856889e-08,3.170053421856889e-08,8.467721350822023e-08,8.467721350822023e-08,1.1637774772678912e-07,1.1637774772678912e-07,0.0070645913241008515,1.499419168235305,1.0,0.40507781194222237,1.0019243482829348,1.0,0.0,0.0,action_normalized,0.30388090051971556,0.0,0.1353663151635882,0.5744380158402492,2.5787377290133707e-28,0.26361689275729705,0.7159775670150244,0.25761164719784035,0.9184677639482618,0.9102765275485039,1.425828299165174,1.3404293458524341,0.15211173791988766,0.152111896606771,1.5868688332809633e-07,1.5868688332809633e-07,9.732656966483265,9.732654491189688
12.0,0.77,2.5104954008600457e-06,8.248754488780397e-06,4.859951475504296e-07,2.5156930862214377e-06,8.265832564462735e-06,4.870013433248831e-07,2.5281404242227054e-06,8.30673088085724e-06,4.894109656912351e-07,1.7078075682337975e-08,1.7078075682337975e-08,4.089831639450489e-08,4.089831639450489e-08,5.7976392076842864e-08,5.7976392076842864e-08,0.007028502564320453,1.4779687035454037,1.0,0.3906686474340275,1.0020703823474886,1.0,0.0,0.0,action_normalized,0.3269416756593854,0.0,0.14464355018632655,0.5733930501738425,3.6558279398355724e-28,0.324701506182844,0.9616532811955605,0.21985478162960875,0.87711735448078,0.9093091988944986,1.4365937871190193,1.407463712250409,0.03820530762110557,0.03820261217213292,-2.6954489726477293e-06,2.6954489726477293e-06,11.590529901195797,11.590575784342514
12.8,0.77,6.987822254986868e-07,2.0494121097501023e-06,2.0546750395309558e-07,6.996695161911708e-07,2.052014385858009e-06,2.0572839983340418e-07,7.037124134391832e-07,2.063871531441011e-06,2.069171593295335e-07,2.6022761079068965e-09,2.6022761079068965e-09,1.1857145583001893e-08,1.1857145583001893e-08,1.445942169090879e-08,1.445942169090879e-08,0.007055399752015673,1.5781226258875372,1.0,0.4562359290923607,1.001269767117861,1.0,0.0,0.0,action_normalized,0.2005135861567857,0.0,0.10063809092004923,0.5338322605098711,6.464042583298375e-28,0.11428700520012199,0.2580678072267517,0.17569428045847932,0.7916646581924389,0.9085362197931564,1.2989832372627907,1.1597086448540501,0.00236031927791106,0.002360278668870221,-4.060904083922484e-08,4.060904083922484e-08,12.208729232055887,12.208729941515989
13.600000000000001,0.77,2.2325985825441142e-07,5.624766617974881e-07,8.96456902950544e-08,2.23527632965924e-07,5.631512883381615e-07,8.975321006616234e-08,2.2482889767261172e-07,5.664296700143629e-07,9.027570781295693e-08,6.746265406733238e-10,6.746265406733238e-10,3.2783816762014006e-09,3.2783816762014006e-09,3.953008216874724e-09,3.953008216874724e-09,0.007027861750285294,1.5835144599575646,1.0,0.4596467185984162,1.0011993858349917,1.0,0.0,0.0,action_normalized,0.18939941945020378,0.0,0.09808481357269962,0.5280293728253742,1.1763494224873406e-27,0.11527755794505871,0.2605959846057573,0.14219344601157302,0.6820652232564375,0.9078216652159469,1.263703446289532,1.1610009932696252,0.00017782186594988506,0.00017780908162615296,-1.2784323732099997e-08,1.2784323732099997e-08,12.246888314974726,12.246888538671971
14.4,0.77,1.113329554828638e-07,2.7935764280474436e-07,4.078601457007699e-08,1.1148472146115304e-07,2.797384553482447e-07,4.0841612927049554e-08,1.1211343398402662e-07,2.813160264064281e-07,4.107193716489177e-08,3.8081254350032e-10,3.8081254350032e-10,1.5775710581834027e-09,1.5775710581834027e-09,1.9583836016837227e-09,1.9583836016837227e-09,0.007010309730643472,1.5609164733916419,1.0,0.4452731317042589,1.0013631720960878,1.0,0.0,0.0,action_normalized,0.2152635091038628,0.0,0.10740742647090296,0.5324342729791944,1.7069108964473137e-27,0.19599958236239193,0.48756089689181237,0.14358465010708318,0.6957717563015633,0.9074213114209866,1.3078388927833577,1.2618790978739667,4.386409455381677e-05,4.3859411975855775e-05,-4.6825779609926976e-09,4.6825779609926976e-09,12.24923239037067,12.249232472313219
15.200000000000001,0.77,4.9707145321880156e-08,1.4679865592490398e-07,1.1755440010425372e-08,4.978516408572967e-08,1.4702906645433324e-07,1.1773890977427833e-08,5.0057391810669973e-08,1.4783302861848392e-07,1.1838271192163313e-08,2.3041052942926266e-10,2.3041052942926266e-10,8.039621641506768e-10,8.039621641506768e-10,1.0343726935799395e-09,1.0343726935799395e-09,0.00704620002862343,1.5399344597018174,1.0,0.4317398568847099,1.001569568385879,1.0,0.0,0.0,action_normalized,0.24785630478530235,0.0,0.11619019864791928,0.5367937366735732,2.498950246328401e-27,0.26351295792832896,0.7155942817054621,0.20614409899481195,0.819155070875139,0.9071280439674249,1.3880812714316522,1.3403122806873127,1.2112535478347771e-05,1.2112105748057995e-05,-4.29730289775991e-10,4.29730289775991e-10,12.249788031546084,12.249788039066301
16.0,0.77,2.02356455963879e-08,5.579354548714013e-08,5.2231408568393254e-09,2.0270129199656452e-08,5.5888623377210904e-08,5.232041621396853e-09,2.037764333308709e-08,5.618506040787049e-08,5.259792723299404e-09,9.507789007077394e-11,9.507789007077394e-11,2.9643703065958355e-10,2.9643703065958355e-10,3.915149207303575e-10,3.915149207303575e-10,0.007017208125276747,1.520124718640573,1.0,0.4187923832293445,1.0017041019573256,1.0,0.0,0.0,action_normalized,0.2691009948468271,0.0,0.12459912372608362,0.5406423257224268,4.067449161057865e-27,0.3217878591111364,0.9489298103375201,0.18083051406094844,0.7829543145781938,0.9065614596517599,1.401840136715354,1.4043428740235022,1.7496810827364944e-06,1.7495182794825772e-06,-1.628032539172632e-10,1.628032539172632e-10,12.249969380600184,12.249969383449235
16.8,0.77,9.224533522575721e-09,2.5277255621321193e-08,2.2567889931008407e-09,9.241652649378609e-09,2.5324165803082838e-08,2.260977200216756e-09,9.289215717356712e-09,2.5454499095760937e-08,2.272613540203856e-09,4.6910181761645074e-11,4.6910181761645074e-11,1.3033329267809885e-10,1.3033329267809885e-10,1.7724347443974392e-10,1.7724347443974392e-10,0.007011974602584636,1.5013415333766713,1.0,0.40635906399495303,1.0018558257456587,1.0,0.0,0.0,action_normalized,0.2930602551521353,0.0,0.13268580337603814,0.5471632629446838,6.160512202435792e-27,0.3729068193667717,1.1893186878231288,0.1777839621892827,0.7866680363204087,0.9078948312615304,1.4275664093108087,1.4580718575681215,3.591292815995382e-07,3.590921330866313e-07,-3.7148512906901065e-11,3.7148512906901065e-11,12.249993715238373,12.249993715888474
17.6,0.77,3.484410888318046e-09,7.139226485334223e-09,8.222198924376402e-10,3.4892255624326104e-09,7.1490912946402065e-09,8.233560158626563e-10,3.5088717188711048e-09,7.189344400509826e-09,8.279919388784604e-10,9.864809305983397e-12,9.864809305983397e-12,4.025310586961934e-11,4.025310586961934e-11,5.0117915175602737e-11,5.0117915175602737e-11,0.007020076373618012,1.559816346703205,1.0,0.44456808785883606,1.0013817756484191,1.0,0.0,0.0,action_normalized,0.21820126433529213,0.0,0.10702376707827714,0.5253311760113416,1.0452097502090278e-26,0.2679119024066777,0.7319116463917812,0.1320001313909301,0.6787167217905432,0.9037860142270192,1.3366351644987071,1.345257621215382,5.6207073804593766e-08,5.5421309149153085e-08,-7.85764655440681e-10,7.85764655440681e-10,12.249999016376224,12.249999030127107
18.4,0.77,1.7949803590232282e-09,1.9969300124387082e-09,3.8732741948561017e-10,1.7969745348657373e-09,1.999148549020442e-09,3.877577300342448e-10,1.807523638066096e-09,2.0108845107423702e-09,3.900340540619382e-10,2.2185365817337405e-12,2.2185365817337405e-12,1.173596172192823e-11,1.173596172192823e-11,1.395449830366197e-11,1.395449830366197e-11,0.006987975650994567,1.5896510516836373,1.0,0.463514527796402,1.0011109736284771,1.0,0.0,0.0,action_normalized,0.17543792340978479,0.0,0.09421603304878111,0.5139240325215798,1.686044268142297e-26,0.20297833384972,0.5093420730458487,0.0,0.5139240325215797,0.9043734450498737,1.229970175055255,1.2702190003210754,5.6207073804593766e-08,5.5421309149153085e-08,-7.85764655440681e-10,7.85764655440681e-10,12.249999016376224,12.249999030127107
19.200000000000003,0.77,0.0,0.0,0.0,1e-30,1e-30,1e-30,1.0057161736535278e-30,1.0057161736535278e-30,1.0057161736535278e-30,1e-30,1e-30,5.716173653527695e-33,5.716173653527695e-33,1.0057161736535278e-30,1.0057161736535278e-30,1.0057161736535276,1.5704009692603986,1.0,0.4513309811859851,1.0007338863028497,1.0,0.0,0.0,action_normalized,0.11589067975208274,0.0,0.10217329191624851,0.0,0.0,0.26851220272081255,0.7341536078101636,0.0,0.0,-0.0,1.1342561013604062,1.3459310085035026,5.6207073804593766e-08,5.5421309149153085e-08,-7.85764655440681e-10,7.85764655440681e-10,12.249999016376224,12.249999030127107
20.0,0.77,0.0,0.0,0.0,1e-30,1e-30,1e-30,1.0055641423643005e-30,1.0055641423643005e-30,1.0055641423643005e-30,1e-30,1e-30,5.564142364300414e-33,5.564142364300414e-33,1.0055641423643005e-30,1.0055641423643005e-30,1.0055641423643005,1.5516627094173834,1.0,0.43932707173589636,1.0008103337191063,1.0,0.0,0.0,action_normalized,0.12796277184710375,0.0,0.11002090405486509,0.0,0.0,0.3261537967964966,0.9680363122799913,0.0,0.0,-0.0,1.1630768983982482,1.409016545507328,5.6207073804593766e-08,5.5421309149153085e-08,-7.85764655440681e-10,7.85764655440681e-10,12.249999016376224,12.249999030127107
4.0,0.96,0.0001691005752478701,0.0014915611052314021,0.00033696459314460806,0.00016928227311631294,0.0014931637814675743,0.00033732666020573626,0.00016981307298214856,0.0014978457314454613,0.0003383843784338992,1.6026762361721642e-06,1.6026762361721642e-06,4.681949977887023e-06,4.681949977887023e-06,6.284626214059187e-06,6.284626214059187e-06,0.004213455413939735,1.280917082806759,1.0,0.24757629233153006,1.0010744958624564,1.0,0.0,0.0,action_normalized,0.16967758548882522,0.0,0.07718149434815945,0.7313892702776418,2.877362109397857e-29,0.052928468881864164,0.11177290657100736,0.09029178776792637,0.8828319704467904,0.7588059787526986,1.269745173994611,1.0767321020559757,2.5561561186195507,2.556126411944561,-2.9706674989693482e-05,2.9706674989693482e-05,8.354356066383906,8.35392675247378
4.8,0.96,0.00019615351697383903,0.0015686703167419318,0.00015178530351236938,0.00019638103418530192,0.0015704898074228831,0.0001519613583164277,0.00019714632233438072,0.0015766099362981374,0.00015255354496581538,1.8194906809512919e-06,1.8194906809512919e-06,6.120128875254302e-06,6.120128875254302e-06,7.939619556205594e-06,7.939619556205594e-06,0.0050613691554359744,1.3602809677586774,1.0,0.30769127235057525,1.001159893612783,1.0,0.0,0.0,action_normalized,0.18316305768829874,0.0,0.07111786048012514,0.7486821431717237,2.9937716391922675e-29,0.3330127461264275,0.9985580509745398,0.1957340473559828,1.029502200979848,0.8336837881063457,1.4728154351471714,1.4163259993902102,13.78881717296351,13.788268811369758,-0.0005483615937524888,0.0005483615937524888,959.2674434069722,959.182525892229
5.6,0.96,0.0001571720437145783,0.0013021699004262175,5.952393531880476e-05,0.0001574358656671231,0.0013043556644944086,5.962384953044073e-05,0.0001581498147201121,0.0013102707302100926,5.989423512985569e-05,2.1857640681911296e-06,2.1857640681911296e-06,5.91506571568398e-06,5.91506571568398e-06,8.10082978387511e-06,8.10082978387511e-06,0.006221023678418308,1.4305484675437201,1.0,0.35805791447458585,1.0016785552080998,1.0,0.0,0.0,action_normalized,0.2650668139093178,0.0,0.1092096338293002,0.767479602853294,3.3680440417465187e-29,0.04896323098045846,0.10296811348511037,0.28060102967778355,1.1143509442123047,0.8790038399294478,1.3732196089627513,1.0711593535980681,57.990407957000016,57.98449358396197,-0.0059143730380455395,0.0059143730380455395,20015.464204623066,20011.280713458957
6.4,0.96,0.0001040335719465217,0.0006722747380877421,2.722644131540246e-05,0.00010425034591412028,0.000673675551878568,2.728317284539898e-05,0.00010476579216433809,0.0006770064140837187,2.7418069367937048e-05,1.4008137908258847e-06,1.4008137908258847e-06,3.3308622051506564e-06,3.3308622051506564e-06,4.731675995976541e-06,4.731675995976541e-06,0.007038307001443486,1.4775528482269376,1.0,0.3903872383399466,1.0020836924421859,1.0,0.0,0.0,action_normalized,0.3290435215666146,0.0,0.1316552460415761,0.7152894543876718,4.490444037419857e-29,0.23684225745303278,0.6206901777936342,0.28047183716500834,1.0740879698570285,0.9010338079780355,1.4570610804820259,1.309910589913548,59.894346953249936,59.893624555678294,-0.0007223975716428299,0.0007223975716428299,21384.92890929487,21384.40071037906
7.2,0.96,7.600601658901746e-05,0.00012096545879488791,1.7567958534194983e-05,7.616410273810268e-05,0.00012121705681845771,1.7604498416648983e-05,7.655015857031803e-05,0.00012183147424171103,1.7693730995287022e-05,2.515980235698003e-07,2.515980235698003e-07,6.14417423253316e-07,6.14417423253316e-07,8.660154468231163e-07,8.660154468231163e-07,0.007159196149469031,1.4921401916441892,1.0,0.40021145959540433,1.0020799162511045,1.0,0.0,0.0,action_normalized,0.3284472093727786,0.0,0.14069871838435052,0.6301154054631962,8.300514453206745e-29,0.5397550802947837,2.3455123877977533,0.05673892634684577,0.591936422932302,0.910327911831958,1.4320463774671788,1.6204236024415644,3.5328011885219555,3.533087867430593,0.0002866789086377608,0.0002866789086377608,28.430255686004156,28.437899063622474
8.0,0.96,6.313931211679352e-05,8.591082745550573e-05,1.3492971140633876e-05,6.32804225624764e-05,8.61028301040111e-05,1.3523126666682674e-05,6.358691524654095e-05,8.651986093970245e-05,1.3588624639375954e-05,1.920026485053715e-07,1.920026485053715e-07,4.1703083569134716e-07,4.1703083569134716e-07,6.090334841967187e-07,6.090334841967187e-07,0.00708913535388941,1.4658274448318904,1.0,0.38241989178356733,1.002234906288207,1.0,0.0,0.0,action_normalized,0.3529222550097661,0.0,0.1520636193182569,0.6058619494692741,9.732597877508545e-29,0.5891268740470006,2.8676826827286432,0.04473497088292337,0.5580450474201091,0.9133806496187621,1.4452584415992584,1.665287061215118,2.326336297081102,2.32640124938626,6.495230515790595e-05,6.495230515790595e-05,5.3631183455620475,5.363870467902645
8.8,0.96,2.2146857786225498e-05,5.8482307769758606e-05,7.047750281977032e-06,2.217989084937862e-05,5.856953683785242e-05,7.058262327631507e-06,2.2302683816783347e-05,5.889379123913329e-05,7.0973384881868754e-06,8.72290680938129e-08,8.72290680938129e-08,3.2425440128086986e-07,3.2425440128086986e-07,4.1148346937468276e-07,4.1148346937468276e-07,0.007036033376019785,1.5482467554553723,1.0,0.43712316521321565,1.001491546271348,1.0,0.0,0.0,action_normalized,0.23553554630600115,0.0,0.11517223325097901,0.5937428235549198,1.2483365523058925e-28,0.1526414316992487,0.36027589124483117,0.08885835383790645,0.7386124246303037,0.9135092963692406,1.283188410466677,1.2087482232265034,1.583685409488256,1.5836127804102906,-7.262907796534712e-05,7.262907796534712e-05,0.21087706036792694,0.21071033206248524
9.600000000000001,0.96,1.0975147127036464e-05,4.357983836541372e-05,3.95602958562392e-06,1.0991844580026282e-05,4.3646140192076056e-05,3.9620482400681565e-06,1.1052676275130006e-05,4.38876891580652e-05,3.9839752341019e-06,6.63018266623325e-08,6.63018266623325e-08,2.41548965989142e-07,2.41548965989142e-07,3.078507926514745e-07,3.078507926514745e-07,0.007064064581198497,1.5480056645464257,1.0,0.4369674344285572,1.0015213876221016,1.0,0.0,0.0,action_normalized,0.2402479035337174,0.0,0.11485685465158924,0.5829075340635298,1.520540353855267e-28,0.1066533286499557,0.23877254389671365,0.18728807642891,0.8851615256495696,0.9126874958988278,1.3214390648445977,1.1497013156171452,1.0000000022905233,1.0000000022924282,1.9049206656518436e-12,1.9049206656518436e-12,0.9999999885473829,0.9999999885378583
10.4,0.96,7.422066622450881e-06,2.996797611076026e-05,2.1099881419630517e-06,7.434887867110336e-06,3.0019744273619716e-05,2.1136330397486396e-06,7.474498620402302e-06,3.017968006627242e-05,2.124893814407743e-06,5.176816285945595e-08,5.176816285945595e-08,1.599357926527043e-07,1.599357926527043e-07,2.1170395551216024e-07,2.1170395551216024e-07,0.007064339437862342,1.5229622419775668,1.0,0.42065728173279693,1.0017274494169417,1.0,0.0,0.0,action_normalized,0.2727878778897235,0.0,0.12533762689732517,0.5770575946219046,1.881807269416293e-28,0.19108966093919896,0.472461907610346,0.220824975839357,0.9172112607191568,0.9115432858772285,1.3800538896092278,1.2559774722814012,0.4952546233994157,0.49525488863508405,2.6523566831748724e-07,2.6523566831748724e-07,5.1160262280008295,5.116023228366962
11.2,0.96,4.558508117512843e-06,1.6473387644030034e-05,7.956066136589124e-07,4.567280274823386e-06,1.6505088179408225e-05,7.97137637887105e-07,4.5907121144527455e-06,1.6589765395610657e-05,8.012272492465084e-07,3.1700535378190875e-08,3.1700535378190875e-08,8.467721620243214e-08,8.467721620243214e-08,1.1637775158062301e-07,1.1637775158062301e-07,0.007064591333331391,1.499419168235305,1.0,0.40507781194222237,1.0019243482921183,1.0,0.0,0.0,action_normalized,0.3038809019699095,0.0,0.1353663151635882,0.5744380177994584,2.5787377211559422e-28,0.26361689275729705,0.7159775670150244,0.25761164719784035,0.9184677840687441,0.9102765397777441,1.4258283041952946,1.3404293458524341,0.1521117475188424,0.15211190620851653,1.586896741234689e-07,1.586896741234689e-07,9.73265681675298,9.732654341415886
12.0,0.96,2.5104943204586913e-06,8.248758060828622e-06,4.859951086681578e-07,2.515692004397897e-06,8.265836146583195e-06,4.87001304519816e-07,2.5281393370464355e-06,8.306734480701588e-06,4.894109266941653e-07,1.707808575457277e-08,1.707808575457277e-08,4.089833411839318e-08,4.089833411839318e-08,5.7976419872965947e-08,5.7976419872965947e-08,0.007028502890426874,1.4779687035454037,1.0,0.3906686474340275,1.0020703826719894,1.0,0.0,0.0,action_normalized,0.3269417269024996,0.0,0.14464355018632655,0.5733932192670462,3.6558278246765045e-28,0.324701506182844,0.9616532811955605,0.21985478162960875,0.8771176375719667,0.9093091876423878,1.436593857891816,1.407463712250409,0.03820534071595604,0.03820264528936515,-2.6954265908915587e-06,2.6954265908915587e-06,11.590529337840909,11.590575220605514
12.8,0.96,6.98782114087772e-07,2.0494156478591713e-06,2.0546629356473351e-07,6.996694057322131e-07,2.052017931666487e-06,2.0572718822963528e-07,7.037123023419609e-07,2.063875097738218e-06,2.0691594072475995e-07,2.602283807315685e-09,2.602283807315685e-09,1.1857166071731083e-08,1.1857166071731083e-08,1.4459449879046767e-08,1.4459449879046767e-08,0.00705540132581264,1.5781226258875372,1.0,0.4562359290923607,1.0012697686826164,1.0,0.0,0.0,action_normalized,0.20051383325304872,0.0,0.10063809092004923,0.5338337179380851,6.464042585592889e-28,0.11428700520012199,0.2580678072267517,0.17569428045847932,0.7916661241161201,0.9085354055646903,1.298983603743711,1.1597086448540501,0.0023603274326774704,0.002360286830872075,-4.060180539521008e-08,4.060180539521008e-08,12.208729089588074,12.208729798921759
13.600000000000001,0.96,2.2326444265691616e-07,5.624538293146109e-07,8.965029233705036e-08,2.2353221774378907e-07,5.631284155640576e-07,8.975781557063406e-08,2.2483350914073223e-07,5.664066640865487e-07,9.028034012834392e-08,6.745862494466285e-10,6.745862494466285e-10,3.2782485224911197e-09,3.2782485224911197e-09,3.952834771937748e-09,3.952834771937748e-09,0.007027838670339487,1.5835144599575646,1.0,0.4596467185984162,1.001199362888628,1.0,0.0,0.0,action_normalized,0.1893957959057061,0.0,0.09808481357269962,0.5280098077086517,1.1763493538416385e-27,0.11527755794505871,0.2605959846057573,0.14219344601157302,0.6820332379477909,0.907828637775891,1.2636954499623705,1.1610009932696252,0.0001778074290506389,0.00017779463761545363,-1.2791435185263537e-08,1.2791435185263537e-08,12.246888567588373,12.246888791410061
14.4,0.96,1.1132956876494968e-07,2.793728391653723e-07,4.078358206528348e-08,1.114813336141574e-07,2.797536811759812e-07,4.083917838395203e-08,1.1211002703143693e-07,2.813313380994603e-07,4.106948889230995e-08,3.8084201060892007e-10,3.8084201060892007e-10,1.5776569234790592e-09,1.5776569234790592e-09,1.9584989340879793e-09,1.9584989340879793e-09,0.0070103412340977896,1.5609164733916419,1.0,0.4452731317042589,1.0013632034228763,1.0,0.0,0.0,action_normalized,0.215268456031989,0.0,0.10740742647090296,0.5324574989568465,1.7069095154424582e-27,0.19599958236239193,0.48756089689181237,0.14358465010708318,0.6958126886253156,0.9074136344908245,1.307849125864296,1.2618790978739667,4.3868866916161274e-05,4.386418657322445e-05,-4.680342936822022e-09,4.680342936822022e-09,12.249232306856948,12.249232388760385
15.200000000000001,0.96,4.9705482953775916e-08,1.4681200165545e-07,1.1752072069366868e-08,4.9783503523801014e-08,1.4704244617333823e-07,1.1770518794101053e-08,5.005572216870705e-08,1.4784648149845026e-07,1.1834880569572307e-08,2.3044451788821798e-10,2.3044451788821798e-10,8.040353251120302e-10,8.040353251120302e-10,1.0344798430002482e-09,1.0344798430002482e-09,0.007046289345118031,1.5399344597018174,1.0,0.4317398568847099,1.0015696572166426,1.0,0.0,0.0,action_normalized,0.2478703323772317,0.0,0.11619019864791928,0.5368603257534034,2.4989398734686393e-27,0.26351295792832896,0.7155942817054621,0.20614409899481195,0.8192287236544278,0.9070911801411686,1.3880996846264744,1.3403122806873127,1.2114737927461139e-05,1.2114310267904899e-05,-4.2765955623943206e-10,4.2765955623943206e-10,12.249787993003558,12.249788000487538
16.0,0.96,2.0114244153738322e-08,5.608903233512769e-08,5.239510957435317e-09,2.014855627598306e-08,5.618471247698946e-08,5.248448839420843e-09,2.025542557842083e-08,5.648271998421914e-08,5.276286966315217e-09,9.568014186177307e-11,9.568014186177307e-11,2.980075072296788e-10,2.980075072296788e-10,3.936876490914519e-10,3.936876490914519e-10,0.007018977377594932,1.520124718640573,1.0,0.4187923832293445,1.0017058618749222,1.0,0.0,0.0,action_normalized,0.26937890989412006,0.0,0.12459912372608362,0.5413087322506962,4.06529168475683e-27,0.3217878591111364,0.9489298103375201,0.18083051406094844,0.7863184118128737,0.9072165121343778,1.4026811610240237,1.4043428740235022,1.7682630459193035e-06,1.768104726495792e-06,-1.5831942351151015e-10,1.5831942351151015e-10,12.249969055416233,12.249969058186823
16.8,0.96,9.280470634419696e-09,2.5161429443196977e-08,2.246447868739097e-09,9.297680664669438e-09,2.5208089680473972e-08,2.2506137604592947e-09,9.345532086300405e-09,2.5337825576050086e-08,2.2621967639915013e-09,4.666023727699479e-11,4.666023727699479e-11,1.2973589557611436e-10,1.2973589557611436e-10,1.7639613285310915e-10,1.7639613285310915e-10,0.007010576773920222,1.5013415333766713,1.0,0.40635906399495303,1.0018544350742207,1.0,0.0,0.0,action_normalized,0.2928406491209923,0.0,0.13268580337603814,0.5467997386889124,6.163589550707377e-27,0.3729068193667717,1.1893186878231288,0.1777839621892827,0.7837300268086972,0.9070572320234289,1.4268319069328808,1.4580718575681215,3.5584559683205615e-07,3.5580780019276736e-07,-3.779663928879087e-11,3.779663928879087e-11,12.249993772702846,12.249993773364286
17.6,0.96,3.484410888318046e-09,7.139226485334225e-09,8.222198924376402e-10,3.4892255624326104e-09,7.149091294640208e-09,8.233560158626563e-10,3.5088717188711048e-09,7.1893444005098275e-09,8.279919388784604e-10,9.864809305983397e-12,9.864809305983397e-12,4.025310586961934e-11,4.025310586961934e-11,5.0117915175602737e-11,5.0117915175602737e-11,0.00702007637361801,1.559816346703205,1.0,0.44456808785883606,1.0013817756484191,1.0,0.0,0.0,action_normalized,0.21820126433529213,0.0,0.10702376707827714,0.5253311760113416,1.0452097502090277e-26,0.2679119024066777,0.7319116463917812,0.1320001313909301,0.6787167217905434,0.9037860142270192,1.3366351644987071,1.345257621215382,5.6207073804593766e-08,5.5421309149153085e-08,-7.85764655440681e-10,7.85764655440681e-10,12.249999016376224,12.249999030127107
18.4,0.96,1.7949803590232282e-09,1.9969300124387082e-09,3.8732741948561017e-10,1.7969745348657373e-09,1.999148549020442e-09,3.877577300342448e-10,1.807523638066096e-09,2.0108845107423702e-09,3.900340540619382e-10,2.2185365817337405e-12,2.2185365817337405e-12,1.173596172192823e-11,1.173596172192823e-11,1.395449830366197e-11,1.395449830366197e-11,0.006987975650994567,1.5896510516836373,1.0,0.463514527796402,1.0011109736284771,1.0,0.0,0.0,action_normalized,0.17543792340978479,0.0,0.09421603304878111,0.5139240325215798,1.686044268142297e-26,0.20297833384972,0.5093420730458487,0.0,0.5139240325215797,0.9043734450498737,1.229970175055255,1.2702190003210754,5.6207073804593766e-08,5.5421309149153085e-08,-7.85764655440681e-10,7.85764655440681e-10,12.249999016376224,12.249999030127107
19.200000000000003,0.96,0.0,0.0,0.0,1e-30,1e-30,1e-30,1.0057161736535278e-30,1.0057161736535278e-30,1.0057161736535278e-30,1e-30,1e-30,5.716173653527695e-33,5.716173653527695e-33,1.0057161736535278e-30,1.0057161736535278e-30,1.0057161736535276,1.5704009692603986,1.0,0.4513309811859851,1.0007338863028497,1.0,0.0,0.0,action_normalized,0.11589067975208274,0.0,0.10217329191624851,0.0,0.0,0.26851220272081255,0.7341536078101636,0.0,0.0,-0.0,1.1342561013604062,1.3459310085035026,5.6207073804593766e-08,5.5421309149153085e-08,-7.85764655440681e-10,7.85764655440681e-10,12.249999016376224,12.249999030127107
20.0,0.96,0.0,0.0,0.0,1e-30,1e-30,1e-30,1.0055641423643005e-30,1.0055641423643005e-30,1.0055641423643005e-30,1e-30,1e-30,5.564142364300414e-33,5.564142364300414e-33,1.0055641423643005e-30,1.0055641423643005e-30,1.0055641423643005,1.5516627094173834,1.0,0.43932707173589636,1.0008103337191063,1.0,0.0,0.0,action_normalized,0.12796277184710375,0.0,0.11002090405486509,0.0,0.0,0.3261537967964966,0.9680363122799913,0.0,0.0,-0.0,1.1630768983982482,1.409016545507328,5.6207073804593766e-08,5.5421309149153085e-08,-7.85764655440681e-10,7.85764655440681e-10,12.249999016376224,12.249999030127107
4.0,1.15,0.00017068871601253627,0.0014953215869773688,0.0003353525771836063,0.00017087223534331761,0.001496929311397329,0.00033571313810396627,0.00017140802067940503,0.0015016230685346117,0.00033676579698776094,1.6077244199602572e-06,1.6077244199602572e-06,4.693757137282616e-06,4.693757137282616e-06,6.301481557242873e-06,6.301481557242873e-06,0.004214131336109871,1.280917082806759,1.0,0.24757629233153006,1.0010751696718363,1.0,0.0,0.0,action_normalized,0.16978398920117185,0.0,0.07718149434815945,0.7322110987992148,2.8772534360988044e-29,0.052928468881864164,0.11177290657100736,0.09029178776792637,0.8836057886019614,0.7588119213310857,1.269938628533404,1.0767321020559757,2.593746748934985,2.5937163230056632,-3.0425929321786782e-05,3.0425929321786782e-05,8.90644562870529,8.905991623813508
4.8,1.15,0.0001962886317540673,0.0015687570380625141,0.0001517253069266722,0.0001965163003840981,0.0015705765869712576,0.00015190128804417406,0.00019728211565953275,0.0015766970540225494,0.00015249324060238455,1.8195489087434544e-06,1.8195489087434544e-06,6.1204670512918224e-06,6.1204670512918224e-06,7.940015960035277e-06,7.940015960035277e-06,0.00506134204812337,1.3602809677586774,1.0,0.30769127235057525,1.0011598666106962,1.0,0.0,0.0,action_normalized,0.18315879368965834,0.0,0.07111786048012514,0.7486554516206243,2.993733600474572e-29,0.3330127461264275,0.9985580509745398,0.1957340473559828,1.0294549759836706,0.8337168401535624,1.4728036288981272,1.4163259993902102,13.80110357132823,13.800554285368007,-0.0005492859602238553,0.0005492859602238553,961.1710611675611,961.0859161522425
5.6,1.15,0.00015717979742039184,0.0013021650662586623,5.9522039170118995e-05,0.0001574436308828577,0.0013043508097433307,5.962194962900119e-05,0.00015815761514998547,0.0013102658534434155,5.9892326612635824e-05,2.185743484668396e-06,2.185743484668396e-06,5.915043700084784e-06,5.915043700084784e-06,8.10078718475318e-06,8.10078718475318e-06,0.00622101405932206,1.4305484675437201,1.0,0.35805791447458585,1.0016785456324278,1.0,0.0,0.0,action_normalized,0.26506530177981663,0.0,0.1092096338293002,0.7674719045643225,3.368042368828786e-29,0.04896323098045846,0.10296811348511037,0.28060102967778355,1.114343533227509,0.8790064126589104,1.3732177562165524,1.0711593535980681,57.993405666741744,57.987490570771676,-0.005915095970067341,0.005915095970067341,20017.584781002475,20013.40055685733
6.4,1.15,0.00010403396201761891,0.0006722742281848447,2.7226368037149615e-05,0.00010425073665698472,0.0006736750400019031,2.7283099377550686e-05,0.00010476618483915722,0.0006770058996761757,2.7417995536840778e-05,1.4008118170584895e-06,1.4008118170584895e-06,3.3308596742725885e-06,3.3308596742725885e-06,4.731671491331078e-06,4.731671491331078e-06,0.007038305639213176,1.4775528482269376,1.0,0.3903872383399466,1.0020836910866577,1.0,0.0,0.0,action_normalized,0.32904330751022004,0.0,0.1316552460415761,0.7152885839979638,4.490444037484425e-29,0.23684225745303278,0.6206901777936342,0.28047183716500834,1.0740871357703772,0.9010339172444118,1.4570608719603628,1.309910589913548,59.89449943424885,59.893776993696754,-0.0007224405520958044,0.0007224405520958044,21385.04040039587,21384.512168677044
7.2,1.15,7.600604015083764e-05,0.00012096544732917766,1.7567954273543615e-05,7.616412634081538e-05,0.00012121704531598599,1.7604494145260337e-05,7.655018229266668e-05,0.0001218314626809363,1.7693726702247828e-05,2.5159798680832646e-07,2.5159798680832646e-07,6.144173649503035e-07,6.144173649503035e-07,8.6601535175863e-07,8.6601535175863e-07,0.00715919604217213,1.4921401916441892,1.0,0.40021145959540433,1.0020799161443488,1.0,0.0,0.0,action_normalized,0.3284471925145809,0.0,0.14069871838435052,0.6301153351945272,8.300514294450645e-29,0.5397550802947837,2.3455123877977533,0.05673892634684577,0.5919363758443125,0.9103279107768979,1.4320463656951814,1.6204236024415644,3.532801495522055,3.5330881742115503,0.00028667868949527886,0.00028667868949527886,28.430263870631965,28.43790724350728
8.0,1.15,6.313931388353274e-05,8.591082651781039e-05,1.3492970825640053e-05,6.328042433261941e-05,8.610282916347895e-05,1.3523126350868464e-05,6.358691702525747e-05,8.651985999461493e-05,1.3588624322032128e-05,1.9200264566855653e-07,1.9200264566855653e-07,4.1703083113597687e-07,4.1703083113597687e-07,6.090334768045334e-07,6.090334768045334e-07,0.007089135345220699,1.4658274448318904,1.0,0.38241989178356733,1.00223490627958,1.0,0.0,0.0,action_normalized,0.35292225364740953,0.0,0.1520636193182569,0.6058619438232468,9.732597863210837e-29,0.5891268740470006,2.8676826827286432,0.04473497088292337,0.5580450454295189,0.9133806486124609,1.4452584411016107,1.665287061215118,2.3263362939763566,2.326401246260301,6.495228394465258e-05,6.495228394465258e-05,5.3631183096115675,5.3638704317039965
8.8,1.15,2.214685784525374e-05,5.848230769694607e-05,7.047750266219911e-06,2.217989090847639e-05,5.856953676488239e-05,7.058262311844992e-06,2.2302683876208295e-05,5.889379116575928e-05,7.097338472312962e-06,8.722906793631898e-08,8.722906793631898e-08,3.2425440087689613e-07,3.2425440087689613e-07,4.114834688132151e-07,4.114834688132151e-07,0.007036033375179254,1.5482467554553723,1.0,0.43712316521321565,1.001491546270512,1.0,0.0,0.0,action_normalized,0.2355355461739794,0.0,0.11517223325097901,0.5937428229450346,1.248336552336313e-28,0.1526414316992487,0.36027589124483117,0.08885835383790645,0.7386124237174833,0.9135092962103474,1.2831884102384719,1.2087482232265034,1.5836854067913404,1.583612777711264,-7.262908007632518e-05,7.262908007632518e-05,0.21087705417562647,0.21071032586778815
9.600000000000001,1.15,1.0975147103314057e-05,4.357983838013488e-05,3.9560296052602064e-06,1.0991844556264769e-05,4.364614020680763e-05,3.96204825973323e-06,1.105267625123699e-05,4.3887689172878306e-05,3.983975253875805e-06,6.63018266727544e-08,6.63018266727544e-08,2.41548966070674e-07,2.41548966070674e-07,3.078507927434284e-07,3.078507927434284e-07,0.007064064580922284,1.5480056645464257,1.0,0.4369674344285572,1.001521387621827,1.0,0.0,0.0,action_normalized,0.2402479034903567,0.0,0.11485685465158924,0.5829075337514771,1.5205403536647929e-28,0.1066533286499557,0.23877254389671365,0.18728807642891,0.8851615257376086,0.9126874965345115,1.3214390648666074,1.1497013156171452,1.0000000023405513,1.000000002341942,1.390665360645471e-12,1.390665360645471e-12,0.999999988297243,0.9999999882902897
10.4,1.15,7.422066658148895e-06,2.996797601364601e-05,2.1099881413992246e-06,7.434887902850708e-06,3.0019744176259744e-05,2.1136330391783496e-06,7.474498656333088e-06,3.0179679968393745e-05,2.1248938138344148e-06,5.176816261373508e-08,5.176816261373508e-08,1.5993579213400164e-07,1.5993579213400164e-07,2.1170395474773672e-07,2.1170395474773672e-07,0.007064339435247035,1.5229622419775668,1.0,0.42065728173279693,1.0017274494143402,1.0,0.0,0.0,action_normalized,0.2727878774788885,0.0,0.12533762689732517,0.577057592931858,1.881807269937268e-28,0.19108966093919896,0.472461907610346,0.220824975839357,0.9172112583210936,0.9115432859107953,1.380053889009712,1.2559774722814012,0.4952546201948884,0.4952548854280313,2.652331428931731e-07,2.652331428931731e-07,5.116026264241846,5.116023264636528
11.2,1.15,4.558507945503336e-06,1.6473387994894307e-05,7.956066637176635e-07,4.567280102510903e-06,1.6505088531048976e-05,7.971376880470786e-07,4.590711941256235e-06,1.6589765749055456e-05,8.012272996638213e-07,3.1700536154669366e-08,3.1700536154669366e-08,8.467721800648018e-08,8.467721800648018e-08,1.1637775416114955e-07,1.1637775416114955e-07,0.007064591339511895,1.499419168235305,1.0,0.40507781194222237,1.0019243482982672,1.0,0.0,0.0,action_normalized,0.3038809029409095,0.0,0.1353663151635882,0.5744380191112788,2.5787377158948826e-28,0.26361689275729705,0.7159775670150244,0.25761164719784035,0.918467797540719,0.9102765479660164,1.4258283075632885,1.3404293458524341,0.1521117539463142,0.15211191263785692,1.5869154271208608e-07,1.5869154271208608e-07,9.7326567164934,9.732654241127172
12.0,1.15,2.510495328037432e-06,8.24875582258322e-06,4.859948246617664e-07,2.5156930138246127e-06,8.265833902921445e-06,4.870010198793303e-07,2.5281403514676697e-06,8.306732225938477e-06,4.894106406453136e-07,1.707808033822567e-08,1.707808033822567e-08,4.089832301703199e-08,4.089832301703199e-08,5.797640335525766e-08,5.797640335525766e-08,0.007028502795116257,1.4779687035454037,1.0,0.3906686474340275,1.0020703825771482,1.0,0.0,0.0,action_normalized,0.32694171192577376,0.0,0.14464355018632655,0.5733931918164403,3.655827919347863e-28,0.324701506182844,0.9616532811955605,0.21985478162960875,0.8771174745944522,0.9093091085329047,1.4365938171474373,1.407463712250409,0.038205320027879554,0.03820262459552101,-2.695432358541805e-06,2.695432358541805e-06,11.59052969000231,11.590575572865795
12.8,1.15,6.987869942908909e-07,2.0494001751985883e-06,2.054667591201027e-07,6.99674289635207e-07,2.0520024320364384e-06,2.0572765364199344e-07,7.037172144655898e-07,2.0638595085467262e-06,2.0691640882640825e-07,2.6022568378501717e-09,2.6022568378501717e-09,1.1857076510287782e-08,1.1857076510287782e-08,1.4459333348137954e-08,1.4459333348137954e-08,0.007055397732039734,1.5781226258875372,1.0,0.4562359290923607,1.0012697651094902,1.0,0.0,0.0,action_normalized,0.2005132690075814,0.0,0.10063809092004923,0.5338309384688805,6.464045736679871e-28,0.11428700520012199,0.2580678072267517,0.17569428045847932,0.7916609183428122,0.9085356473596236,1.298982302300384,1.1597086448540501,0.0023602917909310737,0.002360251172896315,-4.0618034758549415e-08,4.0618034758549415e-08,12.208729712267067,12.208730421884306
13.600000000000001,1.15,2.2326504628754285e-07,5.624569606910205e-07,8.964851752866282e-08,2.2353282317724518e-07,5.63131553414018e-07,8.975603906680513e-08,2.2483411809871538e-07,5.664098202034829e-07,9.027855328260913e-08,6.745927229974659e-10,6.745927229974659e-10,3.2782667894648527e-09,3.2782667894648527e-09,3.952859512462319e-09,3.952859512462319e-09,0.007027843530651544,1.5835144599575646,1.0,0.4596467185984162,1.0011993677208095,1.0,0.0,0.0,action_normalized,0.18939655897322397,0.0,0.09808481357269962,0.5280144042176392,1.1763500476558172e-27,0.11527755794505871,0.2605959846057573,0.14219344601157302,0.6820383978019674,0.9078257102949417,1.2636967399259147,1.1610009932696252,0.0001778094091310109,0.00017779661926953488,-1.278986147602878e-08,1.278986147602878e-08,12.24688853294137,12.246888756735519
14.4,1.15,1.1132302383562819e-07,2.793722809925046e-07,4.079033527350661e-08,1.1147477685522663e-07,2.7975311494555386e-07,4.0845939732808104e-08,1.1210343329599139e-07,2.813307686758047e-07,4.107628837145546e-08,3.808339530492436e-10,3.808339530492436e-10,1.577653730250822e-09,1.577653730250822e-09,1.9584876833000655e-09,1.9584876833000655e-09,0.007010314968766034,1.5609164733916419,1.0,0.4452731317042589,1.001363177304836,1.0,0.0,0.0,action_normalized,0.21526433163637712,0.0,0.10740742647090296,0.5324317635008772,1.706898290350664e-27,0.19599958236239193,0.48756089689181237,0.14358465010708318,0.6958003123615081,0.9074386346533779,1.307846031798344,1.2618790978739667,4.386869151691531e-05,4.3864008904554434e-05,-4.6826123608777106e-09,4.6826123608777106e-09,12.24923230992634,12.249232391869487
15.200000000000001,1.15,4.969772536692294e-08,1.4680130875622545e-07,1.1764016004544827e-08,4.977572358399255e-08,1.4703170643060456e-07,1.1782479068340168e-08,5.004789968780521e-08,1.4783568303027528e-07,1.1846906243178995e-08,2.3039767437910503e-10,2.3039767437910503e-10,8.039765996707169e-10,8.039765996707169e-10,1.034374274049822e-09,1.034374274049822e-09,0.007046083463516512,1.5399344597018174,1.0,0.4317398568847099,1.0015694524546896,1.0,0.0,0.0,action_normalized,0.2478379976656752,0.0,0.11619019864791928,0.5366846136752041,2.4989162444577245e-27,0.26351295792832896,0.7155942817054621,0.20614409899481195,0.8191392184055508,0.9072322927890679,1.388077308314255,1.3403122806873127,1.2112973248474918e-05,1.2112540698614061e-05,-4.3254986085678284e-10,4.3254986085678284e-10,12.249788023885175,12.249788031454731
16.0,1.15,2.0119165877670456e-08,5.6102756675483905e-08,5.233263130426666e-09,2.015349252802628e-08,5.61984773293175e-08,5.242191949583008e-09,2.0260388012678067e-08,5.6496557846253e-08,5.269996889511366e-09,9.572065383359249e-11,9.572065383359249e-11,2.980805169355052e-10,2.980805169355052e-10,3.938011707690977e-10,3.938011707690977e-10,0.0070192837946799706,1.520124718640573,1.0,0.4187923832293445,1.0017061666753253,1.0,0.0,0.0,action_normalized,0.2694270420445303,0.0,0.12459912372608362,0.5415380917654619,4.0653501833273724e-27,0.3217878591111364,0.9489298103375201,0.18083051406094844,0.7864859789681974,0.9070387885450729,1.4027230528128547,1.4043428740235022,1.769128499001359e-06,1.7689711786198424e-06,-1.5732038151654556e-10,1.5732038151654556e-10,12.249969040270827,12.24996904302393
16.8,1.15,9.259520015784744e-09,2.4922048524967845e-08,2.3106554340027726e-09,9.27660425707426e-09,2.4968030853393482e-08,2.314918699798855e-09,9.324347206915039e-09,2.509653126276985e-08,2.3268326549819375e-09,4.5982328425636776e-11,4.5982328425636776e-11,1.2850040937636712e-10,1.2850040937636712e-10,1.744827378020039e-10,1.744827378020039e-10,0.007001139478048947,1.5013415333766713,1.0,0.40635906399495303,1.0018450460996242,1.0,0.0,0.0,action_normalized,0.29135800168101983,0.0,0.13268580337603814,0.5406675176797071,6.163537510326898e-27,0.3729068193667717,1.1893186878231288,0.1777839621892827,0.777435420037646,0.911122478736495,1.425258255240118,1.4580718575681215,3.491069144859379e-07,3.4906329095328635e-07,-4.362353265153956e-11,4.362353265153956e-11,12.249993890629757,12.249993891393165
17.6,1.15,3.4844108883180457e-09,7.139226485334225e-09,8.222198924376402e-10,3.48922556243261e-09,7.149091294640208e-09,8.233560158626563e-10,3.5088717188711043e-09,7.1893444005098275e-09,8.279919388784604e-10,9.864809305983397e-12,9.864809305983397e-12,4.025310586961934e-11,4.025310586961934e-11,5.0117915175602737e-11,5.0117915175602737e-11,0.00702007637361801,1.559816346703205,1.0,0.44456808785883606,1.0013817756484191,1.0,0.0,0.0,action_normalized,0.21820126433529213,0.0,0.10702376707827714,0.5253311760113416,1.0452097502090277e-26,0.2679119024066777,0.7319116463917812,0.1320001313909301,0.6787167217905434,0.9037860142270192,1.3366351644987071,1.345257621215382,5.6207073804593766e-08,5.5421309149153085e-08,-7.85764655440681e-10,7.85764655440681e-10,12.249999016376224,12.249999030127107
18.4,1.15,1.7949803590232282e-09,1.9969300124387082e-09,3.8732741948561017e-10,1.7969745348657373e-09,1.999148549020442e-09,3.877577300342448e-10,1.807523638066096e-09,2.0108845107423702e-09,3.900340540619382e-10,2.2185365817337405e-12,2.2185365817337405e-12,1.173596172192823e-11,1.173596172192823e-11,1.395449830366197e-11,1.395449830366197e-11,0.006987975650994567,1.5896510516836373,1.0,0.463514527796402,1.0011109736284771,1.0,0.0,0.0,action_normalized,0.17543792340978479,0.0,0.09421603304878111,0.5139240325215798,1.686044268142297e-26,0.20297833384972,0.5093420730458487,0.0,0.5139240325215797,0.9043734450498737,1.229970175055255,1.2702190003210754,5.6207073804593766e-08,5.5421309149153085e-08,-7.85764655440681e-10,7.85764655440681e-10,12.249999016376224,12.249999030127107
19.200000000000003,1.15,0.0,0.0,0.0,1e-30,1e-30,1e-30,1.0057161736535278e-30,1.0057161736535278e-30,1.0057161736535278e-30,1e-30,1e-30,5.716173653527695e-33,5.716173653527695e-33,1.0057161736535278e-30,1.0057161736535278e-30,1.0057161736535276,1.5704009692603986,1.0,0.4513309811859851,1.0007338863028497,1.0,0.0,0.0,action_normalized,0.11589067975208274,0.0,0.10217329191624851,0.0,0.0,0.26851220272081255,0.7341536078101636,0.0,0.0,-0.0,1.1342561013604062,1.3459310085035026,5.6207073804593766e-08,5.5421309149153085e-08,-7.85764655440681e-10,7.85764655440681e-10,12.249999016376224,12.249999030127107
20.0,1.15,0.0,0.0,0.0,1e-30,1e-30,1e-30,1.0055641423643005e-30,1.0055641423643005e-30,1.0055641423643005e-30,1e-30,1e-30,5.564142364300414e-33,5.564142364300414e-33,1.0055641423643005e-30,1.0055641423643005e-30,1.0055641423643005,1.5516627094173834,1.0,0.43932707173589636,1.0008103337191063,1.0,0.0,0.0,action_normalized,0.12796277184710375,0.0,0.11002090405486509,0.0,0.0,0.3261537967964966,0.9680363122799913,0.0,0.0,-0.0,1.1630768983982482,1.409016545507328,5.6207073804593766e-08,5.5421309149153085e-08,-7.85764655440681e-10,7.85764655440681e-10,12.249999016376224,12.249999030127107
4.0,1.34,0.00017227966142033398,0.0014990162446540378,0.000333751236390994,0.00017246500432279154,0.0015006289249862644,0.00033411029457779053,0.00017300578392995678,0.0015053342825962989,0.0003351579276008557,1.6126803322265466e-06,1.6126803322265466e-06,4.705357610034497e-06,4.705357610034497e-06,6.318037942261044e-06,6.318037942261044e-06,0.004214789509315292,1.280917082806759,1.0,0.24757629233153006,1.001075825787731,1.0,0.0,0.0,action_normalized,0.16988759887033703,0.0,0.07718149434815945,0.7330125001913349,2.8771429231891344e-29,0.052928468881864164,0.11177290657100736,0.09029178776792637,0.8843552012381466,0.7588189001171098,1.2701259816924502,1.0767321020559757,2.631578497961627,2.631547339420553,-3.1158541073939006e-05,3.1158541073939006e-05,9.479909979008855,9.479430307711516
4.8,1.34,0.0001964237570903091,0.0015688434427182862,0.0001516653511057574,0.00019665157712632522,0.0015706630493428524,0.0001518412585736887,0.000197417919569203,0.0015767838533341577,0.00015243297719972468,1.8196066245662439e-06,1.8196066245662439e-06,6.120803991305256e-06,6.120803991305256e-06,7.9404106158715e-06,7.9404106158715e-06,0.005061314851221482,1.3602809677586774,1.0,0.30769127235057525,1.0011598395193682,1.0,0.0,0.0,action_normalized,0.18315451559861173,0.0,0.07111786048012514,0.7486286511226398,2.9936955766213254e-29,0.3330127461264275,0.9985580509745398,0.1957340473559828,1.02940766330775,0.8337498815379351,1.472791800729147,1.4163259993902102,13.813392089846168,13.812841878414435,-0.0005502114317330609,0.0005502114317330609,963.0768948515962,962.9915218657449
5.6,1.34,0.0001571875510568684,0.0013021602309697738,5.952014313828802e-05,0.0001574513960289446,0.00130434595386875,5.962004984463153e-05,0.0001581654155098953,0.0013102609755481405,5.989041821301673e-05,2.185722898976174e-06,2.185722898976174e-06,5.915021679390488e-06,5.915021679390488e-06,8.100744578366662e-06,8.100744578366662e-06,0.00622100443993263,1.4305484675437201,1.0,0.35805791447458585,1.001678536056464,1.0,0.0,0.0,action_normalized,0.2650637896042271,0.0,0.1092096338293002,0.7674642060164139,3.368040696104277e-29,0.04896323098045846,0.10296811348511037,0.28060102967778355,1.1143361220277939,0.8790089850902472,1.3732159034166236,1.0711593535980681,57.99640331389466,57.990487494936936,-0.005915818957724639,0.005915818957724639,20019.70542543141,20015.52046821633
6.4,1.34,0.00010403435208787475,0.0006722737182801057,2.7226294759302388e-05,0.00010425112739900537,0.0006736745281233968,2.7283025910109158e-05,0.00010476657751312838,0.0006770053852667823,2.7417921706153287e-05,1.4008098432910943e-06,1.4008098432910943e-06,3.3308571433855218e-06,3.3308571433855218e-06,4.731666986676616e-06,4.731666986676616e-06,0.007038304276986694,1.4775528482269376,1.0,0.3903872383399466,1.0020836897311334,1.0,0.0,0.0,action_normalized,0.32904309345437216,0.0,0.1316552460415761,0.7152877136107867,4.4904440375513653e-29,0.23684225745303278,0.6206901777936342,0.28047183716500834,1.074086301683963,0.901034026507519,1.4570606634387593,1.309910589913548,59.8946519142389,59.89392943070599,-0.0007224835329111556,0.0007224835329111556,21385.151891049827,21384.623626527577
7.2,1.34,7.600606371287709e-05,0.0001209654358632232,1.7567950012952227e-05,7.616414994374759e-05,0.00012121703381326918,1.7604489873931743e-05,7.655020601523596e-05,0.00012183145111991523,1.769372240926899e-05,2.515979500459717e-07,2.515979500459717e-07,6.144173066460577e-07,6.144173066460577e-07,8.660152566920294e-07,8.660152566920294e-07,0.007159195934872184,1.4921401916441892,1.0,0.40021145959540433,1.00207991603759,1.0,0.0,0.0,action_normalized,0.32844717565589543,0.0,0.14069871838435052,0.6301152649238909,8.30051413569167e-29,0.5397550802947837,2.3455123877977533,0.05673892634684577,0.5919363287547263,0.9103279097226568,1.4320463539227848,1.6204236024415644,3.532801802494156,3.533088480964496,0.00028667847033991833,0.00028667847033991833,28.430272054514504,28.43791542264638
8.0,1.34,6.313931565229087e-05,8.591082558240335e-05,1.3492970508759048e-05,6.328042610478858e-05,8.610282822524393e-05,1.3523126033163441e-05,6.358691880600998e-05,8.651985905183565e-05,1.3588624002788332e-05,1.920026428405778e-07,1.920026428405778e-07,4.1703082659171964e-07,4.1703082659171964e-07,6.090334694322974e-07,6.090334694322974e-07,0.007089135336595374,1.4658274448318904,1.0,0.38241989178356733,1.0022349062709963,1.0,0.0,0.0,action_normalized,0.35292225229196705,0.0,0.1520636193182569,0.605861938201521,9.732597848944864e-29,0.5891268740470006,2.8676826827286432,0.04473497088292337,0.5580450434646992,0.9133806475859758,1.4452584406104059,1.665287061215118,2.326336291280967,2.3264012435438284,6.495226286151734e-05,6.495226286151734e-05,5.363118278401101,5.3638704002471975
8.8,1.34,2.2146857907199702e-05,5.848230761854747e-05,7.0477502504623235e-06,2.217989097049449e-05,5.8569536686313366e-05,7.058262296057455e-06,2.2302683938569744e-05,5.889379108675529e-05,7.097338456438022e-06,8.722906776589595e-08,8.722906776589595e-08,3.24254400441921e-07,3.24254400441921e-07,4.1148346820781695e-07,4.1148346820781695e-07,0.007036033374259608,1.5482467554553723,1.0,0.43712316521321565,1.0014915462695975,1.0,0.0,0.0,action_normalized,0.23553554602954874,0.0,0.11517223325097901,0.5937428222744027,1.2483365523651834e-28,0.1526414316992487,0.36027589124483117,0.08885835383790645,0.7386124227298875,0.9135092960609229,1.283188409991573,1.2087482232265034,1.5836854037920298,1.5836127747096505,-7.262908237937182e-05,7.262908237937182e-05,0.21087704728900672,0.21071031897860554
9.600000000000001,1.34,1.097514712342376e-05,4.35798383273272e-05,3.956029599315189e-06,1.0991844576397487e-05,4.364614015388951e-05,3.962048253776435e-06,1.1052676271481127e-05,4.3887689119667324e-05,3.983975247886044e-06,6.630182656231485e-08,6.630182656231485e-08,2.4154896577781066e-07,2.4154896577781066e-07,3.078507923401255e-07,3.078507923401255e-07,0.007064064580227789,1.5480056645464257,1.0,0.4369674344285572,1.0015213876211362,1.0,0.0,0.0,action_normalized,0.24024790338124413,0.0,0.11485685465158924,0.5829075332578755,1.520540353805889e-28,0.1066533286499557,0.23877254389671365,0.18728807642891,0.8851615249852637,0.9126874964153702,1.3214390646785212,1.1497013156171452,1.0000000001069425,1.0000000001070415,9.903189379656396e-14,9.903189379656396e-14,0.9999999994652873,0.9999999994647921
10.4,1.34,7.422066683292962e-06,2.9967975942332868e-05,2.109988140872866e-06,7.434887928024375e-06,3.001974410476755e-05,2.1136330386471486e-06,7.474498681640872e-06,3.0179679896520662e-05,2.124893813300384e-06,5.176816243468248e-08,5.176816243468248e-08,1.5993579175311125e-07,1.5993579175311125e-07,2.1170395418779374e-07,2.1170395418779374e-07,0.007064339433372942,1.5229622419775668,1.0,0.42065728173279693,1.0017274494124762,1.0,0.0,0.0,action_normalized,0.27278787718455894,0.0,0.12533762689732517,0.5770575917210782,1.8818072703105042e-28,0.19108966093919896,0.472461907610346,0.220824975839357,0.9172112566030783,0.9115432859348431,1.3800538885802083,1.2559774722814012,0.4952546178427229,0.49525488307405613,2.65231333229643e-07,2.65231333229643e-07,5.116026290843232,5.116023291258372
11.2,1.34,4.5585079061044325e-06,1.6473388549208365e-05,7.956065820611202e-07,4.567280063213903e-06,1.6505089087071967e-05,7.971376062644176e-07,4.590711901757627e-06,1.658976630793105e-05,8.012272174615849e-07,3.170053786360238e-08,3.170053786360238e-08,8.467722085908386e-08,8.467722085908386e-08,1.1637775872268624e-07,1.1637775872268624e-07,0.007064591378698393,1.499419168235305,1.0,0.40507781194222237,1.0019243483372537,1.0,0.0,0.0,action_normalized,0.30388090909741805,0.0,0.1353663151635882,0.5744380451886095,2.5787377112613698e-28,0.26361689275729705,0.7159775670150244,0.25761164719784035,0.9184678186239549,0.9102765333800876,1.4258283128340974,1.3404293458524341,0.15211176426750533,0.1521119229708642,1.587033588712483e-07,1.587033588712483e-07,9.732656555497236,9.732654079946712
12.0,1.34,2.5104946310683556e-06,8.248758411778193e-06,4.859948555054508e-07,2.515692315914428e-06,8.26583649912609e-06,4.870010508840303e-07,2.5281396501043117e-06,8.306734834988822e-06,4.894106718034211e-07,1.7078087347897647e-08,1.7078087347897647e-08,4.089833586273217e-08,4.089833586273217e-08,5.797642321062982e-08,5.797642321062982e-08,0.007028502996020196,1.4779687035454037,1.0,0.3906686474340275,1.0020703827770627,1.0,0.0,0.0,action_normalized,0.326941743495006,0.0,0.14464355018632655,0.5733932928741707,3.655827839750819e-28,0.324701506182844,0.9616532811955605,0.21985478162960875,0.8771176603749923,0.9093091132841704,1.4365938635925724,1.407463712250409,0.03820534400723588,0.038202648588413324,-2.695418822556972e-06,2.695418822556972e-06,11.590529281815316,11.590575164447577
12.8,1.34,6.987857618056051e-07,2.049403004697858e-06,2.0546715984402822e-07,6.996730557984693e-07,2.0520052657547054e-06,2.0572805493752498e-07,7.037159734993788e-07,2.063862358639055e-06,2.06916812440744e-07,2.60226105684759e-09,2.60226105684759e-09,1.1857092884349448e-08,1.1857092884349448e-08,1.4459353941197038e-08,1.4459353941197038e-08,0.00705539803935672,1.5781226258875372,1.0,0.4562359290923607,1.0012697654150415,1.0,0.0,0.0,action_normalized,0.20051331725833113,0.0,0.10063809092004923,0.5338310741540279,6.464044880359168e-28,0.11428700520012199,0.2580678072267517,0.17569428045847932,0.7916617090311255,0.9085359274228134,1.2989824999724624,1.1597086448540501,0.00236029830672431,0.0023602576900177198,-4.061670659007144e-08,4.061670659007144e-08,12.208729598432924,12.20873030802696
13.600000000000001,1.34,2.2326027653039694e-07,5.624688926071745e-07,8.964879024970119e-08,2.235280494409619e-07,5.631435040284999e-07,8.975631281424715e-08,2.248293165721564e-07,5.664218403883917e-07,9.027882862367017e-08,6.746114213253743e-10,6.746114213253743e-10,3.278336359891818e-09,3.278336359891818e-09,3.952947781217192e-09,3.952947781217192e-09,0.007027851376623438,1.5835144599575646,1.0,0.4596467185984162,1.0011993755213704,1.0,0.0,0.0,action_normalized,0.1893977907884109,0.0,0.09808481357269962,0.5280200178677648,1.1763485914681163e-27,0.11527755794505871,0.2605959846057573,0.14219344601157302,0.6820527031709029,0.9078265178511955,1.2637003162681486,1.1610009932696252,0.00017781695324201976,0.00017780416560842286,-1.2787633596906276e-08,1.2787633596906276e-08,12.246888400936193,12.246888624691357
14.4,1.34,1.1132200550824039e-07,2.7938109279183366e-07,4.078798001323329e-08,1.1147375955620811e-07,2.79761944821612e-07,4.084358214730531e-08,1.1210241025996583e-07,2.813396483475082e-07,4.1073917490466875e-08,3.808520297783178e-10,3.808520297783178e-10,1.577703525896205e-09,1.577703525896205e-09,1.958555555674523e-09,1.958555555674523e-09,0.007010336798753375,1.5609164733916419,1.0,0.4452731317042589,1.0013631990124046,1.0,0.0,0.0,action_normalized,0.21526775955821503,0.0,0.10740742647090296,0.5324487619568599,1.7068990887588825e-27,0.19599958236239193,0.48756089689181237,0.14358465010708318,0.695825588940341,0.9074306784218721,1.3078523509430522,1.2618790978739667,4.387145895867788e-05,4.386677795278799e-05,-4.681005889892555e-09,4.681005889892555e-09,12.249232261497623,12.249232343412665
15.200000000000001,1.34,4.96978704732193e-08,1.4681049173589056e-07,1.1760387509510896e-08,4.977587289750477e-08,1.4704091557813774e-07,1.1778845820250241e-08,5.0048049817771054e-08,1.4784494253387996e-07,1.1843253128309881e-08,2.3042384224717992e-10,2.3042384224717992e-10,8.040269557422146e-10,8.040269557422146e-10,1.0344507979893946e-09,1.0344507979893946e-09,0.007046163974781536,1.5399344597018174,1.0,0.4317398568847099,1.001569532528109,1.0,0.0,0.0,action_normalized,0.24785064235326396,0.0,0.11619019864791928,0.5367477912957755,2.4989136366137626e-27,0.26351295792832896,0.7155942817054621,0.20614409899481195,0.8191942230531922,0.9071911271062632,1.3880910594761655,1.3403122806873127,1.2114488725317218e-05,1.2114058058325789e-05,-4.3066699142844554e-10,4.3066699142844554e-10,12.24978799736456,12.249788004901168
16.0,1.34,2.0122682869662414e-08,5.611256388852416e-08,5.228798524556936e-09,2.0157019902703727e-08,5.6208313494714986e-08,5.2377208650255016e-09,2.0263934096788887e-08,5.650644618333566e-08,5.265502090019585e-09,9.574960619082741e-11,9.574960619082741e-11,2.981326886206762e-10,2.981326886206762e-10,3.938822948115036e-10,3.938822948115036e-10,0.007019502719462411,1.520124718640573,1.0,0.4187923832293445,1.0017063844450425,1.0,0.0,0.0,action_normalized,0.26946143085987523,0.0,0.12459912372608362,0.541701954482529,4.0653919981264135e-27,0.3217878591111364,0.9489298103375201,0.18083051406094844,0.7866056950592111,0.9069116642859908,1.4027529818356081,1.4043428740235022,1.769747068839483e-06,1.7695904628648536e-06,-1.5660597462939734e-10,1.5660597462939734e-10,12.249969029445866,12.24996903218647
16.8,1.34,9.352782009881095e-09,2.5011697896849683e-08,2.233079625335666e-09,9.370110429307548e-09,2.5058038460680472e-08,2.2372169761602227e-09,9.41833461779633e-09,2.5187002102998644e-08,2.2487310318335908e-09,4.634056383078848e-11,4.634056383078848e-11,1.2896364231817203e-10,1.2896364231817203e-10,1.753042061489605e-10,1.753042061489605e-10,0.007008888675688056,1.5013415333766713,1.0,0.40635906399495303,1.0018527556194665,1.0,0.0,0.0,action_normalized,0.2925754402564792,0.0,0.13268580337603814,0.5464254269588575,6.1676467753726905e-27,0.3729068193667717,1.1893186878231288,0.1777839621892827,0.779941435308551,0.9059371661224406,1.4258847590578443,1.4580718575681215,3.5162304044585706e-07,3.5158451355371316e-07,-3.852689214390271e-11,3.852689214390271e-11,12.249993846597564,12.249993847271783
17.6,1.34,3.484410888318046e-09,7.139226485334223e-09,8.222198924376402e-10,3.4892255624326104e-09,7.1490912946402065e-09,8.233560158626563e-10,3.5088717188711048e-09,7.189344400509826e-09,8.279919388784604e-10,9.864809305983397e-12,9.864809305983397e-12,4.025310586961934e-11,4.025310586961934e-11,5.0117915175602737e-11,5.0117915175602737e-11,0.007020076373618012,1.559816346703205,1.0,0.44456808785883606,1.0013817756484191,1.0,0.0,0.0,action_normalized,0.21820126433529213,0.0,0.10702376707827714,0.5253311760113416,1.0452097502090278e-26,0.2679119024066777,0.7319116463917812,0.1320001313909301,0.6787167217905432,0.9037860142270192,1.3366351644987071,1.345257621215382,5.6207073804593766e-08,5.5421309149153085e-08,-7.85764655440681e-10,7.85764655440681e-10,12.249999016376224,12.249999030127107
18.4,1.34,1.7949803590232282e-09,1.9969300124387082e-09,3.8732741948561017e-10,1.7969745348657373e-09,1.999148549020442e-09,3.877577300342448e-10,1.807523638066096e-09,2.0108845107423702e-09,3.900340540619382e-10,2.2185365817337405e-12,2.2185365817337405e-12,1.173596172192823e-11,1.173596172192823e-11,1.395449830366197e-11,1.395449830366197e-11,0.006987975650994567,1.5896510516836373,1.0,0.463514527796402,1.0011109736284771,1.0,0.0,0.0,action_normalized,0.17543792340978479,0.0,0.09421603304878111,0.5139240325215798,1.686044268142297e-26,0.20297833384972,0.5093420730458487,0.0,0.5139240325215797,0.9043734450498737,1.229970175055255,1.2702190003210754,5.6207073804593766e-08,5.5421309149153085e-08,-7.85764655440681e-10,7.85764655440681e-10,12.249999016376224,12.249999030127107
19.200000000000003,1.34,0.0,0.0,0.0,1e-30,1e-30,1e-30,1.0057161736535278e-30,1.0057161736535278e-30,1.0057161736535278e-30,1e-30,1e-30,5.716173653527695e-33,5.716173653527695e-33,1.0057161736535278e-30,1.0057161736535278e-30,1.0057161736535276,1.5704009692603986,1.0,0.4513309811859851,1.0007338863028497,1.0,0.0,0.0,action_normalized,0.11589067975208274,0.0,0.10217329191624851,0.0,0.0,0.26851220272081255,0.7341536078101636,0.0,0.0,-0.0,1.1342561013604062,1.3459310085035026,5.6207073804593766e-08,5.5421309149153085e-08,-7.85764655440681e-10,7.85764655440681e-10,12.249999016376224,12.249999030127107
20.0,1.34,0.0,0.0,0.0,1e-30,1e-30,1e-30,1.0055641423643005e-30,1.0055641423643005e-30,1.0055641423643005e-30,1e-30,1e-30,5.564142364300414e-33,5.564142364300414e-33,1.0055641423643005e-30,1.0055641423643005e-30,1.0055641423643005,1.5516627094173834,1.0,0.43932707173589636,1.0008103337191063,1.0,0.0,0.0,action_normalized,0.12796277184710375,0.0,0.11002090405486509,0.0,0.0,0.3261537967964966,0.9680363122799913,0.0,0.0,-0.0,1.1630768983982482,1.409016545507328,5.6207073804593766e-08,5.5421309149153085e-08,-7.85764655440681e-10,7.85764655440681e-10,12.249999016376224,12.249999030127107
4.0,1.53,0.00017387333880179367,0.0015026456270817725,0.0003321607154432916,0.00017406050722593966,0.0015042631713010812,0.0003325182745613321,0.00017460628967664747,0.001508979924418872,0.00033356091566176066,1.6175442193087052e-06,1.6175442193087052e-06,4.716753117790882e-06,4.716753117790882e-06,6.334297337099587e-06,6.334297337099587e-06,0.004215429921026137,1.280917082806759,1.0,0.24757629233153006,1.00107646419765,1.0,0.0,0.0,action_normalized,0.16998841252387165,0.0,0.07718149434815945,0.7337934177862434,2.8770304892944045e-29,0.052928468881864164,0.11177290657100736,0.09029178776792637,0.8850803758025219,0.758827091095509,1.270307275333544,1.0767321020559757,2.669646112893075,2.669614208293838,-3.1904599237186915e-05,3.1904599237186915e-05,10.075007824903096,10.074501486884932
4.8,1.53,0.00019655889291713153,0.0015689295309817973,0.00015160543605118862,0.00019678686434645623,0.0015707491948106856,0.00015178126990656422,0.00019755373399760908,0.0015768703345070446,0.0001523727547594346,1.8196638288882523e-06,1.8196638288882523e-06,6.121139696359072e-06,6.121139696359072e-06,7.940803525247325e-06,7.940803525247325e-06,0.005061287564826551,1.3602809677586774,1.0,0.30769127235057525,1.0011598123388943,1.0,0.0,0.0,action_normalized,0.18315022343022522,0.0,0.07111786048012514,0.748601741785833,2.993657567633182e-29,0.3330127461264275,0.9985580509745398,0.1957340473559828,1.02936026305976,0.8337829122749575,1.4727799506671495,1.4163259993902102,13.825682714850911,13.825131576842567,-0.0005511380083440542,0.0005511380083440542,964.9849433134043,964.8993418865641
5.6,1.53,0.00015719530462393548,0.0013021553945598374,5.951824722330873e-05,0.0001574591611053112,0.0013043410968709525,5.961815017732865e-05,0.00015817321579976866,0.0013102560965245552,5.988850993099531e-05,2.185702311115114e-06,2.185702311115114e-06,5.91499965360261e-06,5.91499965360261e-06,8.100701964717724e-06,8.100701964717724e-06,0.006220994820250292,1.4305484675437201,1.0,0.35805791447458585,1.0016785264802086,1.0,0.0,0.0,action_normalized,0.26506227738258625,0.0,0.1092096338293002,0.767456507209771,3.368039023572999e-29,0.04896323098045846,0.10296811348511037,0.28060102967778355,1.1143287106132855,0.8790115572234122,1.3732140505629964,1.0711593535980681,57.99940089845018,57.99348435644918,-0.005916542001003222,0.005916542001003222,20021.826137896765,20017.64044752286
6.4,1.53,0.00010403474215719093,0.000672273208373244,2.722622148192537e-05,0.00010425151814008364,0.0006736740162427667,2.728295244313909e-05,0.0001047669701861525,0.0006770048708552546,2.741784787593959e-05,1.400807869522615e-06,1.400807869522615e-06,3.3308546124879383e-06,3.3308546124879383e-06,4.731662482010553e-06,4.731662482010553e-06,0.007038302914763113,1.4775528482269376,1.0,0.3903872383399466,1.002083688375612,1.0,0.0,0.0,action_normalized,0.3290428793990035,0.0,0.1316552460415761,0.7152868432258086,4.490444037620735e-29,0.23684225745303278,0.6206901777936342,0.28047183716500834,1.0740854675977176,0.9010341357676511,1.457060454917198,1.309910589913548,59.89480439295721,59.894081866443074,-0.0007225265141386217,0.0007225265141386217,21385.26338106454,21384.7350837384
7.2,1.53,7.600608727404467e-05,0.00012096542439756656,1.756794575258709e-05,7.616417354580626e-05,0.00012121702231085107,1.7604485602829913e-05,7.655022973692727e-05,0.00012183143955919439,1.7693718116518068e-05,2.515979132845114e-07,2.515979132845114e-07,6.144172483433163e-07,6.144172483433163e-07,8.660151616278277e-07,8.660151616278277e-07,0.0071591958275744215,1.4921401916441892,1.0,0.40021145959540433,1.0020799159308333,1.0,0.0,0.0,action_normalized,0.32844715879758524,0.0,0.14069871838435052,0.6301151946548642,8.30051397693748e-29,0.5397550802947837,2.3455123877977533,0.05673892634684577,0.591936281666024,0.910327908669056,1.4320463421506093,1.6204236024415644,3.5328021094317967,3.53308878768298,0.00028667825118322554,0.00028667825118322554,28.430280237479515,28.43792360086778
8.0,1.53,6.313931741925957e-05,8.59108246442703e-05,1.3492970193872364e-05,6.32804278751612e-05,8.610282728427255e-05,1.3523125717456526e-05,6.358692058495722e-05,8.651985810630677e-05,1.358862368555232e-05,1.9200264000224492e-07,1.9200264000224492e-07,4.170308220342216e-07,4.170308220342216e-07,6.090334620364665e-07,6.090334620364665e-07,0.007089135327920346,1.4658274448318904,1.0,0.38241989178356733,1.002234906262363,1.0,0.0,0.0,action_normalized,0.3529222509286233,0.0,0.1520636193182569,0.6058619325518196,9.732597834640713e-29,0.5891268740470006,2.8676826827286432,0.04473497088292337,0.558045041471163,0.9133806465813729,1.4452584401120219,1.665287061215118,2.3263362881363197,2.3264012403779497,6.49522416300563e-05,6.49522416300563e-05,5.363118241988591,5.363870363586274
8.8,1.53,2.2146857972329627e-05,5.8482307540217285e-05,7.0477502321363354e-06,2.217989103570206e-05,5.8569536607814845e-05,7.0582622776979265e-06,2.2302684004138314e-05,5.889379100782218e-05,7.097338437976851e-06,8.722906759756001e-08,8.722906759756001e-08,3.242544000073321e-07,3.242544000073321e-07,4.114834676048921e-07,4.114834676048921e-07,0.007036033373374023,1.5482467554553723,1.0,0.43712316521321565,1.0014915462687168,1.0,0.0,0.0,action_normalized,0.23553554589050044,0.0,0.11517223325097901,0.5937428216360034,1.2483365524023064e-28,0.1526414316992487,0.36027589124483117,0.08885835383790645,0.7386124217557754,0.9135092958654363,1.2831884097480448,1.2087482232265034,1.583685400999389,1.583612771914777,-7.262908461203033e-05,7.262908461203033e-05,0.2108770408769149,0.21071031256392472
9.600000000000001,1.53,1.097514713937607e-05,4.35798382909594e-05,3.956029595148473e-06,1.0991844592368364e-05,4.3646140117443745e-05,3.962048249601325e-06,1.1052676287540392e-05,4.3887689083019854e-05,3.9839752436878276e-06,6.630182648434716e-08,6.630182648434716e-08,2.415489655761084e-07,2.415489655761084e-07,3.0785079206045556e-07,3.0785079206045556e-07,0.007064064579705404,1.5480056645464257,1.0,0.4369674344285572,1.0015213876206168,1.0,0.0,0.0,action_normalized,0.2402479032992314,0.0,0.11485685465158924,0.5829075328868677,1.5205403539119413e-28,0.1066533286499557,0.23877254389671365,0.18728807642891,0.885161524419776,0.9126874963258197,1.3214390645371494,1.1497013156171452,0.9999999985710005,0.9999999985701277,-8.728573419602981e-13,8.728573419602981e-13,1.0000000071449966,1.000000007149361
10.4,1.53,7.422066698272933e-06,2.996797587290715e-05,2.109988139363075e-06,7.434887943019826e-06,3.001974403517992e-05,2.1136330371317935e-06,7.474498696716214e-06,3.0179679826562293e-05,2.1248938117769552e-06,5.176816227277044e-08,5.176816227277044e-08,1.599357913823717e-07,1.599357913823717e-07,2.1170395365514215e-07,2.1170395365514215e-07,0.007064339431964614,1.5229622419775668,1.0,0.42065728173279693,1.0017274494110753,1.0,0.0,0.0,action_normalized,0.2727878769633309,0.0,0.12533762689732517,0.577057590811015,1.8818072705910408e-28,0.19108966093919896,0.472461907610346,0.220824975839357,0.9172112553117598,0.9115432859529183,1.3800538882573787,1.2559774722814012,0.4952546155615997,0.49525488079157254,2.6522997281785976e-07,2.6522997281785976e-07,5.116026316641176,5.116023317071695
11.2,1.53,4.55850826933179e-06,1.6473387521730898e-05,7.956065666794266e-07,4.56728042693689e-06,1.650508805688243e-05,7.971375908176338e-07,4.590712267346648e-06,1.6589765272456258e-05,8.012272019355533e-07,3.1700535151531634e-08,3.1700535151531634e-08,8.467721557382866e-08,8.467721557382866e-08,1.163777507253603e-07,1.163777507253603e-07,0.00706459133386138,1.499419168235305,1.0,0.40507781194222237,1.0019243482926457,1.0,0.0,0.0,action_normalized,0.3038809020531749,0.0,0.1353663151635882,0.5744380203614855,2.5787377246665034e-28,0.26361689275729705,0.7159775670150244,0.25761164719784035,0.9184677763506895,0.9102765313075124,1.425828302265781,1.3404293458524341,0.15211174530907887,0.1521119039989104,1.5868983152533822e-07,1.5868983152533822e-07,9.732656851222206,9.732654375882651
12.0,1.53,2.510495040651734e-06,8.24875566999673e-06,4.85995059390614e-07,2.5156927256236874e-06,8.265833749295435e-06,4.870012550515233e-07,2.528140061840762e-06,8.306732071552345e-06,4.894108769811096e-07,1.7078079298704486e-08,1.7078079298704486e-08,4.08983222569097e-08,4.08983222569097e-08,5.797640155561419e-08,5.797640155561419e-08,0.007028502706958851,1.4779687035454037,1.0,0.3906686474340275,1.0020703824894248,1.0,0.0,0.0,action_normalized,0.3269416980730346,0.0,0.14464355018632655,0.5733931288894097,3.6558279026691803e-28,0.324701506182844,0.9616532811955605,0.21985478162960875,0.8771174609399315,0.9093091761411265,1.4365938137338072,1.407463712250409,0.03820531857701918,0.038202623138083786,-2.6954389353919805e-06,2.6954389353919805e-06,11.590529714699482,11.590575597674972
12.8,1.53,6.987852418857462e-07,2.0494063235063287e-06,2.0546643992315397e-07,6.996725360522679e-07,2.0520085912227632e-06,2.0572733434769537e-07,7.037154507499302e-07,2.06386570332265e-06,2.0691608768713337e-07,2.6022677164344972e-09,2.6022677164344972e-09,1.1857112099886897e-08,1.1857112099886897e-08,1.4459379816321394e-08,1.4459379816321394e-08,0.007055399239513834,1.5781226258875372,1.0,0.4562359290923607,1.0012697666083035,1.0,0.0,0.0,action_normalized,0.20051350569069298,0.0,0.10063809092004923,0.533832135936488,6.464044596535675e-28,0.11428700520012199,0.2580678072267517,0.17569428045847932,0.7916629950631761,0.908535452845318,1.298982821480475,1.1597086448540501,0.002360305954272825,0.0023602653430592467,-4.06112135782101e-08,4.06112135782101e-08,12.20872946482646,12.208730174324522
13.600000000000001,1.53,2.232610521873227e-07,5.624688831972289e-07,8.96475643025798e-08,2.2352882648881403e-07,5.631434957677294e-07,8.975508558171172e-08,2.2483009814358772e-07,5.664218320795311e-07,9.027759424680827e-08,6.746125705004795e-10,6.746125705004795e-10,3.278336311801734e-09,3.278336311801734e-09,3.952948882302214e-09,3.952948882302214e-09,0.007027853451790182,1.5835144599575646,1.0,0.4596467185984162,1.0011993775845267,1.0,0.0,0.0,action_normalized,0.1893981165890087,0.0,0.09808481357269962,0.528022204735102,1.1763492076420526e-27,0.11527755794505871,0.2605959846057573,0.14219344601157302,0.6820541640823212,0.9078245806981249,1.263700681496003,1.1610009932696252,0.0001778169474603173,0.00017780416055989534,-1.2786900421965161e-08,1.2786900421965161e-08,12.246888401037362,12.246888624779698
14.4,1.53,1.1132123591249421e-07,2.7938770589495537e-07,4.078620812271061e-08,1.1147299072779289e-07,2.7976857149851497e-07,4.0841808506857085e-08,1.1210163709578114e-07,2.8134631239522486e-07,4.107213384766187e-08,3.8086560355959516e-10,3.8086560355959516e-10,1.5777408967098935e-09,1.5777408967098935e-09,1.9586065002694887e-09,1.9586065002694887e-09,0.00701035320790346,1.5609164733916419,1.0,0.4452731317042589,1.0013632153295349,1.0,0.0,0.0,action_normalized,0.21527033625616493,0.0,0.10740742647090296,0.5324615394485438,1.7068996890526815e-27,0.19599958236239193,0.48756089689181237,0.14358465010708318,0.6958445880980939,0.9074246974636635,1.3078571007324904,1.2618790978739667,4.387353593329951e-05,4.386885613546574e-05,-4.679797833769699e-09,4.679797833769699e-09,12.249232225151708,12.249232307045604
15.200000000000001,1.53,4.969943543930482e-08,1.4682169477065802e-07,1.1758004737706234e-08,4.977744331098869e-08,1.4705214503281573e-07,1.1776460016256783e-08,5.0049628818353115e-08,1.4785623339176822e-07,1.1840854278622887e-08,2.3045026215771685e-10,2.3045026215771685e-10,8.040883589524858e-10,8.040883589524858e-10,1.0345386211102026e-09,1.0345386211102026e-09,0.00704622448832373,1.5399344597018174,1.0,0.4317398568847099,1.0015695927125599,1.0,0.0,0.0,action_normalized,0.24786014630076098,0.0,0.11619019864791928,0.5367952764117886,2.4989116779549847e-27,0.26351295792832896,0.7155942817054621,0.20614409899481195,0.8192355631069402,0.9071601771312148,1.3881013944896026,1.3403122806873127,1.2116337699854602e-05,1.2115908423224693e-05,-4.2927662990868264e-10,4.2927662990868264e-10,12.249787965007787,12.24978797252006
16.0,1.53,2.0165899259331023e-08,5.592745925340518e-08,5.235984898689021e-09,2.0200277153853984e-08,5.6022801805226224e-08,5.244910964135255e-09,2.0307420787318944e-08,5.6319950527324525e-08,5.272730325900321e-09,9.534255182104576e-11,9.534255182104576e-11,2.9714872209830083e-10,2.9714872209830083e-10,3.924912739193466e-10,3.924912739193466e-10,0.0070178634817109,1.520124718640573,1.0,0.4187923832293445,1.001704753856045,1.0,0.0,0.0,action_normalized,0.26920393856636043,0.0,0.12459912372608362,0.5407907963487949,4.066279029378257e-27,0.3217878591111364,0.9489298103375201,0.18083051406094844,0.7845588602554318,0.9070493063017797,1.4022412731346634,1.4043428740235022,1.7580902120904716e-06,1.7579289144708891e-06,-1.6129761958248803e-10,1.6129761958248803e-10,12.249969233440604,12.24996923626331
16.8,1.53,9.37282974009124e-09,2.4970186065191604e-08,2.229373390522328e-09,9.390191160771186e-09,2.5016438682251314e-08,2.233502889335261e-09,9.4385186967057e-09,2.5145188227246815e-08,2.2449978300980354e-09,4.625261705971042e-11,4.625261705971042e-11,1.2874954499550048e-10,1.2874954499550048e-10,1.750021620552109e-10,1.750021620552109e-10,0.007008444454451367,1.5013415333766713,1.0,0.40635906399495303,1.0018523136727517,1.0,0.0,0.0,action_normalized,0.2925056508286252,0.0,0.13268580337603814,0.5463407869798486,6.168787517735958e-27,0.3729068193667717,1.1893186878231288,0.1777839621892827,0.7788930551818256,0.9056192077685916,1.425622664026163,1.4580718575681215,3.504568338471491e-07,3.5041812557510187e-07,-3.870827204725352e-11,3.870827204725352e-11,12.249993867006175,12.249993867683566
17.6,1.53,3.484410888318046e-09,7.139226485334225e-09,8.222198924376402e-10,3.4892255624326104e-09,7.149091294640208e-09,8.233560158626563e-10,3.5088717188711048e-09,7.1893444005098275e-09,8.279919388784604e-10,9.864809305983397e-12,9.864809305983397e-12,4.025310586961934e-11,4.025310586961934e-11,5.0117915175602737e-11,5.0117915175602737e-11,0.00702007637361801,1.559816346703205,1.0,0.44456808785883606,1.0013817756484191,1.0,0.0,0.0,action_normalized,0.21820126433529213,0.0,0.10702376707827714,0.5253311760113416,1.0452097502090277e-26,0.2679119024066777,0.7319116463917812,0.1320001313909301,0.6787167217905434,0.9037860142270192,1.3366351644987071,1.345257621215382,5.6207073804593766e-08,5.5421309149153085e-08,-7.85764655440681e-10,7.85764655440681e-10,12.249999016376224,12.249999030127107
18.4,1.53,1.7949803590232282e-09,1.9969300124387082e-09,3.8732741948561017e-10,1.7969745348657373e-09,1.999148549020442e-09,3.877577300342448e-10,1.807523638066096e-09,2.0108845107423702e-09,3.900340540619382e-10,2.2185365817337405e-12,2.2185365817337405e-12,1.173596172192823e-11,1.173596172192823e-11,1.395449830366197e-11,1.395449830366197e-11,0.006987975650994567,1.5896510516836373,1.0,0.463514527796402,1.0011109736284771,1.0,0.0,0.0,action_normalized,0.17543792340978479,0.0,0.09421603304878111,0.5139240325215798,1.686044268142297e-26,0.20297833384972,0.5093420730458487,0.0,0.5139240325215797,0.9043734450498737,1.229970175055255,1.2702190003210754,5.6207073804593766e-08,5.5421309149153085e-08,-7.85764655440681e-10,7.85764655440681e-10,12.249999016376224,12.249999030127107
19.200000000000003,1.53,0.0,0.0,0.0,1e-30,1e-30,1e-30,1.0057161736535278e-30,1.0057161736535278e-30,1.0057161736535278e-30,1e-30,1e-30,5.716173653527695e-33,5.716173653527695e-33,1.0057161736535278e-30,1.0057161736535278e-30,1.0057161736535276,1.5704009692603986,1.0,0.4513309811859851,1.0007338863028497,1.0,0.0,0.0,action_normalized,0.11589067975208274,0.0,0.10217329191624851,0.0,0.0,0.26851220272081255,0.7341536078101636,0.0,0.0,-0.0,1.1342561013604062,1.3459310085035026,5.6207073804593766e-08,5.5421309149153085e-08,-7.85764655440681e-10,7.85764655440681e-10,12.249999016376224,12.249999030127107
20.0,1.53,0.0,0.0,0.0,1e-30,1e-30,1e-30,1.0055641423643005e-30,1.0055641423643005e-30,1.0055641423643005e-30,1e-30,1e-30,5.564142364300414e-33,5.564142364300414e-33,1.0055641423643005e-30,1.0055641423643005e-30,1.0055641423643005,1.5516627094173834,1.0,0.43932707173589636,1.0008103337191063,1.0,0.0,0.0,action_normalized,0.12796277184710375,0.0,0.11002090405486509,0.0,0.0,0.3261537967964966,0.9680363122799913,0.0,0.0,-0.0,1.1630768983982482,1.409016545507328,5.6207073804593766e-08,5.5421309149153085e-08,-7.85764655440681e-10,7.85764655440681e-10,12.249999016376224,12.249999030127107
4.0,1.72,0.00017546967634369186,0.0015062102895496698,0.00033058115034984557,0.00017565867208203684,0.0015078326059048824,0.0003309372143142591,0.00017620946572308125,0.0015125605513074526,0.00033197489785739847,1.622316355212594e-06,1.622316355212594e-06,4.7279454025701915e-06,4.7279454025701915e-06,6.350261757782786e-06,6.350261757782786e-06,0.004216052567056491,1.280917082806759,1.0,0.24757629233153006,1.00107708489742,1.0,0.0,0.0,action_normalized,0.17008642950276653,0.0,0.07718149434815945,0.7345538063160009,2.8769160575943875e-29,0.052928468881864164,0.11177290657100736,0.09029178776792637,0.8857814836599387,0.758836664738964,1.2704825522978982,1.0767321020559757,2.70794422947878,2.7079115652906447,-3.2664188135189676e-05,3.2664188135189676e-05,10.691988171417746,10.691454141381403
4.8,1.72,0.00019669403916908887,0.0015690153031258096,0.00015154556176445792,0.0001969221619789513,0.0015708350236479885,0.00015172132204432166,0.00019768955887895575,0.0015769564978155063,0.00015231257328304122,1.8197205221789393e-06,1.8197205221789393e-06,6.121474167517741e-06,6.121474167517741e-06,7.94119468969668e-06,7.94119468969668e-06,0.005061260189034578,1.3602809677586774,1.0,0.30769127235057525,1.0011597850693703,1.0,0.0,0.0,action_normalized,0.18314591719958478,0.0,0.07111786048012514,0.7485747237184399,2.9936195735108464e-29,0.3330127461264275,0.9985580509745398,0.1957340473559828,1.0293127753474058,0.8338159323800195,1.472768078739061,1.4163259993902102,13.837975432668275,13.837423366978138,-0.0005520656901367715,0.0005520656901367715,966.8952053978721,966.8093750590862
5.6,1.72,0.00015720305812159702,0.0013021505570288893,5.951635142517858e-05,0.0001574669261119614,0.0013043362387499746,5.961625062709e-05,0.00015818101601960946,0.001310251216372696,5.988660176656898e-05,2.185681721085216e-06,2.185681721085216e-06,5.914977622721368e-06,5.914977622721368e-06,8.100659343806584e-06,8.100659343806584e-06,0.006220985200275012,1.4305484675437201,1.0,0.35805791447458585,1.0016785169036615,1.0,0.0,0.0,action_normalized,0.26506076511489307,0.0,0.1092096338293002,0.7674488081443888,3.3680373512349457e-29,0.04896323098045846,0.10296811348511037,0.28060102967778355,1.1143212989839744,0.8790141290584583,1.3732121976556688,1.0711593535980681,58.00239842037685,57.996481155276946,-0.005917265099903091,0.005917265099903091,20023.946918369245,20019.760494747614
6.4,1.72,0.0001040351322255933,0.0006722726984645482,2.722614820498002e-05,0.00010425190888024552,0.0006736735043603023,2.7282878976601892e-05,0.00010476736285825571,0.0006770043564418835,2.74177740461609e-05,1.4008058957541356e-06,1.4008058957541356e-06,3.3308520815812474e-06,3.3308520815812474e-06,4.731657977335383e-06,4.731657977335383e-06,0.007038301552543122,1.4775528482269376,1.0,0.3903872383399466,1.002083687020094,1.0,0.0,0.0,action_normalized,0.32904266534419185,0.0,0.1316552460415761,0.715285972843389,4.4904440376924884e-29,0.23684225745303278,0.6206901777936342,0.28047183716500834,1.0740846335117982,0.9010342450245737,1.4570602463957183,1.309910589913548,59.894956870581844,59.894234301086065,-0.0007225694957782025,0.0007225694957782025,21385.374870570184,21384.84654043971
7.2,1.72,7.600611083566206e-05,0.00012096541293186556,1.7567941492032634e-05,7.616419714831574e-05,0.00012121701080838861,1.7604481331538377e-05,7.655025345907166e-05,0.00012183142799842897,1.7693713823576476e-05,2.515978765230511e-07,2.515978765230511e-07,6.14417190040358e-07,6.14417190040358e-07,8.660150665634091e-07,8.660150665634091e-07,0.007159195720277472,1.4921401916441892,1.0,0.40021145959540433,1.0020799158240774,1.0,0.0,0.0,action_normalized,0.328447141939366,0.0,0.14069871838435052,0.630115124386121,8.300513818182094e-29,0.5397550802947837,2.3455123877977533,0.05673892634684577,0.5919362345779086,0.910327907614417,1.4320463303785804,1.6204236024415644,3.5328024164102216,3.5330890944422584,0.0002866780320367468,0.0002866780320367468,28.430288421533007,28.43793178017809
8.0,1.72,6.313931918440703e-05,8.591082371023913e-05,1.3492969877840782e-05,6.328042964371225e-05,8.610282634741733e-05,1.3523125400602958e-05,6.358692236207409e-05,8.651985716491397e-05,1.3588623367164102e-05,1.9200263717819642e-07,1.9200263717819642e-07,4.1703081749664577e-07,4.1703081749664577e-07,6.090334546748422e-07,6.090334546748422e-07,0.007089135319305006,1.4658274448318904,1.0,0.38241989178356733,1.0022349062537892,1.0,0.0,0.0,action_normalized,0.3529222495747306,0.0,0.1520636193182569,0.605861926937138,9.73259782039683e-29,0.5891268740470006,2.8676826827286432,0.04473497088292337,0.5580450395063701,0.9133806455596446,1.4452584396208237,1.665287061215118,2.3263362853869025,2.3264012376074708,6.495222056823735e-05,6.495222056823735e-05,5.363118210152532,5.363870331504085
8.8,1.72,2.2146858031798164e-05,5.848230747383244e-05,7.047750213527136e-06,2.217989109524354e-05,5.856953654128938e-05,7.058262259055957e-06,2.230268406400943e-05,5.889379094092841e-05,7.097338419231676e-06,8.722906745693899e-08,8.722906745693899e-08,3.2425439963902863e-07,3.2425439963902863e-07,4.114834670959676e-07,4.114834670959676e-07,0.007036033372658619,1.5482467554553723,1.0,0.43712316521321565,1.0014915462680054,1.0,0.0,0.0,action_normalized,0.2355355457781501,0.0,0.11517223325097901,0.5937428211290104,1.2483365524436778e-28,0.1526414316992487,0.36027589124483117,0.08885835383790645,0.7386124209402581,0.9135092956445207,1.2831884095441657,1.2087482232265034,1.583685398875857,1.5836127697894216,-7.262908643546062e-05,7.262908643546062e-05,0.21087703600114205,0.2107103076858947
9.600000000000001,1.72,1.0975147126460696e-05,4.3579838326135254e-05,3.9560295976674344e-06,1.0991844579439041e-05,4.364614015269575e-05,3.962048252126174e-06,1.1052676274539515e-05,4.3887689118466956e-05,3.983975246226649e-06,6.630182656049881e-08,6.630182656049881e-08,2.415489657712038e-07,2.415489657712038e-07,3.078507923317026e-07,3.078507923317026e-07,0.007064064580227722,1.5480056645464257,1.0,0.4369674344285572,1.0015213876211362,1.0,0.0,0.0,action_normalized,0.24024790338125795,0.0,0.11485685465158924,0.5829075332674515,1.5205403538261085e-28,0.1066533286499557,0.23877254389671365,0.18728807642891,0.8851615249535911,0.9126874963593192,1.3214390646706031,1.1497013156171452,1.000000000104734,1.000000000104833,9.903189379656396e-14,9.903189379656396e-14,0.9999999994763296,0.9999999994758344
10.4,1.72,7.422066713765913e-06,2.9967975834253866e-05,2.1099881392735357e-06,7.4348879585314694e-06,3.001974399642716e-05,2.113633037039797e-06,7.474498712310498e-06,3.017967978760307e-05,2.1248938116844686e-06,5.176816217329489e-08,5.176816217329489e-08,1.5993579117590912e-07,1.5993579117590912e-07,2.11703953349204e-07,2.11703953349204e-07,0.0070643394308675025,1.5229622419775668,1.0,0.42065728173279693,1.001727449409984,1.0,0.0,0.0,action_normalized,0.2727878767909787,0.0,0.12533762689732517,0.5770575901020123,1.8818072708095983e-28,0.19108966093919896,0.472461907610346,0.220824975839357,0.9172112543057322,0.9115432859670002,1.3800538880058717,1.2559774722814012,0.49525461428494955,0.4952548795138631,2.6522891355407197e-07,2.6522891355407197e-07,5.116026331079219,5.116023331521713
11.2,1.72,4.558508463204259e-06,1.6473386745956647e-05,7.956065592201136e-07,4.567280621044118e-06,1.6505087279115466e-05,7.971375833198254e-07,4.590712462449717e-06,1.658976449069906e-05,8.012271943992784e-07,3.1700533158818863e-08,3.1700533158818863e-08,8.467721158359536e-08,8.467721158359536e-08,1.1637774474241422e-07,1.1637774474241422e-07,0.0070645913033626105,1.499419168235305,1.0,0.40507781194222237,1.0019243482623026,1.0,0.0,0.0,action_normalized,0.3038808972616153,0.0,0.1353663151635882,0.5744380030992003,2.578737733178877e-28,0.26361689275729705,0.7159775670150244,0.25761164719784035,0.9184677489531516,0.9102765313006054,1.4258282954163966,1.3404293458524341,0.15211173099062797,0.15211188967125652,1.586806285536202e-07,1.586806285536202e-07,9.732657074570042,9.732654599374012
12.0,1.72,2.510495903196621e-06,8.248754468793814e-06,4.859948668798594e-07,2.5156935897939327e-06,8.265832545078414e-06,4.870010621111392e-07,2.5281409302868147e-06,8.306730861377008e-06,4.894106830860804e-07,1.7078076284600424e-08,1.7078076284600424e-08,4.0898316298593654e-08,4.0898316298593654e-08,5.797639258319408e-08,5.797639258319408e-08,0.007028502642735559,1.4779687035454037,1.0,0.3906686474340275,1.0020703824255175,1.0,0.0,0.0,action_normalized,0.3269416879812033,0.0,0.14464355018632655,0.5733931122694725,3.6558279716753496e-28,0.324701506182844,0.9616532811955605,0.21985478162960875,0.8771173442640625,0.9093091157940293,1.43659378456484,1.407463712250409,0.038205307480708266,0.038202612037685796,-2.695443022469879e-06,2.695443022469879e-06,11.590529903585699,11.590575786631135
12.8,1.72,6.987844758669166e-07,2.0494078504462116e-06,2.0546678754952487e-07,6.996717691114232e-07,2.0520101202500503e-06,2.0572768243036348e-07,7.037146793774746e-07,2.063867241185109e-06,2.06916437781126e-07,2.6022698038387755e-09,2.6022698038387755e-09,1.1857120935058448e-08,1.1857120935058448e-08,1.4459390738897223e-08,1.4459390738897223e-08,0.007055399312415546,1.5781226258875372,1.0,0.4562359290923607,1.0012697666807864,1.0,0.0,0.0,action_normalized,0.20051351713673207,0.0,0.10063809092004923,0.533832109370819,6.464044055353213e-28,0.11428700520012199,0.2580678072267517,0.17569428045847932,0.7916633816583125,0.9085356925196222,1.2989829181292591,1.1597086448540501,0.002360309469983995,0.0023602688590516124,-4.061093238257041e-08,4.061093238257041e-08,12.20872940340524,12.208730112898387
13.600000000000001,1.72,2.2326097685107758e-07,5.624671636841482e-07,8.964892113695143e-08,2.2352875027252775e-07,5.631417722028306e-07,8.975644372634765e-08,2.248300214836088e-07,5.664200984809101e-07,9.027896029787463e-08,6.746085186823774e-10,6.746085186823774e-10,3.2783262780795163e-09,3.2783262780795163e-09,3.952934796761894e-09,3.952934796761894e-09,0.007027849894152493,1.5835144599575646,1.0,0.4596467185984162,1.0011993740474798,1.0,0.0,0.0,action_normalized,0.18939755804095185,0.0,0.09808481357269962,0.5280188698716575,1.176348742105466e-27,0.11527755794505871,0.2605959846057573,0.14219344601157302,0.6820502890714052,0.9078266326762775,1.263699712743274,1.1610009932696252,0.00017781586007442477,0.00017780307199596524,-1.2788078459531746e-08,1.2788078459531746e-08,12.246888420064193,12.246888643827148
14.4,1.72,1.1131778408205825e-07,2.793856995637378e-07,4.079043472895838e-08,1.1146953210162625e-07,2.797665571863901e-07,4.0846040108983494e-08,1.1209815896486483e-07,2.813442867234873e-07,4.107638931369728e-08,3.8085762265232404e-10,3.8085762265232404e-10,1.5777295370971983e-09,1.5777295370971983e-09,1.9585871597495224e-09,1.9585871597495224e-09,0.007010334325657563,1.5609164733916419,1.0,0.4452731317042589,1.0013631965531773,1.0,0.0,0.0,action_normalized,0.21526737121263134,0.0,0.10740742647090296,0.5324438879238529,1.706893269656828e-27,0.19599958236239193,0.48756089689181237,0.14358465010708318,0.6958327902085736,0.9074401899535026,1.3078541512601103,1.2618790978739667,4.3872905743734615e-05,4.38682243680108e-05,-4.681375723816783e-09,4.681375723816783e-09,12.249232236179681,12.24923231810119
15.200000000000001,1.72,4.969935956280208e-08,1.468265967665568e-07,1.1755841992615058e-08,4.9777369645645694e-08,1.4705706160711338e-07,1.1774294427733089e-08,5.00495547502044e-08,1.4786117685013585e-07,1.1838676848554674e-08,2.3046484055657147e-10,2.3046484055657147e-10,8.041152430224665e-10,8.041152430224665e-10,1.034580083579038e-09,1.034580083579038e-09,0.007046271631725838,1.5399344597018174,1.0,0.4317398568847099,1.0015696395995815,1.0,0.0,0.0,action_normalized,0.247867550402446,0.0,0.11619019864791928,0.5368322698384808,2.498910152906394e-27,0.26351295792832896,0.7155942817054621,0.20614409899481195,0.819267767925276,0.9071360599156532,1.3881094456941865,1.3403122806873127,1.2117146782239154e-05,1.2116718611396016e-05,-4.2817084313780357e-10,4.2817084313780357e-10,12.249787950848967,12.24978795834189
16.0,1.72,2.0163442579738157e-08,5.5954599010270144e-08,5.232202680327354e-09,2.019782286542439e-08,5.6050006086310074e-08,5.241124005255206e-09,2.0304953481177865e-08,5.634729910175143e-08,5.268923280734767e-09,9.540707603993031e-11,9.540707603993031e-11,2.972930154413544e-10,2.972930154413544e-10,3.9270009148128473e-10,3.9270009148128473e-10,0.007018191505745701,1.520124718640573,1.0,0.4187923832293445,1.0017050801493979,1.0,0.0,0.0,action_normalized,0.2692554647473174,0.0,0.12459912372608362,0.5410010517338844,4.066207721591245e-27,0.3217878591111364,0.9489298103375201,0.18083051406094844,0.7848669895243352,0.9069494082524172,1.4023183054518893,1.4043428740235022,1.7597969128265041e-06,1.7596366049847087e-06,-1.6030784179544942e-10,1.6030784179544942e-10,12.249969203573379,12.24996920637876
16.8,1.72,9.348980993281208e-09,2.483174332190512e-08,2.2738595152411433e-09,9.366242343394398e-09,2.4877591036828094e-08,2.2780578214767636e-09,9.414446624401238e-09,2.5005625988855388e-08,2.2897820685494162e-09,4.584771492297548e-11,4.584771492297548e-11,1.280349520272939e-10,1.280349520272939e-10,1.7388266695026938e-10,1.7388266695026938e-10,0.00700243493564466,1.5013415333766713,1.0,0.40635906399495303,1.0018463349241586,1.0,0.0,0.0,action_normalized,0.29156152469378305,0.0,0.13268580337603814,0.5423449736543797,6.1682262088517e-27,0.3729068193667717,1.1893186878231288,0.1777839621892827,0.7752129959106623,0.908494963437385,1.424702649208372,1.4580718575681215,3.465815158913538e-07,3.465390995356389e-07,-4.2416355714895746e-11,4.2416355714895746e-11,12.24999393482422,12.249993935566504
17.6,1.72,3.227814287789553e-09,7.558267951327627e-09,8.704806150528686e-10,3.232313695591373e-09,7.568803789748412e-09,8.71694020447819e-10,3.2505133044689384e-09,7.611420095471564e-09,8.766021115946346e-10,1.0535838420784333e-11,1.0535838420784333e-11,4.261630572315271e-11,4.261630572315271e-11,5.315214414393704e-11,5.315214414393704e-11,0.007032318050407401,1.559816346703205,1.0,0.44456808785883606,1.001393948784117,1.0,0.0,0.0,action_normalized,0.22012356887381926,0.0,0.10702376707827714,0.5290214211051341,1.0402931653621079e-26,0.2679119024066777,0.7319116463917812,0.1320001313909301,0.7128011676893717,0.9138397708486983,1.3451562759734141,1.345257621215382,5.6207073804593766e-08,5.5421309149153085e-08,-7.85764655440681e-10,7.85764655440681e-10,12.249999016376224,12.249999030127107
18.4,1.72,1.7949803590232282e-09,1.9969300124387082e-09,3.8732741948561017e-10,1.7969745348657373e-09,1.999148549020442e-09,3.877577300342448e-10,1.807523638066096e-09,2.0108845107423702e-09,3.900340540619382e-10,2.2185365817337405e-12,2.2185365817337405e-12,1.173596172192823e-11,1.173596172192823e-11,1.395449830366197e-11,1.395449830366197e-11,0.006987975650994567,1.5896510516836373,1.0,0.463514527796402,1.0011109736284771,1.0,0.0,0.0,action_normalized,0.17543792340978479,0.0,0.09421603304878111,0.5139240325215798,1.686044268142297e-26,0.20297833384972,0.5093420730458487,0.0,0.5139240325215797,0.9043734450498737,1.229970175055255,1.2702190003210754,5.6207073804593766e-08,5.5421309149153085e-08,-7.85764655440681e-10,7.85764655440681e-10,12.249999016376224,12.249999030127107
19.200000000000003,1.72,0.0,0.0,0.0,1e-30,1e-30,1e-30,1.0057161736535278e-30,1.0057161736535278e-30,1.0057161736535278e-30,1e-30,1e-30,5.716173653527695e-33,5.716173653527695e-33,1.0057161736535278e-30,1.0057161736535278e-30,1.0057161736535276,1.5704009692603986,1.0,0.4513309811859851,1.0007338863028497,1.0,0.0,0.0,action_normalized,0.11589067975208274,0.0,0.10217329191624851,0.0,0.0,0.26851220272081255,0.7341536078101636,0.0,0.0,-0.0,1.1342561013604062,1.3459310085035026,5.6207073804593766e-08,5.5421309149153085e-08,-7.85764655440681e-10,7.85764655440681e-10,12.249999016376224,12.249999030127107
20.0,1.72,0.0,0.0,0.0,1e-30,1e-30,1e-30,1.0055641423643005e-30,1.0055641423643005e-30,1.0055641423643005e-30,1e-30,1e-30,5.564142364300414e-33,5.564142364300414e-33,1.0055641423643005e-30,1.0055641423643005e-30,1.0055641423643005,1.5516627094173834,1.0,0.43932707173589636,1.0008103337191063,1.0,0.0,0.0,action_normalized,0.12796277184710375,0.0,0.11002090405486509,0.0,0.0,0.3261537967964966,0.9680363122799913,0.0,0.0,-0.0,1.1630768983982482,1.409016545507328,5.6207073804593766e-08,5.5421309149153085e-08,-7.85764655440681e-10,7.85764655440681e-10,12.249999016376224,12.249999030127107
4.0,1.91,0.0001770686030823247,0.0015097107933558257,0.00032901266865519187,0.00017725942777172855,0.001511337790396616,0.0003293672416241607,0.00017781524072690245,0.0015160767266219326,0.0003304000023760477,1.6269970407902217e-06,1.6269970407902217e-06,4.738936225316681e-06,4.738936225316681e-06,6.365933266106903e-06,6.365933266106903e-06,0.004216657451296705,1.280917082806759,1.0,0.24757629233153006,1.0010776878909196,1.0,0.0,0.0,action_normalized,0.170181650419526,0.0,0.07718149434815945,0.7352936315472478,2.876799555709119e-29,0.052928468881864164,0.11177290657100736,0.09029178776792637,0.8864586998918419,0.7588477860489768,1.270651856355874,1.0767321020559757,2.746467375141842,2.7464339377545164,-3.3437387325641055e-05,3.3437387325641055e-05,11.331089952008512,11.330527179607081
4.8,1.91,0.0001968291957807986,0.001569100759423203,0.00015148572824697445,0.00019705746995833393,0.0015709205361281097,0.00015166141498839888,0.0001978253941475113,0.0015770423435339561,0.00015225243277198802,1.8197767049066803e-06,1.8197767049066803e-06,6.1218074058463825e-06,6.1218074058463825e-06,7.941584110753063e-06,7.941584110753063e-06,0.005061232723940792,1.3602809677586774,1.0,0.30769127235057525,1.0011597577108915,1.0,0.0,0.0,action_normalized,0.18314159692178378,0.0,0.07111786048012514,0.7485475970287769,2.9935815942550487e-29,0.3330127461264275,0.9985580509745398,0.1957340473559828,1.0292652002783464,0.8338489418684651,1.472756184971796,1.4163259993902102,13.850270229616779,13.849717235139554,-0.0005529944772248996,0.0005529944772248996,968.8076799405114,968.7216202183178
5.6,1.91,0.00015721081154981964,0.001302145718377103,5.951445574389357e-05,0.0001574746910488618,0.0013043313795059904,5.961435119391159e-05,0.00015818881616938414,0.0013102463350927378,5.988469371973374e-05,2.185661128887347e-06,2.185661128887347e-06,5.914955586747411e-06,5.914955586747411e-06,8.100616715634758e-06,8.100616715634758e-06,0.006220975580007098,1.4305484675437201,1.0,0.35805791447458585,1.001678507326823,1.0,0.0,0.0,action_normalized,0.26505925280116654,0.0,0.1092096338293002,0.767441108820373,3.368035679090121e-29,0.04896323098045846,0.10296811348511037,0.28060102967778355,1.1143138871399212,0.8790167005953854,1.3732103446946553,1.0711593535980681,58.00539587965784,57.99947789140344,-0.005917988254402928,0.005917988254402928,20026.067766829903,20021.880609871663
6.4,1.91,0.00010403552229313707,0.0006722721885536273,2.722607492848957e-05,0.00010425229961954625,0.0006736729924756114,2.728280551052081e-05,0.0001047677555294935,0.0006770038420262749,2.741770021684058e-05,1.4008039219841383e-06,1.4008039219841383e-06,3.3308495506634977e-06,3.3308495506634977e-06,4.731653472647636e-06,4.731653472647636e-06,0.00703830019032565,1.4775528482269376,1.0,0.3903872383399466,1.0020836856645787,1.0,0.0,0.0,action_normalized,0.32904245128981546,0.0,0.1316552460415761,0.7152851024629905,4.4904440377666726e-29,0.23684225745303278,0.6206901777936342,0.28047183716500834,1.074083799425876,0.9010343542785427,1.4570600378742378,1.309910589913548,59.895109346967295,59.89438673448943,-0.0007226124778654253,0.0007226124778654253,21385.48635946038,21384.957996525085
7.2,1.91,7.600613439744054e-05,0.000120965401465862,1.7567937231564875e-05,7.616422075098638e-05,0.00012121699930562254,1.7604477060333667e-05,7.655027718137805e-05,0.0001218314164373584,1.769370953072215e-05,2.5159783976054723e-07,2.5159783976054723e-07,6.144171317358548e-07,6.144171317358548e-07,8.66014971496402e-07,8.66014971496402e-07,0.0071591956129770104,1.4921401916441892,1.0,0.40021145959540433,1.0020799157173181,1.0,0.0,0.0,action_normalized,0.3284471250805921,0.0,0.14069871838435052,0.6301150541151511,8.300513659423665e-29,0.5397550802947837,2.3455123877977533,0.05673892634684577,0.591936187487939,0.910327906560828,1.4320463186060879,1.6204236024415644,3.5328027233511197,3.5330894011639944,0.00028667781287472494,0.00028667781287472494,28.430296604587205,28.437939958488553
8.0,1.91,6.313932095074384e-05,8.591082277430941e-05,1.3492969562109996e-05,6.328043141345378e-05,8.61028254086572e-05,1.3523125084050528e-05,6.358692414038718e-05,8.651985622160706e-05,1.3588623049078482e-05,1.9200263434779178e-07,1.9200263434779178e-07,4.1703081294985423e-07,4.1703081294985423e-07,6.09033447297646e-07,6.09033447297646e-07,0.007089135310665073,1.4658274448318904,1.0,0.38241989178356733,1.002234906245191,1.0,0.0,0.0,action_normalized,0.35292224821692764,0.0,0.1520636193182569,0.6058619213077692,9.73259780612615e-29,0.5891268740470006,2.8676826827286432,0.04473497088292337,0.5580450375304004,0.9133806445438482,1.445258439126831,1.665287061215118,2.3263362824892138,2.326401234688652,6.495219943802866e-05,6.495219943802866e-05,5.3631181765996025,5.363870297704117
8.8,1.91,2.2146858093062132e-05,5.848230740181678e-05,7.047750195432859e-06,2.2179891156581358e-05,5.8569536469120023e-05,7.058262240929114e-06,2.230268412568683e-05,5.889379086835951e-05,7.097338401004478e-06,8.722906730324655e-08,8.722906730324655e-08,3.242543992394866e-07,3.242543992394866e-07,4.1148346654273313e-07,4.1148346654273313e-07,0.007036033371862996,1.5482467554553723,1.0,0.43712316521321565,1.001491546267214,1.0,0.0,0.0,action_normalized,0.23553554565318027,0.0,0.11517223325097901,0.5937428205589284,1.2483365524817828e-28,0.1526414316992487,0.36027589124483117,0.08885835383790645,0.7386124200529219,0.9135092954425877,1.2831884093223316,1.2087482232265034,1.583685396406778,1.5836127673183287,-7.262908844940519e-05,7.262908844940519e-05,0.21087703033197022,0.21071030201434213
9.600000000000001,1.91,1.0975147142881639e-05,4.3579838312784185e-05,3.956029585909805e-06,1.0991844595885728e-05,4.364614013932739e-05,3.962048240350931e-06,1.105267629107722e-05,4.388768910502461e-05,3.9839752343862394e-06,6.630182654320579e-08,6.630182654320579e-08,2.4154896569722055e-07,2.4154896569722055e-07,3.0785079224042634e-07,3.0785079224042634e-07,0.0070640645802974,1.5480056645464257,1.0,0.4369674344285572,1.0015213876212055,1.0,0.0,0.0,action_normalized,0.24024790339220878,0.0,0.11485685465158924,0.5829075333828638,1.5205403539520765e-28,0.1066533286499557,0.23877254389671365,0.18728807642891,0.8851615248091295,0.9126874959830619,1.3214390646344878,1.1497013156171452,0.9999999998666329,0.9999999998668615,2.2859492077031973e-13,2.2859492077031973e-13,1.000000000666835,1.000000000665692
10.4,1.91,7.422066627137991e-06,2.9967976066891604e-05,2.109988157761444e-06,7.4348878717882085e-06,3.001974422960529e-05,2.113633055569395e-06,7.474498625105097e-06,3.0179680022023497e-05,2.1248938303127864e-06,5.176816271368497e-08,5.176816271368497e-08,1.599357924182083e-07,1.599357924182083e-07,2.1170395513189327e-07,2.1170395513189327e-07,0.007064339435514373,1.5229622419775668,1.0,0.42065728173279693,1.0017274494146062,1.0,0.0,0.0,action_normalized,0.2727878775208956,0.0,0.12533762689732517,0.5770575928966478,1.88180726947382e-28,0.19108966093919896,0.472461907610346,0.220824975839357,0.9172112592944093,0.9115432868909099,1.380053889253041,1.2559774722814012,0.49525462181040975,0.4952548870438113,2.6523340157513786e-07,2.6523340157513786e-07,5.116026245971404,5.116023246363165
11.2,1.91,4.558508325247046e-06,1.647338704653586e-05,7.956065947750324e-07,4.567280482851824e-06,1.6505087580382947e-05,7.971376189484695e-07,4.590712323548446e-06,1.6589764793512157e-05,8.012272302107107e-07,3.170053384708734e-08,3.170053384708734e-08,8.467721312921026e-08,8.467721312921026e-08,1.163777469762976e-07,1.163777469762976e-07,0.007064591310065184,1.499419168235305,1.0,0.40507781194222237,1.0019243482689708,1.0,0.0,0.0,action_normalized,0.3038808983146126,0.0,0.1353663151635882,0.5744380053513664,2.578737728815223e-28,0.26361689275729705,0.7159775670150244,0.25761164719784035,0.9184677605577247,0.9102765370739945,1.4258282983175399,1.3404293458524341,0.15211173650453153,0.152111895187185,1.5868265346163923e-07,1.5868265346163923e-07,9.732656988560846,9.732654513333244
12.0,1.91,2.510496352409041e-06,8.248753478481527e-06,4.859947199334832e-07,2.5156940398545897e-06,8.265831552447016e-06,4.870009148446916e-07,2.5281413825743163e-06,8.306729863834192e-06,4.894105350909767e-07,1.707807396548859e-08,1.707807396548859e-08,4.089831138717645e-08,4.089831138717645e-08,5.7976385352665036e-08,5.7976385352665036e-08,0.007028502609989216,1.4779687035454037,1.0,0.3906686474340275,1.0020703823929324,1.0,0.0,0.0,action_normalized,0.32694168283557895,0.0,0.14464355018632655,0.573393106385483,3.655828014053595e-28,0.324701506182844,0.9616532811955605,0.21985478162960875,0.877117275313428,0.9093090753098111,1.4365937673271814,1.407463712250409,0.03820529833066001,0.03820260288579944,-2.6954448605689962e-06,2.6954448605689962e-06,11.590530059341788,11.590575942418821
12.8,1.91,6.987855075059003e-07,2.049404607100038e-06,2.0546663607679254e-07,6.996728016828789e-07,2.05200687167854e-06,2.0572753065430748e-07,7.037157179154334e-07,2.063863973842392e-06,2.069162851280631e-07,2.6022645785018413e-09,2.6022645785018413e-09,1.1857102163852036e-08,1.1857102163852036e-08,1.4459366742353878e-08,1.4459366742353878e-08,0.007055398769115809,1.5781226258875372,1.0,0.4562359290923607,1.001269766140608,1.0,0.0,0.0,action_normalized,0.20051343183517906,0.0,0.10063809092004923,0.5338317353981821,6.464044797676025e-28,0.11428700520012199,0.2580678072267517,0.17569428045847932,0.7916624380790367,0.9085355927859897,1.2989826822344401,1.1597086448540501,0.0023603019998810148,0.0023602613865309234,-4.0613350091398687e-08,4.0613350091398687e-08,12.208729533911647,12.208730243447036
13.600000000000001,1.91,2.232639218051859e-07,5.624585271907594e-07,8.964888708497929e-08,2.2353169747989737e-07,5.631331221293323e-07,8.975640912003186e-08,2.2483298584812756e-07,5.664113980510635e-07,9.02789254900984e-08,6.745949385729699e-10,6.745949385729699e-10,3.2782759217311976e-09,3.2782759217311976e-09,3.9528708603041675e-09,3.9528708603041675e-09,0.007027844132876913,1.5835144599575646,1.0,0.4596467185984162,1.0011993683195493,1.0,0.0,0.0,action_normalized,0.1893966535224003,0.0,0.09808481357269962,0.5280146183561462,1.1763496268072915e-27,0.11527755794505871,0.2605959846057573,0.14219344601157302,0.6820402128294519,0.9078264361280733,1.2636971936827857,1.1610009932696252,0.0001778103995162375,0.00017779760979617313,-1.278972006437968e-08,1.278972006437968e-08,12.246888515611825,12.246888739403504
14.4,1.91,1.1132089718854054e-07,2.7939621165334673e-07,4.078353493040418e-08,1.1147265401460417e-07,2.7977709505768096e-07,4.08391325762461e-08,1.1210129848371519e-07,2.813548840225774e-07,4.106944282627374e-08,3.80883404334229e-10,3.80883404334229e-10,1.5777889648964316e-09,1.5777889648964316e-09,1.9586723692306606e-09,1.9586723692306606e-09,0.007010375543891877,1.5609164733916419,1.0,0.4452731317042589,1.001363237540267,1.0,0.0,0.0,action_normalized,0.21527384363438742,0.0,0.10740742647090296,0.5324793388731935,1.7069012966495154e-27,0.19599958236239193,0.48756089689181237,0.14358465010708318,0.6958690603131275,0.9074153676881317,1.307863218786249,1.2618790978739667,4.387620741174047e-05,4.387152927511794e-05,-4.6781366225281625e-09,4.6781366225281625e-09,12.249232178402302,12.249232260267124
15.200000000000001,1.91,4.9699298783675594e-08,1.468305233974076e-07,1.1754109575495389e-08,4.9777310637732465e-08,1.4706099991604482e-07,1.1772559732805723e-08,5.0049495419633e-08,1.4786513669393418e-07,1.1836932668230157e-08,2.3047651863721707e-10,2.3047651863721707e-10,8.041367778893587e-10,8.041367778893587e-10,1.0346132965265758e-09,1.0346132965265758e-09,0.0070463093952632646,1.5399344597018174,1.0,0.4317398568847099,1.001569677157749,1.0,0.0,0.0,action_normalized,0.24787348135054527,0.0,0.11619019864791928,0.5368619028162445,2.4989089318285435e-27,0.26351295792832896,0.7155942817054621,0.20614409899481195,0.8192935642591993,0.9071167377140325,1.3881158947776673,1.3403122806873127,1.2117794898523485e-05,1.2117367613563658e-05,-4.2728495982671886e-10,4.2728495982671886e-10,12.249787939507028,12.249787946984451
16.0,1.91,2.0161477666986808e-08,5.5976306055213045e-08,5.229177569071968e-09,2.0195859865816286e-08,5.607176475701651e-08,5.238095101103307e-09,2.0302980069687343e-08,5.636917318191592e-08,5.2658783110708065e-09,9.545870180346632e-11,9.545870180346632e-11,2.9740842489941073e-10,2.9740842489941073e-10,3.9286712670287705e-10,3.9286712670287705e-10,0.007018453956489498,1.520124718640573,1.0,0.4187923832293445,1.0017053412154298,1.0,0.0,0.0,action_normalized,0.2692966906426211,0.0,0.12459912372608362,0.5411693095367239,4.0661507990163114e-27,0.3217878591111364,0.9489298103375201,0.18083051406094844,0.7851133408181694,0.9068694006882028,1.4023798932753477,1.4043428740235022,1.7611625700198853e-06,1.7610030556849025e-06,-1.595143349827967e-10,1.595143349827967e-10,12.249969179674409,12.249969182465907
16.8,1.91,9.280470634419696e-09,2.5161429443196977e-08,2.246447868739097e-09,9.297680664669438e-09,2.5208089680473972e-08,2.2506137604592947e-09,9.345532086300405e-09,2.5337825576050086e-08,2.2621967639915013e-09,4.666023727699479e-11,4.666023727699479e-11,1.2973589557611436e-10,1.2973589557611436e-10,1.7639613285310915e-10,1.7639613285310915e-10,0.007010576773920222,1.5013415333766713,1.0,0.40635906399495303,1.0018544350742207,1.0,0.0,0.0,action_normalized,0.2928406491209923,0.0,0.13268580337603814,0.5467997386889124,6.163589550707377e-27,0.3729068193667717,1.1893186878231288,0.1777839621892827,0.7837300268086972,0.9070572320234289,1.4268319069328808,1.4580718575681215,3.5584559683205615e-07,3.5580780019276736e-07,-3.779663928879087e-11,3.779663928879087e-11,12.249993772702846,12.249993773364286
17.6,1.91,3.2578028990600144e-09,7.509294303181091e-09,8.648403530729403e-10,3.2623377638215786e-09,7.519747248056773e-09,8.660442116742881e-10,3.2807064238340782e-09,7.562087339910927e-09,8.709204914563677e-10,1.045294487568167e-11,1.045294487568167e-11,4.234009185415416e-11,4.234009185415416e-11,5.279303672983583e-11,5.279303672983583e-11,0.007030359258588602,1.559816346703205,1.0,0.44456808785883606,1.0013920009595647,1.0,0.0,0.0,action_normalized,0.21981598074944503,0.0,0.10702376707827714,0.5280583930704796,1.04079902407468e-26,0.2679119024066777,0.7319116463917812,0.1320001313909301,0.7086688811554653,0.9128698788395936,1.3441232043399376,1.345257621215382,5.6207073804593766e-08,5.5421309149153085e-08,-7.85764655440681e-10,7.85764655440681e-10,12.249999016376224,12.249999030127107
18.4,1.91,1.7949803590232282e-09,1.9969300124387082e-09,3.8732741948561017e-10,1.7969745348657373e-09,1.999148549020442e-09,3.877577300342448e-10,1.807523638066096e-09,2.0108845107423702e-09,3.900340540619382e-10,2.2185365817337405e-12,2.2185365817337405e-12,1.173596172192823e-11,1.173596172192823e-11,1.395449830366197e-11,1.395449830366197e-11,0.006987975650994567,1.5896510516836373,1.0,0.463514527796402,1.0011109736284771,1.0,0.0,0.0,action_normalized,0.17543792340978479,0.0,0.09421603304878111,0.5139240325215798,1.686044268142297e-26,0.20297833384972,0.5093420730458487,0.0,0.5139240325215797,0.9043734450498737,1.229970175055255,1.2702190003210754,5.6207073804593766e-08,5.5421309149153085e-08,-7.85764655440681e-10,7.85764655440681e-10,12.249999016376224,12.249999030127107
19.200000000000003,1.91,0.0,0.0,0.0,1e-30,1e-30,1e-30,1.0057161736535278e-30,1.0057161736535278e-30,1.0057161736535278e-30,1e-30,1e-30,5.716173653527695e-33,5.716173653527695e-33,1.0057161736535278e-30,1.0057161736535278e-30,1.0057161736535276,1.5704009692603986,1.0,0.4513309811859851,1.0007338863028497,1.0,0.0,0.0,action_normalized,0.11589067975208274,0.0,0.10217329191624851,0.0,0.0,0.26851220272081255,0.7341536078101636,0.0,0.0,-0.0,1.1342561013604062,1.3459310085035026,5.6207073804593766e-08,5.5421309149153085e-08,-7.85764655440681e-10,7.85764655440681e-10,12.249999016376224,12.249999030127107
20.0,1.91,0.0,0.0,0.0,1e-30,1e-30,1e-30,1.0055641423643005e-30,1.0055641423643005e-30,1.0055641423643005e-30,1e-30,1e-30,5.564142364300414e-33,5.564142364300414e-33,1.0055641423643005e-30,1.0055641423643005e-30,1.0055641423643005,1.5516627094173834,1.0,0.43932707173589636,1.0008103337191063,1.0,0.0,0.0,action_normalized,0.12796277184710375,0.0,0.11002090405486509,0.0,0.0,0.3261537967964966,0.9680363122799913,0.0,0.0,-0.0,1.1630768983982482,1.409016545507328,5.6207073804593766e-08,5.5421309149153085e-08,-7.85764655440681e-10,7.85764655440681e-10,12.249999016376224,12.249999030127107
4.0,2.1,0.00017867004889645144,0.0015131477053595807,0.0003274553896409661,0.00017886270402,0.001514779291962505,0.00032780847600847744,0.0001794235441927426,0.0015195290193269987,0.00032883634910990683,1.6315866029242062e-06,1.6315866029242062e-06,4.749727364493795e-06,4.749727364493795e-06,6.381313967418001e-06,6.381313967418001e-06,0.004217244585452787,1.280917082806759,1.0,0.24757629233153006,1.0010782731898182,1.0,0.0,0.0,action_normalized,0.170274077116899,0.0,0.07718149434815945,0.7360128699223083,2.876680915585937e-29,0.052928468881864164,0.11177290657100736,0.09029178776792637,0.8871122031007128,0.7588606145996815,1.2708152321580917,1.0767321020559757,2.7852099722037846,2.785175747932333,-3.422427145149953e-05,3.422427145149953e-05,11.992541669330063,11.991949079124367
4.8,2.1,0.00019696436268688123,0.0015691859001470418,0.0001514259355000746,0.00019719278821913079,0.0015710057325245843,0.000151601548740161,0.00019796123973754733,0.0015771278719369955,0.00015219233322764548,1.8198323775424526e-06,1.8198323775424526e-06,6.122139412411201e-06,6.122139412411201e-06,7.941971789953654e-06,7.941971789953654e-06,0.00506120516964207,1.3602809677586774,1.0,0.30769127235057525,1.0011597302635538,1.0,0.0,0.0,action_normalized,0.18313726261193203,0.0,0.07111786048012514,0.7485203618253095,2.993543629866562e-29,0.3330127461264275,0.9985580509745398,0.1957340473559828,1.0292175379602544,0.8338819407555509,1.472744269392273,1.4163259993902102,13.862567092007044,13.862013167637357,-0.0005539243696865981,0.0005539243696865981,970.7223657673555,970.6360761897928
5.6,2.1,0.00015721856490857018,0.0013021408786046036,5.951256017945483e-05,0.0001574824559159792,0.0013043265191391249,5.961245187779452e-05,0.00015819661624905937,0.001310241452684806,5.988278579049071e-05,2.185640534521291e-06,2.185640534521291e-06,5.914933545681173e-06,5.914933545681173e-06,8.100574080202464e-06,8.100574080202464e-06,0.006220965959446091,1.4305484675437201,1.0,0.35805791447458585,1.001678497749693,1.0,0.0,0.0,action_normalized,0.26505774044141994,0.0,0.1092096338293002,0.7674334092377953,3.3680340071385254e-29,0.04896323098045846,0.10296811348511037,0.28060102967778355,1.1143064750811715,0.8790192718342125,1.373208491679968,1.0711593535980681,58.00839327626287,58.00247456479832,-0.005918711464552473,0.005918711464552473,20028.18868325027,20024.000792866504
6.4,2.1,0.00010403591235969695,0.0006722716786411398,2.7226001652426842e-05,0.00010425269035786039,0.0006736724805893549,2.7282732044868656e-05,0.00010476814819973983,0.0006770033276090931,2.7417626387951313e-05,1.4008019482151168e-06,1.4008019482151168e-06,3.3308470197381587e-06,3.3308470197381587e-06,4.7316489679532754e-06,4.7316489679532754e-06,0.007038298828112676,1.4775528482269376,1.0,0.3903872383399466,1.0020836843090677,1.0,0.0,0.0,action_normalized,0.3290422372360832,0.0,0.1316552460415761,0.7152842320855273,4.49044403784322e-29,0.23684225745303278,0.6206901777936342,0.28047183716500834,1.074082965340543,0.9010344635291564,1.4570598293529045,1.309910589913548,59.89526182231915,59.89453916685882,-0.0007226554603292357,0.0007226554603292357,21385.597847885427,21385.069452144875
7.2,2.1,7.600615795903163e-05,0.00012096539000020388,1.7567932971004495e-05,7.61642443534695e-05,0.0001212169878032031,1.7604472789036206e-05,7.655030090349596e-05,0.00012183140487663621,1.7693705237774606e-05,2.5159780299922245e-07,2.5159780299922245e-07,6.144170734331133e-07,6.144170734331133e-07,8.660148764323358e-07,8.660148764323358e-07,0.007159195505680395,1.4921401916441892,1.0,0.40021145959540433,1.0020799156105626,1.0,0.0,0.0,action_normalized,0.32844710822247364,0.0,0.14069871838435052,0.6301149838467967,8.300513500668875e-29,0.5397550802947837,2.3455123877977533,0.05673892634684577,0.5919361404002053,0.9103279055059946,1.4320463068341547,1.6204236024415644,3.532803030333397,3.533089707927125,0.0002866775937278021,0.0002866775937278021,28.43030478874576,28.43794813790392
8.0,2.1,6.313932271671021e-05,8.591082183901177e-05,1.3492969246333974e-05,6.328043318282447e-05,8.610282447053118e-05,1.3523124767452852e-05,6.358692591832764e-05,8.65198552789373e-05,1.3588622730947394e-05,1.9200263151940647e-07,1.9200263151940647e-07,4.1703080840612555e-07,4.1703080840612555e-07,6.09033439925532e-07,6.09033439925532e-07,0.00708913530203214,1.4658274448318904,1.0,0.38241989178356733,1.0022349062365996,1.0,0.0,0.0,action_normalized,0.35292224686023177,0.0,0.1520636193182569,0.6058619156825935,9.73259779186339e-29,0.5891268740470006,2.8676826827286432,0.04473497088292337,0.5580450355574684,0.9133806435265764,1.4452584386335983,1.665287061215118,2.3263362796325815,2.326401231810909,6.495217832735989e-05,6.495217832735989e-05,5.363118143522076,5.363870264379808
8.8,2.1,2.2146858152989757e-05,5.8482307325780445e-05,7.04775018007721e-06,2.2179891216578806e-05,5.856953639291862e-05,7.058262225544336e-06,2.2302684186016437e-05,5.889379079173624e-05,7.0973383855345265e-06,8.722906713817677e-08,8.722906713817677e-08,3.2425439881761674e-07,3.2425439881761674e-07,4.114834659557935e-07,4.114834659557935e-07,0.0070360333709747706,1.5482467554553723,1.0,0.43712316521321565,1.0014915462663307,1.0,0.0,0.0,action_normalized,0.23553554551370667,0.0,0.11517223325097901,0.5937428199115691,1.2483365525099918e-28,0.1526414316992487,0.36027589124483117,0.08885835383790645,0.7386124190983983,0.9135092952964682,1.2831884090837007,1.2087482232265034,1.5836853935035984,1.5836127644129254,-7.262909067295986e-05,7.262909067295986e-05,0.21087702366607386,0.21071029534597804
9.600000000000001,2.1,1.0975147144544976e-05,4.3579838283542114e-05,3.956029593335701e-06,1.0991844597544013e-05,4.3646140110010726e-05,3.9620482477853915e-06,1.1052676292744684e-05,4.38876890755457e-05,3.983975241861844e-06,6.630182646861268e-08,6.630182646861268e-08,2.415489655349765e-07,2.415489655349765e-07,3.0785079200358915e-07,3.0785079200358915e-07,0.007064064579602828,1.5480056645464257,1.0,0.4369674344285572,1.0015213876205147,1.0,0.0,0.0,action_normalized,0.24024790328312023,0.0,0.11485685465158924,0.5829075328199743,1.5205403539455173e-28,0.1066533286499557,0.23877254389671365,0.18728807642891,0.8851615242886848,0.9126874962729261,1.3214390645043765,1.1497013156171452,0.9999999982884127,0.999999998287349,-1.0637046798933625e-12,1.0637046798933625e-12,1.0000000085579361,1.0000000085632545
10.4,2.1,7.422066645988048e-06,2.9967976016569573e-05,2.109988155945185e-06,7.434887890661822e-06,3.0019744179159964e-05,2.1136330537474383e-06,7.474498644079263e-06,3.0179679971309416e-05,2.124893828481123e-06,5.1768162590390854e-08,5.1768162590390854e-08,1.5993579214945152e-07,1.5993579214945152e-07,2.1170395473984238e-07,2.1170395473984238e-07,0.007064339434294437,1.5229622419775668,1.0,0.42065728173279693,1.0017274494133928,1.0,0.0,0.0,action_normalized,0.27278787732928467,0.0,0.12533762689732517,0.5770575921272406,1.8818072697539107e-28,0.19108966093919896,0.472461907610346,0.220824975839357,0.9172112581100901,0.9115432868175776,1.3800538889569611,1.2559774722814012,0.495254620163338,0.4952548853955615,2.6523222351748643e-07,2.6523222351748643e-07,5.116026264598659,5.11602326500374
11.2,2.1,4.558508211110759e-06,1.6473387288594874e-05,7.956066236967553e-07,4.567280368520796e-06,1.650508782299774e-05,7.971376479301931e-07,4.590712208630858e-06,1.6589765037371655e-05,8.012272593411213e-07,3.170053440286632e-08,3.170053440286632e-08,8.467721437391501e-08,8.467721437391501e-08,1.1637774877678133e-07,1.1637774877678133e-07,0.007064591315554991,1.499419168235305,1.0,0.40507781194222237,1.0019243482744324,1.0,0.0,0.0,action_normalized,0.3038808991770678,0.0,0.1353663151635882,0.5744380071959989,2.5787377252411833e-28,0.26361689275729705,0.7159775670150244,0.25761164719784035,0.9184677700624222,0.910276541802674,1.4258283006937142,1.3404293458524341,0.15211174094462554,0.15211189962893745,1.5868431191279342e-07,1.5868431191279342e-07,9.732656919301581,9.732654444048118
12.0,2.1,2.510495772666222e-06,8.248755203639351e-06,4.859947408958648e-07,2.5156934592735743e-06,8.265833282366307e-06,4.870009359205691e-07,2.5281407991206576e-06,8.306731602312909e-06,4.894105562711349e-07,1.7078078726955552e-08,1.7078078726955552e-08,4.089831994660193e-08,4.089831994660193e-08,5.797639867355748e-08,5.797639867355748e-08,0.007028502754934258,1.4779687035454037,1.0,0.3906686474340275,1.002070382537164,1.0,0.0,0.0,action_normalized,0.326941705611695,0.0,0.14464355018632655,0.5733931785992615,3.655827954694409e-28,0.324701506182844,0.9616532811955605,0.21985478162960875,0.8771174118893031,0.909309081347533,1.4365938014711501,1.407463712250409,0.038205314307823125,0.03820261887282162,-2.695435001504043e-06,2.695435001504043e-06,11.59052978737159,11.590575670280256
12.8,2.1,6.987848556003396e-07,2.0494060116657032e-06,2.0546690291538923e-07,6.996721490206041e-07,2.0520082782360615e-06,2.0572779785261898e-07,7.037150614818831e-07,2.0638653885274187e-06,2.0691655387032542e-07,2.602266570358262e-09,2.602266570358262e-09,1.1857110291357205e-08,1.1857110291357205e-08,1.4459376861715467e-08,1.4459376861715467e-08,0.007055398871384819,1.5781226258875372,1.0,0.4562359290923607,1.0012697662422896,1.0,0.0,0.0,action_normalized,0.20051344789211206,0.0,0.10063809092004923,0.5338317498779482,6.464044336221679e-28,0.11428700520012199,0.2580678072267517,0.17569428045847932,0.7916628051135104,0.9085357764298652,1.2989827739930586,1.1597086448540501,0.002360305234048747,0.0023602646211223184,-4.0612926428557766e-08,4.0612926428557766e-08,12.208729477409127,12.20873018693712
13.600000000000001,2.1,2.2326099502214796e-07,5.624660370309668e-07,8.964903371074366e-08,2.2352876828575373e-07,5.631406437458041e-07,8.975655636302536e-08,2.2483003960169869e-07,5.664189634545782e-07,9.027907359026605e-08,6.746067148373072e-10,6.746067148373072e-10,3.2783197087740394e-09,3.2783197087740394e-09,3.9529264236113466e-09,3.9529264236113466e-09,0.0070278490848572185,1.5835144599575646,1.0,0.4596467185984162,1.0011993732428686,1.0,0.0,0.0,action_normalized,0.18939743098181985,0.0,0.09808481357269962,0.5280181810143497,1.1763487356956012e-27,0.11527755794505871,0.2605959846057573,0.14219344601157302,0.6820491768022422,0.9078268857615499,1.2636994346759833,1.1610009932696252,0.00017781514770952173,0.00017780235939652395,-1.2788312997777775e-08,1.2788312997777775e-08,12.246888432529,12.24688865629605
14.4,2.1,1.113204398240118e-07,2.79399669298023e-07,4.078264730589272e-08,1.1147219696191207e-07,2.7978055976351147e-07,4.0838244084354274e-08,1.1210083885349724e-07,2.813583682674435e-07,4.106854932377624e-08,3.8089046548849794e-10,3.8089046548849794e-10,1.5778085039320158e-09,1.5778085039320158e-09,1.9586989694205137e-09,1.9586989694205137e-09,0.007010383993444381,1.5609164733916419,1.0,0.4452731317042589,1.001363245942436,1.0,0.0,0.0,action_normalized,0.21527517045172553,0.0,0.10740742647090296,0.5324858816699405,1.7069015343996204e-27,0.19599958236239193,0.48756089689181237,0.14358465010708318,0.695878968506294,0.9074123949596693,1.3078656958345405,1.2618790978739667,4.387729340484206e-05,4.387261588866942e-05,-4.677516172642575e-09,4.677516172642575e-09,12.249232159398018,12.249232241251985
15.200000000000001,2.1,4.970030974615742e-08,1.4683687333572945e-07,1.1752941512646323e-08,4.9778324715958365e-08,1.4706736433865198e-07,1.177139019801397e-08,5.00505150428885e-08,1.4787153591751704e-07,1.1835756738364661e-08,2.304910029225321e-10,2.304910029225321e-10,8.041715788650657e-10,8.041715788650657e-10,1.0346625817875978e-09,1.0346625817875978e-09,0.007046340325034938,1.5399344597018174,1.0,0.4317398568847099,1.0015697079193149,1.0,0.0,0.0,action_normalized,0.24787833902231649,0.0,0.11619019864791928,0.5368861733046687,2.4989079320773075e-27,0.26351295792832896,0.7155942817054621,0.20614409899481195,0.8193146918614107,0.9071009098063043,1.38812117667822,1.3403122806873127,1.211884303234542e-05,1.2118416454821344e-05,-4.2657752407557193e-10,4.2657752407557193e-10,12.249787921164845,12.24978792862989
16.0,2.1,2.0159870295921887e-08,5.599406321818235e-08,5.226702916547713e-09,2.0194254060187756e-08,5.608956416346232e-08,5.235617344980652e-09,2.0301365746757373e-08,5.6387066997614906e-08,5.263387412762438e-09,9.550094527997034e-11,9.550094527997034e-11,2.9750283415258755e-10,2.9750283415258755e-10,3.930037794325579e-10,3.930037794325579e-10,0.007018668709595306,1.520124718640573,1.0,0.4187923832293445,1.0017055548354805,1.0,0.0,0.0,action_normalized,0.26933042416892483,0.0,0.12459912372608362,0.5413070102228134,4.066104307630001e-27,0.3217878591111364,0.9489298103375201,0.18083051406094844,0.7853148004652234,0.9068038810732858,1.4024302581871113,1.4043428740235022,1.762280121831144e-06,1.762121257842733e-06,-1.5886398841097922e-10,1.5886398841097922e-10,12.249969160117274,12.249969162897392
16.8,2.1,9.294449758160438e-09,2.5099727876293256e-08,2.2409390659192237e-09,9.311681084823817e-09,2.514626119687187e-08,2.245093626337787e-09,9.359604560984508e-09,2.5275678886118433e-08,2.256648219960594e-09,4.6533320578614645e-11,4.6533320578614645e-11,1.2941768924656254e-10,1.2941768924656254e-10,1.7595100982517719e-10,1.7595100982517719e-10,0.0070100763917589435,1.5013415333766713,1.0,0.40635906399495303,1.001853937254139,1.0,0.0,0.0,action_normalized,0.2927620365247087,0.0,0.13268580337603814,0.5466807642513158,6.1647499034724284e-27,0.3729068193667717,1.1893186878231288,0.1777839621892827,0.7826368076195724,0.906738670104343,1.4265586021355996,1.4580718575681215,3.541025074655474e-07,3.5406454410231533e-07,-3.796336323204179e-11,3.796336323204179e-11,12.2499938032069,12.24999380387126
17.6,2.1,3.484410888318046e-09,7.139226485334225e-09,8.222198924376402e-10,3.4892255624326104e-09,7.149091294640208e-09,8.233560158626563e-10,3.5088717188711048e-09,7.1893444005098275e-09,8.279919388784604e-10,9.864809305983397e-12,9.864809305983397e-12,4.025310586961934e-11,4.025310586961934e-11,5.0117915175602737e-11,5.0117915175602737e-11,0.00702007637361801,1.559816346703205,1.0,0.44456808785883606,1.0013817756484191,1.0,0.0,0.0,action_normalized,0.21820126433529213,0.0,0.10702376707827714,0.5253311760113416,1.0452097502090277e-26,0.2679119024066777,0.7319116463917812,0.1320001313909301,0.6787167217905434,0.9037860142270192,1.3366351644987071,1.345257621215382,5.6207073804593766e-08,5.5421309149153085e-08,-7.85764655440681e-10,7.85764655440681e-10,12.249999016376224,12.249999030127107
18.4,2.1,1.7949803590232282e-09,1.9969300124387082e-09,3.8732741948561017e-10,1.7969745348657373e-09,1.999148549020442e-09,3.877577300342448e-10,1.807523638066096e-09,2.0108845107423702e-09,3.900340540619382e-10,2.2185365817337405e-12,2.2185365817337405e-12,1.173596172192823e-11,1.173596172192823e-11,1.395449830366197e-11,1.395449830366197e-11,0.006987975650994567,1.5896510516836373,1.0,0.463514527796402,1.0011109736284771,1.0,0.0,0.0,action_normalized,0.17543792340978479,0.0,0.09421603304878111,0.5139240325215798,1.686044268142297e-26,0.20297833384972,0.5093420730458487,0.0,0.5139240325215797,0.9043734450498737,1.229970175055255,1.2702190003210754,5.6207073804593766e-08,5.5421309149153085e-08,-7.85764655440681e-10,7.85764655440681e-10,12.249999016376224,12.249999030127107
19.200000000000003,2.1,0.0,0.0,0.0,1e-30,1e-30,1e-30,1.0057161736535278e-30,1.0057161736535278e-30,1.0057161736535278e-30,1e-30,1e-30,5.716173653527695e-33,5.716173653527695e-33,1.0057161736535278e-30,1.0057161736535278e-30,1.0057161736535276,1.5704009692603986,1.0,0.4513309811859851,1.0007338863028497,1.0,0.0,0.0,action_normalized,0.11589067975208274,0.0,0.10217329191624851,0.0,0.0,0.26851220272081255,0.7341536078101636,0.0,0.0,-0.0,1.1342561013604062,1.3459310085035026,5.6207073804593766e-08,5.5421309149153085e-08,-7.85764655440681e-10,7.85764655440681e-10,12.249999016376224,12.249999030127107
20.0,2.1,0.0,0.0,0.0,1e-30,1e-30,1e-30,1.0055641423643005e-30,1.0055641423643005e-30,1.0055641423643005e-30,1e-30,1e-30,5.564142364300414e-33,5.564142364300414e-33,1.0055641423643005e-30,1.0055641423643005e-30,1.0055641423643005,1.5516627094173834,1.0,0.43932707173589636,1.0008103337191063,1.0,0.0,0.0,action_normalized,0.12796277184710375,0.0,0.11002090405486509,0.0,0.0,0.3261537967964966,0.9680363122799913,0.0,0.0,-0.0,1.1630768983982482,1.409016545507328,5.6207073804593766e-08,5.5421309149153085e-08,-7.85764655440681e-10,7.85764655440681e-10,12.249999016376224,12.249999030127107
4.0,2.29,0.00018027394449992678,0.0015165215975457566,0.000325909424527153,0.00018046843138883124,0.0015181576829394682,0.0003262610289157781,0.00018103430646485257,0.0015229180035541843,0.0003272840498570015,1.6360853937115883e-06,1.6360853937115883e-06,4.76032061471612e-06,4.76032061471612e-06,6.3964060084277085e-06,6.3964060084277085e-06,0.00421781398878806,1.280917082806759,1.0,0.24757629233153006,1.0010788408133187,1.0,0.0,0.0,action_normalized,0.17036371262728212,0.0,0.07718149434815945,0.7367115082067348,2.8765600733876015e-29,0.052928468881864164,0.11177290657100736,0.09029178776792637,0.8877421752199498,0.7588753045844556,1.270972725187901,1.0767321020559757,2.8241663412123734,2.8241313163022466,-3.502491012685738e-05,3.502491012685738e-05,12.676561046513992,12.67593753795481
4.8,2.29,0.00019709953982198963,0.0015692707255705526,0.00015136618352501425,0.00019732811669590083,0.0015710906131111084,0.0001515417233008923,0.00019809709558336772,0.0015772130832993872,0.00015213227465130284,1.8198875405557157e-06,1.8198875405557157e-06,6.122470188278835e-06,6.122470188278835e-06,7.94235772883455e-06,7.94235772883455e-06,0.005061177526233966,1.3602809677586774,1.0,0.30769127235057525,1.0011597027274526,1.0,0.0,0.0,action_normalized,0.18313291428515244,0.0,0.07111786048012514,0.7484930182166264,2.9935056803461914e-29,0.3330127461264275,0.9985580509745398,0.1957340473559828,1.029169788500792,0.8339149290564595,1.4727323320274075,1.4163259993902102,13.874866006142947,13.874311150775357,-0.0005548553675893686,0.0005548553675893686,972.6392616951304,972.55274178974
5.6,2.29,0.0001572263181977874,0.001302136037711578,5.9510664731866635e-05,0.00015749022071325224,0.0013043216576495657,5.96105526787431e-05,0.00015820441625857351,0.0013102365691490896,5.98808779788442e-05,2.1856199379876977e-06,2.1856199379876977e-06,5.914911499523955e-06,5.914911499523955e-06,8.100531437511653e-06,8.100531437511653e-06,0.006220956338592569,1.4305484675437201,1.0,0.35805791447458585,1.0016784881722718,1.0,0.0,0.0,action_normalized,0.26505622803567686,0.0,0.1092096338293002,0.767425709396783,3.368032335380165e-29,0.04896323098045846,0.10296811348511037,0.28060102967778355,1.1142990628078095,0.8790218427749333,1.3732066386116275,1.0711593535980681,58.0113906101614,58.00547117543111,-0.005919434730287776,0.005919434730287776,20030.30966760169,20026.12104370352
6.4,2.29,0.00010403630242541177,0.0006722711687264393,2.722592837681373e-05,0.00010425308109532694,0.000673671968700884,2.7282658579667323e-05,0.00010476854086913438,0.0006770028131896857,2.7417552559515093e-05,1.4007999744446858e-06,1.4007999744446858e-06,3.3308444888017607e-06,3.3308444888017607e-06,4.7316444632464465e-06,4.7316444632464465e-06,0.0070382974659022575,1.4775528482269376,1.0,0.3903872383399466,1.0020836829535593,1.0,0.0,0.0,action_normalized,0.32904202318278675,0.0,0.1316552460415761,0.7152833617100905,4.4904440379221904e-29,0.23684225745303278,0.6206901777936342,0.28047183716500834,1.074082131255197,0.9010345727767999,1.4570596208315678,1.309910589913548,59.89541429645133,59.894691598008144,-0.0007226984431838446,0.0007226984431838446,21385.709335709264,21385.180907163023
7.2,2.29,7.600618152035305e-05,0.0001209653785345788,1.7567928710557628e-05,7.616426795568242e-05,0.00012121697630081679,1.76044685178525e-05,7.655032462534229e-05,0.00012183139331594732,1.769370094494139e-05,2.5159776623799254e-07,2.5159776623799254e-07,6.144170151305345e-07,6.144170151305345e-07,8.660147813685271e-07,8.660147813685271e-07,0.007159195398383933,1.4921401916441892,1.0,0.40021145959540433,1.0020799155038074,1.0,0.0,0.0,action_normalized,0.32844709136433137,0.0,0.14069871838435052,0.6301149135783836,8.300513341914979e-29,0.5397550802947837,2.3455123877977533,0.05673892634684577,0.5919360933122609,0.9103279044517103,1.4320462950621684,1.6204236024415644,3.5328033372915923,3.533090014666171,0.00028667737457865883,0.00028667737457865883,28.430312972263458,28.43795631667828
8.0,2.29,6.313932448353328e-05,8.59108209023412e-05,1.349296893076647e-05,6.328043495305265e-05,8.610282353102762e-05,1.3523124451063923e-05,6.358692769712977e-05,8.651985433488334e-05,1.3588622413026066e-05,1.920026286864133e-07,1.920026286864133e-07,4.1703080385572903e-07,4.1703080385572903e-07,6.090334325421423e-07,6.090334325421423e-07,0.007089135293381246,1.4658274448318904,1.0,0.38241989178356733,1.0022349062279905,1.0,0.0,0.0,action_normalized,0.35292224550073964,0.0,0.1520636193182569,0.6058619100469087,9.73259777758141e-29,0.5891268740470006,2.8676826827286432,0.04473497088292337,0.5580450335765653,0.9133806425135125,1.4452584381383724,1.665287061215118,2.326336276670088,2.326401228827254,6.495215716606495e-05,6.495215716606495e-05,5.363118109218763,5.363870229829042
8.8,2.29,2.2146858212243307e-05,5.8482307259025914e-05,7.047750161940811e-06,2.217989127590468e-05,5.856953632602212e-05,7.0582622073757765e-06,2.230268424567075e-05,5.889379072446938e-05,7.097338367265382e-06,8.722906699620728e-08,8.722906699620728e-08,3.2425439844726005e-07,3.2425439844726005e-07,4.1148346544346733e-07,4.1148346544346733e-07,0.007036033370245677,1.5482467554553723,1.0,0.43712316521321565,1.0014915462656058,1.0,0.0,0.0,action_normalized,0.23553554539922533,0.0,0.11517223325097901,0.5937428193931094,1.248336552549764e-28,0.1526414316992487,0.36027589124483117,0.08885835383790645,0.7386124182733728,0.9135092950845572,1.2831884088774443,1.2087482232265034,1.5836853913226883,1.5836127622301601,-7.262909252814254e-05,7.262909252814254e-05,0.2108770186585572,0.2107102903361834
9.600000000000001,2.29,1.0975147148612469e-05,4.357983826979479e-05,3.956029592150136e-06,1.0991844601615816e-05,4.364614009623502e-05,3.962048246597346e-06,1.1052676296839021e-05,4.388768906169376e-05,3.983975240667223e-06,6.630182644023369e-08,6.630182644023369e-08,2.4154896545873673e-07,2.4154896545873673e-07,3.078507918989704e-07,3.078507918989704e-07,0.007064064579430576,1.5480056645464257,1.0,0.4369674344285572,1.0015213876203435,1.0,0.0,0.0,action_normalized,0.24024790325606307,0.0,0.11485685465158924,0.5829075326954241,1.5205403539759331e-28,0.1066533286499557,0.23877254389671365,0.18728807642891,0.8851615241092997,0.9126874962560492,1.3214390644595304,1.1497013156171452,0.9999999976954087,0.9999999976940247,-1.3840040224977201e-12,1.3840040224977201e-12,1.000000011522956,1.0000000115298757
10.4,2.29,7.422066674332488e-06,2.9967976025562966e-05,2.109988126980817e-06,7.434887919069857e-06,3.001974418822797e-05,2.113633024737195e-06,7.474498672638647e-06,3.0179679980425733e-05,2.124893799316322e-06,5.176816266500429e-08,5.176816266500429e-08,1.599357921977629e-07,1.599357921977629e-07,2.1170395486276719e-07,2.1170395486276719e-07,0.007064339436276301,1.5229622419775668,1.0,0.42065728173279693,1.001727449415364,1.0,0.0,0.0,action_normalized,0.2727878776405821,0.0,0.12533762689732517,0.5770575937977077,1.8818072701279693e-28,0.19108966093919896,0.472461907610346,0.220824975839357,0.9172112585624159,0.9115432849486551,1.3800538890700427,1.2559774722814012,0.4952546207157742,0.4952548859499107,2.65234136487269e-07,2.65234136487269e-07,5.116026258350984,5.1160232587344305
11.2,2.29,4.5585081660190835e-06,1.6473387671554577e-05,7.956065792357084e-07,4.567280323455357e-06,1.6505088207102774e-05,7.971376034033113e-07,4.590712163334216e-06,1.658976542344729e-05,8.012272145858001e-07,3.1700535548197164e-08,3.1700535548197164e-08,8.467721634451683e-08,8.467721634451683e-08,1.16377751892714e-07,1.16377751892714e-07,0.007064591340472688,1.499419168235305,1.0,0.40507781194222237,1.001924348299223,1.0,0.0,0.0,action_normalized,0.30388090309184984,0.0,0.1353663151635882,0.574438023443826,2.578737721754412e-28,0.26361689275729705,0.7159775670150244,0.25761164719784035,0.9184677846791968,0.9102765337790458,1.4258283043479079,1.3404293458524341,0.1521117480628422,0.15211190675466826,1.5869182606875754e-07,1.5869182606875754e-07,9.732656808267343,9.732654332896681
12.0,2.29,2.510495990417262e-06,8.24875376551266e-06,4.859948941395019e-07,2.515693677042951e-06,8.265831839841103e-06,4.870010893977553e-07,2.52814101796753e-06,8.30673015265027e-06,4.894107105077073e-07,1.70780743284439e-08,1.70780743284439e-08,4.089831280916689e-08,4.089831280916689e-08,5.797638713761079e-08,5.797638713761079e-08,0.0070285025818088,1.4779687035454037,1.0,0.3906686474340275,1.0020703823648909,1.0,0.0,0.0,action_normalized,0.32694167840744204,0.0,0.14464355018632655,0.5733930785188157,3.6558279871948243e-28,0.324701506182844,0.9616532811955605,0.21985478162960875,0.8771172992589951,0.909309125993386,1.436593773313573,1.407463712250409,0.0382053009617196,0.03820260551453944,-2.6954471801579616e-06,2.6954471801579616e-06,11.590530014554753,11.59057589767118
12.8,2.29,6.987843054667026e-07,2.049407164373645e-06,2.0546712359160915e-07,6.996715982476896e-07,2.0520094325814825e-06,2.057280188264717e-07,7.037145075264399e-07,2.0638665495429887e-06,2.0691677612103037e-07,2.602268207837697e-09,2.602268207837697e-09,1.185711696150619e-08,1.185711696150619e-08,1.4459385169343887e-08,1.4459385169343887e-08,0.007055398956684663,1.5781226258875372,1.0,0.4562359290923607,1.0012697663270993,1.0,0.0,0.0,action_normalized,0.2005134612847199,0.0,0.10063809092004923,0.533831761956101,6.464043951341822e-28,0.11428700520012199,0.2580678072267517,0.17569428045847932,0.7916631112425582,0.9085359295993752,1.2989828505253205,1.1597086448540501,0.0023603078882808537,0.002360267275708538,-4.061257231555149e-08,4.061257231555149e-08,12.20872943103838,12.208730140560176
13.600000000000001,2.29,2.232615842182344e-07,5.624665966500286e-07,8.964824685951624e-08,2.235293585384699e-07,5.631412049177273e-07,8.975576870859372e-08,2.248306332905673e-07,5.664195278933602e-07,9.02782813505091e-08,6.746082676986801e-10,6.746082676986801e-10,3.278322975632945e-09,3.278322975632945e-09,3.952931243331625e-09,3.952931243331625e-09,0.007027850661487675,1.5835144599575646,1.0,0.4596467185984162,1.0011993748103738,1.0,0.0,0.0,action_normalized,0.18939767851232558,0.0,0.09808481357269962,0.5280197945307815,1.1763491354089637e-27,0.11527755794505871,0.2605959846057573,0.14219344601157302,0.6820504454706652,0.9078255609830228,1.263699751843089,1.1610009932696252,0.00017781550164771938,0.00017780271386598525,-1.2787781734132503e-08,1.2787781734132503e-08,12.246888426335868,12.246888650093625
14.4,2.29,1.1131786841462659e-07,2.7939705681149466e-07,4.0786100514704094e-08,1.1146962019464291e-07,2.797779390661255e-07,4.084170132202442e-08,1.1209824755467766e-07,2.813557327907654e-07,4.1072026058365686e-08,3.808822546308399e-10,3.808822546308399e-10,1.5777937246398953e-09,1.5777937246398953e-09,1.9586759792707352e-09,1.9586759792707352e-09,0.007010367258779776,1.5609164733916419,1.0,0.4452731317042589,1.0013632293016166,1.0,0.0,0.0,action_normalized,0.21527254263885948,0.0,0.10740742647090296,0.5324706060175548,1.7068965601937106e-27,0.19599958236239193,0.48756089689181237,0.14358465010708318,0.695867255817441,0.9074250518596708,1.3078627676623271,1.2618790978739667,4.3876472818902545e-05,4.387179393208668e-05,-4.678886815865518e-09,4.678886815865518e-09,12.249232173757822,12.249232255635775
15.200000000000001,2.29,4.967571039074503e-08,1.468720582307213e-07,1.1762280000545826e-08,4.9753685588024624e-08,1.471026010377656e-07,1.1780743070249029e-08,5.0025741186991815e-08,1.4790696529263385e-07,1.1845160752564942e-08,2.3054280704428703e-10,2.3054280704428703e-10,8.04364254868252e-10,8.04364254868252e-10,1.034907061912539e-09,1.034907061912539e-09,0.007046316871836871,1.5399344597018174,1.0,0.4317398568847099,1.0015696845936626,1.0,0.0,0.0,action_normalized,0.247874655582959,0.0,0.11619019864791928,0.5368226415498417,2.498812114529351e-27,0.26351295792832896,0.7155942817054621,0.20614409899481195,0.8194617171975535,0.9072272012461313,1.3881579330122558,1.3403122806873127,1.2124651525205085e-05,1.2124224178501117e-05,-4.273467039681483e-10,4.273467039681483e-10,12.249787819517099,12.249787826995606
16.0,2.29,2.011529603474338e-08,5.610123846147463e-08,5.233258414591782e-09,2.0149616367339606e-08,5.6196957319389145e-08,5.242187299806326e-09,2.0256491292573485e-08,5.649502977408939e-08,5.269992215071954e-09,9.571885791451394e-11,9.571885791451394e-11,2.9807245470024656e-10,2.9807245470024656e-10,3.937913126147605e-10,3.937913126147605e-10,0.00701929803002801,1.520124718640573,1.0,0.4187923832293445,1.0017061808355665,1.0,0.0,0.0,action_normalized,0.2694292781401816,0.0,0.12459912372608362,0.5415392062573733,4.065316595002466e-27,0.3217878591111364,0.9489298103375201,0.18083051406094844,0.7865284897150572,0.9070552828249248,1.4027336804995698,1.4043428740235022,1.7690327504325792e-06,1.7688754885756183e-06,-1.5726185696090115e-10,1.5726185696090115e-10,12.249969041946422,12.249969044698503
16.8,2.29,9.393468799889236e-09,2.4786835692657357e-08,2.2555613727029972e-09,9.410818779447119e-09,2.483261761856073e-08,2.259727452831821e-09,9.459252477435816e-09,2.4960421110498424e-08,2.2713573608719432e-09,4.5781925903373475e-11,4.5781925903373475e-11,1.278034919376937e-10,1.278034919376937e-10,1.7358541784106717e-10,1.7358541784106717e-10,0.007003129402777647,1.5013415333766713,1.0,0.40635906399495303,1.0018470258354493,1.0,0.0,0.0,action_normalized,0.29167062903159935,0.0,0.13268580337603814,0.5432180507548596,6.170586853108524e-27,0.3729068193667717,1.1893186878231288,0.1777839621892827,0.7741202161518419,0.9071615083644379,1.424429454268667,1.4580718575681215,3.4532908022367857e-07,3.452872933931953e-07,-4.178683048325945e-11,4.178683048325945e-11,12.24999395674184,12.249993957473109
17.6,2.29,3.4844108883180457e-09,7.139226485334225e-09,8.222198924376402e-10,3.48922556243261e-09,7.149091294640208e-09,8.233560158626563e-10,3.5088717188711043e-09,7.1893444005098275e-09,8.279919388784604e-10,9.864809305983397e-12,9.864809305983397e-12,4.025310586961934e-11,4.025310586961934e-11,5.0117915175602737e-11,5.0117915175602737e-11,0.00702007637361801,1.559816346703205,1.0,0.44456808785883606,1.0013817756484191,1.0,0.0,0.0,action_normalized,0.21820126433529213,0.0,0.10702376707827714,0.5253311760113416,1.0452097502090277e-26,0.2679119024066777,0.7319116463917812,0.1320001313909301,0.6787167217905434,0.9037860142270192,1.3366351644987071,1.345257621215382,5.6207073804593766e-08,5.5421309149153085e-08,-7.85764655440681e-10,7.85764655440681e-10,12.249999016376224,12.249999030127107
18.4,2.29,1.7949803590232282e-09,1.9969300124387082e-09,3.8732741948561017e-10,1.7969745348657373e-09,1.999148549020442e-09,3.877577300342448e-10,1.807523638066096e-09,2.0108845107423702e-09,3.900340540619382e-10,2.2185365817337405e-12,2.2185365817337405e-12,1.173596172192823e-11,1.173596172192823e-11,1.395449830366197e-11,1.395449830366197e-11,0.006987975650994567,1.5896510516836373,1.0,0.463514527796402,1.0011109736284771,1.0,0.0,0.0,action_normalized,0.17543792340978479,0.0,0.09421603304878111,0.5139240325215798,1.686044268142297e-26,0.20297833384972,0.5093420730458487,0.0,0.5139240325215797,0.9043734450498737,1.229970175055255,1.2702190003210754,5.6207073804593766e-08,5.5421309149153085e-08,-7.85764655440681e-10,7.85764655440681e-10,12.249999016376224,12.249999030127107
19.200000000000003,2.29,0.0,0.0,0.0,1e-30,1e-30,1e-30,1.0057161736535278e-30,1.0057161736535278e-30,1.0057161736535278e-30,1e-30,1e-30,5.716173653527695e-33,5.716173653527695e-33,1.0057161736535278e-30,1.0057161736535278e-30,1.0057161736535276,1.5704009692603986,1.0,0.4513309811859851,1.0007338863028497,1.0,0.0,0.0,action_normalized,0.11589067975208274,0.0,0.10217329191624851,0.0,0.0,0.26851220272081255,0.7341536078101636,0.0,0.0,-0.0,1.1342561013604062,1.3459310085035026,5.6207073804593766e-08,5.5421309149153085e-08,-7.85764655440681e-10,7.85764655440681e-10,12.249999016376224,12.249999030127107
20.0,2.29,0.0,0.0,0.0,1e-30,1e-30,1e-30,1.0055641423643005e-30,1.0055641423643005e-30,1.0055641423643005e-30,1e-30,1e-30,5.564142364300414e-33,5.564142364300414e-33,1.0055641423643005e-30,1.0055641423643005e-30,1.0055641423643005,1.5516627094173834,1.0,0.43932707173589636,1.0008103337191063,1.0,0.0,0.0,action_normalized,0.12796277184710375,0.0,0.11002090405486509,0.0,0.0,0.3261537967964966,0.9680363122799913,0.0,0.0,-0.0,1.1630768983982482,1.409016545507328,5.6207073804593766e-08,5.5421309149153085e-08,-7.85764655440681e-10,7.85764655440681e-10,12.249999016376224,12.249999030127107
4.0,2.4800000000000004,0.00018188022143403752,0.0015198330466008035,0.0003243748766724725,0.0001820765412695555,0.0015214735403904576,0.0003247250039261805,0.00018264745871943692,0.001526244258175874,0.00032574320852223445,1.6404937896541492e-06,1.6404937896541492e-06,4.770717785416469e-06,4.770717785416469e-06,6.411211575070618e-06,6.411211575070618e-06,0.004218365687869251,1.280917082806759,1.0,0.24757629233153006,1.0010793907879048,1.0,0.0,0.0,action_normalized,0.17045056113280374,0.0,0.07718149434815945,0.7373895431433497,2.876436969381539e-29,0.052928468881864164,0.11177290657100736,0.09029178776792637,0.8883488013290995,0.7588920048651987,1.2711243817151885,1.0767321020559757,2.863330704368112,2.8632948650002907,-3.583936782147745e-05,3.583936782147745e-05,13.383354689665474,13.382699137101369
4.8,2.4800000000000004,0.00019723472712080903,0.0015693552359671088,0.00015130647232297316,0.00019746345532323576,0.0015711751781615272,0.00015148193867180112,0.0001982329616193093,0.0015772979778960433,0.0001520722570441732,1.8199421944183145e-06,1.8199421944183145e-06,6.122799734516139e-06,6.122799734516139e-06,7.942741928934453e-06,7.942741928934453e-06,0.005061149793813107,1.3602809677586774,1.0,0.30769127235057525,1.0011596751026843,1.0,0.0,0.0,action_normalized,0.1831285519565795,0.0,0.07111786048012514,0.7484655663114287,2.993467745694783e-29,0.3330127461264275,0.9985580509745398,0.1957340473559828,1.029121952007604,0.8339479067863083,1.4727203729041105,1.4163259993902102,13.88716695832063,13.886611170849605,-0.0005557874710255817,0.0005557874710255817,974.5583665310905,974.4716158249132
5.6,2.4800000000000004,0.00015723407141749095,0.001302131195698094,5.95087694011172e-05,0.0001574979854407006,0.001304316795037381,5.9608653596745535e-05,0.00015821221619794631,0.0013102316844856565,5.9878970284782355e-05,2.185599339287001e-06,2.185599339287001e-06,5.914889448275541e-06,5.914889448275541e-06,8.100488787562542e-06,8.100488787562542e-06,0.006220946717446345,1.4305484675437201,1.0,0.35805791447458585,1.0016784785945592,1.0,0.0,0.0,action_normalized,0.2650547155839386,0.0,0.1092096338293002,0.7674180092973474,3.368030663815032e-29,0.04896323098045846,0.10296811348511037,0.28060102967778355,1.1142916503198257,0.8790244134175882,1.3732047854896314,1.0711593535980681,58.01438788134137,58.008467723289726,-0.005920158051644364,0.005920158051644364,20032.43071986858,20028.241362367087
6.4,2.4800000000000004,0.0001040366924901613,0.000672270658810036,2.7225855101631526e-05,0.00010425347183182556,0.0006736714568107108,2.7282585114898106e-05,0.0001047689335375562,0.0006770022987685677,2.7417478731513126e-05,1.400798000674797e-06,1.400798000674797e-06,3.330841957856906e-06,3.330841957856906e-06,4.731639958531703e-06,4.731639958531703e-06,0.0070382961036958265,1.4775528482269376,1.0,0.3903872383399466,1.002083681598055,1.0,0.0,0.0,action_normalized,0.32904180913009895,0.0,0.1316552460415761,0.7152824913374339,4.490444038003538e-29,0.23684225745303278,0.6206901777936342,0.28047183716500834,1.0740812971703386,0.9010346820211551,1.4570594123103533,1.309910589913548,59.895566769515405,59.89484402808891,-0.0007227414264932008,0.0007227414264932008,21385.820823042715,21385.29236169031
7.2,2.4800000000000004,7.600620508195545e-05,0.0001209653670688274,1.7567924450041457e-05,7.616429155817682e-05,0.00012121696479830379,1.7604464246599326e-05,7.655034834747155e-05,0.00012183138175513111,1.769369665203836e-05,2.5159772947638316e-07,2.5159772947638316e-07,6.144169568273188e-07,6.144169568273188e-07,8.660146863037019e-07,8.660146863037019e-07,0.007159195291086523,1.4921401916441892,1.0,0.40021145959540433,1.002079915397051,1.0,0.0,0.0,action_normalized,0.3284470745060565,0.0,0.14069871838435052,0.6301148433093944,8.300513183159487e-29,0.5397550802947837,2.3455123877977533,0.05673892634684577,0.5919360462240219,0.9103279033972314,1.4320462832901086,1.6204236024415644,3.53280364425829,3.5330903214137175,0.0002866771554272951,0.0002866771554272951,28.430321156009022,28.437964495680475
8.0,2.4800000000000004,6.313932625028321e-05,8.59108199667477e-05,1.3492968614758651e-05,6.328043672320856e-05,8.610282259260495e-05,1.3523124134233914e-05,6.358692947585925e-05,8.651985339191553e-05,1.358862209466152e-05,1.920026258572555e-07,1.920026258572555e-07,4.1703079931057734e-07,4.1703079931057734e-07,6.090334251678328e-07,6.090334251678328e-07,0.007089135284747171,1.4658274448318904,1.0,0.38241989178356733,1.0022349062193978,1.0,0.0,0.0,action_normalized,0.35292224414386236,0.0,0.1520636193182569,0.605861904420752,9.732597763314594e-29,0.5891268740470006,2.8676826827286432,0.04473497088292337,0.5580450316041937,0.9133806414947753,1.4452584376452795,1.665287061215118,2.326336273832506,2.32640122596856,6.495213605406391e-05,6.495213605406391e-05,5.363118076361823,5.363870196725319
8.8,2.4800000000000004,2.2146858270532902e-05,5.848230718768981e-05,7.047750146085177e-06,2.2179891334263212e-05,5.856953625453208e-05,7.058262191490764e-06,2.230268430435237e-05,5.889379065258356e-05,7.097338351292426e-06,8.72290668422709e-08,8.72290668422709e-08,3.242543980514788e-07,3.242543980514788e-07,4.114834648937497e-07,4.114834648937497e-07,0.007036033369428432,1.5482467554553723,1.0,0.43712316521321565,1.0014915462647929,1.0,0.0,0.0,action_normalized,0.23553554527085543,0.0,0.11517223325097901,0.5937428188013033,1.2483365525809008e-28,0.1526414316992487,0.36027589124483117,0.08885835383790645,0.7386124173819069,0.9135092949214365,1.2831884086545777,1.2087482232265034,1.5836853887134927,1.5836127596189096,-7.262909458316535e-05,7.262909458316535e-05,0.21087701266766848,0.2107102843429469
9.600000000000001,2.4800000000000004,1.0975147142501783e-05,4.3579838309926065e-05,3.9560295877021215e-06,1.0991844595504119e-05,4.364614013646026e-05,3.9620482421455506e-06,1.1052676290693501e-05,4.388768910214161e-05,3.983975236190791e-06,6.630182653419336e-08,6.630182653419336e-08,2.4154896568135054e-07,2.4154896568135054e-07,3.078507922155439e-07,3.078507922155439e-07,0.007064064580189724,1.5480056645464257,1.0,0.4369674344285572,1.0015213876210984,1.0,0.0,0.0,action_normalized,0.2402479033752912,0.0,0.11485685465158924,0.5829075332925521,1.520540353944639e-28,0.1066533286499557,0.23877254389671365,0.18728807642891,0.8851615247384971,0.912687496045802,1.3214390646168297,1.1497013156171452,0.9999999996784092,0.9999999996784376,2.8310687127941492e-14,2.8310687127941492e-14,1.0000000016079533,1.0000000016078117
10.4,2.4800000000000004,7.422066686678523e-06,2.996797598611787e-05,2.1099881278010496e-06,7.434887931429161e-06,3.0019744148682204e-05,2.1136330255565542e-06,7.474498685063798e-06,3.017967994066928e-05,2.124893800140047e-06,5.176816256433273e-08,5.176816256433273e-08,1.599357919870753e-07,1.599357919870753e-07,2.1170395455140804e-07,2.1170395455140804e-07,0.007064339435184949,1.5229622419775668,1.0,0.42065728173279693,1.0017274494142785,1.0,0.0,0.0,action_normalized,0.2727878774691614,0.0,0.12533762689732517,0.5770575930771609,1.8818072703150271e-28,0.19108966093919896,0.472461907610346,0.220824975839357,0.917211257615645,0.9115432850353611,1.38005388883335,1.2559774722814012,0.4952546194049395,0.49525488463802203,2.6523308255255174e-07,2.6523308255255174e-07,5.11602627317563,5.116023273570992
11.2,2.4800000000000004,4.558508082537998e-06,1.6473387832136306e-05,7.956066050852777e-07,4.567280239824141e-06,1.6505088368031526e-05,7.971376293044596e-07,4.590712079273942e-06,1.6589765585201666e-05,8.012272406198308e-07,3.1700535895219786e-08,3.1700535895219786e-08,8.467721717014018e-08,8.467721717014018e-08,1.1637775306535996e-07,1.1637775306535996e-07,0.007064591342791681,1.499419168235305,1.0,0.40507781194222237,1.00192434830153,1.0,0.0,0.0,action_normalized,0.30388090345615676,0.0,0.1353663151635882,0.5744380236196981,2.578737719268957e-28,0.26361689275729705,0.7159775670150244,0.25761164719784035,0.9184677908795132,0.9102765380356049,1.425828305897987,1.3404293458524341,0.15211175100148555,0.15211190969401325,1.5869252770195352e-07,1.5869252770195352e-07,9.732656762428611,9.732654287047012
12.0,2.4800000000000004,2.51049571798009e-06,8.248755831060166e-06,4.859946604585267e-07,2.5156934046686136e-06,8.26583391172484e-06,4.870008553543265e-07,2.5281407442455184e-06,8.30673223478543e-06,4.894104753062606e-07,1.7078080664673862e-08,1.7078080664673862e-08,4.089832306058981e-08,4.089832306058981e-08,5.797640372526367e-08,5.797640372526367e-08,0.007028502832749299,1.4779687035454037,1.0,0.3906686474340275,1.002070382614596,1.0,0.0,0.0,action_normalized,0.32694171783929804,0.0,0.14464355018632655,0.573393224602195,3.6558279429173075e-28,0.324701506182844,0.9616532811955605,0.21985478162960875,0.8771174587906886,0.909309057457207,1.4365938131964964,1.407463712250409,0.03820532013257955,0.03820262470306413,-2.6954295154202335e-06,2.6954295154202335e-06,11.590529688220059,11.590575571035142
12.8,2.4800000000000004,6.987841025928219e-07,2.049408911684897e-06,2.0546668407898788e-07,6.99671395581801e-07,2.0520111834769173e-06,2.05727578892673e-07,7.037143036894879e-07,2.0638683105556145e-06,2.0691633364516415e-07,2.602271792020344e-09,2.602271792020344e-09,1.1857127078697258e-08,1.1857127078697258e-08,1.4459398870717602e-08,1.4459398870717602e-08,0.007055399626827026,1.5781226258875372,1.0,0.4562359290923607,1.0012697669933917,1.0,0.0,0.0,action_normalized,0.20051356650139,0.0,0.10063809092004923,0.5338323643152548,6.4640438474176565e-28,0.11428700520012199,0.2580678072267517,0.17569428045847932,0.7916637972139454,0.9085356366479935,1.2989830220181673,1.1597086448540501,0.0023603119148784086,0.002360271305377479,-4.0609500929524034e-08,4.0609500929524034e-08,12.20872936069172,12.20873007015986
13.600000000000001,2.4800000000000004,2.2326194978907245e-07,5.624667345886857e-07,8.964752703803287e-08,2.235297248441031e-07,5.631413437683946e-07,8.975504814276501e-08,2.2483100172864645e-07,5.664196675523458e-07,9.027755658991096e-08,6.746091797089012e-10,6.746091797089012e-10,3.2783237839511926e-09,3.2783237839511926e-09,3.952932963660094e-09,3.952932963660094e-09,0.007027851996528736,1.5835144599575646,1.0,0.4596467185984162,1.0011993761376878,1.0,0.0,0.0,action_normalized,0.1893978881133532,0.0,0.09808481357269962,0.5280211608046792,1.1763494738739079e-27,0.11527755794505871,0.2605959846057573,0.14219344601157302,0.6820515197401089,0.9078244391942292,1.26370002041045,1.1610009932696252,0.00017781558896087508,0.00017780280164427328,-1.2787316601805317e-08,1.2787316601805317e-08,12.24688842480808,12.246888648557697
14.4,2.4800000000000004,1.1131775215698983e-07,2.794000179578865e-07,4.0785166673063826e-08,1.1146950464080063e-07,2.7978090641350405e-07,4.084076652327052e-08,1.1209813134917525e-07,2.813587168723514e-07,4.1071085987860865e-08,3.808884556175393e-10,3.808884556175393e-10,1.577810458847371e-09,1.577810458847371e-09,1.95869891446491e-09,1.95869891446491e-09,0.0070103750485804965,1.5609164733916419,1.0,0.4452731317042589,1.0013632370477332,1.0,0.0,0.0,action_normalized,0.21527376585655983,0.0,0.10740742647090296,0.5324768155223147,1.7068971243440566e-27,0.19599958236239193,0.48756089689181237,0.14358465010708318,0.6958757842244063,0.9074217929250221,1.3078648997640685,1.2618790978739667,4.3877402874174614e-05,4.387272456693458e-05,-4.678307240035915e-09,4.678307240035915e-09,12.249232157482366,12.249232239350176
15.200000000000001,2.4800000000000004,4.967747595064845e-08,1.4687159898936166e-07,1.176045210847181e-08,4.97554551848934e-08,1.4710214481727169e-07,1.1778912608572583e-08,5.0027520460103277e-08,1.4790650657750384e-07,1.1843320281834053e-08,2.3054582791002812e-10,2.3054582791002812e-10,8.043617602321585e-10,8.043617602321585e-10,1.0349075881421866e-09,1.0349075881421866e-09,0.0070463424873392164,1.5399344597018174,1.0,0.4317398568847099,1.00156971006986,1.0,0.0,0.0,action_normalized,0.24787867862280175,0.0,0.11619019864791928,0.5368461997978402,2.4988186859965714e-27,0.26351295792832896,0.7155942817054621,0.20614409899481195,0.8194667197465321,0.9072053437120633,1.3881591836495004,1.3403122806873127,1.2124575704544754e-05,1.2124148977298958e-05,-4.2672724579551145e-10,4.2672724579551145e-10,12.249787820843952,12.249787828311614
16.0,2.4800000000000004,2.014453801101653e-08,5.599354655929196e-08,5.237878715422869e-09,2.0178888234961823e-08,5.608902608147068e-08,5.24681028321433e-09,2.028591842015731e-08,5.638652606160007e-08,5.274639719095988e-09,9.547952217871815e-11,9.547952217871815e-11,2.9749998012938777e-10,2.9749998012938777e-10,3.929795023081059e-10,3.929795023081059e-10,0.007018299901614147,1.520124718640573,1.0,0.4187923832293445,1.0017051879733607,1.0,0.0,0.0,action_normalized,0.2692724916250372,0.0,0.12459912372608362,0.54098728248732,4.065868177220089e-27,0.3217878591111364,0.9489298103375201,0.18083051406094844,0.7852718264453679,0.9071300054581891,1.4024195146821474,1.4043428740235022,1.7622476007587655e-06,1.7620874490163788e-06,-1.6015174238667333e-10,1.6015174238667333e-10,12.249969160686396,12.249969163489043
16.8,2.4800000000000004,9.337349222530798e-09,2.5043653789138157e-08,2.2359326924194416e-09,9.354652290850145e-09,2.5090062254983465e-08,2.2400761056315167e-09,9.402796922519583e-09,2.5219190710886734e-08,2.2516048760939557e-09,4.640846584530759e-11,4.640846584530759e-11,1.2912845590326985e-10,1.2912845590326985e-10,1.7553692174857743e-10,1.7553692174857743e-10,0.007009237678597469,1.5013415333766713,1.0,0.40635906399495303,1.0018531028353952,1.0,0.0,0.0,action_normalized,0.29263027039820866,0.0,0.13268580337603814,0.5464962461447119,6.166773348968587e-27,0.3729068193667717,1.1893186878231288,0.1777839621892827,0.780749074955125,0.9061797356278646,1.4260866689694878,1.4580718575681215,3.5252210824165994e-07,3.5248372716292484e-07,-3.8381078735096375e-11,3.8381078735096375e-11,12.249993830863879,12.249993831535551
17.6,2.4800000000000004,3.484410888318046e-09,7.139226485334225e-09,8.222198924376402e-10,3.4892255624326104e-09,7.149091294640208e-09,8.233560158626563e-10,3.5088717188711048e-09,7.1893444005098275e-09,8.279919388784604e-10,9.864809305983397e-12,9.864809305983397e-12,4.025310586961934e-11,4.025310586961934e-11,5.0117915175602737e-11,5.0117915175602737e-11,0.00702007637361801,1.559816346703205,1.0,0.44456808785883606,1.0013817756484191,1.0,0.0,0.0,action_normalized,0.21820126433529216,0.0,0.10702376707827714,0.5253311760113417,1.0452097502090277e-26,0.2679119024066777,0.7319116463917812,0.1320001313909301,0.6787167217905434,0.9037860142270192,1.3366351644987071,1.345257621215382,5.6207073804593766e-08,5.5421309149153085e-08,-7.85764655440681e-10,7.85764655440681e-10,12.249999016376224,12.249999030127107
18.4,2.4800000000000004,1.7949803590232282e-09,1.9969300124387082e-09,3.8732741948561017e-10,1.7969745348657373e-09,1.999148549020442e-09,3.877577300342448e-10,1.807523638066096e-09,2.0108845107423702e-09,3.900340540619382e-10,2.2185365817337405e-12,2.2185365817337405e-12,1.173596172192823e-11,1.173596172192823e-11,1.395449830366197e-11,1.395449830366197e-11,0.006987975650994567,1.5896510516836373,1.0,0.463514527796402,1.0011109736284771,1.0,0.0,0.0,action_normalized,0.17543792340978479,0.0,0.09421603304878111,0.5139240325215798,1.686044268142297e-26,0.20297833384972,0.5093420730458487,0.0,0.5139240325215797,0.9043734450498737,1.229970175055255,1.2702190003210754,5.6207073804593766e-08,5.5421309149153085e-08,-7.85764655440681e-10,7.85764655440681e-10,12.249999016376224,12.249999030127107
19.200000000000003,2.4800000000000004,0.0,0.0,0.0,1e-30,1e-30,1e-30,1.0057161736535278e-30,1.0057161736535278e-30,1.0057161736535278e-30,1e-30,1e-30,5.716173653527695e-33,5.716173653527695e-33,1.0057161736535278e-30,1.0057161736535278e-30,1.0057161736535276,1.5704009692603986,1.0,0.4513309811859851,1.0007338863028497,1.0,0.0,0.0,action_normalized,0.11589067975208274,0.0,0.10217329191624851,0.0,0.0,0.26851220272081255,0.7341536078101636,0.0,0.0,-0.0,1.1342561013604062,1.3459310085035026,5.6207073804593766e-08,5.5421309149153085e-08,-7.85764655440681e-10,7.85764655440681e-10,12.249999016376224,12.249999030127107
20.0,2.4800000000000004,0.0,0.0,0.0,1e-30,1e-30,1e-30,1.0055641423643005e-30,1.0055641423643005e-30,1.0055641423643005e-30,1e-30,1e-30,5.564142364300414e-33,5.564142364300414e-33,1.0055641423643005e-30,1.0055641423643005e-30,1.0055641423643005,1.5516627094173834,1.0,0.43932707173589636,1.0008103337191063,1.0,0.0,0.0,action_normalized,0.12796277184710375,0.0,0.11002090405486509,0.0,0.0,0.3261537967964966,0.9680363122799913,0.0,0.0,-0.0,1.1630768983982482,1.409016545507328,5.6207073804593766e-08,5.5421309149153085e-08,-7.85764655440681e-10,7.85764655440681e-10,12.249999016376224,12.249999030127107
4.0,2.6700000000000004,0.0001834888120595809,0.0015230826335008037,0.0003228518417737125,0.0001836869658749565,0.0015247274456916557,0.00032320049695072536,0.00018426293295672642,0.001529508366391208,0.0003242139213173841,1.6448121908519808e-06,1.6448121908519808e-06,4.780920699552207e-06,4.780920699552207e-06,6.425732890404188e-06,6.425732890404188e-06,0.004218899716317196,1.280917082806759,1.0,0.24757629233153006,1.0010799231470924,1.0,0.0,0.0,action_normalized,0.17053462792609822,0.0,0.07718149434815945,0.7380469811128293,2.876311547830275e-29,0.052928468881864164,0.11177290657100736,0.09029178776792637,0.8889322694743258,0.7589108590241562,1.271270248751495,1.0767321020559757,2.9026971890451216,2.9026605213413705,-3.6667703751103176e-05,3.6667703751103176e-05,14.113117762275687,14.112429014986999
4.8,2.6700000000000004,0.00019736992451803879,0.0015694394316102679,0.00015124680189505335,0.00019759880403574125,0.001571259427949869,0.00015142219485401765,0.0001983688377797229,0.0015773825560020604,0.00015201228040739108,1.8199963396012264e-06,1.8199963396012264e-06,6.123128052191269e-06,6.123128052191269e-06,7.943124391792495e-06,7.943124391792495e-06,0.005061121972475696,1.3602809677586774,1.0,0.30769127235057525,1.0011596473893445,1.0,0.0,0.0,action_normalized,0.18312417564136352,0.0,0.07111786048012514,0.7484380062185624,2.9934298259132183e-29,0.3330127461264275,0.9985580509745398,0.1957340473559828,1.0290740285883435,0.8339808739601283,1.4727083920492954,1.4163259993902102,13.899469934829549,13.898913214149502,-0.0005567206800467517,0.0005567206800467517,976.4796790731738,976.3926970927563
5.6,2.6700000000000004,0.00015724182456759554,0.001302126352564385,5.950687418721459e-05,0.00015750575009823892,0.001304311931302805,5.9606754631809906e-05,0.00015822001606709206,0.0013102267986947423,5.987706270831332e-05,2.185578738419852e-06,2.185578738419852e-06,5.9148673919374485e-06,5.9148673919374485e-06,8.1004461303573e-06,8.1004461303573e-06,0.006220937096007943,1.4305484675437201,1.0,0.35805791447458585,1.0016784690165557,1.0,0.0,0.0,action_normalized,0.2650532030862365,0.0,0.1092096338293002,0.7674103089396564,3.3680289924431367e-29,0.04896323098045846,0.10296811348511037,0.28060102967778355,1.1142842376173367,0.8790269837621539,1.3732029323140094,1.0711593535980681,58.01738508976949,58.01146420834089,-0.0059208814286009215,0.0059208814286009215,20034.55184002033,20030.36174882663
6.4,2.6700000000000004,0.00010403708255399988,0.0006722701488916236,2.7225781826902705e-05,0.00010425386256741056,0.0006736709449185276,2.7282511650583495e-05,0.0001047693262050599,0.0006770017843454297,2.7417404903968012e-05,1.4007960269039324e-06,1.4007960269039324e-06,3.330839426902185e-06,3.330839426902185e-06,4.731635453806117e-06,4.731635453806117e-06,0.007038294741492236,1.4775528482269376,1.0,0.3903872383399466,1.0020836802425535,1.0,0.0,0.0,action_normalized,0.3290415950779118,0.0,0.1316552460415761,0.7152816209670805,4.4904440380872964e-29,0.23684225745303278,0.6206901777936342,0.28047183716500834,1.0740804630856768,0.9010347912624492,1.4570592037891879,1.309910589913548,59.89571924138318,59.894996456972976,-0.0007227844102075665,0.0007227844102075665,21385.93230979204,21385.40381563301
7.2,2.6700000000000004,7.600622864338473e-05,0.0001209653556031762,1.756792018956085e-05,7.616431516049782e-05,0.0001212169532958913,1.7604459975381812e-05,7.65503720694265e-05,0.00012183137019441591,1.7693692359171163e-05,2.5159769271509904e-07,2.5159769271509904e-07,6.14416898524618e-07,6.14416898524618e-07,8.66014591239717e-07,8.66014591239717e-07,0.00715919518379011,1.4921401916441892,1.0,0.40021145959540433,1.0020799152902957,1.0,0.0,0.0,action_normalized,0.3284470576479244,0.0,0.14069871838435052,0.6301147730409906,8.300513024405297e-29,0.5397550802947837,2.3455123877977533,0.05673892634684577,0.5919359991362121,0.9103279023427275,1.4320462715181563,1.6204236024415644,3.532803951222684,3.5330906281589627,0.0002866769362785959,0.0002866769362785959,28.430329339694335,28.437972674622486
8.0,2.6700000000000004,6.313932801633746e-05,8.591081903113288e-05,1.3492968299093392e-05,6.328043849266703e-05,8.610282165416063e-05,1.3523123817747187e-05,6.358693125388793e-05,8.651985244892593e-05,1.358862177664192e-05,1.9200262302774532e-07,1.9200262302774532e-07,4.170307947653037e-07,4.170307947653037e-07,6.09033417793049e-07,6.09033417793049e-07,0.0070891352761093315,1.4658274448318904,1.0,0.38241989178356733,1.0022349062108018,1.0,0.0,0.0,action_normalized,0.3529222427864062,0.0,0.1520636193182569,0.6058618987927822,9.732597749047201e-29,0.5891268740470006,2.8676826827286432,0.04473497088292337,0.5580450296288668,0.9133806404790165,1.4452584371514479,1.665287061215118,2.326336270941947,2.326401223056876,6.49521149287402e-05,6.49521149287402e-05,5.363118042891453,5.363870163007971
8.8,2.6700000000000004,2.2146858335423456e-05,5.848230710570905e-05,7.047750129323704e-06,2.2179891399229518e-05,5.856953617237348e-05,7.058262174697596e-06,2.2302684369678347e-05,5.889379056997011e-05,7.097338334406287e-06,8.722906666443463e-08,8.722906666443463e-08,3.242543975966289e-07,3.242543975966289e-07,4.1148346426106354e-07,4.1148346426106354e-07,0.0070360333684731545,1.5482467554553723,1.0,0.43712316521321565,1.001491546263843,1.0,0.0,0.0,action_normalized,0.23553554512085773,0.0,0.11517223325097901,0.5937428181056691,1.2483365526119756e-28,0.1526414316992487,0.36027589124483117,0.08885835383790645,0.7386124163535156,0.9135092947602114,1.28318840839748,1.2087482232265034,1.583685385599573,1.5836127565025966,-7.26290969763621e-05,7.26290969763621e-05,0.21087700551789895,0.2107102771905116
9.600000000000001,2.6700000000000004,1.0975147146615624e-05,4.3579838298163136e-05,3.956029587259143e-06,1.099184459962215e-05,4.364614012467122e-05,3.962048241701152e-06,1.1052676294834323e-05,4.388768909028733e-05,3.9839752357439325e-06,6.630182650808441e-08,6.630182650808441e-08,2.415489656161087e-07,2.415489656161087e-07,3.078507921241931e-07,3.078507921241931e-07,0.0070640645800002615,1.5480056645464257,1.0,0.4369674344285572,1.00152138762091,1.0,0.0,0.0,action_normalized,0.24024790334552587,0.0,0.11485685465158924,0.582907533152099,1.5205403539707882e-28,0.1066533286499557,0.23877254389671365,0.18728807642891,0.8851615245526332,0.9126874960474894,1.3214390645703638,1.1497013156171452,0.9999999991528034,0.9999999991524792,-3.241851231905457e-13,3.241851231905457e-13,1.0000000042359827,1.0000000042376036
10.4,2.6700000000000004,7.4220666266363025e-06,2.9967976141729828e-05,2.1099881418428763e-06,7.434887871305495e-06,3.0019744304652903e-05,2.1136330396289695e-06,7.4744986246198115e-06,3.017968009747094e-05,2.1248938142874355e-06,5.17681629230749e-08,5.17681629230749e-08,1.5993579281803834e-07,1.5993579281803834e-07,2.1170395574111325e-07,2.1170395574111325e-07,0.0070643394382018205,1.5229622419775668,1.0,0.42065728173279693,1.0017274494172794,1.0,0.0,0.0,action_normalized,0.2727878779430515,0.0,0.12533762689732517,0.577057594864605,1.881807269394664e-28,0.19108966093919896,0.472461907610346,0.220824975839357,0.9172112609487872,0.9115432857625818,1.3800538896666354,1.2559774722814012,0.4952546244239773,0.49525488965997366,2.65235996388391e-07,2.65235996388391e-07,5.116026216413737,5.116023216776163
11.2,2.6700000000000004,4.558508269691014e-06,1.6473387263908685e-05,7.956065931607407e-07,4.567280427232369e-06,1.650508779833122e-05,7.971376173386611e-07,4.590712267643642e-06,1.6589765012578584e-05,8.012272285926434e-07,3.170053442253442e-08,3.170053442253442e-08,8.46772142473649e-08,8.46772142473649e-08,1.1637774866989932e-07,1.1637774866989932e-07,0.00706459131965347,1.499419168235305,1.0,0.40507781194222237,1.0019243482785103,1.0,0.0,0.0,action_normalized,0.3038808998210064,0.0,0.1353663151635882,0.5744380109277872,2.578737726380723e-28,0.26361689275729705,0.7159775670150244,0.25761164719784035,0.9184677686298309,0.9102765365166572,1.4258283003355663,1.3404293458524341,0.15211174052042012,0.15211189920596632,1.5868554620324105e-07,1.5868554620324105e-07,9.732656925918592,9.732654450645876
12.0,2.6700000000000004,2.510495908428932e-06,8.248754552295914e-06,4.859947975769274e-07,2.5156935951269872e-06,8.265832629048814e-06,4.870009926821289e-07,2.5281409356462564e-06,8.306730945762882e-06,4.89410613313544e-07,1.707807675289953e-08,1.707807675289953e-08,4.08983167140684e-08,4.08983167140684e-08,5.7976393466967926e-08,5.7976393466967926e-08,0.00702850267872634,1.4779687035454037,1.0,0.3906686474340275,1.0020703824613313,1.0,0.0,0.0,action_normalized,0.3269416936366806,0.0,0.14464355018632655,0.5733931354917831,3.655827971630258e-28,0.324701506182844,0.9616532811955605,0.21985478162960875,0.8771173588526153,0.9093090974490416,1.4365937882119781,1.407463712250409,0.03820530826525387,0.03820261282490316,-2.6954403507112312e-06,2.6954403507112312e-06,11.590529890230824,11.590575773230752
12.8,2.6700000000000004,6.987846283852094e-07,2.049405815783449e-06,2.0546716650296852e-07,6.996719213704018e-07,2.0520080816752436e-06,2.0572806173179852e-07,7.037148325162506e-07,2.0638651908308144e-06,2.0691681927427684e-07,2.6022658917946623e-09,2.6022658917946623e-09,1.1857109155570726e-08,1.1857109155570726e-08,1.4459375047365389e-08,1.4459375047365389e-08,0.007055398660434582,1.5781226258875372,1.0,0.4562359290923607,1.0012697660325511,1.0,0.0,0.0,action_normalized,0.20051341477152226,0.0,0.10063809092004923,0.533831528653012,6.464044187052792e-28,0.11428700520012199,0.2580678072267517,0.17569428045847932,0.7916626962657767,0.9085359618547285,1.298982746781125,1.1597086448540501,0.0023603047817545657,0.002360264167847299,-4.0613907266798255e-08,4.0613907266798255e-08,12.208729485310933,12.208730194856058
13.600000000000001,2.6700000000000004,2.232609622322112e-07,5.62464405988497e-07,8.964987572463278e-08,2.235287349010308e-07,5.631390093477306e-07,8.975739916376031e-08,2.248300060226268e-07,5.664173195418667e-07,9.027992129736018e-08,6.74603359233595e-10,6.74603359233595e-10,3.278310194136058e-09,3.278310194136058e-09,3.952913553369653e-09,3.952913553369653e-09,0.007027846582438666,1.5835144599575646,1.0,0.4596467185984162,1.0011993707549334,1.0,0.0,0.0,action_normalized,0.18939703810286443,0.0,0.09808481357269962,0.5280158752682667,1.1763484652542217e-27,0.11527755794505871,0.2605959846057573,0.14219344601157302,0.6820463188937917,0.9078282066310701,1.2636987201988708,1.1610009932696252,0.00017781411633678793,0.00017780132721434793,-1.2789122439999141e-08,1.2789122439999141e-08,12.246888450575726,12.246888674356944
14.4,2.6700000000000004,1.1131761379376522e-07,2.7940246074760616e-07,4.078435155091121e-08,1.1146936682853833e-07,2.797833543896499e-07,4.0839950560880744e-08,1.1209799275972758e-07,2.813611786537366e-07,4.107026542389191e-08,3.808936420437387e-10,3.808936420437387e-10,1.577824264086701e-09,1.577824264086701e-09,1.9587179061304396e-09,1.9587179061304396e-09,0.007010381729958408,1.5609164733916419,1.0,0.4452731317042589,1.001363243691643,1.0,0.0,0.0,action_normalized,0.21527481502077558,0.0,0.10740742647090296,0.5324821414728227,1.7068976082370074e-27,0.19599958236239193,0.48756089689181237,0.14358465010708318,0.6958830990376567,0.9074189976332864,1.307866728467381,1.2618790978739667,4.3878170128867925e-05,4.3873492322005366e-05,-4.677806862559374e-09,4.677806862559374e-09,12.24923214405583,12.249232225914882
15.200000000000001,2.6700000000000004,4.9679824267115945e-08,1.4687367107938247e-07,1.175908186933793e-08,4.975780827306501e-08,1.4710422336913355e-07,1.1777540475502142e-08,5.00298864150767e-08,1.479085964949895e-07,1.184194064587252e-08,2.3055228975108508e-10,2.3055228975108508e-10,8.043731258559553e-10,8.043731258559553e-10,1.0349254156070404e-09,1.0349254156070404e-09,0.007046364457300741,1.5399344597018174,1.0,0.4317398568847099,1.0015697319203418,1.0,0.0,0.0,action_normalized,0.24788212911259203,0.0,0.11619019864791928,0.5368664051904894,2.4988243223099502e-27,0.26351295792832896,0.7155942817054621,0.20614409899481195,0.8194710105760393,0.907186594855863,1.3881602563568773,1.3403122806873127,1.2124917819874882e-05,1.2124491609609428e-05,-4.262102654533766e-10,4.262102654533766e-10,12.249787814856985,12.249787822315598
16.0,2.6700000000000004,2.014448588713063e-08,5.600629786329342e-08,5.235305944933229e-09,2.017883963673478e-08,5.610180917809348e-08,5.24423406504218e-09,2.0285869564161988e-08,5.6399376960630165e-08,5.272049836488768e-09,9.551131480005554e-11,9.551131480005554e-11,2.9756778253668694e-10,2.9756778253668694e-10,3.930790973367425e-10,3.930790973367425e-10,0.007018480284060462,1.520124718640573,1.0,0.4187923832293445,1.0017053674040943,1.0,0.0,0.0,action_normalized,0.2693008261907932,0.0,0.12459912372608362,0.541108961317197,4.065851895891567e-27,0.3217878591111364,0.9489298103375201,0.18083051406094844,0.785419151663009,0.907059765803724,1.4024563459865578,1.4043428740235022,1.763050318746437e-06,1.7628907256100998e-06,-1.595931363372341e-10,1.595931363372341e-10,12.249969146638843,12.249969149431722
16.8,2.6700000000000004,9.324480311993152e-09,2.4949645705093543e-08,2.264056559517541e-09,9.341723185237502e-09,2.4995782708335545e-08,2.2682432636519892e-09,9.38980127600214e-09,2.512442594534385e-08,2.2799169991442238e-09,4.613700324200194e-11,4.613700324200194e-11,1.286432370083049e-10,1.286432370083049e-10,1.7478024025030684e-10,1.7478024025030684e-10,0.00700531952702739,1.5013415333766713,1.0,0.40635906399495303,1.0018492047457244,1.0,0.0,0.0,action_normalized,0.2920147087506476,0.0,0.13268580337603814,0.5439150395864337,6.1665410325744335e-27,0.3729068193667717,1.1893186878231288,0.1777839621892827,0.7782665071082377,0.9079927890077516,1.425466027007766,1.4580718575681215,3.498805026322921e-07,3.4983968677612336e-07,-4.0815856168764135e-11,4.0815856168764135e-11,12.249993877091967,12.249993877806242
17.6,2.6700000000000004,3.484410888318046e-09,7.139226485334223e-09,8.222198924376402e-10,3.4892255624326104e-09,7.1490912946402065e-09,8.233560158626563e-10,3.5088717188711048e-09,7.189344400509826e-09,8.279919388784604e-10,9.864809305983397e-12,9.864809305983397e-12,4.025310586961934e-11,4.025310586961934e-11,5.0117915175602737e-11,5.0117915175602737e-11,0.007020076373618012,1.559816346703205,1.0,0.44456808785883606,1.0013817756484191,1.0,0.0,0.0,action_normalized,0.21820126433529213,0.0,0.10702376707827714,0.5253311760113416,1.0452097502090278e-26,0.2679119024066777,0.7319116463917812,0.1320001313909301,0.6787167217905432,0.9037860142270192,1.3366351644987071,1.345257621215382,5.6207073804593766e-08,5.5421309149153085e-08,-7.85764655440681e-10,7.85764655440681e-10,12.249999016376224,12.249999030127107
18.4,2.6700000000000004,1.7949803590232282e-09,1.9969300124387082e-09,3.8732741948561017e-10,1.7969745348657373e-09,1.999148549020442e-09,3.877577300342448e-10,1.807523638066096e-09,2.0108845107423702e-09,3.900340540619382e-10,2.2185365817337405e-12,2.2185365817337405e-12,1.173596172192823e-11,1.173596172192823e-11,1.395449830366197e-11,1.395449830366197e-11,0.006987975650994567,1.5896510516836373,1.0,0.463514527796402,1.0011109736284771,1.0,0.0,0.0,action_normalized,0.17543792340978479,0.0,0.09421603304878111,0.5139240325215798,1.686044268142297e-26,0.20297833384972,0.5093420730458487,0.0,0.5139240325215797,0.9043734450498737,1.229970175055255,1.2702190003210754,5.6207073804593766e-08,5.5421309149153085e-08,-7.85764655440681e-10,7.85764655440681e-10,12.249999016376224,12.249999030127107
19.200000000000003,2.6700000000000004,0.0,0.0,0.0,1e-30,1e-30,1e-30,1.0057161736535278e-30,1.0057161736535278e-30,1.0057161736535278e-30,1e-30,1e-30,5.716173653527695e-33,5.716173653527695e-33,1.0057161736535278e-30,1.0057161736535278e-30,1.0057161736535276,1.5704009692603986,1.0,0.4513309811859851,1.0007338863028497,1.0,0.0,0.0,action_normalized,0.11589067975208274,0.0,0.10217329191624851,0.0,0.0,0.26851220272081255,0.7341536078101636,0.0,0.0,-0.0,1.1342561013604062,1.3459310085035026,5.6207073804593766e-08,5.5421309149153085e-08,-7.85764655440681e-10,7.85764655440681e-10,12.249999016376224,12.249999030127107
20.0,2.6700000000000004,0.0,0.0,0.0,1e-30,1e-30,1e-30,1.0055641423643005e-30,1.0055641423643005e-30,1.0055641423643005e-30,1e-30,1e-30,5.564142364300414e-33,5.564142364300414e-33,1.0055641423643005e-30,1.0055641423643005e-30,1.0055641423643005,1.5516627094173834,1.0,0.43932707173589636,1.0008103337191063,1.0,0.0,0.0,action_normalized,0.12796277184710375,0.0,0.11002090405486509,0.0,0.0,0.3261537967964966,0.9680363122799913,0.0,0.0,-0.0,1.1630768983982482,1.409016545507328,5.6207073804593766e-08,5.5421309149153085e-08,-7.85764655440681e-10,7.85764655440681e-10,12.249999016376224,12.249999030127107
4.0,2.8600000000000003,0.00018509964954869804,0.0015262709431112347,0.000321340408063833,0.0001852996382311197,0.001527919984131439,0.0003216875964295279,0.00018588066199280376,0.001532710915323787,0.0003226962769598777,1.6490410202044288e-06,1.6490410202044288e-06,4.790931192348016e-06,4.790931192348016e-06,6.439972212552445e-06,6.439972212552445e-06,0.00421941611456276,1.280917082806759,1.0,0.24757629233153006,1.001080437931186,1.0,0.0,0.0,action_normalized,0.17061591937177545,0.0,0.07718149434815945,0.7386838378008587,2.8761837568831e-29,0.052928468881864164,0.11177290657100736,0.09029178776792637,0.8894927704940255,0.7589320054181632,1.27141037400642,1.0767321020559757,2.942259831401674,2.942222321429924,-3.750997175000492e-05,3.750997175000492e-05,14.866033672219503,14.865310554479404
4.8,2.8600000000000003,0.00019750513194841799,0.0015695233127737242,0.00015118717224227974,0.00019773416276806292,0.0015713433627503003,0.00015136249184859505,0.00019850472399899946,0.0015774668178926729,0.00015195234474201378,1.8200499765760794e-06,1.8200499765760794e-06,6.123455142372598e-06,6.123455142372598e-06,7.943505118948677e-06,7.943505118948677e-06,0.005061094062317939,1.3602809677586774,1.0,0.30769127235057525,1.0011596195875292,1.0,0.0,0.0,action_normalized,0.1831197853546654,0.0,0.07111786048012514,0.748410338046976,2.9933919210024115e-29,0.3330127461264275,0.9985580509745398,0.1957340473559828,1.029026018350639,0.8340138305928899,1.4726963894898693,1.4163259993902102,13.911774921951649,13.911217266956902,-0.0005576549947470255,0.0005576549947470255,978.4031981098636,978.3159843812531
5.6,2.8600000000000003,0.00015724957764809235,0.0013021215083105515,5.950497909015321e-05,0.00015751351468585835,0.001304307066445938,5.9604855783930605e-05,0.00015822781586600186,0.0013102219117764478,5.987515524943143e-05,2.1855581353864666e-06,2.1855581353864666e-06,5.914845330509894e-06,5.914845330509894e-06,8.10040346589636e-06,8.10040346589636e-06,0.006220927474277187,1.4305484675437201,1.0,0.35805791447458585,1.001678459438261,1.0,0.0,0.0,action_normalized,0.2650516905425788,0.0,0.1092096338293002,0.767402608323758,3.368027321264476e-29,0.04896323098045846,0.10296811348511037,0.28060102967778355,1.1142768247003636,0.8790295538086572,1.373201079084766,1.0711593535980681,58.02038223542545,58.014460630564294,-0.005921604861157448,0.005921604861157448,20036.67302803551,20032.482203060714
6.4,2.8600000000000003,0.00010403747261701672,0.0006722696389710111,2.72257085526094e-05,0.00010425425330217137,0.000673670433024143,2.7282438186705586e-05,0.00010476971887173533,0.0006770012699200797,2.741733107686176e-05,1.4007940531319835e-06,1.4007940531319835e-06,3.330836895936622e-06,3.330836895936622e-06,4.7316309490686055e-06,4.7316309490686055e-06,0.007038293379291874,1.4775528482269376,1.0,0.3903872383399466,1.002083678887055,1.0,0.0,0.0,action_normalized,0.3290413810261671,0.0,0.1316552460415761,0.7152807505987905,4.490444038173469e-29,0.23684225745303278,0.6206901777936342,0.28047183716500834,1.0740796290009924,0.9010349005007249,1.4570589952680169,1.309910589913548,59.89587171208015,59.89514888468581,-0.0007228273943411523,0.0007228273943411523,21386.043795975864,21385.515269009746
7.2,2.8600000000000003,7.600625220486701e-05,0.00012096534413756391,1.7567915929035053e-05,7.616433876287196e-05,0.0001212169417935179,1.760445570411903e-05,7.655039579143488e-05,0.00012183135863374001,1.769368806625847e-05,2.515976559539911e-07,2.515976559539911e-07,6.14416840222107e-07,6.14416840222107e-07,8.660144961760981e-07,8.660144961760981e-07,0.007159195076494399,1.4921401916441892,1.0,0.40021145959540433,1.0020799151835411,1.0,0.0,0.0,action_normalized,0.32844704078990716,0.0,0.14069871838435052,0.6301147027730263,8.300512865651452e-29,0.5397550802947837,2.3455123877977533,0.05673892634684577,0.5919359520488577,0.9103279012878486,1.4320462597463177,1.6204236024415644,3.5328042581996972,3.5330909349168302,0.00028667671713300535,0.00028667671713300535,28.430337523717252,28.43798085390223
8.0,2.8600000000000003,6.313932978333899e-05,8.59108180948319e-05,1.3492967983253393e-05,6.328044026307451e-05,8.610282071502811e-05,1.352312350108525e-05,6.35869330328702e-05,8.651985150524482e-05,1.358862145844626e-05,1.9200262019620227e-07,1.9200262019620227e-07,4.1703079021670965e-07,4.1703079021670965e-07,6.090334104129119e-07,6.090334104129119e-07,0.0070891352674658,1.4658274448318904,1.0,0.38241989178356733,1.0022349062021998,1.0,0.0,0.0,action_normalized,0.3529222414280422,0.0,0.1520636193182569,0.6058618931611132,9.732597734770872e-29,0.5891268740470006,2.8676826827286432,0.04473497088292337,0.5580450276519876,0.913380639462952,1.4452584366572279,1.665287061215118,2.3263362680406803,2.3264012201344704,6.495209379009381e-05,6.495209379009381e-05,5.363118009297095,5.363870129166472
8.8,2.8600000000000003,2.214685839297915e-05,5.8482307040463055e-05,7.047750111672346e-06,2.2179891456855412e-05,5.856953610698887e-05,7.058262157014931e-06,2.230268442762327e-05,5.889379050422351e-05,7.097338316625727e-06,8.722906652581261e-08,8.722906652581261e-08,3.242543972346409e-07,3.242543972346409e-07,4.114834637604535e-07,4.114834637604535e-07,0.007036033367762905,1.5482467554553723,1.0,0.43712316521321565,1.0014915462631366,1.0,0.0,0.0,action_normalized,0.2355355450093073,0.0,0.11517223325097901,0.5937428176003673,1.2483365526505803e-28,0.1526414316992487,0.36027589124483117,0.08885835383790645,0.7386124155499847,0.9135092945545495,1.2831884081965972,1.2087482232265034,1.5836853834620066,1.5836127543632237,-7.262909878291701e-05,7.262909878291701e-05,0.21087700060990275,0.2107102722803097
9.600000000000001,2.8600000000000003,1.097514715022593e-05,4.3579838288134076e-05,3.95602958689054e-06,1.0991844603236154e-05,4.364614011461978e-05,3.962048241331343e-06,1.1052676298468326e-05,4.388768908018026e-05,3.9839752353720765e-06,6.630182648570241e-08,6.630182648570241e-08,2.4154896556048233e-07,2.4154896556048233e-07,3.0785079204618474e-07,3.0785079204618474e-07,0.00706406457983591,1.5480056645464257,1.0,0.4369674344285572,1.0015213876207465,1.0,0.0,0.0,action_normalized,0.2402479033197154,0.0,0.11485685465158924,0.5829075330303074,1.5205403539934637e-28,0.1066533286499557,0.23877254389671365,0.18728807642891,0.8851615243914643,0.9126874960489528,1.3214390645300715,1.1497013156171452,0.9999999987043833,0.9999999987037532,-6.300515664747763e-13,6.300515664747763e-13,1.000000006478083,1.0000000064812333
10.4,2.8600000000000003,7.4220666386167255e-06,2.9967976092161507e-05,2.1099881410283906e-06,7.434887883298682e-06,3.0019744254966936e-05,2.113633038810822e-06,7.474498636676895e-06,3.0179680047520263e-05,2.1248938134649293e-06,5.17681628054288e-08,5.17681628054288e-08,1.59935792553327e-07,1.59935792553327e-07,2.117039553587558e-07,2.117039553587558e-07,0.007064339437127674,1.5229622419775668,1.0,0.42065728173279693,1.001727449416211,1.0,0.0,0.0,action_normalized,0.2727878777743128,0.0,0.12533762689732517,0.5770575941689172,1.8818072696055838e-28,0.19108966093919896,0.472461907610346,0.220824975839357,0.9172112599692759,0.9115432857836954,1.3800538894217578,1.2559774722814012,0.4952546227929876,0.4952548880279467,2.652349591070191e-07,2.652349591070191e-07,5.116026234859118,5.116023235233268
11.2,2.8600000000000003,4.558508237569585e-06,1.647338760064315e-05,7.956065609638946e-07,4.567280395138378e-06,1.6505088136036208e-05,7.97137585095434e-07,4.590712235384997e-06,1.6589765352016125e-05,8.012271961839965e-07,3.1700535393058e-08,3.1700535393058e-08,8.467721597991658e-08,8.467721597991658e-08,1.1637775137297458e-07,1.1637775137297458e-07,0.0070645913393327184,1.499419168235305,1.0,0.40507781194222237,1.001924348298089,1.0,0.0,0.0,action_normalized,0.3038809029127904,0.0,0.1353663151635882,0.5744380236894945,2.5787377235131635e-28,0.26361689275729705,0.7159775670150244,0.25761164719784035,0.9184677804286436,0.9102765304433126,1.4258283032852694,1.3404293458524341,0.15211174677227632,0.15211190546375766,1.586914813445084e-07,1.586914813445084e-07,9.732656828398367,9.732654353033082
12.0,2.8600000000000003,2.5104955122388165e-06,8.248755747682928e-06,4.859948078107491e-07,2.515693198371071e-06,8.265833827746832e-06,4.870010029863991e-07,2.528140536927241e-06,8.30673215039191e-06,4.894106236687984e-07,1.7078080063903886e-08,1.7078080063903886e-08,4.08983226450778e-08,4.08983226450778e-08,5.797640270898168e-08,5.797640270898168e-08,0.007028502780588118,1.4779687035454037,1.0,0.3906686474340275,1.0020703825626915,1.0,0.0,0.0,action_normalized,0.32694170964285496,0.0,0.14464355018632655,0.5733931865822898,3.655827930863193e-28,0.324701506182844,0.9616532811955605,0.21985478162960875,0.8771174535857978,0.9093091004115298,1.4365938118952737,1.407463712250409,0.03820531933674835,0.038202623903337216,-2.6954334111373157e-06,2.6954334111373157e-06,11.590529701767043,11.59057558464847
12.8,2.8600000000000003,6.987844310137842e-07,2.049407420527687e-06,2.0546678253598966e-07,6.996717241657675e-07,2.0520096896813083e-06,2.0572767740000336e-07,7.037146341721097e-07,2.0638668081284133e-06,2.06916432721699e-07,2.6022691536211334e-09,2.6022691536211334e-09,1.1857118447104994e-08,1.1857118447104994e-08,1.4459387600726127e-08,1.4459387600726127e-08,0.007055399261218193,1.5781226258875372,1.0,0.4562359290923607,1.0012697666298833,1.0,0.0,0.0,action_normalized,0.20051350909843604,0.0,0.10063809092004923,0.5338320664777271,6.464044081276889e-28,0.11428700520012199,0.2580678072267517,0.17569428045847932,0.7916633186634047,0.9085357056841792,1.2989829023805322,1.1597086448540501,0.0023603084797284716,0.002360267868573184,-4.061115528759818e-08,4.061115528759818e-08,12.208729420705495,12.208730130202538
13.600000000000001,2.8600000000000003,2.2326133162687658e-07,5.624646990331373e-07,8.964914776742822e-08,2.235291050558572e-07,5.631393035427635e-07,8.975667046080261e-08,2.2483037833230718e-07,5.66417615449554e-07,9.02791883522628e-08,6.746045096262043e-10,6.746045096262043e-10,3.278311906790514e-09,3.278311906790514e-09,3.952916416416718e-09,3.952916416416718e-09,0.007027848011104843,1.5835144599575646,1.0,0.4596467185984162,1.001199372175331,1.0,0.0,0.0,action_normalized,0.1893972624030603,0.0,0.09808481357269962,0.5280173204045973,1.1763488032724562e-27,0.11527755794505871,0.2605959846057573,0.14219344601157302,0.6820475245908052,0.9078270581334522,1.263699021623124,1.1610009932696252,0.00017781430171929963,0.00017780151308799405,-1.2788631305576514e-08,1.2788631305576514e-08,12.246888447331946,12.246888671104571
14.4,2.8600000000000003,1.1131574477949525e-07,2.79400188998256e-07,4.0787004209623966e-08,1.1146749379977207e-07,2.797810758622808e-07,4.084260629844885e-08,1.1209610916810908e-07,2.8135888727672605e-07,4.1072936138359496e-08,3.8088686402479077e-10,3.8088686402479077e-10,1.5778114144452722e-09,1.5778114144452722e-09,1.958698278470063e-09,1.958698278470063e-09,0.007010368480753924,1.5609164733916419,1.0,0.4452731317042589,1.001363230516738,1.0,0.0,0.0,action_normalized,0.21527273452312426,0.0,0.10740742647090296,0.5324701586074787,1.7068938861634625e-27,0.19599958236239193,0.48756089689181237,0.14358465010708318,0.695873446239674,0.9074286933097725,1.3078643152678855,1.2618790978739667,4.387745656680714e-05,4.3872777681563734e-05,-4.67888524340645e-09,4.67888524340645e-09,12.249232156542774,12.249232238420701
15.200000000000001,2.8600000000000003,4.9681081829448864e-08,1.4687316568925102e-07,1.1757709405128321e-08,4.9759068750758684e-08,1.4710371996853287e-07,1.177616607966913e-08,5.0031153785124373e-08,1.4790809034176957e-07,1.1840558734775522e-08,2.3055427928184452e-10,2.3055427928184452e-10,8.043703732367077e-10,8.043703732367077e-10,1.0349246525185522e-09,1.0349246525185522e-09,0.007046383508259151,1.5399344597018174,1.0,0.4317398568847099,1.0015697508676953,1.0,0.0,0.0,action_normalized,0.2478851211586938,0.0,0.11619019864791928,0.5368839259533508,2.4988292098255975e-27,0.26351295792832896,0.7155942817054621,0.20614409899481195,0.8194747314850082,0.9071703355125598,1.3881611865841195,1.3403122806873127,1.2124834378374299e-05,1.2124408629772424e-05,-4.257486018751879e-10,4.257486018751879e-10,12.2497878163172,12.249787823767734
16.0,2.8600000000000003,2.0144425275140493e-08,5.6017300783413826e-08,5.233073247952434e-09,2.0178782052540072e-08,5.6112839569318835e-08,5.2419983738986915e-09,2.0285811674536828e-08,5.641046585779509e-08,5.2698022870885536e-09,9.553878590500934e-11,9.553878590500934e-11,2.9762628847625447e-10,2.9762628847625447e-10,3.931650743812638e-10,3.931650743812638e-10,0.00701863654411703,1.520124718640573,1.0,0.4187923832293445,1.0017055228397098,1.0,0.0,0.0,action_normalized,0.2693253715993486,0.0,0.12459912372608362,0.5412143713516117,4.065837813847434e-27,0.3217878591111364,0.9489298103375201,0.18083051406094844,0.785546744716231,0.90699888356511,1.4024882442498632,1.4043428740235022,1.7637431196663038e-06,1.763584011130945e-06,-1.5910853535882606e-10,1.5910853535882606e-10,12.249969134514844,12.249969137299242
16.8,2.8600000000000003,9.280470634419696e-09,2.5161429443196974e-08,2.246447868739097e-09,9.297680664669438e-09,2.520808968047397e-08,2.2506137604592947e-09,9.345532086300405e-09,2.5337825576050083e-08,2.2621967639915013e-09,4.666023727699479e-11,4.666023727699479e-11,1.2973589557611436e-10,1.2973589557611436e-10,1.7639613285310915e-10,1.7639613285310915e-10,0.007010576773920223,1.5013415333766713,1.0,0.40635906399495303,1.0018544350742207,1.0,0.0,0.0,action_normalized,0.2928406491209923,0.0,0.13268580337603814,0.5467997386889124,6.163589550707376e-27,0.3729068193667717,1.1893186878231288,0.1777839621892827,0.7837300268086972,0.9070572320234288,1.4268319069328808,1.4580718575681215,3.5584559683205604e-07,3.5580780019276725e-07,-3.779663928879087e-11,3.779663928879087e-11,12.249993772702846,12.249993773364286
17.6,2.8600000000000003,3.3299913471321764e-09,7.391405161058225e-09,8.512631401977156e-10,3.33461296640714e-09,7.4016635242190875e-09,8.524445889543894e-10,3.3533885734373124e-09,7.443338743232594e-09,8.57244295780471e-10,1.0258363160862321e-11,1.0258363160862321e-11,4.1675219013506895e-11,4.1675219013506895e-11,5.1933582174369216e-11,5.1933582174369216e-11,0.0070262123429496726,1.559816346703205,1.0,0.44456808785883606,1.0013878772624871,1.0,0.0,0.0,action_normalized,0.2191647926082486,0.0,0.10702376707827714,0.5263128392387885,1.0420899903806001e-26,0.2679119024066777,0.7319116463917812,0.1320001313909301,0.6988719916427447,0.9103112232164436,1.3416739819617574,1.345257621215382,5.6207073804593766e-08,5.5421309149153085e-08,-7.85764655440681e-10,7.85764655440681e-10,12.249999016376224,12.249999030127107
18.4,2.8600000000000003,1.7949803590232282e-09,1.996930012438708e-09,3.8732741948561017e-10,1.7969745348657373e-09,1.9991485490204416e-09,3.877577300342448e-10,1.807523638066096e-09,2.01088451074237e-09,3.900340540619382e-10,2.2185365817337405e-12,2.2185365817337405e-12,1.173596172192823e-11,1.173596172192823e-11,1.395449830366197e-11,1.395449830366197e-11,0.006987975650994568,1.5896510516836373,1.0,0.463514527796402,1.0011109736284771,1.0,0.0,0.0,action_normalized,0.17543792340978476,0.0,0.09421603304878111,0.5139240325215796,1.686044268142297e-26,0.20297833384972,0.5093420730458487,0.0,0.5139240325215797,0.9043734450498737,1.229970175055255,1.2702190003210754,5.6207073804593766e-08,5.5421309149153085e-08,-7.85764655440681e-10,7.85764655440681e-10,12.249999016376224,12.249999030127107
19.200000000000003,2.8600000000000003,1.8603064690849132e-09,2.063041699959558e-09,3.88760954464617e-10,1.862617639623841e-09,2.0656047406610567e-09,3.892439355645462e-10,1.8732646855020547e-09,2.077412096058225e-09,3.914689214938157e-10,2.563040701498725e-12,2.563040701498725e-12,1.180735539716838e-11,1.180735539716838e-11,1.4370396098667105e-11,1.4370396098667105e-11,0.0069656353039053015,1.5704009692603986,1.0,0.4513309811859851,1.0012423601042815,1.0,0.0,0.0,action_normalized,0.1961856440472512,0.0,0.10217329191624851,0.5190615771644347,1.6870931452033958e-26,0.26851220272081255,0.7341536078101636,0.0,0.5190615771644347,0.9050431796499754,1.264021495651515,1.3459310085035026,5.6207073804593766e-08,5.5421309149153085e-08,-7.85764655440681e-10,7.85764655440681e-10,12.249999016376224,12.249999030127107
20.0,2.8600000000000003,0.0,0.0,0.0,1e-30,1e-30,1e-30,1.0055641423643005e-30,1.0055641423643005e-30,1.0055641423643005e-30,1e-30,1e-30,5.564142364300414e-33,5.564142364300414e-33,1.0055641423643005e-30,1.0055641423643005e-30,1.0055641423643005,1.5516627094173834,1.0,0.43932707173589636,1.0008103337191063,1.0,0.0,0.0,action_normalized,0.12796277184710375,0.0,0.11002090405486509,0.0,0.0,0.3261537967964966,0.9680363122799913,0.0,0.0,-0.0,1.1630768983982482,1.409016545507328,5.6207073804593766e-08,5.5421309149153085e-08,-7.85764655440681e-10,7.85764655440681e-10,12.249999016376224,12.249999030127107
4.0,3.0500000000000003,0.00018671266787649598,0.0015293985637984202,0.0003198406565086706,0.00018691449216906952,0.001531051744521036,0.0003201863835285363,0.00018750057945121455,0.0015358524956311111,0.0003211903568701665,1.6531807226158064e-06,1.6531807226158064e-06,4.800751110075078e-06,4.800751110075078e-06,6.4539318326908846e-06,6.4539318326908846e-06,0.004219914929605971,1.280917082806759,1.0,0.24757629233153006,1.0010809351870384,1.0,0.0,0.0,action_normalized,0.17069444286859356,0.0,0.07718149434815945,0.7393001378718861,2.8760535484690263e-29,0.052928468881864164,0.11177290657100736,0.09029178776792637,0.8900304978494885,0.758955577235188,1.2715448058452856,1.0767321020559757,2.982012580075873,2.981974213855684,-3.836622018926761e-05,3.836622018926761e-05,15.64227377198951,15.641515083151935
4.8,3.0500000000000003,0.0001976403493467016,0.0015696068797313428,0.00015112758336560206,0.00019786953145486228,0.0015714269828371581,0.00015130282965651102,0.00019864062021154587,0.0015775507638432873,0.00015189245004902286,1.8201031058153686e-06,1.8201031058153686e-06,6.123781006129149e-06,6.123781006129149e-06,7.943884111944518e-06,7.943884111944518e-06,0.005061066063436349,1.3602809677586774,1.0,0.30769127235057525,1.0011595916973344,1.0,0.0,0.0,action_normalized,0.1831153811116605,0.0,0.07111786048012514,0.7483825619057544,2.9933540309633163e-29,0.3330127461264275,0.9985580509745398,0.1957340473559828,1.0289779214021215,0.834046776699482,1.4726843652527397,1.4163259993902102,13.924081905961664,13.923523315546483,-0.0005585904151814702,0.0005585904151814702,980.328922420227,980.241476468977
5.6,3.0500000000000003,0.00015725733065896852,0.0013021166629367071,5.9503084109928965e-05,0.00015752127920354604,0.0013043022004668944,5.960295705310354e-05,0.00015823561559466276,0.0013102170237308877,5.987324790813261e-05,2.185537530187279e-06,2.185537530187279e-06,5.914823263993311e-06,5.914823263993311e-06,8.10036079418059e-06,8.10036079418059e-06,0.006220917852254172,1.4305484675437201,1.0,0.35805791447458585,1.0016784498596756,1.0,0.0,0.0,action_normalized,0.26505017795297514,0.0,0.1092096338293002,0.7673949074497046,3.368025650279049e-29,0.04896323098045846,0.10296811348511037,0.28060102967778355,1.114269411568932,0.8790321235571225,1.3731992258019081,1.0711593535980681,58.02337931828732,58.01745698993801,-0.005922328349306838,0.005922328349306838,20038.794283891544,20034.602725046752
6.4,3.0500000000000003,0.00010403786267907357,0.0006722691290486461,2.722563527875625e-05,0.0001042546440359695,0.0006736699211280063,2.728236472326905e-05,0.00010477011153744332,0.0006770007554929686,2.7417257250199064e-05,1.4007920793602515e-06,1.4007920793602515e-06,3.330834364962277e-06,3.330834364962277e-06,4.7316264443225285e-06,4.7316264443225285e-06,0.007038292017095051,1.4775528482269376,1.0,0.3903872383399466,1.0020836775315602,1.0,0.0,0.0,action_normalized,0.32904116697500796,0.0,0.1316552460415761,0.7152798802331769,4.4904440382620277e-29,0.23684225745303278,0.6206901777936342,0.28047183716500834,1.0740787949167427,0.9010350097357711,1.4570587867469542,1.309910589913548,59.89602418166961,59.89530131129076,-0.0007228703788513258,0.0007228703788513258,21386.155281640473,21385.62672186684
7.2,3.0500000000000003,7.600627576635856e-05,0.0001209653326717909,1.7567911668568938e-05,7.616436236525527e-05,0.00012121693029098324,1.760445143291602e-05,7.655041951345248e-05,0.00012183134707290201,1.7693683773405855e-05,2.5159761919234106e-07,2.5159761919234106e-07,6.144167819187692e-07,6.144167819187692e-07,8.660144011111103e-07,8.660144011111103e-07,0.007159194969196862,1.4921401916441892,1.0,0.40021145959540433,1.0020799150767847,1.0,0.0,0.0,action_normalized,0.32844702393162756,0.0,0.14069871838435052,0.6301146325040131,8.300512706896367e-29,0.5397550802947837,2.3455123877977533,0.05673892634684577,0.5919359049606092,0.9103279002335604,1.4320462479742555,1.6204236024415644,3.5328045651536537,3.533091241651633,0.0002866764979794212,0.0002866764979794212,28.430345707126666,28.437989032568158
8.0,3.0500000000000003,6.313933154975131e-05,8.59108171586698e-05,1.349296766770325e-05,6.328044203289135e-05,8.610281977603458e-05,1.3523123184713788e-05,6.358693481125898e-05,8.651985056170336e-05,1.3588621140542485e-05,1.9200261736478119e-07,1.9200261736478119e-07,4.170307856687797e-07,4.170307856687797e-07,6.090334030335609e-07,6.090334030335609e-07,0.00708913525881996,1.4658274448318904,1.0,0.38241989178356733,1.0022349061935958,1.0,0.0,0.0,action_normalized,0.35292224006935674,0.0,0.1520636193182569,0.6058618875285434,9.73259772049522e-29,0.5891268740470006,2.8676826827286432,0.04473497088292337,0.5580450256730829,0.9133806384491616,1.4452584361625018,1.665287061215118,2.326336265103081,2.3264012171757225,6.495207264167746e-05,6.495207264167746e-05,5.363117975282033,5.363870094904126
8.8,3.0500000000000003,2.214685845572753e-05,5.848230696335134e-05,7.0477500947404865e-06,2.2179891519677867e-05,5.8569536029710596e-05,7.0582621400516065e-06,2.2302684490793524e-05,5.889379042651741e-05,7.0973382995684895e-06,8.722906635925883e-08,8.722906635925883e-08,3.2425439680681473e-07,3.2425439680681473e-07,4.1148346316607356e-07,4.1148346316607356e-07,0.007036033366876836,1.5482467554553723,1.0,0.43712316521321565,1.0014915462622553,1.0,0.0,0.0,action_normalized,0.23553554487012238,0.0,0.11517223325097901,0.5937428169581063,1.248336552683573e-28,0.1526414316992487,0.36027589124483117,0.08885835383790645,0.7386124145853323,0.9135092943819342,1.283188407955434,1.2087482232265034,1.5836853806251638,1.5836127515241547,-7.262910100913622e-05,7.262910100913622e-05,0.21087699409632094,0.2107102657641938
9.600000000000001,3.0500000000000003,1.097514716161622e-05,4.3579838239086545e-05,3.956029589534321e-06,1.099184461463417e-05,4.364614006545949e-05,3.962048243975683e-06,1.1052676309929423e-05,4.3887689030747906e-05,3.983975238031052e-06,6.630182637294539e-08,6.630182637294539e-08,2.4154896528841535e-07,2.4154896528841535e-07,3.0785079166136074e-07,3.0785079166136074e-07,0.007064064578955937,1.5480056645464257,1.0,0.4369674344285572,1.0015213876198714,1.0,0.0,0.0,action_normalized,0.24024790318154493,0.0,0.11485685465158924,0.5829075323524004,1.5205403540597014e-28,0.1066533286499557,0.23877254389671365,0.18728807642891,0.885161523615255,0.9126874962095687,1.3214390643360192,1.1497013156171452,0.9999999963697461,0.999999996367479,-2.2670754162845697e-12,2.2670754162845697e-12,1.000000018151269,1.0000000181626043
10.4,3.0500000000000003,7.422066650879911e-06,2.996797605593746e-05,2.1099881408201052e-06,7.434887895576109e-06,3.001974421865228e-05,2.113633038600203e-06,7.4744986490197315e-06,3.0179680011012133e-05,2.124893813253188e-06,5.1768162714819994e-08,5.1768162714819994e-08,1.599357923598545e-07,1.599357923598545e-07,2.117039550746745e-07,2.117039550746745e-07,0.007064339436187258,1.5229622419775668,1.0,0.42065728173279693,1.0017274494152755,1.0,0.0,0.0,action_normalized,0.27278787762659734,0.0,0.12533762689732517,0.5770575935599054,1.881807269790225e-28,0.19108966093919896,0.472461907610346,0.220824975839357,0.9172112591118021,0.9115432858021782,1.3800538892073893,1.2559774722814012,0.4952546215976669,0.4952548868317177,2.652340507780515e-07,2.652340507780515e-07,5.116026248377378,5.116023248761798
11.2,3.0500000000000003,4.558508157061265e-06,1.64733877061025e-05,7.956065816946357e-07,4.5672803144840055e-06,1.6505088241730568e-05,7.97137605867617e-07,4.590712154316838e-06,1.658976545825274e-05,8.012272170627485e-07,3.170053562806898e-08,3.170053562806898e-08,8.467721652217014e-08,8.467721652217014e-08,1.1637775215023912e-07,1.1637775215023912e-07,0.007064591341289652,1.499419168235305,1.0,0.40507781194222237,1.0019243483000357,1.0,0.0,0.0,action_normalized,0.3038809032201682,0.0,0.1353663151635882,0.5744380238171944,2.5787377213826423e-28,0.26361689275729705,0.7159775670150244,0.25761164719784035,0.918467785735001,0.9102765341121836,1.425828304611859,1.3404293458524341,0.1521117486982866,0.15211190739035943,1.5869207284358033e-07,1.5869207284358033e-07,9.7326567983553,9.732654322980792
12.0,3.0500000000000003,2.510495662816609e-06,8.24875453828118e-06,4.859949130600825e-07,2.5156933489319026e-06,8.2658326147611e-06,4.870011083900046e-07,2.528140688233029e-06,8.306730931404474e-06,4.894107295939278e-07,1.7078076479919445e-08,1.7078076479919445e-08,4.089831664337503e-08,4.089831664337503e-08,5.797639312329447e-08,5.797639312329447e-08,0.007028502649004173,1.4779687035454037,1.0,0.3906686474340275,1.0020703824317554,1.0,0.0,0.0,action_normalized,0.3269416889662406,0.0,0.14464355018632655,0.5733931109425972,3.655827956749699e-28,0.324701506182844,0.9616532811955605,0.21985478162960875,0.8771173664232618,0.9093091327449306,1.4365937901046397,1.407463712250409,0.03820530811702282,0.03820261267443111,-2.6954425917102842e-06,2.6954425917102842e-06,11.590529892754075,11.590575775792157
12.8,3.0500000000000003,6.987840444124497e-07,2.0494081982394568e-06,2.0546695572333468e-07,6.996713371011638e-07,2.0520104684616074e-06,2.0572785081537839e-07,7.037142448709323e-07,2.063867591408735e-06,2.069166071391193e-07,2.6022702221506552e-09,2.6022702221506552e-09,1.1857122947127616e-08,1.1857122947127616e-08,1.445939316927827e-08,1.445939316927827e-08,0.0070553993009785,1.5781226258875372,1.0,0.4562359290923607,1.0012697666694153,1.0,0.0,0.0,action_normalized,0.2005135153410715,0.0,0.10063809092004923,0.5338320558240495,6.464043808183648e-28,0.11428700520012199,0.2580678072267517,0.17569428045847932,0.7916635165194551,0.9085358250939559,1.2989829518445448,1.1597086448540501,0.002360310270391981,0.0023602696593922373,-4.0610999743617704e-08,4.0610999743617704e-08,12.208729389421716,12.208730098916039
13.600000000000001,3.0500000000000003,2.2326174268397465e-07,5.624651764779447e-07,8.96485457214287e-08,2.2352951688357438e-07,5.631397822595867e-07,8.975606780419688e-08,2.2483079255747682e-07,5.664180969532243e-07,9.027858218729544e-08,6.746057816420509e-10,6.746057816420509e-10,3.2783146936375425e-09,3.2783146936375425e-09,3.9529204752795934e-09,3.9529204752795934e-09,0.007027849261765977,1.5835144599575646,1.0,0.4596467185984162,1.0011993734187534,1.0,0.0,0.0,action_normalized,0.1893974587564476,0.0,0.09808481357269962,0.5280185854825669,1.1763490991754191e-27,0.11527755794505871,0.2605959846057573,0.14219344601157302,0.6820485800640658,0.9078260527267962,1.2636992854914393,1.1610009932696252,0.00017781460367511482,0.00017780181546370692,-1.2788211407898688e-08,1.2788211407898688e-08,12.246888442048391,12.246888665813668
14.4,3.0500000000000003,1.1131574868254139e-07,2.794023168151319e-07,4.078617618956065e-08,1.1146749840086345e-07,2.797832083185987e-07,4.08417774034181e-08,1.1209611379514808e-07,2.8136103175892496e-07,4.107210256881658e-08,3.8089150346681194e-10,3.8089150346681194e-10,1.5778234403262486e-09,1.5778234403262486e-09,1.9587149437930605e-09,1.9587149437930605e-09,0.007010374738907606,1.5609164733916419,1.0,0.4452731317042589,1.001363236739797,1.0,0.0,0.0,action_normalized,0.21527371722924332,0.0,0.10740742647090296,0.5324752357596022,1.7068945114664225e-27,0.19599958236239193,0.48756089689181237,0.14358465010708318,0.6958799953963969,0.9074258165716932,1.3078659525570662,1.2618790978739667,4.3878124893673016e-05,4.387344648246783e-05,-4.6784112051851214e-09,4.6784112051851214e-09,12.249232144847419,12.24923222671705
15.200000000000001,3.0500000000000003,4.968291868509314e-08,1.468748991201615e-07,1.1756682147134828e-08,4.9760909313887447e-08,1.4710545855667703e-07,1.1775137404141798e-08,5.0033004412542814e-08,1.479098384365992e-07,1.183952443439983e-08,2.3055943651552986e-10,2.3055943651552986e-10,8.043798799221614e-10,8.043798799221614e-10,1.0349393164376913e-09,1.0349393164376913e-09,0.007046400185718496,1.5399344597018174,1.0,0.4317398568847099,1.0015697674544572,1.0,0.0,0.0,action_normalized,0.2478877404351766,0.0,0.11619019864791928,0.5368992638035482,2.498833488468189e-27,0.26351295792832896,0.7155942817054621,0.20614409899481195,0.8194779889499156,0.9071561007082257,1.3881620009503464,1.3403122806873127,1.2125120581493763e-05,1.2124695224430406e-05,-4.2535706335679736e-10,4.2535706335679736e-10,12.249787811308686,12.249787818752369
16.0,3.0500000000000003,2.0144386751795708e-08,5.6026964667139175e-08,5.2311242070818925e-09,2.017874620216429e-08,5.612252755200144e-08,5.240046720076689e-09,2.028577563400823e-08,5.6420205226191745e-08,5.267840281562951e-09,9.556288486226818e-11,9.556288486226818e-11,2.976776741903025e-10,2.976776741903025e-10,3.932405590525707e-10,3.932405590525707e-10,0.0070187732173042985,1.520124718640573,1.0,0.4187923832293445,1.001705658791798,1.0,0.0,0.0,action_normalized,0.26934684029260214,0.0,0.12459912372608362,0.5413065708996393,4.065825513687288e-27,0.3217878591111364,0.9489298103375201,0.18083051406094844,0.7856583210612964,0.9069456056293598,1.4025161383361295,1.4043428740235022,1.7643517201671897e-06,1.7641930356041668e-06,-1.5868456302286637e-10,1.5868456302286637e-10,12.249969123864352,12.249969126641327
16.8,3.0500000000000003,9.368112729891527e-09,2.4957619463042163e-08,2.2282514265782826e-09,9.385465413188985e-09,2.5003848802812892e-08,2.232378847162062e-09,9.43376862760201e-09,2.513253355276423e-08,2.2438680029320085e-09,4.6229339770729224e-11,4.6229339770729224e-11,1.2868474995133725e-10,1.2868474995133725e-10,1.7491408972206648e-10,1.7491408972206648e-10,0.007008444454451412,1.5013415333766713,1.0,0.40635906399495303,1.0018523136727517,1.0,0.0,0.0,action_normalized,0.2925056508286251,0.0,0.13268580337603814,0.5463407869798484,6.168787517735957e-27,0.3729068193667717,1.1893186878231288,0.1777839621892827,0.7788930551818256,0.9056192077685916,1.425622664026163,1.4580718575681215,3.501041778125648e-07,3.5006550849169344e-07,-3.8669320871361676e-11,3.8669320871361676e-11,12.249993873177651,12.249993873854365
17.6,3.0500000000000003,3.3413821856759894e-09,7.372803068620281e-09,8.491207497756073e-10,3.3460176853252895e-09,7.383031358633156e-09,8.502987350281389e-10,3.3648575068603696e-09,7.424601668854342e-09,8.55086359579465e-10,1.022829001287497e-11,1.022829001287497e-11,4.1570310221186263e-11,4.1570310221186263e-11,5.1798600234061234e-11,5.1798600234061234e-11,0.007025631873245549,1.559816346703205,1.0,0.44456808785883606,1.0013873000428302,1.0,0.0,0.0,action_normalized,0.2190736417335548,0.0,0.10702376707827714,0.5261118315756542,1.0423032796427978e-26,0.2679119024066777,0.7319116463917812,0.1320001313909301,0.697346542744771,0.90987871267412,1.341292619737264,1.345257621215382,5.6207073804593766e-08,5.5421309149153085e-08,-7.85764655440681e-10,7.85764655440681e-10,12.249999016376224,12.249999030127107
18.4,3.0500000000000003,1.7949803590232282e-09,1.996930012438708e-09,3.8732741948561017e-10,1.7969745348657373e-09,1.9991485490204416e-09,3.877577300342448e-10,1.807523638066096e-09,2.01088451074237e-09,3.900340540619382e-10,2.2185365817337405e-12,2.2185365817337405e-12,1.173596172192823e-11,1.173596172192823e-11,1.395449830366197e-11,1.395449830366197e-11,0.006987975650994568,1.5896510516836373,1.0,0.463514527796402,1.0011109736284771,1.0,0.0,0.0,action_normalized,0.17543792340978476,0.0,0.09421603304878111,0.5139240325215796,1.686044268142297e-26,0.20297833384972,0.5093420730458487,0.0,0.5139240325215797,0.9043734450498737,1.229970175055255,1.2702190003210754,5.6207073804593766e-08,5.5421309149153085e-08,-7.85764655440681e-10,7.85764655440681e-10,12.249999016376224,12.249999030127107
19.200000000000003,3.0500000000000003,1.8603064690849132e-09,2.063041699959558e-09,3.88760954464617e-10,1.862617639623841e-09,2.0656047406610567e-09,3.892439355645462e-10,1.8732646855020547e-09,2.077412096058225e-09,3.914689214938157e-10,2.563040701498725e-12,2.563040701498725e-12,1.180735539716838e-11,1.180735539716838e-11,1.4370396098667105e-11,1.4370396098667105e-11,0.0069656353039053015,1.5704009692603986,1.0,0.4513309811859851,1.0012423601042815,1.0,0.0,0.0,action_normalized,0.1961856440472512,0.0,0.10217329191624851,0.5190615771644347,1.6870931452033958e-26,0.26851220272081255,0.7341536078101636,0.0,0.5190615771644347,0.9050431796499754,1.264021495651515,1.3459310085035026,5.6207073804593766e-08,5.5421309149153085e-08,-7.85764655440681e-10,7.85764655440681e-10,12.249999016376224,12.249999030127107
20.0,3.0500000000000003,0.0,0.0,0.0,1e-30,1e-30,1e-30,1.0055641423643005e-30,1.0055641423643005e-30,1.0055641423643005e-30,1e-30,1e-30,5.564142364300414e-33,5.564142364300414e-33,1.0055641423643005e-30,1.0055641423643005e-30,1.0055641423643005,1.5516627094173834,1.0,0.43932707173589636,1.0008103337191063,1.0,0.0,0.0,action_normalized,0.12796277184710375,0.0,0.11002090405486509,0.0,0.0,0.3261537967964966,0.9680363122799913,0.0,0.0,-0.0,1.1630768983982482,1.409016545507328,5.6207073804593766e-08,5.5421309149153085e-08,-7.85764655440681e-10,7.85764655440681e-10,12.249999016376224,12.249999030127107
4.0,3.24,0.00018832780181246675,0.001532466087052544,0.0003183526610020889,0.00018853146231620285,0.0015341233188167545,0.00031869693233474097,0.00018912261975437402,0.00153893370112562,0.00031969623536754746,1.6572317642106482e-06,1.6572317642106482e-06,4.810382308865395e-06,4.810382308865395e-06,6.4676140730760435e-06,6.4676140730760435e-06,0.004220396214780502,1.280917082806759,1.0,0.24757629233153006,1.001081414967817,1.0,0.0,0.0,action_normalized,0.17077020681233818,0.0,0.07718149434815945,0.7398959146494888,2.8759208781910693e-29,0.052928468881864164,0.11177290657100736,0.09029178776792637,0.8905456474605103,0.7589817025530448,1.2716735932480412,1.0767321020559757,3.021949299961463,3.0219100634695946,-3.923649186843292e-05,3.923649186843292e-05,16.44199707278425,16.44120158739965
4.8,3.24,0.00019777557664767852,0.0015696901327571409,0.0001510680352658912,0.0001980049100308351,0.0015715102884849333,0.00015124320827866449,0.0001987765263518034,0.0015776343941294637,0.00015183259632932066,1.8201557277924569e-06,1.8201557277924569e-06,6.12410564453038e-06,6.12410564453038e-06,7.944261372322837e-06,7.944261372322837e-06,0.00506103797592767,1.3602809677586774,1.0,0.30769127235057525,1.0011595637188566,1.0,0.0,0.0,action_normalized,0.18311096292753662,0.0,0.07111786048012514,0.7483546779040979,2.99331615579692e-29,0.3330127461264275,0.9985580509745398,0.1957340473559828,1.028929737850407,0.8340797122947241,1.4726723193648112,1.4163259993902102,13.936390873127614,13.935831346186186,-0.0005595269414282456,0.0005595269414282456,982.2568507739832,982.1691721251509
5.6,3.24,0.00015726508360014907,0.001302111816443075,5.950118924654633e-05,0.00015752904365122681,0.0013042973333658977,5.960105843933319e-05,0.00015824341525299927,0.0013102121345582867,5.9871340684421324e-05,2.185516922822723e-06,2.185516922822723e-06,5.914801192389001e-06,5.914801192389001e-06,8.100318115211724e-06,8.100318115211724e-06,0.006220908229939137,1.4305484675437201,1.0,0.35805791447458585,1.0016784402807992,1.0,0.0,0.0,action_normalized,0.265048665317455,0.0,0.1092096338293002,0.7673872063176571,3.3680239794868636e-29,0.04896323098045846,0.10296811348511037,0.28060102967778355,1.1142619982231503,0.8790346930075283,1.3731973724654627,1.0711593535980681,58.026376338327395,58.02045328643438,-0.0059230518930135645,0.0059230518930135645,20040.91560756178,20036.723314758114
6.4,3.24,0.00010403825274016762,0.0006722686191245088,2.722556200534418e-05,0.00010425503476880217,0.0006736694092300974,2.728229126027481e-05,0.00010477050420218108,0.0006770002410640767,2.741718342398085e-05,1.400790105588628e-06,1.400790105588628e-06,3.3308318339792583e-06,3.3308318339792583e-06,4.731621939567886e-06,4.731621939567886e-06,0.007038290654901976,1.4775528482269376,1.0,0.3903872383399466,1.0020836761760692,1.0,0.0,0.0,action_normalized,0.3290409529244323,0.0,0.1316552460415761,0.7152790098702286,4.49044403835297e-29,0.23684225745303278,0.6206901777936342,0.28047183716500834,1.0740779608329225,0.9010351189675962,1.4570585782259993,1.309910589913548,59.89617665014505,59.89545373678128,-0.000722913363773614,0.000722913363773614,21386.266766781093,21385.738174199494
7.2,3.24,7.600629932787529e-05,0.00012096532120601364,1.7567907408103097e-05,7.616438596766379e-05,0.00012121691878844432,1.7604447161713283e-05,7.65504432354954e-05,0.00012183133551205975,1.7693679480553513e-05,2.5159758243067747e-07,2.5159758243067747e-07,6.144167236154315e-07,6.144167236154315e-07,8.660143060461089e-07,8.660143060461089e-07,0.007159194861899446,1.4921401916441892,1.0,0.40021145959540433,1.0020799149700284,1.0,0.0,0.0,action_normalized,0.32844700707334124,0.0,0.14069871838435052,0.6301145622349632,8.300512548141207e-29,0.5397550802947837,2.3455123877977533,0.05673892634684577,0.5919358578723675,0.9103278991792528,1.432046236202195,1.6204236024415644,3.5328048721072967,3.533091548386122,0.00028667627882539293,0.00028667627882539293,28.43035389052889,28.437997211226893
8.0,3.24,6.313933331610834e-05,8.591081622320735e-05,1.349296735180378e-05,6.328044380265353e-05,8.610281883774331e-05,1.352312286799238e-05,6.358693658959284e-05,8.651984961886757e-05,1.3588620822287068e-05,1.920026145359622e-07,1.920026145359622e-07,4.1703078112426497e-07,4.1703078112426497e-07,6.090333956602272e-07,6.090333956602272e-07,0.007089135250186427,1.4658274448318904,1.0,0.38241989178356733,1.0022349061850038,1.0,0.0,0.0,action_normalized,0.35292223871257794,0.0,0.1520636193182569,0.6058618819029009,9.732597706230434e-29,0.5891268740470006,2.8676826827286432,0.04473497088292337,0.5580450237004745,0.9133806374311134,1.4452584356693496,1.665287061215118,2.3263362622561985,2.3264012143077286,6.495205153012051e-05,6.495205153012051e-05,5.363117942317404,5.3638700616927135
8.8,3.24,2.2146858517965734e-05,5.848230688563102e-05,7.047750078199941e-06,2.217989158198917e-05,5.8569535951822244e-05,7.05826212348011e-06,2.2302684553449795e-05,5.889379034819785e-05,7.097338282905249e-06,8.722906619122104e-08,8.722906619122104e-08,3.242543963756072e-07,3.242543963756072e-07,4.1148346256682824e-07,4.1148346256682824e-07,0.007036033365980795,1.5482467554553723,1.0,0.43712316521321565,1.0014915462613643,1.0,0.0,0.0,action_normalized,0.23553554472942245,0.0,0.11517223325097901,0.5937428163074436,1.248336552715107e-28,0.1526414316992487,0.36027589124483117,0.08885835383790645,0.7386124136147232,0.9135092942174989,1.2831884077127818,1.2087482232265034,1.5836853777244484,1.58361274862119,-7.262910325844807e-05,7.262910325844807e-05,0.2108769874360832,0.21071025910142702
9.600000000000001,3.24,1.0975147166603606e-05,4.3579838244340494e-05,3.956029584143238e-06,1.099184461963137e-05,4.3646140070730265e-05,3.962048238577201e-06,1.1052676314954278e-05,4.388768903604785e-05,3.983975232602693e-06,6.630182638977085e-08,6.630182638977085e-08,2.4154896531758716e-07,2.4154896531758716e-07,3.07850791707358e-07,3.07850791707358e-07,0.007064064579159771,1.5480056645464257,1.0,0.4369674344285572,1.0015213876200741,1.0,0.0,0.0,action_normalized,0.24024790321356237,0.0,0.11485685465158924,0.5829075325355851,1.5205403540998682e-28,0.1066533286499557,0.23877254389671365,0.18728807642891,0.8851615237079763,0.9126874960185503,1.3214390643591996,1.1497013156171452,0.9999999967825182,0.99999999678063,-1.8881562979800037e-12,1.8881562979800037e-12,1.0000000160874087,1.0000000160968492
10.4,3.24,7.4220666618838015e-06,2.9967976024684562e-05,2.109988140687129e-06,7.4348879065928796e-06,3.0019744187320645e-05,2.113633038465255e-06,7.474498660095196e-06,3.0179679979513573e-05,2.124893813117521e-06,5.17681626360832e-08,5.17681626360832e-08,1.5993579219292803e-07,1.5993579219292803e-07,2.1170395482901123e-07,2.1170395482901123e-07,0.007064339435356966,1.5229622419775668,1.0,0.42065728173279693,1.0017274494144497,1.0,0.0,0.0,action_normalized,0.27278787749620653,0.0,0.12533762689732517,0.5770575930223208,1.8818072699532112e-28,0.19108966093919896,0.472461907610346,0.220824975839357,0.9172112583548963,0.9115432858184935,1.3800538890181628,1.2559774722814012,0.49525462056597236,0.49525488579922156,2.6523324919702773e-07,2.6523324919702773e-07,5.116026260045139,5.11602326043862
11.2,3.24,4.558508231890119e-06,1.6473387158152945e-05,7.956066254573462e-07,4.567280389316255e-06,1.650508769221847e-05,7.971376496900028e-07,4.590712229533005e-06,1.658976490592144e-05,8.012272611099594e-07,3.170053406552359e-08,3.170053406552359e-08,8.467721370297005e-08,8.467721370297005e-08,1.1637774776849364e-07,1.1637774776849364e-07,0.007064591310287782,1.499419168235305,1.0,0.40507781194222237,1.0019243482691922,1.0,0.0,0.0,action_normalized,0.3038808983495591,0.0,0.1353663151635882,0.5744380040542331,2.5787377264516254e-28,0.26361689275729705,0.7159775670150244,0.25761164719784035,0.9184677659124011,0.9102765424026532,1.4258282996562088,1.3404293458524341,0.1521117385339342,0.15211189721665677,1.5868272257302252e-07,1.5868272257302252e-07,9.732656956905,9.732654481676319
12.0,3.24,2.5104955036188607e-06,8.248756172977229e-06,4.859947389150256e-07,2.5156931898745468e-06,8.265834254385854e-06,4.870009339753844e-07,2.528140528388677e-06,8.306732579141888e-06,4.894105543163257e-07,1.7078081408624594e-08,1.7078081408624594e-08,4.089832475603467e-08,4.089832475603467e-08,5.797640616465927e-08,5.797640616465927e-08,0.0070285028371415426,1.4779687035454037,1.0,0.3906686474340275,1.0020703826189665,1.0,0.0,0.0,action_normalized,0.32694171852946624,0.0,0.14464355018632655,0.5733932208581378,3.65582792464364e-28,0.324701506182844,0.9616532811955605,0.21985478162960875,0.8771174845952986,0.9093090798892074,1.4365938196476489,1.407463712250409,0.038205323287323824,0.03820262785791964,-2.6954294041828253e-06,2.6954294041828253e-06,11.590529634518637,11.59057551733172
12.8,3.24,6.98784889936532e-07,2.049406352410618e-06,2.054668547155631e-07,6.996721834595435e-07,2.052008619587113e-06,2.057277496089819e-07,7.037150961198208e-07,2.0638657318508973e-06,2.0691650534792233e-07,2.602267176495039e-09,2.602267176495039e-09,1.1857112263784384e-08,1.1857112263784384e-08,1.4459379440279423e-08,1.4459379440279423e-08,0.007055398956518092,1.5781226258875372,1.0,0.4562359290923607,1.0012697663269337,1.0,0.0,0.0,action_normalized,0.2005134612585375,0.0,0.10063809092004923,0.5338318279052563,6.464044331680594e-28,0.11428700520012199,0.2580678072267517,0.17569428045847932,0.7916628871580557,0.9085357347755688,1.298982794504195,1.1597086448540501,0.0023603060191225394,0.002360265406581585,-4.061254095435313e-08,4.061254095435313e-08,12.208729463693501,12.208730173214756
13.600000000000001,3.24,2.2326211527453968e-07,5.624656224767778e-07,8.96480182022092e-08,2.235298901660633e-07,5.631402294106917e-07,8.975553975068099e-08,2.248311680130274e-07,5.664185467074165e-07,9.027805105971933e-08,6.746069339139087e-10,6.746069339139087e-10,3.2783172967247964e-09,3.2783172967247964e-09,3.952924230638705e-09,3.952924230638705e-09,0.00702785036573841,1.5835144599575646,1.0,0.4596467185984162,1.0011993745163363,1.0,0.0,0.0,action_normalized,0.18939763207979496,0.0,0.09808481357269962,0.5280197021805321,1.176349360372532e-27,0.11527755794505871,0.2605959846057573,0.14219344601157302,0.6820495117427807,0.9078251652377821,1.263699518411118,1.1610009932696252,0.0001778148857386508,0.00017780209789677602,-1.27878418747728e-08,1.27878418747728e-08,12.246888437112904,12.246888660871717
14.4,3.24,1.1132169039458345e-07,2.7939305690538995e-07,4.0783819388463294e-08,1.1147344768415064e-07,2.7977393445844875e-07,4.083941719574284e-08,1.1210209662912146e-07,2.813517055993035e-07,4.1069729050867934e-08,3.808775530587932e-10,3.808775530587932e-10,1.5777711408547556e-09,1.5777711408547556e-09,1.958648693913549e-09,1.958648693913549e-09,0.007010369962689517,1.5609164733916419,1.0,0.4452731317042589,1.0013632319903631,1.0,0.0,0.0,action_normalized,0.21527296722868675,0.0,0.10740742647090296,0.5324753932111872,1.7069018703702914e-27,0.19599958236239193,0.48756089689181237,0.14358465010708318,0.6958612317982025,0.9074162327807836,1.3078612616575176,1.2618790978739667,4.3875216573652976e-05,4.3870538056387177e-05,-4.678517265798972e-09,4.678517265798972e-09,12.249232195741424,12.249232277612911
15.200000000000001,3.24,4.968072209073952e-08,1.4686514252036288e-07,1.1760469559737243e-08,4.97587053396664e-08,1.4709567501839962e-07,1.1778929831379407e-08,5.003078838688236e-08,1.4790000140145346e-07,1.1843337598816032e-08,2.305324980367319e-10,2.305324980367319e-10,8.043263830538452e-10,8.043263830538452e-10,1.0348588810905771e-09,1.0348588810905771e-09,0.00704632061312366,1.5399344597018174,1.0,0.4317398568847099,1.001569688314603,1.0,0.0,0.0,action_normalized,0.24787524317030787,0.0,0.11619019864791928,0.5368346191281693,2.4988313437013022e-27,0.26351295792832896,0.7155942817054621,0.20614409899481195,0.8194316042526251,0.907202378048137,1.3881504047760238,1.3403122806873127,1.212350973633273e-05,1.212308251994938e-05,-4.2721638334982433e-10,4.2721638334982433e-10,12.249787839498232,12.249787846974456
16.0,3.24,2.0144352772881984e-08,5.603548854462583e-08,5.229405086067076e-09,2.0178714580920854e-08,5.613107268785662e-08,5.2383252939164355e-09,2.0285743845043586e-08,5.6428795686024265e-08,5.266109724842153e-09,9.558414323079256e-11,9.558414323079256e-11,2.977229981676442e-10,2.977229981676442e-10,3.9330714139843675e-10,3.9330714139843675e-10,0.007018893769172955,1.520124718640573,1.0,0.4187923832293445,1.0017057787076251,1.0,0.0,0.0,action_normalized,0.2693657766409794,0.0,0.12459912372608362,0.541387896914829,4.0658146773448926e-27,0.3217878591111364,0.9489298103375201,0.18083051406094844,0.7857567184443418,0.9068985910661264,1.4025407376818908,1.4043428740235022,1.7648886138578105e-06,1.7647303035243851e-06,-1.5831033342539428e-10,1.5831033342539428e-10,12.24996911446872,12.249969117239152
16.8,3.24,9.360227759608055e-09,2.489703116263711e-08,2.252880423405211e-09,9.377536289228314e-09,2.4943069679263235e-08,2.257046352754461e-09,9.425798695630451e-09,2.507144162351902e-08,2.268662462251176e-09,4.6038516626125084e-11,4.6038516626125084e-11,1.283719442557847e-10,1.283719442557847e-10,1.7441046088190978e-10,1.7441046088190978e-10,0.007005271421423409,1.5013415333766713,1.0,0.40635906399495303,1.001849156886433,1.0,0.0,0.0,action_normalized,0.29200715111427955,0.0,0.13268580337603814,0.5442312517835555,6.168488800387125e-27,0.3729068193667717,1.1893186878231288,0.1777839621892827,0.776951396729753,0.9071460426097926,1.4251372494131447,1.4580718575681215,3.484063821364904e-07,3.4836570496262306e-07,-4.067717386734266e-11,4.067717386734266e-11,12.249993902889068,12.249993903600918
17.6,3.24,3.443625237570766e-09,7.055660566339771e-09,8.706382092728511e-10,3.4483379036091282e-09,7.065316370800263e-09,8.718296940708411e-10,3.467753841241966e-09,7.105097780234689e-09,8.767385491307872e-10,9.655804460492096e-12,9.655804460492096e-12,3.9781409434426336e-11,3.9781409434426336e-11,4.943721389491843e-11,4.943721389491843e-11,0.0070067449291377586,1.559816346703205,1.0,0.44456808785883606,1.0013685188466346,1.0,0.0,0.0,action_normalized,0.21610783410750406,0.0,0.10702376707827714,0.5133442987796378,1.0443300414358878e-26,0.2679119024066777,0.7319116463917812,0.1320001313909301,0.6693643435866846,0.9123020153852035,1.3342970699477423,1.345257621215382,5.6207073804593766e-08,5.5421309149153085e-08,-7.85764655440681e-10,7.85764655440681e-10,12.249999016376224,12.249999030127107
18.4,3.24,1.7949803590232282e-09,1.996930012438708e-09,3.8732741948561017e-10,1.7969745348657373e-09,1.9991485490204416e-09,3.877577300342448e-10,1.807523638066096e-09,2.01088451074237e-09,3.900340540619382e-10,2.2185365817337405e-12,2.2185365817337405e-12,1.173596172192823e-11,1.173596172192823e-11,1.395449830366197e-11,1.395449830366197e-11,0.006987975650994568,1.5896510516836373,1.0,0.463514527796402,1.0011109736284771,1.0,0.0,0.0,action_normalized,0.17543792340978476,0.0,0.09421603304878111,0.5139240325215796,1.686044268142297e-26,0.20297833384972,0.5093420730458487,0.0,0.5139240325215797,0.9043734450498737,1.229970175055255,1.2702190003210754,5.6207073804593766e-08,5.5421309149153085e-08,-7.85764655440681e-10,7.85764655440681e-10,12.249999016376224,12.249999030127107
19.200000000000003,3.24,1.8603064690849132e-09,2.063041699959558e-09,3.88760954464617e-10,1.862617639623841e-09,2.0656047406610567e-09,3.892439355645462e-10,1.8732646855020547e-09,2.077412096058225e-09,3.914689214938157e-10,2.563040701498725e-12,2.563040701498725e-12,1.180735539716838e-11,1.180735539716838e-11,1.4370396098667105e-11,1.4370396098667105e-11,0.0069656353039053015,1.5704009692603986,1.0,0.4513309811859851,1.0012423601042815,1.0,0.0,0.0,action_normalized,0.1961856440472512,0.0,0.10217329191624851,0.5190615771644347,1.6870931452033958e-26,0.26851220272081255,0.7341536078101636,0.0,0.5190615771644347,0.9050431796499754,1.264021495651515,1.3459310085035026,5.6207073804593766e-08,5.5421309149153085e-08,-7.85764655440681e-10,7.85764655440681e-10,12.249999016376224,12.249999030127107
20.0,3.24,0.0,0.0,0.0,1e-30,1e-30,1e-30,1.0055641423643005e-30,1.0055641423643005e-30,1.0055641423643005e-30,1e-30,1e-30,5.564142364300414e-33,5.564142364300414e-33,1.0055641423643005e-30,1.0055641423643005e-30,1.0055641423643005,1.5516627094173834,1.0,0.43932707173589636,1.0008103337191063,1.0,0.0,0.0,action_normalized,0.12796277184710375,0.0,0.11002090405486509,0.0,0.0,0.3261537967964966,0.9680363122799913,0.0,0.0,-0.0,1.1630768983982482,1.409016545507328,5.6207073804593766e-08,5.5421309149153085e-08,-7.85764655440681e-10,7.85764655440681e-10,12.249999016376224,12.249999030127107
4.0,3.43,0.00018994498691173587,0.0015354741071221191,0.0003168764885594256,0.00019015048408754933,0.0015371353017536726,0.0003172193100496864,0.00019074671811479977,0.0015419551284072376,0.0003182139798642815,1.661194631553519e-06,1.661194631553519e-06,4.8198266535649185e-06,4.8198266535649185e-06,6.4810212851184375e-06,6.4810212851184375e-06,0.004220860029522458,1.280917082806759,1.0,0.24757629233153006,1.0010818773327719,1.0,0.0,0.0,action_normalized,0.17084322055941106,0.0,0.07718149434815945,0.7404712098033445,2.8757857052219016e-29,0.052928468881864164,0.11177290657100736,0.09029178776792637,0.8910384175458508,0.7590105044001653,1.2717967857693764,1.0767321020559757,3.0620637760588956,3.062023655234975,-4.012082392046423e-05,4.012082392046423e-05,17.265349973044717,17.264516441003924
4.8,3.43,0.00019791081378615956,0.0015697730721252953,0.00015100852794394307,0.0001981402984306989,0.0015715932799682754,0.00015118362771587908,0.00019891244235423517,0.0015777177090269224,0.00015177278358373408,1.8202078429800563e-06,1.8202078429800563e-06,6.124429058647048e-06,6.124429058647048e-06,7.944636901627104e-06,7.944636901627104e-06,0.005061009799888441,1.3602809677586774,1.0,0.30769127235057525,1.0011595356521918,1.0,0.0,0.0,action_normalized,0.18310653081749473,0.0,0.07111786048012514,0.7483266861513331,2.993278295504248e-29,0.3330127461264275,0.9985580509745398,0.1957340473559828,1.0288814678031082,0.8341126373933606,1.4726602518529865,1.4163259993902102,13.948701809710291,13.948141345136762,-0.000560464573529984,0.000560464573529984,984.1869819314145,984.0990701095661
5.6,3.43,0.00015727283647164777,0.0013021069688296935,5.94992944999995e-05,0.00015753680802891453,0.0013042924651429863,5.959915994261374e-05,0.00015825121484102535,0.001310207244258683,5.9869433578291765e-05,2.1854963132927983e-06,2.1854963132927983e-06,5.9147791156967475e-06,5.9147791156967475e-06,8.100275428989546e-06,8.100275428989546e-06,0.006220898607331703,1.4305484675437201,1.0,0.35805791447458585,1.001678430701632,1.0,0.0,0.0,action_normalized,0.2650471526360165,0.0,0.1092096338293002,0.767379504927606,3.368022308887913e-29,0.04896323098045846,0.10296811348511037,0.28060102967778355,1.1142545846630012,0.879037262159928,1.3731955190754255,1.0711593535980681,58.02937329552027,58.02344952002787,-0.005923775492405525,0.005923775492405525,20043.03699902115,20038.843972169645
6.4,3.43,0.00010403864280038917,0.0006722681091982096,2.7225488732385953e-05,0.00010425542550075973,0.0006736688973300254,2.728221779773563e-05,0.0001047708968660394,0.0006769997266330109,2.7417109598219946e-05,1.4007881318158118e-06,1.4007881318158118e-06,3.330829302985506e-06,3.330829302985506e-06,4.731617434801318e-06,4.731617434801318e-06,0.007038289292711729,1.4775528482269376,1.0,0.3903872383399466,1.0020836748205808,1.0,0.0,0.0,action_normalized,0.32904073887431096,0.0,0.1316552460415761,0.715278139509384,4.490444038446338e-29,0.23684225745303278,0.6206901777936342,0.28047183716500834,1.0740771267491565,0.9010352281964351,1.4570583697050576,1.309910589913548,59.89632911739576,59.89560616104666,-0.0007229563491009117,0.0007229563491009117,21386.378251316768,21385.84962592675
7.2,3.43,7.600632288932138e-05,0.00012096530974034708,1.7567903147612367e-05,7.616440957000164e-05,0.00012121690728601651,1.7604442890485634e-05,7.65504669574673e-05,0.00012183132395132915,1.7693675187676133e-05,2.51597545669434e-07,2.51597545669434e-07,6.144166653126358e-07,6.144166653126358e-07,8.660142109820698e-07,8.660142109820698e-07,0.0071591947546034125,1.4921401916441892,1.0,0.40021145959540433,1.0020799148632735,1.0,0.0,0.0,action_normalized,0.32844699021527235,0.0,0.14069871838435052,0.6301144919667779,8.300512389387293e-29,0.5397550802947837,2.3455123877977533,0.05673892634684577,0.5919358107848772,0.9103278981245463,1.4320462244303225,1.6204236024415644,3.5328051790730988,3.5330918551327763,0.0002866760596775819,0.0002866760596775819,28.430362074256458,28.43800539021118
8.0,3.43,6.31393350830356e-05,8.59108152869024e-05,1.3492967036065942e-05,6.328044557298647e-05,8.610281789860667e-05,1.352312255143281e-05,6.358693836850022e-05,8.651984867518231e-05,1.3588620504194272e-05,1.9200261170427006e-07,1.9200261170427006e-07,4.1703077657564383e-07,4.1703077657564383e-07,6.090333882799139e-07,6.090333882799139e-07,0.007089135241541172,1.4658274448318904,1.0,0.38241989178356733,1.0022349061764002,1.0,0.0,0.0,action_normalized,0.3529222373539415,0.0,0.1520636193182569,0.6058618762702935,9.732597691953039e-29,0.5891268740470006,2.8676826827286432,0.04473497088292337,0.5580450217225088,0.9133806364159601,1.4452584351748583,1.665287061215118,2.3263362593392602,2.326401211369646,6.495203038570097e-05,6.495203038570097e-05,5.363117908541583,5.363870027669671
8.8,3.43,2.2146858575592215e-05,5.848230682026327e-05,7.047750060653474e-06,2.217989163968585e-05,5.85695358863154e-05,7.058262105902459e-06,2.23026846114659e-05,5.889379028232835e-05,7.0973382652302845e-06,8.722906605213146e-08,8.722906605213146e-08,3.2425439601294835e-07,3.2425439601294835e-07,4.114834620650798e-07,4.114834620650798e-07,0.007036033365265728,1.5482467554553723,1.0,0.43712316521321565,1.001491546260653,1.0,0.0,0.0,action_normalized,0.23553554461712745,0.0,0.11517223325097901,0.5937428157982927,1.2483365527533563e-28,0.1526414316992487,0.36027589124483117,0.08885835383790645,0.738612412807362,0.9135092940138594,1.2831884075109417,1.2087482232265034,1.5836853755720006,1.5836127464669245,-7.26291050761052e-05,7.26291050761052e-05,0.21087698249391848,0.21071025415704459
9.600000000000001,3.43,1.0975147156171564e-05,4.357983827228935e-05,3.956029587034062e-06,1.0991844609187553e-05,4.364614009873792e-05,3.962048241473901e-06,1.1052676304452662e-05,4.3887689064210505e-05,3.983975235515424e-06,6.630182644856849e-08,6.630182644856849e-08,2.415489654725874e-07,2.415489654725874e-07,3.078507919211559e-07,3.078507919211559e-07,0.0070640645795352975,1.5480056645464257,1.0,0.4369674344285572,1.0015213876204476,1.0,0.0,0.0,action_normalized,0.2402479032725238,0.0,0.11485685465158924,0.5829075328039723,1.5205403540271514e-28,0.1066533286499557,0.23877254389671365,0.18728807642891,0.8851615241089844,0.9126874960731569,1.3214390644594516,1.1497013156171452,0.9999999979728135,0.9999999979716241,-1.1893819262809302e-12,1.1893819262809302e-12,1.000000010135932,1.000000010141879
10.4,3.43,7.422066626525578e-06,2.9967976184084518e-05,2.109988133026544e-06,7.434887871205628e-06,3.0019744347125368e-05,2.1136330308005483e-06,7.474498624519412e-06,3.0179680140169686e-05,2.124893805411979e-06,5.176816304084975e-08,5.176816304084975e-08,1.5993579304431811e-07,1.5993579304431811e-07,2.1170395608516787e-07,2.1170395608516787e-07,0.007064339439698308,1.5229622419775668,1.0,0.42065728173279693,1.001727449418768,1.0,0.0,0.0,action_normalized,0.2727878781781295,0.0,0.12533762689732517,0.5770575959604645,1.881807269350586e-28,0.19108966093919896,0.472461907610346,0.220824975839357,0.9172112618700298,0.9115432851342707,1.380053889896946,1.2559774722814012,0.49525462590142705,0.49525489113886845,2.652374413991687e-07,2.652374413991687e-07,5.116026199704791,5.116023200050878
11.2,3.43,4.558508207901971e-06,1.647338744732148e-05,7.95606596944386e-07,4.567280365358717e-06,1.65050879822209e-05,7.97137621135573e-07,4.590712205452555e-06,1.6589765197411687e-05,8.012272324090348e-07,3.170053489942075e-08,3.170053489942075e-08,8.467721519078681e-08,8.467721519078681e-08,1.1637775009020756e-07,1.1637775009020756e-07,0.007064591327215473,1.499419168235305,1.0,0.40507781194222237,1.0019243482860336,1.0,0.0,0.0,action_normalized,0.3038809010090569,0.0,0.1353663151635882,0.5744380150759414,2.5787377240566718e-28,0.26361689275729705,0.7159775670150244,0.25761164719784035,0.9184677759010066,0.9102765370125353,1.4258283021533602,1.3404293458524341,0.15211174390357135,0.15211190259139923,1.586878278780901e-07,1.586878278780901e-07,9.73265687314616,9.732654397837855
12.0,3.43,2.5104956379856614e-06,8.248755073982043e-06,4.859948363192252e-07,2.5156933242194152e-06,8.265833152129211e-06,4.870010315231487e-07,2.5281406633982675e-06,8.306731471431416e-06,4.894106523467443e-07,1.7078078147168276e-08,1.7078078147168276e-08,4.089831930220467e-08,4.089831930220467e-08,5.797639744937295e-08,5.797639744937295e-08,0.007028502717002743,1.4779687035454037,1.0,0.3906686474340275,1.0020703824994193,1.0,0.0,0.0,action_normalized,0.32694169965129355,0.0,0.14464355018632655,0.5733931516996877,3.6558279480067733e-28,0.324701506182844,0.9616532811955605,0.21985478162960875,0.8771174053715285,0.9093091097772936,1.4365937998417064,1.407463712250409,0.03820531309156795,0.038202617653778324,-2.6954377896279413e-06,2.6954377896279413e-06,11.59052980807521,11.59057569103138
12.8,3.43,6.987847108646833e-07,2.0494076607145626e-06,2.054665518246095e-07,6.996720044969613e-07,2.0520099305396187e-06,2.0572744643241294e-07,7.037149161231399e-07,2.063867050378474e-06,2.0691620041950957e-07,2.602269825056104e-09,2.602269825056104e-09,1.1857119838855512e-08,1.1857119838855512e-08,1.4459389663911616e-08,1.4459389663911616e-08,0.007055399441060981,1.5781226258875372,1.0,0.4562359290923607,1.0012697668086927,1.0,0.0,0.0,action_normalized,0.20051353733488714,0.0,0.10063809092004923,0.5338322597762198,6.46404423547135e-28,0.11428700520012199,0.2580678072267517,0.17569428045847932,0.7916633955499216,0.9085355337544835,1.2989829216021613,1.1597086448540501,0.002360309033937482,0.002360268423615497,-4.0610321984987235e-08,4.0610321984987235e-08,12.208729411023189,12.208730120505674
13.600000000000001,3.43,2.2326033684335225e-07,5.624696091711972e-07,8.964812133016587e-08,2.2352811019822523e-07,5.631442223890728e-07,8.975564324178729e-08,2.2482937768311778e-07,5.664225629308961e-07,9.027815515329846e-08,6.74613217875585e-10,6.74613217875585e-10,3.2783405418232864e-09,3.2783405418232864e-09,3.952953759698871e-09,3.952953759698871e-09,0.007027853052405045,1.5835144599575646,1.0,0.4596467185984162,1.001199377187453,1.0,0.0,0.0,action_normalized,0.18939805388563358,0.0,0.09808481357269962,0.5280216019097187,1.1763488295712893e-27,0.11527755794505871,0.2605959846057573,0.14219344601157302,0.6820544847944048,0.907825510874757,1.263700761674024,1.1610009932696252,0.0001778174063980317,0.0001778046193235838,-1.2787074447879283e-08,1.2787074447879283e-08,12.246888393006971,12.246888616752354
14.4,3.43,1.1131990432277677e-07,2.793916789710462e-07,4.078605998630762e-08,1.1147165802672926e-07,2.7977255175741174e-07,4.084166042641044e-08,1.1210029687901636e-07,2.8135031510059304e-07,4.107198493212293e-08,3.8087278636553007e-10,3.8087278636553007e-10,1.5777633431813045e-09,1.5777633431813045e-09,1.9586361295468346e-09,1.9586361295468346e-09,0.0070103595667565,1.5609164733916419,1.0,0.4452731317042589,1.0013632216527286,1.0,0.0,0.0,action_normalized,0.21527133477490498,0.0,0.10740742647090296,0.5324657751502841,1.706898530707589e-27,0.19599958236239193,0.48756089689181237,0.14358465010708318,0.6958543941494896,0.9074244704977343,1.3078595522453393,1.2618790978739667,4.38747837652474e-05,4.3870104388351714e-05,-4.6793768956846925e-09,4.6793768956846925e-09,12.249232203315335,12.249232285201863
15.200000000000001,3.43,4.968179652929179e-08,1.4686541744463403e-07,1.1759266312241004e-08,4.9759782369664905e-08,1.4709595304924758e-07,1.1777724909344889e-08,5.0031871306133857e-08,1.4790028095258776e-07,1.1842126088208588e-08,2.3053560461355164e-10,2.3053560461355164e-10,8.043279033401839e-10,8.043279033401839e-10,1.0348635079537355e-09,1.0348635079537355e-09,0.0070463389268876925,1.5399344597018174,1.0,0.4317398568847099,1.0015697065287712,1.0,0.0,0.0,action_normalized,0.24787811943645321,0.0,0.11619019864791928,0.5368509890678882,2.4988350297655963e-27,0.26351295792832896,0.7155942817054621,0.20614409899481195,0.819436890048869,0.9071879489454665,1.3881517262250846,1.3403122806873127,1.2123555127068707e-05,1.2123128350018789e-05,-4.26777049918265e-10,4.26777049918265e-10,12.2497878387039,12.249787846172435
16.0,3.43,2.01636996184475e-08,5.5960813627127475e-08,5.232906218205755e-09,2.0198080472227822e-08,5.60562316598868e-08,5.241828776413758e-09,2.0305212454345168e-08,5.635355769619061e-08,5.269631790047113e-09,9.541803275932623e-11,9.541803275932623e-11,2.973260363038096e-10,2.973260363038096e-10,3.927440690631358e-10,3.927440690631358e-10,0.007018197978321563,1.520124718640573,1.0,0.4187923832293445,1.0017050865878239,1.0,0.0,0.0,action_normalized,0.26925648146281383,0.0,0.12459912372608362,0.5410001788740852,4.0661872638707335e-27,0.3217878591111364,0.9489298103375201,0.18083051406094844,0.7848913475230797,0.9069602961348278,1.4023243949515753,1.4043428740235022,1.7601878394377281e-06,1.7600275186097e-06,-1.603208280281407e-10,1.603208280281407e-10,12.249969196732172,12.249969199537782
16.8,3.43,9.321563122595514e-09,2.5076341003148622e-08,2.2388510529368596e-09,9.338840307056263e-09,2.512281910595327e-08,2.243000683434771e-09,9.386903560806774e-09,2.5252116148189368e-08,2.2545445055225135e-09,4.647810280464959e-11,4.647810280464959e-11,1.2929704223609626e-10,1.2929704223609626e-10,1.7577514504074585e-10,1.7577514504074585e-10,0.007009601002741001,1.5013415333766713,1.0,0.40635906399495303,1.0018534642992298,1.0,0.0,0.0,action_normalized,0.2926873504790659,0.0,0.13268580337603814,0.5465737798382388,6.165884165804564e-27,0.3729068193667717,1.1893186878231288,0.1777839621892827,0.7815757281669996,0.9064258802929617,1.4262933322724565,1.4580718575681215,3.534429391742062e-07,3.534047128527327e-07,-3.822632147347743e-11,3.822632147347743e-11,12.249993814749343,12.249993815418303
17.6,3.43,3.4844108883180457e-09,7.139226485334223e-09,8.222198924376399e-10,3.48922556243261e-09,7.1490912946402065e-09,8.23356015862656e-10,3.5088717188711043e-09,7.189344400509826e-09,8.2799193887846e-10,9.864809305983397e-12,9.864809305983397e-12,4.025310586961934e-11,4.025310586961934e-11,5.0117915175602737e-11,5.0117915175602737e-11,0.007020076373618012,1.559816346703205,1.0,0.44456808785883606,1.0013817756484191,1.0,0.0,0.0,action_normalized,0.21820126433529216,0.0,0.10702376707827714,0.5253311760113417,1.0452097502090276e-26,0.2679119024066777,0.7319116463917812,0.1320001313909301,0.6787167217905433,0.9037860142270192,1.3366351644987071,1.345257621215382,5.6207073804593766e-08,5.5421309149153085e-08,-7.85764655440681e-10,7.85764655440681e-10,12.249999016376224,12.249999030127107
18.4,3.43,1.7949803590232282e-09,1.996930012438708e-09,3.8732741948561017e-10,1.7969745348657373e-09,1.9991485490204416e-09,3.877577300342448e-10,1.807523638066096e-09,2.01088451074237e-09,3.900340540619382e-10,2.2185365817337405e-12,2.2185365817337405e-12,1.173596172192823e-11,1.173596172192823e-11,1.395449830366197e-11,1.395449830366197e-11,0.006987975650994568,1.5896510516836373,1.0,0.463514527796402,1.0011109736284771,1.0,0.0,0.0,action_normalized,0.17543792340978476,0.0,0.09421603304878111,0.5139240325215796,1.686044268142297e-26,0.20297833384972,0.5093420730458487,0.0,0.5139240325215797,0.9043734450498737,1.229970175055255,1.2702190003210754,5.6207073804593766e-08,5.5421309149153085e-08,-7.85764655440681e-10,7.85764655440681e-10,12.249999016376224,12.249999030127107
19.200000000000003,3.43,1.8603064690849132e-09,2.063041699959558e-09,3.88760954464617e-10,1.862617639623841e-09,2.0656047406610567e-09,3.892439355645462e-10,1.8732646855020547e-09,2.077412096058225e-09,3.914689214938157e-10,2.563040701498725e-12,2.563040701498725e-12,1.180735539716838e-11,1.180735539716838e-11,1.4370396098667105e-11,1.4370396098667105e-11,0.0069656353039053015,1.5704009692603986,1.0,0.4513309811859851,1.0012423601042815,1.0,0.0,0.0,action_normalized,0.1961856440472512,0.0,0.10217329191624851,0.5190615771644347,1.6870931452033958e-26,0.26851220272081255,0.7341536078101636,0.0,0.5190615771644347,0.9050431796499754,1.264021495651515,1.3459310085035026,5.6207073804593766e-08,5.5421309149153085e-08,-7.85764655440681e-10,7.85764655440681e-10,12.249999016376224,12.249999030127107
20.0,3.43,0.0,0.0,0.0,1e-30,1e-30,1e-30,1.0055641423643005e-30,1.0055641423643005e-30,1.0055641423643005e-30,1e-30,1e-30,5.564142364300414e-33,5.564142364300414e-33,1.0055641423643005e-30,1.0055641423643005e-30,1.0055641423643005,1.5516627094173834,1.0,0.43932707173589636,1.0008103337191063,1.0,0.0,0.0,action_normalized,0.12796277184710375,0.0,0.11002090405486509,0.0,0.0,0.3261537967964966,0.9680363122799913,0.0,0.0,-0.0,1.1630768983982482,1.409016545507328,5.6207073804593766e-08,5.5421309149153085e-08,-7.85764655440681e-10,7.85764655440681e-10,12.249999016376224,12.249999030127107
4.0,3.62,0.00019156415950615622,0.0015384232206597922,0.0003154121995091015,0.00019177149367687589,0.001540088290490671,0.0003157535771811497,0.00019237281052618852,0.00154491737650729,0.00031674365105787344,1.6650698308787962e-06,1.6650698308787962e-06,4.829086016618989e-06,4.829086016618989e-06,6.494155847497785e-06,6.494155847497785e-06,0.0042213064391426695,1.280917082806759,1.0,0.24757629233153006,1.0010823223470098,1.0,0.0,0.0,action_normalized,0.17091349439113177,0.0,0.07718149434815945,0.7410260730428088,2.875647992200912e-29,0.052928468881864164,0.11177290657100736,0.09029178776792637,0.891509008468447,0.7590421008183054,1.2719144335000254,1.0767321020559757,3.1023497173965704,3.1023086981488386,-4.101924773181054e-05,4.101924773181054e-05,18.112466002001145,18.111593148707463
4.8,3.62,0.00019804606069698686,0.0015698556981101385,0.00015094906140047544,0.0001982756965892028,0.0015716759575619909,0.00015112408796890032,0.00019904836815333606,0.0015778007088115404,0.00015171301181301152,1.820259451852397e-06,1.820259451852397e-06,6.124751249549478e-06,6.124751249549478e-06,7.945010701401875e-06,7.945010701401875e-06,0.00506098153541528,1.3602809677586774,1.0,0.30769127235057525,1.0011595074974367,1.0,0.0,0.0,action_normalized,0.1831020847967484,0.0,0.07111786048012514,0.7482985867569051,2.993240450086358e-29,0.3330127461264275,0.9985580509745398,0.1957340473559828,1.0288331113678246,0.8341455520100647,1.4726481627441657,1.4163259993902102,13.961014701963862,13.96045329865231,-0.0005614033115524109,0.0005614033115524109,986.1193146434515,986.0311691726603
5.6,3.62,0.00015728058927339057,0.0013021021200968039,5.949739987029108e-05,0.00015754457233653504,0.0013042875957984023,5.959726156294783e-05,0.00015825901435866644,0.0013102023528323203,5.986752658974655e-05,2.1854757015983724e-06,2.1854757015983724e-06,5.914757033918068e-06,5.914757033918068e-06,8.10023273551644e-06,8.10023273551644e-06,0.0062208889844325215,1.4305484675437201,1.0,0.35805791447458585,1.0016784211221743,1.0,0.0,0.0,action_normalized,0.26504563990869107,0.0,0.1092096338293002,0.7673718032797228,3.368020638482206e-29,0.04896323098045846,0.10296811348511037,0.28060102967778355,1.1142471708885975,0.879039831014294,1.3731936656318244,1.0711593535980681,58.03237018984317,58.02644569069584,-0.005924499147333506,0.005924499147333506,20045.15845824648,20040.96469725828
6.4,3.62,0.00010403903285972952,0.0006722675992700525,2.722541545984829e-05,0.00010425581623183361,0.0006736683854280954,2.7282144335618196e-05,0.00010477128952900967,0.000676999212200078,2.7417035772882874e-05,1.4007861580428872e-06,1.4007861580428872e-06,3.3308267719826465e-06,3.3308267719826465e-06,4.731612930025534e-06,4.731612930025534e-06,0.007038287930525158,1.4775528482269376,1.0,0.3903872383399466,1.0020836734650962,1.0,0.0,0.0,action_normalized,0.3290405248247381,0.0,0.1316552460415761,0.715277269151068,4.490444038542087e-29,0.23684225745303278,0.6206901777936342,0.28047183716500834,1.0740762926656664,0.9010353374220468,1.4570581611841853,1.309910589913548,59.896481583585164,59.89575858425028,-0.0007229993348829566,0.0007229993348829566,21386.489735366988,21385.961077168064
7.2,3.62,7.600634645080238e-05,0.0001209652982746507,1.756789888712088e-05,7.616443317237443e-05,0.00012121689578355878,1.7604438619257224e-05,7.655049067947432e-05,0.00012183131239056848,1.7693670894797987e-05,2.515975089080821e-07,2.515975089080821e-07,6.144166070097047e-07,6.144166070097047e-07,8.660141159177868e-07,8.660141159177868e-07,0.007159194647307106,1.4921401916441892,1.0,0.40021145959540433,1.0020799147565183,1.0,0.0,0.0,action_normalized,0.3284469733571711,0.0,0.14069871838435052,0.630114421698452,8.300512230633132e-29,0.5397550802947837,2.3455123877977533,0.05673892634684577,0.591935763697312,0.9103278970698527,1.4320462126584312,1.6204236024415644,3.532805486037329,3.5330921618778577,0.00028667584052888273,0.00028667584052888273,28.43037025794329,28.4380135691547
8.0,3.62,6.313933684809059e-05,8.591081435204948e-05,1.3492966720466841e-05,6.328044734144399e-05,8.610281696092668e-05,1.3523122235012503e-05,6.358694014552309e-05,8.651984773296076e-05,1.3588620186241412e-05,1.9200260887719935e-07,1.9200260887719935e-07,4.1703077203408356e-07,4.1703077203408356e-07,6.090333809112829e-07,6.090333809112829e-07,0.007089135232912082,1.4658274448318904,1.0,0.38241989178356733,1.0022349061678126,1.0,0.0,0.0,action_normalized,0.35292223599786215,0.0,0.1520636193182569,0.6058618706477157,9.732597677697152e-29,0.5891268740470006,2.8676826827286432,0.04473497088292337,0.5580450197503236,0.9133806353993956,1.445258434681812,1.665287061215118,2.32633625647993,2.3264012084892145,6.495200928435807e-05,6.495200928435807e-05,5.363117875432819,5.363869994314233
8.8,3.62,2.2146858636429218e-05,5.8482306745953826e-05,7.047750043925818e-06,2.2179891700594943e-05,5.856953581184586e-05,7.0582620891439175e-06,2.23026846727122e-05,5.889379020744653e-05,7.097338248378964e-06,8.722906589203545e-08,8.722906589203545e-08,3.242543956006669e-07,3.242543956006669e-07,4.114834614927024e-07,4.114834614927024e-07,0.007036033364418741,1.5482467554553723,1.0,0.43712316521321565,1.0014915462598108,1.0,0.0,0.0,action_normalized,0.2355355444841128,0.0,0.11517223325097901,0.5937428151857201,1.2483365527864527e-28,0.1526414316992487,0.36027589124483117,0.08885835383790645,0.7386124118815585,0.9135092938402267,1.2831884072794906,1.2087482232265034,1.5836853728707379,1.5836127437635303,-7.262910720751137e-05,7.262910720751137e-05,0.21087697629163768,0.21071024795232426
9.600000000000001,3.62,1.097514716750559e-05,4.357983823993369e-05,3.956029584713497e-06,1.0991844620533715e-05,4.364614006631276e-05,3.962048239147964e-06,1.1052676315861618e-05,4.3887689031605896e-05,3.9839752331766146e-06,6.630182637906435e-08,6.630182637906435e-08,2.415489652931384e-07,2.415489652931384e-07,3.0785079167220276e-07,3.0785079167220276e-07,0.0070640645790674035,1.5480056645464257,1.0,0.4369674344285572,1.0015213876199822,1.0,0.0,0.0,action_normalized,0.2402479031990278,0.0,0.11485685465158924,0.5829075324628912,1.5205403541038937e-28,0.1066533286499557,0.23877254389671365,0.18728807642891,0.8851615236309429,0.9126874960435966,1.3214390643399412,1.1497013156171452,0.9999999965621593,0.9999999965600994,-2.0599077998895154e-12,2.0599077998895154e-12,1.000000017189203,1.0000000171995023
10.4,3.62,7.422066635836792e-06,2.9967976142054584e-05,2.109988132800364e-06,7.434887880526082e-06,3.0019744304995196e-05,2.1136330305720316e-06,7.4744986338895224e-06,3.0179680097815057e-05,2.124893805182245e-06,5.176816294061187e-08,5.176816294061187e-08,1.5993579281986116e-07,1.5993579281986116e-07,2.1170395576047303e-07,2.1170395576047303e-07,0.007064339438771282,1.5229622419775668,1.0,0.42065728173279693,1.0017274494178459,1.0,0.0,0.0,action_normalized,0.27278787803247834,0.0,0.12533762689732517,0.5770575953533154,1.8818072695195378e-28,0.19108966093919896,0.472461907610346,0.220824975839357,0.9172112610478093,0.9115432851839292,1.380053889691391,1.2559774722814012,0.49525462451438723,0.4952548897509333,2.652365460598105e-07,2.652365460598105e-07,5.116026215391265,5.1160232157474725
11.2,3.62,4.558508140962937e-06,1.6473387541821005e-05,7.956066124064262e-07,4.56728029830123e-06,1.6505088076939715e-05,7.971376366291759e-07,4.590712138051039e-06,1.6589765292616445e-05,8.012272479821256e-07,3.17005351187108e-08,3.17005351187108e-08,8.467721567672961e-08,8.467721567672961e-08,1.1637775079544041e-07,1.1637775079544041e-07,0.007064591329499904,1.499419168235305,1.0,0.40507781194222237,1.0019243482883065,1.0,0.0,0.0,action_normalized,0.30388090136795515,0.0,0.1353663151635882,0.5744380156356265,2.578737722233092e-28,0.26361689275729705,0.7159775670150244,0.25761164719784035,0.9184677806094712,0.9102765397589176,1.4258283033304764,1.3404293458524341,0.15211174563265198,0.15211190432116983,1.5868851785394433e-07,1.5868851785394433e-07,9.732656846174915,9.732654370855855
12.0,3.62,2.5104953637235645e-06,8.248756071704569e-06,4.859948471246432e-07,2.515693049585513e-06,8.265834152561477e-06,4.870010423888849e-07,2.5281403874055107e-06,8.306732476813698e-06,4.894106632662428e-07,1.707808085690799e-08,1.707808085690799e-08,4.089832425222117e-08,4.089832425222117e-08,5.797640510912916e-08,5.797640510912916e-08,0.007028502795470419,1.4779687035454037,1.0,0.3906686474340275,1.0020703825775004,1.0,0.0,0.0,action_normalized,0.3269417119813751,0.0,0.14464355018632655,0.5733931912133362,3.6558279170384534e-28,0.324701506182844,0.9616532811955605,0.21985478162960875,0.8771174777743775,0.9093091114707529,1.4365938179424187,1.407463712250409,0.038205322331963304,0.0382026268994693,-2.6954324940028918e-06,2.6954324940028918e-06,11.590529650781196,11.59057553364691
12.8,3.62,6.987850667582667e-07,2.049405442966268e-06,2.0546691458996626e-07,6.99672360354002e-07,2.052007708542785e-06,2.057278095147776e-07,7.037152740364278e-07,2.063864815542286e-06,2.0691656559987144e-07,2.602265576517141e-09,2.602265576517141e-09,1.1857106999500875e-08,1.1857106999500875e-08,1.4459372576018016e-08,1.4459372576018016e-08,0.007055398738030974,1.5781226258875372,1.0,0.4562359290923607,1.0012697661097019,1.0,0.0,0.0,action_normalized,0.2005134269546797,0.0,0.10063809092004923,0.5338316489059117,6.464044465609094e-28,0.11428700520012199,0.2580678072267517,0.17569428045847932,0.7916626046068637,0.9085357790169561,1.298982723866397,1.1597086448540501,0.0023603039240562753,0.002360263310527412,-4.0613528863326503e-08,4.0613528863326503e-08,12.20872950029535,12.20873020983386
13.600000000000001,3.62,2.2326160079887397e-07,5.624641090358495e-07,8.964924360862648e-08,2.235293744124292e-07,5.631387124895232e-07,8.975676636143162e-08,2.2483064925693676e-07,5.66417020955501e-07,9.027928481117671e-08,6.746034536737453e-10,6.746034536737453e-10,3.2783084659778285e-09,3.2783084659778285e-09,3.952911919651574e-09,3.952911919651574e-09,0.007027847388213759,1.5835144599575646,1.0,0.4596467185984162,1.001199371556045,1.0,0.0,0.0,action_normalized,0.18939716460932282,0.0,0.09808481357269962,0.5280168211599038,1.1763488424750079e-27,0.11527755794505871,0.2605959846057573,0.14219344601157302,0.6820465661265575,0.9078271581265422,1.2636987820070622,1.1610009932696252,0.00017781392866979316,0.00017780113984537064,-1.2788824422529065e-08,1.2788824422529065e-08,12.24688845385948,12.246888677635486
14.4,3.62,1.1131969109529625e-07,2.793939226895787e-07,4.078541255036925e-08,1.1147144514398821e-07,2.797748001294179e-07,4.0841012340677616e-08,1.1210008279573372e-07,2.8135257615218095e-07,4.107133319154296e-08,3.8087743983923435e-10,3.8087743983923435e-10,1.5777760227630285e-09,1.5777760227630285e-09,1.958653462602263e-09,1.958653462602263e-09,0.007010365306973515,1.5609164733916419,1.0,0.4452731317042589,1.0013632273607556,1.0,0.0,0.0,action_normalized,0.21527223615038113,0.0,0.10740742647090296,0.5324702825682148,1.706898813754625e-27,0.19599958236239193,0.48756089689181237,0.14358465010708318,0.6958609118495571,0.9074222684207751,1.3078611816703563,1.2618790978739667,4.387548847092167e-05,4.3870809519012064e-05,-4.678951909608902e-09,4.678951909608902e-09,12.249232190983372,12.249232272862466
15.200000000000001,3.62,4.9683301627579994e-08,1.468672700196202e-07,1.1758318010469981e-08,4.9761290640464115e-08,1.4709781092649622e-07,1.177677531070514e-08,5.0033387824231955e-08,1.4790214898880054e-07,1.1841171297116789e-08,2.3054090687600645e-10,2.3054090687600645e-10,8.043380623043227e-10,8.043380623043227e-10,1.0348789691803292e-09,1.0348789691803292e-09,0.007046355318254899,1.5399344597018174,1.0,0.4317398568847099,1.001569722830997,1.0,0.0,0.0,action_normalized,0.24788069378077354,0.0,0.11619019864791928,0.5368656406129076,2.498838328969772e-27,0.26351295792832896,0.7155942817054621,0.20614409899481195,0.8194416210480321,0.9071750333850779,1.3881529089748754,1.3403122806873127,1.2123860985619731e-05,1.212343459246104e-05,-4.2639315869114904e-10,4.2639315869114904e-10,12.249787833351425,12.24978784081324
16.0,3.62,2.013529281264465e-08,5.6030361354393594e-08,5.236733354301586e-09,2.016963364914563e-08,5.6125921398951466e-08,5.245664627643009e-09,2.0276614747393298e-08,5.6423617074335065e-08,5.273487986890189e-09,9.556004455787209e-11,9.556004455787209e-11,2.97695675383599e-10,2.97695675383599e-10,3.932557199414711e-10,3.932557199414711e-10,0.007018618306851846,1.520124718640573,1.0,0.4187923832293445,1.001705504698666,1.0,0.0,0.0,action_normalized,0.26932250688051623,0.0,0.12459912372608362,0.5411609326050772,4.0656831729720804e-27,0.3217878591111364,0.9489298103375201,0.18083051406094844,0.7856815930065508,0.9071119614525196,1.4025219563224431,1.4043428740235022,1.7645656576059786e-06,1.7644064109615268e-06,-1.592466444518763e-10,1.592466444518763e-10,12.24996912012045,12.249969122907261
16.8,3.62,9.31288741848198e-09,2.500543312410231e-08,2.2594181325096426e-09,9.330121598136295e-09,2.5051707507913663e-08,2.2635993511006256e-09,9.378139980199805e-09,2.5180638567365087e-08,2.2752491862433504e-09,4.627438381135147e-11,4.627438381135147e-11,1.2893105945142463e-10,1.2893105945142463e-10,1.752054432627761e-10,1.752054432627761e-10,0.007006695000771594,1.5013415333766713,1.0,0.40635906399495303,1.001850573176705,1.0,0.0,0.0,action_normalized,0.2922308027095235,0.0,0.13268580337603814,0.5446669460632896,6.165754199781417e-27,0.3729068193667717,1.1893186878231288,0.1777839621892827,0.7797083632377199,0.9077505210087013,1.4258264910401366,1.4580718575681215,3.5144691785126237e-07,3.5140687923744107e-07,-4.0038613821296094e-11,4.0038613821296094e-11,12.249993849679708,12.249993850380385
17.6,3.62,3.484410888318046e-09,7.139226485334225e-09,8.222198924376402e-10,3.4892255624326104e-09,7.149091294640208e-09,8.233560158626563e-10,3.5088717188711048e-09,7.1893444005098275e-09,8.279919388784604e-10,9.864809305983397e-12,9.864809305983397e-12,4.025310586961934e-11,4.025310586961934e-11,5.0117915175602737e-11,5.0117915175602737e-11,0.00702007637361801,1.559816346703205,1.0,0.44456808785883606,1.0013817756484191,1.0,0.0,0.0,action_normalized,0.21820126433529213,0.0,0.10702376707827714,0.5253311760113416,1.0452097502090277e-26,0.2679119024066777,0.7319116463917812,0.1320001313909301,0.6787167217905434,0.9037860142270192,1.3366351644987071,1.345257621215382,5.6207073804593766e-08,5.5421309149153085e-08,-7.85764655440681e-10,7.85764655440681e-10,12.249999016376224,12.249999030127107
18.4,3.62,1.7949803590232282e-09,1.996930012438708e-09,3.8732741948561017e-10,1.7969745348657373e-09,1.9991485490204416e-09,3.877577300342448e-10,1.807523638066096e-09,2.01088451074237e-09,3.900340540619382e-10,2.2185365817337405e-12,2.2185365817337405e-12,1.173596172192823e-11,1.173596172192823e-11,1.395449830366197e-11,1.395449830366197e-11,0.006987975650994568,1.5896510516836373,1.0,0.463514527796402,1.0011109736284771,1.0,0.0,0.0,action_normalized,0.17543792340978476,0.0,0.09421603304878111,0.5139240325215796,1.686044268142297e-26,0.20297833384972,0.5093420730458487,0.0,0.5139240325215797,0.9043734450498737,1.229970175055255,1.2702190003210754,5.6207073804593766e-08,5.5421309149153085e-08,-7.85764655440681e-10,7.85764655440681e-10,12.249999016376224,12.249999030127107
19.200000000000003,3.62,1.8603064690849132e-09,2.063041699959558e-09,3.88760954464617e-10,1.862617639623841e-09,2.0656047406610567e-09,3.892439355645462e-10,1.8732646855020547e-09,2.077412096058225e-09,3.914689214938157e-10,2.563040701498725e-12,2.563040701498725e-12,1.180735539716838e-11,1.180735539716838e-11,1.4370396098667105e-11,1.4370396098667105e-11,0.0069656353039053015,1.5704009692603986,1.0,0.4513309811859851,1.0012423601042815,1.0,0.0,0.0,action_normalized,0.1961856440472512,0.0,0.10217329191624851,0.5190615771644347,1.6870931452033958e-26,0.26851220272081255,0.7341536078101636,0.0,0.5190615771644347,0.9050431796499754,1.264021495651515,1.3459310085035026,5.6207073804593766e-08,5.5421309149153085e-08,-7.85764655440681e-10,7.85764655440681e-10,12.249999016376224,12.249999030127107
20.0,3.62,0.0,0.0,0.0,1e-30,1e-30,1e-30,1.0055641423643005e-30,1.0055641423643005e-30,1.0055641423643005e-30,1e-30,1e-30,5.564142364300414e-33,5.564142364300414e-33,1.0055641423643005e-30,1.0055641423643005e-30,1.0055641423643005,1.5516627094173834,1.0,0.43932707173589636,1.0008103337191063,1.0,0.0,0.0,action_normalized,0.12796277184710375,0.0,0.11002090405486509,0.0,0.0,0.3261537967964966,0.9680363122799913,0.0,0.0,-0.0,1.1630768983982482,1.409016545507328,5.6207073804593766e-08,5.5421309149153085e-08,-7.85764655440681e-10,7.85764655440681e-10,12.249999016376224,12.249999030127107
4.0,3.81,0.00019318525669526364,0.0015413140263793401,0.00031395984768226053,0.00019339442804765139,0.0015429828842666712,0.00031429978773285527,0.0001940008337543524,0.0015478210465436667,0.00031528530312138113,1.6688578873310777e-06,1.6688578873310777e-06,4.838162276995508e-06,4.838162276995508e-06,6.507020164326586e-06,6.507020164326586e-06,0.004221735514606361,1.280917082806759,1.0,0.24757629233153006,1.001082750081274,1.0,0.0,0.0,action_normalized,0.1709810394787525,0.0,0.07718149434815945,0.7415605618170809,2.875507705132703e-29,0.052928468881864164,0.11177290657100736,0.09029178776792637,0.8919576225852838,0.7590766049270692,1.2720265870292344,1.0767321020559757,3.142800761017072,3.1427588292282125,-4.1931788859361774e-05,4.1931788859361774e-05,18.983465578760526,18.98255210533056
4.8,3.81,0.0001981813173150269,0.0015699380109861526,0.00015088963563613146,0.00019841110444112026,0.001571758321541036,0.00015106458903839886,0.00019918430368362527,0.0015778833937593456,0.00015165328101782627,1.820310554883275e-06,1.820310554883275e-06,6.1250722183097284e-06,6.1250722183097284e-06,7.945382773193004e-06,7.945382773193004e-06,0.005060953182605045,1.3602809677586774,1.0,0.30769127235057525,1.0011594792546872,1.0,0.0,0.0,action_normalized,0.18309762488052392,0.0,0.07111786048012514,0.7482703798303796,2.9932026195443457e-29,0.3330127461264275,0.9985580509745398,0.1957340473559828,1.028784668652148,0.8341784561594365,1.4726360520652464,1.4163259993902102,13.973329536135248,13.972767192979697,-0.0005623431555505931,0.0005623431555505931,988.0538476515687,987.9654680554161
5.6,3.81,0.00015728834200537633,0.001302097270244497,5.94955053574147e-05,0.00015755233657408724,0.0013042827253322371,5.9595363300329064e-05,0.0001582668138059215,0.00131019746027929,5.986561971877928e-05,2.1854550877400958e-06,2.1854550877400958e-06,5.914734947052962e-06,5.914734947052962e-06,8.100190034793057e-06,8.100190034793057e-06,0.006220879361241631,1.4305484675437201,1.0,0.35805791447458585,1.0016784115424262,1.0,0.0,0.0,action_normalized,0.26504412713548464,0.0,0.1092096338293002,0.7673641013740413,3.368018968269737e-29,0.04896323098045846,0.10296811348511037,0.28060102967778355,1.11423975689995,0.8790423995706582,1.3731918121346627,1.0711593535980681,58.03536702127631,58.02944179841845,-0.005925222857854351,0.005925222857854351,20047.279985216697,20043.085490002893
6.4,3.81,0.00010403942291816903,0.0006722670893398038,2.722534218776579e-05,0.000104256206962004,0.0006736678735240729,2.728207087395715e-05,0.00010477168219107197,0.0006769986977650423,2.7416961948004443e-05,1.4007841842690952e-06,1.4007841842690952e-06,3.3308242409693786e-06,3.3308242409693786e-06,4.731608425238474e-06,4.731608425238474e-06,0.007038286568341645,1.4775528482269376,1.0,0.3903872383399466,1.0020836721096145,1.0,0.0,0.0,action_normalized,0.3290403107756454,0.0,0.1316552460415761,0.7152763987949655,4.4904440386402544e-29,0.23684225745303278,0.6206901777936342,0.28047183716500834,1.0740754585823138,0.9010354466446373,1.4570579526633471,1.309910589913548,59.89663404855779,59.895911006236766,-0.0007230423210273784,0.0007230423210273784,21386.60121881807,21386.072527809818
7.2,3.81,7.600637001217099e-05,0.00012096528680893696,1.7567894626679354e-05,7.616445677463461e-05,0.00012121688428108365,1.7604434348078876e-05,7.655051440136816e-05,0.00012183130082979032,1.7693666601970158e-05,2.515974721466896e-07,2.515974721466896e-07,6.144165487066786e-07,6.144165487066786e-07,8.660140208533682e-07,8.660140208533682e-07,0.007159194540010687,1.4921401916441892,1.0,0.40021145959540433,1.002079914649763,1.0,0.0,0.0,action_normalized,0.3284469564990379,0.0,0.14069871838435052,0.6301143514300085,8.300512071879224e-29,0.5397550802947837,2.3455123877977533,0.05673892634684577,0.5919357166095981,0.9103278960154241,1.4320462008865027,1.6204236024415644,3.5328057929890972,3.5330924686104725,0.00028667562137529856,0.00028667562137529856,28.43037844129907,28.438021747767
8.0,3.81,6.313933861523411e-05,8.591081341528643e-05,1.3492966404811948e-05,6.328044911199333e-05,8.610281602133042e-05,1.3523121918535986e-05,6.358694192464791e-05,8.651984678881365e-05,1.358861986823207e-05,1.9200260604398933e-07,1.9200260604398933e-07,4.1703076748322626e-07,4.1703076748322626e-07,6.090333735272156e-07,6.090333735272156e-07,0.007089135224260932,1.4658274448318904,1.0,0.38241989178356733,1.0022349061592033,1.0,0.0,0.0,action_normalized,0.3529222346383041,0.0,0.1520636193182569,0.605861865011666,9.732597663413621e-29,0.5891268740470006,2.8676826827286432,0.04473497088292337,0.5580450177696549,0.9133806343857518,1.4452584341866448,1.665287061215118,2.326336253525646,2.326401205513769,6.495198812261904e-05,6.495198812261904e-05,5.363117841224565,5.363869959858527
8.8,3.81,2.2146858698122385e-05,5.848230666985641e-05,7.047750027298096e-06,2.2179891762360877e-05,5.856953573558411e-05,7.058262072485268e-06,2.2302684734820084e-05,5.8893790130762576e-05,7.0973382316280886e-06,8.722906572769751e-08,8.722906572769751e-08,3.2425439517846504e-07,3.2425439517846504e-07,4.1148346090616255e-07,4.1148346090616255e-07,0.007036033363544702,1.5482467554553723,1.0,0.43712316521321565,1.0014915462589415,1.0,0.0,0.0,action_normalized,0.23553554434683288,0.0,0.11517223325097901,0.5937428145520505,1.2483365528187368e-28,0.1526414316992487,0.36027589124483117,0.08885835383790645,0.7386124109307508,0.9135092936713943,1.2831884070417887,1.2087482232265034,1.5836853700647764,1.5836127409553726,-7.262910940375455e-05,7.262910940375455e-05,0.21087696984896176,0.21071024150715503
9.600000000000001,3.81,1.0975147166600044e-05,4.357983824079388e-05,3.956029585346656e-06,1.0991844619626772e-05,4.364614006717417e-05,3.962048239782079e-06,1.1052676314949655e-05,4.388768903247207e-05,3.983975233814239e-06,6.630182638029086e-08,6.630182638029086e-08,2.415489652979021e-07,2.415489652979021e-07,3.07850791678193e-07,3.07850791678193e-07,0.007064064579065426,1.5480056645464257,1.0,0.4369674344285572,1.0015213876199804,1.0,0.0,0.0,action_normalized,0.2402479031987369,0.0,0.11485685465158924,0.5829075324581264,1.5205403540969338e-28,0.1066533286499557,0.23877254389671365,0.18728807642891,0.885161523640453,0.912687496063603,1.3214390643423186,1.1497013156171452,0.9999999965814609,0.9999999965793972,-2.063682558173241e-12,2.063682558173241e-12,1.0000000170926948,1.0000000171030132
10.4,3.81,7.4220666459446125e-06,2.9967976111182754e-05,2.109988133087216e-06,7.434887890645199e-06,3.0019744274045147e-05,2.113633030857627e-06,7.474498644062552e-06,3.0179680066700118e-05,2.1248938054693618e-06,5.176816286239346e-08,5.176816286239346e-08,1.5993579265497095e-07,1.5993579265497095e-07,2.117039555173644e-07,2.117039555173644e-07,0.007064339437936406,1.5229622419775668,1.0,0.42065728173279693,1.0017274494170154,1.0,0.0,0.0,action_normalized,0.27278787790135395,0.0,0.12533762689732517,0.5770575948067216,1.8818072696716388e-28,0.19108966093919896,0.472461907610346,0.220824975839357,0.9172112603075948,0.9115432852286349,1.3800538895063375,1.2559774722814012,0.49525462349158716,0.4952548887273271,2.6523573992687233e-07,2.6523573992687233e-07,5.116026226958434,5.116023227323755
11.2,3.81,4.558508311773896e-06,1.6473387311930208e-05,7.9560656463635e-07,4.567280469425799e-06,1.6505087846552e-05,7.971375887645396e-07,4.59071231005354e-06,1.6589765061046755e-05,8.01227199871926e-07,3.170053462179045e-08,3.170053462179045e-08,8.467721449475612e-08,8.467721449475612e-08,1.1637774911654657e-07,1.1637774911654657e-07,0.007064591326172762,1.499419168235305,1.0,0.40507781194222237,1.0019243482849962,1.0,0.0,0.0,action_normalized,0.30388090084524355,0.0,0.1353663151635882,0.5744380159804688,2.578737726765097e-28,0.26361689275729705,0.7159775670150244,0.25761164719784035,0.9184677695499166,0.9102765314153722,1.4258283005655878,1.3404293458524341,0.15211174143681816,0.15211190012432932,1.5868751115921675e-07,1.5868751115921675e-07,9.732656911624062,9.732654436320695
12.0,3.81,2.510495491665348e-06,8.248755087370793e-06,4.859949294177157e-07,2.5156931775271866e-06,8.265833165319046e-06,4.870011248010359e-07,2.5281405159802235e-06,8.306731484686512e-06,4.894107460861589e-07,1.7078077948252753e-08,1.7078077948252753e-08,4.0898319367466867e-08,4.0898319367466867e-08,5.797639731571962e-08,5.797639731571962e-08,0.007028502689391765,1.4779687035454037,1.0,0.3906686474340275,1.0020703824719441,1.0,0.0,0.0,action_normalized,0.32694169531260836,0.0,0.14464355018632655,0.5733931304309209,3.6558279384506653e-28,0.324701506182844,0.9616532811955605,0.21985478162960875,0.8771174067923397,0.9093091368029413,1.4365938001969092,1.407463712250409,0.03820531320074965,0.038202617760860605,-2.695439889045803e-06,2.695439889045803e-06,11.590529806216676,11.590575689208578
12.8,3.81,6.987848928897525e-07,2.0494066548784325e-06,2.0546663779377115e-07,6.996721865753554e-07,2.0520089229048438e-06,2.0572753245845478e-07,7.037150992536369e-07,2.0638660369212875e-06,2.0691628694263528e-07,2.6022680264112865e-09,2.6022680264112865e-09,1.1857114016443783e-08,1.1857114016443783e-08,1.445938204285507e-08,1.445938204285507e-08,0.007055399185142578,1.5781226258875372,1.0,0.4562359290923607,1.0012697665542447,1.0,0.0,0.0,action_normalized,0.20051349715408456,0.0,0.10063809092004923,0.5338320466297329,6.464044372316281e-28,0.11428700520012199,0.2580678072267517,0.17569428045847932,0.791663076383987,0.9085355958389866,1.2989828418106777,1.1597086448540501,0.002360306716731944,0.002360266105250445,-4.061148149931207e-08,4.061148149931207e-08,12.20872945150592,12.208730161008663
13.600000000000001,3.81,2.2326184624019438e-07,5.624643438203928e-07,8.964872868927619e-08,2.2352962037725332e-07,5.631389481329043e-07,8.975625091650608e-08,2.2483089665364355e-07,5.664172579706786e-07,9.027876636559179e-08,6.746043125115789e-10,6.746043125115789e-10,3.2783098377742623e-09,3.2783098377742623e-09,3.952914150285841e-09,3.952914150285841e-09,0.0070278484204646646,1.5835144599575646,1.0,0.4596467185984162,1.0011993725823214,1.0,0.0,0.0,action_normalized,0.18939732667240597,0.0,0.09808481357269962,0.528017858785936,1.1763490773977074e-27,0.11527755794505871,0.2605959846057573,0.14219344601157302,0.6820474588601673,0.9078263482874943,1.2636990051904646,1.1610009932696252,0.0001778140771870308,0.00017780128871641823,-1.2788470612557293e-08,1.2788470612557293e-08,12.24688845126076,12.246888675030576
14.4,3.81,1.1131952287319686e-07,2.7939600226011797e-07,4.0784838374191554e-08,1.1147127726461868e-07,2.7977688397066006e-07,4.0840437591354594e-08,1.1209991396961687e-07,2.8135467174514173e-07,4.1070755200949814e-08,3.8088171054208496e-10,3.8088171054208496e-10,1.5777877744816745e-09,1.5777877744816745e-09,1.9586694850237594e-09,1.9586694850237594e-09,0.00701037047480814,1.5609164733916419,1.0,0.4452731317042589,1.00136323249961,1.0,0.0,0.0,action_normalized,0.21527304764575217,0.0,0.10740742647090296,0.5324743405386847,1.7068990685894808e-27,0.19599958236239193,0.48756089689181237,0.14358465010708318,0.6958667795845692,0.9074202858826242,1.3078626486041092,1.2618790978739667,4.387614162575498e-05,4.3871463054472025e-05,-4.678571282953491e-09,4.678571282953491e-09,12.249232179553522,12.249232261425952
15.200000000000001,3.81,4.969224196206486e-08,1.468313065721416e-07,1.1759259294986577e-08,4.9770239358891415e-08,1.4706177433195835e-07,1.1777716735774167e-08,5.004238547469158e-08,1.47865915344392e-07,1.184211786994438e-08,2.3046775981674008e-10,2.3046775981674008e-10,8.041410124336434e-10,8.041410124336434e-10,1.0346087722503834e-09,1.0346087722503834e-09,0.007046240998625564,1.5399344597018174,1.0,0.4317398568847099,1.0015696091330735,1.0,0.0,0.0,action_normalized,0.24786273932434555,0.0,0.11619019864791928,0.5367963456007591,2.4988857075370825e-27,0.26351295792832896,0.7155942817054621,0.20614409899481195,0.8192897873818173,0.9071818092581382,1.3881149505583217,1.3403122806873127,1.2117924162016547e-05,1.2117495226506124e-05,-4.2893551042338994e-10,4.2893551042338994e-10,12.249787937244935,12.249787944751242
16.0,3.81,2.0135720478409012e-08,5.6037446620935115e-08,5.234988356504235e-09,2.017006425635193e-08,5.6133024905571174e-08,5.243917228845422e-09,2.0277047638569283e-08,5.643075825843334e-08,5.271731319771438e-09,9.557828463605904e-11,9.557828463605904e-11,2.9773335286216465e-10,2.9773335286216465e-10,3.933116374982237e-10,3.933116374982237e-10,0.0070187287468463245,1.520124718640573,1.0,0.4187923832293445,1.00170561455597,1.0,0.0,0.0,action_normalized,0.2693398548506086,0.0,0.12459912372608362,0.5412375132626528,4.065681110315112e-27,0.3217878591111364,0.9489298103375201,0.18083051406094844,0.7857641869473085,0.9070636235217329,1.4025426048076326,1.4043428740235022,1.7650119587968977e-06,1.764853058978857e-06,-1.5889981804080862e-10,1.5889981804080862e-10,12.249969112310188,12.24996911509093
16.8,3.81,9.322817905947147e-09,2.498901233124378e-08,2.2566985275275577e-09,9.340069692146445e-09,2.503525426178661e-08,2.260874526770055e-09,9.388139273047394e-09,2.5164100642999878e-08,2.2725103383382333e-09,4.624193054282875e-11,4.624193054282875e-11,1.288463812132672e-10,1.288463812132672e-10,1.7508831175609594e-10,1.7508831175609594e-10,0.0070066119234805805,1.5013415333766713,1.0,0.40635906399495303,1.00185049052479,1.0,0.0,0.0,action_normalized,0.2922177508422637,0.0,0.13268580337603814,0.5447098498557116,6.166298276749138e-27,0.3729068193667717,1.1893186878231288,0.1777839621892827,0.7792952368923434,0.9075411051156882,1.4257232094537924,1.4580718575681215,3.509854867597506e-07,3.509454428090229e-07,-4.004395072766315e-11,4.004395072766315e-11,12.249993857754749,12.24999385845552
17.6,3.81,3.484410888318046e-09,7.139226485334225e-09,8.222198924376402e-10,3.4892255624326104e-09,7.149091294640208e-09,8.233560158626563e-10,3.5088717188711048e-09,7.1893444005098275e-09,8.279919388784604e-10,9.864809305983397e-12,9.864809305983397e-12,4.025310586961934e-11,4.025310586961934e-11,5.0117915175602737e-11,5.0117915175602737e-11,0.00702007637361801,1.559816346703205,1.0,0.44456808785883606,1.0013817756484191,1.0,0.0,0.0,action_normalized,0.21820126433529213,0.0,0.10702376707827714,0.5253311760113416,1.0452097502090277e-26,0.2679119024066777,0.7319116463917812,0.1320001313909301,0.6787167217905434,0.9037860142270192,1.3366351644987071,1.345257621215382,5.6207073804593766e-08,5.5421309149153085e-08,-7.85764655440681e-10,7.85764655440681e-10,12.249999016376224,12.249999030127107
18.4,3.81,1.7949803590232282e-09,1.996930012438708e-09,3.8732741948561017e-10,1.7969745348657373e-09,1.9991485490204416e-09,3.877577300342448e-10,1.807523638066096e-09,2.01088451074237e-09,3.900340540619382e-10,2.2185365817337405e-12,2.2185365817337405e-12,1.173596172192823e-11,1.173596172192823e-11,1.395449830366197e-11,1.395449830366197e-11,0.006987975650994568,1.5896510516836373,1.0,0.463514527796402,1.0011109736284771,1.0,0.0,0.0,action_normalized,0.17543792340978476,0.0,0.09421603304878111,0.5139240325215796,1.686044268142297e-26,0.20297833384972,0.5093420730458487,0.0,0.5139240325215797,0.9043734450498737,1.229970175055255,1.2702190003210754,5.6207073804593766e-08,5.5421309149153085e-08,-7.85764655440681e-10,7.85764655440681e-10,12.249999016376224,12.249999030127107
19.200000000000003,3.81,1.8603064690849132e-09,2.063041699959558e-09,3.88760954464617e-10,1.862617639623841e-09,2.0656047406610567e-09,3.892439355645462e-10,1.8732646855020547e-09,2.077412096058225e-09,3.914689214938157e-10,2.563040701498725e-12,2.563040701498725e-12,1.180735539716838e-11,1.180735539716838e-11,1.4370396098667105e-11,1.4370396098667105e-11,0.0069656353039053015,1.5704009692603986,1.0,0.4513309811859851,1.0012423601042815,1.0,0.0,0.0,action_normalized,0.1961856440472512,0.0,0.10217329191624851,0.5190615771644347,1.6870931452033958e-26,0.26851220272081255,0.7341536078101636,0.0,0.5190615771644347,0.9050431796499754,1.264021495651515,1.3459310085035026,5.6207073804593766e-08,5.5421309149153085e-08,-7.85764655440681e-10,7.85764655440681e-10,12.249999016376224,12.249999030127107
20.0,3.81,0.0,0.0,0.0,1e-30,1e-30,1e-30,1.0055641423643005e-30,1.0055641423643005e-30,1.0055641423643005e-30,1e-30,1e-30,5.564142364300414e-33,5.564142364300414e-33,1.0055641423643005e-30,1.0055641423643005e-30,1.0055641423643005,1.5516627094173834,1.0,0.43932707173589636,1.0008103337191063,1.0,0.0,0.0,action_normalized,0.12796277184710375,0.0,0.11002090405486509,0.0,0.0,0.3261537967964966,0.9680363122799913,0.0,0.0,-0.0,1.1630768983982482,1.409016545507328,5.6207073804593766e-08,5.5421309149153085e-08,-7.85764655440681e-10,7.85764655440681e-10,12.249999016376224,12.249999030127107
4.0,4.0,0.00019480821633711745,0.0015441471247237223,0.0003125194806003243,0.00019501922492389434,0.0015458196840679324,0.0003128579893921075,0.00019563072532803792,0.001550666741387074,0.0003138389838916369,1.6725593442101436e-06,1.6725593442101436e-06,4.8470573191415015e-06,4.8470573191415015e-06,6.519616663351645e-06,6.519616663351645e-06,0.004222147332313383,1.280917082806759,1.0,0.24757629233153006,1.0010831606117256,1.0,0.0,0.0,action_normalized,0.1710458678491868,0.0,0.07718149434815945,0.7420747410219293,2.8753648132870665e-29,0.052928468881864164,0.11177290657100736,0.09029178776792637,0.8923844641018234,0.7591141249901384,1.2721332974083694,1.0767321020559757,3.183410476023147,3.1833676175562,-4.285846694696005e-05,4.285846694696005e-05,19.87845578743192,19.877500370925482
4.8,4.0,0.0001983165835751726,0.0015700200110279794,0.00015083025065147775,0.00019854652192125133,0.0015718403721805274,0.00015100513092496882,0.00019932024887964883,0.001577965764146527,0.00015159359119877472,1.820361152548005e-06,1.820361152548005e-06,6.125391965999642e-06,6.125391965999642e-06,7.945753118547647e-06,7.945753118547647e-06,0.005060924741554804,1.3602809677586774,1.0,0.30769127235057525,1.0011594509240402,1.0,0.0,0.0,action_normalized,0.18309315108406066,0.0,0.07111786048012514,0.7482420654814449,2.993164803879341e-29,0.3330127461264275,0.9985580509745398,0.1957340473559828,1.0287361397636623,0.8342113498560021,1.472623919843125,1.4163259993902102,13.985646298464742,13.98508301435916,-0.0005632841055813742,0.0005632841055813742,989.9905796878702,989.9019654894464
5.6,4.0,0.00015729609466754992,0.0013020924192729552,5.949361096137269e-05,0.0001575601007415158,0.0013042778537446728,5.959346515475977e-05,0.0001582746131827349,0.0013101925665997755,5.986371296539228e-05,2.185434471717535e-06,2.185434471717535e-06,5.914712855102731e-06,5.914712855102731e-06,8.100147326820266e-06,8.100147326820266e-06,0.006220869737758796,1.4305484675437201,1.0,0.35805791447458585,1.0016784019623874,1.0,0.0,0.0,action_normalized,0.2650426143164197,0.0,0.1092096338293002,0.7673563992106843,3.368017298250513e-29,0.04896323098045846,0.10296811348511037,0.28060102967778355,1.1142323426971383,0.8790449678290165,1.3731899585839598,1.0711593535980681,58.038363789792285,58.03243784316832,-0.005925946623968059,0.005925946623968059,20049.401579905338,20045.20635037702
6.4,4.0,0.00010403981297564763,0.0006722665794077904,2.7225268916124186e-05,0.00010425659769121081,0.0006736673616182859,2.7281997412738216e-05,0.00010477207485216595,0.0006769981833282332,2.7416888123570315e-05,1.4007822104954116e-06,1.4007822104954116e-06,3.3308217099473287e-06,3.3308217099473287e-06,4.73160392044274e-06,4.73160392044274e-06,0.007038285206161639,1.4775528482269376,1.0,0.3903872383399466,1.0020836707541365,1.0,0.0,0.0,action_normalized,0.32904009672713613,0.0,0.1316552460415761,0.7152755284415293,4.4904440387408065e-29,0.23684225745303278,0.6206901777936342,0.28047183716500834,1.0740746244993904,0.901035555864005,1.4570577441426162,1.309910589913548,59.89678651241825,59.89606342711063,-0.0007230853076194421,0.0007230853076194421,21386.712701746485,21386.18397792844
7.2,4.0,7.600639357362384e-05,0.00012096527534324826,1.756789036619665e-05,7.61644803769792e-05,0.00012121687277863364,1.760443007685927e-05,7.655053812334683e-05,0.00012183128926903741,1.7693662309100865e-05,2.5159743538537835e-07,2.5159743538537835e-07,6.144164904037746e-07,6.144164904037746e-07,8.660139257891529e-07,8.660139257891529e-07,0.007159194432714446,1.4921401916441892,1.0,0.40021145959540433,1.002079914543008,1.0,0.0,0.0,action_normalized,0.3284469396409753,0.0,0.14069871838435052,0.6301142811618257,8.300511913125378e-29,0.5397550802947837,2.3455123877977533,0.05673892634684577,0.5919356695221963,0.910327894960684,1.4320461891146523,1.6204236024415644,3.5328060999517574,3.5330927753539827,0.0002866754022252671,0.0002866754022252671,28.430386624946415,28.438029926670975
8.0,4.0,6.313934038138954e-05,8.59108124798996e-05,1.3492966088972667e-05,6.328045088155348e-05,8.610281508311497e-05,1.3523121601874907e-05,6.358694370277876e-05,8.651984584605405e-05,1.3588619550037274e-05,1.9200260321537363e-07,1.9200260321537363e-07,4.1703076293907746e-07,4.1703076293907746e-07,6.090333661544511e-07,6.090333661544511e-07,0.007089135215627783,1.4658274448318904,1.0,0.38241989178356733,1.0022349061506117,1.0,0.0,0.0,action_normalized,0.3529222332815705,0.0,0.1520636193182569,0.6058618593862702,9.73259764914987e-29,0.5891268740470006,2.8676826827286432,0.04473497088292337,0.5580450157968982,0.9133806333680847,1.4452584336934555,1.665287061215118,2.326336250673749,2.326401202640761,6.495196701195027e-05,6.495196701195027e-05,5.363117808201865,5.363869926589049
8.8,4.0,2.214685876105627e-05,5.8482306593563485e-05,7.047750009770255e-06,2.2179891825369568e-05,5.8569535659127055e-05,7.058262054925218e-06,2.2302684798177603e-05,5.8893790053882233e-05,7.097338213970822e-06,8.722906556356963e-08,8.722906556356963e-08,3.2425439475517896e-07,3.2425439475517896e-07,4.114834603187486e-07,4.114834603187486e-07,0.007036033362679237,1.5482467554553723,1.0,0.43712316521321565,1.001491546258081,1.0,0.0,0.0,action_normalized,0.23553554421093245,0.0,0.11517223325097901,0.5937428139271986,1.2483365528538534e-28,0.1526414316992487,0.36027589124483117,0.08885835383790645,0.7386124099816057,0.9135092934867869,1.2831884068045025,1.2087482232265034,1.5836853673193614,1.5836127382077771,-7.262911158423258e-05,7.262911158423258e-05,0.21087696354530466,0.21071023520098586
9.600000000000001,4.0,1.0975147177031381e-05,4.357983821566606e-05,3.956029583567981e-06,1.09918446300696e-05,4.3646140041990735e-05,3.9620482379991184e-06,1.1052676325450276e-05,4.388768900714927e-05,3.983975232021411e-06,6.630182632467806e-08,6.630182632467806e-08,2.415489651585347e-07,2.415489651585347e-07,3.0785079148321277e-07,3.0785079148321277e-07,0.007064064578664423,1.5480056645464257,1.0,0.4369674344285572,1.0015213876195814,1.0,0.0,0.0,action_normalized,0.24024790313572794,0.0,0.11485685465158924,0.5829075321658758,1.5205403541630708e-28,0.1066533286499557,0.23877254389671365,0.18728807642891,0.8851615232300806,0.9126874960373046,1.3214390642397256,1.1497013156171452,0.9999999954851798,0.9999999954823703,-2.809530386116421e-12,2.809530386116421e-12,1.0000000225741006,1.000000022588148
10.4,4.0,7.4220666549472285e-06,2.9967976082658448e-05,2.109988133305607e-06,7.43488789965779e-06,3.001974424544905e-05,2.11363303107481e-06,7.474498653123158e-06,3.017968003795167e-05,2.124893805687702e-06,5.176816279060234e-08,5.176816279060234e-08,1.5993579250262022e-07,1.5993579250262022e-07,2.1170395529322255e-07,2.1170395529322255e-07,0.00706433943718105,1.5229622419775668,1.0,0.42065728173279693,1.001727449416264,1.0,0.0,0.0,action_normalized,0.2727878777826865,0.0,0.12533762689732517,0.5770575943120544,1.8818072698092905e-28,0.19108966093919896,0.472461907610346,0.220824975839357,0.917211259637701,0.9115432852690935,1.3800538893388639,1.2559774722814012,0.49525462254697283,0.4952548877819834,2.652350105658563e-07,2.652350105658563e-07,5.1160262376413765,5.116023238014946
11.2,4.0,4.558508246860103e-06,1.6473387406051435e-05,7.956065802688383e-07,4.56728040439669e-06,1.6505087940889043e-05,7.97137604428786e-07,4.590712244690808e-06,1.6589765155867783e-05,8.012272156165358e-07,3.170053483760767e-08,3.170053483760767e-08,8.467721497874058e-08,8.467721497874058e-08,1.1637774981634825e-07,1.1637774981634825e-07,0.0070645913282897325,1.499419168235305,1.0,0.40507781194222237,1.0019243482871023,1.0,0.0,0.0,action_normalized,0.30388090117782746,0.0,0.1353663151635882,0.5744380164440182,2.578737724986107e-28,0.26361689275729705,0.7159775670150244,0.25761164719784035,0.9184677741127536,0.9102765341667138,1.425828301706297,1.3404293458524341,0.15211174315873593,0.15211190184688667,1.5868815073094567e-07,1.5868815073094567e-07,9.73265688476455,9.732654409451213
12.0,4.0,2.5104953464504985e-06,8.248756305240155e-06,4.85994782860837e-07,2.5156930323875888e-06,8.265834386944967e-06,4.870009780134975e-07,2.528140370122493e-06,8.306732712356888e-06,4.89410598572334e-07,1.7078081704811687e-08,1.7078081704811687e-08,4.0898325411921083e-08,4.0898325411921083e-08,5.797640711673277e-08,5.797640711673277e-08,0.007028502839864759,1.4779687035454037,1.0,0.3906686474340275,1.0020703826216764,1.0,0.0,0.0,action_normalized,0.32694171895737156,0.0,0.14464355018632655,0.5733932185368268,3.6558279133139662e-28,0.324701506182844,0.9616532811955605,0.21985478162960875,0.8771175005941602,0.9093090937970459,1.4365938236473643,1.407463712250409,0.03820532450549825,0.038202629076215,-2.6954292832517823e-06,2.6954292832517823e-06,11.59052961378234,11.590575496593328
12.8,4.0,6.987845798336386e-07,2.0494072950044106e-06,2.054667778023314e-07,6.996718731453072e-07,2.0520095639127704e-06,2.0572767265172478e-07,7.037147840124972e-07,2.0638666816331474e-06,2.0691642794598345e-07,2.602268908359779e-09,2.602268908359779e-09,1.1857117720376983e-08,1.1857117720376983e-08,1.4459386628736762e-08,1.4459386628736762e-08,0.007055399219073066,1.5781226258875372,1.0,0.4562359290923607,1.0012697665879804,1.0,0.0,0.0,action_normalized,0.20051350248138608,0.0,0.10063809092004923,0.5338320394486294,6.464044150258063e-28,0.11428700520012199,0.2580678072267517,0.17569428045847932,0.7916632387573583,0.9085356921067652,1.2989828824040206,1.1597086448540501,0.002360308190617311,0.002360267579269481,-4.061134783019463e-08,4.061134783019463e-08,12.20872942575641,12.208730135256816
13.600000000000001,4.0,2.2326214311954813e-07,5.624647446325398e-07,8.964829270715869e-08,2.2352991782003658e-07,5.631393499481783e-07,8.975581449474677e-08,2.248311958279881e-07,5.664176621251177e-07,9.027832740320595e-08,6.746053156385106e-10,6.746053156385106e-10,3.2783121769393906e-09,3.2783121769393906e-09,3.952917492577901e-09,3.952917492577901e-09,0.007027849354647741,1.5835144599575646,1.0,0.4596467185984162,1.0011993735110976,1.0,0.0,0.0,action_normalized,0.18939747333883972,0.0,0.09808481357269962,0.5280187978328652,1.1763492900019763e-27,0.11527755794505871,0.2605959846057573,0.14219344601157302,0.6820482667808319,0.9078256153828259,1.2636992071706308,1.1610009932696252,0.00017781433066749706,0.0001778015425085184,-1.2788158978673447e-08,1.2788158978673447e-08,12.246888446825418,12.246888670589776
14.4,4.0,1.1131809583969892e-07,2.7939468474501134e-07,4.078671190518418e-08,1.1146984729626963e-07,2.797755621760197e-07,4.084231331386489e-08,1.1209847593703268e-07,2.8135334249630653e-07,4.10726415015036e-08,3.808774310083865e-10,3.808774310083865e-10,1.5777803202868068e-09,1.5777803202868068e-09,1.9586577512951932e-09,1.9586577512951932e-09,0.007010361535985396,1.5609164733916419,1.0,0.4452731317042589,1.0013632236109145,1.0,0.0,0.0,action_normalized,0.21527164399920548,0.0,0.10740742647090296,0.532466143070815,1.7068963378979146e-27,0.19599958236239193,0.48756089689181237,0.14358465010708318,0.6958606528090651,0.9074271571564725,1.3078611169102332,1.2618790978739667,4.387572779472405e-05,4.3871048488726076e-05,-4.6793059979766865e-09,4.6793059979766865e-09,12.249232186795336,12.249232268680627
15.200000000000001,4.0,4.969310806488475e-08,1.4683460382002564e-07,1.1758401285242486e-08,4.977110778452514e-08,1.4706507960182853e-07,1.1776857607243327e-08,5.004325864891937e-08,1.4786923868764033e-07,1.1841254043656493e-08,2.3047578180288567e-10,2.3047578180288567e-10,8.041590858118023e-10,8.041590858118023e-10,1.034634867614688e-09,1.034634867614688e-09,0.007046260491040887,1.5399344597018174,1.0,0.4317398568847099,1.0015696285194828,1.0,0.0,0.0,action_normalized,0.24786580070342207,0.0,0.11619019864791928,0.5368122063074404,2.4988862859392633e-27,0.26351295792832896,0.7155942817054621,0.20614409899481195,0.8193010614035178,0.9071704102133357,1.388117769063747,1.3403122806873127,1.211846841005734e-05,1.2118039924396202e-05,-4.284856611387768e-10,4.284856611387768e-10,12.249787927720678,12.249787935219112
16.0,4.0,2.01361072523426e-08,5.6043854424628775e-08,5.233410207626961e-09,2.0170453690495234e-08,5.61394492064656e-08,5.242336908193809e-09,2.027743913829757e-08,5.643721663425333e-08,5.270142616992423e-09,9.559478183682721e-11,9.559478183682721e-11,2.9776742778772554e-10,2.9776742778772554e-10,3.9336220962455274e-10,3.9336220962455274e-10,0.007018828623815845,1.520124718640573,1.0,0.4187923832293445,1.0017057139059804,1.0,0.0,0.0,action_normalized,0.2693555435754194,0.0,0.12459912372608362,0.5413067695156821,4.0656792509449235e-27,0.3217878591111364,0.9489298103375201,0.18083051406094844,0.7858388735956685,0.9070198917735229,1.4025612764697226,1.4043428740235022,1.765415635176153e-06,1.765257049175413e-06,-1.5858600074001763e-10,1.5858600074001763e-10,12.24996910524586,12.249969108021112
16.8,4.0,9.34728425409749e-09,2.5006055676432366e-08,2.2325758799479075e-09,9.36460288615163e-09,2.5052386853019368e-08,2.2367123926661143e-09,9.412798729531648e-09,2.5181321408786728e-08,2.248223851451248e-09,4.6331176587002405e-11,4.6331176587002405e-11,1.2893455576736016e-10,1.2893455576736016e-10,1.7526573235436257e-10,1.7526573235436257e-10,0.007008931541312471,1.5013415333766713,1.0,0.40635906399495303,1.0018527982656085,1.0,0.0,0.0,action_normalized,0.29258217466528835,0.0,0.13268580337603814,0.546433925493272,6.1675384450814685e-27,0.3729068193667717,1.1893186878231288,0.1777839621892827,0.7800413726494058,0.9059672936403784,1.425909743393058,1.4580718575681215,3.514644177937844e-07,3.514259382002112e-07,-3.847959357319452e-11,3.847959357319452e-11,12.249993849373459,12.249993850046852
17.6,4.0,3.373969309809473e-09,7.319585854357583e-09,8.429917591522123e-10,3.378644821631395e-09,7.329729043892273e-09,8.441599434401488e-10,3.3976683509298575e-09,7.370999234331807e-09,8.489130033989247e-10,1.0143189534689473e-11,1.0143189534689473e-11,4.1270190439534435e-11,4.1270190439534435e-11,5.141337997422391e-11,5.141337997422391e-11,0.007024083192304641,1.559816346703205,1.0,0.44456808785883606,1.0013857600329465,1.0,0.0,0.0,action_normalized,0.21883045312036836,0.0,0.10702376707827714,0.5256494824568092,1.0429280855287378e-26,0.2679119024066777,0.7319116463917812,0.1320001313909301,0.6930149040286594,0.9085982602094113,1.3402097100582362,1.345257621215382,5.6207073804593766e-08,5.5421309149153085e-08,-7.85764655440681e-10,7.85764655440681e-10,12.249999016376224,12.249999030127107
18.4,4.0,1.7949803590232282e-09,1.9969300124387082e-09,3.8732741948561017e-10,1.7969745348657373e-09,1.999148549020442e-09,3.877577300342448e-10,1.807523638066096e-09,2.0108845107423702e-09,3.900340540619382e-10,2.2185365817337405e-12,2.2185365817337405e-12,1.173596172192823e-11,1.173596172192823e-11,1.395449830366197e-11,1.395449830366197e-11,0.006987975650994567,1.5896510516836373,1.0,0.463514527796402,1.0011109736284771,1.0,0.0,0.0,action_normalized,0.17543792340978479,0.0,0.09421603304878111,0.5139240325215798,1.686044268142297e-26,0.20297833384972,0.5093420730458487,0.0,0.5139240325215797,0.9043734450498737,1.229970175055255,1.2702190003210754,5.6207073804593766e-08,5.5421309149153085e-08,-7.85764655440681e-10,7.85764655440681e-10,12.249999016376224,12.249999030127107
19.200000000000003,4.0,1.8603064690849132e-09,2.063041699959558e-09,3.88760954464617e-10,1.862617639623841e-09,2.0656047406610567e-09,3.892439355645462e-10,1.8732646855020547e-09,2.077412096058225e-09,3.914689214938157e-10,2.563040701498725e-12,2.563040701498725e-12,1.180735539716838e-11,1.180735539716838e-11,1.4370396098667105e-11,1.4370396098667105e-11,0.0069656353039053015,1.5704009692603986,1.0,0.4513309811859851,1.0012423601042815,1.0,0.0,0.0,action_normalized,0.1961856440472512,0.0,0.10217329191624851,0.5190615771644347,1.6870931452033958e-26,0.26851220272081255,0.7341536078101636,0.0,0.5190615771644347,0.9050431796499754,1.264021495651515,1.3459310085035026,5.6207073804593766e-08,5.5421309149153085e-08,-7.85764655440681e-10,7.85764655440681e-10,12.249999016376224,12.249999030127107
20.0,4.0,0.0,0.0,0.0,1e-30,1e-30,1e-30,1.0055641423643005e-30,1.0055641423643005e-30,1.0055641423643005e-30,1e-30,1e-30,5.564142364300414e-33,5.564142364300414e-33,1.0055641423643005e-30,1.0055641423643005e-30,1.0055641423643005,1.5516627094173834,1.0,0.43932707173589636,1.0008103337191063,1.0,0.0,0.0,action_normalized,0.12796277184710375,0.0,0.11002090405486509,0.0,0.0,0.3261537967964966,0.9680363122799913,0.0,0.0,-0.0,1.1630768983982482,1.409016545507328,5.6207073804593766e-08,5.5421309149153085e-08,-7.85764655440681e-10,7.85764655440681e-10,12.249999016376224,12.249999030127107
