case,g_mode_requested,g_mode_active,g_fp_blend,f_R3_gt_0p90,f_R3_gt_0p95,f_hmumu_chi2_le_4,best_chi2,f_winner_gt_3,mean_tail_prob,max_tail_prob,f_tail_gt_0p10,g1_D12,g2_D12,g3_D12
baseline_fp_2d_full,fp_2d_full,fp_2d_full,0.01,0.8,0.0,0.09083333333333334,2.026057412855439e-05,0.0,0.08643430719972034,0.1321814714629086,0.2,0.3023868877108488,0.27087216646890916,0.08446071282223085
legacy_cardy,cardy,cardy,0.01,0.8,0.0,0.09416666666666666,3.045043359054686e-07,0.0,0.08728375028277201,0.2780091625426818,0.2,6.133707406236226,0.3943027583836226,0.08446071282223085
first_principles_fp_1d,fp_1d,fp_1d,0.01,0.8,0.0,0.09416666666666666,3.045043359054686e-07,0.0,0.08941321242964897,0.2805839522365421,0.2,5.876185226714984,0.38827511623878097,0.08446071282223085
first_principles_fp_2d,fp_2d,fp_2d,0.01,0.7833333333333333,0.0,0.09416666666666666,2.6875549782940344e-07,0.0,0.09049216135817109,0.2819589244841847,0.21666666666666667,5.752817124184272,0.3857025682399265,0.08446071282223085
