scenario,g_mode,chi_mode,b_mode,f_R3_gt_0p90,delta_f_R3_gt_0p90_vs_baseline,f_hmumu_chi2_le_4,delta_f_hmumu_chi2_le_4_vs_baseline,f_winner_gt_3,delta_f_winner_gt_3_vs_baseline,best_chi2,mean_tail_prob,chi_ratio_mean,chi_ratio_min,chi_ratio_max
baseline_fp2d_full_localized,fp_2d_full,localized_interp,overlap_2d,0.9833333333333332,0.0,0.0961111111111111,0.0,0.0,0.0,7.283863987103456e-08,0.0596007910752141,1.0,1.0,1.0
legacy_cardy_localized,cardy,localized_interp,overlap_2d,0.9333333333333332,-0.04999999999999993,0.0972222222222222,0.0011111111111110905,0.0,0.0,3.0331195464891988e-05,0.0424284240023389,1.0,1.0,1.0
chi_open_system_base,fp_2d_full,open_system,overlap_2d,0.9833333333333332,0.0,0.0961111111111111,0.0,0.0,0.0,7.283863987103456e-08,,0.123681826301649,0.0973677894330699,0.1596334050009036
