{
  "results": {
    "D": [
      4.0,
      6.0,
      8.0,
      10.0,
      12.0,
      14.0,
      16.0,
      18.0,
      20.0
    ],
    "omega": [
      [
        1.2943447806583626,
        1.3261823485648188,
        1.3587636668024885,
        1.3864286237823185,
        1.4199384466802154,
        1.4378481871830748
      ],
      [
        1.2396863239198441,
        1.260164460922058,
        1.2749217479795902,
        1.2940879152117248,
        1.3167840948484029,
        1.3467061023785059
      ],
      [
        1.1663905918054576,
        1.193800370638744,
        1.2106484091085088,
        1.2230238484092228,
        1.2556611856650204,
        1.2796020219514244
      ],
      [
        1.1656099805692621,
        1.1745790832916003,
        1.2008349897764883,
        1.209541789497252,
        1.2265701415295813,
        1.2524473773980602
      ],
      [
        1.1205362584753107,
        1.1500698084540917,
        1.1675005243481722,
        1.1721394411303212,
        1.2019744171200943,
        1.225165869958339
      ],
      [
        1.1222307956137185,
        1.1378828779256287,
        1.1456227004128952,
        1.156799612355264,
        1.171907477683059,
        1.196015785949012
      ],
      [
        1.121036836873735,
        1.1302486639596212,
        1.1378109076420395,
        1.1501854685607675,
        1.1627510744210323,
        1.177796396342817
      ],
      [
        1.1064927612416775,
        1.1110608525838013,
        1.117504431815798,
        1.1334683621030568,
        1.1392863974682368,
        1.1571384450170095
      ],
      [
        1.0909488062257582,
        1.100242295684734,
        1.1089254964658766,
        1.1175071880477474,
        1.128019086597691,
        1.1448289758059311
      ]
    ],
    "S_N": [
      [
        0.0,
        0.0,
        0.0,
        0.0,
        0.0,
        0.0
      ],
      [
        0.0,
        0.0,
        0.0,
        0.0,
        0.0,
        0.0
      ],
      [
        0.0,
        0.0,
        0.0,
        0.0,
        0.0,
        0.0
      ],
      [
        0.0,
        0.0,
        0.0,
        0.0,
        0.0,
        0.0
      ],
      [
        0.0,
        0.0,
        0.0,
        0.0,
        0.0,
        0.0
      ],
      [
        0.0,
        0.0,
        0.0,
        0.0,
        0.0,
        0.0
      ],
      [
        0.0,
        0.0,
        0.0,
        0.0,
        0.0,
        0.0
      ],
      [
        0.0,
        0.0,
        0.0,
        0.0,
        0.0,
        0.0
      ],
      [
        0.0,
        0.0,
        0.0,
        0.0,
        0.0,
        0.0
      ]
    ],
    "eigenvalues": [
      [
        -0.037679396904264584,
        0.04575181352308921,
        0.13323089410073408,
        0.2091765207211238,
        0.3032173842388133,
        0.35439960126384484
      ],
      [
        0.01857805455171624,
        0.06977034140880023,
        0.10718133630915339,
        0.15641940513484776,
        0.2156762252835469,
        0.29537319902132597
      ],
      [
        0.010798524418813571,
        0.07549083670373014,
        0.11600108224349115,
        0.1461188455442335,
        0.2270165249522127,
        0.2877128463487011
      ],
      [
        0.05638096037967277,
        0.07737035648313295,
        0.13973900624849556,
        0.16072567411721184,
        0.2022086456688943,
        0.26635876672827585
      ],
      [
        0.016378809818667905,
        0.08343786757845106,
        0.12383477761407691,
        0.1346881727141216,
        0.2055198026720102,
        0.2618087121715933
      ],
      [
        0.0534652750596849,
        0.08884076031219679,
        0.10651468813721965,
        0.1322486595811745,
        0.16743045268535517,
        0.22451707667511833
      ],
      [
        0.06857129139875862,
        0.08930974415339854,
        0.1064613633200917,
        0.1347743138592421,
        0.16383776283815465,
        0.1990520530090163
      ],
      [
        0.07105185009023751,
        0.08118183755424879,
        0.0955417745379552,
        0.13147614729859192,
        0.14469911486615872,
        0.18569500034638797
      ],
      [
        0.060215139138913854,
        0.08057895054712039,
        0.0997615980455977,
        0.1188681566718901,
        0.14247290106219568,
        0.1806792251783642
      ]
    ],
    "params": {
      "a": 1.0,
      "epsilon": 0.3,
      "xi": -0.1,
      "m0_sq": 0.05
    }
  },
  "fits": {
    "gamma": 0.10331159709619674,
    "mu0": 2.9561275677489176,
    "mu_D": [
      2.588689561316725,
      2.4793726478396882,
      2.332781183610915,
      2.3312199611385243,
      2.2410725169506214,
      2.244461591227437,
      2.24207367374747,
      2.212985522483355,
      2.1818976124515164
    ],
    "mu_fit": [
      2.5616712389136067,
      2.4565811952522116,
      2.38464372336893,
      2.330298600944866,
      2.2868160594599614,
      2.2506857107835305,
      2.2198499171245976,
      2.1930016792680105,
      2.1692603827941808
    ]
  }
}