D,level,rel_E1_vs_fine,rel_E2_vs_fine,rel_M12_vs_fine,rel_chi_vs_fine
6.0,coarse,0.025452226169255694,0.022983898698127607,0.19442357458886367,0.10729354618471973
6.0,fine,0.0,0.0,0.0,0.0
6.0,mid,0.03610736594741818,0.03196321447637739,0.18807913849236182,0.37521087336968034
12.0,coarse,0.02629748881538045,0.025052450019836737,1.4955668373398132,0.4496403228255741
12.0,fine,0.0,0.0,0.0,0.0
12.0,mid,0.037515523526264874,0.03559040023595204,1.1368856489918713,0.840926409510288
18.0,coarse,0.004009485139032727,0.019838959655719978,0.17017598142816417,0.18314716179810786
18.0,fine,0.0,0.0,0.0,0.0
18.0,mid,0.007351942433936136,0.008861356113207139,1.7519355859375683,0.2259342352831865
