scale,changed_fraction_r3mask,changed_fraction_hmumu_mask,f_r3_ge_90,f_hmumu_chi2_le_4
0.5,0.0,0.0,0.8,0.09416666666666666
1.0,0.0,0.0,0.8,0.09416666666666666
2.0,0.0,0.0,0.8,0.09416666666666666
100.0,0.0,0.0,0.8,0.09416666666666666
1000.0,0.0,0.0,0.8,0.09416666666666666
10000.0,0.0,0.0,0.8,0.09416666666666666
100000.0,0.0,0.008333333333333333,0.8,0.08916666666666667
1000000.0,0.0,0.030833333333333334,0.8,0.07166666666666667
