scale,changed_fraction_r3mask,changed_fraction_hmumu_mask,f_r3_ge_90,f_hmumu_chi2_le_4
0.5,0.0,0.0,0.9833333333333333,0.0961111111111111
1.0,0.0,0.0,0.9833333333333333,0.0961111111111111
2.0,0.0,0.0,0.9833333333333333,0.0961111111111111
100.0,0.0,0.0,0.9833333333333333,0.0961111111111111
1000.0,0.0,0.0,0.9833333333333333,0.0961111111111111
10000.0,0.0,0.0,0.9833333333333333,0.0961111111111111
100000.0,0.0,0.009166666666666667,0.9833333333333333,0.08861111111111111
1000000.0,0.0,0.03,0.9833333333333333,0.07388888888888889
