D,level,dr,dz,rho_max,z_max,Nr,Nz,E1,E2,omega1,omega2,M12,chi,norm1,norm2,overlap12,rel_E1_vs_fine,rel_E2_vs_fine,rel_M12_vs_fine,rel_chi_vs_fine
12.0,coarse,0.1,0.05,1.5,7.5,15,300,2.481476416623648,2.6278431010015644,1.8658714898469422,1.9046897650277759,2.1724701220532408e-13,2.2764325947430885e-16,1.0000000000000002,1.0000000000000002,-1.3322676295501878e-15,0.026297488815393757,0.025052450019841608,6.256104992903229,0.019939401310536817
12.0,mid,0.08,0.04,1.5,7.5,19,375,2.4528873062372485,2.59943943992808,1.8581946362631792,1.8972188698007617,-2.489326625713741e-14,2.7294721088214023e-17,0.9999999999999998,1.0,4.551914400963142e-15,0.037515523526216024,0.035590400235935536,1.831441370560113,9.545252807266556e-05
12.0,fine,0.06,0.03,1.5,7.5,25,500,2.548495447140918,2.6953686904029297,1.8837450589559401,1.9223341776088074,2.9939893705755453e-14,2.824924636894068e-17,0.9999999999999999,1.0,1.0907941216942163e-14,0.0,0.0,0.0,0.0
