D,level,dr,dz,rho_max,z_max,Nr,Nz,E1,E2,omega1,omega2,M12,chi,norm1,norm2,overlap12,rel_E1_vs_fine,rel_E2_vs_fine,rel_M12_vs_fine,rel_chi_vs_fine
12.0,coarse,0.16,0.08,1.5,7.5,9,188,2.567187014490909,2.7124937097311417,1.8886998211708788,1.926783254476523,0.00015510245675994566,1.4217601773434522e-07,1.0,1.0,-6.106226635438361e-16,0.04659802672680844,0.04349178829345518,1660648975.9103684,14217601.763193633
12.0,mid,0.12,0.06,1.5,7.5,12,250,2.641033545653318,2.7873604590878958,1.9081492461684746,1.9461141947706706,2.1500064613934597e-13,1.7607756512349227e-16,1.0,1.0,-1.3530843112619095e-16,0.07670398837235046,0.07229290141299145,1.3019661358360688,0.007366868638341189
12.0,fine,0.08,0.04,1.5,7.5,19,375,2.452887306237027,2.5994394399281298,1.8581946362631194,1.897218869800775,9.339870069863484e-14,1.0240887874008037e-16,0.9999999999999998,1.0,5.273559366969494e-16,0.0,0.0,0.0,0.0
