{
  "results": {
    "D": [
      4.0,
      6.0,
      8.0,
      10.0,
      12.0,
      14.0,
      16.0,
      18.0,
      20.0
    ],
    "omega": [
      [
        21.123696701863746,
        22.607124514203022,
        22.803791428231033,
        23.709339323188697,
        35.848267534802915,
        53.73967431238924
      ],
      [
        0.0,
        21.554483625859124,
        21.865141454000913,
        22.90373487134613,
        24.76957659497487,
        24.919573588077178
      ],
      [
        22.877529696452875,
        23.139719420167552,
        23.38350002554511,
        29.830836995147358,
        32.631887824679474,
        39.58312992047081
      ],
      [
        0.0,
        26.701639248284103,
        28.7194447069861,
        28.767776940070043,
        109.79388770995172,
        153.2414415080248
      ],
      [
        0.0,
        32.32961939584669,
        38.35751771838251,
        67.43515849862519,
        76.23448621822405,
        242.39265977070332
      ],
      [
        0.0,
        0.0,
        0.0,
        29.802140824028555,
        32.83144926263987,
        59.38211141190798
      ],
      [
        0.0,
        29.555447619443445,
        30.73287090707309,
        32.967085667767385,
        40.58187720040026,
        41.36126072175975
      ],
      [
        0.0,
        24.564680854625863,
        25.841175252205733,
        27.268043697266013,
        35.718920344506756,
        39.463499706069065
      ],
      [
        22.81687740040904,
        23.112439092154396,
        23.600562728262894,
        24.396926436375434,
        28.40047890946148,
        28.494018704930426
      ]
    ],
    "omega_squared": [
      [
        446.2105623523293,
        511.08207880067926,
        520.0129035022632,
        562.1327711421019,
        1285.0982852468048,
        2887.9525952016684
      ],
      [
        -1278.7673177466522,
        464.59576437742913,
        478.0844108034692,
        524.5810710569168,
        613.5319246943268,
        620.9851478115937
      ],
      [
        523.3813650120832,
        535.4466148440794,
        546.7880734446683,
        889.8788358310524,
        1064.8401030024643,
        1566.8241743008714
      ],
      [
        -1035.8408493349345,
        712.977538545506,
        824.8065042776319,
        827.5849900736257,
        12054.697778465486,
        23482.939395457386
      ],
      [
        -3378.475413049134,
        1045.2042902803064,
        1471.2991655160283,
        4547.5006017347005,
        5811.6968889565915,
        58754.20151071594
      ],
      [
        -4431.123690451463,
        -3451.4959369597614,
        -2223.400430991182,
        888.1675976952295,
        1077.9040606852961,
        3526.2351557362517
      ],
      [
        -998.5326389914483,
        873.5244839856651,
        944.5093541908195,
        1086.8287374259137,
        1646.8887571083665,
        1710.7538884933858
      ],
      [
        -727.0093068216588,
        603.4235454896224,
        667.76633841521,
        743.5462070760087,
        1275.841270577219,
        1557.367809050913
      ],
      [
        520.6098943052968,
        534.1848407885467,
        556.9865610906717,
        595.2100195419146,
        806.5872022867663,
        811.9091019569249
      ]
    ],
    "params": {
      "a": 0.5,
      "epsilon": 0.3,
      "n_rho": 60,
      "n_z": 120,
      "L_rho": 8.0,
      "L_z": 15.0,
      "n_modes": 6
    }
  },
  "fits": {
    "gamma": 0.00046812776286977016,
    "prefactor": 56.08727780222182,
    "sigma_mean": 7.706317075315496,
    "sigma_std": 0.3808182134734643,
    "c_mean": 43.09245002268479,
    "mu_D": [
      53.73967431238924,
      24.919573588077178,
      39.58312992047081,
      153.2414415080248,
      242.39265977070332,
      59.38211141190798,
      41.36126072175975,
      39.463499706069065,
      28.494018704930426
    ],
    "mu_fit": [
      56.05089104910595,
      56.040253068586466,
      56.03270652575221,
      56.02685367221495,
      56.02207199649998,
      56.018029465674644,
      56.014527901981566,
      56.011439485590614,
      56.00867694727856
    ]
  }
}