D_min,D_max,ratio_min,ratio_max,ratio_mean,ratio_std
4.0,20.0,0.09788954211532278,0.16666324357588994,0.12896804937923925,0.021573398525175234
