D,delta,gamma_phi_geom,gamma_mix_geom,Gamma_ref,Cmax,Pmax,chi_eff_proxy,chi_LR_baseline,ratio_proxy_to_baseline
6.0,0.45494799506753925,0.6569013704488731,0.2274739975337696,566.0993661540692,0.07765802084708966,0.5000000000479424,6.241017566460428e-05,0.0004018269779723,0.15531604169421032
12.0,0.3581076515471495,0.7443885570369847,0.1790538257735747,808.6836951913015,0.06376507479026079,0.5000000000431711,2.8236950144601176e-05,0.0002214139184928,0.12753014958054407
18.0,0.2733889375921792,0.8058540943634039,0.1366944687960896,641.1965609138879,0.05138075105706065,0.5000000000293966,2.1907367881320464e-05,0.0002131865283264,0.10276150211414443
