case,f_R3_gt_0p90,f_R3_gt_0p95,f_hmumu_chi2_le_4,best_chi2
constant_tcoh_1,0.9833333333333333,0.21666666666666667,0.0961111111111111,7.283863987103455e-08
dephasing_pi_over_deltaomega,0.9833333333333333,0.21666666666666667,0.3883333333333333,5.5899623950483806e-09
dephasing_capped_1e4,0.9833333333333333,0.21666666666666667,0.1711111111111111,5.5899623950483806e-09
