D,level,Nz,zmax,E1,E2,omega1,omega2,delta_omega12,t_coh_deph,stable1,stable2
6.0,coarse,4001,80.0,-0.48032802312823847,-0.4538946018867365,0.7208827760959208,0.73898944384427,0.018106667748349237,173.50473854451812,True,True
6.0,mid,6001,80.0,-0.47966175841183983,-0.45318675633032307,0.7213447453112556,0.7394682168083202,0.018123471497064614,173.34386814902567,True,True
6.0,fine,8001,80.0,-0.4794374275180444,-0.45294840099174416,0.721500223480184,0.7396293659720765,0.018129142491892458,173.28964428376833,True,True
12.0,coarse,4001,80.0,-0.4790325919142383,-0.4786653193973429,0.7217807202230895,0.722035096517238,0.00025437629414848395,12350.178557739306,True,True
12.0,mid,6001,80.0,-0.47834360978929225,-0.4779747201689212,0.7222578419170731,0.7225131693132513,0.00025532739617817324,12304.17378085632,True,True
12.0,fine,8001,80.0,-0.4781115780400631,-0.47774214229939793,0.7224184535018031,0.7226741019993743,0.00025564849757120367,12288.719407454335,True,True
18.0,coarse,4001,80.0,-0.4824579660647165,-0.48245268562276455,0.7194039435082932,0.719407613510752,3.670002458822097e-06,856019.2231037634,True,True
18.0,mid,6001,80.0,-0.48176629334139,-0.4817609744027066,0.719884509250345,0.7198882035408647,3.6942905197179243e-06,850391.3367998108,True,True
18.0,fine,8001,80.0,-0.48153337700574683,-0.48152804504454294,0.720046264481841,0.7200499669852483,3.7025034073101537e-06,848504.9999919219,True,True
