case,f_R3_gt_0p90,f_R3_gt_0p95,f_hmumu_chi2_le_4,best_chi2
constant_tcoh_1,0.8,0.0,0.09083333333333334,2.026057412855439e-05
dephasing_pi_over_deltaomega,0.8,0.0,0.3680555555555556,3.2145366232561834e-08
dephasing_capped_1e4,0.8,0.0,0.1825,1.2907650096066547e-05
