case,f_R3_gt_0p90,f_R3_gt_0p95,f_hmumu_chi2_le_4,best_chi2,winner_mean
baseline_A1_A2_const,0.8,0.0,0.09416666666666666,3.045043359054686e-07,1.1
profile_scaled_A1A2,0.7316666666666667,0.0,0.035833333333333335,0.00022330470665383954,1.085
profile_scaled_A1A2_x0p5,0.7105555555555556,0.0,0.035833333333333335,0.00022330429777945202,1.0880555555555556
profile_scaled_A1A2_x2,0.755,0.0,0.035833333333333335,0.00022330420308591922,1.0844444444444445
