case,f_R3_gt_0p90,f_R3_gt_0p95,f_hmumu_chi2_le_4,best_chi2,winner_mean
baseline_A1_A2_const,0.8,0.0,0.09083333333333334,2.026057412855439e-05,2.05
profile_scaled_A1A2,0.7961111111111111,0.0,0.035,3.605168825053519e-05,1.9708333333333334
profile_scaled_A1A2_x0p5,0.7938888888888889,0.0,0.035,3.605112074135125e-05,1.955
profile_scaled_A1A2_x2,0.7980555555555555,0.0,0.035,3.605128678398287e-05,1.9780555555555555
