D,eta,C_uv_ee,C_uv_mumu,C_uv_tautau,C_match_ee,C_match_mumu,C_match_tautau,C_ir_ee,C_ir_mumu,C_ir_tautau,R_e_over_mu_uv,R_e_over_mu_match,R_e_over_mu_ir,R_tau_over_mu_uv,R_tau_over_mu_match,R_tau_over_mu_ir,abs_delta_R_e_uv_to_ir,abs_delta_R_tau_uv_to_ir,abs_delta_R_tau_match_to_ir
4.0,0.2,0.0001627775423225,0.0014758502143104,0.0003435162004482,0.0001627816374716,0.0014758873436746,0.0003435248426112,0.0001632920540069,0.0014805151218205,0.0003446019958004,0.012164784190262465,0.012164784190264939,0.012164784190265607,0.05417636739594726,0.05417636739594738,0.054176367395932276,3.1415842149939976e-15,1.4981071938535706e-14,1.5105972028806036e-14
4.8,0.2,0.000195613164723,0.0015683202593658,0.0001520256974688,0.0001956185150783,0.0015683631556131,0.0001520298556322,0.0001963808317244,0.0015744749970209,0.0001526223092126,0.015557028717781644,0.015557028717773806,0.015557028717780462,0.009396465073013612,0.009396465073012623,0.009396465073015427,1.1813466871402056e-15,1.8145207558717402e-15,2.8033131371785203e-15
5.6,0.2,0.0001571410281985,0.0013021892258809,5.9531521082067194e-05,0.0001571486043224,0.0013022520073653,5.953439123118917e-05,0.0001578612506865,0.0013081575332978,5.9804371150057565e-05,0.01456233392344912,0.014562333923435752,0.014562333923451156,0.0020899974831254846,0.002089997483125549,0.0020899974831257257,2.0365653607967715e-15,2.411265631607762e-16,1.7694179454963432e-16
6.4,0.2,0.0001040320116527,0.0006722767776805,2.7226734432871954e-05,0.0001040388566149,0.0006723210112685,2.7228525861927185e-05,0.000104553257196,0.000675645176202,2.7363152192721813e-05,0.023946264398836018,0.023946264398828417,0.023946264398829492,0.0016401927619935312,0.001640192761993389,0.0016401927619937627,6.526029716624748e-15,2.3158558404290375e-16,3.7383290907300193e-16
7.2,0.2,7.600592234179314e-05,0.0001209655046577,1.756797557663314e-05,7.601126397895645e-05,0.0001209740060194,1.7569210240305824e-05,7.639654511164491e-05,0.000121587191482,1.7658263952446447e-05,0.39479512743453266,0.39479512743436007,0.3947951274342974,0.021092125889476995,0.021092125889467774,0.021092125889464436,2.3525625891807067e-13,1.2559397966072083e-14,3.337607967779377e-15
8.0,0.2,6.313930504949174e-05,8.591083119440962e-05,1.3492972406410483e-05,6.314435091869764e-05,8.591769688317887e-05,1.3494050716884571e-05,6.345018455274895e-05,8.633383104379341e-05,1.3559407862991456e-05,0.5401367825806687,0.5401367825806687,0.5401367825806687,0.024667175439673443,0.024667175439673443,0.024667175439673453,0.0,1.0408340855860843e-17,1.0408340855860843e-17
8.8,0.2,2.214685757277516e-05,5.848230801141066e-05,7.047750343537498e-06,2.2147783695475597e-05,5.848475358604107e-05,7.048045061718563e-06,2.227039891030573e-05,5.880853860777689e-05,7.08706465714434e-06,0.14340860718055798,0.14340860718055803,0.14340860718055798,0.014522855468681133,0.014522855468681133,0.014522855468681133,0.0,0.0,0.0
9.6,0.2,1.0975147167186832e-05,4.3579838328899834e-05,3.956029559913731e-06,1.0975566140533804e-05,4.358150197772813e-05,3.956180580298259e-06,1.103630774656642e-05,4.382269321921357e-05,3.978075101193623e-06,0.06342339348735665,0.06342339348735665,0.06342339348735665,0.00824039114033186,0.008240391140331862,0.008240391140331862,0.0,1.734723475976807e-18,0.0
10.4,0.2,7.422066641493796e-06,2.996797540013284e-05,2.1099883030150735e-06,7.422412219024818e-06,2.9969370733730445e-05,2.110086545806935e-06,7.46195650597226e-06,3.0129038151944063e-05,2.121328425857392e-06,0.06133874583421398,0.06133874583421397,0.06133874583421397,0.004957300988456744,0.004957300988456742,0.004957300988456742,1.3877787807814457e-17,1.734723475976807e-18,0.0
11.2,0.2,4.558508069825639e-06,1.6473387012688423e-05,7.956067069737132e-07,4.558752240360096e-06,1.647426938816075e-05,7.956493226084526e-07,4.58214032801369e-06,1.6558788492548136e-05,7.997312983591723e-07,0.076573703597171,0.076573703597171,0.076573703597171,0.002332550570167384,0.0023325505701673847,0.0023325505701673847,0.0,8.673617379884035e-19,0.0
12.0,0.2,2.510492526187209e-06,8.248761138314983e-06,4.859955493187072e-07,2.510636414459371e-06,8.249233914065274e-06,4.860234040361144e-07,2.5230587326746684e-06,8.290050102392172e-06,4.884281876799136e-07,0.09262759967410092,0.09262759967410092,0.09262759967410092,0.0034712598774535577,0.0034712598774535577,0.003471259877453557,0.0,8.673617379884035e-19,8.673617379884035e-19
12.8,0.2,6.987777679838202e-07,2.0494321184607085e-06,2.0546569946694125e-07,6.987984982818434e-07,2.049492917960264e-06,2.054717949172813e-07,7.028363625309511e-07,2.061335493756547e-06,2.066590716743671e-07,0.11625485053413934,0.11625485053413934,0.11625485053413934,0.010051053522388706,0.010051053522388704,0.010051053522388704,0.0,1.734723475976807e-18,0.0
13.6,0.2,2.232727299602033e-07,5.624265717181725e-07,8.965344399731105e-08,2.2327901846050345e-07,5.624424125226706e-07,8.965596909614235e-08,2.2457883585941453e-07,5.657166674827793e-07,9.017790075524279e-08,0.15759400907427393,0.15759400907427393,0.1575940090742739,0.025409861250642398,0.025409861250642388,0.025409861250642405,2.7755575615628914e-17,6.938893903907228e-18,1.734723475976807e-17
14.4,0.2,1.1131066673668665e-07,2.793823306840649e-07,4.0799391706625195e-08,1.1131424088457724e-07,2.793913015562837e-07,4.080070176130442e-08,1.1194199199074732e-07,2.809669148579826e-07,4.103079528266915e-08,0.15873609645568446,0.15873609645568446,0.1587360964556845,0.02132600487222824,0.021326004872228247,0.021326004872228247,5.551115123125783e-17,6.938893903907228e-18,0.0
15.2,0.2,4.9719954079899026e-08,1.465733532996885e-07,1.1801348079610915e-08,4.9721888417321914e-08,1.465790556847315e-07,1.1801807206930184e-08,4.9993770147796374e-08,1.4738055716786893e-07,1.1866340068981104e-08,0.11506715892868834,0.1150671589286884,0.1150671589286884,0.006482659225034179,0.006482659225034181,0.006482659225034183,6.938893903907228e-17,4.336808689942018e-18,1.734723475976807e-18
16.0,0.2,2.0165371176482906e-08,5.61253032907805e-08,5.197701772296492e-09,2.0166262665458962e-08,5.612778452897461e-08,5.197931556999698e-09,2.0273225883781632e-08,5.6425490086525615e-08,5.225501736818388e-09,0.12909072470345656,0.12909072470345656,0.12909072470345656,0.008576405627970891,0.008576405627970888,0.008576405627970888,0.0,3.469446951953614e-18,0.0
16.8,0.2,8.364325250162602e-09,2.705844584190968e-08,2.415816165380267e-09,8.364733981272514e-09,2.7059768079899077e-08,2.4159342166507624e-09,8.407783901677903e-09,2.7199033819208433e-08,2.4283680580573543e-09,0.09555559644345123,0.09555559644345123,0.0955555964434512,0.007971169961774199,0.007971169961774199,0.007971169961774197,2.7755575615628914e-17,1.734723475976807e-18,1.734723475976807e-18
17.6,0.2,3.484410888318046e-09,7.139226485334225e-09,8.222198924376402e-10,3.484526560191978e-09,7.1394634860016125e-09,8.222471876444314e-10,3.5041462588015162e-09,7.179662382296273e-09,8.26876867380101e-10,0.23820803403493518,0.23820803403493515,0.2382080340349353,0.013263973327376865,0.013263973327376862,0.013263973327376862,1.1102230246251565e-16,3.469446951953614e-18,0.0
18.4,0.2,0.0,0.0,0.0,9.999999999999999e-31,9.999999999999999e-31,9.999999999999999e-31,1.0058704800739689e-30,1.0058704800739689e-30,1.0058704800739689e-30,,1.0,1.0,,1.0,1.0,,,0.0
19.200000000000003,0.2,0.0,0.0,0.0,9.999999999999999e-31,9.999999999999999e-31,9.999999999999999e-31,1.0057161736535278e-30,1.0057161736535278e-30,1.0057161736535278e-30,,1.0,1.0,,1.0,1.0,,,0.0
20.0,0.2,0.0,0.0,0.0,9.999999999999999e-31,9.999999999999999e-31,9.999999999999999e-31,1.0055641423643003e-30,1.0055641423643003e-30,1.0055641423643003e-30,,1.0,1.0,,1.0,1.0,,,0.0
4.0,0.39,0.0001643537204814,0.001479879334397,0.000341863111011,0.0001643578599079,0.0014799166067615,0.0003418717212039,0.0001648732188311,0.0014845570190259,0.0003429436908815,0.01233407168515151,0.012334071685147139,0.012334071685149085,0.05336442936277607,0.05336442936278772,0.053364429362766454,2.4251434194155763e-15,9.617306950815419e-15,2.1267709815475655e-14
4.8,0.39,0.0001957482366241,0.001568408250068,0.0001519655378412,0.0001957535907155,0.0015684511490548,0.0001519696943914,0.0001965164337453,0.0015745633333692,0.0001525619135261,0.015576772632220359,0.015576772632230946,0.015576772632228873,0.009387976348327942,0.009387976348329804,0.009387976348328957,8.51402282009417e-15,1.0148132334464322e-15,8.465450562766819e-16
5.6,0.39,0.0001571487821813,0.0013021843961999,5.952962446598845e-05,0.0001571563586288,0.0013022471770346,5.953249450461445e-05,0.0001578690401575,0.0013081526810623,5.980246582210007e-05,0.014563879121013477,0.014563879121012865,0.01456387912101474,0.0020898798169465957,0.0020898798169466993,0.0020898798169466954,1.2628786905111156e-15,9.974659986866641e-17,3.903127820947816e-18
6.4,0.39,0.000104032401728,0.0006722762677837,2.7226661152841032e-05,0.0001040392467092,0.0006723205012954,2.7228452575343095e-05,0.0001045536492191,0.0006756446637075,2.7363078543785983e-05,0.023946480300563476,0.02394648030053279,0.023946480300552995,0.0016401864209743093,0.0016401864209741402,0.001640186420974193,1.0481199241851868e-14,1.1622647289044608e-16,5.2909066017292616e-17
7.2,0.39,7.600594590530699e-05,0.000120965493191,1.75679713156894e-05,7.601128754365097e-05,0.0001209739945511,1.7569205978952753e-05,7.639656879578268e-05,0.0001215871799556,1.7658259669493698e-05,0.3947954470727773,0.39479544707285,0.394795447072594,0.021092119656869447,0.02109211965687332,0.021092119656859653,1.8329782136561334e-13,9.794248745365053e-15,1.3666151543745286e-14
8.0,0.39,6.31393068273821e-05,8.591083025389693e-05,1.3492972088047451e-05,6.314435269668827e-05,8.591769594253412e-05,1.3494050398487162e-05,6.34501863393511e-05,8.633383009859273e-05,1.3559407543051916e-05,0.5401368248255926,0.5401368248255928,0.5401368248255928,0.0246671748157328,0.02466717481573281,0.024667174815732818,2.220446049250313e-16,1.734723475976807e-17,6.938893903907228e-18
8.8,0.39,2.2146857620247044e-05,5.848230796281681e-05,7.04775033011198e-06,2.2147783742948853e-05,5.8484753537443575e-05,7.048045048292289e-06,2.227039895804181e-05,5.880853855891035e-05,7.087064643643736e-06,0.14340860803367275,0.14340860803367275,0.14340860803367275,0.014522855437485426,0.014522855437485422,0.014522855437485426,0.0,0.0,3.469446951953614e-18
9.6,0.39,1.0975147121485077e-05,4.357983841062823e-05,3.956029580418546e-06,1.097556609483082e-05,4.358150205946171e-05,3.956180600804044e-06,1.1036307700610506e-05,4.382269330139947e-05,3.9780751218128915e-06,0.06342339272126737,0.06342339272126735,0.06342339272126737,0.008240391194847135,0.008240391194847138,0.008240391194847138,0.0,3.469446951953614e-18,0.0
10.4,0.39,7.422066720531848e-06,2.9967975391542698e-05,2.1099882180731836e-06,7.422412298066547e-06,2.9969370725139884e-05,2.1100864608610894e-06,7.461956585435098e-06,3.0129038143307735e-05,2.121328340458982e-06,0.06133874717577905,0.061338747175779064,0.06133874717577905,0.004957300592166154,0.004957300592166157,0.004957300592166157,0.0,2.6020852139652106e-18,0.0
11.2,0.39,4.558509357281854e-06,1.6473383521677937e-05,7.956065756958455e-07,4.558753527859591e-06,1.6474265896870462e-05,7.956491913190707e-07,4.582141622118534e-06,1.6558784983346235e-05,7.997311663962273e-07,0.07657377930524237,0.07657377930524237,0.07657377930524237,0.0023325507890293836,0.002332550789029384,0.002332550789029384,0.0,4.336808689942018e-19,0.0
12.0,0.39,2.51049659930808e-06,8.248753787970822e-06,4.859945413114452e-07,2.5106404877527253e-06,8.249226563099512e-06,4.860223959592766e-07,2.523062826122174e-06,8.290042715054741e-06,4.884271746152364e-07,0.09262806531841147,0.09262806531841147,0.09262806531841147,0.003471251664287818,0.003471251664287818,0.0034712516642878186,0.0,4.336808689942018e-19,4.336808689942018e-19
12.8,0.39,6.987844538077155e-07,2.0493996179638756e-06,2.0546948193091949e-07,6.98805184171483e-07,2.0494604161103625e-06,2.0547557745448236e-07,7.028430870536371e-07,2.061302804101351e-06,2.0666287606818602e-07,0.1162607625358288,0.11626076253582884,0.1162607625358288,0.010051742394417973,0.010051742394417975,0.010051742394417975,0.0,1.734723475976807e-18,0.0
13.6,0.39,2.2326970559833706e-07,5.62447153419074e-07,8.964636729611576e-08,2.2327599410743398e-07,5.62462995040002e-07,8.964889223336479e-08,2.2457579390009273e-07,5.657373698211057e-07,9.017078269455313e-08,0.15757820650196439,0.15757820650196439,0.15757820650196436,0.025403990682069073,0.025403990682069073,0.025403990682069062,2.7755575615628914e-17,1.0408340855860843e-17,1.0408340855860843e-17
14.4,0.39,1.1131341964120477e-07,2.794082993936715e-07,4.07869702735668e-08,1.1131699400372097e-07,2.7941727141658917e-07,4.078827997565093e-08,1.1194476063596904e-07,2.809930311740192e-07,4.101830344497538e-08,0.1587144416624021,0.1587144416624021,0.1587144416624021,0.021309059826751596,0.021309059826751613,0.021309059826751596,0.0,0.0,1.734723475976807e-17
15.2,0.39,4.970961639269153e-08,1.4671605106442874e-07,1.177067464215624e-08,4.971155106211795e-08,1.4672176116800545e-07,1.1771132749983485e-08,4.998337626742592e-08,1.475240429717416e-07,1.1835497882595686e-08,0.114795685288302,0.11479568528830197,0.11479568528830209,0.0064364655967319535,0.006436465596731958,0.006436465596731958,8.326672684688674e-17,4.336808689942018e-18,0.0
16.0,0.39,2.0154824721208212e-08,5.614789054568102e-08,5.199793552793773e-09,2.0155715837076912e-08,5.615037304190469e-08,5.200023454001696e-09,2.0262623114309965e-08,5.6448198410452903e-08,5.227604729383279e-09,0.12885199941989478,0.1288519994198948,0.12885199941989472,0.008576405627970886,0.008576405627970888,0.008576405627970888,5.551115123125783e-17,1.734723475976807e-18,0.0
16.8,0.39,9.525971967553445e-09,2.4653082118783833e-08,2.201061903443079e-09,9.526423104072637e-09,2.4654249653781027e-08,2.2011661426124816e-09,9.575451771008916e-09,2.4781135157567056e-08,2.212494659149966e-09,0.14930561944289253,0.14930561944289253,0.14930561944289253,0.007971169961774197,0.007971169961774202,0.007971169961774202,0.0,5.204170427930421e-18,0.0
17.6,0.39,3.484410888318046e-09,7.139226485334225e-09,8.222198924376402e-10,3.484526560191978e-09,7.1394634860016125e-09,8.222471876444314e-10,3.5041462588015162e-09,7.179662382296273e-09,8.26876867380101e-10,0.23820803403493518,0.23820803403493515,0.2382080340349353,0.013263973327376865,0.013263973327376862,0.013263973327376862,1.1102230246251565e-16,3.469446951953614e-18,0.0
18.4,0.39,0.0,0.0,0.0,9.999999999999999e-31,9.999999999999999e-31,9.999999999999999e-31,1.0058704800739689e-30,1.0058704800739689e-30,1.0058704800739689e-30,,1.0,1.0,,1.0,1.0,,,0.0
19.200000000000003,0.39,0.0,0.0,0.0,9.999999999999999e-31,9.999999999999999e-31,9.999999999999999e-31,1.0057161736535278e-30,1.0057161736535278e-30,1.0057161736535278e-30,,1.0,1.0,,1.0,1.0,,,0.0
20.0,0.39,0.0,0.0,0.0,9.999999999999999e-31,9.999999999999999e-31,9.999999999999999e-31,1.0055641423643003e-30,1.0055641423643003e-30,1.0055641423643003e-30,,1.0,1.0,,1.0,1.0,,,0.0
4.0,0.5800000000000001,0.0001659330026446,0.0014838405094366,0.0003402200273142,0.0001659371864204,0.0014838779224636,0.000340228605501,0.0001664574974646,0.0014885307557914,0.0003412954230409,0.012505213116086033,0.012505213116096831,0.012505213116097253,0.05257088686491427,0.052570886864915005,0.052570886864916774,1.1220191442617988e-14,2.5049406993105094e-15,1.7694179454963432e-15
4.8,0.5800000000000001,0.0001958833193433,0.0015684959230168,0.0001519054189714,0.0001958886771702,0.001568538824728,0.0001519095739088,0.0001966520466259,0.0015746513507105,0.0001525015587567,0.015596534892147263,0.015596534892152694,0.015596534892152345,0.009379501245001127,0.009379501244997807,0.009379501245003597,5.082739784612045e-15,2.4702462297909733e-15,5.790506962810582e-15
5.6,0.5800000000000001,0.000157156536095,0.001302179565397,5.952772796673076e-05,0.000157164112866,0.0013022423455819,5.953059789486582e-05,0.000157876829559,0.0013081478276997,5.980056061149847e-05,0.014565424424305595,0.014565424424301837,0.014565424424292997,0.0020897621650103524,0.0020897621650105246,0.0020897621650103797,1.2597561882543573e-14,2.7321894746634712e-17,1.448494102440634e-16
6.4,0.5800000000000001,0.0001040327918013,0.0006722757578882,2.7226587873248646e-05,0.0001040396368017,0.0006723199913235,2.7228379289197595e-05,0.0001045540412403,0.0006756441512142,2.73630048952909e-05,0.023946696202578395,0.02394669620262389,0.023946696202621912,0.0016401800800042185,0.0016401800800045132,0.0016401800800042732,4.351727311835418e-14,5.4643789493269423e-17,2.400423609882907e-16
7.2,0.5800000000000001,7.600596946658674e-05,0.000120965481726,1.7567967055044743e-05,7.60113111061113e-05,0.0001209739830846,1.7569201717898807e-05,7.639659247767494e-05,0.0001215871684309,1.7658255386841587e-05,0.3947957666769063,0.3947957666765731,0.3947957666768322,0.021092113424386952,0.02109211342436915,0.021092113424382993,7.41073868937292e-14,3.958638972179074e-15,1.384309333829492e-14
8.0,0.5800000000000001,6.313930858617432e-05,8.591082932490227e-05,1.349297177222348e-05,6.31443544555797e-05,8.591769501340899e-05,1.3494050082629118e-05,6.345018810676157e-05,8.633382916496747e-05,1.3559407225664045e-05,0.5401368665989302,0.5401368665989302,0.5401368665989302,0.024667174194461496,0.024667174194461496,0.024667174194461496,0.0,0.0,0.0
8.8,0.5800000000000001,2.2146857658873487e-05,5.848230792059077e-05,7.04775031939265e-06,2.21477837815764e-05,5.848475349521442e-05,7.0480450375723485e-06,2.227039899688321e-05,5.880853851644741e-05,7.087064632864447e-06,0.14340860874100297,0.14340860874100297,0.14340860874100297,0.014522855414280032,0.014522855414280028,0.014522855414280028,0.0,3.469446951953614e-18,0.0
9.6,0.5800000000000001,1.0975147149201868e-05,4.3579838227844995e-05,3.956029603160251e-06,1.0975566122547704e-05,4.358150187666767e-05,3.9561806235462685e-06,1.103630772848078e-05,4.3822693117593805e-05,3.978075144680978e-06,0.06342339357363082,0.06342339357363076,0.06342339357363076,0.008240391358712818,0.008240391358712818,0.008240391358712821,5.551115123125783e-17,3.469446951953614e-18,3.469446951953614e-18
10.4,0.5800000000000001,7.4220667591848335e-06,2.9967975434604077e-05,2.109988192023306e-06,7.422412336721331e-06,2.9969370768203263e-05,2.1100864348099986e-06,7.461956624295823e-06,3.0129038186600545e-05,2.121328314269099e-06,0.061338747638387724,0.06133874763838774,0.061338747638387724,0.004957300455514244,0.004957300455514244,0.004957300455514244,0.0,0.0,0.0
11.2,0.5800000000000001,4.558508610097314e-06,1.6473385567782725e-05,7.956066873864388e-07,4.55875278064941e-06,1.647426794313682e-05,7.956493030181566e-07,4.582140871074888e-06,1.6558787040110696e-05,7.997312786683708e-07,0.07657373518090779,0.07657373518090775,0.07657373518090779,0.002332550864499008,0.002332550864499008,0.002332550864499008,0.0,0.0,0.0
12.0,0.5800000000000001,2.510494419358609e-06,8.248759932846803e-06,4.859946757239118e-07,2.5106383077258923e-06,8.249232708484022e-06,4.860225303886579e-07,2.523060635308838e-06,8.290048890845853e-06,4.884273097097576e-07,0.09262776644887445,0.09262776644887448,0.09262776644887448,0.0034712484126028565,0.0034712484126028565,0.0034712484126028565,2.7755575615628914e-17,0.0,0.0
12.8,0.5800000000000001,6.987835376805643e-07,2.0494095611429716e-06,2.0546683004976264e-07,6.9880426806417e-07,2.0494703597223266e-06,2.0547292550847837e-07,7.028421656527852e-07,2.0613128051704436e-06,2.0666020879845427e-07,0.11625932956775893,0.11625932956775893,0.11625932956775893,0.010051385397615034,0.01005138539761503,0.010051385397615034,0.0,0.0,3.469446951953614e-18
13.6,0.5800000000000001,2.23257213948853e-07,5.624780701442199e-07,8.964772358412813e-08,2.2326350221556777e-07,5.624939129116884e-07,8.965024860352746e-08,2.2456322928675674e-07,5.657684676809873e-07,9.017214696081619e-08,0.15754325417998902,0.15754325417998907,0.157543254179989,0.02540196669866501,0.025401966698665,0.02540196669866501,2.7755575615628914e-17,0.0,1.0408340855860843e-17
14.4,0.5800000000000001,1.1133857147543007e-07,2.793325203394674e-07,4.079004438719317e-08,1.1134214634294561e-07,2.7934148916976373e-07,4.079135407711199e-08,1.1197005482055549e-07,2.809168215569948e-07,4.1021394882678225e-08,0.15887233911644455,0.15887233911644444,0.1588723391164445,0.021323837093676558,0.021323837093676547,0.02132383709367654,5.551115123125783e-17,1.734723475976807e-17,6.938893903907228e-18
15.2,0.5800000000000001,4.9709897395962283e-08,1.46776561877834e-07,1.1761015684834396e-08,4.9711832328952215e-08,1.4678227508237881e-07,1.1761473476510414e-08,4.998365907224105e-08,1.4758488777917398e-07,1.1825785791740362e-08,0.114702349143135,0.114702349143135,0.114702349143135,0.006420609209073627,0.006420609209073627,0.006420609209073627,0.0,0.0,0.0
16.0,0.5800000000000001,2.0151203156635068e-08,5.6155628670608733e-08,5.200510171917285e-09,2.0152094144413563e-08,5.615811159822602e-08,5.200740113076088e-09,2.025898221194428e-08,5.645597801259928e-08,5.228325189665774e-09,0.12877020161245256,0.1287702016124526,0.1287702016124525,0.008576405627970888,0.008576405627970888,0.008576405627970888,5.551115123125783e-17,0.0,0.0
16.8,0.5800000000000001,9.525971967553445e-09,2.4653082118783823e-08,2.201061903443079e-09,9.526423104072637e-09,2.4654249653781024e-08,2.201166142612481e-09,9.575451771008916e-09,2.4781135157567053e-08,2.2124946591499654e-09,0.14930561944289267,0.14930561944289258,0.14930561944289258,0.007971169961774204,0.007971169961774202,0.007971169961774197,8.326672684688674e-17,6.938893903907228e-18,5.204170427930421e-18
17.6,0.5800000000000001,3.484410888318046e-09,7.139226485334223e-09,8.222198924376402e-10,3.484526560191978e-09,7.139463486001611e-09,8.222471876444314e-10,3.5041462588015162e-09,7.179662382296271e-09,8.26876867380101e-10,0.2382080340349353,0.23820803403493523,0.23820803403493546,0.013263973327376872,0.013263973327376869,0.013263973327376872,1.6653345369377348e-16,0.0,3.469446951953614e-18
18.4,0.5800000000000001,1.794980359023228e-09,1.996930012438708e-09,3.8732741948561017e-10,1.7950266888233063e-09,1.9969815547120153e-09,3.87337416699128e-10,1.8055643572322854e-09,2.008704795137036e-09,3.8961127328576285e-10,0.8079671677376633,0.8079671677376635,0.8079671677376626,0.03762103995312789,0.03762103995312788,0.03762103995312787,6.661338147750939e-16,2.0816681711721685e-17,6.938893903907228e-18
19.200000000000003,0.5800000000000001,0.0,0.0,0.0,9.999999999999999e-31,9.999999999999999e-31,9.999999999999999e-31,1.0057161736535278e-30,1.0057161736535278e-30,1.0057161736535278e-30,,1.0,1.0,,1.0,1.0,,,0.0
20.0,0.5800000000000001,0.0,0.0,0.0,9.999999999999999e-31,9.999999999999999e-31,9.999999999999999e-31,1.0055641423643003e-30,1.0055641423643003e-30,1.0055641423643003e-30,,1.0,1.0,,1.0,1.0,,,0.0
4.0,0.77,0.0001675153126583,0.0014877342575363,0.0003385871307277,0.0001675195408508,0.00148777180889,0.000338595676881,0.0001680448135103,0.0014924368518506,0.0003396573742256,0.0126782204070134,0.01267822040702092,0.012678220407018468,0.05179527786359491,0.05179527786358058,0.0517952778635695,5.06886199680423e-15,2.541022947610827e-14,1.1081413564539844e-14
4.8,0.77,0.0001960184128151,0.0015685832784841,0.0001518453408612,0.000196023774377,0.0015686261829044,0.0001518494941863,0.0001967876703005,0.0015747390493178,0.0001524412449061,0.015616315503830074,0.015616315503827324,0.01561631550382722,0.009371039739959845,0.009371039739958039,0.009371039739952364,2.8536201179818477e-15,7.480127628411992e-15,5.674280489920136e-15
5.6,0.77,0.0001571642899394,0.0013021747334724,5.952583158434521e-05,0.0001571718670339,0.0013022375130075,5.952870140199437e-05,0.000157884618891,0.0013081429732102,5.979865551830406e-05,0.014566969833291964,0.01456696983328546,0.014566969833289518,0.0020896445273185936,0.0020896445273185446,0.0020896445273186188,2.445960101127298e-15,2.5153490401663703e-17,7.41594285980085e-17
6.4,0.77,0.0001040331818745,0.0006722752479888,2.722651459407748e-05,0.0001040400268938,0.0006723194813479,2.7228306003473334e-05,0.0001045544332612,0.0006756436387171,2.736293124721915e-05,0.023946912106125894,0.023946912106095244,0.02394691210612361,0.001640173739106546,0.0016401737391063252,0.0016401737391061903,2.282896094385478e-15,3.5561831257524545e-16,1.3487475025719675e-16
7.2,0.77,7.600599302778622e-05,0.0001209654702605,1.756796279458077e-05,7.601133466849135e-05,0.0001209739716175,1.756919745702555e-05,7.63966161594865e-05,0.0001215871569057,1.7658251104371084e-05,0.394796086283655,0.3947960862835683,0.3947960862836734,0.021092107192512418,0.021092107192507783,0.02109210719251341,1.84297022087776e-14,9.922618282587337e-16,5.627442956068762e-15
8.0,0.77,6.313931035142344e-05,8.591082838921968e-05,1.3492971457122962e-05,6.314435622092831e-05,8.591769407759505e-05,1.3494049767494531e-05,6.345018988066048e-05,8.633382822462101e-05,1.3559406909003134e-05,0.5401369085668404,0.5401369085668402,0.5401369085668404,0.02466717357967589,0.024667173579675884,0.02466717357967589,0.0,0.0,6.938893903907228e-18
8.8,0.77,2.214685772470437e-05,5.8482307832126536e-05,7.0477503040651206e-06,2.2147783847409052e-05,5.848475340674389e-05,7.048045022243865e-06,2.227039906308033e-05,5.880853842748708e-05,7.087064617451102e-06,0.1434086100274176,0.14340861002741753,0.14340861002741762,0.014522855395047557,0.014522855395047557,0.01452285539504756,2.7755575615628914e-17,3.469446951953614e-18,3.469446951953614e-18
9.6,0.77,1.0975147130492073e-05,4.357983829417551e-05,3.956029602874588e-06,1.097556610383757e-05,4.358150194300219e-05,3.9561806232607295e-06,1.10363077096671e-05,4.382269318429544e-05,3.978075144393858e-06,0.06342339316432312,0.06342339316432312,0.06342339316432315,0.008240391332438245,0.008240391332438245,0.008240391332438245,2.7755575615628914e-17,0.0,0.0
10.4,0.77,7.422066822631817e-06,2.9967975633545645e-05,2.1099880989933163e-06,7.422412400172198e-06,2.9969370967157848e-05,2.1100863417759413e-06,7.461956688084737e-06,3.0129038386615093e-05,2.1213282207393854e-06,0.061338747872696005,0.061338747872696005,0.06133874787269602,0.004957299952558834,0.004957299952558837,0.004957299952558837,1.3877787807814457e-17,2.6020852139652106e-18,0.0
11.2,0.77,4.558508374417912e-06,1.6473387120039976e-05,7.956065388971954e-07,4.558752544968565e-06,1.647426949551762e-05,7.956491545229109e-07,4.582140634184914e-06,1.6558788600455783e-05,7.997311294112894e-07,0.07657371283222747,0.07657371283222747,0.0765737128322275,0.0023325495542370032,0.0023325495542370032,0.0023325495542370032,2.7755575615628914e-17,0.0,0.0
12.0,0.77,2.5104954008600457e-06,8.248754488780397e-06,4.859951475504296e-07,2.510639289243462e-06,8.249227263973764e-06,4.860230022344514e-07,2.5230616216828352e-06,8.290043419396832e-06,4.884277838901857e-07,0.09262796114256619,0.09262796114256619,0.09262796114256619,0.0034712597346734076,0.0034712597346734076,0.003471259734673407,0.0,4.336808689942018e-19,4.336808689942018e-19
12.8,0.77,6.987822254986868e-07,2.0494121097501023e-06,2.0546750395309563e-07,6.988029558498174e-07,2.0494729084239895e-06,2.0547359943370089e-07,7.028408458560703e-07,2.061315368599258e-06,2.0666088661781586e-07,0.11625860378838442,0.11625860378838444,0.11625860378838444,0.010051426332540133,0.010051426332540128,0.010051426332540128,2.7755575615628914e-17,5.204170427930421e-18,0.0
13.6,0.77,2.2325985825441147e-07,5.624766617974881e-07,8.96456902950544e-08,2.232661465930045e-07,5.624925045187356e-07,8.964821525613962e-08,2.2456588905842007e-07,5.657670510890838e-07,9.017010177630932e-08,0.15754777509636309,0.15754777509636306,0.15754777509636306,0.02540094163279465,0.02540094163279465,0.02540094163279465,2.7755575615628914e-17,0.0,0.0
14.4,0.77,1.113329554828638e-07,2.793576428047444e-07,4.078601457007699e-08,1.1133653027744947e-07,2.7936661271113576e-07,4.078732416994725e-08,1.1196440708353824e-07,2.809420867813246e-07,4.101734224905314e-08,0.15882774184392512,0.1588277418439252,0.15882774184392512,0.021315789612183975,0.021315789612183993,0.021315789612183975,0.0,0.0,1.734723475976807e-17
15.2,0.77,4.970714532188016e-08,1.46798655924904e-07,1.1755440010425372e-08,4.9709080275587454e-08,1.4680437036699612e-07,1.1755897615304544e-08,4.9980891970513196e-08,1.4760710388189392e-07,1.1820179441451281e-08,0.1146551287179013,0.11465512871790133,0.11465512871790133,0.006412592173781951,0.006412592173781951,0.006412592173781955,2.7755575615628914e-17,4.336808689942018e-18,4.336808689942018e-18
16.0,0.77,2.02356455963879e-08,5.5793545487140136e-08,5.2231408568393254e-09,2.0236538691971714e-08,5.5796007922491775e-08,5.223371378964783e-09,2.0343874659082364e-08,5.6091953714528346e-08,5.251076493316265e-09,0.13154253555961726,0.1315425355596173,0.13154253555961726,0.008763862509017041,0.008763862509017045,0.008763862509017041,0.0,0.0,3.469446951953614e-18
16.8,0.77,9.22453352257572e-09,2.5277255621321193e-08,2.2567889931008407e-09,9.224972986306392e-09,2.527845984883354e-08,2.256896508229689e-09,9.272450210769417e-09,2.5408557911354065e-08,2.268511846536922e-09,0.1331769259845554,0.13317692598455544,0.13317692598455544,0.007971169961774202,0.007971169961774202,0.007971169961774199,2.7755575615628914e-17,3.469446951953614e-18,3.469446951953614e-18
17.6,0.77,3.484410888318046e-09,7.139226485334223e-09,8.222198924376402e-10,3.484526560191978e-09,7.139463486001611e-09,8.222471876444314e-10,3.5041462588015162e-09,7.179662382296271e-09,8.26876867380101e-10,0.2382080340349353,0.23820803403493523,0.23820803403493546,0.013263973327376872,0.013263973327376869,0.013263973327376872,1.6653345369377348e-16,0.0,3.469446951953614e-18
18.4,0.77,1.794980359023228e-09,1.996930012438708e-09,3.8732741948561017e-10,1.7950266888233063e-09,1.9969815547120153e-09,3.87337416699128e-10,1.8055643572322854e-09,2.008704795137036e-09,3.8961127328576285e-10,0.8079671677376633,0.8079671677376635,0.8079671677376626,0.03762103995312789,0.03762103995312788,0.03762103995312787,6.661338147750939e-16,2.0816681711721685e-17,6.938893903907228e-18
19.200000000000003,0.77,0.0,0.0,0.0,9.999999999999999e-31,9.999999999999999e-31,9.999999999999999e-31,1.0057161736535278e-30,1.0057161736535278e-30,1.0057161736535278e-30,,1.0,1.0,,1.0,1.0,,,0.0
20.0,0.77,0.0,0.0,0.0,9.999999999999999e-31,9.999999999999999e-31,9.999999999999999e-31,1.0055641423643003e-30,1.0055641423643003e-30,1.0055641423643003e-30,,1.0,1.0,,1.0,1.0,,,0.0
4.0,0.96,0.0001691005752478,0.0014915611052314,0.0003369645931446,0.0001691048479203,0.0014915987925788,0.0003369731072454,0.0001696350914534,0.0014962758353926,0.0003380297168763,0.012853105434927353,0.012853105434926487,0.012853105434926518,0.05103715284961671,0.05103715284959966,0.05103715284959795,8.344019919448442e-16,1.8762769116165146e-14,1.7069679003611782e-15
4.8,0.96,0.0001961535169738,0.0015686703167419,0.0001517853035123,0.0001961588822703,0.0015687132238562,0.0001517894552256,0.0001969233047033,0.0015748264294644,0.0001523809719763,0.015636114473488148,0.015636114473486815,0.01563611447349354,0.009362591810170186,0.009362591810174155,0.009362591810174535,5.3915205633359164e-15,4.348951754273855e-15,3.7990444123892075e-16
5.6,0.96,0.0001571720437145,0.0013021699004262,5.952393531880476e-05,0.0001571796211326,0.0013022326793113,5.952680502597306e-05,0.0001578924081534,0.0013081381175939,5.97967505424897e-05,0.014568515347978378,0.014568515347992535,0.01456851534799164,0.002089526903867994,0.0020895269038680754,0.0020895269038680906,1.326196097384269e-14,9.6710833785707e-17,1.5178830414797062e-17
6.4,0.96,0.0001040335719465,0.0006722747380877,2.722644131540246e-05,0.0001040404169849,0.0006723189713704,2.7228232718245276e-05,0.0001045548252809,0.0006756431262181,2.736285759964604e-05,0.023947128010542888,0.02394712801054244,0.023947128010511128,0.0016401673982795848,0.0016401673982798255,0.0016401673982797485,3.1759317398183384e-14,1.6371452804531117e-16,7.697835424647081e-17
7.2,0.96,7.600601658901746e-05,0.0001209654587948,1.7567958534194983e-05,7.601135823090315e-05,0.0001209739601503,1.756919319623049e-05,7.639663984132999e-05,0.0001215871453804,1.765824682197917e-05,0.3947964058922293,0.3947964058917361,0.39479640589168397,0.021092100960895116,0.02109210096086878,0.021092100960865983,5.453415496958769e-13,2.91329460555545e-14,2.796374243274613e-15
8.0,0.96,6.313931211679352e-05,8.591082745550573e-05,1.3492971140633876e-05,6.314435798639796e-05,8.591769314375e-05,1.3494049450971282e-05,6.3450191654681e-05,8.633382728625296e-05,1.3559406590946834e-05,0.5401369505120681,0.540136950512068,0.540136950512068,0.024667172958682766,0.024667172958682766,0.024667172958682777,1.1102230246251565e-16,1.0408340855860843e-17,1.0408340855860843e-17
8.8,0.96,2.2146857786225498e-05,5.8482307769758606e-05,7.047750281977032e-06,2.2147783908932013e-05,5.8484753344371386e-05,7.048045000154616e-06,2.2270399124943892e-05,5.880853836476927e-05,7.087064595239562e-06,0.14340861113003264,0.14340861113003264,0.1434086111300327,0.014522855334992028,0.014522855334992028,0.014522855334992028,5.551115123125783e-17,0.0,0.0
9.6,0.96,1.0975147127036464e-05,4.357983836541372e-05,3.95602958562392e-06,1.0975566100382196e-05,4.358150201424459e-05,3.956180606009536e-06,1.1036307706192604e-05,4.3822693255932114e-05,3.978075127047192e-06,0.06342339291703308,0.06342339291703306,0.06342339291703308,0.008240391233631648,0.00824039123363165,0.008240391233631648,0.0,0.0,1.734723475976807e-18
10.4,0.96,7.422066622450881e-06,2.996797611076026e-05,2.1099881419630517e-06,7.422412199985189e-06,2.99693714444078e-05,2.1100863847486006e-06,7.461956486831194e-06,3.0129038866407684e-05,2.1213282639409897e-06,0.061338742610420154,0.061338742610420154,0.061338742610420154,0.00495729999658725,0.004957299996587249,0.00495729999658725,0.0,0.0,1.734723475976807e-18
11.2,0.96,4.558508117512843e-06,1.6473387644030034e-05,7.956066136589124e-07,4.558752288053365e-06,1.647427001954886e-05,7.95649229289266e-07,4.5821403759516425e-06,1.65587891271755e-05,7.997312045612238e-07,0.07657369932990256,0.07657369932990256,0.07657369932990256,0.002332549844219221,0.002332549844219221,0.0023325498442192216,0.0,4.336808689942018e-19,4.336808689942018e-19
12.0,0.96,2.5104943204586913e-06,8.248758060828622e-06,4.859951086681578e-07,2.5106382088074556e-06,8.249230836316325e-06,4.860229633552303e-07,2.5230605359009658e-06,8.290047009414902e-06,4.884277448185951e-07,0.09262780119371075,0.09262780119371075,0.09262780119371078,0.003471256172841296,0.0034712561728412954,0.0034712561728412954,2.7755575615628914e-17,4.336808689942018e-19,0.0
12.8,0.96,6.98782114087772e-07,2.0494156478591713e-06,2.0546629356473354e-07,6.988028444534205e-07,2.0494764466902937e-06,2.0547238901467157e-07,7.028407338159921e-07,2.0613189273107105e-06,2.066596692046277e-07,0.1162581652998227,0.11625816529982275,0.1162581652998227,0.010051273203904197,0.010051273203904197,0.010051273203904197,0.0,0.0,0.0
13.6,0.96,2.2326444265691619e-07,5.624538293146109e-07,8.965029233705037e-08,2.232707310323755e-07,5.624696711603395e-07,8.965281739071115e-08,2.2457050018607598e-07,5.657440848064357e-07,9.017473070217824e-08,0.1575670372168015,0.1575670372168015,0.1575670372168015,0.02540561218624449,0.02540561218624449,0.025405612186244472,0.0,1.734723475976807e-17,1.734723475976807e-17
14.4,0.96,1.1132956876494968e-07,2.793728391653723e-07,4.0783582065283485e-08,1.1133314351568837e-07,2.793818097225589e-07,4.078489161082229e-08,1.119610012223032e-07,2.809573694955352e-07,4.10148959716324e-08,0.1588008017915329,0.15880080179153297,0.15880080179153286,0.02131092852649205,0.02131092852649205,0.021310928526492044,2.7755575615628914e-17,6.938893903907228e-18,6.938893903907228e-18
15.2,0.96,4.970548295377592e-08,1.4681200165545e-07,1.1752072069366868e-08,4.9707417919971775e-08,1.4681771684507234e-07,1.1752529561394592e-08,4.9979220525055274e-08,1.4762052333916844e-07,1.1816792970856954e-08,0.11462661719528337,0.11462661719528333,0.11462661719528333,0.006407753142903447,0.006407753142903447,0.006407753142903447,4.163336342344337e-17,0.0,0.0
16.0,0.96,2.0114244153738322e-08,5.6089032335127696e-08,5.239510957435317e-09,2.0115133112181773e-08,5.6091511216188196e-08,5.239742520076674e-09,2.0221825135902805e-08,5.638902437763986e-08,5.267534468065603e-09,0.12860313033375534,0.12860313033375542,0.12860313033375534,0.008726209007937715,0.008726209007937717,0.008726209007937717,0.0,1.734723475976807e-18,0.0
16.8,0.96,9.280470634419696e-09,2.5161429443196977e-08,2.2464478687390972e-09,9.280912223298342e-09,2.5162626689312033e-08,2.246554760558959e-09,9.328677344508044e-09,2.529212860516383e-08,2.2581168740517428e-09,0.13604086399651988,0.13604086399651988,0.13604086399651988,0.007971169961774204,0.007971169961774199,0.007971169961774202,0.0,1.734723475976807e-18,3.469446951953614e-18
17.6,0.96,3.484410888318046e-09,7.139226485334225e-09,8.222198924376402e-10,3.484526560191978e-09,7.1394634860016125e-09,8.222471876444314e-10,3.5041462588015162e-09,7.179662382296273e-09,8.26876867380101e-10,0.23820803403493518,0.23820803403493515,0.2382080340349353,0.013263973327376865,0.013263973327376862,0.013263973327376862,1.1102230246251565e-16,3.469446951953614e-18,0.0
18.4,0.96,1.794980359023228e-09,1.996930012438708e-09,3.8732741948561017e-10,1.7950266888233063e-09,1.9969815547120153e-09,3.87337416699128e-10,1.8055643572322854e-09,2.008704795137036e-09,3.8961127328576285e-10,0.8079671677376633,0.8079671677376635,0.8079671677376626,0.03762103995312789,0.03762103995312788,0.03762103995312787,6.661338147750939e-16,2.0816681711721685e-17,6.938893903907228e-18
19.200000000000003,0.96,0.0,0.0,0.0,9.999999999999999e-31,9.999999999999999e-31,9.999999999999999e-31,1.0057161736535278e-30,1.0057161736535278e-30,1.0057161736535278e-30,,1.0,1.0,,1.0,1.0,,,0.0
20.0,0.96,0.0,0.0,0.0,9.999999999999999e-31,9.999999999999999e-31,9.999999999999999e-31,1.0055641423643003e-30,1.0055641423643003e-30,1.0055641423643003e-30,,1.0,1.0,,1.0,1.0,,,0.0
4.0,1.15,0.0001706887160125,0.0014953215869773,0.0003353525771836,0.0001706930332242,0.0014953594079891,0.0003353610592211,0.0001712282566559,0.0015000482425524,0.0003364126141297,0.013029880028039183,0.013029880028029803,0.013029880028037198,0.05029607448690123,0.050296074486900544,0.05029607448688681,1.9845236565174673e-15,1.441902153231922e-14,1.3732071035832405e-14
4.8,1.15,0.000196288631754,0.0015687570380625,0.0001517253069266,0.0001962940007847,0.0015687999478557,0.0001517294570285,0.0001970589497685,0.0015749134914235,0.0001523207399689,0.015655931807368073,0.015655931807378457,0.015655931807378728,0.009354157432672134,0.009354157432673775,0.009354157432674174,1.0654671589449549e-14,2.040034807748725e-15,3.9898639947466563e-16
5.6,1.15,0.0001571797974203,0.0013021650662586,5.9522039170118995e-05,0.0001571873751618,0.0013022278444937,5.95249087668115e-05,0.0001579001973461,0.0013081332608511,5.9794845684065016e-05,0.01457006096836839,0.01457006096836654,0.014570060968382276,0.00208940929465748,0.002089409294657404,0.002089409294657406,1.3886461425194341e-14,7.37257477290143e-17,2.168404344971009e-18
6.4,1.15,0.0001040339620176,0.0006722742281848,2.7226368037149615e-05,0.000104040807075,0.0006723184613912,2.722815943343943e-05,0.0001045552172998,0.0006756426137174,2.736278395249724e-05,0.023947343915974563,0.02394734391595123,0.023947343915953517,0.0016401610575149089,0.0016401610575151242,0.0016401610575150645,2.1045665210550624e-14,1.5569143196891844e-16,5.963111948670274e-17
7.2,1.15,7.600604015083764e-05,0.0001209654473291,1.7567954273543615e-05,7.601138179390393e-05,0.000120973948683,1.756918893516982e-05,7.639666352376542e-05,0.000121587133855,1.7658242539320306e-05,0.39479672550711153,0.39479672550686473,0.39479672550665196,0.021092094728639835,0.021092094728626647,0.021092094728615278,4.595768210435835e-13,2.455674552592768e-14,1.1369377661551994e-14
8.0,1.15,6.313931388353274e-05,8.591082651781039e-05,1.3492970825640052e-05,6.314435975323674e-05,8.591769220592306e-05,1.3494049135943388e-05,6.34501934300773e-05,8.633382634388374e-05,1.3559406274393132e-05,0.5401369925307871,0.5401369925307871,0.5401369925307873,0.02466717234544308,0.024667172345443092,0.024667172345443092,2.220446049250313e-16,1.0408340855860843e-17,0.0
8.8,1.15,2.214685784525374e-05,5.848230769694607e-05,7.047750266219911e-06,2.214778396796189e-05,5.848475327155361e-05,7.048044984396572e-06,2.2270399184300573e-05,5.880853829154835e-05,7.0870645793942776e-06,0.14340861225158702,0.14340861225158702,0.1434086122515871,0.014522855306215547,0.014522855306215547,0.014522855306215554,8.326672684688674e-17,6.938893903907228e-18,6.938893903907228e-18
9.6,1.15,1.0975147103314057e-05,4.357983838013488e-05,3.9560296052602064e-06,1.0975566076659008e-05,4.358150202896679e-05,3.9561806256466155e-06,1.1036307682338125e-05,4.382269327073579e-05,3.9780751467929485e-06,0.06342339260000955,0.06342339260000958,0.06342339260000958,0.008240391309869068,0.008240391309869071,0.008240391309869071,2.7755575615628914e-17,3.469446951953614e-18,0.0
10.4,1.15,7.422066658148895e-06,2.996797601364601e-05,2.1099881413992246e-06,7.422412235684176e-06,2.996937134728624e-05,2.110086384184551e-06,7.461956522720373e-06,3.0129038768768688e-05,2.121328263373935e-06,0.061338743598012516,0.0613387435980125,0.0613387435980125,0.0049573000260671515,0.0049573000260671515,0.004957300026067153,1.3877787807814457e-17,1.734723475976807e-18,1.734723475976807e-18
11.2,1.15,4.558507945503336e-06,1.6473387994894307e-05,7.956066637176635e-07,4.5587521160370744e-06,1.647427037044071e-05,7.956492793511226e-07,4.5821402030528455e-06,1.6558789479867554e-05,7.997312548799162e-07,0.07657369028921664,0.07657369028921666,0.07657369028921666,0.0023325500383812267,0.0023325500383812275,0.0023325500383812275,2.7755575615628914e-17,8.673617379884035e-19,0.0
12.0,1.15,2.510495328037432e-06,8.24875582258322e-06,4.859948246617664e-07,2.5106392164276044e-06,8.249228597888945e-06,4.860226793293978e-07,2.5230615485066937e-06,8.29004475991206e-06,4.884274593874379e-07,0.09262792581339105,0.09262792581339105,0.09262792581339105,0.0034712539995718945,0.0034712539995718945,0.0034712539995718945,0.0,0.0,0.0
12.8,1.15,6.987869942908909e-07,2.0494001751985883e-06,2.054667591201027e-07,6.988077247409037e-07,2.0494609733935106e-06,2.054728545660884e-07,7.028456423032188e-07,2.0613033646046456e-06,2.0666013744613818e-07,0.11626154466339862,0.11626154466339862,0.11626154466339866,0.010051470525706348,0.010051470525706345,0.010051470525706345,4.163336342344337e-17,3.469446951953614e-18,0.0
13.6,1.15,2.2326504628754285e-07,5.624569606910205e-07,8.964851752866282e-08,2.2327133469393657e-07,5.624728026600462e-07,8.965104253792956e-08,2.2457110736184906e-07,5.657472345361482e-07,9.017294551710241e-08,0.15756613477660514,0.15756613477660514,0.15756613477660514,0.025404323415289507,0.025404323415289507,0.025404323415289518,0.0,1.0408340855860843e-17,1.0408340855860843e-17
14.4,1.15,1.113230238356282e-07,2.793722809925046e-07,4.0790335273506615e-08,1.1132659836065544e-07,2.793812514927293e-07,4.0791645030188395e-08,1.1195441915619513e-07,2.809568081175963e-07,4.102168747656998e-08,0.1587827654094582,0.15878276540945813,0.15878276540945818,0.021318071897234038,0.02131807189723402,0.021318071897234028,2.7755575615628914e-17,1.0408340855860843e-17,6.938893903907228e-18
15.2,1.15,4.969772536692294e-08,1.4680130875622545e-07,1.1764016004544829e-08,4.969965990876711e-08,1.468070231681522e-07,1.1764473932569668e-08,4.9971420092663915e-08,1.4760977118869713e-07,1.1828802654440868e-08,0.11460753422745609,0.11460753422745605,0.11460753422745605,0.006421719896994241,0.006421719896994241,0.006421719896994241,4.163336342344337e-17,0.0,0.0
16.0,1.15,2.0119165877670456e-08,5.6102756675483905e-08,5.233263130426666e-09,2.012005513103509e-08,5.610523637893892e-08,5.233494437076008e-09,2.0226773261476338e-08,5.64028223395802e-08,5.261253244810981e-09,0.1286031303337554,0.1286031303337554,0.12860313033375542,0.008701151708570968,0.008701151708570965,0.00870115170857097,2.7755575615628914e-17,1.734723475976807e-18,5.204170427930421e-18
16.8,1.15,9.259520015784744e-09,2.4922048524967845e-08,2.3106554340027726e-09,9.2599592867794e-09,2.492323082524105e-08,2.310765051338128e-09,9.307616571654866e-09,2.5051500666896983e-08,2.322657629363727e-09,0.13804143809439035,0.1380414380943904,0.13804143809439032,0.008596128553451763,0.00859612855345176,0.00859612855345176,2.7755575615628914e-17,3.469446951953614e-18,0.0
17.6,1.15,3.4844108883180453e-09,7.139226485334225e-09,8.222198924376402e-10,3.484526560191978e-09,7.1394634860016125e-09,8.222471876444314e-10,3.504146258801515e-09,7.179662382296273e-09,8.26876867380101e-10,0.2382080340349351,0.23820803403493515,0.23820803403493515,0.013263973327376865,0.013263973327376862,0.013263973327376862,5.551115123125783e-17,3.469446951953614e-18,0.0
18.4,1.15,1.794980359023228e-09,1.996930012438708e-09,3.8732741948561017e-10,1.7950266888233063e-09,1.9969815547120153e-09,3.87337416699128e-10,1.8055643572322854e-09,2.008704795137036e-09,3.8961127328576285e-10,0.8079671677376633,0.8079671677376635,0.8079671677376626,0.03762103995312789,0.03762103995312788,0.03762103995312787,6.661338147750939e-16,2.0816681711721685e-17,6.938893903907228e-18
19.200000000000003,1.15,0.0,0.0,0.0,9.999999999999999e-31,9.999999999999999e-31,9.999999999999999e-31,1.0057161736535278e-30,1.0057161736535278e-30,1.0057161736535278e-30,,1.0,1.0,,1.0,1.0,,,0.0
20.0,1.15,0.0,0.0,0.0,9.999999999999999e-31,9.999999999999999e-31,9.999999999999999e-31,1.0055641423643003e-30,1.0055641423643003e-30,1.0055641423643003e-30,,1.0,1.0,,1.0,1.0,,,0.0
4.0,1.34,0.0001722796614203,0.001499016244654,0.0003337512363909,0.0001722840232264,0.0014990541970055,0.0003337596863622,0.000172824235351,0.0015037546169137,0.0003348062200216,0.013208555963918145,0.013208555963911336,0.013208555963913038,0.049571617266128694,0.04957161726613039,0.04957161726615005,5.10702591327572e-15,2.135791543622645e-14,1.9664825323673085e-14
4.8,1.34,0.0001964237570903,0.0015688434427182,0.0001516653511057,0.0001964291298546,0.0015688863551753,0.0001516694995967,0.0001971946054303,0.0015750002354685,0.0001522605488856,0.015675767511701855,0.015675767511701022,0.015675767511691623,0.009345736584521341,0.009345736584523671,0.009345736584517999,1.0231399061311208e-14,3.3428121382073073e-15,5.672545766444159e-15
5.6,1.34,0.0001571875510568,0.0013021602309697,5.952014313828802e-05,0.0001571951291218,0.0013022230085547,5.952301262450976e-05,0.0001579079864691,0.0013081284029818,5.979294094303011e-05,0.014571606694467798,0.014571606694471117,0.014571606694469445,0.0020892916996856337,0.002089291699685428,0.002089291699685466,1.64625257870199e-15,1.6783449630075609e-16,3.7730235602495554e-17
6.4,1.34,0.0001040343520878,0.0006722737182801,2.7226294759302388e-05,0.0001040411971643,0.0006723179514102,2.722808614903924e-05,0.0001045556093178,0.0006756421012149,2.73627103057561e-05,0.023947559822420944,0.023947559822420805,0.023947559822412062,0.0016401547168105241,0.001640154716810713,0.001640154716810628,8.881784197001252e-15,1.0386656812411132e-16,8.500145032286355e-17
7.2,1.34,7.600606371287709e-05,0.0001209654358632,1.7567950012952227e-05,7.601140535712398e-05,0.0001209739372155,1.756918467416914e-05,7.639668720642125e-05,0.0001215871223293,1.765823825672173e-05,0.39479704512576713,0.3947970451257664,0.394797045126036,0.02109208849659806,0.02109208849659803,0.021092088496612427,2.6884050541298166e-13,1.4366979828039916e-14,1.43982048506075e-14
8.0,1.34,6.313931565229087e-05,8.591082558240335e-05,1.3492970508759048e-05,6.314436152209463e-05,8.591769127038467e-05,1.3494048819028167e-05,6.345019520750248e-05,8.633382540381417e-05,1.3559405955942964e-05,0.5401370345552768,0.5401370345552768,0.5401370345552766,0.024667171723989238,0.024667171723989228,0.024667171723989228,2.220446049250313e-16,1.0408340855860843e-17,0.0
8.8,1.34,2.2146857907199705e-05,5.848230761854747e-05,7.0477502504623235e-06,2.214778402990956e-05,5.8484753193149395e-05,7.048044968638044e-06,2.2270399246591196e-05,5.880853821271008e-05,7.087064563548506e-06,0.14340861343832392,0.14340861343832392,0.14340861343832392,0.014522855280211506,0.01452285528021151,0.014522855280211506,0.0,0.0,3.469446951953614e-18
9.6,1.34,1.097514712342376e-05,4.35798383273272e-05,3.956029599315189e-06,1.0975566096769178e-05,4.35815019761559e-05,3.956180619701262e-06,1.103630770255959e-05,4.382269321763263e-05,3.9780751408146925e-06,0.06342339298613629,0.06342339298613629,0.06342339298613632,0.008240391305072696,0.008240391305072696,0.008240391305072698,2.7755575615628914e-17,1.734723475976807e-18,1.734723475976807e-18
10.4,1.34,7.422066683292962e-06,2.9967975942332868e-05,2.109988140872866e-06,7.422412260828919e-06,2.996937127596778e-05,2.1100863836580275e-06,7.46195654799908e-06,3.012903869707027e-05,2.1213282628446064e-06,0.06133874430554137,0.06133874430554137,0.061338744305541384,0.0049573000471870785,0.0049573000471870785,0.0049573000471870785,1.3877787807814457e-17,0.0,0.0
11.2,1.34,4.5585079061044325e-06,1.6473388549208365e-05,7.956065820611202e-07,4.558752076640041e-06,1.6474270924798843e-05,7.956491976909001e-07,4.58214016345369e-06,1.655879003706975e-05,7.997311728007465e-07,0.07657368381230789,0.07657368381230786,0.07657368381230789,0.0023325494026057076,0.0023325494026057076,0.0023325494026057076,0.0,0.0,0.0
12.0,1.34,2.5104946310683556e-06,8.248758411778193e-06,4.859948555054508e-07,2.510638519436568e-06,8.249231187291418e-06,4.86022710178332e-07,2.5230608480670324e-06,8.290047362126577e-06,4.884274903890088e-07,0.09262781623253029,0.09262781623253029,0.09262781623253029,0.0034712522610013037,0.003471252261001303,0.003471252261001303,0.0,8.673617379884035e-19,0.0
12.8,1.34,6.987857618056051e-07,2.049403004697858e-06,2.0546715984402825e-07,6.988064922278861e-07,2.0494638030026225e-06,2.0547325530449874e-07,7.028444026683766e-07,2.061306210564075e-06,2.066605405001335e-07,0.11626081352062374,0.11626081352062374,0.11626081352062374,0.010051481977589998,0.010051481977589994,0.010051481977589994,0.0,3.469446951953614e-18,0.0
13.6,1.34,2.2326027653039697e-07,5.624688926071745e-07,8.96487902497012e-08,2.2326656484577745e-07,5.624847350214339e-07,8.965131528404824e-08,2.2456630974604895e-07,5.657592363617024e-07,9.017321985101089e-08,0.15755271777987426,0.15755271777987417,0.15755271777987423,0.025403400158480204,0.025403400158480194,0.025403400158480204,2.7755575615628914e-17,0.0,1.0408340855860843e-17
14.4,1.34,1.1132200550824042e-07,2.793810927918337e-07,4.0787980013233296e-08,1.1132558004007933e-07,2.793900636741567e-07,4.0789289708765074e-08,1.1195339509285093e-07,2.809656699948811e-07,4.1019318872429034e-08,0.15876984468031305,0.15876984468031313,0.15876984468031302,0.021314265544118277,0.021314265544118288,0.021314265544118277,2.7755575615628914e-17,0.0,1.0408340855860843e-17
15.2,1.34,4.96978704732193e-08,1.4681049173589056e-07,1.1760387509510896e-08,4.969980508247342e-08,1.468162066877227e-07,1.176084531090744e-08,4.9971566060187196e-08,1.4761900492420414e-07,1.1825154191296987e-08,0.11459386647346832,0.11459386647346836,0.1145938664734684,0.0064169562401411966,0.0064169562401411966,0.0064169562401411966,8.326672684688674e-17,0.0,0.0
16.0,1.34,2.0122682869662417e-08,5.6112563888524165e-08,5.228798524556936e-09,2.0123572333626417e-08,5.611504417924036e-08,5.229029648204452e-09,2.0230309119547612e-08,5.641268216111645e-08,5.256764774397893e-09,0.1286031303337554,0.1286031303337554,0.12860313033375534,0.008683275695400183,0.008683275695400184,0.008683275695400183,5.551115123125783e-17,0.0,1.734723475976807e-18
16.8,1.34,9.352782009881095e-09,2.5011697896849683e-08,2.233079625335666e-09,9.353226373001421e-09,2.5012886235903272e-08,2.233185721920532e-09,9.401363666045382e-09,2.5141617497886676e-08,2.244679030350229e-09,0.1398283636822094,0.13982836368220947,0.13982836368220947,0.007971169961774195,0.007971169961774195,0.007971169961774195,5.551115123125783e-17,0.0,0.0
17.6,1.34,3.484410888318046e-09,7.139226485334223e-09,8.222198924376402e-10,3.484526560191978e-09,7.139463486001611e-09,8.222471876444314e-10,3.5041462588015162e-09,7.179662382296271e-09,8.26876867380101e-10,0.2382080340349353,0.23820803403493523,0.23820803403493546,0.013263973327376872,0.013263973327376869,0.013263973327376872,1.6653345369377348e-16,0.0,3.469446951953614e-18
18.4,1.34,1.794980359023228e-09,1.996930012438708e-09,3.8732741948561017e-10,1.7950266888233063e-09,1.9969815547120153e-09,3.87337416699128e-10,1.8055643572322854e-09,2.008704795137036e-09,3.8961127328576285e-10,0.8079671677376633,0.8079671677376635,0.8079671677376626,0.03762103995312789,0.03762103995312788,0.03762103995312787,6.661338147750939e-16,2.0816681711721685e-17,6.938893903907228e-18
19.200000000000003,1.34,0.0,0.0,0.0,9.999999999999999e-31,9.999999999999999e-31,9.999999999999999e-31,1.0057161736535278e-30,1.0057161736535278e-30,1.0057161736535278e-30,,1.0,1.0,,1.0,1.0,,,0.0
20.0,1.34,0.0,0.0,0.0,9.999999999999999e-31,9.999999999999999e-31,9.999999999999999e-31,1.0055641423643003e-30,1.0055641423643003e-30,1.0055641423643003e-30,,1.0,1.0,,1.0,1.0,,,0.0
4.0,1.53,0.0001738733388017,0.0015026456270817,0.0003321607154432,0.0001738777452534,0.0015026837084538,0.0003321691333533,0.0001744229546374,0.0015073955090231,0.00033321067969,0.013389144967669084,0.013389144967675723,0.013389144967671573,0.048863367168815,0.04886336716881484,0.04886336716883843,2.489328188026718e-15,2.3425705819590803e-14,2.358530037938067e-14
4.8,1.53,0.0001965588929171,0.0015689295309817,0.0001516054360511,0.0001965642694146,0.0015689724460875,0.0001516095829317,0.0001973302716232,0.0015750866618732,0.000152200398728,0.01569562159266694,0.01569562159266852,0.015695621592666104,0.009337329242808966,0.009337329242817351,0.009337329242808244,8.36136715420821e-16,7.216449660063518e-16,9.107298248878237e-15
5.6,1.53,0.0001571953046239,0.0013021553945598,5.951824722330873e-05,0.0001572028830123,0.0013022181714945,5.952111659906475e-05,0.0001579157755224,0.0013081235439862,5.979103631938186e-05,0.01457315252625939,0.014573152526254206,0.014573152526256721,0.0020891741189501697,0.0020891741189501874,0.002089174118950309,2.6680047060523293e-15,1.3921155894713877e-16,1.214306433183765e-16
6.4,1.53,0.0001040347421571,0.0006722732083732,2.722622148192537e-05,0.0001040415872527,0.000672317441427,2.722801286510929e-05,0.0001045560013349,0.0006756415887102,2.736263665948753e-05,0.023947775729910546,0.023947775729933646,0.023947775729915143,0.0016401483761761641,0.0016401483761763261,0.0016401483761761626,4.597017211338539e-15,1.5178830414797062e-18,1.6349768761081407e-16
7.2,1.53,7.600608727404467e-05,0.0001209654243975,1.756794575258709e-05,7.601142891947213e-05,0.0001209739257483,1.7569180413394728e-05,7.639671088820074e-05,0.000121587110804,1.765823397435057e-05,0.39479736473424976,0.3947973647338429,0.394797364733955,0.021092082265029566,0.021092082265007823,0.02109208226501381,2.9476421303797906e-13,1.5754758608821362e-14,5.988265439071938e-15
8.0,1.53,6.313931741925957e-05,8.59108246442703e-05,1.3492970193872364e-05,6.314436328916289e-05,8.591769033211997e-05,1.349404850410742e-05,6.345019698312936e-05,8.633382446100507e-05,1.3559405639496929e-05,0.5401370765834311,0.5401370765834311,0.5401370765834311,0.024667171111392626,0.024667171111392626,0.024667171111392643,0.0,1.734723475976807e-17,1.734723475976807e-17
8.8,1.53,2.2146857972329627e-05,5.8482307540217285e-05,7.0477502321363354e-06,2.2147784095041313e-05,5.848475311481357e-05,7.048044950311005e-06,2.2270399312083533e-05,5.880853813394057e-05,7.087064545120004e-06,0.14340861466595975,0.14340861466595975,0.14340861466595975,0.014522855243588408,0.014522855243588408,0.014522855243588408,0.0,0.0,0.0
9.6,1.53,1.097514713937607e-05,4.35798382909594e-05,3.956029595148473e-06,1.0975566112721868e-05,4.358150193978581e-05,3.956180615534306e-06,1.1036307718600566e-05,4.3822693181061265e-05,3.978075136624675e-06,0.06342339327636219,0.06342339327636219,0.06342339327636219,0.008240391301467571,0.008240391301467571,0.008240391301467571,0.0,0.0,0.0
10.4,1.53,7.422066698272933e-06,2.996797587290715e-05,2.109988139363075e-06,7.422412275809215e-06,2.9969371206537328e-05,2.1100863821480604e-06,7.461956563059186e-06,3.0129038627269913e-05,2.1213282613265946e-06,0.06133874483734405,0.061338744837344035,0.061338744837344035,0.004957300063061531,0.004957300063061531,0.004957300063061531,1.3877787807814457e-17,0.0,0.0
11.2,1.53,4.55850826933179e-06,1.6473387521730898e-05,7.956065666794266e-07,4.558752439879076e-06,1.6474269897238228e-05,7.956491823070249e-07,4.5821405285562755e-06,1.655878900423737e-05,7.997311573379463e-07,0.07657370556737694,0.07657370556737697,0.07657370556737697,0.0023325496033853492,0.00233254960338535,0.00233254960338535,2.7755575615628914e-17,8.673617379884035e-19,0.0
12.0,1.53,2.510495040651734e-06,8.24875566999673e-06,4.85995059390614e-07,2.5106389290246218e-06,8.249228445291038e-06,4.860229140715413e-07,2.5230612596816767e-06,8.290044606559118e-06,4.884276952910566e-07,0.09262790803335341,0.09262790803335341,0.09262790803335341,0.0034712574811325177,0.0034712574811325177,0.0034712574811325185,0.0,8.673617379884035e-19,8.673617379884035e-19
12.8,1.53,6.987852418857462e-07,2.0494063235063287e-06,2.0546643992315397e-07,6.988059723079785e-07,2.0494671219546435e-06,2.05472535366788e-07,7.028438797442182e-07,2.061309548693982e-06,2.0665981640240986e-07,0.1162602639722175,0.11626026397221748,0.11626026397221748,0.010051378985971145,0.010051378985971148,0.010051378985971145,2.7755575615628914e-17,0.0,3.469446951953614e-18
13.6,1.53,2.232610521873227e-07,5.624688831972289e-07,8.96475643025798e-08,2.2326734052791066e-07,5.624847256196892e-07,8.965008930374635e-08,2.245670899438108e-07,5.657592269052255e-07,9.017198673367237e-08,0.15755381780131317,0.15755381780131317,0.1575538178013132,0.025402706230244956,0.025402706230244963,0.025402706230244956,2.7755575615628914e-17,0.0,6.938893903907228e-18
14.4,1.53,1.1132123591249421e-07,2.7938770589495537e-07,4.0786208122710615e-08,1.113248104493193e-07,2.793966770641579e-07,4.078751777222802e-08,1.1195262116202225e-07,2.809723206807651e-07,4.101753694314432e-08,0.1587601334926385,0.15876013349263843,0.1587601334926385,0.021311404820408428,0.021311404820408414,0.021311404820408428,0.0,0.0,1.3877787807814457e-17
15.2,1.53,4.969943543930483e-08,1.4682169477065804e-07,1.1758004737706234e-08,4.970137015588171e-08,1.4682741029567776e-07,1.1758462457325705e-08,4.9973139691493824e-08,1.4763026979403836e-07,1.1822758308154712e-08,0.11458359531697775,0.11458359531697775,0.11458359531697775,0.006413377384342026,0.006413377384342026,0.006413377384342026,0.0,0.0,0.0
16.0,1.53,2.0165899259331026e-08,5.5927459253405185e-08,5.235984898689021e-09,2.0166789839885313e-08,5.5929929160996286e-08,5.236216133918026e-09,2.027375585437672e-08,5.622658528032104e-08,5.2639893777167535e-09,0.13001246918628873,0.13001246918628867,0.13001246918628873,0.008764892430866962,0.008764892430866958,0.008764892430866963,0.0,1.734723475976807e-18,5.204170427930421e-18
16.8,1.53,9.372829740091242e-09,2.4970186065191604e-08,2.229373390522328e-09,9.37327487785059e-09,2.49713719581379e-08,2.2294792687152887e-09,9.421515352482864e-09,2.5099889562836152e-08,2.240953501521561e-09,0.14089575189876238,0.14089575189876233,0.1408957518987623,0.007971169961774202,0.007971169961774199,0.007971169961774199,8.326672684688674e-17,3.469446951953614e-18,0.0
17.6,1.53,3.484410888318046e-09,7.139226485334225e-09,8.222198924376402e-10,3.484526560191978e-09,7.1394634860016125e-09,8.222471876444314e-10,3.5041462588015162e-09,7.179662382296273e-09,8.26876867380101e-10,0.23820803403493518,0.23820803403493515,0.2382080340349353,0.013263973327376865,0.013263973327376862,0.013263973327376862,1.1102230246251565e-16,3.469446951953614e-18,0.0
18.4,1.53,1.794980359023228e-09,1.996930012438708e-09,3.8732741948561017e-10,1.7950266888233063e-09,1.9969815547120153e-09,3.87337416699128e-10,1.8055643572322854e-09,2.008704795137036e-09,3.8961127328576285e-10,0.8079671677376633,0.8079671677376635,0.8079671677376626,0.03762103995312789,0.03762103995312788,0.03762103995312787,6.661338147750939e-16,2.0816681711721685e-17,6.938893903907228e-18
19.200000000000003,1.53,0.0,0.0,0.0,9.999999999999999e-31,9.999999999999999e-31,9.999999999999999e-31,1.0057161736535278e-30,1.0057161736535278e-30,1.0057161736535278e-30,,1.0,1.0,,1.0,1.0,,,0.0
20.0,1.53,0.0,0.0,0.0,9.999999999999999e-31,9.999999999999999e-31,9.999999999999999e-31,1.0055641423643003e-30,1.0055641423643003e-30,1.0055641423643003e-30,,1.0,1.0,,1.0,1.0,,,0.0
4.0,1.72,0.0001754696763436,0.0015062102895496,0.0003305811503498,0.000175474127488,0.0015062484976293,0.0003305895362113,0.0001760243424728,0.0015109714759173,0.0003316261295784,0.013571658710107602,0.013571658710119608,0.013571658710119252,0.048170921340862004,0.04817092134085004,0.04817092134086565,1.1650402864660236e-14,3.642919299551295e-15,1.5605572389887357e-14
4.8,1.72,0.000196694039169,0.0015690153031258,0.0001515455617644,0.0001966994193992,0.0015690582208651,0.000151549707035,0.0001974659482813,0.0015751727709113,0.0001521402894976,0.015715494056455885,0.01571549405645825,0.01571549405645974,0.009328935384689761,0.009328935384697225,0.009328935384688536,3.854555563620465e-15,1.2247147740396258e-15,8.689229891167827e-15
5.6,1.72,0.0001572030581215,0.0013021505570288,5.951635142517858e-05,0.0001572106368334,0.0013022133333132,5.9519220690473936e-05,0.000157923564506,0.0013081186838645,5.978913181311771e-05,0.014574698463734867,0.014574698463740132,0.014574698463747688,0.002089056552450126,0.002089056552450077,0.002089056552450014,1.2821341210944581e-14,1.1232334506949826e-16,6.331740687315346e-17
6.4,1.72,0.0001040351322255,0.0006722726984645,2.722614820498002e-05,0.0001040419773401,0.000672316931442,2.7227939581611057e-05,0.0001045563933511,0.0006756410762037,2.736256301365281e-05,0.023947991638414854,0.023947991638415198,0.02394799163843438,0.0016401420356052334,0.0016401420356053683,0.001640142035605084,1.952604744559494e-14,1.494030593685025e-16,2.8427780962569926e-16
7.2,1.72,7.600611083566206e-05,0.0001209654129318,1.7567941492032634e-05,7.60114524822701e-05,0.000120973914281,1.756917615243098e-05,7.639673457043236e-05,0.0001215870992786,1.7658229691789117e-05,0.3947976843475953,0.3947976843474349,0.39479768434738616,0.021092076033006207,0.02109207603299762,0.021092076032995025,2.091660178393795e-13,1.1182027526146499e-14,2.5951463200613034e-15
8.0,1.72,6.313931918440703e-05,8.591082371023913e-05,1.3492969877840782e-05,6.314436505440988e-05,8.591768939795765e-05,1.3494048188041709e-05,6.345019875692617e-05,8.633382352231822e-05,1.355940532190038e-05,0.5401371185288492,0.5401371185288489,0.5401371185288492,0.02466717049225442,0.024667170492254427,0.02466717049225442,0.0,0.0,6.938893903907228e-18
8.8,1.72,2.2146858031798164e-05,5.848230747383244e-05,7.047750213527136e-06,2.214778415451156e-05,5.84847530484239e-05,7.04804493170078e-06,2.2270399371883022e-05,5.8808538067183355e-05,7.087064526406749e-06,0.14340861576169267,0.14340861576169267,0.14340861576169267,0.014522855199865365,0.014522855199865365,0.014522855199865365,0.0,0.0,0.0
9.6,1.72,1.0975147126460696e-05,4.3579838326135254e-05,3.9560295976674344e-06,1.097556609980621e-05,4.358150197496383e-05,3.956180618053439e-06,1.1036307705613428e-05,4.382269321643397e-05,3.978075139157749e-06,0.06342339302470545,0.06342339302470548,0.06342339302470545,0.008240391298658929,0.008240391298658934,0.008240391298658929,0.0,0.0,5.204170427930421e-18
10.4,1.72,7.422066713765913e-06,2.9967975834253863e-05,2.1099881392735357e-06,7.422412291302626e-06,2.996937116788107e-05,2.1100863820584345e-06,7.461956578635142e-06,3.012903858840771e-05,2.121328261236491e-06,0.061338745251655495,0.06133874525165548,0.061338745251655495,0.004957300075428844,0.0049573000754288415,0.0049573000754288415,0.0,2.6020852139652106e-18,0.0
11.2,1.72,4.558508463204259e-06,1.6473386745956647e-05,7.956065592201136e-07,4.558752633756879e-06,1.6474269121404176e-05,7.956491748464311e-07,4.582140723428744e-06,1.6558788224423e-05,7.997311498390768e-07,0.07657371929281384,0.07657371929281384,0.07657371929281384,0.0023325497793386537,0.0023325497793386537,0.0023325497793386537,0.0,0.0,0.0
12.0,1.72,2.510495903196621e-06,8.248754468793814e-06,4.859948668798594e-07,2.510639791607218e-06,8.249227243980747e-06,4.860227215474831e-07,2.5230621265322256e-06,8.290043399304892e-06,4.88427501814413e-07,0.09262799866015164,0.0926279986601516,0.09262799866015164,0.0034712557420715487,0.0034712557420715487,0.0034712557420715495,0.0,8.673617379884035e-19,8.673617379884035e-19
12.8,1.72,6.987844758669166e-07,2.0494078504462116e-06,2.054667875495249e-07,6.988052062706303e-07,2.049468648952162e-06,2.054728830047085e-07,7.028431092804798e-07,2.061311084514943e-06,2.0666016604908505e-07,0.11625983583766233,0.11625983583766229,0.11625983583766229,0.010051398019746104,0.010051398019746102,0.010051398019746104,4.163336342344337e-17,0.0,1.734723475976807e-18
13.6,1.72,2.2326097685107763e-07,5.624671636841482e-07,8.964892113695144e-08,2.2326726517900307e-07,5.624830060316217e-07,8.965144617210189e-08,2.2456701415626003e-07,5.65757497306587e-07,9.01733515010285e-08,0.15755467478618582,0.15755467478618576,0.15755467478618582,0.02540363050814605,0.02540363050814605,0.02540363050814604,0.0,1.0408340855860843e-17,1.0408340855860843e-17
14.4,1.72,1.1131778408205825e-07,2.793856995637378e-07,4.0790434728958383e-08,1.113213584917218e-07,2.793946706275495e-07,4.0791744508211334e-08,1.1194914973728216e-07,2.809703029289576e-07,4.1021787515594265e-08,0.1587525680803224,0.15875256808032237,0.15875256808032248,0.021316128127919314,0.021316128127919307,0.021316128127919314,8.326672684688674e-17,0.0,6.938893903907228e-18
15.2,1.72,4.969935956280208e-08,1.468265967665568e-07,1.1755841992615058e-08,4.9701294312563744e-08,1.4683231258916697e-07,1.1756299636590625e-08,4.997306343346086e-08,1.476351988935094e-07,1.1820583661009517e-08,0.11457559455389059,0.11457559455389059,0.11457559455389059,0.006410590199249074,0.006410590199249076,0.006410590199249076,0.0,2.6020852139652106e-18,0.0
16.0,1.72,2.0163442579738157e-08,5.5954599010270144e-08,5.232202680327354e-09,2.0164333176546556e-08,5.5957070462607546e-08,5.232433780894113e-09,2.02712861607298e-08,5.6253870541227994e-08,5.260186962837106e-09,0.12985473493427946,0.12985473493427946,0.12985473493427946,0.008743746184572835,0.008743746184572838,0.008743746184572833,0.0,1.734723475976807e-18,5.204170427930421e-18
16.8,1.72,9.348980993281208e-09,2.4831743321905122e-08,2.273859515241143e-09,9.349424233809758e-09,2.4832920609038628e-08,2.2739673202194727e-09,9.397541958773021e-09,2.4960725660346412e-08,2.2856705151278916e-09,0.1417470838103463,0.14174708381034637,0.14174708381034637,0.008385188651438997,0.008385188651439002,0.008385188651439002,5.551115123125783e-17,5.204170427930421e-18,0.0
17.6,1.72,3.227814287789553e-09,7.558267951327627e-09,8.704806150528686e-10,3.227922891120877e-09,7.558522257494391e-09,8.705099033223345e-10,3.2460977774833814e-09,7.601080672838294e-09,8.754113272732717e-10,0.1823780260579973,0.1823780260579973,0.18237802605799738,0.013263973327376869,0.013263973327376858,0.013263973327376869,8.326672684688674e-17,0.0,1.0408340855860843e-17
18.4,1.72,1.794980359023228e-09,1.996930012438708e-09,3.8732741948561017e-10,1.7950266888233063e-09,1.9969815547120153e-09,3.87337416699128e-10,1.8055643572322854e-09,2.008704795137036e-09,3.8961127328576285e-10,0.8079671677376633,0.8079671677376635,0.8079671677376626,0.03762103995312789,0.03762103995312788,0.03762103995312787,6.661338147750939e-16,2.0816681711721685e-17,6.938893903907228e-18
19.200000000000003,1.72,0.0,0.0,0.0,9.999999999999999e-31,9.999999999999999e-31,9.999999999999999e-31,1.0057161736535278e-30,1.0057161736535278e-30,1.0057161736535278e-30,,1.0,1.0,,1.0,1.0,,,0.0
20.0,1.72,0.0,0.0,0.0,9.999999999999999e-31,9.999999999999999e-31,9.999999999999999e-31,1.0055641423643003e-30,1.0055641423643003e-30,1.0055641423643003e-30,,1.0,1.0,,1.0,1.0,,,0.0
4.0,1.91,0.0001770686030823,0.0015097107933558,0.0003290126686551,0.0001770730989625,0.0015097491258374,0.0003290210224883,0.0001776283276669,0.0015144830806614,0.0003300526976388,0.01375610880588826,0.013756108805877349,0.013756108805884898,0.04749388777589053,0.047493887775905935,0.047493887775907774,3.361894096443052e-15,1.7243151351209463e-14,1.8388068845354155e-15
4.8,1.91,0.0001968291957807,0.0015691007594232,0.0001514857282469,0.0001968345797432,0.001569143679781,0.000151489871908,0.0001976016353391,0.0015752585628568,0.0001520802211958,0.01573538490926454,0.015735384909278713,0.015735384909272947,0.009320554987335099,0.00932055498734458,0.009320554987339054,8.406469964583607e-15,3.95516952522712e-15,5.5250942709861306e-15
5.6,1.91,0.0001572108115498,0.0013021457183771,5.951445574389357e-05,0.0001572183905851,0.001302208494011,5.951732489873333e-05,0.0001579313534198,0.0013081138226168,5.978722742423367e-05,0.014576244506930406,0.014576244506932446,0.01457624450692968,0.002088939000182833,0.002088939000183071,0.002088939000182877,7.268491364342822e-16,4.380176776841438e-17,1.942890293094024e-16
6.4,1.91,0.0001040355222931,0.0006722721885536,2.722607492848957e-05,0.0001040423674267,0.0006723164214548,2.722786629856776e-05,0.0001045567853664,0.0006756405636949,2.7362489368275273e-05,0.023948207548008405,0.023948207547986045,0.023948207548005227,0.0016401356951024823,0.0016401356951025897,0.0016401356951026161,3.1780134079895106e-15,1.3379054808471125e-16,2.6454533008646308e-17
7.2,1.91,7.600613439744054e-05,0.0001209654014658,1.7567937231564875e-05,7.601147604522917e-05,0.0001209739028134,1.7569171891553936e-05,7.639675825282588e-05,0.0001215870877529,1.7658225409314806e-05,0.39479800396476256,0.3947980039648481,0.39479800396462905,0.021092069801295386,0.02109206980129995,0.021092069801288246,1.3350431871117507e-13,7.140121827120538e-15,1.1705914015891494e-14
8.0,1.91,6.313932095074384e-05,8.591082277430941e-05,1.3492969562109996e-05,6.314436682084627e-05,8.591768846189655e-05,1.3494047872276804e-05,6.345020053191812e-05,8.633382258172341e-05,1.35594050046061e-05,0.5401371605184917,0.5401371605184917,0.5401371605184915,0.024667169875306243,0.024667169875306254,0.024667169875306254,2.220446049250313e-16,1.0408340855860843e-17,0.0
8.8,1.91,2.2146858093062132e-05,5.848230740181678e-05,7.047750195432859e-06,2.2147784215777264e-05,5.848475297640304e-05,7.048044913605483e-06,2.2270399433487908e-05,5.8808537994763766e-05,7.087064508211272e-06,0.14340861690829315,0.14340861690829318,0.14340861690829323,0.01452285516106105,0.01452285516106105,0.01452285516106105,8.326672684688674e-17,0.0,0.0
9.6,1.91,1.097514714288164e-05,4.3579838312784185e-05,3.956029585909805e-06,1.0975566116227671e-05,4.358150196161183e-05,3.956180606295321e-06,1.1036307722125771e-05,4.382269320300807e-05,3.978075127334559e-06,0.06342339325335343,0.0634233932533534,0.0634233932533534,0.008240391254725789,0.008240391254725789,0.008240391254725785,2.7755575615628914e-17,3.469446951953614e-18,3.469446951953614e-18
10.4,1.91,7.422066627137991e-06,2.9967976066891604e-05,2.109988157761444e-06,7.422412204672163e-06,2.996937140053567e-05,2.1100864005476277e-06,7.461956491543138e-06,3.0129038822301818e-05,2.121328279824189e-06,0.06133874286747381,0.06133874286747381,0.06133874286747381,0.004957300085335641,0.004957300085335641,0.004957300085335641,0.0,0.0,0.0
11.2,1.91,4.558508325247046e-06,1.647338704653586e-05,7.956065947750324e-07,4.5587524957943784e-06,1.6474269422007086e-05,7.956492104036212e-07,4.582140584758445e-06,1.6558788526568113e-05,7.997311855786886e-07,0.07657371186362796,0.07657371186362796,0.07657371186362796,0.002332549902696575,0.0023325499026965743,0.002332549902696575,0.0,0.0,8.673617379884035e-19
12.0,1.91,2.510496352409041e-06,8.248753478481527e-06,4.859947199334832e-07,2.5106402408384195e-06,8.249226253588812e-06,4.860225745913362e-07,2.5230625779861667e-06,8.29004240401262e-06,4.884273541311453e-07,0.09262805404980494,0.09262805404980494,0.09262805404980494,0.0034712544764099163,0.0034712544764099163,0.003471254476409917,0.0,8.673617379884035e-19,8.673617379884035e-19
12.8,1.91,6.987855075059003e-07,2.049404607100038e-06,2.054666360767926e-07,6.988062379294247e-07,2.049465405478112e-06,2.0547273152430866e-07,7.028441469005036e-07,2.061307822299142e-06,2.0666001369338667e-07,0.11626054709680907,0.11626054709680907,0.11626054709680907,0.010051415013969962,0.010051415013969962,0.010051415013969962,0.0,0.0,0.0
13.6,1.91,2.232639218051859e-07,5.624585271907594e-07,8.964888708497929e-08,2.2327021018573369e-07,5.624743692185832e-07,8.96514121069941e-08,2.2456997630732875e-07,5.657488102143958e-07,9.017331723761092e-08,0.15756366994284646,0.15756366994284648,0.15756366994284654,0.025404391355389144,0.025404391355389133,0.025404391355389144,8.326672684688674e-17,0.0,1.0408340855860843e-17
14.4,1.91,1.1132089718854055e-07,2.7939621165334673e-07,4.0783534930404184e-08,1.1132447175244897e-07,2.794051831909426e-07,4.0784844507992056e-08,1.1195228055508781e-07,2.809808747774273e-07,4.1014848603168117e-08,0.1587495011790884,0.15874950117908831,0.15874950117908837,0.021307313954352026,0.021307313954352015,0.021307313954352033,2.7755575615628914e-17,6.938893903907228e-18,1.734723475976807e-17
15.2,1.91,4.9699298783675594e-08,1.468305233974076e-07,1.1754109575495389e-08,4.9701233560011976e-08,1.468362394583799e-07,1.1754567158874196e-08,4.997300234871116e-08,1.476391472350362e-07,1.1818841710019757e-08,0.11456918631380833,0.11456918631380833,0.11456918631380836,0.006408358160024902,0.006408358160024899,0.006408358160024903,2.7755575615628914e-17,1.734723475976807e-18,4.336808689942018e-18
16.0,1.91,2.0161477666986808e-08,5.597630605521305e-08,5.229177569071968e-09,2.0162368276792725e-08,5.5978778743370894e-08,5.2294085619037845e-09,2.0269310839015053e-08,5.6275693964177735e-08,5.257145697881062e-09,0.12972875411711562,0.12972875411711562,0.12972875411711565,0.008726866015410744,0.008726866015410747,0.008726866015410744,2.7755575615628914e-17,0.0,3.469446951953614e-18
16.8,1.91,9.280470634419696e-09,2.5161429443196977e-08,2.2464478687390972e-09,9.280912223298342e-09,2.5162626689312033e-08,2.246554760558959e-09,9.328677344508044e-09,2.529212860516383e-08,2.2581168740517428e-09,0.13604086399651988,0.13604086399651988,0.13604086399651988,0.007971169961774204,0.007971169961774199,0.007971169961774202,0.0,1.734723475976807e-18,3.469446951953614e-18
17.6,1.91,3.257802899060014e-09,7.509294303181091e-09,8.648403530729402e-10,3.2579122909868054e-09,7.509546453540741e-09,8.648693930595571e-10,3.276256033283304e-09,7.551829109611146e-09,8.697390580012148e-10,0.1882137552868622,0.1882137552868622,0.18821375528686218,0.01326397332737685,0.01326397332737685,0.01326397332737685,2.7755575615628914e-17,0.0,0.0
18.4,1.91,1.794980359023228e-09,1.996930012438708e-09,3.8732741948561017e-10,1.7950266888233063e-09,1.9969815547120153e-09,3.87337416699128e-10,1.8055643572322854e-09,2.008704795137036e-09,3.8961127328576285e-10,0.8079671677376633,0.8079671677376635,0.8079671677376626,0.03762103995312789,0.03762103995312788,0.03762103995312787,6.661338147750939e-16,2.0816681711721685e-17,6.938893903907228e-18
19.200000000000003,1.91,0.0,0.0,0.0,9.999999999999999e-31,9.999999999999999e-31,9.999999999999999e-31,1.0057161736535278e-30,1.0057161736535278e-30,1.0057161736535278e-30,,1.0,1.0,,1.0,1.0,,,0.0
20.0,1.91,0.0,0.0,0.0,9.999999999999999e-31,9.999999999999999e-31,9.999999999999999e-31,1.0055641423643003e-30,1.0055641423643003e-30,1.0055641423643003e-30,,1.0,1.0,,1.0,1.0,,,0.0
4.0,2.1,0.0001786700488964,0.0015131477053595,0.0003274553896409,0.0001786745895521,0.0015131861599451,0.0003274637114731,0.0001792348398749,0.0015179308919002,0.0003284905035342,0.013942506811668212,0.013942506811674797,0.013942506811670018,0.04683188500787149,0.04683188500786898,0.04683188500787576,1.805847138491856e-15,4.2674197509029455e-15,6.779299344117362e-15
4.8,2.1,0.0001969643626868,0.001569185900147,0.0001514259355,0.000196969750381,0.0015692288231083,0.000151430077552,0.0001977373327309,0.0015753440379838,0.0001520201938239,0.01575529415724989,0.01575529415725559,0.015755294157257505,0.009312188027976164,0.009312188027978261,0.009312188027978776,7.615436059538183e-15,2.6124935548210715e-15,5.152128723651117e-16
5.6,2.1,0.0001572185649085,0.0013021408786046,5.951256017945483e-05,0.0001572261442672,0.001302203653588,5.9515429223844e-05,0.0001579391422638,0.0013081089602431,5.978532315273083e-05,0.014577790655800638,0.014577790655799863,0.014577790655810727,0.0020888214621475882,0.0020888214621478207,0.0020888214621478714,1.008915173628111e-14,2.8319360745321376e-16,5.074066167232161e-17
6.4,2.1,0.0001040359123596,0.0006722716786411,2.722600165242684e-05,0.0001040427575123,0.000672315911466,2.7227793015952224e-05,0.0001045571773807,0.0006756400511846,2.736241572332761e-05,0.023948423458510358,0.02394842345851137,0.023948423458525176,0.001640129354661708,0.0016401293546617882,0.0016401293546616023,1.4818007931793886e-14,1.0560129160008813e-16,1.8583225236401546e-16
7.2,2.1,7.600615795903163e-05,0.0001209653900002,1.7567932971004495e-05,7.601149960800085e-05,0.0001209738913462,1.756916763058427e-05,7.639678193503105e-05,0.0001215870762275,1.7658221126747405e-05,0.394798323577562,0.394798323577894,0.3947983235781671,0.02109206356922241,0.021092063569240146,0.02109206356925473,6.050715484207103e-13,3.232136780439987e-14,1.4585554986012994e-14
8.0,2.1,6.313932271671021e-05,8.591082183901177e-05,1.3492969246333974e-05,6.31443685869122e-05,8.59176875264676e-05,1.3494047556466662e-05,6.345020230653783e-05,8.63338216417638e-05,1.355940468726636e-05,0.5401372024938509,0.5401372024938509,0.5401372024938509,0.024667169257829698,0.024667169257829705,0.024667169257829698,0.0,0.0,6.938893903907228e-18
8.8,2.1,2.2146858152989757e-05,5.8482307325780445e-05,7.04775018007721e-06,2.214778427570654e-05,5.848475290036128e-05,7.04804489824892e-06,2.2270399493748963e-05,5.880853791830102e-05,7.087064492769692e-06,0.14340861805730581,0.1434086180573058,0.1434086180573058,0.01452285513554027,0.014522855135540266,0.01452285513554027,2.7755575615628914e-17,0.0,3.469446951953614e-18
9.6,2.1,1.0975147144544976e-05,4.3579838283542114e-05,3.956029593335701e-06,1.0975566117890915e-05,4.3581501932368026e-05,3.9561806137214444e-06,1.103630772379822e-05,4.382269317360242e-05,3.978075134801781e-06,0.06342339335769186,0.06342339335769183,0.06342339335769186,0.008240391296720606,0.008240391296720606,0.00824039129672061,0.0,3.469446951953614e-18,3.469446951953614e-18
10.4,2.1,7.422066645988048e-06,2.9967976016569573e-05,2.109988155945185e-06,7.422412223522753e-06,2.9969371350209898e-05,2.110086398731186e-06,7.461956510494158e-06,3.0129038771707926e-05,2.12132827799807e-06,0.061338743385040945,0.061338743385040945,0.061338743385040945,0.0049573000934497735,0.0049573000934497735,0.0049573000934497735,0.0,0.0,0.0
11.2,2.1,4.558508211110759e-06,1.6473387288594874e-05,7.956066236967553e-07,4.5587523816537e-06,1.6474269664085287e-05,7.956492393271937e-07,4.5821404700321815e-06,1.6558788769888268e-05,7.997312146506497e-07,0.0765737057787715,0.0765737057787715,0.07657370577877146,0.0023325500037325855,0.0023325500037325855,0.002332550003732585,4.163336342344337e-17,4.336808689942018e-19,4.336808689942018e-19
12.0,2.1,2.510495772666222e-06,8.248755203639351e-06,4.859947408958648e-07,2.5106396610756154e-06,8.249227978889026e-06,4.860225955574828e-07,2.523061995354768e-06,8.290044137849407e-06,4.884273752010299e-07,0.09262797252433116,0.09262797252433114,0.0926279725243311,0.003471253323893379,0.003471253323893378,0.003471253323893379,6.938893903907228e-17,0.0,8.673617379884035e-19
12.8,2.1,6.987848556003396e-07,2.0494060116657032e-06,2.0546690291538926e-07,6.988055860085656e-07,2.0494668100972984e-06,2.0547299837200977e-07,7.028434912126531e-07,2.061309235034633e-06,2.0666028208301266e-07,0.11626017081655668,0.11626017081655664,0.11626017081655664,0.010051427343884737,0.010051427343884733,0.010051427343884733,4.163336342344337e-17,3.469446951953614e-18,0.0
13.6,2.1,2.23260995022148e-07,5.624660370309668e-07,8.964903371074366e-08,2.232672833473826e-07,5.624818793386387e-07,8.965155874777884e-08,2.245670324304066e-07,5.657563640545679e-07,9.017346473206405e-08,0.15755533161638535,0.15755533161638535,0.15755533161638532,0.02540379607814058,0.02540379607814058,0.02540379607814058,2.7755575615628914e-17,0.0,0.0
14.4,2.1,1.113204398240118e-07,2.79399669298023e-07,4.0782647305892726e-08,1.113240143887483e-07,2.79408640985584e-07,4.078395686066227e-08,1.1195182061210737e-07,2.809843520721291e-07,4.1013955949995514e-08,0.15874426765225239,0.15874426765225244,0.15874426765225236,0.021305859146449124,0.021305859146449117,0.021305859146449117,2.7755575615628914e-17,6.938893903907228e-18,0.0
15.2,2.1,4.970030974615742e-08,1.4683687333572945e-07,1.1752941512646325e-08,4.97022445855494e-08,1.4684258971392056e-07,1.1753399056157149e-08,4.9974018902585934e-08,1.476455322140864e-07,1.1817667220059621e-08,0.11456393815571714,0.11456393815571714,0.11456393815571721,0.006406530429258388,0.006406530429258388,0.00640653042925839,6.938893903907228e-17,1.734723475976807e-18,1.734723475976807e-18
16.0,2.1,2.0159870295921887e-08,5.5994063218182355e-08,5.226702916547713e-09,2.0160760916358168e-08,5.5996536917481034e-08,5.2269338212293165e-09,2.0267694953032257e-08,5.6293546328841955e-08,5.254657831015021e-09,0.12962581521688935,0.12962581521688935,0.12962581521688935,0.008713079262631795,0.008713079262631795,0.008713079262631795,0.0,0.0,0.0
16.8,2.1,9.294449758160438e-09,2.5099727876293256e-08,2.2409390659192233e-09,9.294891817056931e-09,2.510092165949677e-08,2.2410456485654654e-09,9.342728885611277e-09,2.5230106004385992e-08,2.2525794088753075e-09,0.13712269563418436,0.13712269563418442,0.13712269563418436,0.007971169961774199,0.007971169961774204,0.007971169961774202,0.0,3.469446951953614e-18,1.734723475976807e-18
17.6,2.1,3.484410888318046e-09,7.139226485334225e-09,8.222198924376402e-10,3.484526560191978e-09,7.1394634860016125e-09,8.222471876444314e-10,3.5041462588015162e-09,7.179662382296273e-09,8.26876867380101e-10,0.23820803403493518,0.23820803403493515,0.2382080340349353,0.013263973327376865,0.013263973327376862,0.013263973327376862,1.1102230246251565e-16,3.469446951953614e-18,0.0
18.4,2.1,1.794980359023228e-09,1.996930012438708e-09,3.8732741948561017e-10,1.7950266888233063e-09,1.9969815547120153e-09,3.87337416699128e-10,1.8055643572322854e-09,2.008704795137036e-09,3.8961127328576285e-10,0.8079671677376633,0.8079671677376635,0.8079671677376626,0.03762103995312789,0.03762103995312788,0.03762103995312787,6.661338147750939e-16,2.0816681711721685e-17,6.938893903907228e-18
19.200000000000003,2.1,0.0,0.0,0.0,9.999999999999999e-31,9.999999999999999e-31,9.999999999999999e-31,1.0057161736535278e-30,1.0057161736535278e-30,1.0057161736535278e-30,,1.0,1.0,,1.0,1.0,,,0.0
20.0,2.1,0.0,0.0,0.0,9.999999999999999e-31,9.999999999999999e-31,9.999999999999999e-31,1.0055641423643003e-30,1.0055641423643003e-30,1.0055641423643003e-30,,1.0,1.0,,1.0,1.0,,,0.0
4.0,2.29,0.0001802739444999,0.0015165215975457,0.0003259094245271,0.0001802785299666,0.0015165601719461,0.000325917714393,0.0001808438095895,0.0015213154834207,0.0003269396588405,0.014130864224345908,0.014130864224342657,0.014130864224335304,0.04618454181242704,0.046184541812434934,0.04618454181243336,1.0604364608646222e-14,6.321332346459485e-15,1.5751289161869408e-15
4.8,2.29,0.0001970995398219,0.0015692707255705,0.000151366183525,0.0001971049312474,0.0015693136511202,0.0001513703239684,0.0001978730403911,0.0015754291965667,0.0001519602073832,0.01577522180655005,0.01577522180656166,0.01577522180656023,0.00930383448388157,0.009303834483880374,0.00930383448387529,1.0179357357031904e-14,6.2814337065120185e-15,5.0844745080880216e-15
5.6,2.29,0.0001572263181977,0.0013021360377115,5.9510664731866635e-05,0.0001572338978799,0.0013021988120444,5.9513533665810305e-05,0.0001579469310379,0.0013081040967438,5.978341899861353e-05,0.014579336910367648,0.014579336910383007,0.014579336910371474,0.0020887039383429454,0.0020887039383428855,0.0020887039383429185,3.8267999880048365e-15,2.688821387764051e-17,3.2959746043559335e-17
6.4,2.29,0.0001040363024254,0.0006722711687264,2.722592837681373e-05,0.0001040431475971,0.000672315401475,2.7227719733786345e-05,0.0001045575693942,0.000675639538672,2.7362342078831827e-05,0.023948639370147608,0.023948639370125993,0.02394863937014255,0.001640123014288477,0.0016401230142885296,0.0016401230142885628,5.0584536559483695e-15,8.586881206085195e-17,3.3176586478056436e-17
7.2,2.29,7.600618152035305e-05,0.0001209653785345,1.7567928710557628e-05,7.601152317050281e-05,0.000120973879879,1.7569163369728116e-05,7.639680561696515e-05,0.0001215870647022,1.765821684429409e-05,0.39479864318840274,0.39479864318832814,0.39479864318844377,0.021092057337456612,0.02109205733745263,0.021092057337458805,4.1022740759899534e-14,2.192690473634684e-15,6.175615574477433e-15
8.0,2.29,6.313932448353328e-05,8.59108209023412e-05,1.349296893076647e-05,6.314437035383486e-05,8.591768658966556e-05,1.3494047240865049e-05,6.34502040820184e-05,8.633382070042444e-05,1.355940437013616e-05,0.5401372445011338,0.5401372445011338,0.5401372445011338,0.02466716864190396,0.02466716864190397,0.02466716864190396,0.0,0.0,1.0408340855860843e-17
8.8,2.29,2.2146858212243307e-05,5.8482307259025914e-05,7.047750161940811e-06,2.2147784334961786e-05,5.8484752833601886e-05,7.048044880111514e-06,2.227039955333226e-05,5.880853785117203e-05,7.087064474531873e-06,0.1434086191520676,0.14340861915206765,0.1434086191520676,0.014522855093949376,0.014522855093949376,0.014522855093949379,0.0,3.469446951953614e-18,3.469446951953614e-18
9.6,2.29,1.0975147148612467e-05,4.357983826979479e-05,3.956029592150136e-06,1.0975566121958496e-05,4.3581501918619895e-05,3.956180612535809e-06,1.1036307727888313e-05,4.382269315977821e-05,3.978075133609584e-06,0.06342339344471647,0.0634233934447165,0.06342339344471652,0.008240391296980442,0.008240391296980443,0.008240391296980443,5.551115123125783e-17,1.734723475976807e-18,0.0
10.4,2.29,7.422066674332488e-06,2.996797602556297e-05,2.109988126980817e-06,7.422412251868536e-06,2.996937135920381e-05,2.1100863697654767e-06,7.46195653899096e-06,3.0129038780749752e-05,2.12132824887804e-06,0.061338743816723565,0.061338743816723565,0.06133874381672361,0.004957299954374052,0.004957299954374054,0.004957299954374052,4.163336342344337e-17,0.0,1.734723475976807e-18
11.2,2.29,4.5585081660190835e-06,1.6473387671554577e-05,7.956065792357084e-07,4.558752336562354e-06,1.6474270047075422e-05,7.956491948642444e-07,4.582140424709501e-06,1.6558789154843282e-05,7.99731169959589e-07,0.07657370070362951,0.07657370070362951,0.07657370070362951,0.002332549634581483,0.002332549634581483,0.002332549634581484,0.0,8.673617379884035e-19,8.673617379884035e-19
12.0,2.29,2.510495990417262e-06,8.24875376551266e-06,4.859948941395019e-07,2.5106398788285864e-06,8.249226540645247e-06,4.860227488078609e-07,2.5230622141851538e-06,8.290042692489376e-06,4.884275292096719e-07,0.09262802089114647,0.09262802089114644,0.0926280208911464,0.0034712567233919803,0.0034712567233919803,0.0034712567233919803,6.938893903907228e-17,0.0,0.0
12.8,2.29,6.987843054667026e-07,2.049407164373645e-06,2.0546712359160917e-07,6.98805035861979e-07,2.049467962849322e-06,2.0547321905576746e-07,7.028429378871569e-07,2.0613103944475983e-06,2.066605040419463e-07,0.11625985697694644,0.11625985697694648,0.11625985697694648,0.010051437627771645,0.010051437627771645,0.010051437627771644,4.163336342344337e-17,1.734723475976807e-18,1.734723475976807e-18
13.6,2.29,2.232615842182344e-07,5.624665966500286e-07,8.964824685951624e-08,2.2326787256317095e-07,5.624824389812895e-07,8.96507718756366e-08,2.24567625076311e-07,5.657569269551749e-07,9.01726732791506e-08,0.15755584969220177,0.15755584969220182,0.15755584969220182,0.025403299591459372,0.025403299591459365,0.025403299591459365,5.551115123125783e-17,6.938893903907228e-18,0.0
14.4,2.29,1.1131786841462661e-07,2.7939705681149466e-07,4.0786100514704094e-08,1.1132144288010513e-07,2.794060283732807e-07,4.0787410174243655e-08,1.1194923460156953e-07,2.80981724726129e-07,4.1017428738366495e-08,0.15873990255188117,0.15873990255188117,0.15873990255188117,0.021309865889652047,0.021309865889652037,0.021309865889652054,0.0,6.938893903907228e-18,1.734723475976807e-17
15.2,2.29,4.9675710390745035e-08,1.468720582307213e-07,1.1762280000545826e-08,4.9677644367915744e-08,1.4687777626082898e-07,1.1762737930202346e-08,4.9949284169752765e-08,1.476809111627633e-07,1.1827057159527251e-08,0.1143957291829981,0.11439572918299806,0.11439572918299806,0.006413641268614358,0.006413641268614358,0.00641364126861436,4.163336342344337e-17,2.6020852139652106e-18,2.6020852139652106e-18
16.0,2.29,2.0115296034743383e-08,5.610123846147464e-08,5.233258414591782e-09,2.0116185132269028e-08,5.610371814023331e-08,5.2334897249885806e-09,2.0222882735975613e-08,5.640129604803403e-08,5.261248507730322e-09,0.12856062041574684,0.12856062041574684,0.12856062041574684,0.008701606974262192,0.008701606974262198,0.008701606974262194,0.0,1.734723475976807e-18,3.469446951953614e-18
16.8,2.29,9.393468799889236e-09,2.4786835692657357e-08,2.255561372702997e-09,9.393914019938668e-09,2.4788010508526493e-08,2.2556682790192096e-09,9.442260715931492e-09,2.4915584425615692e-08,2.267277296124852e-09,0.14361831219340362,0.14361831219340362,0.14361831219340354,0.008280701339727706,0.008280701339727707,0.008280701339727707,8.326672684688674e-17,1.734723475976807e-18,0.0
17.6,2.29,3.4844108883180453e-09,7.139226485334225e-09,8.222198924376402e-10,3.484526560191978e-09,7.1394634860016125e-09,8.222471876444314e-10,3.504146258801515e-09,7.179662382296273e-09,8.26876867380101e-10,0.2382080340349351,0.23820803403493515,0.23820803403493515,0.013263973327376865,0.013263973327376862,0.013263973327376862,5.551115123125783e-17,3.469446951953614e-18,0.0
18.4,2.29,1.794980359023228e-09,1.996930012438708e-09,3.8732741948561017e-10,1.7950266888233063e-09,1.9969815547120153e-09,3.87337416699128e-10,1.8055643572322854e-09,2.008704795137036e-09,3.8961127328576285e-10,0.8079671677376633,0.8079671677376635,0.8079671677376626,0.03762103995312789,0.03762103995312788,0.03762103995312787,6.661338147750939e-16,2.0816681711721685e-17,6.938893903907228e-18
19.200000000000003,2.29,0.0,0.0,0.0,9.999999999999999e-31,9.999999999999999e-31,9.999999999999999e-31,1.0057161736535278e-30,1.0057161736535278e-30,1.0057161736535278e-30,,1.0,1.0,,1.0,1.0,,,0.0
20.0,2.29,0.0,0.0,0.0,9.999999999999999e-31,9.999999999999999e-31,9.999999999999999e-31,1.0055641423643003e-30,1.0055641423643003e-30,1.0055641423643003e-30,,1.0,1.0,,1.0,1.0,,,0.0
4.0,2.4800000000000004,0.000181880221434,0.0015198330466008,0.0003243748766724,0.0001818848517437,0.0015198717385361,0.0003243831346135,0.0001824551681338,0.001524637433727,0.0003254002672474,0.014321192479166201,0.014321192479159774,0.014321192479168495,0.045551496917154925,0.04555149691716224,0.04555149691715685,2.293304435241339e-15,1.9220736113823023e-15,5.3915205633359164e-15
4.8,2.4800000000000004,0.0001972347271208,0.0015693552359671,0.0001513064723229,0.000197240122277,0.0015693981640901,0.0001513106111582,0.0001980087582541,0.0015755140388799,0.0001519002618749,0.015795167863318183,0.01579516786331875,0.015795167863312993,0.009295494332333938,0.009295494332333485,0.009295494332335962,5.190292640122607e-15,2.024422296464934e-15,2.4771851236948805e-15
5.6,2.4800000000000004,0.0001572340714174,0.001302131195698,5.95087694011172e-05,0.0001572416514229,0.0013021939693802,5.95116382246204e-05,0.0001579547197422,0.0013080992321189,5.978151496186989e-05,0.014580883270635,0.014580883270634275,0.01458088327063842,0.0020885864287663327,0.0020885864287663305,0.0020885864287660864,3.4208746946262636e-15,2.463307335887066e-16,2.441623292437356e-16
6.4,2.4800000000000004,0.0001040366924901,0.00067227065881,2.722585510163153e-05,0.0001040435376809,0.0006723148914823,2.722764645205141e-05,0.0001045579614067,0.0006756390261577,2.7362268434769123e-05,0.02394885528270038,0.023948855282702224,0.023948855282723204,0.0016401166739780947,0.0016401166739781188,0.001640116673978332,2.2825491496902828e-14,2.3722343533982837e-16,2.1315414711065017e-16
7.2,2.4800000000000004,7.600620508195545e-05,0.0001209653670688,1.7567924450041457e-05,7.601154673328582e-05,0.0001209738684117,1.756915910880266e-05,7.639682929918171e-05,0.0001215870531768,1.7658212561771122e-05,0.39479896280235244,0.3947989628025243,0.3947989628024794,0.021092051105524142,0.02109205110553332,0.02109205110553092,1.2695400286588665e-13,6.779299344117362e-15,2.3973878437999474e-15
8.0,2.4800000000000004,6.313932625028321e-05,8.59108199667477e-05,1.3492968614758653e-05,6.31443721206844e-05,8.591768565394071e-05,1.3494046924823088e-05,6.34502058574255e-05,8.63338197601675e-05,1.355940405256348e-05,0.5401372864936246,0.5401372864936245,0.5401372864936242,0.024667168023749787,0.024667168023749787,0.024667168023749776,3.3306690738754696e-16,1.0408340855860843e-17,1.0408340855860843e-17
8.8,2.4800000000000004,2.2146858270532902e-05,5.848230718768981e-05,7.047750146085177e-06,2.2147784393253004e-05,5.848475276226066e-05,7.048044864254958e-06,2.2270399611946193e-05,5.880853777943584e-05,7.087064458587532e-06,0.14340862025681514,0.14340862025681508,0.14340862025681508,0.014522855064033611,0.014522855064033611,0.014522855064033615,5.551115123125783e-17,3.469446951953614e-18,3.469446951953614e-18
9.6,2.4800000000000004,1.0975147142501783e-05,4.3579838309926065e-05,3.9560295877021215e-06,1.0975566115847782e-05,4.358150195875352e-05,3.956180608087699e-06,1.103630772174378e-05,4.382269320013395e-05,3.978075129136856e-06,0.06342339325728225,0.06342339325728225,0.06342339325728225,0.00824039126327343,0.00824039126327343,0.008240391263273427,0.0,3.469446951953614e-18,3.469446951953614e-18
10.4,2.4800000000000004,7.422066686678523e-06,2.996797598611787e-05,2.1099881278010496e-06,7.422412264214878e-06,2.9969371319755794e-05,2.1100863705856706e-06,7.461956551403078e-06,3.012903874109157e-05,2.121328249702604e-06,0.06133874418226132,0.06133874418226132,0.06133874418226132,0.004957299971278242,0.00495729997127824,0.00495729997127824,0.0,1.734723475976807e-18,0.0
11.2,2.4800000000000004,4.558508082537998e-06,1.6473387832136306e-05,7.956066050852777e-07,4.558752253077912e-06,1.6474270207669785e-05,7.95649220715393e-07,4.582140340796753e-06,1.6558789316261555e-05,7.997311959433636e-07,0.0765736964061305,0.07657369640613047,0.07657369640613047,0.0023325497406772393,0.002332549740677239,0.002332549740677239,2.7755575615628914e-17,4.336808689942018e-19,0.0
12.0,2.4800000000000004,2.51049571798009e-06,8.248755831060166e-06,4.859946604585267e-07,2.510639606390702e-06,8.249228606360103e-06,4.860225151163771e-07,2.5230619403992804e-06,8.290044768425133e-06,4.884272943619114e-07,0.09262795439787554,0.09262795439787554,0.09262795439787554,0.0034712516467701503,0.00347125164677015,0.003471251646770149,0.0,1.3010426069826053e-18,8.673617379884035e-19
12.8,2.4800000000000004,6.987841025928219e-07,2.049408911684897e-06,2.054666840789879e-07,6.988048329903242e-07,2.0494697102365903e-06,2.054727795325316e-07,7.028427338432498e-07,2.061312151931787e-06,2.066600619790153e-07,0.11625959122646323,0.11625959122646323,0.11625959122646323,0.010051377486477144,0.010051377486477144,0.01005137748647714,0.0,3.469446951953614e-18,3.469446951953614e-18
13.6,2.4800000000000004,2.2326194978907245e-07,5.624667345886857e-07,8.964752703803288e-08,2.2326823814693626e-07,5.624825769304591e-07,8.965005203493516e-08,2.2456799278831985e-07,5.657570657074147e-07,9.017194924790105e-08,0.15755628838194227,0.15755628838194233,0.15755628838194233,0.02540287918712776,0.02540287918712775,0.02540287918712776,5.551115123125783e-17,0.0,1.0408340855860843e-17
14.4,2.4800000000000004,1.1131775215698985e-07,2.794000179578865e-07,4.0785166673063826e-08,1.1132132663196372e-07,2.794089896479588e-07,4.0786476307464044e-08,1.1194911769785257e-07,2.809847027007679e-07,4.101648960509177e-08,0.1587362062839976,0.15873620628399757,0.1587362062839976,0.021308438405467544,0.02130843840546755,0.021308438405467544,0.0,0.0,6.938893903907228e-18
15.2,2.4800000000000004,4.9677475950648454e-08,1.4687159898936168e-07,1.1760452108471811e-08,4.9679410007507666e-08,1.4687731703396865e-07,1.1760909969557392e-08,4.9951059463948775e-08,1.4768044942482794e-07,1.1825219203503617e-08,0.11440457641029539,0.11440457641029546,0.11440457641029535,0.006411688123206989,0.006411688123206989,0.006411688123206987,4.163336342344337e-17,2.6020852139652106e-18,2.6020852139652106e-18
16.0,2.4800000000000004,2.014453801101653e-08,5.599354655929196e-08,5.237878715422869e-09,2.0145427913087594e-08,5.59960201217545e-08,5.238110103162527e-09,2.0252280622477417e-08,5.629302679199602e-08,5.265893392701961e-09,0.12943110880018002,0.12943110880018005,0.12943110880018002,0.008750541401868064,0.008750541401868064,0.00875054140186806,0.0,3.469446951953614e-18,3.469446951953614e-18
16.8,2.4800000000000004,9.337349222530798e-09,2.5043653789138157e-08,2.235932692419441e-09,9.337792990972253e-09,2.5044844018072034e-08,2.2360389577354822e-09,9.385850854608246e-09,2.517373975390264e-08,2.2475469506219716e-09,0.13901184943513392,0.1390118494351339,0.1390118494351339,0.007971169961774199,0.007971169961774202,0.007971169961774199,2.7755575615628914e-17,0.0,3.469446951953614e-18
17.6,2.4800000000000004,3.484410888318046e-09,7.139226485334225e-09,8.222198924376402e-10,3.484526560191978e-09,7.1394634860016125e-09,8.222471876444314e-10,3.5041462588015162e-09,7.179662382296273e-09,8.26876867380101e-10,0.23820803403493518,0.23820803403493515,0.2382080340349353,0.013263973327376865,0.013263973327376862,0.013263973327376862,1.1102230246251565e-16,3.469446951953614e-18,0.0
18.4,2.4800000000000004,1.794980359023228e-09,1.996930012438708e-09,3.8732741948561017e-10,1.7950266888233063e-09,1.9969815547120153e-09,3.87337416699128e-10,1.8055643572322854e-09,2.008704795137036e-09,3.8961127328576285e-10,0.8079671677376633,0.8079671677376635,0.8079671677376626,0.03762103995312789,0.03762103995312788,0.03762103995312787,6.661338147750939e-16,2.0816681711721685e-17,6.938893903907228e-18
19.200000000000003,2.4800000000000004,0.0,0.0,0.0,9.999999999999999e-31,9.999999999999999e-31,9.999999999999999e-31,1.0057161736535278e-30,1.0057161736535278e-30,1.0057161736535278e-30,,1.0,1.0,,1.0,1.0,,,0.0
20.0,2.4800000000000004,0.0,0.0,0.0,9.999999999999999e-31,9.999999999999999e-31,9.999999999999999e-31,1.0055641423643003e-30,1.0055641423643003e-30,1.0055641423643003e-30,,1.0,1.0,,1.0,1.0,,,0.0
4.0,2.6700000000000004,0.0001834888120595,0.0015230826335008,0.0003228518417737,0.0001834934872406,0.0015231214407013,0.0003228600678383,0.0001840688476526,0.001527897325627,0.0003238724247587,0.014513502947951937,0.014513502947954303,0.014513502947951342,0.04493239872028203,0.044932398720278155,0.044932398720278925,5.950101522600448e-16,3.101685575046531e-15,7.7021722333370235e-16
4.8,2.6700000000000004,0.000197369924518,0.0015694394316102,0.000151246801895,0.0001973753234045,0.0015694823622916,0.0001512509391227,0.0001981444862544,0.001575598565198,0.0001518403573001,0.015815132333644417,0.015815132333645694,0.015815132333644646,0.009287167550704661,0.009287167550706616,0.009287167550705475,2.2898349882893854e-16,8.135853102331225e-16,1.141448047192739e-15
5.6,2.6700000000000004,0.0001572418245675,0.0013021263525643,5.950687418721459e-05,0.0001572494048964,0.0013021891255958,5.950974290028237e-05,0.0001579625083766,0.0013080943663685,5.977961104250804e-05,0.014582429736587674,0.014582429736589825,0.014582429736598887,0.0020884689334165715,0.002088468933416338,0.002088468933416519,1.1213252548714081e-14,5.2475385148298415e-17,1.8084492237058214e-16
6.4,2.6700000000000004,0.0001040370825539,0.0006722701488916,2.7225781826902705e-05,0.0001040439277638,0.0006723143814876,2.7227573170769905e-05,0.0001045583534182,0.0006756385136414,2.7362194791162085e-05,0.023949071196282118,0.023949071196307486,0.023949071196288405,0.0016401103337347317,0.0016401103337347288,0.0016401103337350727,6.286637876939949e-15,3.410900034639397e-16,3.43908929112402e-16
7.2,2.6700000000000004,7.600622864338473e-05,0.0001209653556031,1.756792018956085e-05,7.601157029589567e-05,0.0001209738569445,1.756915484791277e-05,7.639685298122425e-05,0.0001215870416515,1.76582082792839e-05,0.39479928241469353,0.39479928241445916,0.394799282414257,0.02109204487367681,0.02109204487366428,0.021092044873653487,4.3653969328261155e-13,2.3321622411032195e-14,1.0793449467527694e-14
8.0,2.6700000000000004,6.313932801633746e-05,8.591081903113288e-05,1.3492968299093392e-05,6.31443738868382e-05,8.591768471819455e-05,1.3494046609123714e-05,6.34502076321335e-05,8.633381881988915e-05,1.3559403735335049e-05,0.5401373284744831,0.540137328474483,0.5401373284744828,0.024667167406860337,0.024667167406860337,0.024667167406860327,3.3306690738754696e-16,1.0408340855860843e-17,1.0408340855860843e-17
8.8,2.6700000000000004,2.2146858335423456e-05,5.848230710570905e-05,7.047750129323704e-06,2.2147784458145347e-05,5.848475268027402e-05,7.04804484749249e-06,2.2270399677197796e-05,5.880853769699531e-05,7.087064441732263e-06,0.1434086214992547,0.1434086214992547,0.1434086214992547,0.014522855035671398,0.014522855035671398,0.014522855035671398,0.0,0.0,0.0
9.6,2.6700000000000004,1.0975147146615624e-05,4.3579838298163136e-05,3.956029587259143e-06,1.0975566119961713e-05,4.3581501946989874e-05,3.9561806076446784e-06,1.1036307725880475e-05,4.382269318830519e-05,3.978075128691384e-06,0.06342339333906662,0.06342339333906662,0.06342339333906659,0.008240391265876425,0.008240391265876421,0.008240391265876425,2.7755575615628914e-17,0.0,3.469446951953614e-18
10.4,2.6700000000000004,7.4220666266363025e-06,2.9967976141729828e-05,2.1099881418428763e-06,7.422412204170865e-06,2.996937147537905e-05,2.1100863846284367e-06,7.46195649103917e-06,3.012903889754394e-05,2.1213282638201854e-06,0.06133874255282234,0.061338742552822324,0.061338742552822324,0.004957299985776593,0.004957299985776593,0.004957299985776593,1.3877787807814457e-17,0.0,0.0
11.2,2.6700000000000004,4.558508269691014e-06,1.6473387263908685e-05,7.956065931607407e-07,4.5587524402368615e-06,1.6474269639396943e-05,7.956492087895034e-07,4.582140528915897e-06,1.6558788745073262e-05,7.997311839562897e-07,0.07657370797632979,0.07657370797632979,0.07657370797632979,0.002332549831673226,0.002332549831673226,0.002332549831673226,0.0,0.0,0.0
12.0,2.6700000000000004,2.510495908428932e-06,8.248754552295914e-06,4.859947975769274e-07,2.510639796841102e-06,8.249227327491814e-06,4.860226522408253e-07,2.5230621317920054e-06,8.290043483229162e-06,4.884274321648346e-07,0.09262799717091191,0.09262799717091191,0.09262799717091187,0.003471254681789581,0.00347125468178958,0.00347125468178958,4.163336342344337e-17,8.673617379884035e-19,0.0
12.8,2.6700000000000004,6.987846283852094e-07,2.049405815783449e-06,2.0546716650296852e-07,6.988053587852356e-07,2.049466614204953e-06,2.0547326196697967e-07,7.028432626763595e-07,2.0613090380103635e-06,2.0666054720111217e-07,0.11626011743512428,0.11626011743512428,0.11626011743512428,0.010051455054711602,0.010051455054711606,0.010051455054711606,0.0,3.469446951953614e-18,0.0
13.6,2.6700000000000004,2.232609622322112e-07,5.62464405988497e-07,8.964987572463279e-08,2.2326725054864674e-07,5.624802482303883e-07,8.965240078222157e-08,2.2456699944073313e-07,5.657547234508311e-07,9.017431166840499e-08,0.15755619910020144,0.15755619910020144,0.1575561991002015,0.025404420617958882,0.025404420617958882,0.025404420617958893,5.551115123125783e-17,1.0408340855860843e-17,1.0408340855860843e-17
14.4,2.6700000000000004,1.1131761379376523e-07,2.7940246074760616e-07,4.0784351550911214e-08,1.1132118827564216e-07,2.794114325445957e-07,4.0785661163294314e-08,1.1194897856127741e-07,2.809871593739985e-07,4.101566986395718e-08,0.15873303606682299,0.15873303606682293,0.1587330360668229,0.021307214104857666,0.021307214104857666,0.02130721410485766,8.326672684688674e-17,6.938893903907228e-18,6.938893903907228e-18
15.2,2.6700000000000004,4.9679824267115945e-08,1.468736710793825e-07,1.1759081869337931e-08,4.968175842478866e-08,1.46879389232416e-07,1.1759539679299161e-08,4.995342072249093e-08,1.476825329541583e-07,1.1823841420430881e-08,0.11441216444484875,0.1144121644448488,0.11441216444484871,0.006410013258777164,0.006410013258777164,0.006410013258777159,4.163336342344337e-17,4.336808689942018e-18,4.336808689942018e-18
16.0,2.6700000000000004,2.014448588713063e-08,5.600629786329342e-08,5.235305944933229e-09,2.0145375848498245e-08,5.6008772160315486e-08,5.235537235027439e-09,2.0252228281733973e-08,5.6305846468230236e-08,5.2633068779006274e-09,0.1293715092310784,0.12937150923107837,0.12937150923107837,0.008737967019146243,0.008737967019146243,0.008737967019146248,2.7755575615628914e-17,5.204170427930421e-18,5.204170427930421e-18
16.8,2.6700000000000004,9.324480311993152e-09,2.4949645705093543e-08,2.2640565595175412e-09,9.324922956150305e-09,2.495083009441336e-08,2.2641640369719407e-09,9.372914582895093e-09,2.5079241978403664e-08,2.2758167783256543e-09,0.1396755875519239,0.13967558755192397,0.13967558755192397,0.008234662008347224,0.008234662008347222,0.008234662008347222,5.551115123125783e-17,1.734723475976807e-18,0.0
17.6,2.6700000000000004,3.484410888318046e-09,7.139226485334223e-09,8.222198924376402e-10,3.484526560191978e-09,7.139463486001611e-09,8.222471876444314e-10,3.5041462588015162e-09,7.179662382296271e-09,8.26876867380101e-10,0.2382080340349353,0.23820803403493523,0.23820803403493546,0.013263973327376872,0.013263973327376869,0.013263973327376872,1.6653345369377348e-16,0.0,3.469446951953614e-18
18.4,2.6700000000000004,1.794980359023228e-09,1.996930012438708e-09,3.8732741948561017e-10,1.7950266888233063e-09,1.9969815547120153e-09,3.87337416699128e-10,1.8055643572322854e-09,2.008704795137036e-09,3.8961127328576285e-10,0.8079671677376633,0.8079671677376635,0.8079671677376626,0.03762103995312789,0.03762103995312788,0.03762103995312787,6.661338147750939e-16,2.0816681711721685e-17,6.938893903907228e-18
19.200000000000003,2.6700000000000004,0.0,0.0,0.0,9.999999999999999e-31,9.999999999999999e-31,9.999999999999999e-31,1.0057161736535278e-30,1.0057161736535278e-30,1.0057161736535278e-30,,1.0,1.0,,1.0,1.0,,,0.0
20.0,2.6700000000000004,0.0,0.0,0.0,9.999999999999999e-31,9.999999999999999e-31,9.999999999999999e-31,1.0055641423643003e-30,1.0055641423643003e-30,1.0055641423643003e-30,,1.0,1.0,,1.0,1.0,,,0.0
4.0,2.8600000000000003,0.0001850996495486,0.0015262709431112,0.0003213404080638,0.0001851043696258,0.0015263098633178,0.0003213486023068,0.0001856847811051,0.0015310957458309,0.0003223562198905,0.014707806937287075,0.01470780693729515,0.014707806937289751,0.044326905017392365,0.044326905017378064,0.0443269050173897,2.6766783234322133e-15,2.6645352591003757e-15,1.1636525076852422e-14
4.8,2.8600000000000003,0.0001975051319484,0.0015695233127737,0.0001511871722422,0.0001975105345646,0.0015695662459983,0.0001511913078628,0.0001982802243264,0.0015756827757958,0.0001517804936598,0.01583511522365787,0.01583511522364625,0.015835115223649027,0.009278854116361887,0.009278854116371426,0.009278854116365741,8.843620280529763e-15,3.854555563620465e-15,5.684688830775997e-15
5.6,2.8600000000000003,0.000157249577648,0.0013021215083105,5.950497909015321e-05,0.0001572571583003,0.0013021842806911,5.9507847692790614e-05,0.000157970296941,0.0013080894994929,5.977770724052234e-05,0.014583976308231467,0.014583976308241375,0.014583976308235757,0.0020883514522918446,0.002088351452291733,0.0020883514522917618,4.289971156090644e-15,8.283304597789254e-17,2.862293735361732e-17
6.4,2.8600000000000003,0.000104037472617,0.000672269638971,2.72257085526094e-05,0.0001040443178459,0.0006723138714907,2.722749988992395e-05,0.000104558745429,0.0006756380011229,2.736212114799275e-05,0.023949287110999168,0.023949287111002044,0.02394928711098977,0.001640103993557212,0.0016401039935571803,0.001640103993557603,9.398731792842341e-15,3.909633033982729e-16,4.2262200683484963e-16
7.2,2.8600000000000003,7.600625220486701e-05,0.0001209653441375,1.7567915929035053e-05,7.601159385855852e-05,0.0001209738454773,1.7569150586977686e-05,7.639687666332005e-05,0.0001215870301262,1.7658203996751257e-05,0.3947996020271224,0.39479960202713443,0.394799602026775,0.02109203864168583,0.021092038641686465,0.02109203864166726,3.473887844052115e-13,1.8568480086855743e-14,1.9203388879063255e-14
8.0,2.8600000000000003,6.313932978333899e-05,8.59108180948319e-05,1.3492967983253391e-05,6.314437565393936e-05,8.591768378176214e-05,1.3494046293249583e-05,6.345020940779344e-05,8.63338178789212e-05,1.3559403417931012e-05,0.5401373704801796,0.5401373704801798,0.5401373704801798,0.02466716678972601,0.02466716678972601,0.02466716678972601,2.220446049250313e-16,0.0,0.0
8.8,2.8600000000000003,2.214685839297915e-05,5.8482307040463055e-05,7.047750111672346e-06,2.214778451570269e-05,5.8484752615023306e-05,7.0480448298401525e-06,2.227039973507379e-05,5.880853763138335e-05,7.087064423982198e-06,0.14340862256462966,0.14340862256462966,0.14340862256462966,0.01452285499533026,0.014522854995330256,0.01452285499533026,0.0,0.0,3.469446951953614e-18
9.6,2.8600000000000003,1.097514715022593e-05,4.357983828813408e-05,3.95602958689054e-06,1.0975566123572094e-05,4.358150193696019e-05,3.95618060727604e-06,1.103630772951084e-05,4.3822693178220005e-05,3.978075128320706e-06,0.06342339340998453,0.06342339340998455,0.06342339340998453,0.008240391268133562,0.008240391268133564,0.008240391268133564,0.0,1.734723475976807e-18,0.0
10.4,2.8600000000000003,7.422066638616725e-06,2.9967976092161507e-05,2.10998814102839e-06,7.422412216151564e-06,2.9969371425807283e-05,2.110086383813833e-06,7.461956503083699e-06,3.012903884770807e-05,2.121328263001242e-06,0.061338742953757575,0.06133874295375758,0.06133874295375758,0.004957299998348589,0.004957299998348589,0.0049572999983485905,6.938893903907228e-18,1.734723475976807e-18,1.734723475976807e-18
11.2,2.8600000000000003,4.558508237569585e-06,1.647338760064315e-05,7.956065609638946e-07,4.558752408115926e-06,1.6474269976157443e-05,7.956491765913189e-07,4.58214049663017e-06,1.655878908356147e-05,7.997311515929167e-07,0.07657370376667552,0.07657370376667552,0.07657370376667552,0.0023325495475247328,0.002332549547524733,0.002332549547524733,0.0,4.336808689942018e-19,0.0
12.0,2.8600000000000003,2.5104955122388165e-06,8.248755747682928e-06,4.859948078107491e-07,2.5106394006374553e-06,8.249228522977492e-06,4.860226624770099e-07,2.5230617336279924e-06,8.290044684629955e-06,4.884274424516665e-07,0.09262794108824043,0.09262794108824043,0.09262794108824043,0.003471253821891929,0.0034712538218919283,0.0034712538218919283,0.0,8.673617379884035e-19,0.0
12.8,2.8600000000000003,6.987844310137842e-07,2.049407420527687e-06,2.054667825359897e-07,6.988051614154252e-07,2.0494682190187068e-06,2.0547287799080634e-07,7.02843064166088e-07,2.0613106520972057e-06,2.0666016100621106e-07,0.11625986969011458,0.11625986969011454,0.11625986969011454,0.010051401746327968,0.010051401746327963,0.01005140174632796,4.163336342344337e-17,8.673617379884035e-18,3.469446951953614e-18
13.6,2.8600000000000003,2.2326133162687658e-07,5.624646990331373e-07,8.964914776742822e-08,2.2326761995672735e-07,5.624805412908679e-07,8.965167280572254e-08,2.2456737099932057e-07,5.657550182173603e-07,9.017357945399537e-08,0.15755655629300955,0.1575565562930096,0.15755655629300963,0.025403981580704414,0.025403981580704414,0.02540398158070443,8.326672684688674e-17,1.734723475976807e-17,1.734723475976807e-17
14.4,2.8600000000000003,1.1131574477949525e-07,2.79400188998256e-07,4.0787004209623966e-08,1.1131931918746976e-07,2.794091606874417e-07,4.078831390209731e-08,1.1194709893247554e-07,2.809848747048194e-07,4.1018337562748284e-08,0.15873028705992331,0.15873028705992331,0.15873028705992326,0.02131033242011451,0.021310332420114503,0.02131033242011451,5.551115123125783e-17,0.0,6.938893903907228e-18
15.2,2.8600000000000003,4.9681081829448864e-08,1.4687316568925102e-07,1.175770940512832e-08,4.9683016044218694e-08,1.468788838466644e-07,1.1758167163581908e-08,4.995468521864585e-08,1.4768202480493254e-07,1.1822461399730208e-08,0.11441874425148942,0.11441874425148942,0.11441874425148942,0.006408561156917699,0.006408561156917701,0.006408561156917701,0.0,2.6020852139652106e-18,0.0
16.0,2.8600000000000003,2.0144425275140493e-08,5.6017300783413826e-08,5.233073247952434e-09,2.0145315287164657e-08,5.6019775714844104e-08,5.2333044532636005e-09,2.0252167399178986e-08,5.631690838635478e-08,5.261062253311608e-09,0.12931991369465848,0.12931991369465853,0.12931991369465853,0.00872708630042043,0.008727086300420434,0.00872708630042043,5.551115123125783e-17,0.0,3.469446951953614e-18
16.8,2.8600000000000003,9.280470634419696e-09,2.5161429443196977e-08,2.2464478687390972e-09,9.280912223298342e-09,2.5162626689312033e-08,2.246554760558959e-09,9.328677344508044e-09,2.5292128605163828e-08,2.2581168740517428e-09,0.13604086399651988,0.13604086399651988,0.13604086399651988,0.007971169961774204,0.007971169961774199,0.007971169961774204,0.0,0.0,5.204170427930421e-18
17.6,2.8600000000000003,3.329991347132176e-09,7.391405161058225e-09,8.512631401977155e-10,3.330102675535056e-09,7.391652270808923e-09,8.51291599660804e-10,3.3488528872795203e-09,7.433271121253783e-09,8.560848145569061e-10,0.20297015917769617,0.20297015917769629,0.20297015917769623,0.013263973327376865,0.013263973327376869,0.013263973327376865,5.551115123125783e-17,0.0,3.469446951953614e-18
18.4,2.8600000000000003,1.794980359023228e-09,1.996930012438708e-09,3.8732741948561017e-10,1.7950266888233063e-09,1.996981554712015e-09,3.87337416699128e-10,1.8055643572322854e-09,2.0087047951370356e-09,3.8961127328576285e-10,0.8079671677376633,0.8079671677376636,0.8079671677376631,0.03762103995312789,0.0376210399531279,0.03762103995312788,2.220446049250313e-16,1.3877787807814457e-17,2.0816681711721685e-17
19.200000000000003,2.8600000000000003,1.860306469084913e-09,2.063041699959558e-09,3.88760954464617e-10,1.8603601488744241e-09,2.0631012297445947e-09,3.887721722970293e-10,1.870994290543493e-09,2.074894274638621e-09,3.909944615455383e-10,0.8131168853592969,0.8131168853592967,0.8131168853592969,0.03550988506625647,0.03550988506625646,0.03550988506625646,0.0,1.3877787807814457e-17,0.0
20.0,2.8600000000000003,0.0,0.0,0.0,9.999999999999999e-31,9.999999999999999e-31,9.999999999999999e-31,1.0055641423643003e-30,1.0055641423643003e-30,1.0055641423643003e-30,,1.0,1.0,,1.0,1.0,,,0.0
4.0,3.0500000000000003,0.0001867126678764,0.0015293985637984,0.0003198406565086,0.0001867174328709,0.0015294375947636,0.0003198488189915,0.0001873029022558,0.0015342332845612,0.000320851733869,0.014904115686696626,0.014904115686707329,0.01490411568670693,0.04373468273637458,0.0437346827363908,0.04373468273638799,1.0304257447302234e-14,1.3405943022348765e-14,2.8102520310824275e-15
4.8,3.0500000000000003,0.0001976403493467,0.0015696068797313,0.0001511275833656,0.0001976457556922,0.0015696498154843,0.0001511317173794,0.0001984159724047,0.0015757666709483,0.000151720670955,0.015855116539444544,0.01585511653943111,0.015855116539432775,0.009270554006752398,0.009270554006745403,0.009270554006748009,1.176836406102666e-14,4.388850394221322e-15,2.6055546609171643e-15
5.6,3.0500000000000003,0.0001572573306589,0.0013021166629367,5.9503084109928965e-05,0.0001572649116345,0.0013021794346663,5.950595260214105e-05,0.0001579780854355,0.0013080846314921,5.977580355590869e-05,0.01458552298557216,0.014585522985573914,0.014585522985575508,0.002088233985390443,0.002088233985390483,0.0020882339853904256,3.3480163086352377e-15,1.734723475976807e-17,5.724587470723463e-17
6.4,3.0500000000000003,0.000104037862679,0.0006722691290486,2.722563527875625e-05,0.000104044707927,0.000672313361492,2.7227426609518184e-05,0.0001045591374388,0.0006756374886027,2.736204750526579e-05,0.02394950302663887,0.023949503026665354,0.02394950302665442,0.001640097653444142,0.0016400976534440823,0.0016400976534440548,1.55500612386561e-14,8.716985466783456e-17,2.7538735181131813e-17
7.2,3.0500000000000003,7.600627576635856e-05,0.0001209653326717,1.7567911668568938e-05,7.601161742123064e-05,0.00012097383401,1.7569146326102287e-05,7.639690034542516e-05,0.0001215870186007,1.76581997142786e-05,0.39479992164114325,0.3947999216407487,0.39479992164087785,0.021092032409907646,0.021092032409886573,0.021092032409893473,2.6539881403664367e-13,1.4172690798730514e-14,6.900729987435739e-15
8.0,3.0500000000000003,6.313933154975131e-05,8.59108171586698e-05,1.349296766770325e-05,6.314437742045123e-05,8.591768284546863e-05,1.3494045977665336e-05,6.345021118286126e-05,8.633381693809286e-05,1.3559403100818262e-05,0.5401374124740516,0.5401374124740514,0.5401374124740514,0.024667166173571745,0.024667166173571745,0.024667166173571734,1.1102230246251565e-16,1.0408340855860843e-17,1.0408340855860843e-17
8.8,3.0500000000000003,2.214685845572753e-05,5.848230696335134e-05,7.0477500947404865e-06,2.2147784578452818e-05,5.848475253790604e-05,7.048044812907306e-06,2.2270399798171313e-05,5.8808537553839146e-05,7.087064406955607e-06,0.14340862375544716,0.14340862375544722,0.14340862375544716,0.014522854963847583,0.014522854963847583,0.014522854963847583,0.0,0.0,0.0
9.6,3.0500000000000003,1.097514716161622e-05,4.3579838239086545e-05,3.956029589534321e-06,1.097556613496255e-05,4.358150188790971e-05,3.956180609919824e-06,1.1036307740964331e-05,4.382269312889807e-05,3.978075130979121e-06,0.06342339368439089,0.06342339368439089,0.06342339368439086,0.008240391297696053,0.008240391297696053,0.008240391297696053,2.7755575615628914e-17,0.0,0.0
10.4,3.0500000000000003,7.422066650879911e-06,2.996797605593746e-05,2.1099881408201052e-06,7.4224122284150734e-06,2.9969371389580548e-05,2.1100863836054674e-06,7.461956515412544e-06,3.012903881128833e-05,2.1213282627917663e-06,0.061338743304740186,0.06133874330474017,0.061338743304740186,0.004957300009354238,0.004957300009354238,0.004957300009354238,0.0,0.0,0.0
11.2,3.0500000000000003,4.558508157061265e-06,1.64733877061025e-05,7.956065816946357e-07,4.558752327604249e-06,1.6474270081625892e-05,7.95649197323337e-07,4.582140415705437e-06,1.655878918957101e-05,7.997311724312977e-07,0.07657370008150301,0.07657370008150298,0.07657370008150298,0.002332549639215962,0.0023325496392159616,0.0023325496392159616,2.7755575615628914e-17,4.336808689942018e-19,0.0
12.0,3.0500000000000003,2.510495662816609e-06,8.24875453828118e-06,4.859949130600825e-07,2.5106395512156975e-06,8.249227313479548e-06,4.860227677307921e-07,2.523061884951277e-06,8.290043469147564e-06,4.884275482262313e-07,0.09262797936129556,0.09262797936129556,0.09262797936129559,0.0034712563432795687,0.0034712563432795687,0.0034712563432795687,2.7755575615628914e-17,0.0,0.0
12.8,3.0500000000000003,6.987840444124497e-07,2.0494081982394568e-06,2.054669557233347e-07,6.98804774804778e-07,2.0494689967598726e-06,2.054730511839233e-07,7.028426753214903e-07,2.06131143433239e-06,2.0666033520008906e-07,0.1162596528122451,0.1162596528122451,0.11625965281224505,0.010051411062282583,0.010051411062282583,0.010051411062282583,4.163336342344337e-17,0.0,0.0
13.6,3.0500000000000003,2.2326174268397465e-07,5.624651764779447e-07,8.96485457214287e-08,2.2326803102803885e-07,5.624810187557631e-07,8.965107074382426e-08,2.2456778446368115e-07,5.657554984618145e-07,9.017297388719753e-08,0.15755686898080953,0.15755686898080953,0.1575568689808096,0.025403597249520054,0.025403597249520054,0.025403597249520054,5.551115123125783e-17,0.0,0.0
14.4,3.0500000000000003,1.1131574868254141e-07,2.794023168151319e-07,4.0786176189560655e-08,1.1131932310073265e-07,2.794112885979724e-07,4.078748585914334e-08,1.119471028678071e-07,2.809870146155954e-07,4.101750485008739e-08,0.15872788054660836,0.15872788054660827,0.15872788054660827,0.021309142615939518,0.021309142615939507,0.021309142615939507,8.326672684688674e-17,1.0408340855860843e-17,0.0
15.2,3.0500000000000003,4.968291868509314e-08,1.468748991201615e-07,1.1756682147134828e-08,4.96848529784972e-08,1.4688061736611217e-07,1.1757139867279551e-08,4.9956532197371294e-08,1.4768376780334986e-07,1.1821428486121161e-08,0.1144245042579542,0.11442450425795427,0.11442450425795422,0.006407290146596375,0.006407290146596377,0.006407290146596377,2.7755575615628914e-17,1.734723475976807e-18,0.0
16.0,3.0500000000000003,2.0144386751795708e-08,5.6026964667139175e-08,5.2311242070818925e-09,2.0145276808746097e-08,5.6029440155220574e-08,5.231355338389895e-09,2.0252128716668293e-08,5.632662408757532e-08,5.259102800201055e-09,0.12927481127501897,0.12927481127501897,0.12927481127501897,0.008717578657993254,0.008717578657993254,0.008717578657993252,0.0,1.734723475976807e-18,1.734723475976807e-18
16.8,3.0500000000000003,9.368112729891527e-09,2.4957619463042163e-08,2.228251426578282e-09,9.368557643628954e-09,2.4958804759170927e-08,2.228357251486533e-09,9.416773840554584e-09,2.5087257685552277e-08,2.2398257097215526e-09,0.14089575189876224,0.14089575189876224,0.1408957518987623,0.007971169961774197,0.007971169961774199,0.007971169961774199,5.551115123125783e-17,1.734723475976807e-18,0.0
17.6,3.0500000000000003,3.3413821856759894e-09,7.372803068620281e-09,8.491207497756072e-10,3.341493824819568e-09,7.3730494018364825e-09,8.491491198057421e-10,3.360308174664839e-09,7.4145635084442075e-09,8.539302714248661e-10,0.20539366199951054,0.20539366199951048,0.20539366199951054,0.013263973327376862,0.013263973327376862,0.013263973327376862,0.0,0.0,0.0
18.4,3.0500000000000003,1.794980359023228e-09,1.996930012438708e-09,3.8732741948561017e-10,1.7950266888233063e-09,1.996981554712015e-09,3.87337416699128e-10,1.8055643572322854e-09,2.0087047951370356e-09,3.8961127328576285e-10,0.8079671677376633,0.8079671677376636,0.8079671677376631,0.03762103995312789,0.0376210399531279,0.03762103995312788,2.220446049250313e-16,1.3877787807814457e-17,2.0816681711721685e-17
19.200000000000003,3.0500000000000003,1.860306469084913e-09,2.063041699959558e-09,3.88760954464617e-10,1.8603601488744241e-09,2.0631012297445947e-09,3.887721722970293e-10,1.870994290543493e-09,2.074894274638621e-09,3.909944615455383e-10,0.8131168853592969,0.8131168853592967,0.8131168853592969,0.03550988506625647,0.03550988506625646,0.03550988506625646,0.0,1.3877787807814457e-17,0.0
20.0,3.0500000000000003,0.0,0.0,0.0,9.999999999999999e-31,9.999999999999999e-31,9.999999999999999e-31,1.0055641423643003e-30,1.0055641423643003e-30,1.0055641423643003e-30,,1.0,1.0,,1.0,1.0,,,0.0
4.0,3.24,0.0001883278018124,0.0015324660870525,0.000318352661002,0.0001883326117419,0.0015325052265406,0.0003183607917922,0.0001889231456661,0.0015373105351749,0.000319359040826,0.015102440366868239,0.015102440366876814,0.015102440366872895,0.04315540767989127,0.0431554076799011,0.04315540767991274,4.65599780952175e-15,2.1468937738688965e-14,1.1636525076852422e-14
4.8,3.24,0.0001977755766476,0.0015696901327571,0.0001510680352658,0.000197780986722,0.0015697330710234,0.0001510721676735,0.0001985517304238,0.0015758502509306,0.0001516608891865,0.01587513628706722,0.01587513628706981,0.01587513628706945,0.009262267199308486,0.00926226719931345,0.009262267199309527,2.230854390106174e-15,1.0408340855860843e-15,3.923944502659538e-15
5.6,3.24,0.0001572650836001,0.001302111816443,5.950118924654633e-05,0.000157272664899,0.0013021745875216,5.950405762833815e-05,0.00015798587386,0.0013080797623663,5.977389998867159e-05,0.01458706976859698,0.01458706976859099,0.014587069768603243,0.002088116532711256,0.002088116532711159,0.0020881165327110845,6.262351748276274e-15,1.713039432527097e-16,7.45931094670027e-17
6.4,3.24,0.0001040382527401,0.0006722686191245,2.722556200534418e-05,0.0001040450980071,0.0006723128514915,2.7227353329553544e-05,0.0001045595294476,0.0006756369760806,2.7361973862982133e-05,0.023949718943286177,0.023949718943297397,0.02394971894329652,0.0016400913133951455,0.0016400913133955456,0.0016400913133955098,1.0342421363773724e-14,3.642919299551295e-16,3.5778671692021646e-17
7.2,3.24,7.600629932787529e-05,0.000120965321206,1.7567907408103097e-05,7.601164098392795e-05,0.0001209738225426,1.7569142065227164e-05,7.63969240275556e-05,0.0001215870070752,1.765819543180622e-05,0.39480024125496277,0.39480024125546725,0.3948002412554325,0.021092026178094983,0.02109202617812194,0.021092026178120088,4.697353617189037e-13,2.5104918144336352e-14,1.85268467234323e-15
8.0,3.24,6.313933331610834e-05,8.591081622320735e-05,1.349296735180378e-05,6.314437918690784e-05,8.591768190987484e-05,1.3494045661731732e-05,6.345021295787353e-05,8.63338159979676e-05,1.3559402783354464e-05,0.5401374544581822,0.5401374544581822,0.5401374544581822,0.02466716555573844,0.02466716555573843,0.02466716555573843,0.0,1.0408340855860843e-17,0.0
8.8,3.24,2.2146858517965738e-05,5.848230688563102e-05,7.047750078199941e-06,2.214778464069274e-05,5.848475246018015e-05,7.048044796365788e-06,2.2270399860755813e-05,5.880853747568295e-05,7.087064390322511e-06,0.14340862494264234,0.1434086249426423,0.14340862494264225,0.014522854934279886,0.014522854934279884,0.014522854934279884,8.326672684688674e-17,1.734723475976807e-18,0.0
9.6,3.24,1.0975147166603606e-05,4.3579838244340494e-05,3.956029584143238e-06,1.0975566139950132e-05,4.358150189316389e-05,3.956180604528538e-06,1.1036307745979518e-05,4.3822693134181326e-05,3.9780751255579986e-06,0.06342339372674076,0.06342339372674073,0.06342339372674073,0.008240391273249943,0.008240391273249943,0.008240391273249943,2.7755575615628914e-17,0.0,0.0
10.4,3.24,7.4220666618838015e-06,2.996797602468456e-05,2.109988140687129e-06,7.422412239419259e-06,2.9969371358325317e-05,2.1100863834724235e-06,7.461956526475356e-06,3.012903877986658e-05,2.1213282626580135e-06,0.061338743614558225,0.06133874361455821,0.0613387436145582,0.0049573000190691035,0.0049573000190691035,0.004957300019069101,2.7755575615628914e-17,2.6020852139652106e-18,2.6020852139652106e-18
11.2,3.24,4.558508231890119e-06,1.6473387158152945e-05,7.956066254573462e-07,4.558752402433404e-06,1.647426953363359e-05,7.956492410877447e-07,4.582140490918494e-06,1.6558788638767304e-05,7.99731216420233e-07,0.07657370768954758,0.07657370768954758,0.0765737076895476,0.0023325500509958057,0.0023325500509958066,0.0023325500509958075,2.7755575615628914e-17,1.734723475976807e-18,8.673617379884035e-19
12.0,3.24,2.5104955036188607e-06,8.248756172977229e-06,4.859947389150256e-07,2.510639392019848e-06,8.249228948305506e-06,4.860225935778879e-07,2.5230617249677463e-06,8.29004511206244e-06,4.884273732116401e-07,0.09262793090061869,0.09262793090061872,0.09262793090061872,0.0034712524797605605,0.0034712524797605605,0.0034712524797605596,2.7755575615628914e-17,8.673617379884035e-19,8.673617379884035e-19
12.8,3.24,6.98784889936532e-07,2.049406352410618e-06,2.054668547155631e-07,6.988056203467699e-07,2.0494671508552344e-06,2.054729501710458e-07,7.028435257492737e-07,2.061309577761569e-06,2.066602336035292e-07,0.11626014358187244,0.11626014358187244,0.1162601435818724,0.010051419285617761,0.010051419285617766,0.010051419285617761,4.163336342344337e-17,0.0,5.204170427930421e-18
13.6,3.24,2.232621152745397e-07,5.624656224767778e-07,8.96480182022092e-08,2.232684036314247e-07,5.624814647730193e-07,8.965054321068095e-08,2.2456815923617526e-07,5.657559470755574e-07,9.017244328302337e-08,0.15755714499356693,0.1575571449935669,0.15755714499356693,0.025403257999138645,0.025403257999138645,0.025403257999138656,0.0,1.0408340855860843e-17,1.0408340855860843e-17
14.4,3.24,1.1132169039458345e-07,2.7939305690539e-07,4.0783819388463294e-08,1.113252649714365e-07,2.794020283102489e-07,4.0785128970596365e-08,1.1195307824739421e-07,2.809777021049414e-07,4.101513466998507e-08,0.15875534858490092,0.15875534858490098,0.15875534858490098,0.02130809237464343,0.02130809237464343,0.02130809237464344,5.551115123125783e-17,6.938893903907228e-18,6.938893903907228e-18
15.2,3.24,4.968072209073953e-08,1.4686514252036288e-07,1.1760469559737245e-08,4.9682656243150686e-08,1.4687086022247285e-07,1.1760927414204696e-08,4.99543234501679e-08,1.476739573071694e-07,1.1825236743539108e-08,0.1144295886918196,0.11442958869181956,0.11442958869181952,0.00641227090565291,0.00641227090565291,0.006412270905652907,8.326672684688674e-17,2.6020852139652106e-18,2.6020852139652106e-18
16.0,3.24,2.0144352772881984e-08,5.6035488544625835e-08,5.229405086067076e-09,2.0145242869443183e-08,5.6037964523686613e-08,5.2296361520902285e-09,2.0252094597349027e-08,5.6335193669867046e-08,5.257374495221216e-09,0.1292350488295948,0.12923504882959483,0.1292350488295949,0.008709199611531241,0.008709199611531241,0.008709199611531241,1.1102230246251565e-16,0.0,0.0
16.8,3.24,9.360227759608057e-09,2.4897031162637113e-08,2.252880423405211e-09,9.360671899064268e-09,2.489821251785259e-08,2.2529873217747654e-09,9.408847511235306e-09,2.5026353600346045e-08,2.264582541072104e-09,0.14134410723008672,0.14134410723008672,0.1413441072300867,0.008188062643349136,0.008188062643349134,0.008188062643349134,2.7755575615628914e-17,1.734723475976807e-18,0.0
17.6,3.24,3.443625237570766e-09,7.055660566339771e-09,8.706382092728511e-10,3.443738961658139e-09,7.055893576177766e-09,8.706669616860641e-10,3.463129004853543e-09,7.095621930372877e-09,8.755692699573551e-10,0.2382080340349353,0.23820803403493518,0.23820803403493523,0.015226499993162224,0.01522649999316222,0.015226499993162217,5.551115123125783e-17,6.938893903907228e-18,3.469446951953614e-18
18.4,3.24,1.794980359023228e-09,1.996930012438708e-09,3.8732741948561017e-10,1.7950266888233063e-09,1.996981554712015e-09,3.87337416699128e-10,1.8055643572322854e-09,2.0087047951370356e-09,3.8961127328576285e-10,0.8079671677376633,0.8079671677376636,0.8079671677376631,0.03762103995312789,0.0376210399531279,0.03762103995312788,2.220446049250313e-16,1.3877787807814457e-17,2.0816681711721685e-17
19.200000000000003,3.24,1.860306469084913e-09,2.063041699959558e-09,3.88760954464617e-10,1.8603601488744241e-09,2.0631012297445947e-09,3.887721722970293e-10,1.870994290543493e-09,2.074894274638621e-09,3.909944615455383e-10,0.8131168853592969,0.8131168853592967,0.8131168853592969,0.03550988506625647,0.03550988506625646,0.03550988506625646,0.0,1.3877787807814457e-17,0.0
20.0,3.24,0.0,0.0,0.0,9.999999999999999e-31,9.999999999999999e-31,9.999999999999999e-31,1.0055641423643003e-30,1.0055641423643003e-30,1.0055641423643003e-30,,1.0,1.0,,1.0,1.0,,,0.0
4.0,3.43,0.0001899449869117,0.0015354741071221,0.0003168764885594,0.0001899498417905,0.0015355133529102,0.0003168845877305,0.0001905454466857,0.0015403280937966,0.000317878207993,0.015302792077851372,0.015302792077849655,0.01530279207785011,0.0425887642753944,0.042588764275392536,0.04258876427538816,1.2611439670351388e-15,6.2450045135165055e-15,4.378442053365461e-15
4.8,3.43,0.0001979108137861,0.0015697730721252,0.0001510085279439,0.0001979162275888,0.0015698160128899,0.0001510126587458,0.0001986874983182,0.0015759335160178,0.0001516011483552,0.015895174472621617,0.01589517447262263,0.015895174472617405,0.009253993671575275,0.009253993671569243,0.00925399367157123,4.211908599671688e-15,4.045375145977914e-15,1.986258379993444e-15
5.6,3.43,0.0001572728364716,0.0013021069688296,5.94992944999995e-05,0.0001572804180938,0.0013021697392571,5.9502162771376104e-05,0.0001579936622144,0.0013080748921156,5.9771996538805205e-05,0.014588616657309468,0.014588616657298385,0.014588616657306286,0.0020879990942521322,0.0020879990942519306,0.0020879990942519085,3.1814828549414642e-15,2.237793284010081e-16,2.211772431870429e-17
6.4,3.43,0.0001040386428003,0.0006722681091982,2.7225488732385953e-05,0.0001040454880864,0.0006723123414889,2.7227280050042782e-05,0.0001045599214555,0.0006756364635564,2.73619002211546e-05,0.023949934860976713,0.023949934861011636,0.023949934860976078,0.0016400849734141993,0.0016400849734145703,0.0016400849734144757,6.349087922075114e-16,2.7647155398380363e-16,9.454242944073599e-17
7.2,3.43,7.600632288932138e-05,0.0001209653097403,1.7567903147612367e-05,7.601166454655461e-05,0.0001209738110754,1.756913780432715e-05,7.639694770961503e-05,0.0001215869955499,1.7658191149308824e-05,0.3948005608682382,0.3948005608683366,0.3948005608681446,0.021092019946222302,0.021092019946227558,0.021092019946217302,9.364731212713195e-14,4.999473057765158e-15,1.0255685189974884e-14
8.0,3.43,6.31393350830356e-05,8.59108152869024e-05,1.3492967036065942e-05,6.314438095393472e-05,8.591768097343846e-05,1.3494045345959772e-05,6.345021473345884e-05,8.633381505699568e-05,1.3559402466053094e-05,0.5401374964626657,0.5401374964626658,0.5401374964626658,0.024667164938979916,0.02466716493897991,0.024667164938979916,1.1102230246251565e-16,0.0,6.938893903907228e-18
8.8,3.43,2.2146858575592215e-05,5.848230682026327e-05,7.047750060653474e-06,2.2147784698320875e-05,5.848475239480766e-05,7.048044778818347e-06,2.227039991870299e-05,5.880853740994854e-05,7.087064372677924e-06,0.14340862600953125,0.14340862600953122,0.14340862600953122,0.014522854894431508,0.014522854894431508,0.014522854894431508,2.7755575615628914e-17,0.0,0.0
9.6,3.43,1.0975147156171564e-05,4.357983827228935e-05,3.956029587034062e-06,1.097556612951785e-05,4.358150192111444e-05,3.95618060741953e-06,1.1036307735489502e-05,4.382269316228656e-05,3.97807512846499e-06,0.0634233935248209,0.0634233935248209,0.0634233935248209,0.008240391274723547,0.008240391274723547,0.008240391274723547,0.0,0.0,0.0
10.4,3.43,7.422066626525578e-06,2.996797618408452e-05,2.109988133026544e-06,7.422412204060366e-06,2.9969371517736636e-05,2.110086375811759e-06,7.4619564909280815e-06,3.012903894012719e-05,2.1213282549565354e-06,0.06133874237760822,0.06133874237760823,0.061338742377608245,0.004957299930337008,0.004957299930337008,0.00495729993033701,2.7755575615628914e-17,1.734723475976807e-18,1.734723475976807e-18
11.2,3.43,4.558508207901971e-06,1.647338744732148e-05,7.95606596944386e-07,4.558752378445846e-06,1.647426982282439e-05,7.956492125735846e-07,4.582140466807871e-06,1.655878892944176e-05,7.997311877597847e-07,0.07657370419534261,0.07657370419534261,0.07657370419534264,0.0023325498019182364,0.002332549801918237,0.0023325498019182377,2.7755575615628914e-17,1.3010426069826053e-18,8.673617379884035e-19
12.0,3.43,2.5104956379856614e-06,8.248755073982043e-06,4.859948363192252e-07,2.5106395263869185e-06,8.249227849222915e-06,4.860226909862316e-07,2.523061859999648e-06,8.290044007541723e-06,4.884274711019483e-07,0.09262796549783467,0.09262796549783467,0.09262796549783467,0.0034712547961555135,0.0034712547961555135,0.0034712547961555144,0.0,8.673617379884035e-19,8.673617379884035e-19
12.8,3.43,6.987847108646833e-07,2.0494076607145626e-06,2.054665518246095e-07,6.988054412757017e-07,2.049468459215861e-06,2.05472647272898e-07,7.0284334564348e-07,2.0613108936822898e-06,2.066599289551465e-07,0.1162599355592939,0.1162599355592939,0.11625993555929394,0.010051376817607061,0.010051376817607064,0.01005137681760707,4.163336342344337e-17,8.673617379884035e-18,5.204170427930421e-18
13.6,3.43,2.2326033684335225e-07,5.624696091711972e-07,8.964812133016587e-08,2.2326662516524438e-07,5.624854516177643e-07,8.965064634760478e-08,2.2456637041666521e-07,5.657599571296938e-07,9.017254702035813e-08,0.15755240147266222,0.15755240147266225,0.15755240147266222,0.025402956337225256,0.025402956337225262,0.025402956337225262,0.0,6.938893903907228e-18,0.0
14.4,3.43,1.1131990432277677e-07,2.793916789710462e-07,4.0786059986307624e-08,1.1132347883268803e-07,2.794006503075891e-07,4.078736963687324e-08,1.1195128203580543e-07,2.809763163311044e-07,4.10173879723876e-08,0.15875182029574375,0.15875182029574375,0.15875182029574375,0.02131064390678342,0.021310643906783413,0.02131064390678342,0.0,0.0,6.938893903907228e-18
15.2,3.43,4.968179652929179e-08,1.4686541744463405e-07,1.1759266312241004e-08,4.9683730732551e-08,1.468711351841067e-07,1.1759724121998622e-08,4.9955403814929094e-08,1.4767423377230696e-07,1.1824026871672092e-08,0.1144341098228053,0.11443410982280526,0.11443410982280534,0.0064109348550572,0.0064109348550572,0.006410934855057202,4.163336342344337e-17,2.6020852139652106e-18,2.6020852139652106e-18
16.0,3.43,2.01636996184475e-08,5.5960813627127475e-08,5.232906218205755e-09,2.016459023502688e-08,5.5963285377319897e-08,5.233137352031613e-09,2.0271544582665648e-08,5.6260118420267454e-08,5.260894265763407e-09,0.12982920501668185,0.1298292050166819,0.12982920501668185,0.008744155310928106,0.008744155310928106,0.008744155310928104,0.0,1.734723475976807e-18,1.734723475976807e-18
16.8,3.43,9.321563122595514e-09,2.5076341003148625e-08,2.2388510529368596e-09,9.322006284209211e-09,2.5077533171414648e-08,2.238957491399207e-09,9.369982900016984e-09,2.5206597145165634e-08,2.250480504804246e-09,0.13818126228202968,0.13818126228202976,0.13818126228202968,0.007971169961774199,0.007971169961774204,0.007971169961774204,0.0,5.204170427930421e-18,0.0
17.6,3.43,3.4844108883180453e-09,7.139226485334223e-09,8.222198924376399e-10,3.484526560191978e-09,7.139463486001611e-09,8.222471876444312e-10,3.504146258801515e-09,7.179662382296271e-09,8.268768673801007e-10,0.23820803403493518,0.23820803403493523,0.2382080340349353,0.013263973327376862,0.013263973327376862,0.013263973327376862,1.1102230246251565e-16,0.0,0.0
18.4,3.43,1.794980359023228e-09,1.996930012438708e-09,3.8732741948561017e-10,1.7950266888233063e-09,1.996981554712015e-09,3.87337416699128e-10,1.8055643572322854e-09,2.0087047951370356e-09,3.8961127328576285e-10,0.8079671677376633,0.8079671677376636,0.8079671677376631,0.03762103995312789,0.0376210399531279,0.03762103995312788,2.220446049250313e-16,1.3877787807814457e-17,2.0816681711721685e-17
19.200000000000003,3.43,1.860306469084913e-09,2.063041699959558e-09,3.88760954464617e-10,1.8603601488744241e-09,2.0631012297445947e-09,3.887721722970293e-10,1.870994290543493e-09,2.074894274638621e-09,3.909944615455383e-10,0.8131168853592969,0.8131168853592967,0.8131168853592969,0.03550988506625647,0.03550988506625646,0.03550988506625646,0.0,1.3877787807814457e-17,0.0
20.0,3.43,0.0,0.0,0.0,9.999999999999999e-31,9.999999999999999e-31,9.999999999999999e-31,1.0055641423643003e-30,1.0055641423643003e-30,1.0055641423643003e-30,,1.0,1.0,,1.0,1.0,,,0.0
4.0,3.62,0.0001915641595061,0.0015384232206597,0.0003154121995091,0.0001915690593453,0.001538462570538,0.0003154202671406,0.0001921697414434,0.0015432865589628,0.0003164092958935,0.015505181847287875,0.015505181847292037,0.015505181847280248,0.042034445332383694,0.04203444533237856,0.04203444533235938,7.627579123870021e-15,2.4313884239290928e-14,1.917910275039958e-14
4.8,3.62,0.0001980460606969,0.0015698556981101,0.0001509490614004,0.0001980514782274,0.0015698986413581,0.0001509531905971,0.0001988232760226,0.0015760164664855,0.0001515414484618,0.01591523110213199,0.015915231102134567,0.015915231102141644,0.00924573340107096,0.009245733401070107,0.009245733401075127,9.655470867286908e-15,4.166805789296291e-15,5.02028973947688e-15
5.6,3.62,0.0001572805892733,0.0013021021200968,5.949739987029108e-05,0.0001572881712189,0.001302164889873,5.950026803125752e-05,0.0001580014504988,0.0013080700207402,5.9770093206312154e-05,0.014590163651692377,0.014590163651699635,0.014590163651706652,0.0020878816700111904,0.002087881670011236,0.002087881670011339,1.4275039483813146e-14,1.487525380650112e-16,1.0321604682062002e-16
6.4,3.62,0.0001040390328597,0.00067226759927,2.722541545984829e-05,0.0001040458781648,0.0006723118314845,2.722720677095263e-05,0.0001045603134626,0.0006756359510303,2.736182657974975e-05,0.023950150779735155,0.023950150779740654,0.023950150779724743,0.0016400786334958303,0.0016400786334956844,0.0016400786334959737,1.0411810302812796e-14,1.4333152720258369e-16,2.892651396191326e-16
7.2,3.62,7.600634645080238e-05,0.0001209652982746,1.756789888712088e-05,7.601168810921619e-05,0.0001209737996082,1.7569133543426382e-05,7.639697139170955e-05,0.0001215869840245,1.7658186866810667e-05,0.39480088048206646,0.39480088048175843,0.3948008804820587,0.02109201371434754,0.021092013714331084,0.02109201371434712,7.771561172376096e-15,4.198030811863873e-16,1.6035783811929605e-14
8.0,3.62,6.313933684809059e-05,8.591081435204948e-05,1.349296672046684e-05,6.314438271908923e-05,8.591768003845431e-05,1.3494045030326574e-05,6.34502165071627e-05,8.633381411748302e-05,1.3559402148891156e-05,0.5401375384168601,0.5401375384168601,0.5401375384168601,0.02466716432189481,0.02466716432189481,0.02466716432189482,0.0,1.0408340855860843e-17,1.0408340855860843e-17
8.8,3.62,2.2146858636429214e-05,5.8482306745953826e-05,7.047750043925818e-06,2.2147784759159575e-05,5.8484752320492874e-05,7.048044762089722e-06,2.2270399979878508e-05,5.8808537335222334e-05,7.087064355856685e-06,0.14340862716185174,0.1434086271618518,0.1434086271618518,0.014522854862398637,0.014522854862398637,0.014522854862398637,5.551115123125783e-17,0.0,0.0
9.6,3.62,1.097514716750559e-05,4.357983823993369e-05,3.956029584713497e-06,1.0975566140852129e-05,4.358150188875683e-05,3.95618060509881e-06,1.1036307746886504e-05,4.382269312974987e-05,3.978075126131426e-06,0.06342339374999231,0.06342339374999235,0.06342339374999231,0.008240391277292175,0.008240391277292175,0.008240391277292173,0.0,1.734723475976807e-18,1.734723475976807e-18
10.4,3.62,7.422066635836792e-06,2.9967976142054584e-05,2.109988132800364e-06,7.422412213371779e-06,2.99693714757038e-05,2.1100863755855015e-06,7.4619565002891026e-06,3.0129038897870418e-05,2.1213282547290723e-06,0.0613387427035655,0.06133874270356552,0.0613387427035655,0.004957299943179389,0.004957299943179389,0.004957299943179389,0.0,0.0,0.0
11.2,3.62,4.558508140962937e-06,1.6473387541821005e-05,7.956066124064262e-07,4.558752311504077e-06,1.647426991733205e-05,7.956492280366014e-07,4.582140399522665e-06,1.6558789024434283e-05,7.997312033021325e-07,0.07657370106793278,0.07657370106793278,0.07657370106793274,0.002332549865819755,0.002332549865819755,0.002332549865819755,4.163336342344337e-17,0.0,0.0
12.0,3.62,2.5104953637235645e-06,8.248756071704569e-06,4.859948471246432e-07,2.510639252116111e-06,8.249228847025653e-06,4.860227017936257e-07,2.5230615843717827e-06,8.290045010281467e-06,4.88427481962816e-07,0.09262792285183473,0.09262792285183473,0.09262792285183473,0.0034712541107861593,0.0034712541107861593,0.0034712541107861593,0.0,0.0,0.0
12.8,3.62,6.987850667582667e-07,2.049405442966268e-06,2.0546691458996626e-07,6.988057971704374e-07,2.0494662413741885e-06,2.0547301004625106e-07,7.028437035946805e-07,2.0613086630252728e-06,2.0666029382471117e-07,0.11626030560251405,0.11626030560251405,0.116260305602514,0.010051434064563693,0.010051434064563693,0.010051434064563696,4.163336342344337e-17,3.469446951953614e-18,3.469446951953614e-18
13.6,3.62,2.2326160079887397e-07,5.624641090358495e-07,8.964924360862649e-08,2.2326788913348417e-07,5.624799512698529e-07,8.965176864848708e-08,2.2456764174308819e-07,5.657544247615417e-07,9.017367585470796e-08,0.1575572667442742,0.15755726674427425,0.15755726674427428,0.02540408919319899,0.02540408919319898,0.025404089193198996,8.326672684688674e-17,6.938893903907228e-18,1.734723475976807e-17
14.4,3.62,1.1131969109529625e-07,2.793939226895787e-07,4.0785412550369256e-08,1.1132326560852197e-07,2.79402894123671e-07,4.078672218386843e-08,1.119510676091723e-07,2.809785728010751e-07,4.1016736868103876e-08,0.15874866238979346,0.15874866238979352,0.1587486623897934,0.02130962507892467,0.021309625078924664,0.021309625078924657,5.551115123125783e-17,1.3877787807814457e-17,6.938893903907228e-18
15.2,3.62,4.9683301627579994e-08,1.468672700196202e-07,1.175831801046998e-08,4.9685235897504706e-08,1.4687298785507028e-07,1.1758775785218192e-08,4.995691721019876e-08,1.476760965737665e-07,1.1823073349339522e-08,0.11443815634968593,0.11443815634968593,0.11443815634968593,0.006409739196323909,0.0064097391963239105,0.0064097391963239105,0.0,1.734723475976807e-18,0.0
16.0,3.62,2.0135292812644652e-08,5.6030361354393594e-08,5.236733354301586e-09,2.013618246431239e-08,5.6032836982877726e-08,5.236964732539068e-09,2.024298613521788e-08,5.633003893223562e-08,5.264741946955408e-09,0.12914245928853146,0.12914245928853138,0.12914245928853146,0.008735224581603177,0.008735224581603175,0.008735224581603177,0.0,0.0,1.734723475976807e-18
16.8,3.62,9.31288741848198e-09,2.500543312410231e-08,2.259418132509642e-09,9.313329782710489e-09,2.5006620887750193e-08,2.259525455374631e-09,9.36126174405588e-09,2.5135319904507404e-08,2.271154323815111e-09,0.13870749955501704,0.138707499555017,0.138707499555017,0.008164403433049609,0.00816440343304961,0.00816440343304961,5.551115123125783e-17,1.734723475976807e-18,0.0
17.6,3.62,3.484410888318046e-09,7.139226485334225e-09,8.222198924376402e-10,3.484526560191978e-09,7.1394634860016125e-09,8.222471876444314e-10,3.5041462588015162e-09,7.179662382296273e-09,8.26876867380101e-10,0.23820803403493518,0.23820803403493515,0.2382080340349353,0.013263973327376865,0.013263973327376862,0.013263973327376862,1.1102230246251565e-16,3.469446951953614e-18,0.0
18.4,3.62,1.794980359023228e-09,1.996930012438708e-09,3.8732741948561017e-10,1.7950266888233063e-09,1.996981554712015e-09,3.87337416699128e-10,1.8055643572322854e-09,2.0087047951370356e-09,3.8961127328576285e-10,0.8079671677376633,0.8079671677376636,0.8079671677376631,0.03762103995312789,0.0376210399531279,0.03762103995312788,2.220446049250313e-16,1.3877787807814457e-17,2.0816681711721685e-17
19.200000000000003,3.62,1.860306469084913e-09,2.063041699959558e-09,3.88760954464617e-10,1.8603601488744241e-09,2.0631012297445947e-09,3.887721722970293e-10,1.870994290543493e-09,2.074894274638621e-09,3.909944615455383e-10,0.8131168853592969,0.8131168853592967,0.8131168853592969,0.03550988506625647,0.03550988506625646,0.03550988506625646,0.0,1.3877787807814457e-17,0.0
20.0,3.62,0.0,0.0,0.0,9.999999999999999e-31,9.999999999999999e-31,9.999999999999999e-31,1.0055641423643003e-30,1.0055641423643003e-30,1.0055641423643003e-30,,1.0,1.0,,1.0,1.0,,,0.0
4.0,3.81,0.0001931852566952,0.0015413140263793,0.0003139598476822,0.0001931902015025,0.0015413534781517,0.0003139678838593,0.0001937959668384,0.0015461865312786,0.0003149523585332,0.01570962062865381,0.01570962062866131,0.015709620628658688,0.04149215180679104,0.04149215180679605,0.041492151806785046,4.8780424144467815e-15,5.995204332975845e-15,1.1005085731596864e-14
4.8,3.81,0.000198181317315,0.0015699380109861,0.0001508896356361,0.0001981867385728,0.0015699809567025,0.000150893763228,0.0001989590634715,0.0015760991026092,0.0001514817895069,0.015935306181659534,0.015935306181663465,0.01593530618166191,0.009237486365404161,0.009237486365397762,0.009237486365403487,2.3765711620882257e-15,6.74807432154978e-16,5.7245874707234634e-15
5.6,3.81,0.0001572883420053,0.0013020972702444,5.94955053574147e-05,0.0001572959242742,0.0013021600393693,5.949837340797603e-05,0.000158009238713,0.0013080651482402,5.976818999118603e-05,0.014591710751776751,0.014591710751784203,0.01459171075177321,0.002087764259987524,0.002087764259987527,0.0020877642599875096,3.5405706144686633e-15,1.431146867680866e-17,1.734723475976807e-17
6.4,3.81,0.0001040394229181,0.0006722670893398,2.722534218776579e-05,0.0001040462682422,0.0006723113214779,2.7227133492317683e-05,0.0001045607054688,0.0006756354385021,2.736175293880236e-05,0.023950366699476547,0.02395036669946692,0.02395036669951086,0.0016400722936446939,0.0016400722936450074,0.0016400722936451423,3.4312830354821244e-14,4.484260185400046e-16,1.3487475025719675e-16
7.2,3.81,7.600637001217099e-05,0.0001209652868089,1.7567894626679354e-05,7.601171167176537e-05,0.0001209737881409,1.7569129282575575e-05,7.63969950736911e-05,0.0001215869724991,1.7658182584362725e-05,0.39480120009491704,0.39480120009485536,0.3948012000949949,0.021092007482592476,0.021092007482589187,0.021092007482596636,7.788214517745473e-14,4.1598668953923834e-15,7.44890260584441e-15
8.0,3.81,6.313933861523411e-05,8.591081341528643e-05,1.3492966404811948e-05,6.314438448633234e-05,8.591767910155976e-05,1.349404471463756e-05,6.34502182829653e-05,8.633381317605072e-05,1.355940183167313e-05,0.5401375804308091,0.5401375804308091,0.5401375804308091,0.024667163705702617,0.024667163705702617,0.024667163705702606,0.0,1.0408340855860843e-17,1.0408340855860843e-17
8.8,3.81,2.2146858698122385e-05,5.848230666985641e-05,7.047750027298096e-06,2.2147784820854457e-05,5.848475224439e-05,7.048044745461029e-06,2.2270400041914947e-05,5.880853725869813e-05,7.0870643391359325e-06,0.14340862833402904,0.14340862833402904,0.14340862833402904,0.014522854831665632,0.014522854831665629,0.014522854831665632,0.0,0.0,3.469446951953614e-18
9.6,3.81,1.0975147166600044e-05,4.357983824079388e-05,3.956029585346656e-06,1.097556613994655e-05,4.358150188961707e-05,3.956180605731995e-06,1.1036307745975917e-05,4.382269313061487e-05,3.978075126768116e-06,0.06342339373702263,0.0634233937370226,0.0634233937370226,0.00824039127960461,0.00824039127960461,0.00824039127960461,2.7755575615628914e-17,0.0,0.0
10.4,3.81,7.4220666459446125e-06,2.9967976111182754e-05,2.109988133087216e-06,7.422412223479859e-06,2.996937144482968e-05,2.1100863758723073e-06,7.461956510451036e-06,3.0129038866831813e-05,2.121328255017406e-06,0.061338742997012655,0.061338742997012655,0.061338742997012655,0.004957299954740907,0.004957299954740907,0.004957299954740905,0.0,1.734723475976807e-18,1.734723475976807e-18
11.2,3.81,4.558508311773896e-06,1.6473387311930208e-05,7.9560656463635e-07,4.5587524823222e-06,1.647426968742177e-05,7.9564918026362e-07,4.582140571217149e-06,1.6558788793344474e-05,7.99731155284058e-07,0.07657370894370459,0.07657370894370459,0.07657370894370459,0.0023325496508190807,0.0023325496508190807,0.0023325496508190815,0.0,8.673617379884035e-19,8.673617379884035e-19
12.0,3.81,2.510495491665348e-06,8.248755087370793e-06,4.859949294177157e-07,2.510639380058559e-06,8.24922786261355e-06,4.860227840901238e-07,2.5230617129472743e-06,8.290044020998615e-06,4.88427564666507e-07,0.09262795439978941,0.09262795439978941,0.09262795439978941,0.003471256114813074,0.003471256114813072,0.003471256114813072,0.0,1.734723475976807e-18,0.0
12.8,3.81,6.987848928897525e-07,2.0494066548784325e-06,2.0546663779377117e-07,6.988056233024156e-07,2.0494674533388776e-06,2.054727332435058e-07,7.02843528721998e-07,2.061309881993052e-06,2.0666001542251785e-07,0.1162601102473547,0.1162601102473547,0.1162601102473547,0.010051395095110372,0.010051395095110369,0.010051395095110369,0.0,3.469446951953614e-18,0.0
13.6,3.81,2.2326184624019443e-07,5.624643438203928e-07,8.96487286892762e-08,2.232681345839683e-07,5.624801860666793e-07,8.965125371553745e-08,2.245678886224608e-07,5.657546609252364e-07,9.01731579240794e-08,0.15755748162801386,0.15755748162801378,0.15755748162801383,0.025403776158379014,0.025403776158379004,0.025403776158379014,2.7755575615628914e-17,0.0,1.0408340855860843e-17
14.4,3.81,1.1131952287319688e-07,2.7939600226011797e-07,4.0784838374191554e-08,1.1132309739016883e-07,2.79404973783946e-07,4.078614799260532e-08,1.1195089844216017e-07,2.8098066418949037e-07,4.10161594387178e-08,0.15874581945392402,0.15874581945392394,0.15874581945392396,0.021308707881295817,0.021308707881295807,0.021308707881295817,5.551115123125783e-17,0.0,1.0408340855860843e-17
15.2,3.81,4.9692241962064865e-08,1.468313065721416e-07,1.1759259294986577e-08,4.9694176441089024e-08,1.4683702259684565e-07,1.1759717073495811e-08,4.9965906641114965e-08,1.476399346557416e-07,1.182401978462772e-08,0.11453543134517137,0.11453543134517134,0.11453543134517137,0.006413906237630085,0.006413906237630085,0.006413906237630085,0.0,0.0,0.0
16.0,3.81,2.0135720478409012e-08,5.6037446620935115e-08,5.234988356504235e-09,2.013661018421437e-08,5.6039922660549875e-08,5.235219666803599e-09,2.024341612377509e-08,5.63371621928204e-08,5.262987625273493e-09,0.129115288848723,0.12911528884872295,0.129115288848723,0.008727196684982936,0.008727196684982935,0.008727196684982936,0.0,0.0,1.734723475976807e-18
16.8,3.81,9.322817905947147e-09,2.498901233124378e-08,2.2566985275275573e-09,9.323260674399015e-09,2.4990199134034015e-08,2.2568057048770933e-09,9.371243746048417e-09,2.5118813634631844e-08,2.268420575856004e-09,0.1391862136066917,0.1391862136066917,0.13918621360669167,0.008155468382082101,0.008155468382082101,0.0081554683820821,2.7755575615628914e-17,1.734723475976807e-18,1.734723475976807e-18
17.6,3.81,3.484410888318046e-09,7.139226485334225e-09,8.222198924376402e-10,3.484526560191978e-09,7.1394634860016125e-09,8.222471876444314e-10,3.5041462588015162e-09,7.179662382296273e-09,8.26876867380101e-10,0.23820803403493518,0.23820803403493515,0.2382080340349353,0.013263973327376865,0.013263973327376862,0.013263973327376862,1.1102230246251565e-16,3.469446951953614e-18,0.0
18.4,3.81,1.794980359023228e-09,1.996930012438708e-09,3.8732741948561017e-10,1.7950266888233063e-09,1.996981554712015e-09,3.87337416699128e-10,1.8055643572322854e-09,2.0087047951370356e-09,3.8961127328576285e-10,0.8079671677376633,0.8079671677376636,0.8079671677376631,0.03762103995312789,0.0376210399531279,0.03762103995312788,2.220446049250313e-16,1.3877787807814457e-17,2.0816681711721685e-17
19.200000000000003,3.81,1.860306469084913e-09,2.063041699959558e-09,3.88760954464617e-10,1.8603601488744241e-09,2.0631012297445947e-09,3.887721722970293e-10,1.870994290543493e-09,2.074894274638621e-09,3.909944615455383e-10,0.8131168853592969,0.8131168853592967,0.8131168853592969,0.03550988506625647,0.03550988506625646,0.03550988506625646,0.0,1.3877787807814457e-17,0.0
20.0,3.81,0.0,0.0,0.0,9.999999999999999e-31,9.999999999999999e-31,9.999999999999999e-31,1.0055641423643003e-30,1.0055641423643003e-30,1.0055641423643003e-30,,1.0,1.0,,1.0,1.0,,,0.0
4.0,4.0,0.0001948082163371,0.0015441471247237,0.0003125194806003,0.0001948132061169,0.0015441866762084,0.0003125274854136,0.0001954240605305,0.0015490286130838,0.000313507443588,0.015916119299492326,0.015916119299486324,0.015916119299493908,0.04096159257225362,0.04096159257225119,0.04096159257224272,1.582067810090848e-15,1.0901002323038256e-14,8.472389456670726e-15
4.8,4.0,0.0001983165835751,0.0015700200110279,0.0001508302506514,0.0001983220085597,0.0015700629591978,0.0001508343766391,0.0001990948605995,0.0015761814246646,0.0001514221714911,0.01595539971719375,0.01595539971719951,0.01595539971719456,0.009229252542180941,0.009229252542182752,0.009229252542187389,8.083811398051921e-16,6.447967160205792e-15,4.636915851286005e-15
5.6,4.0,0.0001572960946675,0.0013020924192729,5.949361096137269e-05,0.0001573036772596,0.0013021551877464,5.949647890153396e-05,0.0001580170268572,0.0013080602746159,5.9766286893429176e-05,0.014593257957540852,0.0145932579575326,0.014593257957544218,0.002087646864178592,0.002087646864178585,0.002087646864178524,3.3653635433950058e-15,6.765421556309548e-17,6.071532165918825e-17
6.4,4.0,0.0001040398129756,0.0006722665794077,2.7225268916124186e-05,0.0001040466583188,0.0006723108114696,2.722706021412366e-05,0.0001045610974739,0.0006756349259722,2.7361679298298074e-05,0.02395058262023982,0.023950582620246887,0.023950582620214475,0.0016400659538585833,0.0016400659538583799,0.0016400659538583198,2.5344309984021152e-14,2.634611279139776e-16,6.006480035569695e-17
7.2,4.0,7.600639357362384e-05,0.0001209652753432,1.756789036619665e-05,7.601173523439878e-05,0.0001209737766736,1.7569125021683585e-05,7.639701875575732e-05,0.0001215869609737,1.7658178301873394e-05,0.39480151970883287,0.39480151970901745,0.39480151970899635,0.021092001250738283,0.02109200125074815,0.021092001250747023,1.634803403760543e-13,8.739536871971154e-15,1.1275702593849246e-15
8.0,4.0,6.313934038138954e-05,8.59108124798996e-05,1.3492966088972667e-05,6.314438625258735e-05,8.591767816604162e-05,1.3494044398764155e-05,6.345022005777498e-05,8.633381223600148e-05,1.3559401514269824e-05,0.54013762241055,0.5401376224105497,0.5401376224105497,0.024667163088045934,0.024667163088045934,0.024667163088045934,2.220446049250313e-16,0.0,0.0
8.8,4.0,2.214685876105627e-05,5.8482306593563485e-05,7.047750009770255e-06,2.2147784883790102e-05,5.848475216809158e-05,7.048044727932179e-06,2.2270400105199015e-05,5.880853718197731e-05,7.087064321510038e-06,0.14340862952323336,0.14340862952323336,0.14340862952323333,0.014522854797320092,0.014522854797320092,0.014522854797320095,2.7755575615628914e-17,3.469446951953614e-18,3.469446951953614e-18
9.6,4.0,1.097514717703138e-05,4.357983821566606e-05,3.956029583567981e-06,1.0975566150378127e-05,4.358150186448765e-05,3.9561806039531945e-06,1.1036307756465226e-05,4.3822693105346386e-05,3.978075124979471e-06,0.0634233939307232,0.0634233939307232,0.0634233939307232,0.008240391281697367,0.008240391281697367,0.008240391281697367,0.0,0.0,0.0
10.4,4.0,7.4220666549472285e-06,2.9967976082658448e-05,2.109988133305607e-06,7.422412232482703e-06,2.9969371416303275e-05,2.110086376090654e-06,7.461956519501844e-06,3.012903883815343e-05,2.1213282552369164e-06,0.0613387432625823,0.0613387432625823,0.0613387432625823,0.004957299965204079,0.004957299965204077,0.004957299965204077,0.0,1.734723475976807e-18,0.0
11.2,4.0,4.558508246860103e-06,1.6473387406051435e-05,7.956065802688383e-07,4.558752417405754e-06,1.6474269781551016e-05,7.956491958970894e-07,4.582140505967658e-06,1.6558788887956638e-05,7.997311709977329e-07,0.07657370588785142,0.07657370588785138,0.07657370588785142,0.002332549715827165,0.0023325497158271646,0.0023325497158271646,0.0,4.336808689942018e-19,0.0
12.0,4.0,2.5104953464504985e-06,8.248756305240155e-06,4.85994782860837e-07,2.5106392348441284e-06,8.249229080581437e-06,4.860226375265376e-07,2.5230615670143403e-06,8.290045244992855e-06,4.884274173777424e-07,0.09262791633231979,0.09262791633231976,0.09262791633231979,0.003471252996214709,0.003471252996214708,0.003471252996214709,0.0,0.0,8.673617379884035e-19
12.8,4.0,6.987845798336386e-07,2.04940729500441e-06,2.054667778023314e-07,6.988053102387859e-07,2.0494680934890415e-06,2.054728732567405e-07,7.028432138493941e-07,2.0613105258421926e-06,2.066601562447904e-07,0.11625993345126953,0.11625993345126946,0.1162599334512695,0.010051402514456432,0.010051402514456426,0.010051402514456432,2.7755575615628914e-17,0.0,5.204170427930421e-18
13.6,4.0,2.2326214311954813e-07,5.624647446325398e-07,8.96482927071587e-08,2.232684314737208e-07,5.624805868952469e-07,8.965081772195806e-08,2.2456818724055505e-07,5.65755064087225e-07,9.017271939236613e-08,0.15755767609674762,0.1575576760967477,0.15755767609674765,0.025403492865243866,0.025403492865243873,0.025403492865243873,2.7755575615628914e-17,6.938893903907228e-18,0.0
14.4,4.0,1.1131809583969893e-07,2.793946847450114e-07,4.0786711905184185e-08,1.1132167030216273e-07,2.794036562047338e-07,4.078802158057547e-08,1.1194946330616248e-07,2.80979339179856e-07,4.10180435926938e-08,0.1587432466037678,0.15874324660376782,0.15874324660376782,0.021310866626123286,0.021310866626123286,0.021310866626123293,2.7755575615628914e-17,6.938893903907228e-18,6.938893903907228e-18
15.2,4.0,4.969310806488476e-08,1.4683460382002564e-07,1.1758401285242486e-08,4.969504259115453e-08,1.4684032001306456e-07,1.1758859033551309e-08,4.9966777527331616e-08,1.476432501023945e-07,1.1823157052878616e-08,0.11453427990549932,0.11453427990549929,0.11453427990549936,0.006412682285493208,0.006412682285493204,0.006412682285493208,4.163336342344337e-17,0.0,4.336808689942018e-18
16.0,4.0,2.01361072523426e-08,5.6043854424628775e-08,5.2334102076269614e-09,2.0136997007093616e-08,5.6046330836038126e-08,5.23364145647451e-09,2.0243804998388993e-08,5.6343604357703977e-08,5.261401044010295e-09,0.1290907247034566,0.12909072470345656,0.12909072470345656,0.00871994130549457,0.008719941305494566,0.008719941305494566,2.7755575615628914e-17,5.204170427930421e-18,0.0
16.8,4.0,9.34728425409749e-09,2.500605567643237e-08,2.2325758799479075e-09,9.347728373077809e-09,2.5007243793071047e-08,2.2326819566752574e-09,9.395837370128182e-09,2.513594601567133e-08,2.2441726724279176e-09,0.13972705713695072,0.1397270571369508,0.13972705713695077,0.007971169961774197,0.007971169961774199,0.007971169961774199,5.551115123125783e-17,1.734723475976807e-18,0.0
17.6,4.0,3.373969309809473e-09,7.319585854357583e-09,8.429917591522122e-10,3.3740818460921512e-09,7.3198299937990405e-09,8.430198765267915e-10,3.393079683462801e-09,7.361044447433015e-09,8.477665173153162e-10,0.21247568467930944,0.21247568467930944,0.21247568467930938,0.013263973327376862,0.013263973327376858,0.013263973327376862,5.551115123125783e-17,0.0,3.469446951953614e-18
18.4,4.0,1.794980359023228e-09,1.996930012438708e-09,3.8732741948561017e-10,1.7950266888233063e-09,1.9969815547120153e-09,3.87337416699128e-10,1.8055643572322854e-09,2.008704795137036e-09,3.8961127328576285e-10,0.8079671677376633,0.8079671677376635,0.8079671677376626,0.03762103995312789,0.03762103995312788,0.03762103995312787,6.661338147750939e-16,2.0816681711721685e-17,6.938893903907228e-18
19.200000000000003,4.0,1.860306469084913e-09,2.063041699959558e-09,3.88760954464617e-10,1.8603601488744241e-09,2.0631012297445947e-09,3.887721722970293e-10,1.870994290543493e-09,2.074894274638621e-09,3.909944615455383e-10,0.8131168853592969,0.8131168853592967,0.8131168853592969,0.03550988506625647,0.03550988506625646,0.03550988506625646,0.0,1.3877787807814457e-17,0.0
20.0,4.0,0.0,0.0,0.0,9.999999999999999e-31,9.999999999999999e-31,9.999999999999999e-31,1.0055641423643003e-30,1.0055641423643003e-30,1.0055641423643003e-30,,1.0,1.0,,1.0,1.0,,,0.0
