{
  "results": {
    "D": [
      4.0,
      6.0,
      8.0,
      10.0,
      12.0,
      14.0,
      16.0,
      18.0,
      20.0
    ],
    "omega": [
      [
        1.537263461823916,
        1.5631481490968973,
        1.6830890519121793,
        1.7059205711156344,
        1.7387385353016331,
        1.7623612426988575
      ],
      [
        1.4186712646174946,
        1.4884422419860084,
        1.5894457874821721,
        1.5945925631976368,
        1.6381750236238115,
        1.6621699232924387
      ],
      [
        1.3058365889599737,
        1.3438192680143546,
        1.4550707292371103,
        1.4890055366109882,
        1.5236269213889642,
        1.5505501845512548
      ],
      [
        1.249787387214093,
        1.3303807284157407,
        1.4061509537022405,
        1.4311199751618195,
        1.461314673493246,
        1.4995810696432015
      ],
      [
        1.154833237661465,
        1.25328504152653,
        1.3340518587005608,
        1.3686521450076758,
        1.4012582167035954,
        1.4315669200144545
      ],
      [
        1.1241263364173222,
        1.1939928109163134,
        1.2710898301185525,
        1.316283989858933,
        1.3282830113410755,
        1.3781852477758927
      ],
      [
        1.1230753952626222,
        1.197611269163688,
        1.2704215470406883,
        1.30619676040065,
        1.3525255319459413,
        1.3836505019704433
      ],
      [
        1.1215855225622218,
        1.2005766197129983,
        1.2612528826725158,
        1.3239450307785028,
        1.3520055557992139,
        1.3871354487315923
      ],
      [
        1.1500548167839408,
        1.2059263987561262,
        1.2880674357038342,
        1.3162895878279468,
        1.3625927628723138,
        1.3969952816876088
      ]
    ],
    "eigenvalues": [
      [
        -0.01320026801725982,
        0.06705291694894511,
        0.45640953759052794,
        0.5337857758793816,
        0.6468324750667578,
        0.7295379306909511
      ],
      [
        0.06775882434956282,
        0.2705909750264963,
        0.5814685786429834,
        0.5978561099033701,
        0.7387480753230364,
        0.8179395211961533
      ],
      [
        0.18054324413270284,
        0.2811842721527189,
        0.5925648741486995,
        0.6924715351242603,
        0.7967730426472959,
        0.8795399218780138
      ],
      [
        0.20461086260930106,
        0.41255523190986887,
        0.6199028539675921,
        0.6907467326770391,
        0.7780829243365439,
        0.8913857338021198
      ],
      [
        0.2029892766418877,
        0.44007286514838184,
        0.6490438315366469,
        0.7425581638683378,
        0.8328740597135664,
        0.9187333163138973
      ],
      [
        0.29461270826208086,
        0.4565715205548895,
        0.646622044265861,
        0.763556229994002,
        0.7952884462523659,
        0.930347265222149
      ],
      [
        0.2930988378046474,
        0.4660732463882119,
        0.6457714015456079,
        0.7379504712415049,
        0.8611258089260038,
        0.9462892059634119
      ],
      [
        0.28954933093831114,
        0.4729794663186285,
        0.62235408056687,
        0.7844256910402295,
        0.8595142694290802,
        0.9557399996449353
      ],
      [
        0.3535231011233698,
        0.4851554987323453,
        0.6900147384360772,
        0.7635152985396919,
        0.8875560569474316,
        0.9824928365728677
      ]
    ],
    "params": {
      "a": 1.0,
      "epsilon": 0.3,
      "n_rho": 50,
      "n_z": 100,
      "L_rho": 8.0,
      "L_z": 20.0,
      "n_modes": 6
    }
  },
  "fits": {
    "gamma": 0.20796770574272594,
    "prefactor": 4.0453229460793905,
    "mu_D": [
      3.074526923647832,
      2.837342529234989,
      2.6116731779199474,
      2.499574774428186,
      2.30966647532293,
      2.2482526728346444,
      2.2461507905252445,
      2.2431710451244435,
      2.3001096335678817
    ],
    "mu_fit": [
      3.032104484871305,
      2.7869095106562054,
      2.625062483537857,
      2.50602553657292,
      2.412783476935151,
      2.336660299539272,
      2.2726634510322365,
      2.2176706813947815,
      2.1696065065266437
    ],
    "omega_N_at_D_mid": [
      1.154833237661465,
      1.25328504152653,
      1.3340518587005608,
      1.3686521450076758,
      1.4012582167035954,
      1.4315669200144545
    ],
    "mu_at_D_mid": 2.30966647532293,
    "D_mid": 12.0,
    "hydrogenic_pred": [
      0.5,
      0.875,
      0.9444444444444444,
      0.96875,
      0.98,
      0.9861111111111112
    ]
  }
}