{
  "D": 12.0,
  "omega": [
    1.0878658136519452,
    1.0889154065309425,
    1.1168853110277692,
    1.1176510733152487,
    1.1365996391829039,
    1.1373031827984248
  ],
  "omega_sq": [
    1.1834520285126087,
    1.1857367625804478,
    1.247432797989597,
    1.2491439216827276,
    1.2918587397907073,
    1.2934585296034273
  ],
  "E": [
    0.18345202851260867,
    0.1857367625804478,
    0.24743279798959694,
    0.2491439216827276,
    0.2918587397907073,
    0.29345852960342733
  ],
  "S_N": [
    13.269771633271787,
    13.256565060367278,
    12.892798738956602,
    12.882503941708785,
    12.621614273580146,
    12.611692078565481
  ],
  "n_bound": 0
}