{
  "D": [
    6.0,
    8.0,
    10.0,
    12.0,
    14.0,
    16.0,
    18.0,
    20.0
  ],
  "E_bound": [
    -0.24101647798178133,
    -0.46425885523950094,
    -0.562102042077581,
    -0.9205263084737675,
    -0.4148507832469811,
    -0.21053940592836176,
    -0.07239888153241779,
    -0.3388510660320452
  ],
  "omega": [
    0.8711966035391888,
    0.7319434027030363,
    0.661738587300468,
    0.2819107864666276,
    0.76495046686241,
    0.8885159503754777,
    0.9631205108747203,
    0.8131106529667133
  ],
  "S_N": [
    10.652281967305871,
    13.145511435471697,
    15.44724503540894,
    18.850392603688075,
    18.520737055262515,
    18.81368554745908,
    18.972054275258273,
    22.794346641952178
  ],
  "n_turning": [
    4,
    4,
    4,
    4,
    4,
    4,
    4,
    4
  ],
  "n_bound": [
    2,
    3,
    3,
    1,
    2,
    3,
    3,
    1
  ],
  "params": {
    "a": 1.0,
    "eps": 0.2,
    "m0": 1.0,
    "xi": 0.0
  }
}