case,f_R3_gt_0p90,f_R3_gt_0p95,f_hmumu_chi2_le_4,best_chi2,winner_mean
baseline_eta_scan,0.8,0.0,0.09083333333333334,2.026057412855439e-05,2.05
eta_scaled_amp_profile,0.8,0.0,0.09,2.433107992755725e-05,2.05
eta_scaled_prob_profile,0.8,0.0,0.09,2.8783275928148835e-05,2.05
eta_closed_amp_profile,0.8,0.0,0.08333333333333333,0.03634068826313138,2.05
eta_closed_prob_profile,0.8,0.0,0.08333333333333333,0.03495339831373671,2.05
