D,level,Nz,zmax,E1,E2,DeltaE12,S1,A_split,omega1,omega2,eta_amp,eta_prob
6.0,coarse,4001,80.0,-0.48032802312823847,-0.4538946018867365,0.026433421241501942,4.28295330215199,1.9152098306917775,0.7208827760959208,0.73898944384427,1.0476384566238304,1.0975463357971613
6.0,mid,6001,80.0,-0.47966175841183983,-0.45318675633032307,0.026475002081516763,4.292739864715545,1.9370874990128588,0.7213447453112556,0.7394682168083202,1.0592324174262036,1.121973314126559
6.0,fine,8001,80.0,-0.4794374275180444,-0.45294840099174416,0.026489026526300252,4.2815845049986905,1.9166134104467458,0.721500223480184,0.7396293659720765,1.047868859419898,1.0980291465419578
12.0,coarse,4001,80.0,-0.4790325919142383,-0.4786653193973429,0.0003672725168953894,8.512695079169456,1.8281209691975455,0.7217807202230895,0.722035096517238,1.0,1.0
12.0,mid,6001,80.0,-0.47834360978929225,-0.4779747201689212,0.0003688896203710712,8.508654134992783,1.828765308863685,0.7222578419170731,0.7225131693132513,1.0,1.0
12.0,fine,8001,80.0,-0.4781115780400631,-0.47774214229939793,0.0003694357406651694,8.507335077563498,1.8290584677817285,0.7224184535018031,0.7226741019993743,1.0,1.0
18.0,coarse,4001,80.0,-0.4824579660647165,-0.48245268562276455,5.280441951971415e-06,12.755071025723922,1.8286358742867976,0.7194039435082932,0.719407613510752,1.0002816581057423,1.000563395542773
18.0,mid,6001,80.0,-0.48176629334139,-0.4817609744027066,5.318938683385177e-06,12.758449335792367,1.848200689755129,0.719884509250345,0.7198882035408647,1.010627597099116,1.0213681400183334
18.0,fine,8001,80.0,-0.48153337700574683,-0.48152804504454294,5.3319612038915665e-06,12.745759620617829,1.829363676917577,0.720046264481841,0.7200499669852483,1.0001668668012667,1.0003337614470627
