combo_id,mode,kappa,center_D,width_D,power,region,D,slice_p95_abs_delta_base,slice_p95_abs_delta_cf,slice_max_abs_delta_base,slice_max_abs_delta_cf,slice_mean_abs_improvement,slice_improved_fraction,slice_worsened_fraction,slice_p95_abs_cf_shift_vs_base
1,gamma_ref_enhance,0.05,6.1,0.12,0.5,D60_hotspot,4.813559322033898,8.950884564633627,8.950835671563096,8.958857939127418,8.958809003394277,4.851099193425328e-05,1.0,0.0,4.8893070530908744e-05
1,gamma_ref_enhance,0.05,6.1,0.12,0.5,D60_hotspot,5.627118644067797,10.271915904250342,10.139695289195288,10.272608773798765,10.140381358733428,0.1321594387957691,1.0,0.0,0.13222061505505422
1,gamma_ref_enhance,0.05,6.1,0.12,0.5,D60_hotspot,6.169491525423728,25.887561191706766,18.100584437554886,25.89060277919198,18.10335348344246,7.784524615309188,1.0,0.0,7.78697675415188
1,gamma_ref_enhance,0.05,6.1,0.12,0.5,D60_hotspot,6.4406779661016955,31.28630580743782,22.42008793293015,31.28639526077564,22.42015349228658,8.866002830482797,1.0,0.0,8.866217874507669
1,gamma_ref_enhance,0.05,6.1,0.12,0.5,D60_hotspot,6.711864406779661,7.462467784829663,3.928440054495198,7.462495924022775,3.9284622939448113,3.5339746324913373,1.0,0.0,3.534027730334465
1,gamma_ref_enhance,0.05,6.1,0.12,0.5,D21_guard,4.0,0.9136772062233662,0.9136772118206045,0.9244091557317824,0.9244091614040415,-4.966563767296276e-09,0.0,1.0,5.59723822846081e-09
1,gamma_ref_enhance,0.05,6.1,0.12,0.5,D21_guard,6.4,2.1022273869561374,8.476313996107535,2.102232425909044,8.47632631197709,-6.374021045675679,0.0,1.0,6.3741773308858285
1,gamma_ref_enhance,0.05,6.1,0.12,0.5,D21_guard,8.0,0.3226590996076344,0.5866606536899559,0.32265909973791107,0.5866606541700046,-0.26400155110059753,0.0,1.0,0.2640015540823215
2,gamma_ref_enhance,0.05,6.1,0.2,0.5,D60_hotspot,4.813559322033898,8.950884564633627,8.947329605446923,8.958857939127418,8.955299877991104,0.0035271786894360466,1.0,0.0,0.003554959186704565
2,gamma_ref_enhance,0.05,6.1,0.2,0.5,D60_hotspot,5.627118644067797,10.271915904250342,9.678328073570782,10.272608773798765,9.678990415327846,0.5933131875535717,1.0,0.0,0.5935878306795601
2,gamma_ref_enhance,0.05,6.1,0.2,0.5,D60_hotspot,6.169491525423728,25.887561191706766,18.74317248453434,25.89060277919198,18.745964020789927,7.142138920944823,1.0,0.0,7.144388707172425
2,gamma_ref_enhance,0.05,6.1,0.2,0.5,D60_hotspot,6.4406779661016955,31.28630580743782,23.298055094490174,31.28639526077564,23.298123019920972,7.988056963413263,1.0,0.0,7.9882507129476465
2,gamma_ref_enhance,0.05,6.1,0.2,0.5,D60_hotspot,6.711864406779661,7.462467784829663,4.057865081199189,7.462495924022775,4.057887536712318,3.40455155036455,1.0,0.0,3.4046027036304736
2,gamma_ref_enhance,0.05,6.1,0.2,0.5,D21_guard,4.0,0.9136772062233662,0.9136833441631582,0.9244091557317824,0.9244153759397835,-5.446341193842564e-06,0.0,1.0,6.1379397919836265e-06
2,gamma_ref_enhance,0.05,6.1,0.2,0.5,D21_guard,6.4,2.1022273869561374,7.778709568631349,2.102232425909044,7.778719984027575,-5.676433722407438,0.0,1.0,5.676572903409642
2,gamma_ref_enhance,0.05,6.1,0.2,0.5,D21_guard,8.0,0.3226590996076344,0.586642291031751,0.32265909973791107,0.5866422915117755,-0.26398318844260016,0.0,1.0,0.26398319142411664
3,gamma_ref_enhance,0.05,6.1,0.3,0.5,D60_hotspot,4.813559322033898,8.950884564633627,8.920928638219584,8.958857939127418,8.928875874080186,0.02972183356283018,1.0,0.0,0.029955926414043432
3,gamma_ref_enhance,0.05,6.1,0.3,0.5,D60_hotspot,5.627118644067797,10.271915904250342,9.094369397937562,10.272608773798765,9.095001707123721,1.1770016753092156,1.0,0.0,1.1775465063127797
3,gamma_ref_enhance,0.05,6.1,0.3,0.5,D60_hotspot,6.169491525423728,25.887561191706766,19.07695854116777,25.89060277919198,19.07976175982438,6.808457974392034,1.0,0.0,6.810602650538996
3,gamma_ref_enhance,0.05,6.1,0.3,0.5,D60_hotspot,6.4406779661016955,31.28630580743782,24.09963216591752,31.28639526077564,24.09970225155552,7.186499333687222,1.0,0.0,7.186673641520301
3,gamma_ref_enhance,0.05,6.1,0.3,0.5,D60_hotspot,6.711864406779661,7.462467784829663,4.294317967513827,7.462495924022775,4.294340817763921,3.1681022166927395,1.0,0.0,3.168149817315836
3,gamma_ref_enhance,0.05,6.1,0.3,0.5,D21_guard,4.0,0.9136772062233662,0.9138802783137874,0.9244091557317824,0.9246149496438214,-0.00018019073645210537,0.0,1.0,0.00020307209042114138
3,gamma_ref_enhance,0.05,6.1,0.3,0.5,D21_guard,6.4,2.1022273869561374,7.205407724130168,2.102232425909044,7.205416577688744,-5.1031459344024315,0.0,1.0,5.1032710589084616
3,gamma_ref_enhance,0.05,6.1,0.3,0.5,D21_guard,8.0,0.3226590996076344,0.5862248861004049,0.32265909973791107,0.5862248865798763,-0.26356578351596827,0.0,1.0,0.2635657864927705
4,gamma_ref_enhance,0.05,6.25,0.12,0.5,D60_hotspot,4.813559322033898,8.950884564633627,8.950870556301487,8.958857939127418,8.95884391857203,1.3898862971100947e-05,1.0,0.0,1.4008332140491575e-05
4,gamma_ref_enhance,0.05,6.25,0.12,0.5,D60_hotspot,5.627118644067797,10.271915904250342,10.233480859410818,10.272608773798765,10.234171752272779,0.038417261589400606,1.0,0.0,0.03843504483952387
4,gamma_ref_enhance,0.05,6.25,0.12,0.5,D60_hotspot,6.169491525423728,25.887561191706766,21.699838513879598,25.89060277919198,21.702733532463284,4.186403953273987,1.0,0.0,4.187722677827168
4,gamma_ref_enhance,0.05,6.25,0.12,0.5,D60_hotspot,6.4406779661016955,31.28630580743782,23.43687268930524,31.28639526077564,23.436940988842018,7.849242735523606,1.0,0.0,7.8494331181325805
4,gamma_ref_enhance,0.05,6.25,0.12,0.5,D60_hotspot,6.711864406779661,7.462467784829663,3.9777712302773978,7.462495924022775,3.9777935520809997,3.4846441978971634,1.0,0.0,3.484696554552265
4,gamma_ref_enhance,0.05,6.25,0.12,0.5,D21_guard,4.0,0.9136772062233662,0.9136772078270017,0.9244091557317824,0.9244091573569118,-1.4229443910425782e-09,0.0,1.0,1.6036354466564262e-09
4,gamma_ref_enhance,0.05,6.25,0.12,0.5,D21_guard,6.4,2.1022273869561374,7.512608264357127,2.102232425909044,7.512617954817543,-5.4103389425356765,0.0,1.0,5.41047159913542
4,gamma_ref_enhance,0.05,6.25,0.12,0.5,D21_guard,8.0,0.3226590996076344,0.5866605723198184,0.32265909973791107,0.5866605727998668,-0.264001469730461,0.0,1.0,0.264001472712184
5,gamma_ref_enhance,0.05,6.25,0.2,0.5,D60_hotspot,4.813559322033898,8.950884564633627,8.949203818301429,8.958857939127418,8.957175726226927,0.0016676120129432768,1.0,0.0,0.0016807463321981686
5,gamma_ref_enhance,0.05,6.25,0.2,0.5,D60_hotspot,5.627118644067797,10.271915904250342,9.977452579136205,10.272608773798765,9.978130304649511,0.2943270818761202,1.0,0.0,0.29446332511413686
5,gamma_ref_enhance,0.05,6.25,0.2,0.5,D60_hotspot,6.169491525423728,25.887561191706766,20.946342859124712,25.89060277919198,20.94921150561099,4.939662330325187,1.0,0.0,4.941218332582054
5,gamma_ref_enhance,0.05,6.25,0.2,0.5,D60_hotspot,6.4406779661016955,31.28630580743782,24.41763250279444,31.28639526077564,24.41770344542629,6.86850670969005,1.0,0.0,6.86867330464338
5,gamma_ref_enhance,0.05,6.25,0.2,0.5,D60_hotspot,6.711864406779661,7.462467784829663,4.210791358783592,7.462495924022775,4.210814069593475,3.251627570457507,1.0,0.0,3.251676426046071
5,gamma_ref_enhance,0.05,6.25,0.2,0.5,D21_guard,4.0,0.9136772062233662,0.9136801056250574,0.9244091557317824,0.924412093994817,-2.572708661972066e-06,0.0,1.0,2.8994016911809695e-06
5,gamma_ref_enhance,0.05,6.25,0.2,0.5,D21_guard,6.4,2.1022273869561374,6.858601937320735,2.102232425909044,6.858609846081478,-4.7563486507475945,0.0,1.0,4.756465272099028
5,gamma_ref_enhance,0.05,6.25,0.2,0.5,D21_guard,8.0,0.3226590996076344,0.5866217464703749,0.32265909973791107,0.5866217469503721,-0.2639626438814561,0.0,1.0,0.2639626468627405
6,gamma_ref_enhance,0.05,6.25,0.3,0.5,D60_hotspot,4.813559322033898,8.950884564633627,8.932612732785463,8.958857939127418,8.940570163832747,0.018129045237090496,1.0,0.0,0.018271831848164055
6,gamma_ref_enhance,0.05,6.25,0.3,0.5,D60_hotspot,5.627118644067797,10.271915904250342,9.503353949563412,10.272608773798765,9.504007292528264,0.7682063539706693,1.0,0.0,0.7685619546869304
6,gamma_ref_enhance,0.05,6.25,0.3,0.5,D60_hotspot,6.169491525423728,25.887561191706766,20.554958778669402,25.89060277919198,20.557813726842966,5.330923162935234,1.0,0.0,5.332602413037364
6,gamma_ref_enhance,0.05,6.25,0.3,0.5,D60_hotspot,6.4406779661016955,31.28630580743782,25.03858257801435,31.28639526077564,25.038655194073336,6.247571695187728,1.0,0.0,6.247723229423471
6,gamma_ref_enhance,0.05,6.25,0.3,0.5,D60_hotspot,6.711864406779661,7.462467784829663,4.502916962753506,7.462495924022775,4.502940161240982,2.9595063555984504,1.0,0.0,2.9595508220761566
6,gamma_ref_enhance,0.05,6.25,0.3,0.5,D21_guard,4.0,0.9136772062233662,0.9138004220480074,0.9244091557317824,0.9245340230462689,-0.00010933235649775536,0.0,1.0,0.000123215824641143
6,gamma_ref_enhance,0.05,6.25,0.3,0.5,D21_guard,6.4,2.1022273869561374,6.476831910127217,2.102232425909044,6.476838778837575,-4.3745879839790875,0.0,1.0,4.37469524490551
6,gamma_ref_enhance,0.05,6.25,0.3,0.5,D21_guard,8.0,0.3226590996076344,0.5859429404470591,0.32265909973791107,0.585942940926157,-0.263283837865807,0.0,1.0,0.2632838408394247
7,gamma_ref_enhance,0.05,6.4,0.12,0.5,D60_hotspot,4.813559322033898,8.950884564633627,8.950880551160155,8.958857939127418,8.958853922151912,3.9821098802744495e-06,1.0,0.0,4.0134734717867104e-06
7,gamma_ref_enhance,0.05,6.4,0.12,0.5,D60_hotspot,5.627118644067797,10.271915904250342,10.260857813933931,10.272608773798765,10.261550114772795,0.011052973923631339,1.0,0.0,0.011058090316410585
7,gamma_ref_enhance,0.05,6.4,0.12,0.5,D60_hotspot,6.169491525423728,25.887561191706766,24.285308784413743,25.89060277919198,24.288294293597374,1.6017478539229781,1.0,0.0,1.6022524072930224
7,gamma_ref_enhance,0.05,6.4,0.12,0.5,D60_hotspot,6.4406779661016955,31.28630580743782,25.68131415500816,31.28639526077564,25.68138850319425,5.604855707206864,1.0,0.0,5.604991652429661
7,gamma_ref_enhance,0.05,6.4,0.12,0.5,D60_hotspot,6.711864406779661,7.462467784829663,4.139676226695823,7.462495924022775,4.1396988187853445,3.322741634059001,1.0,0.0,3.32279155813384
7,gamma_ref_enhance,0.05,6.4,0.12,0.5,D21_guard,4.0,0.9136772062233662,0.9136772066828156,0.9244091557317824,0.92440915619739,-4.0768035018306654e-10,0.0,1.0,4.594493674403566e-10
7,gamma_ref_enhance,0.05,6.4,0.12,0.5,D21_guard,6.4,2.1022273869561374,5.643175150511368,2.102232425909044,5.643179748103059,-3.540951664369078,0.0,1.0,3.5410384852896613
7,gamma_ref_enhance,0.05,6.4,0.12,0.5,D21_guard,8.0,0.3226590996076344,0.5866602883105239,0.32265909973791107,0.5866602887905721,-0.26400118572116976,0.0,1.0,0.26400118870288947
8,gamma_ref_enhance,0.05,6.4,0.2,0.5,D60_hotspot,4.813559322033898,8.950884564633627,8.95009030058455,8.958857939127418,8.958062982027611,0.0007880572126299038,1.0,0.0,0.0007942640490767872
8,gamma_ref_enhance,0.05,6.4,0.2,0.5,D60_hotspot,5.627118644067797,10.271915904250342,10.129443904470627,10.272608773798765,10.130129446787492,0.14240608037678454,1.0,0.0,0.14247199977971547
8,gamma_ref_enhance,0.05,6.4,0.2,0.5,D60_hotspot,6.169491525423728,25.887561191706766,22.898231580831037,25.89060277919198,22.901168542773675,2.9883882633561547,1.0,0.0,2.9893296108757283
8,gamma_ref_enhance,0.05,6.4,0.2,0.5,D60_hotspot,6.4406779661016955,31.28630580743782,25.989627311589864,31.28639526077564,25.98970249066337,5.296550028549014,1.0,0.0,5.2966784958479565
8,gamma_ref_enhance,0.05,6.4,0.2,0.5,D60_hotspot,6.711864406779661,7.462467784829663,4.493187607165819,7.462495924022775,4.493210789411002,2.9692355650051154,1.0,0.0,2.969280177663844
8,gamma_ref_enhance,0.05,6.4,0.2,0.5,D21_guard,4.0,0.9136772062233662,0.9136785758136177,0.9244091557317824,0.9244105436789649,-1.2152702793032133e-06,0.0,1.0,1.369590251432129e-06
8,gamma_ref_enhance,0.05,6.4,0.2,0.5,D21_guard,6.4,2.1022273869561374,5.643175150511368,2.102232425909044,5.643179748103059,-3.540951664369078,0.0,1.0,3.5410384852896613
8,gamma_ref_enhance,0.05,6.4,0.2,0.5,D21_guard,8.0,0.3226590996076344,0.5865782641635477,0.32265909973791107,0.5865782646434874,-0.26391916157511996,0.0,1.0,0.26391916455591335
9,gamma_ref_enhance,0.05,6.4,0.3,0.5,D60_hotspot,4.813559322033898,8.950884564633627,8.939764034196275,8.958857939127418,8.947727705252357,0.01103362821169354,1.0,0.0,0.011120530437352727
9,gamma_ref_enhance,0.05,6.4,0.3,0.5,D60_hotspot,5.627118644067797,10.271915904250342,9.783207816548455,10.272608773798765,9.783875552194587,0.48848197067258475,1.0,0.0,0.48870808770188745
9,gamma_ref_enhance,0.05,6.4,0.3,0.5,D60_hotspot,6.169491525423728,25.887561191706766,21.960305832441435,25.89060277919198,21.963209967294674,3.9260186565351645,1.0,0.0,3.927255359265331
9,gamma_ref_enhance,0.05,6.4,0.3,0.5,D60_hotspot,6.4406779661016955,31.28630580743782,26.14605147461895,31.28639526077564,26.146127075247186,5.140129659480556,1.0,0.0,5.14025433281887
9,gamma_ref_enhance,0.05,6.4,0.3,0.5,D60_hotspot,6.711864406779661,7.462467784829663,4.792776647583548,7.462495924022775,4.792800329965868,2.6696510258344275,1.0,0.0,2.669691137246115
9,gamma_ref_enhance,0.05,6.4,0.3,0.5,D21_guard,4.0,0.9136772062233662,0.9137519574697426,0.9244091557317824,0.92448490888619,-6.632857379523116e-05,0.0,1.0,7.475124637634778e-05
9,gamma_ref_enhance,0.05,6.4,0.3,0.5,D21_guard,6.4,2.1022273869561374,5.643175150511368,2.102232425909044,5.643179748103059,-3.540951664369078,0.0,1.0,3.5410384852896613
9,gamma_ref_enhance,0.05,6.4,0.3,0.5,D21_guard,8.0,0.3226590996076344,0.585479403121558,0.32265909973791107,0.5854794036000417,-0.2628203005455411,0.0,1.0,0.2628203035139236
10,gamma_ref_enhance,0.05,6.55,0.12,0.5,D60_hotspot,4.813559322033898,8.950884564633627,8.950883414752658,8.958857939127418,8.958856788243095,1.1408951384474959e-06,1.0,0.0,1.1498809691090628e-06
10,gamma_ref_enhance,0.05,6.55,0.12,0.5,D60_hotspot,5.627118644067797,10.271915904250342,10.268743890088068,10.272608773798765,10.269436596502103,0.0031705465245653926,1.0,0.0,0.003172014162274195
10,gamma_ref_enhance,0.05,6.55,0.12,0.5,D60_hotspot,6.169491525423728,25.887561191706766,25.379718705505837,25.89060277919198,25.382742518672856,0.5076825653066352,1.0,0.0,0.5078424862009285
10,gamma_ref_enhance,0.05,6.55,0.12,0.5,D60_hotspot,6.4406779661016955,31.28630580743782,28.48162591027431,31.28639526077564,28.481707805150315,2.8046118715789694,1.0,0.0,2.80467989716351
10,gamma_ref_enhance,0.05,6.55,0.12,0.5,D60_hotspot,6.711864406779661,7.462467784829663,4.603430446093121,7.462495924022775,4.603453812378877,2.8589943824476567,1.0,0.0,2.8590373387365418
10,gamma_ref_enhance,0.05,6.55,0.12,0.5,D21_guard,4.0,0.9136772062233662,0.9136772063550005,0.9244091557317824,0.924409155865181,-1.1680228058465428e-10,0.0,1.0,1.3163425904849646e-10
10,gamma_ref_enhance,0.05,6.55,0.12,0.5,D21_guard,6.4,2.1022273869561374,3.707018318279644,2.102232425909044,3.7070189847985233,-1.6048302814328153,0.0,1.0,1.6048696304145622
10,gamma_ref_enhance,0.05,6.55,0.12,0.5,D21_guard,8.0,0.3226590996076344,0.5866592970254636,0.32265909973791107,0.5866592975055105,-0.26400019443612055,0.0,1.0,0.2640001974178292
11,gamma_ref_enhance,0.05,6.55,0.2,0.5,D60_hotspot,4.813559322033898,8.950884564633627,8.950509305911828,8.958857939127418,8.958482352966234,0.0003723262341530642,1.0,0.0,0.000375258721799554
11,gamma_ref_enhance,0.05,6.55,0.2,0.5,D60_hotspot,5.627118644067797,10.271915904250342,10.203836076736515,10.272608773798765,10.204525444988818,0.06804832812034248,1.0,0.0,0.06807982751382724
11,gamma_ref_enhance,0.05,6.55,0.2,0.5,D60_hotspot,6.169491525423728,25.887561191706766,24.259679450179732,25.89060277919198,24.262664062345166,1.6273691174142748,1.0,0.0,1.627881741527034
11,gamma_ref_enhance,0.05,6.55,0.2,0.5,D60_hotspot,6.4406779661016955,31.28630580743782,27.71863745257378,31.28639526077564,27.71871729123682,3.567581823518514,1.0,0.0,3.5676683548640398
11,gamma_ref_enhance,0.05,6.55,0.2,0.5,D60_hotspot,6.711864406779661,7.462467784829663,4.954417912895597,7.462495924022775,4.954441865123563,2.5080121891401497,1.0,0.0,2.508049871934066
11,gamma_ref_enhance,0.05,6.55,0.2,0.5,D21_guard,4.0,0.9136772062233662,0.9136778531741943,0.9244091557317824,0.9244098113538399,-5.740549865760661e-07,0.0,1.0,6.46950828020465e-07
11,gamma_ref_enhance,0.05,6.55,0.2,0.5,D21_guard,6.4,2.1022273869561374,4.399886766728876,2.102232425909044,4.399887977248582,-2.2976937641417594,0.0,1.0,2.2977501015071695
11,gamma_ref_enhance,0.05,6.55,0.2,0.5,D21_guard,8.0,0.3226590996076344,0.5864862592834279,0.32265909973791107,0.5864862597632454,-0.26382715669603923,0.0,1.0,0.2638271596757935
12,gamma_ref_enhance,0.05,6.55,0.3,0.5,D60_hotspot,4.813559322033898,8.950884564633627,8.944125526693137,8.958857939127418,8.95209300345534,0.006706218927613842,1.0,0.0,0.0067590379404904866
12,gamma_ref_enhance,0.05,6.55,0.3,0.5,D60_hotspot,5.627118644067797,10.271915904250342,9.966539511751307,10.272608773798765,9.967216676013479,0.3052350999679163,1.0,0.0,0.3053763924990349
12,gamma_ref_enhance,0.05,6.55,0.3,0.5,D60_hotspot,6.169491525423728,25.887561191706766,23.149919672852064,25.89060277919198,23.15286544379424,2.73677942855731,1.0,0.0,2.7376415188547014
12,gamma_ref_enhance,0.05,6.55,0.3,0.5,D60_hotspot,6.4406779661016955,31.28630580743782,27.308712741770442,31.28639526077564,27.308791475708396,3.977496591879541,1.0,0.0,3.977593065667378
12,gamma_ref_enhance,0.05,6.55,0.3,0.5,D60_hotspot,6.711864406779661,7.462467784829663,5.163998803103773,7.462495924022775,5.164023105208308,2.2984344478300813,1.0,0.0,2.2984689817258896
12,gamma_ref_enhance,0.05,6.55,0.3,0.5,D21_guard,4.0,0.9136772062233662,0.9137225514285072,0.9244091557317824,0.9244551087090662,-4.02358881121349e-05,0.0,1.0,4.534520514098972e-05
12,gamma_ref_enhance,0.05,6.55,0.3,0.5,D21_guard,6.4,2.1022273869561374,4.796504501639873,2.102232425909044,4.7965067926593505,-2.6943017745843507,0.0,1.0,2.6943678364181665
12,gamma_ref_enhance,0.05,6.55,0.3,0.5,D21_guard,8.0,0.3226590996076344,0.5847187066245425,0.32265909973791107,0.5847187071020183,-0.26205960405711715,0.0,1.0,0.2620596070169081
13,gamma_ref_enhance,0.1,6.1,0.12,0.5,D60_hotspot,4.813559322033898,8.950884564633627,8.950786778611048,8.958857939127418,8.958760067779723,9.702186631310199e-05,1.0,0.0,9.77860225788163e-05
13,gamma_ref_enhance,0.1,6.1,0.12,0.5,D60_hotspot,5.627118644067797,10.271915904250342,10.0077733134978,10.272608773798765,10.008452598384473,0.2640203764093857,1.0,0.0,0.26414259075254165
13,gamma_ref_enhance,0.1,6.1,0.12,0.5,D60_hotspot,6.169491525423728,25.887561191706766,10.909349696479083,25.89060277919198,10.911867051541435,14.973494818221804,1.0,0.0,14.978211495227683
13,gamma_ref_enhance,0.1,6.1,0.12,0.5,D60_hotspot,6.4406779661016955,31.28630580743782,14.555523765022741,31.28639526077564,14.555568129800754,16.730376248788016,1.0,0.0,16.73078204241508
13,gamma_ref_enhance,0.1,6.1,0.12,0.5,D60_hotspot,6.711864406779661,7.462467784829663,0.8213465142404885,7.462495924022775,0.8213635666750783,6.641021489477558,1.0,0.0,6.641121270589174
13,gamma_ref_enhance,0.1,6.1,0.12,0.5,D21_guard,4.0,0.9136772062233662,0.9136772174178427,0.9244091557317824,0.924409167076301,-9.933127502098221e-09,0.0,1.0,1.119447645692162e-08
13,gamma_ref_enhance,0.1,6.1,0.12,0.5,D21_guard,6.4,2.1022273869561374,14.147279098378206,2.102232425909044,14.147306863573341,-12.04484710443897,0.0,1.0,12.0451424331565
13,gamma_ref_enhance,0.1,6.1,0.12,0.5,D21_guard,8.0,0.3226590996076344,0.815846596718397,0.32265909973791107,0.815846597502091,-0.49318749154053426,0.0,1.0,0.4931874971107626
14,gamma_ref_enhance,0.1,6.1,0.2,0.5,D60_hotspot,4.813559322033898,8.950884564633627,8.94377527263016,8.958857939127418,8.951742443771286,0.0070537359037428716,1.0,0.0,0.00710929200346655
14,gamma_ref_enhance,0.1,6.1,0.2,0.5,D60_hotspot,5.627118644067797,10.271915904250342,9.090759164320332,10.272608773798765,9.091391287834796,1.180610238531949,1.0,0.0,1.1811567399300102
14,gamma_ref_enhance,0.1,6.1,0.2,0.5,D60_hotspot,6.169491525423728,25.887561191706766,12.100260319753161,25.89060277919198,12.102819356291405,13.782959215740737,1.0,0.0,13.787300871953605
14,gamma_ref_enhance,0.1,6.1,0.2,0.5,D60_hotspot,6.4406779661016955,31.28630580743782,16.12290478699984,31.28639526077564,16.122953375785606,15.16303324256106,1.0,0.0,15.16340102043798
14,gamma_ref_enhance,0.1,6.1,0.2,0.5,D60_hotspot,6.711864406779661,7.462467784829663,1.0494983578561907,7.462495924022775,1.0495157911698954,6.412873073783686,1.0,0.0,6.412969426973472
14,gamma_ref_enhance,0.1,6.1,0.2,0.5,D21_guard,4.0,0.9136772062233662,0.9136894820860486,0.9244091557317824,0.9244215961306566,-1.0892667390711275e-05,0.0,1.0,1.2275862682376015e-05
14,gamma_ref_enhance,0.1,6.1,0.2,0.5,D21_guard,6.4,2.1022273869561374,12.897569724693469,2.102232425909044,12.897594085324016,-10.795168371742388,0.0,1.0,10.795433059471762
14,gamma_ref_enhance,0.1,6.1,0.2,0.5,D21_guard,8.0,0.3226590996076344,0.8158147144411478,0.32265909973791107,0.8158147152247994,-0.4931556092636451,0.0,1.0,0.49315561483351344
15,gamma_ref_enhance,0.1,6.1,0.3,0.5,D60_hotspot,4.813559322033898,8.950884564633627,8.891017187955091,8.958857939127418,8.898938323991048,0.059399538538340804,1.0,0.0,0.05986737667853603
15,gamma_ref_enhance,0.1,6.1,0.3,0.5,D60_hotspot,5.627118644067797,10.271915904250342,7.940509606542342,10.272608773798765,7.941082573556805,2.330327595146282,1.0,0.0,2.331406297708
15,gamma_ref_enhance,0.1,6.1,0.3,0.5,D60_hotspot,6.169491525423728,25.887561191706766,12.72206903809682,25.89060277919198,12.724649837733494,13.161346306548577,1.0,0.0,13.165492153609947
15,gamma_ref_enhance,0.1,6.1,0.3,0.5,D60_hotspot,6.4406779661016955,31.28630580743782,17.571065737007736,31.28639526077564,17.57111822850954,13.714907416702358,1.0,0.0,13.715240070430085
15,gamma_ref_enhance,0.1,6.1,0.3,0.5,D60_hotspot,6.711864406779661,7.462467784829663,1.4692774195168568,7.462495924022775,1.4692955536141952,5.993100319193722,1.0,0.0,5.993190365312806
15,gamma_ref_enhance,0.1,6.1,0.3,0.5,D21_guard,4.0,0.9136772062233662,0.9140833319041439,0.9244091557317824,0.9248207248078351,-0.0003603650573532164,0.0,1.0,0.0004061256807776914
15,gamma_ref_enhance,0.1,6.1,0.3,0.5,D21_guard,6.4,2.1022273869561374,11.85792912678572,2.102232425909044,11.8579506551389,-9.755553264253383,0.0,1.0,9.755792461564013
15,gamma_ref_enhance,0.1,6.1,0.3,0.5,D21_guard,8.0,0.3226590996076344,0.8150899017243751,0.32265909973791107,0.8150899025070664,-0.49243079655505867,0.0,1.0,0.49243080211674073
16,gamma_ref_enhance,0.1,6.25,0.12,0.5,D60_hotspot,4.813559322033898,8.950884564633627,8.950856547979066,8.958857939127418,8.958829898026375,2.7797716295061664e-05,1.0,0.0,2.8016654560758525e-05
16,gamma_ref_enhance,0.1,6.25,0.12,0.5,D60_hotspot,5.627118644067797,10.271915904250342,10.195071049581266,10.272608773798765,10.195759967054585,0.076809299844647,1.0,0.0,0.07684485466907631
16,gamma_ref_enhance,0.1,6.25,0.12,0.5,D60_hotspot,6.169491525423728,25.887561191706766,17.684412274331223,25.89060277919198,17.687166754331443,8.200565724857082,1.0,0.0,8.203148917375543
16,gamma_ref_enhance,0.1,6.25,0.12,0.5,D60_hotspot,6.4406779661016955,31.28630580743782,16.37252585639647,31.28639526077564,16.372575117897625,14.913418227552013,1.0,0.0,14.913779951041349
16,gamma_ref_enhance,0.1,6.25,0.12,0.5,D60_hotspot,6.711864406779661,7.462467784829663,0.908172982379817,7.462495924022775,0.9081901797634373,6.554196325883224,1.0,0.0,6.554294802449846
16,gamma_ref_enhance,0.1,6.25,0.12,0.5,D21_guard,4.0,0.9136772062233662,0.9136772094306376,0.9244091557317824,0.9244091589820416,-2.8458887929166006e-09,0.0,1.0,3.2072713374020623e-09
16,gamma_ref_enhance,0.1,6.25,0.12,0.5,D21_guard,6.4,2.1022273869561374,12.416429481112672,2.102232425909044,12.416452530980038,-10.314039924994374,0.0,1.0,10.314292815890965
16,gamma_ref_enhance,0.1,6.25,0.12,0.5,D21_guard,8.0,0.3226590996076344,0.8158464554397427,0.32265909973791107,0.8158464562234364,-0.49318735026188154,0.0,1.0,0.49318735583210827
17,gamma_ref_enhance,0.1,6.25,0.2,0.5,D60_hotspot,4.813559322033898,8.950884564633627,8.947523211981478,8.958857939127418,8.955493653460854,0.003335085107777284,1.0,0.0,0.0033613526521492076
17,gamma_ref_enhance,0.1,6.25,0.2,0.5,D60_hotspot,5.627118644067797,10.271915904250342,9.68447044521239,10.272608773798765,9.68513310286717,0.587173657884223,1.0,0.0,0.5874454590379514
17,gamma_ref_enhance,0.1,6.25,0.2,0.5,D60_hotspot,6.169491525423728,25.887561191706766,16.245001499749378,25.89060277919198,16.24770560085102,9.639523225314402,1.0,0.0,9.642559691957388
17,gamma_ref_enhance,0.1,6.25,0.2,0.5,D60_hotspot,6.4406779661016955,31.28630580743782,18.15011428298076,31.28639526077564,18.150168334987335,13.1358729151541,1.0,0.0,13.136191524457061
17,gamma_ref_enhance,0.1,6.25,0.2,0.5,D60_hotspot,6.711864406779661,7.462467784829663,1.3205544843166521,7.462495924022775,1.320572370134336,6.141821019870693,1.0,0.0,6.141913300513011
17,gamma_ref_enhance,0.1,6.25,0.2,0.5,D21_guard,4.0,0.9136772062233662,0.9136830050229774,0.9244091557317824,0.9244150322540294,-5.145413977325756e-06,0.0,1.0,5.798799611156369e-06
17,gamma_ref_enhance,0.1,6.25,0.2,0.5,D21_guard,6.4,2.1022273869561374,11.223499570949507,2.102232425909044,11.223519370935719,-9.121139263672587,0.0,1.0,9.1213629057278
17,gamma_ref_enhance,0.1,6.25,0.2,0.5,D21_guard,8.0,0.3226590996076344,0.815779043421927,0.32265909973791107,0.8157790442055315,-0.49311993824482736,0.0,1.0,0.4931199438142926
18,gamma_ref_enhance,0.1,6.25,0.3,0.5,D60_hotspot,4.813559322033898,8.950884564633627,8.914357448188179,8.958857939127418,8.922298950227587,0.03624167253304393,1.0,0.0,0.03652711644544837
18,gamma_ref_enhance,0.1,6.25,0.3,0.5,D60_hotspot,5.627118644067797,10.271915904250342,8.74488235022821,10.272608773798765,8.745496685549135,1.5263270212276692,1.0,0.0,1.5270335540221325
18,gamma_ref_enhance,0.1,6.25,0.3,0.5,D60_hotspot,6.169491525423728,25.887561191706766,15.50173866146882,25.89060277919198,15.504416748618212,10.382552008231295,1.0,0.0,10.385822530237945
18,gamma_ref_enhance,0.1,6.25,0.3,0.5,D60_hotspot,6.4406779661016955,31.28630580743782,19.288234825465672,31.28639526077564,19.288291944646026,11.997779977001239,1.0,0.0,11.998070981972148
18,gamma_ref_enhance,0.1,6.25,0.3,0.5,D60_hotspot,6.711864406779661,7.462467784829663,1.8427805067215708,7.462495924022775,1.8427992643489368,5.619602843775288,1.0,0.0,5.619687278108092
18,gamma_ref_enhance,0.1,6.25,0.3,0.5,D21_guard,4.0,0.9136772062233662,0.9139236310617296,0.9244091557317824,0.9246588834585476,-0.0002186586695034083,0.0,1.0,0.00024642483836334605
18,gamma_ref_enhance,0.1,6.25,0.3,0.5,D21_guard,6.4,2.1022273869561374,10.520294047073001,2.102232425909044,10.520311931326901,-8.417950981334462,0.0,1.0,8.418157381851294
18,gamma_ref_enhance,0.1,6.25,0.3,0.5,D21_guard,8.0,0.3226590996076344,0.8146002119947722,0.32265909973791107,0.8146002127768148,-0.4919411068309865,0.0,1.0,0.4919411123871378
19,gamma_ref_enhance,0.1,6.4,0.12,0.5,D60_hotspot,4.813559322033898,8.950884564633627,8.95087653768748,8.958857939127418,8.958849905177201,7.964218970154694e-06,1.0,0.0,8.026946147765557e-06
19,gamma_ref_enhance,0.1,6.4,0.12,0.5,D60_hotspot,5.627118644067797,10.271915904250342,10.249801812475738,10.272608773798765,10.25049354471247,0.022103859955523473,1.0,0.0,0.022114091774604105
19,gamma_ref_enhance,0.1,6.4,0.12,0.5,D60_hotspot,6.169491525423728,25.887561191706766,22.708278540680624,25.89060277919198,22.711208854329982,3.178281486809709,1.0,0.0,3.179282651026142
19,gamma_ref_enhance,0.1,6.4,0.12,0.5,D60_hotspot,6.4406779661016955,31.28630580743782,20.47662725328066,31.28639526077564,20.476687575114845,10.80941637282835,1.0,0.0,10.80967855415716
19,gamma_ref_enhance,0.1,6.4,0.12,0.5,D60_hotspot,6.711864406779661,7.462467784829663,1.1943066815940533,7.462495924022775,1.194324356652313,6.268066925753048,1.0,0.0,6.2681611032356095
19,gamma_ref_enhance,0.1,6.4,0.12,0.5,D21_guard,4.0,0.9136772062233662,0.913677207142265,0.9244091557317824,0.9244091566629971,-8.153607382761875e-10,0.0,1.0,9.188987348807132e-10
19,gamma_ref_enhance,0.1,6.4,0.12,0.5,D21_guard,6.4,2.1022273869561374,8.967193802706703,2.102232425909044,8.967207455872789,-6.864888816642682,0.0,1.0,6.865057137484996
19,gamma_ref_enhance,0.1,6.4,0.12,0.5,D21_guard,8.0,0.3226590996076344,0.8158459623294159,0.32265909973791107,0.815845963113109,-0.49318685715156024,0.0,1.0,0.49318686272178147
20,gamma_ref_enhance,0.1,6.4,0.2,0.5,D60_hotspot,4.813559322033898,8.950884564633627,8.949296067802857,8.958857939127418,8.957268056222473,0.001576083402219417,1.0,0.0,0.0015884968307702252
20,gamma_ref_enhance,0.1,6.4,0.2,0.5,D60_hotspot,5.627118644067797,10.271915904250342,9.987318647718595,10.272608773798765,9.98799688063665,0.28446557815806645,1.0,0.0,0.2845972565317467
20,gamma_ref_enhance,0.1,6.4,0.2,0.5,D60_hotspot,6.169491525423728,25.887561191706766,19.99669662570541,25.89060277919198,19.999532034889228,5.889009517723252,1.0,0.0,5.890864566001355
20,gamma_ref_enhance,0.1,6.4,0.2,0.5,D60_hotspot,6.4406779661016955,31.28630580743782,21.050425753311906,31.28639526077564,21.05048762150225,10.235631789885613,1.0,0.0,10.235880054125914
20,gamma_ref_enhance,0.1,6.4,0.2,0.5,D60_hotspot,6.711864406779661,7.462467784829663,1.8252936469187944,7.462495924022775,1.825312375353409,5.637089440842569,1.0,0.0,5.637174137910868
20,gamma_ref_enhance,0.1,6.4,0.2,0.5,D21_guard,4.0,0.9136772062233662,0.9136799454030275,0.9244091557317824,0.9244119316252943,-2.4305398117458586e-06,0.0,1.0,2.7391796613152053e-06
20,gamma_ref_enhance,0.1,6.4,0.2,0.5,D21_guard,6.4,2.1022273869561374,8.967193802706703,2.102232425909044,8.967207455872789,-6.864888816642682,0.0,1.0,6.865057137484996
20,gamma_ref_enhance,0.1,6.4,0.2,0.5,D21_guard,8.0,0.3226590996076344,0.8157035447658252,0.32265909973791107,0.8157035455493298,-0.49304443958957817,0.0,1.0,0.4930444451581908
21,gamma_ref_enhance,0.1,6.4,0.3,0.5,D60_hotspot,4.813559322033898,8.950884564633627,8.928649633084317,8.958857939127418,8.936603606050953,0.022061174996067173,1.0,0.0,0.022234931549309778
21,gamma_ref_enhance,0.1,6.4,0.3,0.5,D60_hotspot,5.627118644067797,10.271915904250342,9.298579612224856,10.272608773798765,9.299222423794141,0.9728859456604413,1.0,0.0,0.9733362920254862
21,gamma_ref_enhance,0.1,6.4,0.3,0.5,D60_hotspot,6.169491525423728,25.887561191706766,18.18458051886958,25.89060277919198,18.18735250459207,7.700554984574751,1.0,0.0,7.702980672837185
21,gamma_ref_enhance,0.1,6.4,0.3,0.5,D60_hotspot,6.4406779661016955,31.28630580743782,21.342471483496176,31.28639526077564,21.342534138734088,9.943593143069945,1.0,0.0,9.943834323941644
21,gamma_ref_enhance,0.1,6.4,0.3,0.5,D60_hotspot,6.711864406779661,7.462467784829663,2.3667224127607405,7.462495924022775,2.366742045062299,5.09566880982634,1.0,0.0,5.095745372068922
21,gamma_ref_enhance,0.1,6.4,0.3,0.5,D21_guard,4.0,0.9136772062233662,0.913826706209377,0.9244091557317824,0.9245606595002576,-0.00013265492329829723,0.0,1.0,0.00014949998601077041
21,gamma_ref_enhance,0.1,6.4,0.3,0.5,D21_guard,6.4,2.1022273869561374,8.967193802706703,2.102232425909044,8.967207455872789,-6.864888816642682,0.0,1.0,6.865057137484996
21,gamma_ref_enhance,0.1,6.4,0.3,0.5,D21_guard,8.0,0.3226590996076344,0.8137949570334115,0.32265909973791107,0.8137949578143873,-0.4911358518787208,0.0,1.0,0.49113585742577714
22,gamma_ref_enhance,0.1,6.55,0.12,0.5,D60_hotspot,4.813559322033898,8.950884564633627,8.95088226487175,8.958857939127418,8.958855637358836,2.281790215145444e-06,1.0,0.0,2.299761877821993e-06
22,gamma_ref_enhance,0.1,6.55,0.12,0.5,D60_hotspot,5.627118644067797,10.271915904250342,10.26557204780326,10.272608773798765,10.266264591091748,0.006340921251187126,1.0,0.0,0.006343856447081464
22,gamma_ref_enhance,0.1,6.55,0.12,0.5,D60_hotspot,6.169491525423728,25.887561191706766,24.87441005549394,25.89060277919198,24.8774161830262,1.012832092335717,1.0,0.0,1.0131511362128265
22,gamma_ref_enhance,0.1,6.55,0.12,0.5,D60_hotspot,6.4406779661016955,31.28630580743782,25.77717824645294,31.28639526077564,25.777252852987623,5.508993940879771,1.0,0.0,5.509127560984879
22,gamma_ref_enhance,0.1,6.55,0.12,0.5,D60_hotspot,6.711864406779661,7.462467784829663,2.0238151636143584,7.462495924022775,2.023834223462906,5.438570906880914,1.0,0.0,5.438652621215304
22,gamma_ref_enhance,0.1,6.55,0.12,0.5,D21_guard,4.0,0.9136772062233662,0.9136772064866352,0.9244091557317824,0.9244091559985801,-2.336047777981914e-10,0.0,1.0,2.6326896218620277e-10
22,gamma_ref_enhance,0.1,6.55,0.12,0.5,D21_guard,6.4,2.1022273869561374,5.267298226885373,2.102232425909044,5.267301800481171,-3.1650839566780906,0.0,1.0,3.165161561663666
22,gamma_ref_enhance,0.1,6.55,0.12,0.5,D21_guard,8.0,0.3226590996076344,0.8158442412129268,0.32265909973791107,0.8158442419966176,-0.4931851360350907,0.0,1.0,0.49318514160529237
23,gamma_ref_enhance,0.1,6.55,0.2,0.5,D60_hotspot,4.813559322033898,8.950884564633627,8.950134054169512,8.958857939127418,8.958106773790623,0.0007446455433664379,1.0,0.0,0.0007505104641154503
23,gamma_ref_enhance,0.1,6.55,0.2,0.5,D60_hotspot,5.627118644067797,10.271915904250342,10.13583542377021,10.272608773798765,10.136521294798278,0.1360175183258996,1.0,0.0,0.13608048048013188
23,gamma_ref_enhance,0.1,6.55,0.2,0.5,D60_hotspot,6.169491525423728,25.887561191706766,22.657833223870114,25.89060277919198,22.660761771950177,3.2287109182612688,1.0,0.0,3.229727967836652
23,gamma_ref_enhance,0.1,6.55,0.2,0.5,D60_hotspot,6.4406779661016955,31.28630580743782,24.313153750865233,31.28639526077564,24.313224411932445,6.972982927558898,1.0,0.0,6.973152056572587
23,gamma_ref_enhance,0.1,6.55,0.2,0.5,D60_hotspot,6.711864406779661,7.462467784829663,2.6613952242418897,7.462495924022775,2.6614153484733762,4.801000425727177,1.0,0.0,4.801072560587773
23,gamma_ref_enhance,0.1,6.55,0.2,0.5,D21_guard,4.0,0.9136772062233662,0.9136785001248344,0.9244091557317824,0.9244104669757074,-1.1481098064616226e-06,0.0,1.0,1.2939014681911942e-06
23,gamma_ref_enhance,0.1,6.55,0.2,0.5,D21_guard,6.4,2.1022273869561374,6.606258432489241,2.102232425909044,6.606265653794338,-4.504011332998079,0.0,1.0,4.504121767267534
23,gamma_ref_enhance,0.1,6.55,0.2,0.5,D21_guard,8.0,0.3226590996076344,0.8155437897742066,0.32265909973791107,0.8155437905574994,-0.49288468459976403,0.0,1.0,0.4928846901665722
24,gamma_ref_enhance,0.1,6.55,0.3,0.5,D60_hotspot,4.813559322033898,8.950884564633627,8.937368753039477,8.958857939127418,8.945330334045844,0.01341019126283916,1.0,0.0,0.013515811594150051
24,gamma_ref_enhance,0.1,6.55,0.3,0.5,D60_hotspot,5.627118644067797,10.271915904250342,9.662756133342846,10.272608773798765,9.663417674246325,0.608877922906133,1.0,0.0,0.6091597709074961
24,gamma_ref_enhance,0.1,6.55,0.3,0.5,D60_hotspot,6.169491525423728,25.887561191706766,20.485911346341823,25.89060277919198,20.488763877878213,5.399948852050249,1.0,0.0,5.401649845364943
24,gamma_ref_enhance,0.1,6.55,0.3,0.5,D60_hotspot,6.4406779661016955,31.28630580743782,23.532715487126133,31.28639526077564,23.532784044954106,7.7534022623039505,1.0,0.0,7.753590320311687
24,gamma_ref_enhance,0.1,6.55,0.3,0.5,D60_hotspot,6.711864406779661,7.462467784829663,3.046121745111712,7.462495924022775,3.0461425116097445,4.416279685272796,1.0,0.0,4.416346039717951
24,gamma_ref_enhance,0.1,6.55,0.3,0.5,D21_guard,4.0,0.9136772062233662,0.9137678957112136,0.9244091557317824,0.9245010607515525,-8.047095772627954e-05,0.0,1.0,9.068948784740627e-05
24,gamma_ref_enhance,0.1,6.55,0.3,0.5,D21_guard,6.4,2.1022273869561374,7.365225402044125,2.102232425909044,7.365234690991606,-5.262959693828072,0.0,1.0,5.263088736822418
24,gamma_ref_enhance,0.1,6.55,0.3,0.5,D21_guard,8.0,0.3226590996076344,0.8124730132961031,0.32265909973791107,0.8124730140753276,-0.48981390815634296,0.0,1.0,0.4898139136884687
25,gamma_ref_enhance,0.15,6.1,0.12,0.5,D60_hotspot,4.813559322033898,8.950884564633627,8.950737885777487,8.958857939127418,8.958711132283755,0.0001455326231331626,1.0,0.0,0.00014667885614016996
25,gamma_ref_enhance,0.15,6.1,0.12,0.5,D60_hotspot,5.627118644067797,10.271915904250342,9.876149302637756,10.272608773798765,9.876821818197072,0.3955834870488869,1.0,0.0,0.3957666016125856
25,gamma_ref_enhance,0.15,6.1,0.12,0.5,D60_hotspot,6.169491525423728,25.887561191706766,4.268279774999925,25.89060277919198,4.2705646948228235,21.612473449842827,1.0,0.0,21.61928141670684
25,gamma_ref_enhance,0.15,6.1,0.12,0.5,D60_hotspot,6.4406779661016955,31.28630580743782,7.579452296153299,31.28639526077564,7.579477860793055,23.70627851783542,1.0,0.0,23.70685351128452
25,gamma_ref_enhance,0.15,6.1,0.12,0.5,D60_hotspot,6.711864406779661,7.462467784829663,1.9106142006325726,7.462495924022775,1.9106266946335495,5.551712767738159,1.0,0.0,9.372857126826748
25,gamma_ref_enhance,0.15,6.1,0.12,0.5,D21_guard,4.0,0.9136772062233662,0.9136772230150809,0.9244091557317824,0.9244091727485602,-1.4899691231484442e-08,0.0,1.0,1.679171468538243e-08
25,gamma_ref_enhance,0.15,6.1,0.12,0.5,D21_guard,6.4,2.1022273869561374,19.192611777678252,2.102232425909044,19.192653287797896,-17.09005607979463,0.0,1.0,17.090475112456545
25,gamma_ref_enhance,0.15,6.1,0.12,0.5,D21_guard,8.0,0.3226590996076344,1.0148082909569736,0.32265909973791107,1.0148082920042691,-0.6921491835319694,0.0,1.0,0.6921491913493392
26,gamma_ref_enhance,0.15,6.1,0.2,0.5,D60_hotspot,4.813559322033898,8.950884564633627,8.940221566072976,8.958857939127418,8.948185636357502,0.010579671752425262,1.0,0.0,0.010662998560651005
26,gamma_ref_enhance,0.15,6.1,0.2,0.5,D60_hotspot,5.627118644067797,10.271915904250342,8.509148145235713,10.272608773798765,8.50975035691755,1.7619521559602738,1.0,0.0,1.7627677590146291
26,gamma_ref_enhance,0.15,6.1,0.2,0.5,D60_hotspot,6.169491525423728,25.887561191706766,5.923625223639732,25.89060277919198,5.925968080003017,19.9576492737072,1.0,0.0,19.963935968067034
26,gamma_ref_enhance,0.15,6.1,0.2,0.5,D60_hotspot,6.4406779661016955,31.28630580743782,9.678091800392728,31.28639526077564,9.678123020753326,21.607689914655733,1.0,0.0,21.608214007045092
26,gamma_ref_enhance,0.15,6.1,0.2,0.5,D60_hotspot,6.711864406779661,7.462467784829663,1.6089812196015423,7.462495924022775,1.6089942172197915,5.853350281029998,1.0,0.0,9.071215081442002
26,gamma_ref_enhance,0.15,6.1,0.2,0.5,D21_guard,4.0,0.9136772062233662,0.9136956199920374,0.9244091557317824,0.9244278163044015,-1.6338978590687367e-05,0.0,1.0,1.8413768671177166e-05
26,gamma_ref_enhance,0.15,6.1,0.2,0.5,D21_guard,6.4,2.1022273869561374,17.513511375259007,2.102232425909044,17.51354831103049,-15.410996846383657,0.0,1.0,15.4113747100373
26,gamma_ref_enhance,0.15,6.1,0.2,0.5,D21_guard,8.0,0.3226590996076344,1.014766774108299,0.32265909973791107,1.0147667751555396,-0.6921076666837638,0.0,1.0,0.6921076745006647
27,gamma_ref_enhance,0.15,6.1,0.3,0.5,D60_hotspot,4.813559322033898,8.950884564633627,8.861150147805548,8.958857939127418,8.869045222767772,0.08903318044510486,1.0,0.0,0.08973441682807959
27,gamma_ref_enhance,0.15,6.1,0.3,0.5,D60_hotspot,5.627118644067797,10.271915904250342,6.809860064412945,10.272608773798765,6.810374882941979,3.4604540047102894,1.0,0.0,3.4620558398373973
27,gamma_ref_enhance,0.15,6.1,0.3,0.5,D60_hotspot,6.169491525423728,25.887561191706766,6.792399863659639,25.89060277919198,6.7947731268464935,19.08914821303749,1.0,0.0,19.095161328047126
27,gamma_ref_enhance,0.15,6.1,0.3,0.5,D60_hotspot,6.4406779661016955,31.28630580743782,11.640341490613373,31.28639526077564,11.640377999131587,19.64548781745358,1.0,0.0,19.645964316824447
27,gamma_ref_enhance,0.15,6.1,0.3,0.5,D60_hotspot,6.711864406779661,7.462467784829663,1.0500631651859216,7.462495924022775,1.05007709599386,6.412276733606802,1.0,0.0,8.512280231015133
27,gamma_ref_enhance,0.15,6.1,0.3,0.5,D21_guard,4.0,0.9136772062233662,0.9142863669961221,0.9244091557317824,0.9250264812255322,-0.0005405229641992474,0.0,1.0,0.0006091607727558568
27,gamma_ref_enhance,0.15,6.1,0.3,0.5,D21_guard,6.4,2.1022273869561374,16.099513622749726,2.102232425909044,16.09954670638824,-13.997033762965682,0.0,1.0,13.997376957528019
27,gamma_ref_enhance,0.15,6.1,0.3,0.5,D21_guard,8.0,0.3226590996076344,1.0138228103980005,0.32265909973791107,1.0138228114439904,-0.6911637029841268,0.0,1.0,0.6911637107903661
28,gamma_ref_enhance,0.15,6.25,0.12,0.5,D60_hotspot,4.813559322033898,8.950884564633627,8.950842539666377,8.958857939127418,8.958815877490457,4.169655996629932e-05,1.0,0.0,4.202496725014271e-05
28,gamma_ref_enhance,0.15,6.25,0.12,0.5,D60_hotspot,5.627118644067797,10.271915904250342,10.156686458193327,10.272608773798765,10.157373401574965,0.11517613132643048,1.0,0.0,0.11522944605701468
28,gamma_ref_enhance,0.15,6.25,0.12,0.5,D60_hotspot,6.169491525423728,25.887561191706766,13.834193641033522,25.89060277919198,13.836813364661566,12.049571914486126,1.0,0.0,12.053367550673244
28,gamma_ref_enhance,0.15,6.25,0.12,0.5,D60_hotspot,6.4406779661016955,31.28630580743782,10.014742380243895,31.28639526077564,10.014774507859741,21.271047500033156,1.0,0.0,21.271563427193925
28,gamma_ref_enhance,0.15,6.25,0.12,0.5,D60_hotspot,6.711864406779661,7.462467784829663,1.7960019212605722,7.462495924022775,1.7960146066223324,5.666326769245252,1.0,0.0,9.258241403248359
28,gamma_ref_enhance,0.15,6.25,0.12,0.5,D21_guard,4.0,0.9136772062233662,0.913677211034273,0.9244091557317824,0.9244091606071709,-4.2688331839591785e-09,0.0,1.0,4.8109067840584885e-09
28,gamma_ref_enhance,0.15,6.25,0.12,0.5,D21_guard,6.4,2.1022273869561374,16.861044351606516,2.102232425909044,16.86107950987182,-14.758545820238075,0.0,1.0,14.75890768638481
28,gamma_ref_enhance,0.15,6.25,0.12,0.5,D21_guard,8.0,0.3226590996076344,1.0148081069859975,0.32265909973791107,1.0148081080332927,-0.6921489995609954,0.0,1.0,0.6921490073783632
29,gamma_ref_enhance,0.15,6.25,0.2,0.5,D60_hotspot,4.813559322033898,8.950884564633627,8.945842745662107,8.958857939127418,8.953811720817521,0.005002419296076931,1.0,0.0,0.005041818971520229
29,gamma_ref_enhance,0.15,6.25,0.2,0.5,D60_hotspot,5.627118644067797,10.271915904250342,9.392962051882641,10.272608773798765,9.393609717472302,0.8785471751732912,1.0,0.0,0.878953852367701
29,gamma_ref_enhance,0.15,6.25,0.2,0.5,D60_hotspot,6.169491525423728,25.887561191706766,11.771892017492718,25.89060277919198,11.774439561249537,14.111224113985216,1.0,0.0,14.115669174214048
29,gamma_ref_enhance,0.15,6.25,0.2,0.5,D60_hotspot,6.4406779661016955,31.28630580743782,12.431137285029642,31.28639526077564,12.431175924700085,18.854711203246154,1.0,0.0,18.855168522408178
29,gamma_ref_enhance,0.15,6.25,0.2,0.5,D60_hotspot,6.711864406779661,7.462467784829663,1.2486633426091736,7.462495924022775,1.2486769418271138,6.213673572067561,1.0,0.0,8.71088637655981
29,gamma_ref_enhance,0.15,6.25,0.2,0.5,D21_guard,4.0,0.9136772062233662,0.9136859044171262,0.9244091557317824,0.92441797050942,-7.718115946472666e-06,0.0,1.0,8.698193759926198e-06
29,gamma_ref_enhance,0.15,6.25,0.2,0.5,D21_guard,6.4,2.1022273869561374,15.229064683306625,2.102232425909044,15.22909539559408,-13.126606165617154,0.0,1.0,13.126928018084918
29,gamma_ref_enhance,0.15,6.25,0.2,0.5,D21_guard,8.0,0.3226590996076344,1.0147203230699084,0.32265909973791107,1.0147203241170875,-0.6920612156458977,0.0,1.0,0.692061223462274
30,gamma_ref_enhance,0.15,6.25,0.3,0.5,D60_hotspot,4.813559322033898,8.950884564633627,8.896118695856332,8.958857939127418,8.904044283313413,0.05433789675619917,1.0,0.0,0.05476586877729517
30,gamma_ref_enhance,0.15,6.25,0.3,0.5,D60_hotspot,5.627118644067797,10.271915904250342,7.996368631210672,10.272608773798765,7.996944471014238,2.2744944155110836,1.0,0.0,2.2755472730396704
30,gamma_ref_enhance,0.15,6.25,0.3,0.5,D60_hotspot,6.169491525423728,25.887561191706766,10.713263621504908,25.89060277919198,10.715774113619815,15.169519145190808,1.0,0.0,15.174297570201858
30,gamma_ref_enhance,0.15,6.25,0.3,0.5,D60_hotspot,6.4406779661016955,31.28630580743782,13.995666947375952,31.28639526077564,13.995709803369884,17.290219487492216,1.0,0.0,17.29063886006187
30,gamma_ref_enhance,0.15,6.25,0.3,0.5,D60_hotspot,6.711864406779661,7.462467784829663,0.5484987831332759,7.462495924022775,0.5485135513711477,6.913848652038871,1.0,0.0,8.010700776482835
30,gamma_ref_enhance,0.15,6.25,0.3,0.5,D21_guard,4.0,0.9136772062233662,0.9140468332649085,0.9244091557317824,0.9247837369690002,-0.00032797893935103303,0.0,1.0,0.00036962704154230863
30,gamma_ref_enhance,0.15,6.25,0.3,0.5,D21_guard,6.4,2.1022273869561374,14.25760262232837,2.102232425909044,14.257630688076233,-12.155167923422795,0.0,1.0,12.155465957106664
30,gamma_ref_enhance,0.15,6.25,0.3,0.5,D21_guard,8.0,0.3226590996076344,1.0131849320632265,0.32265909973791107,1.0131849331083713,-0.6905258246565571,0.0,1.0,0.6905258324555921
31,gamma_ref_enhance,0.15,6.4,0.12,0.5,D60_hotspot,4.813559322033898,8.950884564633627,8.950872524215603,8.958857939127418,8.95884588820329,1.1946327267948964e-05,1.0,0.0,1.2040418024383825e-05
31,gamma_ref_enhance,0.15,6.4,0.12,0.5,D60_hotspot,5.627118644067797,10.271915904250342,10.238747899481162,10.272608773798765,10.239439063223173,0.03315265849009056,1.0,0.0,0.03316800476918047
31,gamma_ref_enhance,0.15,6.4,0.12,0.5,D60_hotspot,6.169491525423728,25.887561191706766,21.156073420982423,25.89060277919198,21.15894940796862,4.729997813156393,1.0,0.0,4.731487770724343
31,gamma_ref_enhance,0.15,6.4,0.12,0.5,D60_hotspot,6.4406779661016955,31.28630580743782,15.643655605005108,31.28639526077564,15.643702902240044,15.64227080069605,1.0,0.0,15.642650202432712
31,gamma_ref_enhance,0.15,6.4,0.12,0.5,D60_hotspot,6.711864406779661,7.462467784829663,1.4167503400655868,7.462495924022775,1.4167636586394288,6.04558404897848,1.0,0.0,8.878978425187995
31,gamma_ref_enhance,0.15,6.4,0.12,0.5,D21_guard,4.0,0.9136772062233662,0.9136772076017139,0.9244091557317824,0.9244091571286046,-1.22304107762781e-09,0.0,1.0,1.3783476582318599e-09
31,gamma_ref_enhance,0.15,6.4,0.12,0.5,D21_guard,6.4,2.1022273869561374,12.087493129032353,2.102232425909044,12.087515282783315,-9.98511163793707,0.0,1.0,9.985356463810646
31,gamma_ref_enhance,0.15,6.4,0.12,0.5,D21_guard,8.0,0.3226590996076344,1.014807464864949,0.32265909973791107,1.0148074659122435,-0.6921483574399541,0.0,1.0,0.6921483652573146
32,gamma_ref_enhance,0.15,6.4,0.2,0.5,D60_hotspot,4.813559322033898,8.950884564633627,8.948501866287307,8.958857939127418,8.95647316171076,0.0023640785699940567,1.0,0.0,0.002382698346320211
32,gamma_ref_enhance,0.15,6.4,0.2,0.5,D60_hotspot,5.627118644067797,10.271915904250342,9.845539290104014,10.272608773798765,9.846210231412599,0.42617933684361425,1.0,0.0,0.4263766141463279
32,gamma_ref_enhance,0.15,6.4,0.2,0.5,D60_hotspot,6.169491525423728,25.887561191706766,17.18037785470527,25.89060277919198,17.183114693668372,8.704441422758613,1.0,0.0,8.707183337001496
32,gamma_ref_enhance,0.15,6.4,0.2,0.5,D60_hotspot,6.4406779661016955,31.28630580743782,16.44457473697799,31.28639526077564,16.444624192647005,14.841371094466611,1.0,0.0,14.84173107045983
32,gamma_ref_enhance,0.15,6.4,0.2,0.5,D60_hotspot,6.711864406779661,7.462467784829663,0.5720703144763561,7.462495924022775,0.5720850433583529,6.890276766515928,1.0,0.0,8.034273016172516
32,gamma_ref_enhance,0.15,6.4,0.2,0.5,D21_guard,4.0,0.9136772062233662,0.9136813149915959,0.9244091557317824,0.9244133195707711,-3.6458085975716435e-06,0.0,1.0,4.108768229649229e-06
32,gamma_ref_enhance,0.15,6.4,0.2,0.5,D21_guard,6.4,2.1022273869561374,12.087493129032353,2.102232425909044,12.087515282783315,-9.98511163793707,0.0,1.0,9.985356463810646
32,gamma_ref_enhance,0.15,6.4,0.2,0.5,D21_guard,8.0,0.3226590996076344,1.0146220064069473,0.32265909973791107,1.014622007453996,-0.6919628989840471,0.0,1.0,0.6919629067993129
33,gamma_ref_enhance,0.15,6.4,0.3,0.5,D60_hotspot,4.813559322033898,8.950884564633627,8.917541357919445,8.958857939127418,8.925485638141952,0.03308264370503368,1.0,0.0,0.033343206714182116
33,gamma_ref_enhance,0.15,6.4,0.3,0.5,D60_hotspot,5.627118644067797,10.271915904250342,8.817997231175376,10.272608773798765,8.818615326741565,1.4532459693087,1.0,0.0,1.4539186730749663
33,gamma_ref_enhance,0.15,6.4,0.3,0.5,D60_hotspot,6.169491525423728,25.887561191706766,14.55453858387962,25.89060277919198,14.55718351934118,11.329453810099974,1.0,0.0,11.333022607827147
33,gamma_ref_enhance,0.15,6.4,0.3,0.5,D60_hotspot,6.4406779661016955,31.28630580743782,16.853514471429172,31.28639526077564,16.853565029168813,14.432441278567822,1.0,0.0,14.432791336008648
33,gamma_ref_enhance,0.15,6.4,0.3,0.5,D60_hotspot,6.711864406779661,7.462467784829663,0.16207069549391306,7.462495924022775,0.16208664732643285,7.300287402777242,1.0,0.0,7.30039708933575
33,gamma_ref_enhance,0.15,6.4,0.3,0.5,D21_guard,4.0,0.9136772062233662,0.913901452442353,0.9244091557317824,0.9246364075740692,-0.0001989790485833828,0.0,1.0,0.00022424621898675667
33,gamma_ref_enhance,0.15,6.4,0.3,0.5,D21_guard,6.4,2.1022273869561374,12.087493129032353,2.102232425909044,12.087515282783315,-9.98511163793707,0.0,1.0,9.985356463810646
33,gamma_ref_enhance,0.15,6.4,0.3,0.5,D21_guard,8.0,0.3226590996076344,1.0121357680785326,0.32265909973791107,1.0121357691222872,-0.6894766606837128,0.0,1.0,0.6894766684708982
34,gamma_ref_enhance,0.15,6.55,0.12,0.5,D60_hotspot,4.813559322033898,8.950884564633627,8.950881114990912,8.958857939127418,8.958854486474648,3.422685222311711e-06,1.0,0.0,3.4496427154806497e-06
34,gamma_ref_enhance,0.15,6.55,0.12,0.5,D60_hotspot,5.627118644067797,10.271915904250342,10.26240037738659,10.272608773798765,10.263092757558375,0.009511124189186844,1.0,0.0,0.009515526863751234
34,gamma_ref_enhance,0.15,6.55,0.12,0.5,D60_hotspot,6.169491525423728,25.887561191706766,24.37162259931442,25.89060277919198,24.37461112945286,1.5154612194627883,1.0,0.0,1.5159385923923452
34,gamma_ref_enhance,0.15,6.55,0.12,0.5,D60_hotspot,6.4406779661016955,31.28630580743782,23.16938076705224,31.28639526077564,23.16944834571263,8.11672816994376,1.0,0.0,8.116925040385581
34,gamma_ref_enhance,0.15,6.55,0.12,0.5,D60_hotspot,6.711864406779661,7.462467784829663,0.3039599350796287,7.462495924022775,0.3039751116083593,7.158391174471338,1.0,0.0,7.766154579807669
34,gamma_ref_enhance,0.15,6.55,0.12,0.5,D21_guard,4.0,0.9136772062233662,0.9136772066182695,0.9244091557317824,0.9244091561319787,-3.504070421356795e-10,0.0,1.0,3.9490322123469923e-10
34,gamma_ref_enhance,0.15,6.55,0.12,0.5,D21_guard,6.4,2.1022273869561374,6.784250672481967,2.102232425909044,6.784258378688669,-4.6819992088896525,0.0,1.0,4.68211400726026
34,gamma_ref_enhance,0.15,6.55,0.12,0.5,D21_guard,8.0,0.3226590996076344,1.0148052236514318,0.32265909973791107,1.0148052246987234,-0.6921461162264624,0.0,1.0,0.6921461240437974
35,gamma_ref_enhance,0.15,6.55,0.2,0.5,D60_hotspot,4.813559322033898,8.950884564633627,8.949758809406548,8.958857939127418,8.957731201600458,0.0011169579277644662,1.0,0.0,0.0011257552270791393
35,gamma_ref_enhance,0.15,6.55,0.2,0.5,D60_hotspot,5.627118644067797,10.271915904250342,10.0679138532741,10.272608773798765,10.068596231145087,0.20390766265139604,1.0,0.0,0.2040020509762428
35,gamma_ref_enhance,0.15,6.55,0.2,0.5,D60_hotspot,6.169491525423728,25.887561191706766,21.0816061139479,25.89060277919198,21.084479494603116,4.804441670245978,1.0,0.0,4.805955077758867
35,gamma_ref_enhance,0.15,6.55,0.2,0.5,D60_hotspot,6.4406779661016955,31.28630580743782,21.06248185845373,31.28639526077564,21.06254375913462,10.223575977156347,1.0,0.0,10.22382394898409
35,gamma_ref_enhance,0.15,6.55,0.2,0.5,D60_hotspot,6.711864406779661,7.462467784829663,0.5649644038188413,7.462495924022775,0.5649810282464074,6.897399747824995,1.0,0.0,6.8975033810108215
35,gamma_ref_enhance,0.15,6.55,0.2,0.5,D21_guard,4.0,0.9136772062233662,0.9136791470752867,0.9244091557317824,0.9244111225973843,-1.7221644597162423e-06,0.0,1.0,1.9408519205121877e-06
35,gamma_ref_enhance,0.15,6.55,0.2,0.5,D21_guard,6.4,2.1022273869561374,8.724885660174735,2.102232425909044,8.724898653224365,-6.622586615140747,0.0,1.0,6.622748994953028
35,gamma_ref_enhance,0.15,6.55,0.2,0.5,D21_guard,8.0,0.3226590996076344,1.0144139604534088,0.32265909973791107,1.014413961500182,-0.6917548530328583,0.0,1.0,0.6917548608457744
36,gamma_ref_enhance,0.15,6.55,0.3,0.5,D60_hotspot,4.813559322033898,8.950884564633627,8.930614242914109,8.958857939127418,8.93856993013972,0.020111917758288064,1.0,0.0,0.02027032171951859
36,gamma_ref_enhance,0.15,6.55,0.3,0.5,D60_hotspot,5.627118644067797,10.271915904250342,9.360557458972337,10.272608773798765,9.361203458017307,0.9109367750223617,1.0,0.0,0.9113584452780046
36,gamma_ref_enhance,0.15,6.55,0.3,0.5,D60_hotspot,6.169491525423728,25.887561191706766,17.89355573117534,25.89060277919198,17.896317531127025,7.991488127821007,1.0,0.0,7.994005460531426
36,gamma_ref_enhance,0.15,6.55,0.3,0.5,D60_hotspot,6.4406779661016955,31.28630580743782,19.948096590298626,31.28639526077564,19.94815548777104,11.337934216662166,1.0,0.0,11.338209217139195
36,gamma_ref_enhance,0.15,6.55,0.3,0.5,D60_hotspot,6.711864406779661,7.462467784829663,1.0946474078765505,7.462495924022775,1.0946649165625608,6.3677247021160035,1.0,0.0,6.367820376953112
36,gamma_ref_enhance,0.15,6.55,0.3,0.5,D21_guard,4.0,0.9136772062233662,0.9138132390715046,0.9244091557317824,0.9245470118592594,-0.00012070520885878943,0.0,1.0,0.00013603284813834549
36,gamma_ref_enhance,0.15,6.55,0.3,0.5,D21_guard,6.4,2.1022273869561374,9.814158682418068,2.102232425909044,9.814174642957937,-7.711832930053182,0.0,1.0,7.712022017196361
36,gamma_ref_enhance,0.15,6.55,0.3,0.5,D21_guard,8.0,0.3226590996076344,1.0104128056888184,0.32265909973791107,1.0104128067302904,-0.6877536983134585,0.0,1.0,0.687753706081184
37,gamma_ref_enhance,0.2,6.1,0.12,0.5,D60_hotspot,4.813559322033898,8.950884564633627,8.950688993062405,8.958857939127418,8.958662196906372,0.00019404326239646523,1.0,0.0,0.00019557157122207514
37,gamma_ref_enhance,0.2,6.1,0.12,0.5,D60_hotspot,5.627118644067797,10.271915904250342,9.744822583618536,10.272608773798765,9.745488345139997,0.5268494433995157,1.0,0.0,0.5270933206318063
37,gamma_ref_enhance,0.2,6.1,0.12,0.5,D60_hotspot,6.169491525423728,25.887561191706766,1.9019668655466972,25.89060277919198,1.9040367887641736,23.97685605246211,1.0,0.0,27.752276832648064
37,gamma_ref_enhance,0.2,6.1,0.12,0.5,D60_hotspot,6.4406779661016955,31.28630580743782,1.3914967909567366,31.28639526077564,1.3915056793884588,29.894083938421335,1.0,0.0,29.894809016481084
37,gamma_ref_enhance,0.2,6.1,0.12,0.5,D60_hotspot,6.711864406779661,7.462467784829663,4.31226592008678,7.462495924022775,4.312274404203652,3.1500249616732456,1.0,0.0,11.774581018165502
37,gamma_ref_enhance,0.2,6.1,0.12,0.5,D21_guard,4.0,0.9136772062233662,0.9136772286123191,0.9244091557317824,0.9244091784208197,-1.986625497711783e-08,0.0,1.0,2.238895291384324e-08
37,gamma_ref_enhance,0.2,6.1,0.12,0.5,D21_guard,6.4,2.1022273869561374,23.681333077447952,2.102232425909044,23.681386816124032,-21.578667322891096,0.0,1.0,21.579196412226246
37,gamma_ref_enhance,0.2,6.1,0.12,0.5,D21_guard,8.0,0.3226590996076344,1.187531605708317,0.32265909973791107,1.1875316069844513,-0.8648724963325165,0.0,1.0,0.8648725061006826
38,gamma_ref_enhance,0.2,6.1,0.2,0.5,D60_hotspot,4.813559322033898,8.950884564633627,8.93666848566503,8.958857939127418,8.944629455639314,0.014104986344961105,1.0,0.0,0.014216078968598111
38,gamma_ref_enhance,0.2,6.1,0.2,0.5,D60_hotspot,5.627118644067797,10.271915904250342,7.933434603904587,10.272608773798765,7.934007207056794,2.3373993242990756,1.0,0.0,2.338481300345755
38,gamma_ref_enhance,0.2,6.1,0.2,0.5,D60_hotspot,6.169491525423728,25.887561191706766,0.18053843215619736,25.89060277919198,0.18268028239104694,25.69892755251078,1.0,0.0,25.70702275955057
38,gamma_ref_enhance,0.2,6.1,0.2,0.5,D60_hotspot,6.4406779661016955,31.28630580743782,3.889277259604711,31.28639526077564,3.889292879420765,27.396364051723054,1.0,0.0,27.39702854783311
38,gamma_ref_enhance,0.2,6.1,0.2,0.5,D60_hotspot,6.711864406779661,7.462467784829663,3.9577831668576167,7.462495924022775,3.9577922428316477,3.5045130412705134,1.0,0.0,11.420087612397452
38,gamma_ref_enhance,0.2,6.1,0.2,0.5,D21_guard,4.0,0.9136772062233662,0.913701757881126,0.9244091557317824,0.9244340364610193,-2.1785274793960396e-05,0.0,1.0,2.4551657759719347e-05
38,gamma_ref_enhance,0.2,6.1,0.2,0.5,D21_guard,6.4,2.1022273869561374,21.675945329660472,2.102232425909044,21.675993605088642,-19.573328744185257,0.0,1.0,19.573808664438765
38,gamma_ref_enhance,0.2,6.1,0.2,0.5,D21_guard,8.0,0.3226590996076344,1.1874835497872473,0.32265909973791107,1.187483551063318,-0.8648244404119898,0.0,1.0,0.864824450179613
39,gamma_ref_enhance,0.2,6.1,0.3,0.5,D60_hotspot,4.813559322033898,8.950884564633627,8.831327451834381,8.958857939127418,8.839196504416266,0.11862282470442442,1.0,0.0,0.11955711279924586
39,gamma_ref_enhance,0.2,6.1,0.3,0.5,D60_hotspot,5.627118644067797,10.271915904250342,5.701953890152694,10.272608773798765,5.702411729871201,4.567847569379718,1.0,0.0,4.569962014097648
39,gamma_ref_enhance,0.2,6.1,0.3,0.5,D60_hotspot,6.169491525423728,25.887561191706766,1.2594985439310449,25.89060277919198,1.2616781574111116,24.620307208027324,1.0,0.0,24.62806264777572
39,gamma_ref_enhance,0.2,6.1,0.3,0.5,D60_hotspot,6.4406779661016955,31.28630580743782,6.252713062569065,31.28639526077564,6.252735051717771,25.032985572270803,1.0,0.0,25.033592744868756
39,gamma_ref_enhance,0.2,6.1,0.3,0.5,D60_hotspot,6.711864406779661,7.462467784829663,3.296269175950801,7.462495924022775,3.2962793564123842,4.166036971919081,1.0,0.0,10.758553742375362
39,gamma_ref_enhance,0.2,6.1,0.3,0.5,D21_guard,4.0,0.9136772062233662,0.9144893835914063,0.9244091557317824,0.92523221889862,-0.0007206644584851762,0.0,1.0,0.0008121773680400679
39,gamma_ref_enhance,0.2,6.1,0.3,0.5,D21_guard,6.4,2.1022273869561374,19.966457475202162,2.102232425909044,19.96650109349809,-17.863882803789696,0.0,1.0,17.864320809980455
39,gamma_ref_enhance,0.2,6.1,0.3,0.5,D21_guard,8.0,0.3226590996076344,1.1863907709585189,0.32265909973791107,1.1863907722331415,-0.8637316615956032,0.0,1.0,0.8637316713508845
40,gamma_ref_enhance,0.2,6.25,0.12,0.5,D60_hotspot,4.813559322033898,8.950884564633627,8.950828531363415,8.958857939127418,8.958801856964273,5.5595393987520735e-05,1.0,0.0,5.603327021219684e-05
40,gamma_ref_enhance,0.2,6.25,0.12,0.5,D60_hotspot,5.627118644067797,10.271915904250342,10.11832706868951,10.272608773798765,10.119012039275582,0.1535177725845781,1.0,0.0,0.15358883556083214
40,gamma_ref_enhance,0.2,6.25,0.12,0.5,D60_hotspot,6.169491525423728,25.887561191706766,10.142385439406539,25.89060277919198,10.144875950974864,15.740217556293445,1.0,0.0,15.745175752300227
40,gamma_ref_enhance,0.2,6.25,0.12,0.5,D60_hotspot,6.4406779661016955,31.28630580743782,4.292853055481636,31.28639526077564,4.292869762912794,26.992798044299867,1.0,0.0,26.993452751956184
40,gamma_ref_enhance,0.2,6.25,0.12,0.5,D60_hotspot,6.711864406779661,7.462467784829663,4.1777818559298545,7.462495924022775,4.177790564586161,3.2845110465536713,1.0,0.0,11.640092912636437
40,gamma_ref_enhance,0.2,6.25,0.12,0.5,D21_guard,4.0,0.9136772062233662,0.9136772126379089,0.9244091557317824,0.9244091622323007,-5.691777558754591e-09,0.0,1.0,6.4145426748041245e-09
40,gamma_ref_enhance,0.2,6.25,0.12,0.5,D21_guard,6.4,2.1022273869561374,20.88945413121202,2.102232425909044,20.889500264013954,-18.786856829314253,0.0,1.0,18.787317465990313
40,gamma_ref_enhance,0.2,6.25,0.12,0.5,D21_guard,8.0,0.3226590996076344,1.1875313927622846,0.32265909973791107,1.1875313940384185,-0.8648722833864867,0.0,1.0,0.8648722931546502
41,gamma_ref_enhance,0.2,6.25,0.2,0.5,D60_hotspot,4.813559322033898,8.950884564633627,8.944162419331652,8.958857939127418,8.952129928285254,0.006669614589412562,1.0,0.0,0.006722145301974791
41,gamma_ref_enhance,0.2,6.25,0.2,0.5,D60_hotspot,5.627118644067797,10.271915904250342,9.102919986028262,10.272608773798765,9.103552734964971,1.1684550434321022,1.0,0.0,1.1689959182220804
41,gamma_ref_enhance,0.2,6.25,0.2,0.5,D60_hotspot,6.169491525423728,25.887561191706766,7.515934640487217,25.89060277919198,7.518333227150734,18.365841279156705,1.0,0.0,18.37162655121955
41,gamma_ref_enhance,0.2,6.25,0.2,0.5,D60_hotspot,6.4406779661016955,31.28630580743782,7.2126924786471704,31.28639526077564,7.212717054888898,24.073029439834077,1.0,0.0,24.07361332879065
41,gamma_ref_enhance,0.2,6.25,0.2,0.5,D60_hotspot,6.711864406779661,7.462467784829663,3.5320140274159826,7.462495924022775,3.5320238142694826,3.930288578211445,1.0,0.0,10.994305678194223
41,gamma_ref_enhance,0.2,6.25,0.2,0.5,D21_guard,4.0,0.9136772062233662,0.9136888038075033,0.9244091557317824,0.9244209087609891,-1.0290814569282819e-05,0.0,1.0,1.1597584137046368e-05
41,gamma_ref_enhance,0.2,6.25,0.2,0.5,D21_guard,6.4,2.1022273869561374,18.904878692258258,2.102232425909044,18.90491941851095,-16.802330049155728,0.0,1.0,16.80274202703655
41,gamma_ref_enhance,0.2,6.25,0.2,0.5,D21_guard,8.0,0.3226590996076344,1.187429781919668,0.32265909973791107,1.1874297831956675,-0.8647706725450178,0.0,1.0,0.8647706823120336
42,gamma_ref_enhance,0.2,6.25,0.3,0.5,D60_hotspot,4.813559322033898,8.950884564633627,8.877896460818045,8.958857939127418,8.885806148105294,0.07241773276143094,1.0,0.0,0.0729881038155824
42,gamma_ref_enhance,0.2,6.25,0.3,0.5,D60_hotspot,5.627118644067797,10.271915904250342,7.25768205672518,10.272608773798765,7.258219906414283,3.0128392121172873,1.0,0.0,3.014233847525162
42,gamma_ref_enhance,0.2,6.25,0.3,0.5,D60_hotspot,6.169491525423728,25.887561191706766,6.175663303975085,25.89060277919198,6.178014981587381,19.705690560806246,1.0,0.0,19.71189788773168
42,gamma_ref_enhance,0.2,6.25,0.3,0.5,D60_hotspot,6.4406779661016955,31.28630580743782,9.12443551067338,31.28639526077564,9.124465238959992,22.161332775822054,1.0,0.0,22.16187029676444
42,gamma_ref_enhance,0.2,6.25,0.3,0.5,D60_hotspot,6.711864406779661,7.462467784829663,2.697551604103886,7.462495924022775,2.6975627842058643,4.764763539944653,1.0,0.0,10.159818178504405
42,gamma_ref_enhance,0.2,6.25,0.3,0.5,D21_guard,4.0,0.9136772062233662,0.9141700286579217,0.9244091557317824,0.9249085835780084,-0.0004372931663748284,0.0,1.0,0.0004928224345555066
42,gamma_ref_enhance,0.2,6.25,0.3,0.5,D21_guard,6.4,2.1022273869561374,17.711938266788636,2.102232425909044,17.711975743131532,-15.609418872785307,0.0,1.0,15.609801601566929
42,gamma_ref_enhance,0.2,6.25,0.3,0.5,D21_guard,8.0,0.3226590996076344,1.1856521830617908,0.32265909973791107,1.185652184335435,-0.8629930737072173,0.0,1.0,0.8629930834541564
43,gamma_ref_enhance,0.2,6.4,0.12,0.5,D60_hotspot,4.813559322033898,8.950884564633627,8.950868510744526,8.958857939127418,8.95884187123018,1.5928434772811378e-05,1.0,0.0,1.6053889101641516e-05
43,gamma_ref_enhance,0.2,6.4,0.12,0.5,D60_hotspot,5.627118644067797,10.271915904250342,10.227696074555716,10.272608773798765,10.228386669910385,0.044199369921649634,1.0,0.0,0.0442198296946259
43,gamma_ref_enhance,0.2,6.4,0.12,0.5,D60_hotspot,6.169491525423728,25.887561191706766,19.62830263586804,25.89060277919198,19.63112515138468,6.257287499353535,1.0,0.0,6.259258555838727
43,gamma_ref_enhance,0.2,6.4,0.12,0.5,D60_hotspot,6.4406779661016955,31.28630580743782,11.155851555681274,31.28639526077564,11.15588675852512,20.129966001415067,1.0,0.0,20.130454251756547
43,gamma_ref_enhance,0.2,6.4,0.12,0.5,D60_hotspot,6.711864406779661,7.462467784829663,3.7309462846388115,7.462495924022775,3.730955739347859,3.731353331882881,1.0,0.0,11.193243913517787
43,gamma_ref_enhance,0.2,6.4,0.12,0.5,D21_guard,4.0,0.9136772062233662,0.9136772080611637,0.9244091557317824,0.9244091575942122,-1.6307216715183696e-09,0.0,1.0,1.8377974697614263e-09
43,gamma_ref_enhance,0.2,6.4,0.12,0.5,D21_guard,6.4,2.1022273869561374,15.016558487747481,2.102232425909044,15.01658862110748,-12.91410518038927,0.0,1.0,12.914421822525775
43,gamma_ref_enhance,0.2,6.4,0.12,0.5,D21_guard,8.0,0.3226590996076344,1.1875306495083922,0.32265909973791107,1.1875306507845254,-0.8648715401326028,0.0,1.0,0.8648715499007578
44,gamma_ref_enhance,0.2,6.4,0.2,0.5,D60_hotspot,4.813559322033898,8.950884564633627,8.947707696036678,8.958857939127418,8.955678298491248,0.003152042717170543,1.0,0.0,0.0031768685969488786
44,gamma_ref_enhance,0.2,6.4,0.2,0.5,D60_hotspot,5.627118644067797,10.271915904250342,9.704104989790522,10.272608773798765,9.704768657235682,0.567548197880305,1.0,0.0,0.5678109144598196
44,gamma_ref_enhance,0.2,6.4,0.2,0.5,D60_hotspot,6.169491525423728,25.887561191706766,14.446772524231392,25.89060277919198,14.449413687916689,11.437185933941128,1.0,0.0,11.440788667475374
44,gamma_ref_enhance,0.2,6.4,0.2,0.5,D60_hotspot,6.4406779661016955,31.28630580743782,12.149576176105256,31.28639526077564,12.149614056983623,19.136265483099233,1.0,0.0,19.136729631332564
44,gamma_ref_enhance,0.2,6.4,0.2,0.5,D60_hotspot,6.711864406779661,7.462467784829663,2.725795480389941,7.462495924022775,2.725806613334928,4.736519239273263,1.0,0.0,10.188062903545408
44,gamma_ref_enhance,0.2,6.4,0.2,0.5,D21_guard,4.0,0.9136772062233662,0.9136826845793227,0.9244091557317824,0.9244147075153952,-4.861076636780568e-06,0.0,1.0,5.4783559564342e-06
44,gamma_ref_enhance,0.2,6.4,0.2,0.5,D21_guard,6.4,2.1022273869561374,15.016558487747481,2.102232425909044,15.01658862110748,-12.91410518038927,0.0,1.0,12.914421822525775
44,gamma_ref_enhance,0.2,6.4,0.2,0.5,D21_guard,8.0,0.3226590996076344,1.1873159766125083,0.32265909973791107,1.1873159778883569,-0.8646568672391435,0.0,1.0,0.8646568770048739
45,gamma_ref_enhance,0.2,6.4,0.3,0.5,D60_hotspot,4.813559322033898,8.950884564633627,8.906439205325201,8.958857939127418,8.91437379814595,0.044098037688658935,1.0,0.0,0.04444535930842619
45,gamma_ref_enhance,0.2,6.4,0.3,0.5,D60_hotspot,5.627118644067797,10.271915904250342,8.341426897639913,10.272608773798765,8.342020483539699,1.9295958017499841,1.0,0.0,1.9304890066104292
45,gamma_ref_enhance,0.2,6.4,0.3,0.5,D60_hotspot,6.169491525423728,25.887561191706766,11.064558949391852,25.89060277919198,11.067081736726436,14.818334441098692,1.0,0.0,14.823002242314914
45,gamma_ref_enhance,0.2,6.4,0.3,0.5,D60_hotspot,6.4406779661016955,31.28630580743782,12.658573387190934,31.28639526077564,12.658612639789467,18.62728061739131,1.0,0.0,18.627732420246886
45,gamma_ref_enhance,0.2,6.4,0.3,0.5,D60_hotspot,6.711864406779661,7.462467784829663,1.8416107039705203,7.462495924022775,1.8416233131822146,5.620717301229284,1.0,0.0,9.303851556544963
45,gamma_ref_enhance,0.2,6.4,0.3,0.5,D21_guard,4.0,0.9136772062233662,0.9139761961687558,0.9244091557317824,0.9247121531077114,-0.00026530094972563093,0.0,1.0,0.0002989899453895717
45,gamma_ref_enhance,0.2,6.4,0.3,0.5,D21_guard,6.4,2.1022273869561374,15.016558487747481,2.102232425909044,15.01658862110748,-12.91410518038927,0.0,1.0,12.914421822525775
45,gamma_ref_enhance,0.2,6.4,0.3,0.5,D21_guard,8.0,0.3226590996076344,1.1844371144039092,0.32265909973791107,1.1844371156759437,-0.8617780050630589,0.0,1.0,0.8617780147962748
46,gamma_ref_enhance,0.2,6.55,0.12,0.5,D60_hotspot,4.813559322033898,8.950884564633627,8.950879965110135,8.958857939127418,8.95885333559052,4.563580168405137e-06,1.0,0.0,4.599523492743174e-06
46,gamma_ref_enhance,0.2,6.55,0.12,0.5,D60_hotspot,5.627118644067797,10.271915904250342,10.259228878828758,10.272608773798765,10.259921095892672,0.012681155347868596,1.0,0.0,0.012687025421584508
46,gamma_ref_enhance,0.2,6.55,0.12,0.5,D60_hotspot,6.169491525423728,25.887561191706766,23.871343757688564,25.89060277919198,23.874314778233867,2.0155825220053196,1.0,0.0,2.016217434018202
46,gamma_ref_enhance,0.2,6.55,0.12,0.5,D60_hotspot,6.4406779661016955,31.28630580743782,20.654779436605516,31.28639526077564,20.65484023855027,10.631268510462338,1.0,0.0,10.631526370832304
46,gamma_ref_enhance,0.2,6.55,0.12,0.5,D60_hotspot,6.711864406779661,7.462467784829663,2.4039252341833013,7.462495924022775,2.403936904534433,5.058394321820731,1.0,0.0,9.866182984836275
46,gamma_ref_enhance,0.2,6.55,0.12,0.5,D21_guard,4.0,0.9136772062233662,0.9136772067499042,0.9244091557317824,0.9244091562653773,-4.672095393492167e-10,0.0,1.0,5.265379243724055e-10
46,gamma_ref_enhance,0.2,6.55,0.12,0.5,D21_guard,6.4,2.1022273869561374,8.259067452672113,2.102232425909044,8.259079176700155,-6.156779828797699,0.0,1.0,6.156930787450406
46,gamma_ref_enhance,0.2,6.55,0.12,0.5,D21_guard,8.0,0.3226590996076344,1.1875280553070575,0.32265909973791107,1.1875280565831872,-0.8648689459312973,0.0,1.0,0.8648689556994231
47,gamma_ref_enhance,0.2,6.55,0.2,0.5,D60_hotspot,4.813559322033898,8.950884564633627,8.949383571622809,8.958857939127418,8.957355636395606,0.001489263387481137,1.0,0.0,0.0015009930108185188
47,gamma_ref_enhance,0.2,6.55,0.2,0.5,D60_hotspot,5.627118644067797,10.271915904250342,10.00007127327791,10.272608773798765,10.000750162054246,0.2717188530245424,1.0,0.0,0.2718446309724314
47,gamma_ref_enhance,0.2,6.55,0.2,0.5,D60_hotspot,6.169491525423728,25.887561191706766,19.530588381254788,25.89060277919198,19.53340747680498,6.354970983498775,1.0,0.0,6.356972810451978
47,gamma_ref_enhance,0.2,6.55,0.2,0.5,D60_hotspot,6.4406779661016955,31.28630580743782,17.9595840977589,31.28639526077564,17.95963763629684,13.32639847919718,1.0,0.0,13.326721709678921
47,gamma_ref_enhance,0.2,6.55,0.2,0.5,D60_hotspot,6.711864406779661,7.462467784829663,1.3519709615487727,7.462495924022775,1.351984388280595,6.110364400853836,1.0,0.0,8.814197099990157
47,gamma_ref_enhance,0.2,6.55,0.2,0.5,D21_guard,4.0,0.9136772062233662,0.9136797940255512,0.9244091557317824,0.9244117782188712,-2.2962189462749368e-06,0.0,1.0,2.5878021849834454e-06
47,gamma_ref_enhance,0.2,6.55,0.2,0.5,D21_guard,6.4,2.1022273869561374,10.759257928250172,2.102232425909044,10.759276463509806,-8.656909003477839,0.0,1.0,8.657121263028465
47,gamma_ref_enhance,0.2,6.55,0.2,0.5,D21_guard,8.0,0.3226590996076344,1.187075146057028,0.32265909973791107,1.1870751473325574,-0.8644160366863828,0.0,1.0,0.8644160464493935
48,gamma_ref_enhance,0.2,6.55,0.3,0.5,D60_hotspot,4.813559322033898,8.950884564633627,8.923861995558743,8.958857939127418,8.931811790978026,0.026811399166319746,1.0,0.0,0.027022569074883762
48,gamma_ref_enhance,0.2,6.55,0.3,0.5,D60_hotspot,5.627118644067797,10.271915904250342,9.059935221937039,10.272608773798765,9.060565760198521,1.2114199191944712,1.0,0.0,1.2119806823133032
48,gamma_ref_enhance,0.2,6.55,0.3,0.5,D60_hotspot,6.169491525423728,25.887561191706766,15.370925614516281,25.89060277919198,15.373599123252518,10.513323861821675,1.0,0.0,10.516635577190485
48,gamma_ref_enhance,0.2,6.55,0.3,0.5,D60_hotspot,6.4406779661016955,31.28630580743782,16.545156447879677,31.28639526077564,16.54520617461101,14.740791823105239,1.0,0.0,14.741149359558143
48,gamma_ref_enhance,0.2,6.55,0.3,0.5,D60_hotspot,6.711864406779661,7.462467784829663,0.7037596841395164,7.462495924022775,0.7037741931482024,6.7585854181216405,1.0,0.0,8.165966343224632
48,gamma_ref_enhance,0.2,6.55,0.3,0.5,D21_guard,4.0,0.9136772062233662,0.9138585815093982,0.9244091557317824,0.9245929620322064,-0.0001609386415264316,0.0,1.0,0.00018137528603201503
48,gamma_ref_enhance,0.2,6.55,0.3,0.5,D21_guard,6.4,2.1022273869561374,12.14889042021774,2.102232425909044,12.148912741232422,-10.046507423753516,0.0,1.0,10.046753754996033
48,gamma_ref_enhance,0.2,6.55,0.3,0.5,D21_guard,8.0,0.3226590996076344,1.1824409968789509,0.32265909973791107,1.1824409981483406,-0.8597818875606454,0.0,1.0,0.8597818972713165
49,gamma_ref_suppress,0.05,6.1,0.12,0.5,D60_hotspot,4.813559322033898,8.950884564633627,8.950933457822638,8.958857939127418,8.958906874979144,-4.8511109490503724e-05,0.0,1.0,4.889318901035722e-05
49,gamma_ref_suppress,0.05,6.1,0.12,0.5,D60_hotspot,5.627118644067797,10.271915904250342,10.404435834710036,10.272608773798765,10.405135519662316,-0.13245861571219564,0.0,1.0,0.13251993045969357
49,gamma_ref_suppress,0.05,6.1,0.12,0.5,D60_hotspot,6.169491525423728,25.887561191706766,34.31963289468537,25.89060277919198,34.32296960187696,-8.429416422091023,0.0,1.0,8.432071702978604
49,gamma_ref_suppress,0.05,6.1,0.12,0.5,D60_hotspot,6.4406779661016955,31.28630580743782,41.28175091029794,31.28639526077564,41.28186730082394,-9.995202670204414,0.0,1.0,9.995445102860117
49,gamma_ref_suppress,0.05,6.1,0.12,0.5,D60_hotspot,6.711864406779661,7.462467784829663,11.482093147556633,7.462495924022775,11.482127997155104,-4.0195649689063115,0.0,1.0,4.01962536272697
49,gamma_ref_suppress,0.05,6.1,0.12,0.5,D21_guard,4.0,0.9136772062233662,0.9136772006261276,0.9244091557317824,0.9244091500595228,4.9665639730937154e-09,1.0,0.0,5.59723867255002e-09
49,gamma_ref_suppress,0.05,6.1,0.12,0.5,D21_guard,6.4,2.1022273869561374,5.062452767591125,2.102232425909044,5.062477335181768,-2.960049703429221,0.0,1.0,7.164589432812832
49,gamma_ref_suppress,0.05,6.1,0.12,0.5,D21_guard,8.0,0.3226590996076344,0.01855309920493875,0.32265909973791107,0.01855309925325388,0.3041059972951831,1.0,0.0,0.30410600072986016
50,gamma_ref_suppress,0.05,6.1,0.2,0.5,D60_hotspot,4.813559322033898,8.950884564633627,8.954440150300657,8.958857939127418,8.962416627290702,-0.00352780027408325,0.0,1.0,0.003555585667029959
50,gamma_ref_suppress,0.05,6.1,0.2,0.5,D60_hotspot,5.627118644067797,10.271915904250342,10.87158431281258,10.272608773798765,10.872308022872069,-0.5993909520549208,0.0,1.0,0.5996684085622377
50,gamma_ref_suppress,0.05,6.1,0.2,0.5,D60_hotspot,6.169491525423728,25.887561191706766,33.57128313970793,25.89060277919198,33.57459365490689,-7.681302324360298,0.0,1.0,7.683721948001164
50,gamma_ref_suppress,0.05,6.1,0.2,0.5,D60_hotspot,6.4406779661016955,31.28630580743782,40.17979886587501,31.28639526077564,40.179912286699384,-8.893277352871465,0.0,1.0,8.893493058437187
50,gamma_ref_suppress,0.05,6.1,0.2,0.5,D60_hotspot,6.711864406779661,7.462467784829663,11.315495236445415,7.462495924022775,11.31552980792356,-3.8529695608851733,0.0,1.0,3.853027451615752
50,gamma_ref_suppress,0.05,6.1,0.2,0.5,D21_guard,4.0,0.9136772062233662,0.9136710682666731,0.9244091557317824,0.9244029355066536,5.446356190746011e-06,1.0,0.0,6.137956693130775e-06
50,gamma_ref_suppress,0.05,6.1,0.2,0.5,D21_guard,6.4,2.1022273869561374,4.1929131984795305,2.102232425909044,4.192935397196507,-2.090531454115814,0.0,1.0,6.295049863701237
50,gamma_ref_suppress,0.05,6.1,0.2,0.5,D21_guard,8.0,0.3226590996076344,0.018577464291844148,0.32265909973791107,0.01857746434012819,0.3040816322079967,1.0,0.0,0.30408163564239876
51,gamma_ref_suppress,0.05,6.1,0.3,0.5,D60_hotspot,4.813559322033898,8.950884564633627,8.98088503333002,8.958857939127418,8.988884585323243,-0.02976602776614695,0.0,1.0,0.030000468696393057
51,gamma_ref_suppress,0.05,6.1,0.3,0.5,D60_hotspot,5.627118644067797,10.271915904250342,11.473635372135412,10.272608773798765,11.474390045243972,-1.201163452457927,0.0,1.0,1.20171946788507
51,gamma_ref_suppress,0.05,6.1,0.3,0.5,D60_hotspot,6.169491525423728,25.887561191706766,33.18655646788174,25.89060277919198,33.18985351777509,-7.296696803944428,0.0,1.0,7.298995276174978
51,gamma_ref_suppress,0.05,6.1,0.3,0.5,D60_hotspot,6.4406779661016955,31.28630580743782,39.197426662548374,31.28639526077564,39.19753743593238,-7.9109289763078845,0.0,1.0,7.911120855110553
51,gamma_ref_suppress,0.05,6.1,0.3,0.5,D60_hotspot,6.711864406779661,7.462467784829663,11.015398475355504,7.462495924022775,11.015432545848924,-3.5528773086706797,0.0,1.0,3.552930690525841
51,gamma_ref_suppress,0.05,6.1,0.3,0.5,D21_guard,4.0,0.9136772062233662,0.9134741156311956,0.9244091557317824,0.9242033430700105,0.0001802071534982561,1.0,0.0,0.0002030905921706072
51,gamma_ref_suppress,0.05,6.1,0.3,0.5,D21_guard,6.4,2.1022273869561374,3.495553973198085,2.102232425909044,3.495574272109735,-1.393189327030325,0.0,1.0,5.597690638419792
51,gamma_ref_suppress,0.05,6.1,0.3,0.5,D21_guard,8.0,0.3226590996076344,0.019131172683963804,0.32265909973791107,0.019131172731543078,0.3035279238094871,1.0,0.0,0.30352792723763544
52,gamma_ref_suppress,0.05,6.25,0.12,0.5,D60_hotspot,4.813559322033898,8.950884564633627,8.950898572975495,8.958857939127418,8.958871959692539,-1.389887262179389e-05,0.0,1.0,1.4008341867821628e-05
52,gamma_ref_suppress,0.05,6.25,0.12,0.5,D60_hotspot,5.627118644067797,10.271915904250342,10.310376200679087,10.272608773798765,10.311071048212646,-0.03844250149513667,0.0,1.0,0.038460296428745266
52,gamma_ref_suppress,0.05,6.25,0.12,0.5,D60_hotspot,6.169491525423728,25.887561191706766,30.25497331191059,25.89060277919198,30.25816775736807,-4.3660368109868894,0.0,1.0,4.367412120203824
52,gamma_ref_suppress,0.05,6.25,0.12,0.5,D60_hotspot,6.4406779661016955,31.28630580743782,40.008074674874216,31.28639526077564,40.008187632911124,-8.721557326922984,0.0,1.0,8.721768867436396
52,gamma_ref_suppress,0.05,6.25,0.12,0.5,D60_hotspot,6.711864406779661,7.462467784829663,11.418395921557469,7.462495924022775,11.418430664819113,-3.9558686999413277,0.0,1.0,3.955928136727806
52,gamma_ref_suppress,0.05,6.25,0.12,0.5,D21_guard,4.0,0.9136772062233662,0.9136772046197308,0.9244091557317824,0.924409154106653,1.4229441635822512e-09,1.0,0.0,1.6036354466564262e-09
52,gamma_ref_suppress,0.05,6.25,0.12,0.5,D21_guard,6.4,2.1022273869561374,3.867331150005583,2.102232425909044,3.8673524617442467,-1.7649573884224206,0.0,1.0,5.96946781522729
52,gamma_ref_suppress,0.05,6.25,0.12,0.5,D21_guard,8.0,0.3226590996076344,0.018553207174672792,0.32265909973791107,0.018553207222987922,0.3041058893254478,1.0,0.0,0.3041058927601239
53,gamma_ref_suppress,0.05,6.25,0.2,0.5,D60_hotspot,4.813559322033898,8.950884564633627,8.952565450989733,8.958857939127418,8.960540292173993,-0.0016677509426227203,0.0,1.0,0.0016808863561053045
53,gamma_ref_suppress,0.05,6.25,0.2,0.5,D60_hotspot,5.627118644067797,10.271915904250342,10.567867908818023,10.272608773798765,10.568575998963269,-0.29581507254267064,0.0,1.0,0.2959520045676811
53,gamma_ref_suppress,0.05,6.25,0.2,0.5,D60_hotspot,6.169491525423728,25.887561191706766,31.080895762393837,25.89060277919198,31.084119114862517,-5.191699176383738,0.0,1.0,5.193334570687071
53,gamma_ref_suppress,0.05,6.25,0.2,0.5,D60_hotspot,6.4406779661016955,31.28630580743782,38.8137945695404,31.28639526077564,38.81390430905649,-7.527306188032828,0.0,1.0,7.527488762102578
53,gamma_ref_suppress,0.05,6.25,0.2,0.5,D60_hotspot,6.711864406779661,7.462467784829663,11.120783708037116,7.462495924022775,11.120817954461764,-3.6582609579667085,0.0,1.0,3.6583159232074536
53,gamma_ref_suppress,0.05,6.25,0.2,0.5,D21_guard,4.0,0.9136772062233662,0.9136743068179038,0.9244091557317824,0.9244062174649263,2.572712008113858e-06,1.0,0.0,2.8994054623865395e-06
53,gamma_ref_suppress,0.05,6.25,0.2,0.5,D21_guard,6.4,2.1022273869561374,3.0810231207904053,2.102232425909044,3.0810422904018395,-0.978668638293656,0.0,1.0,5.183159786012112
53,gamma_ref_suppress,0.05,6.25,0.2,0.5,D21_guard,8.0,0.3226590996076344,0.018604723897256203,0.32265909973791107,0.018604723945505608,0.30405437260226986,1.0,0.0,0.3040543760363641
54,gamma_ref_suppress,0.05,6.25,0.3,0.5,D60_hotspot,4.813559322033898,8.950884564633627,8.969172958731699,8.958857939127418,8.977162291123713,-0.018145478060043036,0.0,1.0,0.018288394098071592
54,gamma_ref_suppress,0.05,6.25,0.3,0.5,D60_hotspot,5.627118644067797,10.271915904250342,11.05070245170964,10.272608773798765,11.051435373685024,-0.7784262159955821,0.0,1.0,0.7787865474592977
54,gamma_ref_suppress,0.05,6.25,0.3,0.5,D60_hotspot,6.169491525423728,25.887561191706766,31.51499238132321,25.89060277919198,31.518230927029236,-5.625659097180526,0.0,1.0,5.627431189616445
54,gamma_ref_suppress,0.05,6.25,0.3,0.5,D60_hotspot,6.4406779661016955,31.28630580743782,38.07442493191632,31.28639526077564,38.074532678870916,-6.787954483311488,0.0,1.0,6.788119124478499
54,gamma_ref_suppress,0.05,6.25,0.3,0.5,D60_hotspot,6.711864406779661,7.462467784829663,10.755133861635791,7.462495924022775,10.755167497640691,-3.292616605358772,0.0,1.0,3.292666076806128
54,gamma_ref_suppress,0.05,6.25,0.3,0.5,D21_guard,4.0,0.9136772062233662,0.9135539835874291,0.9244091557317824,0.9242842815147068,0.00010933840032383454,1.0,0.0,0.0001232226359371147
54,gamma_ref_suppress,0.05,6.25,0.3,0.5,D21_guard,6.4,2.1022273869561374,2.630925705001104,2.102232425909044,2.630943648418871,-0.5285822582138374,0.0,1.0,4.733062370222811
54,gamma_ref_suppress,0.05,6.25,0.3,0.5,D21_guard,8.0,0.3226590996076344,0.01950503716244878,0.32265909973791107,0.01950503720955199,0.3031540593266877,1.0,0.0,0.3031540627506133
55,gamma_ref_suppress,0.05,6.4,0.12,0.5,D60_hotspot,4.813559322033898,8.950884564633627,8.950888578107898,8.958857939127418,8.958861956103723,-3.9821106720220696e-06,0.0,1.0,4.013474271147288e-06
55,gamma_ref_suppress,0.05,6.4,0.12,0.5,D60_hotspot,5.627118644067797,10.271915904250342,10.282976083819626,10.272608773798765,10.283669522185058,-0.011055062209842552,0.0,1.0,0.0110601795692844
55,gamma_ref_suppress,0.05,6.4,0.12,0.5,D60_hotspot,6.169491525423728,25.887561191706766,27.51543915211873,25.89060277919198,27.51853771479138,-1.6273653374898873,0.0,1.0,1.6278779604119649
55,gamma_ref_suppress,0.05,6.4,0.12,0.5,D60_hotspot,6.4406779661016955,31.28630580743782,37.322390593513795,31.28639526077564,37.32249631377622,-6.035938384985319,0.0,1.0,6.036084786075975
55,gamma_ref_suppress,0.05,6.4,0.12,0.5,D60_hotspot,6.711864406779661,7.462467784829663,11.211044515096646,7.462495924022775,11.21107891220364,-3.748520408881196,0.0,1.0,3.748576730266983
55,gamma_ref_suppress,0.05,6.4,0.12,0.5,D21_guard,4.0,0.9136772062233662,0.9136772057639169,0.9244091557317824,0.9244091552661748,4.0768035018306654e-10,1.0,0.0,4.594493674403566e-10
55,gamma_ref_suppress,0.05,6.4,0.12,0.5,D21_guard,6.4,2.1022273869561374,1.670090529117637,2.102232425909044,1.6701058549464776,0.4322293594409185,1.0,0.0,3.7722271943393437
55,gamma_ref_suppress,0.05,6.4,0.12,0.5,D21_guard,8.0,0.3226590996076344,0.018553584025475356,0.32265909973791107,0.018553584073789597,0.30410551247464107,1.0,0.0,0.3041055159093129
56,gamma_ref_suppress,0.05,6.4,0.2,0.5,D60_hotspot,4.813559322033898,8.950884564633627,8.951678859951313,8.958857939127418,8.959652927523114,-0.0007880882368875218,0.0,1.0,0.0007942953176858225
56,gamma_ref_suppress,0.05,6.4,0.2,0.5,D60_hotspot,5.627118644067797,10.271915904250342,10.414735493006802,10.272608773798765,10.415435707663029,-0.14275350852994556,0.0,1.0,0.14281958875645984
56,gamma_ref_suppress,0.05,6.4,0.2,0.5,D60_hotspot,6.169491525423728,25.887561191706766,28.96734194936147,25.89060277919198,28.970491328149336,-3.0788109268382975,0.0,1.0,3.079780757654703
56,gamma_ref_suppress,0.05,6.4,0.2,0.5,D60_hotspot,6.4406779661016955,31.28630580743782,36.96633379523258,31.28639526077564,36.96643855594102,-5.67989022261718,0.0,1.0,5.680027987794759
56,gamma_ref_suppress,0.05,6.4,0.2,0.5,D60_hotspot,6.711864406779661,7.462467784829663,10.767181129827492,7.462495924022775,10.767214785944233,-3.304663692543417,0.0,1.0,3.304713344997829
56,gamma_ref_suppress,0.05,6.4,0.2,0.5,D21_guard,4.0,0.9136772062233662,0.9136758366322733,0.9244091557317824,0.9244077677837472,1.2152710259038266e-06,1.0,0.0,1.3695910929811816e-06
56,gamma_ref_suppress,0.05,6.4,0.2,0.5,D21_guard,6.4,2.1022273869561374,1.670090529117637,2.102232425909044,1.6701058549464776,0.4322293594409185,1.0,0.0,3.7722271943393437
56,gamma_ref_suppress,0.05,6.4,0.2,0.5,D21_guard,8.0,0.3226590996076344,0.01866241638520183,0.32265909973791107,0.01866241643337796,0.3039966801136583,1.0,0.0,0.30399668354710085
57,gamma_ref_suppress,0.05,6.4,0.3,0.5,D60_hotspot,4.813559322033898,8.950884564633627,8.962011227776552,8.958857939127418,8.969994311059265,-0.011039712992774144,0.0,1.0,0.011126663142924542
57,gamma_ref_suppress,0.05,6.4,0.3,0.5,D60_hotspot,5.627118644067797,10.271915904250342,10.764738222172568,10.272608773798765,10.76545643721515,-0.49259429730765447,0.0,1.0,0.49282231792222575
57,gamma_ref_suppress,0.05,6.4,0.3,0.5,D60_hotspot,6.169491525423728,25.887561191706766,29.972427906305697,25.89060277919198,29.975612462767913,-4.083580379650933,0.0,1.0,4.084866714598931
57,gamma_ref_suppress,0.05,6.4,0.3,0.5,D60_hotspot,6.4406779661016955,31.28630580743782,36.78683138521367,31.28639526077564,36.78693566217276,-5.50039216630594,0.0,1.0,5.500525577775846
57,gamma_ref_suppress,0.05,6.4,0.3,0.5,D60_hotspot,6.711864406779661,7.462467784829663,10.400263101186638,7.462495924022775,10.400296144766521,-2.9377511767500613,0.0,1.0,2.9377953163569757
57,gamma_ref_suppress,0.05,6.4,0.3,0.5,D21_guard,4.0,0.9136772062233662,0.9136024524701636,0.9244091557317824,0.9243334000369487,6.633079816231735e-05,1.0,0.0,7.475375320264988e-05
57,gamma_ref_suppress,0.05,6.4,0.3,0.5,D21_guard,6.4,2.1022273869561374,1.670090529117637,2.102232425909044,1.6701058549464776,0.4322293594409185,1.0,0.0,3.7722271943393437
57,gamma_ref_suppress,0.05,6.4,0.3,0.5,D21_guard,8.0,0.3226590996076344,0.02011943163876717,0.32265909973791107,0.020119431685088784,0.3025396648432789,1.0,0.0,0.30253966826026524
58,gamma_ref_suppress,0.05,6.55,0.12,0.5,D60_hotspot,4.813559322033898,8.950884564633627,8.950885714514664,8.958857939127418,8.958859090011805,-1.1408952030730494e-06,0.0,1.0,1.1498810366106227e-06
58,gamma_ref_suppress,0.05,6.55,0.12,0.5,D60_hotspot,5.627118644067797,10.271915904250342,10.275088090299384,10.272608773798765,10.275781122991035,-0.003170718331803966,0.0,1.0,0.003172186049042125
58,gamma_ref_suppress,0.05,6.55,0.12,0.5,D60_hotspot,6.169491525423728,25.887561191706766,26.3979502198476,25.89060277919198,26.401009670779132,-0.5102283053339912,0.0,1.0,0.5103890281408354
58,gamma_ref_suppress,0.05,6.55,0.12,0.5,D60_hotspot,6.4406779661016955,31.28630580743782,34.194932744754176,31.28639526077564,34.1950300366855,-2.908556390567748,0.0,1.0,2.908626937316356
58,gamma_ref_suppress,0.05,6.55,0.12,0.5,D60_hotspot,6.711864406779661,7.462467784829663,10.631193974277252,7.462495924022775,10.63122740337559,-3.168678580164656,0.0,1.0,3.1687261894475895
58,gamma_ref_suppress,0.05,6.55,0.12,0.5,D21_guard,4.0,0.9136772062233662,0.913677206091732,0.9244091557317824,0.9244091555983838,1.1680228058465428e-10,1.0,0.0,1.3163425904849646e-10
58,gamma_ref_suppress,0.05,6.55,0.12,0.5,D21_guard,6.4,2.1022273869561374,0.45158741550927317,2.102232425909044,0.4515969518170948,1.6506804457927975,1.0,0.0,1.650720918978955
58,gamma_ref_suppress,0.05,6.55,0.12,0.5,D21_guard,8.0,0.3226590996076344,0.018554899356711285,0.32265909973791107,0.01855489940502375,0.30410419714338993,1.0,0.0,0.30410420057804677
59,gamma_ref_suppress,0.05,6.55,0.2,0.5,D60_hotspot,4.813559322033898,8.950884564633627,8.951259830335042,8.958857939127418,8.959233532274306,-0.0003723331592258968,0.0,1.0,0.0003752657014146621
59,gamma_ref_suppress,0.05,6.55,0.2,0.5,D60_hotspot,5.627118644067797,10.271915904250342,10.340074998496235,10.272608773798765,10.340771373417411,-0.06812755817701968,0.0,1.0,0.0681590942458925
59,gamma_ref_suppress,0.05,6.55,0.2,0.5,D60_hotspot,6.169491525423728,25.887561191706766,27.54190161519567,25.89060277919198,27.545001104045724,-1.6538194674696935,0.0,1.0,1.6543404234889039
59,gamma_ref_suppress,0.05,6.55,0.2,0.5,D60_hotspot,6.4406779661016955,31.28630580743782,35.023882787739474,31.28639526077564,35.02398231364669,-3.7374863279391084,0.0,1.0,3.737576980301654
59,gamma_ref_suppress,0.05,6.55,0.2,0.5,D60_hotspot,6.711864406779661,7.462467784829663,10.205708918567293,7.462495924022775,10.205741637356347,-2.7431999172564665,0.0,1.0,2.74324113373763
59,gamma_ref_suppress,0.05,6.55,0.2,0.5,D21_guard,4.0,0.9136772062233662,0.9136765592723508,0.9244091557317824,0.9244085001095348,5.74055153028284e-07,1.0,0.0,6.469510154261116e-07
59,gamma_ref_suppress,0.05,6.55,0.2,0.5,D21_guard,6.4,2.1022273869561374,0.29077637427597836,2.102232425909044,0.2907879424598505,1.811509695580751,1.0,0.0,2.392913039497685
59,gamma_ref_suppress,0.05,6.55,0.2,0.5,D21_guard,8.0,0.3226590996076344,0.018784479289621014,0.32265909973791107,0.018784479337641713,0.30387461720783066,1.0,0.0,0.30387462063989457
60,gamma_ref_suppress,0.05,6.55,0.3,0.5,D60_hotspot,4.813559322033898,8.950884564633627,8.95764586761974,8.958857939127418,8.965625141821528,-0.0067084662728667185,0.0,1.0,0.006761302986113549
60,gamma_ref_suppress,0.05,6.55,0.3,0.5,D60_hotspot,5.627118644067797,10.271915904250342,10.578893664469796,10.272608773798765,10.579602321661653,-0.3068357267623681,0.0,1.0,0.30697776021945344
60,gamma_ref_suppress,0.05,6.55,0.3,0.5,D60_hotspot,6.169491525423728,25.887561191706766,28.700871124403108,25.89060277919198,28.70401117680069,-2.812424014222422,0.0,1.0,2.8133099326963418
60,gamma_ref_suppress,0.05,6.55,0.3,0.5,D60_hotspot,6.4406779661016955,31.28630580743782,35.47625763449114,31.28639526077564,35.47635837952429,-4.18985020264958,0.0,1.0,4.189951827053321
60,gamma_ref_suppress,0.05,6.55,0.3,0.5,D60_hotspot,6.711864406779661,7.462467784829663,9.956927810268894,7.462495924022775,9.95696011374012,-2.4944225468292083,0.0,1.0,2.4944600254392313
60,gamma_ref_suppress,0.05,6.55,0.3,0.5,D21_guard,4.0,0.9136772062233662,0.913631860095772,0.9244091557317824,0.9243632018196815,4.0236706627125105e-05,1.0,0.0,4.5346127594214636e-05
60,gamma_ref_suppress,0.05,6.55,0.3,0.5,D21_guard,6.4,2.1022273869561374,0.7240240269664682,2.102232425909044,0.7240367754404602,1.3782726654689752,1.0,0.0,2.826160692188175
60,gamma_ref_suppress,0.05,6.55,0.3,0.5,D21_guard,8.0,0.3226590996076344,0.021126985583709512,0.32265909973791107,0.02112698562874904,0.3015321108867091,1.0,0.0,0.30153211429231597
61,gamma_ref_suppress,0.1,6.1,0.12,0.5,D60_hotspot,4.813559322033898,8.950884564633627,8.950982351130138,8.958857939127418,8.95895581094946,-9.702233654267156e-05,0.0,1.0,9.778649651082105e-05
61,gamma_ref_suppress,0.1,6.1,0.12,0.5,D60_hotspot,5.627118644067797,10.271915904250342,10.537255758151865,10.272608773798765,10.537962273936415,-0.26521708560480645,0.0,1.0,0.2653398539015228
61,gamma_ref_suppress,0.1,6.1,0.12,0.5,D60_hotspot,6.169491525423728,25.887561191706766,43.45024101756991,25.89060277919198,43.45389729301037,-17.557149293187557,0.0,1.0,17.562679825863142
61,gamma_ref_suppress,0.1,6.1,0.12,0.5,D60_hotspot,6.4406779661016955,31.28630580743782,52.550244897068815,31.28639526077564,52.55039165558143,-21.263423347393296,0.0,1.0,21.263939089630995
61,gamma_ref_suppress,0.1,6.1,0.12,0.5,D60_hotspot,6.711864406779661,7.462467784829663,16.054040310842964,7.462495924022775,16.05408279289869,-8.591443439881271,0.0,1.0,8.591572526013302
61,gamma_ref_suppress,0.1,6.1,0.12,0.5,D21_guard,4.0,0.9136772062233662,0.9136771950288898,0.9244091557317824,0.9244091443872637,9.933127502098221e-09,1.0,0.0,1.119447645692162e-08
61,gamma_ref_suppress,0.1,6.1,0.12,0.5,D21_guard,6.4,2.1022273869561374,13.115467153000395,2.102232425909044,13.115513659297932,-11.01286664107697,0.0,1.0,15.217603818222102
61,gamma_ref_suppress,0.1,6.1,0.12,0.5,D21_guard,8.0,0.3226590996076344,0.33174961051867324,0.32265909973791107,0.3317496112554137,-0.009090510275759607,0.0,1.0,0.6544087101263076
62,gamma_ref_suppress,0.1,6.1,0.2,0.5,D60_hotspot,4.813559322033898,8.950884564633627,8.957996362558424,8.958857939127418,8.965975942591468,-0.007056222242358922,0.0,1.0,0.007111797924796548
62,gamma_ref_suppress,0.1,6.1,0.2,0.5,D60_hotspot,5.627118644067797,10.271915904250342,11.477395587305644,10.272608773798765,11.478150453799337,-1.204921927839715,0.0,1.0,1.2054796830553016
62,gamma_ref_suppress,0.1,6.1,0.2,0.5,D60_hotspot,6.169491525423728,25.887561191706766,41.835052846824155,25.89060277919198,41.83865259121559,-15.94246974931674,0.0,1.0,15.947491655117389
62,gamma_ref_suppress,0.1,6.1,0.2,0.5,D60_hotspot,6.4406779661016955,31.28630580743782,50.08111789336517,31.28639526077564,50.081257997713,-18.79435623066923,0.0,1.0,18.794812085927347
62,gamma_ref_suppress,0.1,6.1,0.2,0.5,D60_hotspot,6.711864406779661,7.462467784829663,15.676010055714585,7.462495924022775,15.676051906682574,-8.213418864558683,0.0,1.0,8.213542270884922
62,gamma_ref_suppress,0.1,6.1,0.2,0.5,D21_guard,4.0,0.9136772062233662,0.9136649302930788,0.9244091557317824,0.9243967152643968,1.0892727378411719e-05,1.0,0.0,1.2275930287408698e-05
62,gamma_ref_suppress,0.1,6.1,0.2,0.5,D21_guard,6.4,2.1022273869561374,11.173824649943967,2.102232425909044,11.173865866653799,-9.071271744164958,0.0,1.0,13.275961315165674
62,gamma_ref_suppress,0.1,6.1,0.2,0.5,D21_guard,8.0,0.3226590996076344,0.3316934780448597,0.32265909973791107,0.33169347878152555,-0.00903437780257989,0.0,1.0,0.6543525776524941
63,gamma_ref_suppress,0.1,6.1,0.3,0.5,D60_hotspot,4.813559322033898,8.950884564633627,9.010930110539897,8.958857939127418,9.018955878956588,-0.059576315449177235,0.0,1.0,0.06004554590627009
63,gamma_ref_suppress,0.1,6.1,0.3,0.5,D60_hotspot,5.627118644067797,10.271915904250342,12.700024030037284,10.272608773798765,12.700841775424507,-2.426984680912496,0.0,1.0,2.4281081257869417
63,gamma_ref_suppress,0.1,6.1,0.3,0.5,D60_hotspot,6.169491525423728,25.887561191706766,41.00896731391876,25.89060277919198,41.01253814559119,-15.116644352852829,0.0,1.0,15.121406122211994
63,gamma_ref_suppress,0.1,6.1,0.3,0.5,D60_hotspot,6.4406779661016955,31.28630580743782,47.90602208596952,31.28639526077564,47.90615632855087,-16.61931317872844,0.0,1.0,16.619716278531698
63,gamma_ref_suppress,0.1,6.1,0.3,0.5,D60_hotspot,6.711864406779661,7.462467784829663,14.999842778679309,7.462495924022775,14.999883500846451,-7.537261746760053,0.0,1.0,7.537374993849646
63,gamma_ref_suppress,0.1,6.1,0.3,0.5,D21_guard,4.0,0.9136772062233662,0.9132710065355885,0.9244091557317824,0.9239975116567969,0.00036043072553925976,1.0,0.0,0.00040619968777777515
63,gamma_ref_suppress,0.1,6.1,0.3,0.5,D21_guard,6.4,2.1022273869561374,9.635564982167438,2.102232425909044,9.635602008219422,-7.5330497921944,0.0,1.0,11.737701647389144
63,gamma_ref_suppress,0.1,6.1,0.3,0.5,D21_guard,8.0,0.3226590996076344,0.3304180003019339,0.32265909973791107,0.33041800103691,-0.007758900074059931,0.0,1.0,0.6530770999095683
64,gamma_ref_suppress,0.1,6.25,0.12,0.5,D60_hotspot,4.813559322033898,8.950884564633627,8.95091258132709,8.958857939127418,8.958885980267398,-2.7797754893604016e-05,0.0,1.0,2.8016693462973308e-05
64,gamma_ref_suppress,0.1,6.25,0.12,0.5,D60_hotspot,5.627118644067797,10.271915904250342,10.34886176528719,10.272608773798765,10.349558592105403,-0.07691025947846494,0.0,1.0,0.07694586103684742
64,gamma_ref_suppress,0.1,6.25,0.12,0.5,D60_hotspot,6.169491525423728,25.887561191706766,34.80978510226532,25.89060277919198,34.813138964621245,-8.919414279490553,0.0,1.0,8.922223910558557
64,gamma_ref_suppress,0.1,6.25,0.12,0.5,D60_hotspot,6.4406779661016955,31.28630580743782,49.699125102612605,31.28639526077564,49.699264177510365,-18.412372704889446,0.0,1.0,18.412819295174785
64,gamma_ref_suppress,0.1,6.25,0.12,0.5,D60_hotspot,6.711864406779661,7.462467784829663,15.909279755477264,7.462495924022775,15.909321995868169,-8.446685059505084,0.0,1.0,8.446811970647602
64,gamma_ref_suppress,0.1,6.25,0.12,0.5,D21_guard,4.0,0.9136772062233662,0.9136772030160949,0.9244091557317824,0.9244091524815232,2.8458887929166006e-09,1.0,0.0,3.2072713374020623e-09
64,gamma_ref_suppress,0.1,6.25,0.12,0.5,D21_guard,6.4,2.1022273869561374,10.453549253937368,2.102232425909044,10.453588508411698,-8.35101400822425,0.0,1.0,12.555685919159075
64,gamma_ref_suppress,0.1,6.25,0.12,0.5,D21_guard,8.0,0.3226590996076344,0.3317493617758642,0.32265909973791107,0.33174936251260423,-0.009090261532953288,0.0,1.0,0.6544084613834986
65,gamma_ref_suppress,0.1,6.25,0.2,0.5,D60_hotspot,4.813559322033898,8.950884564633627,8.954246477381409,8.958857939127418,8.962222785378339,-0.0033356408265013166,0.0,1.0,0.0033619127477813038
65,gamma_ref_suppress,0.1,6.25,0.2,0.5,D60_hotspot,5.627118644067797,10.271915904250342,10.865316118959925,10.272608773798765,10.86603950665075,-0.5931256583903507,0.0,1.0,0.5934002147095825
65,gamma_ref_suppress,0.1,6.25,0.2,0.5,D60_hotspot,6.169491525423728,25.887561191706766,36.539210321224445,25.89060277919198,36.542624712888085,-10.648294898036848,0.0,1.0,10.65164912951768
65,gamma_ref_suppress,0.1,6.25,0.2,0.5,D60_hotspot,6.4406779661016955,31.28630580743782,47.06328971225957,31.28639526077564,47.0634216837224,-15.776601244913406,0.0,1.0,15.776983904821748
65,gamma_ref_suppress,0.1,6.25,0.2,0.5,D60_hotspot,6.711864406779661,7.462467784829663,15.23659156849721,7.462495924022775,15.236632685895302,-7.774006979489251,0.0,1.0,7.774123783667548
65,gamma_ref_suppress,0.1,6.25,0.2,0.5,D21_guard,4.0,0.9136772062233662,0.9136714074086698,0.9244091557317824,0.924403279194248,5.14542736283526e-06,1.0,0.0,5.798814696422738e-06
65,gamma_ref_suppress,0.1,6.25,0.2,0.5,D21_guard,6.4,2.1022273869561374,8.729155469179759,2.102232425909044,8.729190025913852,-6.626662503000303,0.0,1.0,10.831292134401465
65,gamma_ref_suppress,0.1,6.25,0.2,0.5,D21_guard,8.0,0.3226590996076344,0.33163067786011435,0.32265909973791107,0.33163067859669715,-0.00897157761854374,0.0,1.0,0.6542897774677487
66,gamma_ref_suppress,0.1,6.25,0.3,0.5,D60_hotspot,4.813559322033898,8.950884564633627,8.987477930092298,8.958857939127418,8.995483234847354,-0.03630740383834511,0.0,1.0,0.0365933654586712
66,gamma_ref_suppress,0.1,6.25,0.3,0.5,D60_hotspot,5.627118644067797,10.271915904250342,11.839849615194503,10.272608773798765,11.840623122435808,-1.5672082543335888,0.0,1.0,1.5679337109441605
66,gamma_ref_suppress,0.1,6.25,0.3,0.5,D60_hotspot,6.169491525423728,25.887561191706766,37.45355283286649,25.89060277919198,37.456999226214066,-11.562349480889699,0.0,1.0,11.565991641159727
66,gamma_ref_suppress,0.1,6.25,0.3,0.5,D60_hotspot,6.4406779661016955,31.28630580743782,45.449681414326626,31.28639526077564,45.44980903720168,-14.163032083941435,0.0,1.0,14.163375606888806
66,gamma_ref_suppress,0.1,6.25,0.3,0.5,D60_hotspot,6.711864406779661,7.462467784829663,14.41840931968126,7.462495924022775,14.418449071197195,-6.955837023647784,0.0,1.0,6.955941534851597
66,gamma_ref_suppress,0.1,6.25,0.3,0.5,D21_guard,4.0,0.9136772062233662,0.9134307541398194,0.9244091557317824,0.9241594003946605,0.00021868284480798495,1.0,0.0,0.0002464520835467887
66,gamma_ref_suppress,0.1,6.25,0.3,0.5,D21_guard,6.4,2.1022273869561374,7.751711987544326,2.102232425909044,7.75174388144373,-5.649242986804176,0.0,1.0,9.853848652766033
66,gamma_ref_suppress,0.1,6.25,0.3,0.5,D21_guard,8.0,0.3226590996076344,0.329556969642093,0.32265909973791107,0.32955697037592824,-0.0068978694239438055,0.0,1.0,0.6522160692497274
67,gamma_ref_suppress,0.1,6.4,0.12,0.5,D60_hotspot,4.813559322033898,8.950884564633627,8.950892591582969,8.958857939127418,8.958865973080831,-7.964222138836941e-06,0.0,1.0,8.026949341655154e-06
67,gamma_ref_suppress,0.1,6.4,0.12,0.5,D60_hotspot,5.627118644067797,10.271915904250342,10.294038353036498,10.272608773798765,10.294732360326407,-0.02211221310042585,0.0,1.0,0.022122448786156212
67,gamma_ref_suppress,0.1,6.4,0.12,0.5,D60_hotspot,6.169491525423728,25.887561191706766,29.1693525068018,25.89060277919198,29.172508955892013,-3.280757870638802,0.0,1.0,3.2817913150950346
67,gamma_ref_suppress,0.1,6.4,0.12,0.5,D60_hotspot,6.4406779661016955,31.28630580743782,43.82272490336138,31.28639526077564,43.82284814167594,-12.536115033688905,0.0,1.0,12.536419095923563
67,gamma_ref_suppress,0.1,6.4,0.12,0.5,D60_hotspot,6.711864406779661,7.462467784829663,15.439966870548552,7.462495924022775,15.44000832746353,-7.977379225879823,0.0,1.0,7.97749908571889
67,gamma_ref_suppress,0.1,6.4,0.12,0.5,D21_guard,4.0,0.9136772062233662,0.9136772053044675,0.9244091557317824,0.9244091548005677,8.153607382761875e-10,1.0,0.0,9.188987348807132e-10
67,gamma_ref_suppress,0.1,6.4,0.12,0.5,D21_guard,6.4,2.1022273869561374,5.688600371590965,2.102232425909044,5.688626644986186,-3.586181955234607,0.0,1.0,7.790737036812672
67,gamma_ref_suppress,0.1,6.4,0.12,0.5,D21_guard,8.0,0.3226590996076344,0.33174849357962444,0.32265909973791107,0.33174849431636355,-0.00908939333672356,0.0,1.0,0.6544075931872588
68,gamma_ref_suppress,0.1,6.4,0.2,0.5,D60_hotspot,4.813559322033898,8.950884564633627,8.95247318653884,8.958857939127418,8.960447947215942,-0.001576207499257502,0.0,1.0,0.001588621905213472
68,gamma_ref_suppress,0.1,6.4,0.2,0.5,D60_hotspot,5.627118644067797,10.271915904250342,10.557903518752923,10.272608773798765,10.558611096436813,-0.28585529283359873,0.0,1.0,0.2859876145025808
68,gamma_ref_suppress,0.1,6.4,0.2,0.5,D60_hotspot,6.169491525423728,25.887561191706766,32.14031072493974,25.89060277919198,32.14357115657991,-6.250780526455615,0.0,1.0,6.252749533232972
68,gamma_ref_suppress,0.1,6.4,0.2,0.5,D60_hotspot,6.4406779661016955,31.28630580743782,43.05745636712785,31.28639526077564,43.05757754308477,-11.770865058518094,0.0,1.0,11.771150559690028
68,gamma_ref_suppress,0.1,6.4,0.2,0.5,D60_hotspot,6.711864406779661,7.462467784829663,14.445220802459254,7.462495924022775,14.44526059873457,-6.982648103590257,0.0,1.0,6.982753017629591
68,gamma_ref_suppress,0.1,6.4,0.2,0.5,D21_guard,4.0,0.9136772062233662,0.9136744670403392,0.9244091557317824,0.9244063798348594,2.430542798435345e-06,1.0,0.0,2.7391830270673267e-06
68,gamma_ref_suppress,0.1,6.4,0.2,0.5,D21_guard,6.4,2.1022273869561374,5.688600371590965,2.102232425909044,5.688626644986186,-3.586181955234607,0.0,1.0,7.790737036812672
68,gamma_ref_suppress,0.1,6.4,0.2,0.5,D21_guard,8.0,0.3226590996076344,0.3314977694005625,0.32265909973791107,0.33149777013696946,-0.0088386691604934,0.0,1.0,0.6541568690081969
69,gamma_ref_suppress,0.1,6.4,0.3,0.5,D60_hotspot,4.813559322033898,8.950884564633627,8.97314402700709,8.958857939127418,8.981136824432886,-0.02208551412223937,0.0,1.0,0.022259462373462213
69,gamma_ref_suppress,0.1,6.4,0.3,0.5,D60_hotspot,5.627118644067797,10.271915904250342,11.261709406308931,10.272608773798765,11.262453180218856,-0.9893355412186894,0.0,1.0,0.9897935020585891
69,gamma_ref_suppress,0.1,6.4,0.3,0.5,D60_hotspot,6.169491525423728,25.887561191706766,34.22123134524472,25.89060277919198,34.22456460841481,-8.331045859549299,0.0,1.0,8.333670153537952
69,gamma_ref_suppress,0.1,6.4,0.3,0.5,D60_hotspot,6.4406779661016955,31.28630580743782,42.67287897600951,31.28639526077564,42.672999115551,-11.386296995060238,0.0,1.0,11.386573168571687
69,gamma_ref_suppress,0.1,6.4,0.3,0.5,D60_hotspot,6.711864406779661,7.462467784829663,13.633087003696879,7.462495924022775,13.633125444187385,-6.170526506925975,0.0,1.0,6.170619218867216
69,gamma_ref_suppress,0.1,6.4,0.3,0.5,D21_guard,4.0,0.9136772062233662,0.9135276962100516,0.9244091557317824,0.9242576418016051,0.00013266382076566717,1.0,0.0,0.00014951001331464653
69,gamma_ref_suppress,0.1,6.4,0.3,0.5,D21_guard,6.4,2.1022273869561374,5.688600371590965,2.102232425909044,5.688626644986186,-3.586181955234607,0.0,1.0,7.790737036812672
69,gamma_ref_suppress,0.1,6.4,0.3,0.5,D21_guard,8.0,0.3226590996076344,0.3281422883419638,0.32265909973791107,0.32814228907392495,-0.005483188139792549,0.0,1.0,0.6508013879495982
70,gamma_ref_suppress,0.1,6.55,0.12,0.5,D60_hotspot,4.813559322033898,8.950884564633627,8.950886864395764,8.958857939127418,8.958860240896259,-2.2817904728017744e-06,0.0,1.0,2.2997621371700916e-06
70,gamma_ref_suppress,0.1,6.55,0.12,0.5,D60_hotspot,5.627118644067797,10.271915904250342,10.278260448244538,10.272608773798765,10.278953644088254,-0.0063416084801783,0.0,1.0,0.006344543994195817
70,gamma_ref_suppress,0.1,6.55,0.12,0.5,D60_hotspot,6.169491525423728,25.887561191706766,26.910898559391413,25.89060277919198,26.913975963344285,-1.023015116137257,0.0,1.0,1.023337367684647
70,gamma_ref_suppress,0.1,6.55,0.12,0.5,D60_hotspot,6.4406779661016955,31.28630580743782,37.21135920719589,31.28639526077564,37.21146462823467,-5.924909691657418,0.0,1.0,5.92505339975807
70,gamma_ref_suppress,0.1,6.55,0.12,0.5,D60_hotspot,6.711864406779661,7.462467784829663,14.143154286110153,7.462495924022775,14.143193578112403,-6.6805861257116215,0.0,1.0,6.680686501280491
70,gamma_ref_suppress,0.1,6.55,0.12,0.5,D21_guard,4.0,0.9136772062233662,0.9136772059600977,0.9244091557317824,0.9244091554649851,2.336045774164748e-10,1.0,0.0,2.632685180969929e-10
70,gamma_ref_suppress,0.1,6.55,0.12,0.5,D21_guard,6.4,2.1022273869561374,1.2464664372781868,2.102232425909044,1.2464806090342364,0.8558430646568475,1.0,0.0,3.3486031024998937
70,gamma_ref_suppress,0.1,6.55,0.12,0.5,D21_guard,8.0,0.3226590996076344,0.33174546329494214,0.32265909973791107,0.3317454640316768,-0.009086363052075117,0.0,1.0,0.6544045629025765
71,gamma_ref_suppress,0.1,6.55,0.2,0.5,D60_hotspot,4.813559322033898,8.950884564633627,8.951635103016192,8.958857939127418,8.959609132407023,-0.0007446732436454186,0.0,1.0,0.0007505383825652245
71,gamma_ref_suppress,0.1,6.55,0.2,0.5,D60_hotspot,5.627118644067797,10.271915904250342,10.408313451766048,10.272608773798765,10.409013336141356,-0.13633443865988037,0.0,1.0,0.1363975475157062
71,gamma_ref_suppress,0.1,6.55,0.2,0.5,D60_hotspot,6.169491525423728,25.887561191706766,29.22313076530706,25.89060277919198,29.22628909661846,-3.3345191942332884,0.0,1.0,3.3355695736002957
71,gamma_ref_suppress,0.1,6.55,0.2,0.5,D60_hotspot,6.4406779661016955,31.28630580743782,38.93946021652017,31.28639526077564,38.939570294698434,-7.6529687870786445,0.0,1.0,7.653154409082347
71,gamma_ref_suppress,0.1,6.55,0.2,0.5,D60_hotspot,6.711864406779661,7.462467784829663,13.206196270131379,7.462495924022775,13.206233997965946,-5.74364218728219,0.0,1.0,5.743728485301716
71,gamma_ref_suppress,0.1,6.55,0.2,0.5,D21_guard,4.0,0.9136772062233662,0.9136759123211471,0.9244091557317824,0.9244078444870962,1.1481104729366278e-06,1.0,0.0,1.293902219146048e-06
71,gamma_ref_suppress,0.1,6.55,0.2,0.5,D21_guard,6.4,2.1022273869561374,2.7827935918324513,2.102232425909044,2.7828119489816387,-0.6804464214737572,0.0,1.0,4.884930257054158
71,gamma_ref_suppress,0.1,6.55,0.2,0.5,D21_guard,8.0,0.3226590996076344,0.33121657923457937,0.32265909973791107,0.3312165799706137,-0.008557478997686064,0.0,1.0,0.6538756788422138
72,gamma_ref_suppress,0.1,6.55,0.3,0.5,D60_hotspot,4.813559322033898,8.950884564633627,8.964409436410518,8.958857939127418,8.972394612297377,-0.013419180644099696,0.0,1.0,0.01352487177689099
72,gamma_ref_suppress,0.1,6.55,0.3,0.5,D60_hotspot,5.627118644067797,10.271915904250342,10.88748118984521,10.272608773798765,10.888205717469546,-0.615280473869374,0.0,1.0,0.6155652855948688
72,gamma_ref_suppress,0.1,6.55,0.3,0.5,D60_hotspot,6.169491525423728,25.887561191706766,31.591940945962207,25.89060277919198,31.595182184842415,-5.702583430520245,0.0,1.0,5.7043797542554415
72,gamma_ref_suppress,0.1,6.55,0.3,0.5,D60_hotspot,6.4406779661016955,31.28630580743782,39.88990579386661,31.28639526077564,39.8900184334447,-8.603391312020412,0.0,1.0,8.60359998642879
72,gamma_ref_suppress,0.1,6.55,0.3,0.5,D60_hotspot,6.711864406779661,7.462467784829663,12.664091086338878,7.462495924022775,12.664127909177289,-5.201545148478415,0.0,1.0,5.2016233015092155
72,gamma_ref_suppress,0.1,6.55,0.3,0.5,D21_guard,4.0,0.9136772062233662,0.9135865130457064,0.9244091557317824,0.9243172469727443,8.047423178546592e-05,1.0,0.0,9.069317765986185e-05
72,gamma_ref_suppress,0.1,6.55,0.3,0.5,D21_guard,6.4,2.1022273869561374,3.6884241174483847,2.102232425909044,3.6884449417932927,-1.5860547423957085,0.0,1.0,5.7905607826700916
72,gamma_ref_suppress,0.1,6.55,0.3,0.5,D21_guard,8.0,0.3226590996076344,0.325823149368079,0.32265909973791107,0.3258231500969675,-0.003164049192100982,0.0,1.0,0.6484822489757134
73,gamma_ref_suppress,0.15,6.1,0.12,0.5,D60_hotspot,4.813559322033898,8.950884564633627,8.951031244556122,8.958857939127418,8.959004747038362,-0.00014553368115176655,0.0,1.0,0.00014667992249428607
73,gamma_ref_suppress,0.15,6.1,0.12,0.5,D60_hotspot,5.627118644067797,10.271915904250342,10.670376353687182,10.272608773798765,10.671089715767351,-0.398276088474973,0.0,1.0,0.3984604494368398
73,gamma_ref_suppress,0.15,6.1,0.12,0.5,D60_hotspot,6.169491525423728,25.887561191706766,53.33725427247808,25.89060277919198,53.341256590095554,-27.44104910240223,0.0,1.0,27.44969308077131
73,gamma_ref_suppress,0.15,6.1,0.12,0.5,D60_hotspot,6.4406779661016955,31.28630580743782,65.25392696657042,31.28639526077564,65.25410796082451,-33.9667972978117,0.0,1.0,33.96762115913259
73,gamma_ref_suppress,0.15,6.1,0.12,0.5,D60_hotspot,6.711864406779661,7.462467784829663,21.254201763128485,7.462495924022775,21.25425292638907,-13.79152676109989,0.0,1.0,13.791733978298822
73,gamma_ref_suppress,0.15,6.1,0.12,0.5,D21_guard,4.0,0.9136772062233662,0.9136771894316511,0.9244091557317824,0.9244091387150042,1.4899691480607657e-08,1.0,0.0,1.679171512947164e-08
73,gamma_ref_suppress,0.15,6.1,0.12,0.5,D21_guard,6.4,2.1022273869561374,22.16707315216624,2.102232425909044,22.167144317618877,-20.064250708521683,0.0,1.0,24.269209817387946
73,gamma_ref_suppress,0.15,6.1,0.12,0.5,D21_guard,8.0,0.3226590996076344,0.7352667654448521,0.32265909973791107,0.7352667667162072,-0.41260766064447785,0.0,1.0,1.0579258650524865
74,gamma_ref_suppress,0.15,6.1,0.2,0.5,D60_hotspot,4.813559322033898,8.950884564633627,8.961553201517338,8.958857939127418,8.969535885140223,-0.010585266014382049,0.0,1.0,0.010668636883711002
74,gamma_ref_suppress,0.15,6.1,0.2,0.5,D60_hotspot,5.627118644067797,10.271915904250342,12.089412653842231,10.272608773798765,12.090198995929505,-1.8166558243522064,0.0,1.0,1.8174967495918892
74,gamma_ref_suppress,0.15,6.1,0.2,0.5,D60_hotspot,6.169491525423728,25.887561191706766,50.72265838934595,25.89060277919198,50.726569196976726,-24.827276562182938,0.0,1.0,24.835097197639186
74,gamma_ref_suppress,0.15,6.1,0.2,0.5,D60_hotspot,6.4406779661016955,31.28630580743782,61.104471466586055,31.28639526077564,61.10464127828023,-29.81744244002048,0.0,1.0,29.818165659148235
74,gamma_ref_suppress,0.15,6.1,0.2,0.5,D60_hotspot,6.711864406779661,7.462467784829663,20.61085407845639,7.462495924022775,20.610904167705513,-13.14818874255864,0.0,1.0,13.148386293626729
74,gamma_ref_suppress,0.15,6.1,0.2,0.5,D21_guard,4.0,0.9136772062233662,0.913658792302583,0.9244091557317824,0.9243904950050128,1.6339113563013367e-05,1.0,0.0,1.841392078327786e-05
74,gamma_ref_suppress,0.15,6.1,0.2,0.5,D21_guard,6.4,2.1022273869561374,18.915324042060618,2.102232425909044,18.9153863488217,-16.812581326397677,0.0,1.0,21.017460707282325
74,gamma_ref_suppress,0.15,6.1,0.2,0.5,D21_guard,8.0,0.3226590996076344,0.7351697766297667,0.32265909973791107,0.7351697779009925,-0.41251067183048734,0.0,1.0,1.057828876237401
75,gamma_ref_suppress,0.15,6.1,0.3,0.5,D60_hotspot,4.813559322033898,8.950884564633627,9.04101986259287,8.958857939127418,9.049071886414945,-0.08943092886036619,0.0,1.0,0.09013529795924313
75,gamma_ref_suppress,0.15,6.1,0.3,0.5,D60_hotspot,5.627118644067797,10.271915904250342,13.95158829309888,10.272608773798765,13.952470405527883,-3.6779698661968583,0.0,1.0,3.6796723888485374
75,gamma_ref_suppress,0.15,6.1,0.3,0.5,D60_hotspot,6.169491525423728,25.887561191706766,49.392328191535896,25.89060277919198,49.39619243805201,-23.497365288745545,0.0,1.0,23.50476699982913
75,gamma_ref_suppress,0.15,6.1,0.3,0.5,D60_hotspot,6.4406779661016955,31.28630580743782,57.49248089980997,31.28639526077564,57.492640977383395,-26.20553947959473,0.0,1.0,26.20617509237215
75,gamma_ref_suppress,0.15,6.1,0.3,0.5,D60_hotspot,6.711864406779661,7.462467784829663,19.46820925951822,7.462495924022775,19.468257441223912,-12.005561091560269,0.0,1.0,12.005741474688556
75,gamma_ref_suppress,0.15,6.1,0.3,0.5,D21_guard,4.0,0.9136772062233662,0.9130678789348612,0.9244091557317824,0.9237916614904345,0.0005406707176174742,1.0,0.0,0.000609327288505046
75,gamma_ref_suppress,0.15,6.1,0.3,0.5,D21_guard,6.4,2.1022273869561374,16.37043791914475,2.102232425909044,16.37049329291054,-14.267757600249558,0.0,1.0,18.472574584366455
75,gamma_ref_suppress,0.15,6.1,0.3,0.5,D21_guard,8.0,0.3226590996076344,0.7329662113598681,0.32265909973791107,0.7329662126281744,-0.41030710658547664,0.0,1.0,1.0556253109675025
76,gamma_ref_suppress,0.15,6.25,0.12,0.5,D60_hotspot,4.813559322033898,8.950884564633627,8.95092658968841,8.958857939127418,8.958900000851989,-4.169664681509202e-05,0.0,1.0,4.202505478190233e-05
76,gamma_ref_suppress,0.15,6.25,0.12,0.5,D60_hotspot,5.627118644067797,10.271915904250342,10.387372614675698,10.272608773798765,10.388071422078951,-0.11540329054336104,0.0,1.0,0.11545671042535588
76,gamma_ref_suppress,0.15,6.25,0.12,0.5,D60_hotspot,6.169491525423728,25.887561191706766,39.560037625855074,25.89060277919198,39.563557745470106,-13.668170936443797,0.0,1.0,13.672476434148308
76,gamma_ref_suppress,0.15,6.25,0.12,0.5,D60_hotspot,6.4406779661016955,31.28630580743782,60.4671768384956,31.28639526077564,60.46734493271496,-29.180163269073514,0.0,1.0,29.180871031057777
76,gamma_ref_suppress,0.15,6.25,0.12,0.5,D60_hotspot,6.711864406779661,7.462467784829663,21.00746074175887,7.462495924022775,21.007511493107373,-13.54478944694964,0.0,1.0,13.544992956929207
76,gamma_ref_suppress,0.15,6.25,0.12,0.5,D21_guard,4.0,0.9136772062233662,0.9136772014124594,0.9244091557317824,0.9244091508563939,4.268832945667408e-09,1.0,0.0,4.8109067840584885e-09
76,gamma_ref_suppress,0.15,6.25,0.12,0.5,D21_guard,6.4,2.1022273869561374,17.720238723626238,2.102232425909044,17.720297774634233,-15.617525309652045,0.0,1.0,19.822375388847945
76,gamma_ref_suppress,0.15,6.25,0.12,0.5,D21_guard,8.0,0.3226590996076344,0.7352663356509095,0.32265909973791107,0.7352663369222636,-0.41260723085054013,0.0,1.0,1.0579254352585439
77,gamma_ref_suppress,0.15,6.25,0.2,0.5,D60_hotspot,4.813559322033898,8.950884564633627,8.95592764382033,8.958857939127418,8.963905418752121,-0.005003669663211376,0.0,1.0,0.005043079186702215
77,gamma_ref_suppress,0.15,6.25,0.2,0.5,D60_hotspot,5.627118644067797,10.271915904250342,11.164268098845504,10.272608773798765,11.165006861419705,-0.8919393182126945,0.0,1.0,0.892352194595162
77,gamma_ref_suppress,0.15,6.25,0.2,0.5,D60_hotspot,6.169491525423728,25.887561191706766,42.27602496654026,25.89060277919198,42.27964014480929,-16.383303005787532,0.0,1.0,16.388463774833497
77,gamma_ref_suppress,0.15,6.25,0.2,0.5,D60_hotspot,6.4406779661016955,31.28630580743782,56.10404317739505,31.28639526077564,56.10419951320333,-24.817135432783143,0.0,1.0,24.81773736995723
77,gamma_ref_suppress,0.15,6.25,0.2,0.5,D60_hotspot,6.711864406779661,7.462467784829663,19.867103175426152,7.462495924022775,19.8671520230496,-12.40444901419136,0.0,1.0,12.40463539059649
77,gamma_ref_suppress,0.15,6.25,0.2,0.5,D21_guard,4.0,0.9136772062233662,0.913668507995665,0.9244091557317824,0.9244003409197483,7.718146063736364e-06,1.0,0.0,8.698227701220418e-06
77,gamma_ref_suppress,0.15,6.25,0.2,0.5,D21_guard,6.4,2.1022273869561374,14.883972287873107,2.102232425909044,14.884023612082771,-12.781328414872263,0.0,1.0,16.986108953094814
77,gamma_ref_suppress,0.15,6.25,0.2,0.5,D21_guard,8.0,0.3226590996076344,0.7350612681869326,0.32265909973791107,0.735061269458015,-0.41240216338887886,0.0,1.0,1.057720367794567
78,gamma_ref_suppress,0.15,6.25,0.3,0.5,D60_hotspot,4.813559322033898,8.950884564633627,9.005799493741657,8.958857939127418,9.01382078533768,-0.05448579224371166,0.0,1.0,0.05491492910802975
78,gamma_ref_suppress,0.15,6.25,0.3,0.5,D60_hotspot,5.627118644067797,10.271915904250342,12.63949522754858,10.272608773798765,12.640309859983418,-2.3664838840847375,0.0,1.0,2.367579323298237
78,gamma_ref_suppress,0.15,6.25,0.3,0.5,D60_hotspot,6.169491525423728,25.887561191706766,43.72044425247309,25.89060277919198,43.72410998493693,-17.827267440402835,0.0,1.0,17.83288306076632
78,gamma_ref_suppress,0.15,6.25,0.3,0.5,D60_hotspot,6.4406779661016955,31.28630580743782,53.46285961345169,31.28639526077564,53.46300883141199,-22.176015928933047,0.0,1.0,22.17655380601387
78,gamma_ref_suppress,0.15,6.25,0.3,0.5,D60_hotspot,6.711864406779661,7.462467784829663,18.49400847504267,7.462495924022775,18.49405503040721,-11.03137494419693,0.0,1.0,11.031540690213006
78,gamma_ref_suppress,0.15,6.25,0.3,0.5,D21_guard,4.0,0.9136772062233662,0.9133075178801611,0.9244091557317824,0.9240345123712617,0.00032803333378664457,1.0,0.0,0.00036968834320516564
78,gamma_ref_suppress,0.15,6.25,0.3,0.5,D21_guard,6.4,2.1022273869561374,13.291983824327332,2.102232425909044,13.292030811506606,-11.189378984481472,0.0,1.0,15.394120489549039
78,gamma_ref_suppress,0.15,6.25,0.3,0.5,D21_guard,8.0,0.3226590996076344,0.7314789603146088,0.32265909973791107,0.7314789615809452,-0.4088198555570152,0.0,1.0,1.0541380599222432
79,gamma_ref_suppress,0.15,6.4,0.12,0.5,D60_hotspot,4.813559322033898,8.950884564633627,8.950896605058839,8.958857939127418,8.958869990058739,-1.1946334398414495e-05,0.0,1.0,1.2040425211523598e-05
79,gamma_ref_suppress,0.15,6.4,0.12,0.5,D60_hotspot,5.627118644067797,10.271915904250342,10.305102712295799,10.272608773798765,10.305797288617676,-0.03317145306640563,0.0,1.0,0.03318680804545693
79,gamma_ref_suppress,0.15,6.4,0.12,0.5,D60_hotspot,6.169491525423728,25.887561191706766,30.849717651684486,25.89060277919198,30.852932912996152,-4.9605938642511385,0.0,1.0,4.96215645997772
79,gamma_ref_suppress,0.15,6.4,0.12,0.5,D60_hotspot,6.4406779661016955,31.28630580743782,50.823015263306935,31.28639526077564,50.823157367028365,-19.536235606399856,0.0,1.0,19.536709455869115
79,gamma_ref_suppress,0.15,6.4,0.12,0.5,D60_hotspot,6.711864406779661,7.462467784829663,20.210786724399377,7.462495924022775,20.210836145771793,-12.748127399409068,0.0,1.0,12.748318939569714
79,gamma_ref_suppress,0.15,6.4,0.12,0.5,D21_guard,4.0,0.9136772062233662,0.9136772048450186,0.9244091557317824,0.9244091543349602,1.22304107762781e-09,1.0,0.0,1.3783476582318599e-09
79,gamma_ref_suppress,0.15,6.4,0.12,0.5,D21_guard,6.4,2.1022273869561374,9.969472260295746,2.102232425909044,9.96951019600634,-7.866948883420083,0.0,1.0,12.071608925517452
79,gamma_ref_suppress,0.15,6.4,0.12,0.5,D21_guard,8.0,0.3226590996076344,0.7352648355253524,0.32265909973791107,0.7352648367967043,-0.4126057307249996,0.0,1.0,1.0579239351329868
80,gamma_ref_suppress,0.15,6.4,0.2,0.5,D60_hotspot,4.813559322033898,8.950884564633627,8.95326754439744,8.958857939127418,8.961242998207124,-0.0023643577883281828,0.0,1.0,0.0023829797638121875
80,gamma_ref_suppress,0.15,6.4,0.2,0.5,D60_hotspot,5.627118644067797,10.271915904250342,10.70142083157053,10.272608773798765,10.702135790245663,-0.4293062025994765,0.0,1.0,0.4295049273201883
80,gamma_ref_suppress,0.15,6.4,0.2,0.5,D60_hotspot,6.169491525423728,25.887561191706766,35.409287201843696,25.89060277919198,35.4126620465738,-9.518727594328576,0.0,1.0,9.52172601013693
80,gamma_ref_suppress,0.15,6.4,0.2,0.5,D60_hotspot,6.4406779661016955,31.28630580743782,49.5894266788193,31.28639526077564,49.589565458085694,-18.302676941756054,0.0,1.0,18.30312087138148
80,gamma_ref_suppress,0.15,6.4,0.2,0.5,D60_hotspot,6.711864406779661,7.462467784829663,18.538760671485953,7.462495924022775,18.538807301560283,-11.076126468250154,0.0,1.0,11.07629288665629
80,gamma_ref_suppress,0.15,6.4,0.2,0.5,D21_guard,4.0,0.9136772062233662,0.9136730974475635,0.9244091557317824,0.9244049918851189,3.645815317583724e-06,1.0,0.0,4.1087758027025245e-06
80,gamma_ref_suppress,0.15,6.4,0.2,0.5,D21_guard,6.4,2.1022273869561374,9.969472260295746,2.102232425909044,9.96951019600634,-7.866948883420083,0.0,1.0,12.071608925517452
80,gamma_ref_suppress,0.15,6.4,0.2,0.5,D21_guard,8.0,0.3226590996076344,0.7348316283475866,0.32265909973791107,0.7348316296183648,-0.4121725235521267,0.0,1.0,1.057490727955221
81,gamma_ref_suppress,0.15,6.4,0.3,0.5,D60_hotspot,4.813559322033898,8.950884564633627,8.984282965709143,8.958857939127418,8.992285482635141,-0.03313740674585695,0.0,1.0,0.03339840107551595
81,gamma_ref_suppress,0.15,6.4,0.3,0.5,D60_hotspot,5.627118644067797,10.271915904250342,11.762864384239307,10.272608773798765,11.76363393218606,-1.490258643152575,0.0,1.0,1.4909484799889654
81,gamma_ref_suppress,0.15,6.4,0.3,0.5,D60_hotspot,6.169491525423728,25.887561191706766,38.64055073165771,25.89060277919198,38.644038669537125,-12.748973591014826,0.0,1.0,12.752989539950946
81,gamma_ref_suppress,0.15,6.4,0.3,0.5,D60_hotspot,6.4406779661016955,31.28630580743782,48.97146912912036,31.28639526077564,48.97160624302432,-17.684734380193053,0.0,1.0,17.685163321682538
81,gamma_ref_suppress,0.15,6.4,0.3,0.5,D60_hotspot,6.711864406779661,7.462467784829663,17.19056778748461,7.462495924022775,17.190612166871396,-9.727953840494584,0.0,1.0,9.728100002654948
81,gamma_ref_suppress,0.15,6.4,0.3,0.5,D21_guard,4.0,0.9136772062233662,0.913452937442945,0.9244091557317824,0.9241818810256652,0.00019899906788521963,1.0,0.0,0.0002242687804212551
81,gamma_ref_suppress,0.15,6.4,0.3,0.5,D21_guard,6.4,2.1022273869561374,9.969472260295746,2.102232425909044,9.96951019600634,-7.866948883420083,0.0,1.0,12.071608925517452
81,gamma_ref_suppress,0.15,6.4,0.3,0.5,D21_guard,8.0,0.3226590996076344,0.7290359169309681,0.32265909973791107,0.7290359181940675,-0.406376812200967,0.0,1.0,1.0516950165386025
82,gamma_ref_suppress,0.15,6.55,0.12,0.5,D60_hotspot,4.813559322033898,8.950884564633627,8.950888014276936,8.958857939127418,8.958861391780781,-3.4226858096937055e-06,0.0,1.0,3.449643308783834e-06
82,gamma_ref_suppress,0.15,6.55,0.12,0.5,D60_hotspot,5.627118644067797,10.271915904250342,10.281432978095076,10.272608773798765,10.282126337099704,-0.009512670454410135,0.0,1.0,0.009517073844733659
82,gamma_ref_suppress,0.15,6.55,0.12,0.5,D60_hotspot,6.169491525423728,25.887561191706766,27.426419043832794,25.89060277919198,27.429514490831252,-1.5383732618631232,0.0,1.0,1.5388578521260285
82,gamma_ref_suppress,0.15,6.55,0.12,0.5,D60_hotspot,6.4406779661016955,31.28630580743782,40.339580460525006,31.28639526077564,40.33969431195221,-9.053055072128625,0.0,1.0,9.053274653087186
82,gamma_ref_suppress,0.15,6.55,0.12,0.5,D60_hotspot,6.711864406779661,7.462467784829663,18.035527591498067,7.462495924022775,18.03557338146974,-10.57290094920779,0.0,1.0,10.573059806668404
82,gamma_ref_suppress,0.15,6.55,0.12,0.5,D21_guard,4.0,0.9136772062233662,0.913677205828463,0.9244091557317824,0.9244091553315861,3.504072695960065e-10,1.0,0.0,3.9490322123469923e-10
82,gamma_ref_suppress,0.15,6.55,0.12,0.5,D21_guard,6.4,2.1022273869561374,2.9928572874656183,2.102232425909044,2.9928762168881917,-0.8905049666620678,0.0,1.0,5.094993952687325
82,gamma_ref_suppress,0.15,6.55,0.12,0.5,D21_guard,8.0,0.3226590996076344,0.7352595996056097,0.32265909973791107,0.735259600876955,-0.41260049480531635,0.0,1.0,1.057918699213244
83,gamma_ref_suppress,0.15,6.55,0.2,0.5,D60_hotspot,4.813559322033898,8.950884564633627,8.952010382677225,8.958857939127418,8.959984739525707,-0.0011170202533993204,0.0,1.0,0.0011258180435973486
83,gamma_ref_suppress,0.15,6.55,0.2,0.5,D60_hotspot,5.627118644067797,10.271915904250342,10.476631356459137,10.272608773798765,10.47733475437471,-0.20462073380517323,0.0,1.0,0.20471545220879506
83,gamma_ref_suppress,0.15,6.55,0.2,0.5,D60_hotspot,6.169491525423728,25.887561191706766,30.93168567640778,25.89060277919198,30.934903806573047,-5.04253607703436,0.0,1.0,5.044124484701015
83,gamma_ref_suppress,0.15,6.55,0.2,0.5,D60_hotspot,6.4406779661016955,31.28630580743782,43.04151528631018,31.28639526077564,43.04163641930675,-11.754924364340397,0.0,1.0,11.75520947887236
83,gamma_ref_suppress,0.15,6.55,0.2,0.5,D60_hotspot,6.711864406779661,7.462467784829663,16.488052989241496,7.462495924022775,16.4880961958426,-9.025449597352727,0.0,1.0,9.025585204411833
83,gamma_ref_suppress,0.15,6.55,0.2,0.5,D21_guard,4.0,0.9136772062233662,0.913675265369756,0.9244091557317824,0.9244071888644676,1.7221659592863582e-06,1.0,0.0,1.940853610271631e-06
83,gamma_ref_suppress,0.15,6.55,0.2,0.5,D21_guard,6.4,2.1022273869561374,5.378019456747964,2.102232425909044,5.378044884032235,-3.2756086553670007,0.0,1.0,7.480156121969671
83,gamma_ref_suppress,0.15,6.55,0.2,0.5,D21_guard,8.0,0.3226590996076344,0.7343458056398084,0.32265909973791107,0.7343458069099427,-0.4116867008498355,0.0,1.0,1.0570049052474428
84,gamma_ref_suppress,0.15,6.55,0.3,0.5,D60_hotspot,4.813559322033898,8.950884564633627,8.97117527176527,8.958857939127418,8.979166351314932,-0.020132143867068276,0.0,1.0,0.02029070713164316
84,gamma_ref_suppress,0.15,6.55,0.3,0.5,D60_hotspot,5.627118644067797,10.271915904250342,11.197686921847591,10.272608773798765,11.19842740312761,-0.9253426788863095,0.0,1.0,0.9257710175972491
84,gamma_ref_suppress,0.15,6.55,0.3,0.5,D60_hotspot,6.169491525423728,25.887561191706766,34.562919939776364,25.89060277919198,34.56626516193367,-8.672626855470961,0.0,1.0,8.675358748069598
84,gamma_ref_suppress,0.15,6.55,0.3,0.5,D60_hotspot,6.4406779661016955,31.28630580743782,44.53919315535362,31.28639526077564,44.539318324511676,-13.252565908235791,0.0,1.0,13.252887347915802
84,gamma_ref_suppress,0.15,6.55,0.3,0.5,D60_hotspot,6.711864406779661,7.462467784829663,15.602094874157245,7.462495924022775,15.602136601730443,-8.139504793557634,0.0,1.0,8.139627089327583
84,gamma_ref_suppress,0.15,6.55,0.3,0.5,D21_guard,4.0,0.9136772062233662,0.9135411650731498,0.9244091557317824,0.9242712911909523,0.00012071257549218485,1.0,0.0,0.00013604115021648155
84,gamma_ref_suppress,0.15,6.55,0.3,0.5,D21_guard,6.4,2.1022273869561374,6.797825476238515,2.102232425909044,6.7978547714791375,-4.695379863356305,0.0,1.0,8.899962141460222
84,gamma_ref_suppress,0.15,6.55,0.3,0.5,D21_guard,8.0,0.3226590996076344,0.7250323554565958,0.32265909973791107,0.725032356714391,-0.4023732507718123,0.0,1.0,1.0476914550642302
85,gamma_ref_suppress,0.2,6.1,0.12,0.5,D60_hotspot,4.813559322033898,8.950884564633627,8.951080138100584,8.958857939127418,8.959053683245854,-0.00019404514331711198,0.0,1.0,0.00019557346695719957
85,gamma_ref_suppress,0.2,6.1,0.12,0.5,D60_hotspot,5.627118644067797,10.271915904250342,10.803798301964669,10.272608773798765,10.804518525838816,-0.5316363046564563,0.0,1.0,0.5318823977143268
85,gamma_ref_suppress,0.2,6.1,0.12,0.5,D60_hotspot,6.169491525423728,25.887561191706766,64.04333537760465,25.89060277919198,64.0477124045016,-38.143758835279996,0.0,1.0,38.15577418589788
85,gamma_ref_suppress,0.2,6.1,0.12,0.5,D60_hotspot,6.4406779661016955,31.28630580743782,79.57558683633113,31.28639526077564,79.57580642669006,-48.28810980554897,0.0,1.0,48.28928102889331
85,gamma_ref_suppress,0.2,6.1,0.12,0.5,D60_hotspot,6.711864406779661,7.462467784829663,27.168898097982584,7.462495924022775,27.168959135300177,-19.7061342291872,0.0,1.0,19.70643031315292
85,gamma_ref_suppress,0.2,6.1,0.12,0.5,D21_guard,4.0,0.9136772062233662,0.9136771838344129,0.9244091557317824,0.9244091330427446,1.986625542662276e-08,1.0,0.0,2.238895335793245e-08
85,gamma_ref_suppress,0.2,6.1,0.12,0.5,D21_guard,6.4,2.1022273869561374,32.34109833614967,2.102232425909044,32.34119721854725,-30.238026440759196,0.0,1.0,34.44323500137138
85,gamma_ref_suppress,0.2,6.1,0.12,0.5,D21_guard,8.0,0.3226590996076344,1.200082166388392,0.32265909973791107,1.2000821682755745,-0.8774230563382334,0.0,1.0,1.5227412659960264
86,gamma_ref_suppress,0.2,6.1,0.2,0.5,D60_hotspot,4.813559322033898,8.950884564633627,8.965110667287844,8.958857939127418,8.973096455047505,-0.014114931699731008,0.0,1.0,0.014226102654216533
86,gamma_ref_suppress,0.2,6.1,0.2,0.5,D60_hotspot,5.627118644067797,10.271915904250342,12.707699083135694,10.272608773798765,12.70851722324533,-2.4346561828926636,0.0,1.0,2.4357831788853517
86,gamma_ref_suppress,0.2,6.1,0.2,0.5,D60_hotspot,6.169491525423728,25.887561191706766,60.28119342589761,25.89060277919198,60.28543877907697,-34.38280159166994,0.0,1.0,34.39363223419085
86,gamma_ref_suppress,0.2,6.1,0.2,0.5,D60_hotspot,6.4406779661016955,31.28630580743782,73.37701047506232,31.28639526077564,73.37721336059059,-42.08968378649237,0.0,1.0,42.09070466762451
86,gamma_ref_suppress,0.2,6.1,0.2,0.5,D60_hotspot,6.711864406779661,7.462467784829663,26.19567296754161,7.462495924022775,26.195732380146815,-18.73292372119949,0.0,1.0,18.73320518271195
86,gamma_ref_suppress,0.2,6.1,0.2,0.5,D21_guard,4.0,0.9136772062233662,0.9136526542951864,0.9244091557317824,0.9243842747285003,2.1785514744550958e-05,1.0,0.0,2.455192817985008e-05
86,gamma_ref_suppress,0.2,6.1,0.2,0.5,D21_guard,6.4,2.1022273869561374,27.500279352669864,2.102232425909044,27.50036504729654,-25.397326146856553,0.0,1.0,29.60241601789157
86,gamma_ref_suppress,0.2,6.1,0.2,0.5,D21_guard,8.0,0.3226590996076344,1.1999332040084654,0.32265909973791107,1.1999332058954502,-0.8772740939599893,0.0,1.0,1.5225923036160998
87,gamma_ref_suppress,0.2,6.1,0.3,0.5,D60_hotspot,4.813559322033898,8.950884564633627,9.071154355917175,8.958857939127418,9.079232674184512,-0.11932993390884186,0.0,1.0,0.12026979128354753
87,gamma_ref_suppress,0.2,6.1,0.3,0.5,D60_hotspot,5.627118644067797,10.271915904250342,15.228844972276576,10.272608773798765,15.22979277308967,-4.954635580147623,0.0,1.0,4.956929068026234
87,gamma_ref_suppress,0.2,6.1,0.3,0.5,D60_hotspot,6.169491525423728,25.887561191706766,58.37686518245181,25.89060277919198,58.38104388477572,-32.47907302604549,0.0,1.0,32.48930399074504
87,gamma_ref_suppress,0.2,6.1,0.3,0.5,D60_hotspot,6.4406779661016955,31.28630580743782,68.0452954607322,31.28639526077564,68.0454839775746,-36.75809808924789,0.0,1.0,36.75898965329438
87,gamma_ref_suppress,0.2,6.1,0.3,0.5,D60_hotspot,6.711864406779661,7.462467784829663,24.4792716529438,7.462495924022775,24.47932820017038,-17.01654819508289,0.0,1.0,17.01680386811414
87,gamma_ref_suppress,0.2,6.1,0.3,0.5,D21_guard,4.0,0.9136772062233662,0.9128647328273258,0.9244091557317824,0.9235857925692135,0.000720927131230135,1.0,0.0,0.0008124733960404029
87,gamma_ref_suppress,0.2,6.1,0.3,0.5,D21_guard,6.4,2.1022273869561374,23.757804718808387,2.102232425909044,23.757880217867296,-21.654943272826085,0.0,1.0,25.859941384030094
87,gamma_ref_suppress,0.2,6.1,0.3,0.5,D21_guard,8.0,0.3226590996076344,1.1965492345645292,0.32265909973791107,1.196549236447031,-0.8738901245542727,0.0,1.0,1.5192083341721636
88,gamma_ref_suppress,0.2,6.25,0.12,0.5,D60_hotspot,4.813559322033898,8.950884564633627,8.950940598059455,8.958857939127418,8.958914021446313,-5.559554838659627e-05,0.0,1.0,5.60334258281614e-05
88,gamma_ref_suppress,0.2,6.25,0.12,0.5,D60_hotspot,5.627118644067797,10.271915904250342,10.425908765456533,10.272608773798765,10.426609554746051,-0.15392161129405224,0.0,1.0,0.15399286120619138
88,gamma_ref_suppress,0.2,6.25,0.12,0.5,D60_hotspot,6.169491525423728,25.887561191706766,44.514116976763546,25.89060277919198,44.517810487508896,-18.620690235127938,0.0,1.0,18.62655578505678
88,gamma_ref_suppress,0.2,6.25,0.12,0.5,D60_hotspot,6.4406779661016955,31.28630580743782,72.43192091358262,31.28639526077564,72.43212125214521,-41.14461714751085,0.0,1.0,41.1456151061448
88,gamma_ref_suppress,0.2,6.25,0.12,0.5,D60_hotspot,6.711864406779661,7.462467784829663,26.795062988908754,7.462495924022775,26.795123402142032,-19.33230473688819,0.0,1.0,19.33259520407909
88,gamma_ref_suppress,0.2,6.25,0.12,0.5,D21_guard,4.0,0.9136772062233662,0.9136771998088236,0.9244091557317824,0.924409149231264,5.691777558754591e-09,1.0,0.0,6.4145426748041245e-09
88,gamma_ref_suppress,0.2,6.25,0.12,0.5,D21_guard,6.4,2.1022273869561374,25.737704136343794,2.102232425909044,25.73778502921313,-23.634794146215242,0.0,1.0,27.8398408015655
88,gamma_ref_suppress,0.2,6.25,0.12,0.5,D21_guard,8.0,0.3226590996076344,1.2000815062765513,0.32265909973791107,1.2000815081637324,-0.8774223962263997,0.0,1.0,1.5227406058841857
89,gamma_ref_suppress,0.2,6.25,0.2,0.5,D60_hotspot,4.813559322033898,8.950884564633627,8.957608950318155,8.958857939127418,8.965588192307026,-0.006671837464327302,0.0,1.0,0.006724385684528045
89,gamma_ref_suppress,0.2,6.25,0.2,0.5,D60_hotspot,5.627118644067797,10.271915904250342,11.46473145088543,10.272608773798765,11.465485666071771,-1.1922636509028521,0.0,1.0,1.1928155466350887
89,gamma_ref_suppress,0.2,6.25,0.2,0.5,D60_hotspot,6.169491525423728,25.887561191706766,48.3055496339058,25.89060277919198,48.3093758435337,-22.41092896045537,0.0,1.0,22.417988442199032
89,gamma_ref_suppress,0.2,6.25,0.2,0.5,D60_hotspot,6.4406779661016955,31.28630580743782,66.01194927386658,31.28639526077564,66.01213231095014,-34.724801219797456,0.0,1.0,34.725643466428764
89,gamma_ref_suppress,0.2,6.25,0.2,0.5,D60_hotspot,6.711864406779661,7.462467784829663,25.07668498022565,7.462495924022775,25.076742524780407,-17.613952546385622,0.0,1.0,17.614217195395987
89,gamma_ref_suppress,0.2,6.25,0.2,0.5,D21_guard,4.0,0.9136772062233662,0.9136656085788886,0.9244091557317824,0.9243974026414268,1.0290868110795507e-05,1.0,0.0,1.1597644477667757e-05
89,gamma_ref_suppress,0.2,6.25,0.2,0.5,D21_guard,6.4,2.1022273869561374,21.590927390026977,2.102232425909044,21.59099698589432,-19.488119072607166,0.0,1.0,23.693064055248684
89,gamma_ref_suppress,0.2,6.25,0.2,0.5,D21_guard,8.0,0.3226590996076344,1.1997665508233353,0.32265909973791107,1.1997665527100994,-0.8771074407767413,0.0,1.0,1.5224256504309697
90,gamma_ref_suppress,0.2,6.25,0.3,0.5,D60_hotspot,4.813559322033898,8.950884564633627,9.024137664719627,8.958857939127418,9.03217495764767,-0.07268065819846317,0.0,1.0,0.07325310008599928
90,gamma_ref_suppress,0.2,6.25,0.3,0.5,D60_hotspot,5.627118644067797,10.271915904250342,13.44977895527991,10.272608773798765,13.450635260018835,-3.176392707135716,0.0,1.0,3.1778630510295685
90,gamma_ref_suppress,0.2,6.25,0.3,0.5,D60_hotspot,6.169491525423728,25.887561191706766,50.33381939373865,25.89060277919198,50.337716592133845,-24.438560012967194,0.0,1.0,24.446258202031885
90,gamma_ref_suppress,0.2,6.25,0.3,0.5,D60_hotspot,6.4406779661016955,31.28630580743782,62.16913647366311,31.28639526077564,62.16930915457237,-30.88208162437905,0.0,1.0,30.88283066622529
90,gamma_ref_suppress,0.2,6.25,0.3,0.5,D60_hotspot,6.711864406779661,7.462467784829663,23.028340841095535,7.462495924022775,23.028394966122782,-15.565639183090914,0.0,1.0,15.565873056265872
90,gamma_ref_suppress,0.2,6.25,0.3,0.5,D21_guard,4.0,0.9136772062233662,0.9131842748080774,0.9244091557317824,0.9239096174441292,0.0004373898675936061,1.0,0.0,0.0004929314152888331
90,gamma_ref_suppress,0.2,6.25,0.3,0.5,D21_guard,6.4,2.1022273869561374,19.286104713552675,2.102232425909044,19.286168030426012,-17.183352906907146,0.0,1.0,21.38824137877438
90,gamma_ref_suppress,0.2,6.25,0.3,0.5,D21_guard,8.0,0.3226590996076344,1.194265753430027,0.32265909973791107,1.194265755309503,-0.871606643445561,0.0,1.0,1.5169248530376613
91,gamma_ref_suppress,0.2,6.4,0.12,0.5,D60_hotspot,4.813559322033898,8.950884564633627,8.950900618535504,8.958857939127418,8.958874007037442,-1.5928447447878724e-05,0.0,1.0,1.6053901877199905e-05
91,gamma_ref_suppress,0.2,6.4,0.12,0.5,D60_hotspot,5.627118644067797,10.271915904250342,10.31616916199237,10.272608773798765,10.316864307453727,-0.04423278250245454,0.0,1.0,0.04425325774202804
91,gamma_ref_suppress,0.2,6.4,0.12,0.5,D60_hotspot,6.169491525423728,25.887561191706766,32.556957642305235,25.89060277919198,32.560232656449,-6.667296240644059,0.0,1.0,6.6693964505984695
91,gamma_ref_suppress,0.2,6.4,0.12,0.5,D60_hotspot,6.4406779661016955,31.28630580743782,58.36171447287047,31.28639526077564,58.36187689298173,-27.074751969991944,0.0,1.0,27.075408665432647
91,gamma_ref_suppress,0.2,6.4,0.12,0.5,D60_hotspot,6.711864406779661,7.462467784829663,25.592943256205686,7.462495924022775,25.59300166260749,-18.130203065719964,0.0,1.0,18.130475471376023
91,gamma_ref_suppress,0.2,6.4,0.12,0.5,D21_guard,4.0,0.9136772062233662,0.9136772043855692,0.9244091557317824,0.9244091538693531,1.6307214278108765e-09,1.0,0.0,1.8377970256722165e-09
91,gamma_ref_suppress,0.2,6.4,0.12,0.5,D21_guard,6.4,2.1022273869561374,14.529835391377063,2.102232425909044,14.52988575081686,-12.427200201278561,0.0,1.0,16.63197205659877
91,gamma_ref_suppress,0.2,6.4,0.12,0.5,D21_guard,8.0,0.3226590996076344,1.200079202264229,0.32265909973791107,1.2000792041514075,-0.8774200922141041,0.0,1.0,1.5227383018718634
92,gamma_ref_suppress,0.2,6.4,0.2,0.5,D60_hotspot,4.813559322033898,8.950884564633627,8.954061933528342,8.958857939127418,8.962038080497896,-0.0031525391053213595,0.0,1.0,0.0031773688947147605
92,gamma_ref_suppress,0.2,6.4,0.2,0.5,D60_hotspot,5.627118644067797,10.271915904250342,10.845288283615382,10.272608773798765,10.846010641289169,-0.5731070895890562,0.0,1.0,0.5733723793650398
92,gamma_ref_suppress,0.2,6.4,0.2,0.5,D60_hotspot,6.169491525423728,25.887561191706766,38.7771763814666,25.89060277919198,38.78066910119834,-12.885556217058097,0.0,1.0,12.889615189759837
92,gamma_ref_suppress,0.2,6.4,0.2,0.5,D60_hotspot,6.4406779661016955,31.28630580743782,56.594151284048,31.28639526077564,56.59430894067132,-25.307231652200585,0.0,1.0,25.307845476610183
92,gamma_ref_suppress,0.2,6.4,0.2,0.5,D60_hotspot,6.711864406779661,7.462467784829663,23.09473889651713,7.462495924022775,23.094793132389995,-15.632036240899078,0.0,1.0,15.632271111687466
92,gamma_ref_suppress,0.2,6.4,0.2,0.5,D21_guard,4.0,0.9136772062233662,0.9136717278539459,0.9244091557317824,0.9244036039345249,4.861088583787637e-06,1.0,0.0,5.478369420330864e-06
92,gamma_ref_suppress,0.2,6.4,0.2,0.5,D21_guard,6.4,2.1022273869561374,14.529835391377063,2.102232425909044,14.52988575081686,-12.427200201278561,0.0,1.0,16.63197205659877
92,gamma_ref_suppress,0.2,6.4,0.2,0.5,D21_guard,8.0,0.3226590996076344,1.1994138639289402,0.32265909973791107,1.1994138658152367,-0.8767547538863294,0.0,1.0,1.5220729635365746
93,gamma_ref_suppress,0.2,6.4,0.3,0.5,D60_hotspot,4.813559322033898,8.950884564633627,8.995428047268485,8.958857939127418,9.003440289054756,-0.04419539422294098,0.0,1.0,0.04454348263485741
93,gamma_ref_suppress,0.2,6.4,0.3,0.5,D60_hotspot,5.627118644067797,10.271915904250342,12.268238377584304,10.272608773798765,12.269033916548779,-1.9953988084334666,0.0,1.0,1.9963224733339615
93,gamma_ref_suppress,0.2,6.4,0.3,0.5,D60_hotspot,6.169491525423728,25.887561191706766,43.23722933065697,25.89060277919198,43.2408781507592,-17.34420468419817,0.0,1.0,17.349668138950207
93,gamma_ref_suppress,0.2,6.4,0.3,0.5,D60_hotspot,6.4406779661016955,31.28630580743782,55.71151621587884,31.28639526077564,55.71167149384802,-24.424617991738778,0.0,1.0,24.425210408441018
93,gamma_ref_suppress,0.2,6.4,0.3,0.5,D60_hotspot,6.711864406779661,7.462467784829663,21.10530917416888,7.462495924022775,21.10536008886659,-13.642636409212525,0.0,1.0,13.642841389339218
93,gamma_ref_suppress,0.2,6.4,0.3,0.5,D21_guard,4.0,0.9136772062233662,0.9133781761687598,0.9244091557317824,0.9241061177090439,0.0002653365395956143,1.0,0.0,0.0002990300546064084
93,gamma_ref_suppress,0.2,6.4,0.3,0.5,D21_guard,6.4,2.1022273869561374,14.529835391377063,2.102232425909044,14.52988575081686,-12.427200201278561,0.0,1.0,16.63197205659877
93,gamma_ref_suppress,0.2,6.4,0.3,0.5,D21_guard,8.0,0.3226590996076344,1.1905155810945325,0.32265909973791107,1.1905155829690401,-0.8678564711524223,0.0,1.0,1.5131746807021669
94,gamma_ref_suppress,0.2,6.55,0.12,0.5,D60_hotspot,4.813559322033898,8.950884564633627,8.950889164158168,8.958857939127418,8.958862542665363,-4.563581207996831e-06,0.0,1.0,4.599524540793709e-06
94,gamma_ref_suppress,0.2,6.55,0.12,0.5,D60_hotspot,5.627118644067797,10.271915904250342,10.284605679860348,10.272608773798765,10.285299202034722,-0.01268390426382788,0.0,1.0,0.012689775610006393
94,gamma_ref_suppress,0.2,6.55,0.12,0.5,D60_hotspot,6.169491525423728,25.887561191706766,27.944524571019116,25.89060277919198,27.947638151538783,-2.0563156362973585,0.0,1.0,2.05696337931235
94,gamma_ref_suppress,0.2,6.55,0.12,0.5,D60_hotspot,6.4406779661016955,31.28630580743782,43.58373984303446,31.28639526077564,43.58386243729711,-12.297135769780471,0.0,1.0,12.297434035596638
94,gamma_ref_suppress,0.2,6.55,0.12,0.5,D60_hotspot,6.711864406779661,7.462467784829663,22.349519949967913,7.462495924022775,22.349572941764343,-14.886828491069794,0.0,1.0,14.88705216513825
94,gamma_ref_suppress,0.2,6.55,0.12,0.5,D21_guard,4.0,0.9136772062233662,0.9136772056968283,0.9244091557317824,0.9244091551981874,4.672095393492167e-10,1.0,0.0,5.265379243724055e-10
94,gamma_ref_suppress,0.2,6.55,0.12,0.5,D21_guard,6.4,2.1022273869561374,4.789142701859788,2.102232425909044,4.7891665248758954,-2.686746338848295,0.0,1.0,6.891279367081495
94,gamma_ref_suppress,0.2,6.55,0.12,0.5,D21_guard,8.0,0.3226590996076344,1.200071160524578,0.32265909973791107,1.2000711624117457,-0.8774120504745435,0.0,1.0,1.5227302601322124
95,gamma_ref_suppress,0.2,6.55,0.2,0.5,D60_hotspot,4.813559322033898,8.950884564633627,8.952385669318252,8.958857939127418,8.96036035363048,-0.0014893741886039958,0.0,1.0,0.0015011046846247211
95,gamma_ref_suppress,0.2,6.55,0.2,0.5,D60_hotspot,5.627118644067797,10.271915904250342,10.545028805082396,10.272608773798765,10.54573572062911,-0.2729865360769911,0.0,1.0,0.27311290083205364
95,gamma_ref_suppress,0.2,6.55,0.2,0.5,D60_hotspot,6.169491525423728,25.887561191706766,32.66801048617738,25.89060277919198,32.671289387133754,-6.778314113692391,0.0,1.0,6.780449294470614
95,gamma_ref_suppress,0.2,6.55,0.2,0.5,D60_hotspot,6.4406779661016955,31.28630580743782,47.33892891217986,31.28639526077564,47.339061626475534,-16.052233759394216,0.0,1.0,16.05262310474204
95,gamma_ref_suppress,0.2,6.55,0.2,0.5,D60_hotspot,6.711864406779661,7.462467784829663,20.077664363258364,7.462495924022775,20.07771356239489,-12.615007038396744,0.0,1.0,12.615196578428701
95,gamma_ref_suppress,0.2,6.55,0.2,0.5,D21_guard,4.0,0.9136772062233662,0.913674618418177,0.9244091557317824,0.9244065332416489,2.296221612147879e-06,1.0,0.0,2.58780518924695e-06
95,gamma_ref_suppress,0.2,6.55,0.2,0.5,D21_guard,6.4,2.1022273869561374,8.080728427808182,2.102232425909044,8.080761218042156,-5.978251360081365,0.0,1.0,10.18286509302989
95,gamma_ref_suppress,0.2,6.55,0.2,0.5,D21_guard,8.0,0.3226590996076344,1.1986677537412826,0.32265909973791107,1.198667755626591,-0.876008643707099,0.0,1.0,1.521326853348917
96,gamma_ref_suppress,0.2,6.55,0.3,0.5,D60_hotspot,4.813559322033898,8.950884564633627,8.97794337444355,8.958857939127418,8.985940359634414,-0.02684735669539371,0.0,1.0,0.02705880980992248
96,gamma_ref_suppress,0.2,6.55,0.3,0.5,D60_hotspot,5.627118644067797,10.271915904250342,11.509519346214269,10.272608773798765,11.510275864809572,-1.237030823624282,0.0,1.0,1.2376034419639268
96,gamma_ref_suppress,0.2,6.55,0.3,0.5,D60_hotspot,6.169491525423728,25.887561191706766,37.616016795432756,25.89060277919198,37.61946887496501,-11.724762283139736,0.0,1.0,11.72845560372599
96,gamma_ref_suppress,0.2,6.55,0.3,0.5,D60_hotspot,6.4406779661016955,31.28630580743782,49.43670020374996,31.28639526077564,49.4368385714267,-18.149954170962474,0.0,1.0,18.150394396312137
96,gamma_ref_suppress,0.2,6.55,0.3,0.5,D60_hotspot,6.711864406779661,7.462467784829663,18.790623003781576,7.462495924022775,18.790670054317566,-11.327985016380055,0.0,1.0,11.328155218951913
96,gamma_ref_suppress,0.2,6.55,0.3,0.5,D21_guard,4.0,0.9136772062233662,0.9134958161780831,0.9244091557317824,0.9242253344742855,0.00016095173776391902,1.0,0.0,0.0001813900452831696
96,gamma_ref_suppress,0.2,6.55,0.3,0.5,D21_guard,6.4,2.1022273869561374,10.059320724835047,2.102232425909044,10.05935890531849,-7.956795145010614,0.0,1.0,12.161457390056754
96,gamma_ref_suppress,0.2,6.55,0.3,0.5,D21_guard,8.0,0.3226590996076344,1.184372111503246,0.32265909973791107,1.184372113369614,-0.8617130016305218,0.0,1.0,1.5070312111108803
