case,g_mode,n_max,f_R3_gt_0p90,f_R3_gt_0p95,f_hmumu_chi2_le_4,best_chi2,f_winner_gt_3,mean_tail_prob,max_tail_prob,ref_n_max,delta_f_R3_gt_0p90_vs_ref,delta_f_hmumu_chi2_le_4_vs_ref,delta_f_winner_gt_3_vs_ref
baseline_fp_2d_full,fp_2d_full,20,0.9833333333333333,0.21666666666666667,0.0961111111111111,7.283863987103455e-08,0.0,0.05960079107521414,0.10064004565656237,40,0.0,0.0,0.0
baseline_fp_2d_full,fp_2d_full,30,0.9833333333333333,0.21666666666666667,0.0961111111111111,7.283863987103455e-08,0.0,0.05960079107521414,0.10064004565656237,40,0.0,0.0,0.0
baseline_fp_2d_full,fp_2d_full,40,0.9833333333333333,0.21666666666666667,0.0961111111111111,7.283863987103455e-08,0.0,0.05960079107521414,0.10064004565656237,40,0.0,0.0,0.0
first_principles_fp_2d,fp_2d,20,0.9333333333333333,0.8333333333333334,0.09722222222222222,3.069959385878164e-05,0.0,0.04440032452217452,0.18689934505636996,40,0.0,0.0,0.0
first_principles_fp_2d,fp_2d,30,0.9333333333333333,0.8333333333333334,0.09722222222222222,3.069959385878164e-05,0.0,0.044400332519711774,0.18689938617739288,40,0.0,0.0,0.0
first_principles_fp_2d,fp_2d,40,0.9333333333333333,0.8333333333333334,0.09722222222222222,3.069959385878164e-05,0.0,0.044400332519713544,0.18689938617740198,40,0.0,0.0,0.0
