case,g_mode_requested,g_mode_active,g_fp_blend,f_R3_gt_0p90,f_R3_gt_0p95,f_hmumu_chi2_le_4,best_chi2,f_winner_gt_3,mean_tail_prob,max_tail_prob,f_tail_gt_0p10,g1_D12,g2_D12,g3_D12
baseline_fp_2d_full,fp_2d_full,fp_2d_full,0.01,0.9833333333333333,0.21666666666666667,0.0961111111111111,7.283863987103455e-08,0.0,0.05960079107521414,0.10064004565656237,0.016666666666666666,0.3023868877108488,0.27087216646890916,0.08446071282223085
legacy_cardy,cardy,cardy,0.01,0.9333333333333333,0.85,0.09722222222222222,3.0331195464891988e-05,0.0,0.042428424002338906,0.18219601203690194,0.06666666666666667,6.133707406236226,0.3943027583836226,0.08446071282223085
first_principles_fp_1d,fp_1d,fp_1d,0.01,0.9333333333333333,0.8333333333333334,0.09722222222222222,3.033119546487976e-05,0.0,0.04373011983318253,0.18525361334713097,0.06666666666666667,5.876185226714984,0.38827511623878097,0.08446071282223085
first_principles_fp_2d,fp_2d,fp_2d,0.01,0.9333333333333333,0.8333333333333334,0.09722222222222222,3.069959385878164e-05,0.0,0.04440032452217452,0.18689934505636996,0.06666666666666667,5.752817124184272,0.3857025682399265,0.08446071282223085
