D,eta,C_uv_ee,C_uv_mumu,C_uv_tautau,C_match_ee,C_match_mumu,C_match_tautau,C_ir_ee,C_ir_mumu,C_ir_tautau,delta_C_match_mumu,abs_delta_C_match_mumu,delta_C_rge_mumu,abs_delta_C_rge_mumu,delta_C_mumu,abs_delta_C_mumu,rel_delta_C_mumu,mu_match,mu_low,log_ratio,finite_fac_diag,finite_fac_offdiag,kappa_diag,kappa_offdiag,finite_match_mode,kappa_diag_eff,kappa_offdiag_eff,shell_spread,coeff_cv,offdiag_mix,gap_cv,gap_asym,g_col_norm_cv,c_tree_diag_cv,pkin_entropy,action_norm_diag,action_norm_offdiag,coeff_l1,coeff_l2,coeff_align,action_abs_diag,action_abs_offdiag,mu_mumu_uv_tree,mu_mumu_uv_rge,delta_mu_mumu,abs_delta_mu_mumu,chi2_uv_tree,chi2_uv_rge
4.0,0.2,0.00016277754232253458,0.0014758502143104744,0.0003435162004482209,0.0001628720615052537,0.0014767071885225316,0.00034371566820067537,0.00016338276157327537,0.0014813375373660144,0.0003447934197407977,8.569742120571964e-07,8.569742120571964e-07,4.630348843482788e-06,4.630348843482788e-06,5.487323055539985e-06,5.487323055539985e-06,0.003718075860498955,1.280917082806759,1.0,0.24757629233153006,1.0005806647610629,1.0,0.0,0.0,action_absolute,0.09169490370150604,6.169282371166089e-32,0.07718149434815945,0.7278992382235014,2.8777801998322563e-29,0.052928468881864164,0.11177290657100736,0.09029178776792637,0.8794894425499511,0.758788855870295,1.2689095420204013,1.0767321020559757,0.5339835720691466,0.3813202699293874,0.7141048711513722,0.5418548181523541,0.025796226649847147,2.4083057749134755,2.40827978707084,-2.598784263563303e-05,2.598784263563303e-05,6.3542533482741534,6.353925806347614
4.8,0.2,0.00019561316472304778,0.0015683202593658858,0.00015202569746888047,0.00019574958706909158,0.0015694140197446088,0.000152131721530896,0.00019651241449686492,0.0015755299563231654,0.00015272457207814738,1.0937603787230642e-06,1.0937603787230642e-06,6.1159365785565765e-06,6.1159365785565765e-06,7.209696957279641e-06,7.209696957279641e-06,0.004597082078245113,1.3602809677586774,1.0,0.30769127235057525,1.0006974088182508,1.0,0.0,0.0,action_absolute,0.11013038627146657,3.021036245415821e-31,0.07111786048012514,0.7487878177500273,2.993923942695591e-29,0.3330127461264275,0.9985580509745398,0.1957340473559828,1.0296902220130237,0.8335514729768704,1.4728624404054653,1.4163259993902102,0.5496017971416134,0.3964102668125378,0.7212681415421147,0.6012141217937196,0.10017820878952571,13.739693054108729,13.739184170499536,-0.0005088836091928783,0.0005088836091928783,951.67515418512,951.5966624594145
5.6,0.2,0.00015714102819852153,0.0013021892258809095,5.9531521082067194e-05,0.00015730977362231975,0.0013035875778918762,5.9595448828178516e-05,0.0001580231508659844,0.0013094991604450663,5.9865705634485254e-05,1.3983520109667105e-06,1.3983520109667105e-06,5.911582553190086e-06,5.911582553190086e-06,7.3099345641567965e-06,7.3099345641567965e-06,0.0056135732187553205,1.4305484675437201,1.0,0.35805791447458585,1.0010738470133023,1.0,0.0,0.0,action_absolute,0.1695751233373514,1.1189164167442676e-31,0.1092096338293002,0.7675103934186478,3.368050735349661e-29,0.04896323098045846,0.10296811348511037,0.28060102967778355,1.1143805860015703,0.8789935460298314,1.3732270194100678,1.0711593535980681,0.5468206835304987,0.39797530256945257,0.7277985536318061,0.6397302314522036,0.02839906131900997,57.97841649278864,57.97242596040626,-0.005990532382377012,0.005990532382377012,20006.98258019661,20002.7461190353
6.4,0.2,0.00010403201165275425,0.0006722767776805341,2.7226734432871954e-05,0.0001041706574634904,0.0006731727361206316,2.7263020116568465e-05,0.00010468570970913488,0.0006765011122477294,2.7397816997724853e-05,8.959584400974668e-07,8.959584400974668e-07,3.3283761270978167e-06,3.3283761270978167e-06,4.2243345671952835e-06,4.2243345671952835e-06,0.006283624107573573,1.4775528482269376,1.0,0.3903872383399466,1.0013327225777287,1.0,0.0,0.0,action_absolute,0.21045511389731858,7.23824553180377e-31,0.1316552460415761,0.715292935971534,4.490444037185556e-29,0.23684225745303278,0.6206901777936342,0.28047183716500834,1.0740913062068647,0.9010333708810129,1.4570619145694848,1.309910589913548,0.5249812193015628,0.3726558128157027,0.7098459889888737,0.6395949242650113,0.09346826913250748,59.89373701777076,59.88858106987292,-0.005155947897840463,0.005155947897840463,21384.482939400787,21380.713222294355
7.2,0.2,7.600592234179314e-05,0.00012096550465777007,1.756797557663314e-05,7.61041278671489e-05,0.0001211218014379265,1.759067475872032e-05,7.648987970249585e-05,0.0001217357360366748,1.767983726886711e-05,1.5629678015642947e-07,1.5629678015642947e-07,6.139345987483025e-07,6.139345987483025e-07,7.702313789047319e-07,7.702313789047319e-07,0.006367363828918289,1.4921401916441892,1.0,0.40021145959540433,1.001292077279375,1.0,0.0,0.0,action_absolute,0.2040366656490744,1.8967076410849628e-30,0.14069871838435052,0.6301156865399458,8.300515088233312e-29,0.5397550802947837,2.3455123877977533,0.05673892634684577,0.5919366112864753,0.9103279160506171,1.432046424555722,1.6204236024415644,0.5085808844373885,0.34706012911748946,0.6824089141718738,0.6212158847324463,0.10022513471094248,3.5327999605622566,3.5324984993327013,-0.00030146122955532206,0.00030146122955532206,28.43022294858977,28.422186560351395
8.0,0.2,6.313930504949174e-05,8.591083119440962e-05,1.3492972406410483e-05,6.322631030312893e-05,8.602921535547052e-05,1.3511565570931684e-05,6.353254089963247e-05,8.644588964515675e-05,1.3577007548561659e-05,1.1838416106090086e-07,1.1838416106090086e-07,4.166742896862381e-07,4.166742896862381e-07,5.35058450747139e-07,5.35058450747139e-07,0.0062280674428157115,1.4658274448318904,1.0,0.38241989178356733,1.0013779887752803,1.0,0.0,0.0,action_absolute,0.21760326529851737,2.3146619232996308e-30,0.1520636193182569,0.6058619719411955,9.73259793452573e-29,0.5891268740470006,2.8676826827286432,0.04473497088292337,0.5580450552791809,0.9133806537148066,1.4452584435640263,1.665287061215118,0.5340456080149918,0.3605063302199267,0.6750478326371827,0.6165756306629133,0.09391703086917513,2.326336307979538,2.3257160095303235,-0.000620298449214296,0.000620298449214296,5.363118471757258,5.355938314379664
8.8,0.2,2.214685757277516e-05,5.848230801141066e-05,7.047750343537498e-06,2.2167119219044985e-05,5.853581211844149e-05,7.054198166845593e-06,2.2289841479772302e-05,5.8859879811933784e-05,7.093251827273873e-06,5.35041070308254e-08,5.35041070308254e-08,3.2406769349229683e-07,3.2406769349229683e-07,3.7757180052312223e-07,3.7757180052312223e-07,0.006456171333892175,1.5482467554553723,1.0,0.43712316521321565,1.0009148768037743,1.0,0.0,0.0,action_absolute,0.14447155406377746,1.1961527380890567e-30,0.11517223325097901,0.5937428255184164,1.2483365521746187e-28,0.1526414316992487,0.36027589124483117,0.08885835383790645,0.7386124276866068,0.9135092970649155,1.2831884112307528,1.2087482232265034,0.46591397859586803,0.3128373899025909,0.6714488173233043,0.6133747371280805,0.06882897700825975,1.5836854177066555,1.58365649032701,-2.8927379645438123e-05,2.8927379645438123e-05,0.2108770792379284,0.21081066524521982
9.600000000000001,0.2,1.0975147167186832e-05,4.3579838328899834e-05,3.956029559913731e-06,1.0985331407590788e-05,4.3620277654545866e-05,3.959700504409471e-06,1.1046127057123009e-05,4.386168349060025e-05,3.981614505470221e-06,4.043932564603192e-08,4.043932564603192e-08,2.4140583605438494e-07,2.4140583605438494e-07,2.8184516170041686e-07,2.8184516170041686e-07,0.006467329217086887,1.5480056645464257,1.0,0.4369674344285572,1.00092793656876,1.0,0.0,0.0,action_absolute,0.14653386948746175,1.054389694568646e-30,0.11485685465158924,0.5829075341898452,1.5205403541526647e-28,0.1066533286499557,0.23877254389671365,0.18728807642891,0.8851615251699383,0.9126874950814605,1.3214390647246899,1.1497013156171452,0.4654103917952466,0.31102291498571705,0.6682766875616928,0.6099277759920172,0.05251232590366241,1.0000000014340404,1.0000000014332642,-7.762679388179095e-13,7.762679388179095e-13,0.9999999928297973,0.9999999928336787
10.4,0.2,7.422066641493796e-06,2.996797540013284e-05,2.1099883030150735e-06,7.429857067180688e-06,2.999943069373478e-05,2.1122030105714508e-06,7.46944101794672e-06,3.0159258261997868e-05,2.1234561664831096e-06,3.145529360193969e-08,3.145529360193969e-08,1.5982756826308652e-07,1.5982756826308652e-07,1.912828618650262e-07,1.912828618650262e-07,0.006382909065794891,1.5229622419775668,1.0,0.42065728173279693,1.0010496302530267,1.0,0.0,0.0,action_absolute,0.16575096583664364,2.335944865511386e-30,0.12533762689732517,0.577057574905652,1.8818072702544209e-28,0.19108966093919896,0.472461907610346,0.220824975839357,0.9172112440472516,0.9115432970884193,1.3800538854412516,1.2559774722814012,0.4844721631315347,0.3229405150921417,0.6665821891699958,0.6076185264964343,0.07885407263065519,0.4952545984950411,0.49517308853750697,-8.15099575341427e-05,8.15099575341427e-05,5.116026509652305,5.1169483731672125
11.2,0.2,4.558508069825639e-06,1.6473387012688423e-05,7.956067069737132e-07,4.563824762064231e-06,1.6492600300793236e-05,7.96534641275714e-07,4.587238873633138e-06,1.6577213449552593e-05,8.006211590391379e-07,1.921328810481322e-08,1.921328810481322e-08,8.461314875935641e-08,8.461314875935641e-08,1.0382643686416963e-07,1.0382643686416963e-07,0.006302676965228741,1.499419168235305,1.0,0.40507781194222237,1.0011663228751935,1.0,0.0,0.0,action_absolute,0.18417832611360146,4.3567080917851236e-30,0.1353663151635882,0.574437990656976,2.5787377245512494e-28,0.26361689275729705,0.7159775670150244,0.25761164719784035,0.9184677656480011,0.9102765574924555,1.4258282995901088,1.3404293458524341,0.5036498025294905,0.33534391736577057,0.665827556531475,0.6060872160430844,0.09311009170774293,0.15211173576309514,0.15206210724209632,-4.962852099882342e-05,4.962852099882342e-05,9.732657000126215,9.733431151131482
12.0,0.2,2.510492526187209e-06,8.248761138314983e-06,4.859955493187072e-07,2.5136380075484185e-06,8.259096291334955e-06,4.866044696505014e-07,2.526075177274787e-06,8.299961277483831e-06,4.89012128335037e-07,1.0335153019972685e-08,1.0335153019972685e-08,4.086498614887593e-08,4.086498614887593e-08,5.1200139168848616e-08,5.1200139168848616e-08,0.00620700955092846,1.4779687035454037,1.0,0.3906686474340275,1.001252933967498,1.0,0.0,0.0,action_absolute,0.1978554015982775,7.455239115771762e-30,0.14464355018632655,0.5733932596472961,3.6558276713953666e-28,0.324701506182844,0.9616532811955605,0.21985478162960875,0.8771178989054502,0.9093093189472398,1.4365939232251868,1.407463712250409,0.522145874622551,0.347502343175677,0.665527317297833,0.6051701916328761,0.10017044021173578,0.03820536915314077,0.03818562849912015,-1.974065402061964e-05,1.974065402061964e-05,11.590528853770833,11.5908648901646
12.8,0.2,6.987777679838202e-07,2.0494321184607085e-06,2.0546569946694125e-07,6.993053554363751e-07,2.050979469736183e-06,2.0562082908029737e-07,7.033461484559206e-07,2.0628306352679693e-06,2.068089670008233e-07,1.5473512754744208e-09,1.5473512754744208e-09,1.1851165531786377e-08,1.1851165531786377e-08,1.3398516807260797e-08,1.3398516807260797e-08,0.006537672893174028,1.5781226258875372,1.0,0.4562359290923607,1.0007550146509057,1.0,0.0,0.0,action_absolute,0.11922713474345478,4.075093577932988e-30,0.10063809092004923,0.5338366691941206,6.464039578999375e-28,0.11428700520012199,0.2580678072267517,0.17569428045847932,0.7916713924836573,0.9085350079277832,1.2989849208355952,1.1597086448540501,0.4340755361717523,0.28408816114511765,0.654467108767704,0.5946062798527393,0.054015984358867696,0.002360365373917612,0.0023606952651459836,3.298912283717856e-07,3.298912283717856e-07,12.208728426735803,12.208722663373283
13.600000000000001,0.2,2.2327272996020326e-07,5.624265717181725e-07,8.965344399731104e-08,2.2343144558513408e-07,5.628263782006921e-07,8.971717503331248e-08,2.2473215033759066e-07,5.661028684145757e-07,9.023946300239042e-08,3.9980648251958566e-10,3.9980648251958566e-10,3.2764902138836407e-09,3.2764902138836407e-09,3.6762966964032264e-09,3.6762966964032264e-09,0.006536491839587888,1.5835144599575646,1.0,0.4596467185984162,1.0007108598750913,1.0,0.0,0.0,action_absolute,0.11225449202815749,7.260761194181897e-30,0.09808481357269962,0.5279902974964306,1.1763507368333603e-27,0.11527755794505871,0.2605959846057573,0.14219344601157302,0.6819962957925976,0.9078328296404699,1.263686214423572,1.1610009932696252,0.42870868022461606,0.2798971695134157,0.6528843068135859,0.5927098076824344,0.05420145711560788,0.00017779019525587393,0.00017781463009437968,2.4434838505750338e-08,2.4434838505750338e-08,12.24688886914148,12.246888441586114
14.4,0.2,1.1131066673668665e-07,2.793823306840649e-07,4.0799391706625195e-08,1.1140072975507686e-07,2.7960838283813043e-07,4.0832403065494113e-08,1.1202896861091576e-07,2.8118522035888454e-07,4.106267536478172e-08,2.2605215406552067e-10,2.2605215406552067e-10,1.5768375207541147e-09,1.5768375207541147e-09,1.8028896748196354e-09,1.8028896748196354e-09,0.006453127047817511,1.5609164733916419,1.0,0.4452731317042589,1.0008091139962647,1.0,0.0,0.0,action_absolute,0.12777016093626226,1.809251872743637e-29,0.10740742647090296,0.5324070810699959,1.706879698711195e-27,0.19599958236239193,0.48756089689181237,0.14358465010708318,0.6958086696085115,0.907472730085574,1.3078481211100947,1.2618790978739667,0.4446044252009733,0.2908063368569028,0.6540788178737772,0.5935586905470616,0.07820671792185009,4.387184755862388e-05,4.3870609432861433e-05,-1.238125762444218e-09,1.238125762444218e-09,12.249232254697342,12.249232276363864
15.200000000000001,0.2,4.9719954079899026e-08,1.4657335329968847e-07,1.1801348079610915e-08,4.97663123746177e-08,1.4671001655362576e-07,1.1812351516409612e-08,5.003843701747479e-08,1.4751223413723308e-07,1.187694203526318e-08,1.3666325393729289e-10,1.3666325393729289e-10,8.022175836073178e-10,8.022175836073178e-10,9.388808375446107e-10,9.388808375446107e-10,0.006405535633922119,1.5399344597018174,1.0,0.4317398568847099,1.000932388124176,1.0,0.0,0.0,action_absolute,0.14723683094226014,3.5539996302879725e-29,0.11619019864791928,0.5358343387962237,2.4991003148885037e-27,0.26351295792832896,0.7155942817054621,0.20614409899481195,0.8180925978636038,0.9076578822018635,1.3878156531787684,1.3403122806873127,0.4600093586360452,0.301311214387321,0.6550110529940661,0.5945259451794067,0.09131837990484613,1.2075383966998948e-05,1.2073901240492414e-05,-1.4827265065343046e-09,1.4827265065343046e-09,12.24978868169192,12.249788707639405
16.0,0.2,2.0165371176482903e-08,5.612530329078049e-08,5.197701772296492e-09,2.0185862230622652e-08,5.6182335051727313e-08,5.202983420101845e-09,2.0292929406361842e-08,5.648032994893294e-08,5.230580395343409e-09,5.7031760946823335e-11,5.7031760946823335e-11,2.979948972056255e-10,2.979948972056255e-10,3.5502665815244885e-10,3.5502665815244885e-10,0.006325607833477273,1.520124718640573,1.0,0.4187923832293445,1.001016150605928,1.0,0.0,0.0,action_absolute,0.1604640718789814,6.990955368028353e-29,0.12459912372608362,0.5426257045971616,4.0660163687710654e-27,0.3217878591111364,0.9489298103375201,0.18083051406094844,0.786802702341457,0.9059933867437956,1.4028022336561696,1.4043428740235022,0.4760391641578648,0.31269681983807257,0.6568720462133565,0.5951217298061658,0.09826056655764188,1.7705507419393659e-06,1.770052161758172e-06,-4.985801811938687e-10,4.985801811938687e-10,12.249969015381605,12.249969024106749
16.8,0.2,8.364325250162602e-09,2.705844584190968e-08,2.415816165380267e-09,8.373911499437755e-09,2.7089457190593632e-08,2.418584902280333e-09,8.417008652836737e-09,2.722887572781086e-08,2.4310323856994062e-09,3.1011348683950574e-11,3.1011348683950574e-11,1.3941853721722962e-10,1.3941853721722962e-10,1.704298859011802e-10,1.704298859011802e-10,0.006298583699038936,1.5013415333766713,1.0,0.40635906399495303,1.0011460875789073,1.0,0.0,0.0,action_absolute,0.18098289620509633,1.2247552734324294e-28,0.13268580337603814,0.5606880526041327,6.119560513184084e-27,0.3729068193667717,1.1893186878231288,0.1777839621892827,0.8324265017386813,0.9175631953686375,1.439006025665377,1.4580718575681215,0.4926256975220699,0.3260734472595267,0.6619091308059877,0.6073434571060196,0.10344885745154807,4.115254256548783e-07,4.1138744579559833e-07,-1.379798592799593e-10,1.379798592799593e-10,12.249992798306106,12.24999280072075
17.6,0.2,3.484410888318046e-09,7.139226485334225e-09,8.222198924376402e-10,3.4872487590033526e-09,7.145041012440204e-09,8.228895475972678e-10,3.506883785009399e-09,7.185271313112423e-09,8.275228441538902e-10,5.814527105978884e-12,5.814527105978884e-12,4.023030067221956e-11,4.023030067221956e-11,4.6044827778198445e-11,4.6044827778198445e-11,0.006449554146066966,1.559816346703205,1.0,0.44456808785883606,1.0008144477721674,1.0,0.0,0.0,action_absolute,0.12861243706624276,1.372085350547977e-28,0.10702376707827714,0.5253311760113416,1.0452097502090277e-26,0.2679119024066777,0.7319116463917812,0.1320001313909301,0.6787167217905434,0.9037860142270192,1.3366351644987071,1.345257621215382,0.4410367983505292,0.28763048613156583,0.6521689056498219,0.5894211358400495,0.09117840286518317,5.6207073804593766e-08,5.548704728925223e-08,-7.200265153415329e-10,7.200265153415329e-10,12.249999016376224,12.249999028976692
18.4,0.2,0.0,0.0,0.0,1e-30,1e-30,1e-30,1.0058704800739689e-30,1.0058704800739689e-30,1.0058704800739689e-30,1e-30,1e-30,5.870480073968777e-33,5.870480073968777e-33,1.0058704800739689e-30,1.0058704800739689e-30,1.0058704800739688,1.5896510516836373,1.0,0.463514527796402,1.0,1.0,0.0,0.0,action_absolute,0.0,0.0,0.09421603304878111,0.0,0.0,0.20297833384972,0.5093420730458487,0.0,0.0,-0.0,1.10148916692486,1.2702190003210754,0.0,0.0,0.0,-0.0,-0.0,5.6207073804593766e-08,5.548704728925223e-08,-7.200265153415329e-10,7.200265153415329e-10,12.249999016376224,12.249999028976692
19.200000000000003,0.2,0.0,0.0,0.0,1e-30,1e-30,1e-30,1.0057161736535278e-30,1.0057161736535278e-30,1.0057161736535278e-30,1e-30,1e-30,5.716173653527695e-33,5.716173653527695e-33,1.0057161736535278e-30,1.0057161736535278e-30,1.0057161736535276,1.5704009692603986,1.0,0.4513309811859851,1.0,1.0,0.0,0.0,action_absolute,0.0,0.0,0.10217329191624851,0.0,0.0,0.26851220272081255,0.7341536078101636,0.0,0.0,-0.0,1.1342561013604062,1.3459310085035026,0.0,0.0,0.0,-0.0,-0.0,5.6207073804593766e-08,5.548704728925223e-08,-7.200265153415329e-10,7.200265153415329e-10,12.249999016376224,12.249999028976692
20.0,0.2,0.0,0.0,0.0,1e-30,1e-30,1e-30,1.0055641423643005e-30,1.0055641423643005e-30,1.0055641423643005e-30,1e-30,1e-30,5.564142364300414e-33,5.564142364300414e-33,1.0055641423643005e-30,1.0055641423643005e-30,1.0055641423643005,1.5516627094173834,1.0,0.43932707173589636,1.0,1.0,0.0,0.0,action_absolute,0.0,0.0,0.11002090405486509,0.0,0.0,0.3261537967964966,0.9680363122799913,0.0,0.0,-0.0,1.1630768983982482,1.409016545507328,0.0,0.0,0.0,-0.0,-0.0,5.6207073804593766e-08,5.548704728925223e-08,-7.200265153415329e-10,7.200265153415329e-10,12.249999016376224,12.249999028976692
4.0,0.39,0.00016435372048146063,0.0014798793343970764,0.0003418631110110614,0.00016444926267609184,0.001480739618660697,0.0003420618430616275,0.00016496490820092042,0.001485382611553299,0.0003431344088835659,8.602842636205518e-07,8.602842636205518e-07,4.642992892602135e-06,4.642992892602135e-06,5.503277156222687e-06,5.503277156222687e-06,0.0037187337023425623,1.280917082806759,1.0,0.24757629233153006,1.0005813205466316,1.0,0.0,0.0,action_absolute,0.09179846120766129,6.171743881091103e-32,0.07718149434815945,0.7288019674564653,2.8776779761078553e-29,0.052928468881864164,0.11177290657100736,0.09029178776792637,0.8803624715424814,0.7587925249630175,1.269127799268534,1.0767321020559757,0.5348201512826798,0.3820817830141957,0.7144117178416599,0.5420902712442399,0.025807435927905065,2.4448817340068487,2.444855102837373,-2.663116947587696e-05,2.663116947587696e-05,6.823611487882244,6.823263662033106
4.8,0.39,0.00019574823662416805,0.0015684082500680974,0.0001519655378412984,0.00019588475373529213,0.0015695020763372637,0.0001520715203858888,0.00019664810790154724,0.0015756183560684425,0.00015266413633195771,1.0938262691663394e-06,1.0938262691663394e-06,6.1162797311787795e-06,6.1162797311787795e-06,7.210106000345119e-06,7.210106000345119e-06,0.004597084974547965,1.3602809677586774,1.0,0.30769127235057525,1.0006974117033105,1.0,0.0,0.0,action_absolute,0.11013084186182487,3.0210796910562005e-31,0.07111786048012514,0.7487615630647682,2.993885844525977e-29,0.3330127461264275,0.9985580509745398,0.1957340473559828,1.029643348812886,0.8335845678317346,1.472850722105431,1.4163259993902102,0.5496382522016724,0.3964315670180943,0.7212590561703414,0.6012304186324788,0.10018092427483562,13.751970835344054,13.751461099857845,-0.0005097354862080294,0.0005097354862080294,953.5698969824377,953.4911956331348
5.6,0.39,0.0001571487821813237,0.0013021843961999173,5.952962446598845e-05,0.0001573175348359384,0.0013035827339446097,5.9593549760333154e-05,0.0001580309472755928,0.0013094942945311942,5.9863797954639795e-05,1.3983377446923507e-06,1.3983377446923507e-06,5.911560586584468e-06,5.911560586584468e-06,7.309898331276819e-06,7.309898331276819e-06,0.005613566214284885,1.4305484675437201,1.0,0.35805791447458585,1.0010738400404529,1.0,0.0,0.0,action_absolute,0.16957402222909593,1.1189149773846842e-31,0.1092096338293002,0.7675026961661312,3.3680490616590615e-29,0.04896323098045846,0.10296811348511037,0.28060102967778355,1.114373175876911,0.8789961199519978,1.3732251668789028,1.0711593535980681,0.5468221053448145,0.3979748578049887,0.7277958478910325,0.6397297264133919,0.028399038899203186,57.98141445255387,57.97542320702033,-0.005991245533543577,0.005991245533543577,20009.102884072952,20004.865694084085
6.4,0.39,0.00010403240172801354,0.0006722762677837851,2.7226661152841032e-05,0.00010417104792812772,0.00067317222470112,2.7262946704726176e-05,0.00010468610210435124,0.0006765005982996001,2.73977432229115e-05,8.95956917334865e-07,8.95956917334865e-07,3.3283735984800935e-06,3.3283735984800935e-06,4.2243305158149586e-06,4.2243305158149586e-06,0.0062836228471084025,1.4775528482269376,1.0,0.3903872383399466,1.0013327213234648,1.0,0.0,0.0,action_absolute,0.2104549158319142,7.238243428592044e-31,0.1316552460415761,0.7152920655698475,4.490444037240646e-29,0.23684225745303278,0.6206901777936342,0.28047183716500834,1.0740904721175029,0.9010334801607153,1.4570617060471442,1.309910589913548,0.5249812867988601,0.37265570724480834,0.7098456966287764,0.6395947384105337,0.09346824197235398,59.89388950310497,59.888733485750656,-0.005156017354316589,0.005156017354316589,21384.594432509086,21380.82465479481
7.2,0.39,7.600594590530699e-05,0.00012096549319106766,1.75679713156894e-05,7.61041514528411e-05,0.00012112178994325021,1.7590670490360155e-05,7.648990340773772e-05,0.00012173572448373502,1.767983297887175e-05,1.5629675218254975e-07,1.5629675218254975e-07,6.139345404848092e-07,6.139345404848092e-07,7.702312926673589e-07,7.702312926673589e-07,0.006367363719592013,1.4921401916441892,1.0,0.40021145959540433,1.0012920771706,1.0,0.0,0.0,action_absolute,0.20403664847201045,1.896707542489553e-30,0.14069871838435052,0.6301156162653222,8.300514929464497e-29,0.5397550802947837,2.3455123877977533,0.05673892634684577,0.5919365641942181,0.9103279149959648,1.4320464127826578,1.6204236024415644,0.508580892319907,0.34706012349607845,0.6824088925420562,0.6212158643225154,0.10022513141806455,3.532800267571452,3.5324988059026436,-0.0003014616688084004,0.0003014616688084004,28.430231133455354,28.42219473235125
8.0,0.39,6.31393068273821e-05,8.591083025389693e-05,1.3492972088047451e-05,6.322631208281702e-05,8.602921441277441e-05,1.3511565251990578e-05,6.353254268794031e-05,8.644588869789479e-05,1.3577007228075791e-05,1.1838415887748031e-07,1.1838415887748031e-07,4.1667428512037817e-07,4.1667428512037817e-07,5.350584439978585e-07,5.350584439978585e-07,0.006228067432436298,1.4658274448318904,1.0,0.38241989178356733,1.001377988764951,1.0,0.0,0.0,action_absolute,0.21760326366738325,2.3146619114785803e-30,0.1520636193182569,0.605861966287592,9.73259792018171e-29,0.5891268740470006,2.8676826827286432,0.04473497088292337,0.5580450533015735,0.9133806526848448,1.4452584430696245,1.665287061215118,0.5340456087317134,0.36050632980046976,0.6750478309457949,0.6165756284227589,0.09391703052795398,2.326336305231986,2.3257160067437472,-0.0006202984882386353,0.0006202984882386353,5.363118439942793,5.355938282134935
8.8,0.39,2.2146857620247044e-05,5.848230796281681e-05,7.04775033011198e-06,2.2167119266545312e-05,5.8535812069763594e-05,7.054198153403022e-06,2.2289841527535603e-05,5.88598797629864e-05,7.0932518137568815e-06,5.350410694678618e-08,5.350410694678618e-08,3.2406769322280483e-07,3.2406769322280483e-07,3.77571800169591e-07,3.77571800169591e-07,0.006456171333211611,1.5482467554553723,1.0,0.43712316521321565,1.0009148768030975,1.0,0.0,0.0,action_absolute,0.14447155395689346,1.1961527376925695e-30,0.11517223325097901,0.5937428251074812,1.2483365522047047e-28,0.1526414316992487,0.36027589124483117,0.08885835383790645,0.738612427037752,0.9135092969048915,1.283188411068539,1.2087482232265034,0.4659139786252545,0.31283738986588816,0.6714488172021784,0.613374736909983,0.06882897698378625,1.5836854161367002,1.5836564887553,-2.8927381400256635e-05,2.8927381400256635e-05,0.21087707563320476,0.21081066163703535
9.600000000000001,0.39,1.0975147121485077e-05,4.357983841062823e-05,3.956029580418546e-06,1.0985331361861028e-05,4.36202777364073e-05,3.959700524938505e-06,1.1046127011140169e-05,4.386168357291472e-05,3.9816145261128685e-06,4.04393257790703e-08,4.04393257790703e-08,2.414058365074256e-07,2.414058365074256e-07,2.818451622864959e-07,2.818451622864959e-07,0.00646732921840664,1.5480056645464257,1.0,0.4369674344285572,1.0009279365700725,1.0,0.0,0.0,action_absolute,0.14653386969470314,1.0543896952465879e-30,0.11485685465158924,0.5829075347227113,1.5205403538262763e-28,0.1066533286499557,0.23877254389671365,0.18728807642891,0.8851615263329561,0.9126874956526076,1.3214390650154444,1.1497013156171452,0.46541039182923705,0.311022915080539,0.6682766877166246,0.6099277765151059,0.05251232594869824,1.000000004530878,1.0000000045325586,1.680655614677562e-12,1.680655614677562e-12,0.9999999773456102,0.9999999773372069
10.4,0.39,7.422066720531848e-06,2.9967975391542694e-05,2.1099882180731836e-06,7.4298571462957695e-06,2.999943068511167e-05,2.112202925538717e-06,7.469441097483302e-06,3.0159258253328814e-05,2.1234560809973483e-06,3.145529356897656e-08,3.145529356897656e-08,1.5982756821714345e-07,1.5982756821714345e-07,1.9128286178612e-07,1.9128286178612e-07,0.006382909064991498,1.5229622419775668,1.0,0.42065728173279693,1.0010496302522276,1.0,0.0,0.0,action_absolute,0.16575096571044368,2.3359448578422246e-30,0.12533762689732517,0.5770575795275351,1.8818072713823108e-28,0.19108966093919896,0.472461907610346,0.220824975839357,0.9172112450982502,0.911543291725536,1.3800538857040012,1.2559774722814012,0.4844721632973193,0.3229405158487987,0.666582190503711,0.6076185241373712,0.0788540723245063,0.49525459895960533,0.4951730890010959,-8.150995850941811e-05,8.150995850941811e-05,5.116026504398401,5.116948367923865
11.2,0.39,4.558509357281854e-06,1.6473383521677937e-05,7.956065756958455e-07,4.563826050373546e-06,1.6492596803367617e-05,7.965345097315516e-07,4.587240168551958e-06,1.6577209934183885e-05,8.006210268201053e-07,1.9213281689680446e-08,1.9213281689680446e-08,8.461313081626785e-08,8.461313081626785e-08,1.038264125059483e-07,1.038264125059483e-07,0.006302676822239904,1.499419168235305,1.0,0.40507781194222237,1.0011663227329344,1.0,0.0,0.0,action_absolute,0.18417830364896584,4.356707941269833e-30,0.1353663151635882,0.574437919825029,2.5787377706660896e-28,0.26361689275729705,0.7159775670150244,0.25761164719784035,0.9184676256155258,0.9102765376144974,1.4258282645819902,1.3404293458524341,0.5036497917996202,0.335343899962222,0.6658275361615564,0.6060871842655332,0.09311008682591962,0.1521116714309366,0.15206204288778663,-4.9628543149965454e-05,4.9628543149965454e-05,9.732658003618067,9.733432155008776
12.0,0.39,2.51049659930808e-06,8.248753787970822e-06,4.859945413114452e-07,2.5136420840739546e-06,8.259088926199913e-06,4.866034600514327e-07,2.5260792739704668e-06,8.299953875907013e-06,4.890111137405971e-07,1.033513822909183e-08,1.033513822909183e-08,4.0864949707099414e-08,4.0864949707099414e-08,5.1200087936191245e-08,5.1200087936191245e-08,0.006207008870946841,1.4779687035454037,1.0,0.3906686474340275,1.0012529332908644,1.0,0.0,0.0,action_absolute,0.19785529474859118,7.45523707663371e-30,0.14464355018632655,0.5733931590308378,3.6558280252297734e-28,0.324701506182844,0.9616532811955605,0.21985478162960875,0.8771172910146925,0.9093090217067862,1.4365937712524974,1.407463712250409,0.5221458734019447,0.34750232727551733,0.6655272884020519,0.6051699675360399,0.1001704031182387,0.03820530122599985,0.03818556055543592,-1.974067056392803e-05,1.974067056392803e-05,11.590530010056062,11.590866046748197
12.8,0.39,6.987844538077155e-07,2.0493996179638756e-06,2.0546948193091949e-07,6.993120422349623e-07,2.0509469327550817e-06,2.0562461320241307e-07,7.033528738928062e-07,2.062797910278575e-06,2.0681277298871496e-07,1.5473147912060725e-09,1.5473147912060725e-09,1.1850977523493242e-08,1.1850977523493242e-08,1.3398292314699315e-08,1.3398292314699315e-08,0.006537667030508582,1.5781226258875372,1.0,0.4562359290923607,1.000755008821922,1.0,0.0,0.0,action_absolute,0.11922621426723266,4.075094478660545e-30,0.10063809092004923,0.5338288508305074,6.464043983609658e-28,0.11428700520012199,0.2580678072267517,0.17569428045847932,0.791660154997012,0.9085375406561985,1.298982111463934,1.1597086448540501,0.43407436699449076,0.2840864732223568,0.6544649830151394,0.5946060061141756,0.05401595949155889,0.0023602904960522697,0.0023606203493190337,3.2985326676397003e-07,3.2985326676397003e-07,12.208729734889243,12.208723972189626
13.600000000000001,0.39,2.2326970559833704e-07,5.62447153419074e-07,8.964636729611575e-08,2.2342842215625238e-07,5.628469822985035e-07,8.971009453940084e-08,2.2472910930783679e-07,5.661235924590128e-07,9.023234128942809e-08,3.9982887942956366e-10,3.9982887942956366e-10,3.2766101605092478e-09,3.2766101605092478e-09,3.6764390399388114e-09,3.6764390399388114e-09,0.006536505727853746,1.5835144599575646,1.0,0.4596467185984162,1.0007108736829746,1.0,0.0,0.0,action_absolute,0.11225667248166257,7.26075341770814e-30,0.09808481357269962,0.5280133560081189,1.1763521087855689e-27,0.11527755794505871,0.2605959846057573,0.14219344601157302,0.6820295090330518,0.9078221554005286,1.2636945177336858,1.1610009932696252,0.42871118751759874,0.2799014713307117,0.6528905227583351,0.5927084816110497,0.05420133585052949,0.0001778032087379348,0.0001778276502722881,2.4441534353294297e-08,2.4441534353294297e-08,12.246888641434467,12.246888213761943
14.4,0.39,1.1131341964120475e-07,2.7940829939367144e-07,4.07869702735668e-08,1.114034887224882e-07,2.796343821868376e-07,4.081997298745985e-08,1.1203174313738612e-07,2.812113663296212e-07,4.105017518794272e-08,2.26082793166176e-10,2.26082793166176e-10,1.5769841427836124e-09,1.5769841427836124e-09,1.8030669359497884e-09,1.8030669359497884e-09,0.006453161698713047,1.5609164733916419,1.0,0.4452731317042589,1.000809148452844,1.0,0.0,0.0,action_absolute,0.1277756021011755,1.809229623729533e-29,0.10740742647090296,0.532477530041965,1.7068915022087403e-27,0.19599958236239193,0.48756089689181237,0.14358465010708318,0.6958914603017464,0.9074287753847801,1.3078688187834036,1.2618790978739667,0.44461773816574,0.2908235437512176,0.6540979335439996,0.5935472868175468,0.07820521537749917,4.388000394344511e-05,4.3878768608850654e-05,-1.2353345944584606e-09,1.2353345944584606e-09,12.249232111965078,12.249232133582758
15.200000000000001,0.39,4.9709616392691525e-08,1.4671605106442872e-07,1.1770674642156241e-08,4.975598433795876e-08,1.4685290429966273e-07,1.1781654046890619e-08,5.002805250660361e-08,1.4765590320049053e-07,1.1846076710471597e-08,1.3685323523401233e-10,1.3685323523401233e-10,8.029989008278013e-10,8.029989008278013e-10,9.398521360618136e-10,9.398521360618136e-10,0.0064059257950521585,1.5399344597018174,1.0,0.4317398568847099,1.000932776163488,1.0,0.0,0.0,action_absolute,0.14729810765429624,3.5534288768194314e-29,0.11619019864791928,0.5364658456371497,2.4990014045148525e-27,0.26351295792832896,0.7155942817054621,0.20614409899481195,0.8187922265543413,0.9073093959141124,1.3879905603514526,1.3403122806873127,0.4600914356264559,0.30144424074808135,0.6551833340206342,0.5944539950032558,0.09130732845524457,1.2098907640248965e-05,1.2097431405086482e-05,-1.476235162483139e-09,1.476235162483139e-09,12.24978827003119,12.249788295865082
16.0,0.39,2.015482472120821e-08,5.614789054568101e-08,5.199793552793773e-09,2.0175308313818166e-08,5.620495432726954e-08,5.205078165995059e-09,2.0282319510870275e-08,5.6503069198639356e-08,5.232686251910229e-09,5.706378158853015e-11,5.706378158853015e-11,2.9811487136981554e-10,2.9811487136981554e-10,3.551786529583457e-10,3.551786529583457e-10,0.00632577020270028,1.520124718640573,1.0,0.4187923832293445,1.0010163121184776,1.0,0.0,0.0,action_absolute,0.16048957691852875,6.991302710680339e-29,0.12459912372608362,0.5426548128377121,4.0658337962802256e-27,0.3217878591111364,0.9489298103375201,0.18083051406094844,0.7870578910225603,0.9060680293195289,1.4028660308264456,1.4043428740235022,0.4760466013004638,0.3127055207762198,0.6568800615779444,0.5951780228932189,0.09826986111092413,1.7719761214311387e-06,1.7714777115193816e-06,-4.984099117571537e-10,4.984099117571537e-10,12.249968990437496,12.24996899915966
16.8,0.39,9.525971967553443e-09,2.465308211878383e-08,2.2010619034430794e-09,9.53643674944231e-09,2.4680164827838624e-08,2.2034798858622888e-09,9.585516952582502e-09,2.4807183706599038e-08,2.2148203103053884e-09,2.7082709054794517e-11,2.7082709054794517e-11,1.2701887876041341e-10,1.2701887876041341e-10,1.5410158781520793e-10,1.5410158781520793e-10,0.006250804141758563,1.5013415333766713,1.0,0.40635906399495303,1.0010985526647056,1.0,0.0,0.0,action_absolute,0.17347648343049835,1.2093237455368762e-28,0.13268580337603814,0.5459691425520503,6.177732446708047e-27,0.3729068193667717,1.1893186878231288,0.1777839621892827,0.7709150726278873,0.9030842547305761,1.4236281683876784,1.4580718575681215,0.49115380661574654,0.3230784583082524,0.6577948780126474,0.5940441971756418,0.10118359349150746,3.416122381270675e-07,3.414652711839951e-07,-1.4696694307241843e-10,1.4696694307241843e-10,12.249994021786561,12.24999402435848
17.6,0.39,3.484410888318046e-09,7.139226485334225e-09,8.222198924376402e-10,3.4872487590033526e-09,7.145041012440204e-09,8.228895475972678e-10,3.506883785009399e-09,7.185271313112423e-09,8.275228441538902e-10,5.814527105978884e-12,5.814527105978884e-12,4.023030067221956e-11,4.023030067221956e-11,4.6044827778198445e-11,4.6044827778198445e-11,0.006449554146066966,1.559816346703205,1.0,0.44456808785883606,1.0008144477721674,1.0,0.0,0.0,action_absolute,0.12861243706624276,1.372085350547977e-28,0.10702376707827714,0.5253311760113416,1.0452097502090277e-26,0.2679119024066777,0.7319116463917812,0.1320001313909301,0.6787167217905434,0.9037860142270192,1.3366351644987071,1.345257621215382,0.4410367983505292,0.28763048613156583,0.6521689056498219,0.5894211358400495,0.09117840286518317,5.6207073804593766e-08,5.548704728925223e-08,-7.200265153415329e-10,7.200265153415329e-10,12.249999016376224,12.249999028976692
18.4,0.39,0.0,0.0,0.0,1e-30,1e-30,1e-30,1.0058704800739689e-30,1.0058704800739689e-30,1.0058704800739689e-30,1e-30,1e-30,5.870480073968777e-33,5.870480073968777e-33,1.0058704800739689e-30,1.0058704800739689e-30,1.0058704800739688,1.5896510516836373,1.0,0.463514527796402,1.0,1.0,0.0,0.0,action_absolute,0.0,0.0,0.09421603304878111,0.0,0.0,0.20297833384972,0.5093420730458487,0.0,0.0,-0.0,1.10148916692486,1.2702190003210754,0.0,0.0,0.0,-0.0,-0.0,5.6207073804593766e-08,5.548704728925223e-08,-7.200265153415329e-10,7.200265153415329e-10,12.249999016376224,12.249999028976692
19.200000000000003,0.39,0.0,0.0,0.0,1e-30,1e-30,1e-30,1.0057161736535278e-30,1.0057161736535278e-30,1.0057161736535278e-30,1e-30,1e-30,5.716173653527695e-33,5.716173653527695e-33,1.0057161736535278e-30,1.0057161736535278e-30,1.0057161736535276,1.5704009692603986,1.0,0.4513309811859851,1.0,1.0,0.0,0.0,action_absolute,0.0,0.0,0.10217329191624851,0.0,0.0,0.26851220272081255,0.7341536078101636,0.0,0.0,-0.0,1.1342561013604062,1.3459310085035026,0.0,0.0,0.0,-0.0,-0.0,5.6207073804593766e-08,5.548704728925223e-08,-7.200265153415329e-10,7.200265153415329e-10,12.249999016376224,12.249999028976692
20.0,0.39,0.0,0.0,0.0,1e-30,1e-30,1e-30,1.0055641423643005e-30,1.0055641423643005e-30,1.0055641423643005e-30,1e-30,1e-30,5.564142364300414e-33,5.564142364300414e-33,1.0055641423643005e-30,1.0055641423643005e-30,1.0055641423643005,1.5516627094173834,1.0,0.43932707173589636,1.0,1.0,0.0,0.0,action_absolute,0.0,0.0,0.11002090405486509,0.0,0.0,0.3261537967964966,0.9680363122799913,0.0,0.0,-0.0,1.1630768983982482,1.409016545507328,0.0,0.0,0.0,-0.0,-0.0,5.6207073804593766e-08,5.548704728925223e-08,-7.200265153415329e-10,7.200265153415329e-10,12.249999016376224,12.249999028976692
4.0,0.5800000000000001,0.00016593300264469287,0.0014838405094366235,0.0003402200273142987,0.00016602956934923447,0.0014847040482491433,0.00034041802244687123,0.00016655017006845312,0.0014893594719689958,0.0003414854339207157,8.635388125198106e-07,8.635388125198106e-07,4.655423719852501e-06,4.655423719852501e-06,5.518962532372312e-06,5.518962532372312e-06,0.003719377181896538,1.280917082806759,1.0,0.24757629233153006,1.0005819620148042,1.0,0.0,0.0,action_absolute,0.09189975780126979,6.174147444636194e-32,0.07718149434815945,0.7296846177516892,2.877574286123232e-29,0.052928468881864164,0.11177290657100736,0.09029178776792637,0.8812104686253469,0.7587964704957652,1.2693397985392503,1.0767321020559757,0.5356450572479634,0.38283193923266645,0.7147119796075034,0.5423209275472148,0.02581841684395569,2.4817186502014303,2.4816913632114077,-2.7286990022634683e-05,2.7286990022634683e-05,7.313220238710028,7.312851282788461
4.8,0.5800000000000001,0.00019588331934337569,0.0015684959230168687,0.00015190541897144576,0.00019601993120815428,0.0015695898147972368,0.00015201136001137314,0.00019678381215500423,0.0015757064364412888,0.00015260374151514038,1.0938917803680545e-06,1.0938917803680545e-06,6.1166216440520105e-06,6.1166216440520105e-06,7.210513424420065e-06,7.210513424420065e-06,0.004597087769632997,1.3602809677586774,1.0,0.30769127235057525,1.0006974144875456,1.0,0.0,0.0,action_absolute,0.11013128153060889,3.02112295003488e-31,0.07111786048012514,0.7487351990015543,2.993847761218537e-29,0.3330127461264275,0.9985580509745398,0.1957340473559828,1.0295963875021603,0.8336176519611008,1.4728389817777496,1.4163259993902102,0.5496746608125175,0.3964528123674694,0.7212499331539882,0.6012466757529286,0.10018363314202235,13.764250791323446,13.76374020294899,-0.0005105883744569439,0.0005105883744569439,955.4668601921403,955.3879487876069
5.6,0.5800000000000001,0.0001571565360950142,0.0013021795653970398,5.952772796673076e-05,0.00015732529598015707,0.0013035778888734425,5.9591650809420596e-05,0.00015803874361548648,0.0013094894274883247,5.9861890392257424e-05,1.398323476402676e-06,1.398323476402676e-06,5.911538614882233e-06,5.911538614882233e-06,7.309862091284909e-06,7.309862091284909e-06,0.005613559209137261,1.4305484675437201,1.0,0.35805791447458585,1.001073833066929,1.0,0.0,0.0,action_absolute,0.16957292101436633,1.1189135375723527e-31,0.1092096338293002,0.7674949986543215,3.368047388161654e-29,0.04896323098045846,0.10296811348511037,0.28060102967778355,1.1143657655370731,0.8789986935759805,1.3732233142939434,1.0711593535980681,0.5468235269197911,0.39797441281813845,0.7277931420761893,0.6397292210785284,0.028399016466254003,57.98441234989971,57.97842039116017,-0.005991958739542724,0.005991958739542724,20011.223256146764,20006.985337242808
6.4,0.5800000000000001,0.00010403279180139791,0.0006722757578882074,2.7226587873248646e-05,0.00010417143839088711,0.0006731717132827853,2.726287329332331e-05,0.00010468649449768039,0.0006765000843526536,2.7397669448539747e-05,8.959553945779011e-07,8.959553945779011e-07,3.328371069868225e-06,3.328371069868225e-06,4.224326464446126e-06,4.224326464446126e-06,0.006283621586647466,1.4775528482269376,1.0,0.3903872383399466,1.0013327200692055,1.0,0.0,0.0,action_absolute,0.2104547177672227,7.238241325370977e-31,0.1316552460415761,0.7152911951750737,4.4904440372978883e-29,0.23684225745303278,0.6206901777936342,0.28047183716500834,1.0740896380316576,0.901033589435667,1.457061497525683,1.309910589913548,0.5249813542953385,0.37265560167463585,0.7098454042712365,0.6395945525549245,0.09346821481203507,59.89404198785138,59.88888590104017,-0.005156086811211935,0.005156086811211935,21384.70592547825,21380.9360871556
7.2,0.5800000000000001,7.600596946658674e-05,0.00012096548172608188,1.7567967055044743e-05,7.610417503629727e-05,0.00012112177845029432,1.759066622229969e-05,7.648992711073223e-05,0.00012173571293252435,1.7679828689177607e-05,1.5629672421243763e-07,1.5629672421243763e-07,6.139344822300301e-07,6.139344822300301e-07,7.702312064424677e-07,7.702312064424677e-07,0.006367363610278542,1.4921401916441892,1.0,0.40021145959540433,1.0012920770618379,1.0,0.0,0.0,action_absolute,0.20403663129698127,1.896707443903708e-30,0.14069871838435052,0.6301155460004444,8.300514770714761e-29,0.5397550802947837,2.3455123877977533,0.05673892634684577,0.591936517109107,0.9103279139398052,1.43204640101138,1.6204236024415644,0.5085809002029982,0.34706011787658436,0.68240887091524,0.6212158439142883,0.10022512812546151,3.5328005746123075,3.5324991125042886,-0.0003014621080188462,0.0003014621080188462,28.430239319166184,28.422202905197363
8.0,0.5800000000000001,6.313930858617432e-05,8.591082932490227e-05,1.349297177222348e-05,6.322631384338836e-05,8.60292134816227e-05,1.351156493559368e-05,6.353254445703882e-05,8.644588776223313e-05,1.3577006910146455e-05,1.1838415672043299e-07,1.1838415672043299e-07,4.166742806104224e-07,4.166742806104224e-07,5.350584373308554e-07,5.350584373308554e-07,0.006228067422179596,1.4658274448318904,1.0,0.38241989178356733,1.0013779887547438,1.0,0.0,0.0,action_absolute,0.21760326205552571,2.314661899780474e-30,0.1520636193182569,0.6058619607103518,9.732597906015618e-29,0.5891268740470006,2.8676826827286432,0.04473497088292337,0.5580450513598044,0.9133806516557884,1.4452584425841821,1.665287061215118,0.5340456094429403,0.3605063293895042,0.6750478292772525,0.6165756262040822,0.09391703019000432,2.3263363027237887,2.3257160041968823,-0.000620298526906371,0.000620298526906371,5.363118410899866,5.355938252664015
8.8,0.5800000000000001,2.2146857658873487e-05,5.848230792059077e-05,7.04775031939265e-06,2.2167119305194535e-05,5.8535812027465764e-05,7.054198142669889e-06,2.2289841566398796e-05,5.8859879720454395e-05,7.093251802964327e-06,5.3504106874991666e-08,5.3504106874991666e-08,3.240676929886307e-07,3.240676929886307e-07,3.775717998636224e-07,3.775717998636224e-07,0.006456171332641351,1.5482467554553723,1.0,0.43712316521321565,1.0009148768025304,1.0,0.0,0.0,action_absolute,0.14447155386734584,1.1961527373686372e-30,0.11517223325097901,0.5937428247516305,1.2483365522276649e-28,0.1526414316992487,0.36027589124483117,0.08885835383790645,0.7386124264867792,0.9135092967834035,1.2831884109307958,1.2087482232265034,0.4659139786380728,0.3128373898256255,0.6714488170972888,0.6133747367325924,0.06882897696388061,1.5836854146976476,1.5836564873147791,-2.8927382868415563e-05,2.8927382868415563e-05,0.21087707232904246,0.2108106583300229
9.600000000000001,0.5800000000000001,1.0975147149201867e-05,4.3579838227844995e-05,3.956029603160251e-06,1.0985331389578778e-05,4.362027755335614e-05,3.9597005476923875e-06,1.1046127039011317e-05,4.386168338885051e-05,3.981614548992677e-06,4.043932551114362e-08,4.043932551114362e-08,2.414058354943742e-07,2.414058354943742e-07,2.818451610055178e-07,2.818451610055178e-07,0.006467329216138188,1.5480056645464257,1.0,0.4369674344285572,1.0009279365678165,1.0,0.0,0.0,action_absolute,0.14653386933846654,1.0543896952393393e-30,0.11485685465158924,0.5829075319022637,1.5205403539576656e-28,0.1066533286499557,0.23877254389671365,0.18728807642891,0.8851615233941379,0.9126874966874371,1.3214390642807399,1.1497013156171452,0.46541039137349915,0.3110229143943203,0.6682766868965749,0.6099277764582092,0.052512325943799655,0.9999999954199661,0.9999999954174241,-2.5419666371817584e-12,2.5419666371817584e-12,1.000000022900169,1.000000022912879
10.4,0.5800000000000001,7.4220667591848335e-06,2.9967975434604077e-05,2.109988192023306e-06,7.429857184987282e-06,2.9999430728209995e-05,2.1122028994609154e-06,7.469441136380951e-06,3.0159258296656752e-05,2.123456054780612e-06,3.145529360591736e-08,3.145529360591736e-08,1.5982756844675714e-07,1.5982756844675714e-07,1.912828620526745e-07,1.912828620526745e-07,0.006382909064714456,1.5229622419775668,1.0,0.42065728173279693,1.001049630251952,1.0,0.0,0.0,action_absolute,0.1657509656669264,2.335944855197686e-30,0.12533762689732517,0.5770575811212877,1.8818072717712383e-28,0.19108966093919896,0.472461907610346,0.220824975839357,0.9172112454606637,0.911543289876266,1.3800538857946045,1.2559774722814012,0.48447216409851757,0.32294051660567286,0.6665821909636129,0.6076185233239011,0.07885407221893771,0.4952546006122621,0.4951730906531754,-8.150995908673409e-05,8.150995908673409e-05,5.116026485707982,5.11694834923829
11.2,0.5800000000000001,4.558508610097314e-06,1.6473385567782725e-05,7.956066873864388e-07,4.563825302686643e-06,1.6492598853192645e-05,7.965346216168312e-07,4.587239417029144e-06,1.6577211994525274e-05,8.006211392793979e-07,1.92132854099203e-08,1.92132854099203e-08,8.461314133262912e-08,8.461314133262912e-08,1.0382642674254942e-07,1.0382642674254942e-07,0.006302676903623533,1.499419168235305,1.0,0.40507781194222237,1.0011663228139027,1.0,0.0,0.0,action_absolute,0.18417831643495058,4.35670804262992e-30,0.1353663151635882,0.5744379545210921,2.5787377440158254e-28,0.26361689275729705,0.7159775670150244,0.25761164719784035,0.9184677042342904,0.9102765545585274,1.4258282842366812,1.3404293458524341,0.5036498001505556,0.3353439105478855,0.665827546139483,0.6060872046300075,0.09311008995441006,0.15211170910040503,0.1520620805695312,-4.962853087384089e-05,4.962853087384089e-05,9.73265741602695,9.733431567202793
12.0,0.5800000000000001,2.510494419358609e-06,8.248759932846803e-06,4.859946757239118e-07,2.513639902617101e-06,8.259095082796556e-06,4.866035948692474e-07,2.5260770817200348e-06,8.299960062965733e-06,4.890112492254736e-07,1.033514994975269e-08,1.033514994975269e-08,4.0864980169177384e-08,4.0864980169177384e-08,5.1200130118930073e-08,5.1200130118930073e-08,0.006207009360891891,1.4779687035454037,1.0,0.3906686474340275,1.001252933778397,1.0,0.0,0.0,action_absolute,0.19785537173664944,7.455237739750507e-30,0.14464355018632655,0.5733934032489537,3.655827806647672e-28,0.324701506182844,0.9616532811955605,0.21985478162960875,0.8771177803699077,0.909309061126976,1.4365938935913012,1.407463712250409,0.5221459156266853,0.34750239199865746,0.6655273585384293,0.6051700575468955,0.10017041801723266,0.038205358125886636,0.038185617463082765,-1.9740662803871545e-05,1.9740662803871545e-05,11.590529041481528,11.590865078027528
12.8,0.5800000000000001,6.987835376805643e-07,2.0494095611429716e-06,2.0546683004976262e-07,6.993111267659195e-07,2.0509568874000705e-06,2.0562195971594882e-07,7.033519531339128e-07,2.0628079224444447e-06,2.068101041696217e-07,1.5473262570989032e-09,1.5473262570989032e-09,1.1851035044374136e-08,1.1851035044374136e-08,1.339836130147304e-08,1.339836130147304e-08,0.006537668973302081,1.5781226258875372,1.0,0.4562359290923607,1.0007550107535539,1.0,0.0,0.0,action_absolute,0.1192265192983133,4.075092181158257e-30,0.10063809092004923,0.5338323800879815,6.464043528667355e-28,0.11428700520012199,0.2580678072267517,0.17569428045847932,0.7916640565541827,0.9085357602813148,1.2989830868532266,1.1597086448540501,0.43407471339189535,0.284087116454483,0.6544659425899357,0.5946057127291746,0.05401593283950331,0.002360313410236169,0.002360643275818008,3.2986558183914494e-07,3.2986558183914494e-07,12.208729334567082,12.208723571652405
13.600000000000001,0.5800000000000001,2.23257213948853e-07,5.624780701442199e-07,8.964772358412812e-08,2.2341592554084074e-07,5.62877930862679e-07,8.971145336323112e-08,2.2471653994345728e-07,5.661547211900596e-07,9.023370802364274e-08,3.9986071845911493e-10,3.9986071845911493e-10,3.2767903273805794e-09,3.2767903273805794e-09,3.6766510458396943e-09,3.6766510458396943e-09,0.006536523361518783,1.5835144599575646,1.0,0.4596467185984162,1.0007108912145795,1.0,0.0,0.0,action_absolute,0.11225944096173093,7.260792632345953e-30,0.09808481357269962,0.5280266688813077,1.1763480693074486e-27,0.11527755794505871,0.2605959846057573,0.14219344601157302,0.6820654711364537,0.9078251856239585,1.2637035082595363,1.1610009932696252,0.4287141058671819,0.2799049152984935,0.6528941116418727,0.5927137180940726,0.05420181471051514,0.00017782275614435032,0.00017784720659699046,2.445045264013899e-08,2.445045264013899e-08,12.2468882993983,12.24688787156973
14.4,0.5800000000000001,1.1133857147543006e-07,2.793325203394674e-07,4.0790044387193164e-08,1.1142865034548547e-07,2.795585153155882e-07,4.082304571871033e-08,1.1205704665810056e-07,2.811350716109376e-07,4.1053265247707743e-08,2.2599497612079116e-10,2.2599497612079116e-10,1.5765562953494225e-09,1.5765562953494225e-09,1.8025512714702137e-09,1.8025512714702137e-09,0.0064530662927453205,1.5609164733916419,1.0,0.4452731317042589,1.0008090535818963,1.0,0.0,0.0,action_absolute,0.12776062068162078,1.8092017369076866e-29,0.10740742647090296,0.532395840800425,1.706913184056574e-27,0.19599958236239193,0.48756089689181237,0.14358465010708318,0.6957040105816507,0.9074340125142986,1.3078219563533795,1.2618790978739667,0.4446009015160165,0.2908026761632466,0.6540757681139578,0.5935305987480207,0.07820301657362877,4.3856205503249375e-05,4.385496252430555e-05,-1.242978943825023e-09,1.242978943825023e-09,12.249232528424734,12.249232550176181
15.200000000000001,0.5800000000000001,4.9709897395962283e-08,1.46776561877834e-07,1.1761015684834395e-08,4.9756272237651207e-08,1.4691349114498797e-07,1.1771987649554834e-08,5.002834198054573e-08,1.4771682133766482e-07,1.1836357456799926e-08,1.3692926715398348e-10,1.3692926715398348e-10,8.033301926768509e-10,8.033301926768509e-10,9.402594598308344e-10,9.402594598308344e-10,0.006406059985336332,1.5399344597018174,1.0,0.4317398568847099,1.0009329096240036,1.0,0.0,0.0,action_absolute,0.14731918289413845,3.55323141222148e-29,0.11619019864791928,0.5366835100288477,2.498967429026751e-27,0.26351295792832896,0.7155942817054621,0.20614409899481195,0.819033125761283,0.9071890401412456,1.3880507851531882,1.3403122806873127,0.46015528542026596,0.3015134153076025,0.6552427514381939,0.5944290427367238,0.09130349582090266,1.2108889732566497e-05,1.2107415508157938e-05,-1.4742244085591381e-09,1.4742244085591381e-09,12.249788095346085,12.249788121144787
16.0,0.5800000000000001,2.0151203156635068e-08,5.615562867060873e-08,5.200510171917285e-09,2.0171684186679152e-08,5.6212703432299494e-08,5.205795801973599e-09,2.0278676161116303e-08,5.651085940544542e-08,5.233407694278437e-09,5.707476169076689e-11,5.707476169076689e-11,2.9815597314592935e-10,2.9815597314592935e-10,3.5523073483669623e-10,3.5523073483669623e-10,0.006325825981227422,1.520124718640573,1.0,0.4187923832293445,1.0010163676027126,1.0,0.0,0.0,action_absolute,0.16049833863771815,6.991421951798237e-29,0.12459912372608362,0.5426649111009035,4.065771227708545e-27,0.3217878591111364,0.9489298103375201,0.18083051406094844,0.7871454402130791,0.906093590923559,1.4028879181240752,1.4043428740235022,0.4760490655578193,0.3127084632839413,0.6568828423547464,0.5951973334452862,0.09827304947675192,1.7724645713912186e-06,1.7719662205241635e-06,-4.983508670550935e-10,4.983508670550935e-10,12.249968981889634,12.249968990610766
16.8,0.5800000000000001,9.525971967553443e-09,2.4653082118783826e-08,2.201061903443079e-09,9.53643674944231e-09,2.468016482783862e-08,2.2034798858622884e-09,9.585516952582502e-09,2.4807183706599034e-08,2.214820310305388e-09,2.7082709054794517e-11,2.7082709054794517e-11,1.2701887876041341e-10,1.2701887876041341e-10,1.5410158781520793e-10,1.5410158781520793e-10,0.006250804141758564,1.5013415333766713,1.0,0.40635906399495303,1.0010985526647056,1.0,0.0,0.0,action_absolute,0.1734764834304983,1.2093237455368766e-28,0.13268580337603814,0.5459691425520503,6.177732446708049e-27,0.3729068193667717,1.1893186878231288,0.1777839621892827,0.7709150726278875,0.903084254730576,1.4236281683876784,1.4580718575681215,0.49115380661574654,0.3230784583082524,0.6577948780126474,0.5940441971756417,0.10118359349150745,3.416122381270674e-07,3.41465271183995e-07,-1.4696694307241843e-10,1.4696694307241843e-10,12.249994021786561,12.24999402435848
17.6,0.5800000000000001,3.484410888318046e-09,7.139226485334223e-09,8.222198924376402e-10,3.4872487590033526e-09,7.145041012440202e-09,8.228895475972678e-10,3.506883785009399e-09,7.1852713131124215e-09,8.275228441538902e-10,5.814527105978884e-12,5.814527105978884e-12,4.023030067221956e-11,4.023030067221956e-11,4.6044827778198445e-11,4.6044827778198445e-11,0.006449554146066968,1.559816346703205,1.0,0.44456808785883606,1.0008144477721674,1.0,0.0,0.0,action_absolute,0.12861243706624276,1.3720853505479772e-28,0.10702376707827714,0.5253311760113416,1.0452097502090278e-26,0.2679119024066777,0.7319116463917812,0.1320001313909301,0.6787167217905432,0.9037860142270192,1.3366351644987071,1.345257621215382,0.44103679835052917,0.28763048613156583,0.652168905649822,0.5894211358400495,0.09117840286518317,5.6207073804593766e-08,5.548704728925223e-08,-7.200265153415329e-10,7.200265153415329e-10,12.249999016376224,12.249999028976692
18.4,0.5800000000000001,1.7949803590232282e-09,1.9969300124387082e-09,3.8732741948561017e-10,1.796151055786763e-09,1.9982324219557905e-09,3.875800367101612e-10,1.8066953247695973e-09,2.0099630055720405e-09,3.898553175927363e-10,1.3024095170822066e-12,1.3024095170822066e-12,1.1730583616250023e-11,1.1730583616250023e-11,1.303299313333223e-11,1.303299313333223e-11,0.006526514726180095,1.5896510516836373,1.0,0.463514527796402,1.0006522058905267,1.0,0.0,0.0,action_absolute,0.10299222604095098,1.5929984900300025e-28,0.09421603304878111,0.5139240325215798,1.686044268142297e-26,0.20297833384972,0.5093420730458487,0.0,0.5139240325215797,0.9043734450498737,1.229970175055255,1.2702190003210754,0.41792377909475464,0.27128778987899543,0.649132218479215,0.5870579407189149,0.07894833438248254,5.6207073804593766e-08,5.548704728925223e-08,-7.200265153415329e-10,7.200265153415329e-10,12.249999016376224,12.249999028976692
19.200000000000003,0.5800000000000001,0.0,0.0,0.0,1e-30,1e-30,1e-30,1.0057161736535278e-30,1.0057161736535278e-30,1.0057161736535278e-30,1e-30,1e-30,5.716173653527695e-33,5.716173653527695e-33,1.0057161736535278e-30,1.0057161736535278e-30,1.0057161736535276,1.5704009692603986,1.0,0.4513309811859851,1.0,1.0,0.0,0.0,action_absolute,0.0,0.0,0.10217329191624851,0.0,0.0,0.26851220272081255,0.7341536078101636,0.0,0.0,-0.0,1.1342561013604062,1.3459310085035026,0.0,0.0,0.0,-0.0,-0.0,5.6207073804593766e-08,5.548704728925223e-08,-7.200265153415329e-10,7.200265153415329e-10,12.249999016376224,12.249999028976692
20.0,0.5800000000000001,0.0,0.0,0.0,1e-30,1e-30,1e-30,1.0055641423643005e-30,1.0055641423643005e-30,1.0055641423643005e-30,1e-30,1e-30,5.564142364300414e-33,5.564142364300414e-33,1.0055641423643005e-30,1.0055641423643005e-30,1.0055641423643005,1.5516627094173834,1.0,0.43932707173589636,1.0,1.0,0.0,0.0,action_absolute,0.0,0.0,0.11002090405486509,0.0,0.0,0.3261537967964966,0.9680363122799913,0.0,0.0,-0.0,1.1630768983982482,1.409016545507328,0.0,0.0,0.0,-0.0,-0.0,5.6207073804593766e-08,5.548704728925223e-08,-7.200265153415329e-10,7.200265153415329e-10,12.249999016376224,12.249999028976692
4.0,0.77,0.00016751531265838838,0.0014877342575363118,0.00033858713072771495,0.00016761290527478244,0.001488600995486341,0.00033878438794223873,0.00016813847068688584,0.0014932686384364331,0.0003398466770074581,8.667379500291832e-07,8.667379500291832e-07,4.667642950092121e-06,4.667642950092121e-06,5.534380900121304e-06,5.534380900121304e-06,0.0037200063600647602,1.280917082806759,1.0,0.24757629233153006,1.000582589226294,1.0,0.0,0.0,action_absolute,0.09199880306975451,6.176494009706845e-32,0.07718149434815945,0.7305470830657413,2.877469029129853e-29,0.052928468881864164,0.11177290657100736,0.09029178776792637,0.8820335834498795,0.7588008908473142,1.2695455772453834,1.0767321020559757,0.5364584592089878,0.3835708045628055,0.7150056038418774,0.5425468891560383,0.025829174258451423,2.5188117453708645,2.5187837899663803,-2.7955404484192314e-05,2.7955404484192314e-05,7.823373259873752,7.822982304322111
4.8,0.77,0.00019601841281511177,0.0015685832784841207,0.00015184534086120196,0.00019615511942205294,0.0015696772353967728,0.000151951240409264,0.0001969195271913551,0.0015757941977150099,0.00015254338762961782,1.0939569126521692e-06,1.0939569126521692e-06,6.116962318237053e-06,6.116962318237053e-06,7.210919230889222e-06,7.210919230889222e-06,0.004597090463604748,1.3602809677586774,1.0,0.30769127235057525,1.0006974171710599,1.0,0.0,0.0,action_absolute,0.11013170529418956,3.021166022567764e-31,0.07111786048012514,0.7487087256679691,2.9938096927737833e-29,0.3330127461264275,0.9985580509745398,0.1957340473559828,1.029549338188574,0.8336507253807391,1.472827219449353,1.4163259993902102,0.5497110230148701,0.39647400290906915,0.7212407725328518,0.6012628931961765,0.10018633539793556,13.776532908411212,13.77602146613723,-0.0005114422739822544,0.0005114422739822544,957.3660427061604,957.2869208143093
5.6,0.77,0.00015716428993941075,0.0013021747334724565,5.952583158434521e-05,0.00015733305705479327,0.0013035730426785546,5.9589751975492e-05,0.00015804653988548217,0.0013094845593166387,5.985998294738951e-05,1.3983092060981198e-06,1.3983092060981198e-06,5.91151663808403e-06,5.91151663808403e-06,7.30982584418215e-06,7.30982584418215e-06,0.0056135522033124805,1.4305484675437201,1.0,0.35805791447458585,1.0010738260927312,1.0,0.0,0.0,action_absolute,0.16957181969319962,1.1189120973073842e-31,0.1092096338293002,0.7674873008833811,3.36804571485748e-29,0.04896323098045846,0.10296811348511037,0.28060102967778355,1.1143583549822196,0.879001266901782,1.37322146165523,1.0711593535980681,0.5468249482554217,0.3979739676089307,0.7277904361873359,0.6397287154476687,0.028398994020164877,57.98741018471044,57.98141751271016,-0.005992672000282084,0.005992672000282084,20013.343696329193,20009.105048422643
6.4,0.77,0.00010403318187451477,0.0006722752479888863,2.722651459407748e-05,0.00010417182885337735,0.0006731712018607017,2.7262799882342332e-05,0.00010468688689073905,0.0006764995704019396,2.7397595674591964e-05,8.959538718154077e-07,8.959538718154077e-07,3.3283685412378167e-06,3.3283685412378167e-06,4.224322413053224e-06,4.224322413053224e-06,0.006283620326183805,1.4775528482269376,1.0,0.3903872383399466,1.0013327188149432,1.0,0.0,0.0,action_absolute,0.21045451970204737,7.238239222136847e-31,0.1316552460415761,0.7152903247800396,4.4904440373576616e-29,0.23684225745303278,0.6206901777936342,0.28047183716500834,1.0740888039440537,0.9010336987083872,1.4570612890037822,1.309910589913548,0.5249814217903723,0.372655496103476,0.7098451119138444,0.6395943666978002,0.09346818765149478,59.89419447120301,59.88903831493441,-0.005156156268597556,0.005156156268597556,21384.817417718223,21381.047518786658
7.2,0.77,7.600599302778622e-05,0.00012096547026056667,1.756796279458077e-05,7.610419861967289e-05,0.00012112176695680805,1.75906619544201e-05,7.648995081364579e-05,0.00012173570138078062,1.7679824399665258e-05,1.5629669624137683e-07,1.5629669624137683e-07,6.139344239725677e-07,6.139344239725677e-07,7.702311202139445e-07,7.702311202139445e-07,0.006367363500962893,1.4921401916441892,1.0,0.40021145959540433,1.0012920769530735,1.0,0.0,0.0,action_absolute,0.20403661412160212,1.8967073453183126e-30,0.14069871838435052,0.6301154757324691,8.30051461196152e-29,0.5397550802947837,2.3455123877977533,0.05673892634684577,0.5919364700212614,0.9103279128855146,1.4320463892394186,1.6204236024415644,0.5085809080850586,0.3470601122559025,0.6824088492874721,0.6212158235064702,0.10022512483292445,3.532800881580863,3.5324994190336336,-0.000301462547229292,0.000301462547229292,28.430247502950664,28.422211076117406
8.0,0.77,6.313931035142344e-05,8.591082838921968e-05,1.3492971457122962e-05,6.322631561042157e-05,8.602921254376849e-05,1.351156461992039e-05,6.353254623263047e-05,8.644588681983651e-05,1.357700659294423e-05,1.1838415454880314e-07,1.1838415454880314e-07,4.1667427606802187e-07,4.1667427606802187e-07,5.35058430616825e-07,5.35058430616825e-07,0.006228067411860337,1.4658274448318904,1.0,0.38241989178356733,1.0013779887444743,1.0,0.0,0.0,action_absolute,0.21760326043382916,2.314661888047565e-30,0.1520636193182569,0.6058619550782047,9.732597891744673e-29,0.5891268740470006,2.8676826827286432,0.04473497088292337,0.5580450493789465,0.9133806506450648,1.4452584420889676,1.665287061215118,0.5340456101511604,0.3605063289677364,0.6750478275922835,0.6165756239827774,0.09391702985165433,2.3263362997441352,2.3257160011785536,-0.0006202985655816562,0.0006202985655816562,5.363118376397853,5.355938217737575
8.8,0.77,2.214685772470437e-05,5.8482307832126536e-05,7.0477503040651206e-06,2.216711937106168e-05,5.8535811938857315e-05,7.054198127320711e-06,2.2289841632630596e-05,5.885987963135539e-05,7.093251787530172e-06,5.3504106730779225e-08,5.3504106730779225e-08,3.2406769249807666e-07,3.2406769249807666e-07,3.775717992288559e-07,3.775717992288559e-07,0.006456171331553394,1.5482467554553723,1.0,0.43712316521321565,1.0009148768014484,1.0,0.0,0.0,action_absolute,0.1444715536964674,1.1961527368209804e-30,0.11517223325097901,0.593742823973692,1.248336552252275e-28,0.1526414316992487,0.36027589124483117,0.08885835383790645,0.7386124253724621,0.9135092966591125,1.2831884106522167,1.2087482232265034,0.4659139786019265,0.31283738969451974,0.6714488168679861,0.6133747364396672,0.06882897693101044,1.5836854111193917,1.5836564837337463,-2.8927385645305392e-05,2.8927385645305392e-05,0.21087706411312476,0.21081065010902417
9.600000000000001,0.77,1.0975147130492073e-05,4.357983829417551e-05,3.956029602874588e-06,1.0985331370861473e-05,4.362027761978732e-05,3.9597005474100105e-06,1.1046127020190424e-05,4.386168345564934e-05,3.981614548708737e-06,4.043932561181179e-08,4.043932561181179e-08,2.4140583586202037e-07,2.4140583586202037e-07,2.8184516147383216e-07,2.8184516147383216e-07,0.00646732921704074,1.5480056645464257,1.0,0.4369674344285572,1.000927936568714,1.0,0.0,0.0,action_absolute,0.14653386948019803,1.0543896954172166e-30,0.11485685465158924,0.5829075327366252,1.5205403538404686e-28,0.1066533286499557,0.23877254389671365,0.18728807642891,0.8851615244213833,0.9126874965804395,1.3214390645375511,1.1497013156171452,0.46541039149478264,0.311022914588276,0.6682766871391669,0.6099277766081158,0.05251232595670601,0.9999999984724866,0.9999999984716248,-8.617551117140465e-13,8.617551117140465e-13,1.0000000076375666,1.0000000076418756
10.4,0.77,7.422066822631817e-06,2.9967975633545645e-05,2.1099880989933163e-06,7.42985724851708e-06,2.9999430927425866e-05,2.1122028063378896e-06,7.469441200249216e-06,3.0159258496933986e-05,2.1234559611614562e-06,3.145529388022051e-08,3.145529388022051e-08,1.5982756950811992e-07,1.5982756950811992e-07,1.9128286338834043e-07,1.9128286338834043e-07,0.006382909066911468,1.5229622419775668,1.0,0.42065728173279693,1.0010496302541374,1.0,0.0,0.0,action_absolute,0.16575096601203382,2.335944847553047e-30,0.12533762689732517,0.5770575888050552,1.8818072723859162e-28,0.19108966093919896,0.472461907610346,0.220824975839357,0.9172112499271792,0.911543283563301,1.3800538869112335,1.2559774722814012,0.4844721655900466,0.3229405186741047,0.6665821931808821,0.6076185211369279,0.07885407193512192,0.4952546080067378,0.49517309804842063,-8.1509958317183e-05,8.1509958317183e-05,5.116026402081508,5.116948265595581
11.2,0.77,4.558508374417912e-06,1.6473387120039976e-05,7.956065388971954e-07,4.563825066978148e-06,1.6492600408148543e-05,7.965344729972988e-07,4.587239180111377e-06,1.657721355745867e-05,8.006209898973921e-07,1.921328810856727e-08,1.921328810856727e-08,8.461314931012772e-08,8.461314931012772e-08,1.0382643741869499e-07,1.0382643741869499e-07,0.006302676957818195,1.499419168235305,1.0,0.40507781194222237,1.0011663228678207,1.0,0.0,0.0,action_absolute,0.18417832494934613,4.356708003395978e-30,0.1353663151635882,0.5744380158402492,2.5787377290133707e-28,0.26361689275729705,0.7159775670150244,0.25761164719784035,0.9184677639482618,0.9102765275485039,1.425828299165174,1.3404293458524341,0.5036498085520432,0.33534392502329996,0.6658275637737052,0.6060872026980084,0.09311008965760688,0.15211173791988766,0.15206210939589485,-4.9628523992817364e-05,4.9628523992817364e-05,9.732656966483265,9.733431117533893
12.0,0.77,2.5104954008600457e-06,8.248754488780397e-06,4.859951475504296e-07,2.5136408844066343e-06,8.259089628815076e-06,4.866040671046411e-07,2.526078068367341e-06,8.299954581998628e-06,4.890117237974297e-07,1.0335140034679777e-08,1.0335140034679777e-08,4.086495318355133e-08,4.086495318355133e-08,5.1200093218231106e-08,5.1200093218231106e-08,0.006207008983946763,1.4779687035454037,1.0,0.3906686474340275,1.001252933403308,1.0,0.0,0.0,action_absolute,0.1978553125049771,7.455238005015971e-30,0.14464355018632655,0.5733930501738425,3.6558279398355724e-28,0.324701506182844,0.9616532811955605,0.21985478162960875,0.87711735448078,0.9093091988944986,1.4365937871190193,1.407463712250409,0.5221458496995938,0.3475022951774468,0.6655272571396964,0.6051700570321503,0.10017041793202977,0.03820530762110557,0.038185566955855156,-1.9740665250414513e-05,1.9740665250414513e-05,11.590529901195797,11.59086593779591
12.8,0.77,6.987822254986868e-07,2.0494121097501023e-06,2.0546750395309558e-07,6.99309813853919e-07,2.0509594386956897e-06,2.0562263420470855e-07,7.033506326355187e-07,2.062810488482204e-06,2.0681078255577682e-07,1.547328945587407e-09,1.547328945587407e-09,1.1851049786514174e-08,1.1851049786514174e-08,1.3398378732101581e-08,1.3398378732101581e-08,0.0065376693483749,1.5781226258875372,1.0,0.4562359290923607,1.0007550111264718,1.0,0.0,0.0,action_absolute,0.11922657818716298,4.075093443799968e-30,0.10063809092004923,0.5338322605098711,6.464042583298375e-28,0.11428700520012199,0.2580678072267517,0.17569428045847932,0.7916646581924389,0.9085362197931564,1.2989832372627907,1.1597086448540501,0.43407479902249535,0.284087158384006,0.6544659100775937,0.5946059839253848,0.054015957475856385,0.00236031927791106,0.0023606491460715527,3.2986816049258155e-07,3.2986816049258155e-07,12.208729232055887,12.208723469096189
13.600000000000001,0.77,2.2325985825441142e-07,5.624766617974881e-07,8.96456902950544e-08,2.2341857156101454e-07,5.628765210985688e-07,8.970941856237792e-08,2.2471920136742085e-07,5.661533032190165e-07,9.023166137720921e-08,3.9985930108066193e-10,3.9985930108066193e-10,3.2767821204476485e-09,3.2767821204476485e-09,3.6766414215283104e-09,3.6766414215283104e-09,0.0065365226172744454,1.5835144599575646,1.0,0.4596467185984162,1.0007108904746427,1.0,0.0,0.0,action_absolute,0.1122593241156051,7.260780934765058e-30,0.09808481357269962,0.5280293728253742,1.1763494224873406e-27,0.11527755794505871,0.2605959846057573,0.14219344601157302,0.6820652232564375,0.9078216652159469,1.263703446289532,1.1610009932696252,0.4287147039070741,0.27990561826153676,0.6528948405795935,0.5927120813858667,0.05420166503867155,0.00017782186594988506,0.00017784631601716874,2.4450067283678708e-08,2.4450067283678708e-08,12.246888314974726,12.246887887152898
14.4,0.77,1.113329554828638e-07,2.7935764280474436e-07,4.078601457007699e-08,1.1142303341010611e-07,2.7958366714150975e-07,4.08190139603924e-08,1.1205139804629444e-07,2.811603652793262e-07,4.104921075248999e-08,2.2602433676539656e-10,2.2602433676539656e-10,1.5766981378164737e-09,1.5766981378164737e-09,1.8027224745818702e-09,1.8027224745818702e-09,0.006453098817997524,1.5609164733916419,1.0,0.4452731317042589,1.0008090859247527,1.0,0.0,0.0,action_absolute,0.12776572806079486,1.8092028326602425e-29,0.10740742647090296,0.5324342729791944,1.7069108964473137e-27,0.19599958236239193,0.48756089689181237,0.14358465010708318,0.6957717563015633,0.9074213114209866,1.3078388927833577,1.2618790978739667,0.4446080098107882,0.290811961808576,0.6540861959107233,0.5935317536756729,0.07820316874577712,4.386409455381677e-05,4.386285418626444e-05,-1.240367552327829e-09,1.240367552327829e-09,12.24923239037067,12.249232412076424
15.200000000000001,0.77,4.9707145321880156e-08,1.4679865592490398e-07,1.1755440010425372e-08,4.9753520952811126e-08,1.469356157169872e-07,1.1766407567379696e-08,5.002557565154488e-08,1.477390668879115e-07,1.1830746862461105e-08,1.3695979208322667e-10,1.3695979208322667e-10,8.034511709242926e-10,8.034511709242926e-10,9.404109630075193e-10,9.404109630075193e-10,0.006406127883681674,1.5399344597018174,1.0,0.4317398568847099,1.0009329771530966,1.0,0.0,0.0,action_absolute,0.14732984666108964,3.553131269781293e-29,0.11619019864791928,0.5367937366735732,2.498950246328401e-27,0.26351295792832896,0.7155942817054621,0.20614409899481195,0.819155070875139,0.9071280439674249,1.3880812714316522,1.3403122806873127,0.46016082368784855,0.30153089344715683,0.6552728479374011,0.5944163768144185,0.09130155035239232,1.2112535478347771e-05,1.2111062444251194e-05,-1.4730340965771286e-09,1.4730340965771286e-09,12.249788031546084,12.249788057323958
16.0,0.77,2.02356455963879e-08,5.579354548714013e-08,5.2231408568393254e-09,2.0256163356578734e-08,5.585011687652569e-08,5.228436815944416e-09,2.036360341423505e-08,5.61463496661066e-08,5.256168797715536e-09,5.657138938556293e-11,5.657138938556293e-11,2.9623278958090536e-10,2.9623278958090536e-10,3.528041789664683e-10,3.528041789664683e-10,0.006323386977581237,1.520124718640573,1.0,0.4187923832293445,1.0010139414674517,1.0,0.0,0.0,action_absolute,0.16011521871373405,6.991993917112178e-29,0.12459912372608362,0.5406423257224268,4.067449161057865e-27,0.3217878591111364,0.9489298103375201,0.18083051406094844,0.7829543145781938,0.9065614596517599,1.401840136715354,1.4043428740235022,0.4755164616324404,0.3120941395491134,0.6563266778981726,0.5950004711237578,0.09824054553297298,1.7496810827364944e-06,1.7491806588249712e-06,-5.004239115232668e-10,5.004239115232668e-10,12.249969380600184,12.24996938935759
16.8,0.77,9.224533522575721e-09,2.5277255621321193e-08,2.2567889931008407e-09,9.234762350910603e-09,2.5305284866149086e-08,2.2592914835673756e-09,9.282289957294675e-09,2.5435520986241184e-08,2.270919147849098e-09,2.802924482789329e-11,2.802924482789329e-11,1.302361200920973e-10,1.302361200920973e-10,1.5826536491999059e-10,1.5826536491999059e-10,0.006261176738921563,1.5013415333766713,1.0,0.40635906399495303,1.0011088721516213,1.0,0.0,0.0,action_absolute,0.17510607148618174,1.2129861181711524e-28,0.13268580337603814,0.5471632629446838,6.160512202435792e-27,0.3729068193667717,1.1893186878231288,0.1777839621892827,0.7866680363204087,0.9078948312615304,1.4275664093108087,1.4580718575681215,0.4915357510566308,0.32349222625523033,0.6581255291397109,0.5975087662272032,0.10177371380276233,3.591292815995382e-07,3.5898217932870783e-07,-1.4710227083034832e-10,1.4710227083034832e-10,12.249993715238373,12.249993717812664
17.6,0.77,3.484410888318046e-09,7.139226485334223e-09,8.222198924376402e-10,3.4872487590033526e-09,7.145041012440202e-09,8.228895475972678e-10,3.506883785009399e-09,7.1852713131124215e-09,8.275228441538902e-10,5.814527105978884e-12,5.814527105978884e-12,4.023030067221956e-11,4.023030067221956e-11,4.6044827778198445e-11,4.6044827778198445e-11,0.006449554146066968,1.559816346703205,1.0,0.44456808785883606,1.0008144477721674,1.0,0.0,0.0,action_absolute,0.12861243706624276,1.3720853505479772e-28,0.10702376707827714,0.5253311760113416,1.0452097502090278e-26,0.2679119024066777,0.7319116463917812,0.1320001313909301,0.6787167217905432,0.9037860142270192,1.3366351644987071,1.345257621215382,0.44103679835052917,0.28763048613156583,0.652168905649822,0.5894211358400495,0.09117840286518317,5.6207073804593766e-08,5.548704728925223e-08,-7.200265153415329e-10,7.200265153415329e-10,12.249999016376224,12.249999028976692
18.4,0.77,1.7949803590232282e-09,1.9969300124387082e-09,3.8732741948561017e-10,1.796151055786763e-09,1.9982324219557905e-09,3.875800367101612e-10,1.8066953247695973e-09,2.0099630055720405e-09,3.898553175927363e-10,1.3024095170822066e-12,1.3024095170822066e-12,1.1730583616250023e-11,1.1730583616250023e-11,1.303299313333223e-11,1.303299313333223e-11,0.006526514726180095,1.5896510516836373,1.0,0.463514527796402,1.0006522058905267,1.0,0.0,0.0,action_absolute,0.10299222604095098,1.5929984900300025e-28,0.09421603304878111,0.5139240325215798,1.686044268142297e-26,0.20297833384972,0.5093420730458487,0.0,0.5139240325215797,0.9043734450498737,1.229970175055255,1.2702190003210754,0.41792377909475464,0.27128778987899543,0.649132218479215,0.5870579407189149,0.07894833438248254,5.6207073804593766e-08,5.548704728925223e-08,-7.200265153415329e-10,7.200265153415329e-10,12.249999016376224,12.249999028976692
19.200000000000003,0.77,0.0,0.0,0.0,1e-30,1e-30,1e-30,1.0057161736535278e-30,1.0057161736535278e-30,1.0057161736535278e-30,1e-30,1e-30,5.716173653527695e-33,5.716173653527695e-33,1.0057161736535278e-30,1.0057161736535278e-30,1.0057161736535276,1.5704009692603986,1.0,0.4513309811859851,1.0,1.0,0.0,0.0,action_absolute,0.0,0.0,0.10217329191624851,0.0,0.0,0.26851220272081255,0.7341536078101636,0.0,0.0,-0.0,1.1342561013604062,1.3459310085035026,0.0,0.0,0.0,-0.0,-0.0,5.6207073804593766e-08,5.548704728925223e-08,-7.200265153415329e-10,7.200265153415329e-10,12.249999016376224,12.249999028976692
20.0,0.77,0.0,0.0,0.0,1e-30,1e-30,1e-30,1.0055641423643005e-30,1.0055641423643005e-30,1.0055641423643005e-30,1e-30,1e-30,5.564142364300414e-33,5.564142364300414e-33,1.0055641423643005e-30,1.0055641423643005e-30,1.0055641423643005,1.5516627094173834,1.0,0.43932707173589636,1.0,1.0,0.0,0.0,action_absolute,0.0,0.0,0.11002090405486509,0.0,0.0,0.3261537967964966,0.9680363122799913,0.0,0.0,-0.0,1.1630768983982482,1.409016545507328,0.0,0.0,0.0,-0.0,-0.0,5.6207073804593766e-08,5.548704728925223e-08,-7.200265153415329e-10,7.200265153415329e-10,12.249999016376224,12.249999028976692
4.0,0.96,0.0001691005752478701,0.0014915611052314021,0.00033696459314460806,0.00016919919508339148,0.001492430987020109,0.0003371611116526246,0.0001697297344505469,0.0014971106392547816,0.0003382183107883382,8.698817887068527e-07,8.698817887068527e-07,4.679652234672576e-06,4.679652234672576e-06,5.549534023379429e-06,5.549534023379429e-06,0.003720621303354829,1.280917082806759,1.0,0.24757629233153006,1.000583202247401,1.0,0.0,0.0,action_absolute,0.0920956074828029,6.178784531763195e-32,0.07718149434815945,0.7313892702776418,2.877362109397857e-29,0.052928468881864164,0.11177290657100736,0.09029178776792637,0.8828319704467904,0.7588059787526986,1.269745173994611,1.0767321020559757,0.5372605251665131,0.3842984471074674,0.7152925426418809,0.5427682579138788,0.02583971301986711,2.5561561186195507,2.556127482110571,-2.8636508979662523e-05,2.8636508979662523e-05,8.354356066383906,8.353942218070806
4.8,0.96,0.00019615351697383903,0.0015686703167419318,0.00015178530351236938,0.0001962903183113847,0.0015697643384082734,0.00015189116158139925,0.0001970552529447407,0.0015758816401630692,0.00015248307467723504,1.094021666341559e-06,1.094021666341559e-06,6.117301754795775e-06,6.117301754795775e-06,7.211323421137334e-06,7.211323421137334e-06,0.004597093056567155,1.3602809677586774,1.0,0.30769127235057525,1.0006974197539569,1.0,0.0,0.0,action_absolute,0.11013211316894908,3.0212089088707624e-31,0.07111786048012514,0.7486821431717237,2.9937716391922675e-29,0.3330127461264275,0.9985580509745398,0.1957340473559828,1.029502200979848,0.8336837881063457,1.4728154351471714,1.4163259993902102,0.5497473388494498,0.39649513869134145,0.7212315743467801,0.6012790710033271,0.10018903104942434,13.78881717296351,13.788304875778659,-0.0005122971848514624,0.0005122971848514624,959.2674434069722,959.188110595258
5.6,0.96,0.0001571720437145783,0.0013021699004262175,5.952393531880476e-05,0.00015734081805991206,0.0013035681953599961,5.958785325852032e-05,0.00015805433608564518,0.0013094796900161862,5.98580756200089e-05,1.3982949337786824e-06,1.3982949337786824e-06,5.911494656190078e-06,5.911494656190078e-06,7.30978958996876e-06,7.30978958996876e-06,0.005613545196810469,1.4305484675437201,1.0,0.35805791447458585,1.0010738191178594,1.0,0.0,0.0,action_absolute,0.16957071826560277,1.1189106565898294e-31,0.1092096338293002,0.767479602853294,3.3680440417465187e-29,0.04896323098045846,0.10296811348511037,0.28060102967778355,1.1143509442123047,0.8790038399294478,1.3732196089627513,1.0711593535980681,0.5468263693517318,0.3979735221773836,0.7277877302244682,0.6397282095208445,0.028398971560937233,57.990407957000016,57.984414571684155,-0.005993385315861133,0.005993385315861133,20015.464204623066,20011.22482762639
6.4,0.96,0.0001040335719465217,0.0006722747380877421,2.722644131540246e-05,0.00010417221931475523,0.0006731706904367941,2.7262726471858352e-05,0.00010468727928267986,0.0006764990564493925,2.7397521901143635e-05,8.959523490519386e-07,8.959523490519386e-07,3.3283660125984094e-06,3.3283660125984094e-06,4.224318361650348e-06,4.224318361650348e-06,0.006283619065720435,1.4775528482269376,1.0,0.3903872383399466,1.0013327175606812,1.0,0.0,0.0,action_absolute,0.21045432163692696,7.238237118892753e-31,0.1316552460415761,0.7152894543876718,4.490444037419857e-29,0.23684225745303278,0.6206901777936342,0.28047183716500834,1.0740879698570285,0.9010338079780355,1.4570610804820259,1.309910589913548,0.5249814892840781,0.3726553905319276,0.709844819557583,0.6395941808394505,0.09346816049077541,59.894346953249936,59.88919072752353,-0.005156225726409502,0.005156225726409502,21384.92890929487,21381.158949753895
7.2,0.96,7.600601658901746e-05,0.00012096545879488791,1.7567958534194983e-05,7.610422220308022e-05,0.00012112175546315789,1.759065768661878e-05,7.648997451659122e-05,0.00012173568982887217,1.7679820110231575e-05,1.5629666826997722e-07,1.5629666826997722e-07,6.139343657142785e-07,6.139343657142785e-07,7.702310339842557e-07,7.702310339842557e-07,0.006367363391646197,1.4921401916441892,1.0,0.40021145959540433,1.001292076844308,1.0,0.0,0.0,action_absolute,0.20403659694606754,1.8967072467329944e-30,0.14069871838435052,0.6301154054631962,8.300514453206745e-29,0.5397550802947837,2.3455123877977533,0.05673892634684577,0.591936422932302,0.910327911831958,1.4320463774671788,1.6204236024415644,0.5085809159669752,0.34706010663491993,0.6824088276593068,0.6212158030987913,0.10022512154040986,3.5328011885219555,3.5324997255355175,-0.00030146298643796143,0.00030146298643796143,28.430255686004156,28.42221924630661
8.0,0.96,6.313931211679352e-05,8.591082745550573e-05,1.3492971140633876e-05,6.322631737757689e-05,8.602921160788697e-05,1.3511564302856831e-05,6.353254800834485e-05,8.644588587942214e-05,1.3577006274345005e-05,1.1838415238123905e-07,1.1838415238123905e-07,4.166742715351623e-07,4.166742715351623e-07,5.350584239164014e-07,5.350584239164014e-07,0.006228067401556744,1.4658274448318904,1.0,0.38241989178356733,1.0013779887342205,1.0,0.0,0.0,action_absolute,0.21760325881463502,2.3146618763072735e-30,0.1520636193182569,0.6058619494692741,9.732597877508545e-29,0.5891268740470006,2.8676826827286432,0.04473497088292337,0.5580450474201091,0.9133806496187621,1.4452584415992584,1.665287061215118,0.5340456108622648,0.360506328551625,0.6750478259142605,0.6165756217573003,0.09391702951266884,2.326336297081102,2.3257159984767464,-0.0006202986043555292,0.0006202986043555292,5.3631183455620475,5.355938186473747
8.8,0.96,2.2146857786225498e-05,5.8482307769758606e-05,7.047750281977032e-06,2.216711943262068e-05,5.853581187638371e-05,7.054198105206555e-06,2.22898416945304e-05,5.885987956853592e-05,7.093251765293588e-06,5.3504106625103394e-08,5.3504106625103394e-08,3.240676921522094e-07,3.240676921522094e-07,3.775717987773128e-07,3.775717987773128e-07,0.0064561713307174995,1.5482467554553723,1.0,0.43712316521321565,1.000914876800617,1.0,0.0,0.0,action_absolute,0.1444715535652142,1.1961527362729014e-30,0.11517223325097901,0.5937428235549198,1.2483365523058925e-28,0.1526414316992487,0.36027589124483117,0.08885835383790645,0.7386124246303037,0.9135092963692406,1.283188410466677,1.2087482232265034,0.4659139786146119,0.3128373896455267,0.6714488167445499,0.613374736132273,0.06882897689651662,1.583685409488256,1.5836564821004409,-2.892738781512527e-05,2.892738781512527e-05,0.21087706036792694,0.21081064635943492
9.600000000000001,0.96,1.0975147127036464e-05,4.357983836541372e-05,3.95602958562392e-06,1.0985331367411836e-05,4.362027769112808e-05,3.959700530146643e-06,1.1046127016721697e-05,4.386168352738492e-05,3.981614531349829e-06,4.0439325714356985e-08,4.0439325714356985e-08,2.4140583625683937e-07,2.4140583625683937e-07,2.8184516197119635e-07,2.8184516197119635e-07,0.0064673292178815695,1.5480056645464257,1.0,0.4369674344285572,1.0009279365695503,1.0,0.0,0.0,action_absolute,0.14653386961224188,1.0543896952487455e-30,0.11485685465158924,0.5829075340635298,1.520540353855267e-28,0.1066533286499557,0.23877254389671365,0.18728807642891,0.8851615256495696,0.9126874958988278,1.3214390648445977,1.1497013156171452,0.4654103916929098,0.3110229149002349,0.6682766875249664,0.609927776504725,0.052512325947804486,1.0000000022905233,1.0000000022912263,7.029932191926491e-13,7.029932191926491e-13,0.9999999885473829,0.999999988543868
10.4,0.96,7.422066622450881e-06,2.996797611076026e-05,2.1099881419630517e-06,7.429857048209387e-06,2.999943140547796e-05,2.112202849376425e-06,7.469440998874346e-06,3.015925897753299e-05,2.1234560044292875e-06,3.1455294717698925e-08,3.1455294717698925e-08,1.598275720550294e-07,1.598275720550294e-07,1.9128286677272833e-07,1.9128286677272833e-07,0.006382909078202534,1.5229622419775668,1.0,0.42065728173279693,1.0010496302653686,1.0,0.0,0.0,action_absolute,0.16575096778557152,2.3359448556787084e-30,0.12533762689732517,0.5770575946219046,1.881807269416293e-28,0.19108966093919896,0.472461907610346,0.220824975839357,0.9172112607191568,0.9115432858772285,1.3800538896092278,1.2559774722814012,0.48447216591890213,0.32294051970652043,0.6665821948594232,0.6076185242094136,0.07885407233385565,0.4952546233994157,0.4951731134495292,-8.150994988653792e-05,8.150994988653792e-05,5.1160262280008295,5.116948091403864
11.2,0.96,4.558508117512843e-06,1.6473387644030034e-05,7.956066136589124e-07,4.5638248098747436e-06,1.6492600933115813e-05,7.965345478638922e-07,4.587238921688937e-06,1.6577214085119218e-05,8.006210651480789e-07,1.9213289085779018e-08,1.9213289085779018e-08,8.46131520034045e-08,8.46131520034045e-08,1.0382644108918352e-07,1.0382644108918352e-07,0.006302676980154126,1.499419168235305,1.0,0.40507781194222237,1.0011663228900427,1.0,0.0,0.0,action_absolute,0.18417832845851423,4.356708052338581e-30,0.1353663151635882,0.5744380177994584,2.5787377211559422e-28,0.26361689275729705,0.7159775670150244,0.25761164719784035,0.9184677840687441,0.9102765397777441,1.4258283041952946,1.3404293458524341,0.5036498102811295,0.3353439264583454,0.6658275643371365,0.606087211353452,0.0931100909872986,0.1521117475188424,0.15206211899847505,-4.962852036735632e-05,4.962852036735632e-05,9.73265681675298,9.7334309677411
12.0,0.96,2.5104943204586913e-06,8.248758060828622e-06,4.859951086681578e-07,2.5136398033352082e-06,8.259093207584949e-06,4.866040283059873e-07,2.5260769819469075e-06,8.299958178475812e-06,4.89011684806805e-07,1.033514675632667e-08,1.033514675632667e-08,4.086497089086318e-08,4.086497089086318e-08,5.120011764718985e-08,5.120011764718985e-08,0.006207009257590783,1.4779687035454037,1.0,0.3906686474340275,1.0012529336756046,1.0,0.0,0.0,action_absolute,0.19785535550432762,7.455238221906562e-30,0.14464355018632655,0.5733932192670462,3.6558278246765045e-28,0.324701506182844,0.9616532811955605,0.21985478162960875,0.8771176375719667,0.9093091876423878,1.436593857891816,1.407463712250409,0.5221458797888384,0.3475023405588132,0.6655273057011327,0.6051700937009241,0.10017042400160699,0.03820534071595604,0.03818560005435088,-1.9740661605163745e-05,1.9740661605163745e-05,11.590529337840909,11.590865374370802
12.8,0.96,6.98782114087772e-07,2.0494156478591713e-06,2.0546629356473351e-07,6.993097028556617e-07,2.0509629809330287e-06,2.0562142304855866e-07,7.033505209958807e-07,2.062814051187637e-06,2.0680956440120874e-07,1.5473330738574324e-09,1.5473330738574324e-09,1.185107025460837e-08,1.185107025460837e-08,1.3398403328465803e-08,1.3398403328465803e-08,0.006537670063396771,1.5781226258875372,1.0,0.4562359290923607,1.0007550118373858,1.0,0.0,0.0,action_absolute,0.11922669045020029,4.075092260525554e-30,0.10063809092004923,0.5338337179380851,6.464042585592889e-28,0.11428700520012199,0.2580678072267517,0.17569428045847932,0.7916661241161201,0.9085354055646903,1.298983603743711,1.1597086448540501,0.43407492345810267,0.28408741183095454,0.6544663063411792,0.594605811060108,0.05401594177220776,0.0023603274326774704,0.002360657305331649,3.2987265417838696e-07,3.2987265417838696e-07,12.208729089588074,12.208723326549901
13.600000000000001,0.96,2.2326444265691616e-07,5.624538293146109e-07,8.965029233705036e-08,2.2342315612284075e-07,5.628536645754825e-07,8.971402263126399e-08,2.2472381261824485e-07,5.661303136368251e-07,9.023629224865327e-08,3.998352608716032e-10,3.998352608716032e-10,3.2766490613425834e-09,3.2766490613425834e-09,3.6764843222141866e-09,3.6764843222141866e-09,0.0065365086529755485,1.5835144599575646,1.0,0.4596467185984162,1.0007108765911663,1.0,0.0,0.0,action_absolute,0.11225713172491081,7.260777621677679e-30,0.09808481357269962,0.5280098077086517,1.1763493538416385e-27,0.11527755794505871,0.2605959846057573,0.14219344601157302,0.6820332379477909,0.907828637775891,1.2636954499623705,1.1610009932696252,0.4287114397942616,0.27990122596079514,0.6528895662199254,0.5927118455195273,0.05420164346943291,0.0001778074290506389,0.00017783187219862706,2.4443147988165636e-08,2.4443147988165636e-08,12.246888567588373,12.246888139887615
14.4,0.96,1.1132956876494968e-07,2.793728391653723e-07,4.078358206528348e-08,1.114196461278741e-07,2.7959888125736906e-07,4.081658028456886e-08,1.1204799166165335e-07,2.8117566519443263e-07,4.1046763352073093e-08,2.260420919967629e-10,2.260420919967629e-10,1.5767839370635715e-09,1.5767839370635715e-09,1.8028260290603344e-09,1.8028260290603344e-09,0.006453118472240486,1.5609164733916419,1.0,0.4452731317042589,1.000809105468778,1.0,0.0,0.0,action_absolute,0.12776881432955087,1.809203494446148e-29,0.10740742647090296,0.5324574989568465,1.7069095154424582e-27,0.19599958236239193,0.48756089689181237,0.14358465010708318,0.6958126886253156,0.9074136344908245,1.307849125864296,1.2618790978739667,0.4446123313224836,0.2908175904788945,0.6540924980957408,0.5935324509902388,0.07820326062326864,4.3868866916161274e-05,4.3867628126958885e-05,-1.238789202389289e-09,1.238789202389289e-09,12.249232306856948,12.249232328535083
15.200000000000001,0.96,4.9705482953775916e-08,1.4681200165545e-07,1.1752072069366868e-08,4.97518590605824e-08,1.4694897988530804e-07,1.1763036963320184e-08,5.002390467200774e-08,1.4775250413216177e-07,1.1827357827772877e-08,1.3697822985803e-10,1.3697822985803e-10,8.03524246853729e-10,8.03524246853729e-10,9.40502476711759e-10,9.40502476711759e-10,0.006406168883379197,1.5399344597018174,1.0,0.4317398568847099,1.000933017929825,1.0,0.0,0.0,action_absolute,0.14733628586392866,3.5530707253621927e-29,0.11619019864791928,0.5368603257534034,2.4989398734686393e-27,0.26351295792832896,0.7155942817054621,0.20614409899481195,0.8192287236544278,0.9070911801411686,1.3880996846264744,1.3403122806873127,0.4601641690336159,0.3015414531580154,0.6552910318751637,0.5944087154395664,0.09130037357559223,1.2114737927461139e-05,1.2113265612476238e-05,-1.4723149849003202e-09,1.4723149849003202e-09,12.249787993003558,12.249788018768847
16.0,0.96,2.0114244153738322e-08,5.608903233512769e-08,5.239510957435317e-09,2.013468033306575e-08,5.6146019091097316e-08,5.244834328509854e-09,2.0241476036565716e-08,5.644382136599657e-08,5.272653283794389e-09,5.698675596962685e-11,5.698675596962685e-11,2.9780227489925255e-10,2.9780227489925255e-10,3.547890308688794e-10,3.547890308688794e-10,0.006325461789910049,1.520124718640573,1.0,0.4187923832293445,1.001016005332899,1.0,0.0,0.0,action_absolute,0.16044113128175538,6.995285351625274e-29,0.12459912372608362,0.5413087322506962,4.06529168475683e-27,0.3217878591111364,0.9489298103375201,0.18083051406094844,0.7863184118128737,0.9072165121343778,1.4026811610240237,1.4043428740235022,0.4756946960596452,0.31229820454641904,0.6565097469727966,0.5955964828308835,0.0983389530437124,1.7682630459193035e-06,1.7677645968486173e-06,-4.984490706861929e-10,4.984490706861929e-10,12.249969055416233,12.249969064139082
16.8,0.96,9.280470634419696e-09,2.5161429443196977e-08,2.246447868739097e-09,9.290742719145765e-09,2.5189279360000865e-08,2.2489343485470065e-09,9.338558433962476e-09,2.531891844642549e-08,2.260508708821781e-09,2.7849916803888385e-11,2.7849916803888385e-11,1.2963908642462374e-10,1.2963908642462374e-10,1.5748900322851212e-10,1.5748900322851212e-10,0.006259143725679434,1.5013415333766713,1.0,0.40635906399495303,1.0011068495479067,1.0,0.0,0.0,action_absolute,0.17478667470982806,1.2122868565775928e-28,0.13268580337603814,0.5467997386889124,6.163589550707377e-27,0.3729068193667717,1.1893186878231288,0.1777839621892827,0.7837300268086972,0.9070572320234289,1.4268319069328808,1.4580718575681215,0.49146487466623046,0.3233960810855746,0.6580248106341338,0.5968661633365383,0.1016642592032988,3.5584559683205615e-07,3.556984023007634e-07,-1.47194531292731e-10,1.47194531292731e-10,12.249993772702846,12.249993775278748
17.6,0.96,3.484410888318046e-09,7.139226485334225e-09,8.222198924376402e-10,3.4872487590033526e-09,7.145041012440204e-09,8.228895475972678e-10,3.506883785009399e-09,7.185271313112423e-09,8.275228441538902e-10,5.814527105978884e-12,5.814527105978884e-12,4.023030067221956e-11,4.023030067221956e-11,4.6044827778198445e-11,4.6044827778198445e-11,0.006449554146066966,1.559816346703205,1.0,0.44456808785883606,1.0008144477721674,1.0,0.0,0.0,action_absolute,0.12861243706624276,1.372085350547977e-28,0.10702376707827714,0.5253311760113416,1.0452097502090277e-26,0.2679119024066777,0.7319116463917812,0.1320001313909301,0.6787167217905434,0.9037860142270192,1.3366351644987071,1.345257621215382,0.4410367983505292,0.28763048613156583,0.6521689056498219,0.5894211358400495,0.09117840286518317,5.6207073804593766e-08,5.548704728925223e-08,-7.200265153415329e-10,7.200265153415329e-10,12.249999016376224,12.249999028976692
18.4,0.96,1.7949803590232282e-09,1.9969300124387082e-09,3.8732741948561017e-10,1.796151055786763e-09,1.9982324219557905e-09,3.875800367101612e-10,1.8066953247695973e-09,2.0099630055720405e-09,3.898553175927363e-10,1.3024095170822066e-12,1.3024095170822066e-12,1.1730583616250023e-11,1.1730583616250023e-11,1.303299313333223e-11,1.303299313333223e-11,0.006526514726180095,1.5896510516836373,1.0,0.463514527796402,1.0006522058905267,1.0,0.0,0.0,action_absolute,0.10299222604095098,1.5929984900300025e-28,0.09421603304878111,0.5139240325215798,1.686044268142297e-26,0.20297833384972,0.5093420730458487,0.0,0.5139240325215797,0.9043734450498737,1.229970175055255,1.2702190003210754,0.41792377909475464,0.27128778987899543,0.649132218479215,0.5870579407189149,0.07894833438248254,5.6207073804593766e-08,5.548704728925223e-08,-7.200265153415329e-10,7.200265153415329e-10,12.249999016376224,12.249999028976692
19.200000000000003,0.96,0.0,0.0,0.0,1e-30,1e-30,1e-30,1.0057161736535278e-30,1.0057161736535278e-30,1.0057161736535278e-30,1e-30,1e-30,5.716173653527695e-33,5.716173653527695e-33,1.0057161736535278e-30,1.0057161736535278e-30,1.0057161736535276,1.5704009692603986,1.0,0.4513309811859851,1.0,1.0,0.0,0.0,action_absolute,0.0,0.0,0.10217329191624851,0.0,0.0,0.26851220272081255,0.7341536078101636,0.0,0.0,-0.0,1.1342561013604062,1.3459310085035026,0.0,0.0,0.0,-0.0,-0.0,5.6207073804593766e-08,5.548704728925223e-08,-7.200265153415329e-10,7.200265153415329e-10,12.249999016376224,12.249999028976692
20.0,0.96,0.0,0.0,0.0,1e-30,1e-30,1e-30,1.0055641423643005e-30,1.0055641423643005e-30,1.0055641423643005e-30,1e-30,1e-30,5.564142364300414e-33,5.564142364300414e-33,1.0055641423643005e-30,1.0055641423643005e-30,1.0055641423643005,1.5516627094173834,1.0,0.43932707173589636,1.0,1.0,0.0,0.0,action_absolute,0.0,0.0,0.11002090405486509,0.0,0.0,0.3261537967964966,0.9680363122799913,0.0,0.0,-0.0,1.1630768983982482,1.409016545507328,0.0,0.0,0.0,-0.0,-0.0,5.6207073804593766e-08,5.548704728925223e-08,-7.200265153415329e-10,7.200265153415329e-10,12.249999016376224,12.249999028976692
4.0,1.15,0.00017068871601253627,0.0014953215869773688,0.0003353525771836063,0.00017078836428119546,0.0014961945574391072,0.0003355483564037411,0.00017132388663198796,0.0015008860106889522,0.00033660049859962296,8.729704617383826e-07,8.729704617383826e-07,4.691453249845018e-06,4.691453249845018e-06,5.5644237115834005e-06,5.5644237115834005e-06,0.0037212220836263603,1.280917082806759,1.0,0.24757629233153006,1.00058380114976,1.0,0.0,0.0,action_absolute,0.09219018235254775,6.181019972617072e-32,0.07718149434815945,0.7322110987992148,2.8772534360988044e-29,0.052928468881864164,0.11177290657100736,0.09029178776792637,0.8836057886019614,0.7588119213310857,1.269938628533404,1.0767321020559757,0.5380514218296297,0.3850149370108706,0.7155727526964568,0.5429851353257722,0.02585003796058003,2.593746748934985,2.5937174185395793,-2.933039540575777e-05,2.933039540575777e-05,8.90644562870529,8.906007970779983
4.8,1.15,0.0001962886317540673,0.0015687570380625141,0.0001517253069266722,0.00019642552781059348,0.001569851124104275,0.00015183112352953846,0.00019719098934934957,0.0015759687640590652,0.00015242280265975852,1.0940860417608337e-06,1.0940860417608337e-06,6.11763995479026e-06,6.11763995479026e-06,7.211725996551094e-06,7.211725996551094e-06,0.004597095548624854,1.3602809677586774,1.0,0.30769127235057525,1.0006974222363407,1.0,0.0,0.0,action_absolute,0.11013250517127927,3.021251609159811e-31,0.07111786048012514,0.7486554516206243,2.993733600474572e-29,0.3330127461264275,0.9985580509745398,0.1957340473559828,1.0294549759836706,0.8337168401535624,1.4728036288981272,1.4163259993902102,0.5497836083569774,0.3965162197627721,0.721222338635662,0.6012952092154866,0.10019172010333809,13.80110357132823,13.800590418221082,-0.0005131531071480566,0.0005131531071480566,961.1710611675611,961.0915170029781
5.6,1.15,0.00015717979742039184,0.0013021650662586623,5.9522039170118995e-05,0.00015734857899538833,0.0013035633469181082,5.958595465851517e-05,0.00015806213221584986,0.0013094748195873103,5.9856168410125246e-05,1.3982806594458816e-06,1.3982806594458816e-06,5.91147266920211e-06,5.91147266920211e-06,7.309753328647991e-06,7.309753328647991e-06,0.005613538189632236,1.4305484675437201,1.0,0.35805791447458585,1.0010738121423142,1.0,0.0,0.0,action_absolute,0.1695696167316176,1.118909215419755e-31,0.1092096338293002,0.7674719045643225,3.368042368828786e-29,0.04896323098045846,0.10296811348511037,0.28060102967778355,1.114343533227509,0.8790064126589104,1.3732177562165524,1.0711593535980681,0.5468277902087512,0.39797307652357194,0.7277850241876807,0.6397277032980916,0.02839894908857264,57.993405666741744,57.98741156805556,-0.0059940986861803935,0.0059940986861803935,20017.584781002475,20013.34467482818
6.4,1.15,0.00010403396201761891,0.0006722742281848447,2.7226368037149615e-05,0.00010417260977522118,0.0006731701790111319,2.7262653061797295e-05,0.00010468767167370423,0.0006764985424950822,2.7397448128120324e-05,8.959508262872768e-07,8.959508262872768e-07,3.32836348395022e-06,3.32836348395022e-06,4.224314310237497e-06,4.224314310237497e-06,0.0062836178052567025,1.4775528482269376,1.0,0.3903872383399466,1.0013327163064192,1.0,0.0,0.0,action_absolute,0.21045412357180598,7.238235015636987e-31,0.1316552460415761,0.7152885839979638,4.490444037484425e-29,0.23684225745303278,0.6206901777936342,0.28047183716500834,1.0740871357703772,0.9010339172444118,1.4570608719603628,1.309910589913548,0.5249815567765913,0.37265528496008593,0.7098445272024506,0.6395939949797316,0.09346813332985594,59.89449943424885,59.88934313906408,-0.005156295184768567,0.005156295184768567,21385.04040039587,21381.27038024489
7.2,1.15,7.600604015083764e-05,0.00012096544732917766,1.7567954273543615e-05,7.610424578707719e-05,0.0001211217439694761,1.759065341855152e-05,7.648999822012927e-05,0.00012173567827693192,1.76798158205306e-05,1.5629664029842853e-07,1.5629664029842853e-07,6.139343074558268e-07,6.139343074558268e-07,7.702309477542553e-07,7.702309477542553e-07,0.006367363282328561,1.4921401916441892,1.0,0.40021145959540433,1.0012920767355418,1.0,0.0,0.0,action_absolute,0.20403657977036277,1.8967071481447635e-30,0.14069871838435052,0.6301153351945272,8.300514294450645e-29,0.5397550802947837,2.3455123877977533,0.05673892634684577,0.5919363758443125,0.9103279107768979,1.4320463656951814,1.6204236024415644,0.5085809238493166,0.3470601010143223,0.6824088060313287,0.6212157826902568,0.10022511824775723,3.532801495522055,3.5325000320963977,-0.000301463425657289,0.000301463425657289,28.430263870631965,28.422227418069607
8.0,1.15,6.313931388353274e-05,8.591082651781039e-05,1.3492970825640053e-05,6.322631914610124e-05,8.602921066801587e-05,1.3511563987290168e-05,6.353254978543487e-05,8.644588493499886e-05,1.3577005957249926e-05,1.1838415020547569e-07,1.1838415020547569e-07,4.166742669829904e-07,4.166742669829904e-07,5.350584171884661e-07,5.350584171884661e-07,0.006228067391221545,1.4658274448318904,1.0,0.38241989178356733,1.001377988723935,1.0,0.0,0.0,action_absolute,0.2176032571904063,2.314661864564968e-30,0.1520636193182569,0.6058619438232468,9.732597863210837e-29,0.5891268740470006,2.8676826827286432,0.04473497088292337,0.5580450454295189,0.9133806486124609,1.4452584411016107,1.665287061215118,0.5340456115679116,0.3605063281259025,0.6750478242251391,0.616575619535188,0.09391702917419585,2.3263362939763566,2.3257159953333226,-0.000620298643033923,0.000620298643033923,5.3631183096115675,5.355938150099777
8.8,1.15,2.214685784525374e-05,5.848230769694607e-05,7.047750266219911e-06,2.216711949168262e-05,5.853581180345093e-05,7.0541980894285575e-06,2.2289841753919324e-05,5.885987949519937e-05,7.093251749428239e-06,5.3504106504865374e-08,5.3504106504865374e-08,3.2406769174843895e-07,3.2406769174843895e-07,3.775717982533043e-07,3.775717982533043e-07,0.006456171329795542,1.5482467554553723,1.0,0.43712316521321565,1.0009148767997003,1.0,0.0,0.0,action_absolute,0.1444715534204269,1.1961527357737475e-30,0.11517223325097901,0.5937428229450346,1.248336552336313e-28,0.1526414316992487,0.36027589124483117,0.08885835383790645,0.7386124237174833,0.9135092962103474,1.2831884102384719,1.2087482232265034,0.4659139785999588,0.3128373895519315,0.6714488165647821,0.6133747358613647,0.06882897686611704,1.5836854067913404,1.5836564794011616,-2.892739017879009e-05,2.892739017879009e-05,0.21087705417562647,0.21081064016268333
9.600000000000001,1.15,1.0975147103314057e-05,4.357983838013488e-05,3.9560296052602064e-06,1.0985331343671288e-05,4.362027770587827e-05,3.9597005498025465e-06,1.1046126992849763e-05,4.3861683542216744e-05,3.981614551114514e-06,4.0439325743393275e-08,4.0439325743393275e-08,2.41405836338473e-07,2.41405836338473e-07,2.818451620818663e-07,2.818451620818663e-07,0.0064673292182363985,1.5480056645464257,1.0,0.4369674344285572,1.000927936569903,1.0,0.0,0.0,action_absolute,0.14653386966796092,1.0543896957078929e-30,0.11485685465158924,0.5829075337514771,1.5205403536647929e-28,0.1066533286499557,0.23877254389671365,0.18728807642891,0.8851615257376086,0.9126874965345115,1.3214390648666074,1.1497013156171452,0.4654103916376015,0.3110229148210471,0.6682766874342366,0.6099277768467297,0.05251232597724972,1.0000000023405513,1.000000002341915,1.3637979634495423e-12,1.3637979634495423e-12,0.999999988297243,0.999999988290424
10.4,1.15,7.422066658148895e-06,2.996797601364601e-05,2.1099881413992246e-06,7.429857083927726e-06,2.9999431308192542e-05,2.112202848807132e-06,7.469441034782981e-06,3.0159258879729266e-05,2.1234560038569613e-06,3.1455294546533895e-08,3.1455294546533895e-08,1.5982757153672317e-07,1.5982757153672317e-07,1.9128286608325706e-07,1.9128286608325706e-07,0.00638290907588006,1.5229622419775668,1.0,0.42065728173279693,1.0010496302630585,1.0,0.0,0.0,action_absolute,0.16575096742077647,2.3359448547023915e-30,0.12533762689732517,0.577057592931858,1.881807269937268e-28,0.19108966093919896,0.472461907610346,0.220824975839357,0.9172112583210936,0.9115432859107953,1.380053889009712,1.2559774722814012,0.4844721658897742,0.3229405194508326,0.6665821943717343,0.607618523787239,0.07885407227906768,0.4952546201948884,0.49517311024328586,-8.150995160255414e-05,8.150995160255414e-05,5.116026264241846,5.116948127667553
11.2,1.15,4.558507945503336e-06,1.6473387994894307e-05,7.956066637176635e-07,4.563824637732445e-06,1.649260128463442e-05,7.965345979928659e-07,4.5872387486634846e-06,1.6577214438441244e-05,8.006211155342328e-07,1.921328974011197e-08,1.921328974011197e-08,8.461315380682574e-08,8.461315380682574e-08,1.0382644354693771e-07,1.0382644354693771e-07,0.006302676995109764,1.499419168235305,1.0,0.40507781194222237,1.001166322904922,1.0,0.0,0.0,action_absolute,0.18417833080813112,4.35670808510884e-30,0.1353663151635882,0.5744380191112788,2.5787377158948826e-28,0.26361689275729705,0.7159775670150244,0.25761164719784035,0.918467797540719,0.9102765479660164,1.4258283075632885,1.3404293458524341,0.5036498114394391,0.33534392741958396,0.665827564714391,0.6060872171488352,0.09311009187761378,0.1521117539463142,0.15206212542837433,-4.9628517939881434e-05,4.9628517939881434e-05,9.7326567164934,9.733430867439663
12.0,1.15,2.510495328037432e-06,8.24875582258322e-06,4.859948246617664e-07,2.513640811721373e-06,8.259090965040159e-06,4.866037438556723e-07,2.5260779953224423e-06,8.299955924835187e-06,4.89011398949065e-07,1.0335142456939896e-08,1.0335142456939896e-08,4.0864959795028035e-08,4.0864959795028035e-08,5.120010225196793e-08,5.120010225196793e-08,0.006207009075452771,1.4779687035454037,1.0,0.3906686474340275,1.0012529334943634,1.0,0.0,0.0,action_absolute,0.19785532688385155,7.455237678054537e-30,0.14464355018632655,0.5733931918164403,3.655827919347863e-28,0.324701506182844,0.9616532811955605,0.21985478162960875,0.8771174745944522,0.9093091085329047,1.4365938171474373,1.407463712250409,0.5221458624448468,0.34750232489959265,0.6655272978176641,0.605170033882893,0.10017041410026256,0.038205320027879554,0.038185579363130266,-1.9740664749287595e-05,1.9740664749287595e-05,11.59052969000231,11.59086572659083
12.8,1.15,6.987869942908909e-07,2.0494001751985883e-06,2.054667591201027e-07,6.993145847899471e-07,2.0509474908613476e-06,2.0562188838104958e-07,7.033554311394252e-07,2.062798471609744e-06,2.0681003242252832e-07,1.547315662759353e-09,1.547315662759353e-09,1.1850980748396276e-08,1.1850980748396276e-08,1.339829641115563e-08,1.339829641115563e-08,0.006537667251764202,1.5781226258875372,1.0,0.4562359290923607,1.0007550090419064,1.0,0.0,0.0,action_absolute,0.11922624900578015,4.075090626048208e-30,0.10063809092004923,0.5338309384688805,6.464045736679871e-28,0.11428700520012199,0.2580678072267517,0.17569428045847932,0.7916609183428122,0.9085356473596236,1.298982302300384,1.1597086448540501,0.4340745255628638,0.2840868233849967,0.654465550625487,0.5946052827120992,0.05401589377534203,0.0023602917909310737,0.0023606216454180123,3.2985448693853905e-07,3.2985448693853905e-07,12.208729712267067,12.208723949546137
13.600000000000001,1.15,2.2326504628754285e-07,5.624569606910205e-07,8.964851752866282e-08,2.234237606114396e-07,5.628567992583264e-07,8.971224673341073e-08,2.2472442062587027e-07,5.661334665682054e-07,9.023450601242185e-08,3.998385673058998e-10,3.998385673058998e-10,3.2766673098789502e-09,3.2766673098789502e-09,3.67650587718485e-09,3.67650587718485e-09,0.006536510585037452,1.5835144599575646,1.0,0.4596467185984162,1.000710878512046,1.0,0.0,0.0,action_absolute,0.11225743505807881,7.260772270329575e-30,0.09808481357269962,0.5280144042176392,1.1763500476558172e-27,0.11527755794505871,0.2605959846057573,0.14219344601157302,0.6820383978019674,0.9078257102949417,1.2636967399259147,1.1610009932696252,0.42871233344882004,0.27990234064117264,0.652890805332027,0.592711059095584,0.05420157155342429,0.0001778094091310109,0.00017783385323391954,2.4444102908634507e-08,2.4444102908634507e-08,12.24688853294137,12.246888105223901
14.4,1.15,1.1132302383562819e-07,2.793722809925046e-07,4.079033527350661e-08,1.1141309569720603e-07,2.7959832211639105e-07,4.082333888143855e-08,1.1204140429015843e-07,2.81175102900207e-07,4.105356006371253e-08,2.26041123886438e-10,2.26041123886438e-10,1.5767807838159245e-09,1.5767807838159245e-09,1.8028219077023626e-09,1.8028219077023626e-09,0.006453116613064168,1.5609164733916419,1.0,0.4452731317042589,1.0008091036200277,1.0,0.0,0.0,action_absolute,0.12776852238659248,1.8092221262154753e-29,0.10740742647090296,0.5324317635008772,1.706898290350664e-27,0.19599958236239193,0.48756089689181237,0.14358465010708318,0.6958003123615081,0.9074386346533779,1.307846031798344,1.2618790978739667,0.44460774590970986,0.2908114864547793,0.6540855149964858,0.5935424666749627,0.0782045802801829,4.386869151691531e-05,4.3867452570601226e-05,-1.2389463140854463e-09,1.2389463140854463e-09,12.24923230992634,12.249232331607217
15.200000000000001,1.15,4.969772536692294e-08,1.4680130875622545e-07,1.1764016004544827e-08,4.974409200429903e-08,1.4693827041793494e-07,1.1774991514191236e-08,5.0016095145078734e-08,1.4774173610489454e-07,1.1839377746715846e-08,1.369616617094844e-10,1.369616617094844e-10,8.034656869596054e-10,8.034656869596054e-10,9.404273486690898e-10,9.404273486690898e-10,0.006406123737157818,1.5399344597018174,1.0,0.4317398568847099,1.0009329730291228,1.0,0.0,0.0,action_absolute,0.14732919542924633,3.5533296742157945e-29,0.11619019864791928,0.5366846136752041,2.4989162444577245e-27,0.26351295792832896,0.7155942817054621,0.20614409899481195,0.8191392184055508,0.9072322927890679,1.388077308314255,1.3403122806873127,0.4601576251820758,0.3015150870733361,0.6552430527561771,0.5944576570860948,0.09130789094620842,1.2112973248474918e-05,1.2111500061339511e-05,-1.4731871354068386e-09,1.4731871354068386e-09,12.249788023885175,12.249788049665726
16.0,1.15,2.0119165877670456e-08,5.6102756675483905e-08,5.233263130426666e-09,2.0139608667783813e-08,5.615976186578211e-08,5.238580572533052e-09,2.0246430511503768e-08,5.6457637033285875e-08,5.266366357473783e-09,5.700519029820385e-11,5.700519029820385e-11,2.978751675037666e-10,2.978751675037666e-10,3.5488035780197046e-10,3.5488035780197046e-10,0.00632554225195583,1.520124718640573,1.0,0.4187923832293445,1.0010160853704202,1.0,0.0,0.0,action_absolute,0.16045377030049374,6.994687286908858e-29,0.12459912372608362,0.5415380917654619,4.0653501833273724e-27,0.3217878591111364,0.9489298103375201,0.18083051406094844,0.7864859789681974,0.9070387885450729,1.4027230528128547,1.4043428740235022,0.4757545680736621,0.3123675064253823,0.6565727948554722,0.5955369924373601,0.09832913058306347,1.769128499001359e-06,1.7686300887974845e-06,-4.98410203874465e-10,4.98410203874465e-10,12.249969040270827,12.249969048992993
16.8,1.15,9.259520015784744e-09,2.4922048524967845e-08,2.3106554340027726e-09,9.269736397067241e-09,2.4949545970800666e-08,2.313204868194394e-09,9.31744400079572e-09,2.5077951245923376e-08,2.3251100029757372e-09,2.7497445832821003e-11,2.7497445832821003e-11,1.2840527512270988e-10,1.2840527512270988e-10,1.5590272095553089e-10,1.5590272095553089e-10,0.00625561421242486,1.5013415333766713,1.0,0.40635906399495303,1.0011033381066277,1.0,0.0,0.0,action_absolute,0.17423217012898218,1.2145801153973043e-28,0.13268580337603814,0.5406675176797071,6.163537510326898e-27,0.3729068193667717,1.1893186878231288,0.1777839621892827,0.777435420037646,0.911122478736495,1.425258255240118,1.4580718575681215,0.48978043366205487,0.32145935289764593,0.6563335952277969,0.5980002921619857,0.10185743545278775,3.491069144859379e-07,3.4896005938283245e-07,-1.468551031054409e-10,1.468551031054409e-10,12.249993890629757,12.24999389319972
17.6,1.15,3.4844108883180457e-09,7.139226485334225e-09,8.222198924376402e-10,3.487248759003352e-09,7.145041012440204e-09,8.228895475972678e-10,3.5068837850093984e-09,7.185271313112423e-09,8.275228441538902e-10,5.814527105978884e-12,5.814527105978884e-12,4.023030067221956e-11,4.023030067221956e-11,4.6044827778198445e-11,4.6044827778198445e-11,0.006449554146066966,1.559816346703205,1.0,0.44456808785883606,1.0008144477721674,1.0,0.0,0.0,action_absolute,0.12861243706624276,1.372085350547977e-28,0.10702376707827714,0.5253311760113416,1.0452097502090277e-26,0.2679119024066777,0.7319116463917812,0.1320001313909301,0.6787167217905434,0.9037860142270192,1.3366351644987071,1.345257621215382,0.4410367983505292,0.28763048613156583,0.6521689056498219,0.5894211358400495,0.09117840286518317,5.6207073804593766e-08,5.548704728925223e-08,-7.200265153415329e-10,7.200265153415329e-10,12.249999016376224,12.249999028976692
18.4,1.15,1.7949803590232282e-09,1.9969300124387082e-09,3.8732741948561017e-10,1.796151055786763e-09,1.9982324219557905e-09,3.875800367101612e-10,1.8066953247695973e-09,2.0099630055720405e-09,3.898553175927363e-10,1.3024095170822066e-12,1.3024095170822066e-12,1.1730583616250023e-11,1.1730583616250023e-11,1.303299313333223e-11,1.303299313333223e-11,0.006526514726180095,1.5896510516836373,1.0,0.463514527796402,1.0006522058905267,1.0,0.0,0.0,action_absolute,0.10299222604095098,1.5929984900300025e-28,0.09421603304878111,0.5139240325215798,1.686044268142297e-26,0.20297833384972,0.5093420730458487,0.0,0.5139240325215797,0.9043734450498737,1.229970175055255,1.2702190003210754,0.41792377909475464,0.27128778987899543,0.649132218479215,0.5870579407189149,0.07894833438248254,5.6207073804593766e-08,5.548704728925223e-08,-7.200265153415329e-10,7.200265153415329e-10,12.249999016376224,12.249999028976692
19.200000000000003,1.15,0.0,0.0,0.0,1e-30,1e-30,1e-30,1.0057161736535278e-30,1.0057161736535278e-30,1.0057161736535278e-30,1e-30,1e-30,5.716173653527695e-33,5.716173653527695e-33,1.0057161736535278e-30,1.0057161736535278e-30,1.0057161736535276,1.5704009692603986,1.0,0.4513309811859851,1.0,1.0,0.0,0.0,action_absolute,0.0,0.0,0.10217329191624851,0.0,0.0,0.26851220272081255,0.7341536078101636,0.0,0.0,-0.0,1.1342561013604062,1.3459310085035026,0.0,0.0,0.0,-0.0,-0.0,5.6207073804593766e-08,5.548704728925223e-08,-7.200265153415329e-10,7.200265153415329e-10,12.249999016376224,12.249999028976692
20.0,1.15,0.0,0.0,0.0,1e-30,1e-30,1e-30,1.0055641423643005e-30,1.0055641423643005e-30,1.0055641423643005e-30,1e-30,1e-30,5.564142364300414e-33,5.564142364300414e-33,1.0055641423643005e-30,1.0055641423643005e-30,1.0055641423643005,1.5516627094173834,1.0,0.43932707173589636,1.0,1.0,0.0,0.0,action_absolute,0.0,0.0,0.11002090405486509,0.0,0.0,0.3261537967964966,0.9680363122799913,0.0,0.0,-0.0,1.1630768983982482,1.409016545507328,0.0,0.0,0.0,-0.0,-0.0,5.6207073804593766e-08,5.548704728925223e-08,-7.200265153415329e-10,7.200265153415329e-10,12.249999016376224,12.249999028976692
4.0,1.34,0.00017227966142033398,0.0014990162446540378,0.000333751236390994,0.00017238033924429162,0.001499892248776316,0.0003339462759443922,0.00017292085337645182,0.0015045952964715188,0.0003349933946722096,8.760041222781716e-07,8.760041222781716e-07,4.703047695202821e-06,4.703047695202821e-06,5.579051817480992e-06,5.579051817480992e-06,0.0037218087778418956,1.280917082806759,1.0,0.24757629233153006,1.0005843860100931,1.0,0.0,0.0,action_absolute,0.09228253979438979,6.183201299263742e-32,0.07718149434815945,0.7330125001913349,2.8771429231891344e-29,0.052928468881864164,0.11177290657100736,0.09029178776792637,0.8843552012381466,0.7588189001171098,1.2701259816924502,1.0767321020559757,0.5388313145702636,0.3857203463759128,0.7158461951743432,0.5431976224752131,0.02586015389289904,2.631578497961627,2.6315484608103255,-3.00371513013431e-05,3.00371513013431e-05,9.479909979008855,9.479447570776761
4.8,1.34,0.0001964237570903091,0.0015688434427182862,0.0001516653511057574,0.0001965607478541258,0.00156993759275752,0.00015177112625536392,0.00019732673633937275,0.0015760555696768032,0.00015236257157887707,1.0941500392337364e-06,1.0941500392337364e-06,6.117976919283244e-06,6.117976919283244e-06,7.21212695851698e-06,7.21212695851698e-06,0.004597097939881593,1.3602809677586774,1.0,0.30769127235057525,1.000697424618315,1.0,0.0,0.0,action_absolute,0.11013288131758472,3.0212941236508245e-31,0.07111786048012514,0.7486286511226398,2.9936955766213254e-29,0.3330127461264275,0.9985580509745398,0.1957340473559828,1.02940766330775,0.8337498815379351,1.472791800729147,1.4163259993902102,0.5498198315781759,0.3965372461718981,0.7212130654394495,0.6013113078737521,0.10019440256652463,13.813392089846168,13.81287807980523,-0.0005140100409377624,0.0005140100409377624,963.0768948515962,962.9971389006822
5.6,1.34,0.0001571875510568684,0.0013021602309697738,5.952014313828802e-05,0.00015735633986123908,0.0013035584973528727,5.958405617547663e-05,0.00015806992827611328,0.0013094699480299926,5.985426131773863e-05,1.39826638309885e-06,1.39826638309885e-06,5.911450677119909e-06,5.911450677119909e-06,7.309717060218759e-06,7.309717060218759e-06,0.005613531181776995,1.4305484675437201,1.0,0.35805791447458585,1.001073805166095,1.0,0.0,0.0,action_absolute,0.1695685150912509,1.1189077737972358e-31,0.1092096338293002,0.7674642060164139,3.368040696104277e-29,0.04896323098045846,0.10296811348511037,0.28060102967778355,1.1143361220277939,0.8790089850902472,1.3732159034166236,1.0711593535980681,0.5468292108264858,0.3979726306474925,0.7277823180769563,0.6397271967794528,0.028398926603073006,57.99640331389466,57.990408501783364,-0.00599481211129671,0.00599481211129671,20019.70542543141,20015.464589991967
6.4,1.34,0.00010403435208787475,0.0006722737182801057,2.7226294759302388e-05,0.00010417300023484366,0.0006731696675836271,2.726257965214257e-05,0.00010468806406388096,0.0006764980285389201,2.7397374355505354e-05,8.959493035214225e-07,8.959493035214225e-07,3.328360955293032e-06,3.328360955293032e-06,4.2243102588144545e-06,4.2243102588144545e-06,0.0062836165447931105,1.4775528482269376,1.0,0.3903872383399466,1.001332715052157,1.0,0.0,0.0,action_absolute,0.2104539255066514,7.238232912369127e-31,0.1316552460415761,0.7152877136107867,4.4904440375513653e-29,0.23684225745303278,0.6206901777936342,0.28047183716500834,1.074086301683963,0.901034026507519,1.4570606634387593,1.309910589913548,0.5249816242679175,0.372655179387932,0.7098442348484036,0.6395938091186061,0.09346810616873091,59.8946519142389,59.88949554959534,-0.005156364643561062,0.005156364643561062,21385.151891049827,21381.381810288327
7.2,1.34,7.600606371287709e-05,0.0001209654358632232,1.7567950012952227e-05,7.610426937129354e-05,0.00012112173247554954,1.7590649150544285e-05,7.649002192388783e-05,0.00012173566672474567,1.7679811530889958e-05,1.5629661232633774e-07,1.5629661232633774e-07,6.139342491961281e-07,6.139342491961281e-07,7.702308615224659e-07,7.702308615224659e-07,0.006367363173008969,1.4921401916441892,1.0,0.40021145959540433,1.0012920766267734,1.0,0.0,0.0,action_absolute,0.204036562594359,1.8967070495559077e-30,0.14069871838435052,0.6301152649238909,8.30051413569167e-29,0.5397550802947837,2.3455123877977533,0.05673892634684577,0.5919363287547263,0.9103279097226568,1.4320463539227848,1.6204236024415644,0.5085809317316451,0.3470600953934085,0.6824087844027472,0.621215762281732,0.10022511495510616,3.532801802494156,3.532500338629274,-0.00030146386488194565,0.00030146386488194565,28.430272054514504,28.422235589087308
8.0,1.34,6.313931565229087e-05,8.591082558240335e-05,1.3492970508759048e-05,6.3226320916648e-05,8.60292097304372e-05,1.3511563669833877e-05,6.35325515645571e-05,8.644588399287912e-05,1.3577005638256064e-05,1.1838414803384584e-07,1.1838414803384584e-07,4.1667426244191804e-07,4.1667426244191804e-07,5.350584104757639e-07,5.350584104757639e-07,0.0062280673808977685,1.4658274448318904,1.0,0.38241989178356733,1.001377988713661,1.0,0.0,0.0,action_absolute,0.21760325556797566,2.31466185280399e-30,0.1520636193182569,0.605861938201521,9.732597848944864e-29,0.5891268740470006,2.8676826827286432,0.04473497088292337,0.5580450434646992,0.9133806475859758,1.4452584406104059,1.665287061215118,0.5340456122814372,0.36050632770938124,0.675047822543288,0.6165756173060912,0.093917028834659,2.326336291280967,2.325715992599098,-0.0006202986818690803,0.0006202986818690803,5.363118278401101,5.355938118460831
8.8,1.34,2.2146857907199702e-05,5.848230761854747e-05,7.0477502504623235e-06,2.2167119553663555e-05,5.853581172492331e-05,7.0541980736496474e-06,2.2289841816243398e-05,5.8859879416236996e-05,7.093251733561974e-06,5.350410637583854e-08,5.350410637583854e-08,3.2406769131368743e-07,3.2406769131368743e-07,3.7757179768952597e-07,3.7757179768952597e-07,0.006456171328810225,1.5482467554553723,1.0,0.43712316521321565,1.0009148767987204,1.0,0.0,0.0,action_absolute,0.14447155326567307,1.1961527352536084e-30,0.11517223325097901,0.5937428222744027,1.2483365523651834e-28,0.1526414316992487,0.36027589124483117,0.08885835383790645,0.7386124227298875,0.9135092960609229,1.283188409991573,1.2087482232265034,0.4659139785801463,0.3128373894465296,0.6714488163671085,0.6133747355804572,0.0688289768345954,1.5836854037920298,1.5836564763993282,-2.8927392701660892e-05,2.8927392701660892e-05,0.21087704728900672,0.21081063327135635
9.600000000000001,1.34,1.097514712342376e-05,4.35798383273272e-05,3.956029599315189e-06,1.098533136379151e-05,4.362027765298926e-05,3.959700543849078e-06,1.1046127013081334e-05,4.386168348903503e-05,3.981614545128097e-06,4.043932566206456e-08,4.043932566206456e-08,2.4140583604576553e-07,2.4140583604576553e-07,2.818451617078301e-07,2.818451617078301e-07,0.0064673292174903755,1.5480056645464257,1.0,0.4369674344285572,1.0009279365691612,1.0,0.0,0.0,action_absolute,0.14653386955081296,1.0543896954416593e-30,0.11485685465158924,0.5829075332578755,1.520540353805889e-28,0.1066533286499557,0.23877254389671365,0.18728807642891,0.8851615249852637,0.9126874964153702,1.3214390646785212,1.1497013156171452,0.4654103915533039,0.31102291469791943,0.6682766872907213,0.6099277766361256,0.052512325959117555,1.0000000001069425,1.0000000001069178,-2.4646951146678475e-14,2.4646951146678475e-14,0.9999999994652873,0.9999999994654105
10.4,1.34,7.422066683292962e-06,2.9967975942332868e-05,2.109988140872866e-06,7.429857109085901e-06,2.9999431236754956e-05,2.112202848276729e-06,7.4694410600751906e-06,3.0159258807911083e-05,2.1234560033237324e-06,3.1455294422087814e-08,3.1455294422087814e-08,1.5982757115612755e-07,1.5982757115612755e-07,1.9128286557821536e-07,1.9128286557821536e-07,0.006382909074216404,1.5229622419775668,1.0,0.42065728173279693,1.0010496302614036,1.0,0.0,0.0,action_absolute,0.16575096715943077,2.3359448540029415e-30,0.12533762689732517,0.5770575917210782,1.8818072703105042e-28,0.19108966093919896,0.472461907610346,0.220824975839357,0.9172112566030783,0.9115432859348431,1.3800538885802083,1.2559774722814012,0.4844721658407972,0.3229405192489161,0.6665821940223452,0.6076185234847857,0.07885407223981661,0.4952546178427229,0.49517310788990065,-8.150995282224516e-05,8.150995282224516e-05,5.116026290843232,5.116948154285131
11.2,1.34,4.5585079061044325e-06,1.6473388549208365e-05,7.956065820611202e-07,4.563824598369994e-06,1.6492601839892776e-05,7.96534516255467e-07,4.58723870909909e-06,1.6577214996548282e-05,8.006210333774908e-07,1.9213290684411404e-08,1.9213290684411404e-08,8.461315665550596e-08,8.461315665550596e-08,1.0382644733991737e-07,1.0382644733991737e-07,0.006302677013279505,1.499419168235305,1.0,0.40507781194222237,1.001166322922999,1.0,0.0,0.0,action_absolute,0.18417833366274405,4.356708056540839e-30,0.1353663151635882,0.5744380451886095,2.5787377112613698e-28,0.26361689275729705,0.7159775670150244,0.25761164719784035,0.9184678186239549,0.9102765333800876,1.4258283128340974,1.3404293458524341,0.5036498148648577,0.33534393347736546,0.6658275722137353,0.606087214263599,0.09311009143436966,0.15211176426750533,0.15206213575164668,-4.962851585865735e-05,4.962851585865735e-05,9.732656555497236,9.733430706404633
12.0,1.34,2.5104946310683556e-06,8.248758411778193e-06,4.859948555054508e-07,2.5136401143363703e-06,8.259093558981875e-06,4.866037748265342e-07,2.526077294486865e-06,8.299958531611405e-06,4.890114300731669e-07,1.0335147203682039e-08,1.0335147203682039e-08,4.0864972629530444e-08,4.0864972629530444e-08,5.120011983321248e-08,5.120011983321248e-08,0.006207009258521274,1.4779687035454037,1.0,0.3906686474340275,1.0012529336765306,1.0,0.0,0.0,action_absolute,0.19785535565056056,7.455237879799132e-30,0.14464355018632655,0.5733932928741707,3.655827839750819e-28,0.324701506182844,0.9616532811955605,0.21985478162960875,0.8771176603749923,0.9093091132841704,1.4365938635925724,1.407463712250409,0.5221458960718355,0.34750236243325605,0.6655273268401741,0.605170063435423,0.10017041899192772,0.03820534400723588,0.03818560334397983,-1.9740663256051505e-05,1.9740663256051505e-05,11.590529281815316,11.590865318372499
12.8,1.34,6.987857618056051e-07,2.049403004697858e-06,2.0546715984402822e-07,6.993133516934543e-07,2.0509503234334495e-06,2.056222895014195e-07,7.033541909177364e-07,2.0628013205492844e-06,2.068104358606903e-07,1.5473187355915978e-09,1.5473187355915978e-09,1.1850997115834992e-08,1.1850997115834992e-08,1.339831585142659e-08,1.339831585142659e-08,0.006537667711384025,1.5781226258875372,1.0,0.4562359290923607,1.0007550094988855,1.0,0.0,0.0,action_absolute,0.11922632116904204,4.075091572090517e-30,0.10063809092004923,0.5338310741540279,6.464044880359168e-28,0.11428700520012199,0.2580678072267517,0.17569428045847932,0.7916617090311255,0.9085359274228134,1.2989824999724624,1.1597086448540501,0.43407460863550845,0.28408689376690816,0.6544655875171342,0.594605499521196,0.054015913470991356,0.00236029830672431,0.0023606281642771032,3.298575527934007e-07,3.298575527934007e-07,12.208729598432924,12.208723835658457
13.600000000000001,1.34,2.2326027653039694e-07,5.624688926071745e-07,8.964879024970119e-08,2.234189890048725e-07,5.62868743539676e-07,8.97125202672188e-08,2.2471962124142558e-07,5.661454803831135e-07,9.023478113860527e-08,3.998509325014457e-10,3.998509325014457e-10,3.276736843437536e-09,3.276736843437536e-09,3.6765877759389817e-09,3.6765877759389817e-09,0.006536517528813264,1.5835144599575646,1.0,0.4596467185984162,1.0007108854156326,1.0,0.0,0.0,action_absolute,0.11225852522875363,7.260786570707424e-30,0.09808481357269962,0.5280200178677648,1.1763485914681163e-27,0.11527755794505871,0.2605959846057573,0.14219344601157302,0.6820527031709029,0.9078265178511955,1.2637003162681486,1.1610009932696252,0.4287133888843304,0.2799036785063636,0.6528923186532049,0.5927129601747321,0.054201745401163244,0.00017781695324201976,0.00017784140083569735,2.44475936775877e-08,2.44475936775877e-08,12.246888400936193,12.246887973157644
14.4,1.34,1.1132200550824039e-07,2.7938109279183366e-07,4.078798001323329e-08,1.1141207782561324e-07,2.7960714425706763e-07,4.08209821844031e-08,1.1204038067832959e-07,2.8118397479290563e-07,4.105119007620177e-08,2.2605146523397576e-10,2.2605146523397576e-10,1.5768305358379991e-09,1.5768305358379991e-09,1.8028820010719749e-09,1.8028820010719749e-09,0.0064531281736208935,1.5609164733916419,1.0,0.4452731317042589,1.0008091151157548,1.0,0.0,0.0,action_absolute,0.1277703377190617,1.8092198674284366e-29,0.10740742647090296,0.5324487619568599,1.7068990887588825e-27,0.19599958236239193,0.48756089689181237,0.14358465010708318,0.695825588940341,0.9074306784218721,1.3078523509430522,1.2618790978739667,0.4446108793449305,0.2908155866940934,0.6540901273548859,0.5935414480146929,0.07820444606249281,4.387145895867788e-05,4.387022094202177e-05,-1.2380166561099535e-09,1.2380166561099535e-09,12.249232261497623,12.249232283162238
15.200000000000001,1.34,4.96978704732193e-08,1.4681049173589056e-07,1.1760387509510896e-08,4.974423872824055e-08,1.4694746634377186e-07,1.1771359984628991e-08,5.001624267131398e-08,1.4775098231450606e-07,1.1835726359771409e-08,1.3697460788130244e-10,1.3697460788130244e-10,8.035159707341941e-10,8.035159707341941e-10,9.404905786154965e-10,9.404905786154965e-10,0.0064061537257665635,1.5399344597018174,1.0,0.4317398568847099,1.0009330028546441,1.0,0.0,0.0,action_absolute,0.14733390528679222,3.553258272497372e-29,0.11619019864791928,0.5367477912957755,2.4989136366137626e-27,0.26351295792832896,0.7155942817054621,0.20614409899481195,0.8191942230531922,0.9071911271062632,1.3880910594761655,1.3403122806873127,0.4601604749284071,0.3015248919256597,0.6552603023381607,0.5944463322261467,0.09130615146305972,1.2114488725317218e-05,1.2113016075748143e-05,-1.4726495690741093e-09,1.4726495690741093e-09,12.24978799736456,12.249788023135705
16.0,1.34,2.0122682869662414e-08,5.611256388852416e-08,5.228798524556936e-09,2.0143130380146622e-08,5.6169582241685014e-08,5.23411172823575e-09,2.024997090326665e-08,5.646750949712541e-08,5.261873810124698e-09,5.7018353160855816e-11,5.7018353160855816e-11,2.979272554403946e-10,2.979272554403946e-10,3.549456086012504e-10,3.549456086012504e-10,0.006325599544986073,1.520124718640573,1.0,0.4187923832293445,1.0010161423611676,1.0,0.0,0.0,action_absolute,0.16046276991862768,6.99425883264507e-29,0.12459912372608362,0.541701954482529,4.0653919981264135e-27,0.3217878591111364,0.9489298103375201,0.18083051406094844,0.7866056950592111,0.9069116642859908,1.4027529818356081,1.4043428740235022,0.4757973517398619,0.3124170346996387,0.6566178511864649,0.5954943882194079,0.09832209619936672,1.769747068839483e-06,1.7692486858250497e-06,-4.983830144332249e-10,4.983830144332249e-10,12.249969029445866,12.249969038167562
16.8,1.34,9.352782009881095e-09,2.5011697896849683e-08,2.233079625335666e-09,9.363110358316517e-09,2.5039318505409494e-08,2.2355456321804894e-09,9.411298520256258e-09,2.5168185803649515e-08,2.247051086118828e-09,2.7620608559810706e-11,2.7620608559810706e-11,1.288672982400208e-10,1.288672982400208e-10,1.564879067998315e-10,1.564879067998315e-10,0.006256588714816587,1.5013415333766713,1.0,0.40635906399495303,1.0011043076193276,1.0,0.0,0.0,action_absolute,0.17438526943795363,1.2113960414478354e-28,0.13268580337603814,0.5464254269588575,6.1676467753726905e-27,0.3729068193667717,1.1893186878231288,0.1777839621892827,0.779941435308551,0.9059371661224406,1.4258847590578443,1.4580718575681215,0.49137325089252026,0.3232848578384835,0.6579211571880959,0.5960352286749804,0.10152272603890998,3.5162304044585706e-07,3.5147580767914075e-07,-1.4723276671630623e-10,1.4723276671630623e-10,12.249993846597564,12.249993849174137
17.6,1.34,3.484410888318046e-09,7.139226485334223e-09,8.222198924376402e-10,3.4872487590033526e-09,7.145041012440202e-09,8.228895475972678e-10,3.506883785009399e-09,7.1852713131124215e-09,8.275228441538902e-10,5.814527105978884e-12,5.814527105978884e-12,4.023030067221956e-11,4.023030067221956e-11,4.6044827778198445e-11,4.6044827778198445e-11,0.006449554146066968,1.559816346703205,1.0,0.44456808785883606,1.0008144477721674,1.0,0.0,0.0,action_absolute,0.12861243706624276,1.3720853505479772e-28,0.10702376707827714,0.5253311760113416,1.0452097502090278e-26,0.2679119024066777,0.7319116463917812,0.1320001313909301,0.6787167217905432,0.9037860142270192,1.3366351644987071,1.345257621215382,0.44103679835052917,0.28763048613156583,0.652168905649822,0.5894211358400495,0.09117840286518317,5.6207073804593766e-08,5.548704728925223e-08,-7.200265153415329e-10,7.200265153415329e-10,12.249999016376224,12.249999028976692
18.4,1.34,1.7949803590232282e-09,1.9969300124387082e-09,3.8732741948561017e-10,1.796151055786763e-09,1.9982324219557905e-09,3.875800367101612e-10,1.8066953247695973e-09,2.0099630055720405e-09,3.898553175927363e-10,1.3024095170822066e-12,1.3024095170822066e-12,1.1730583616250023e-11,1.1730583616250023e-11,1.303299313333223e-11,1.303299313333223e-11,0.006526514726180095,1.5896510516836373,1.0,0.463514527796402,1.0006522058905267,1.0,0.0,0.0,action_absolute,0.10299222604095098,1.5929984900300025e-28,0.09421603304878111,0.5139240325215798,1.686044268142297e-26,0.20297833384972,0.5093420730458487,0.0,0.5139240325215797,0.9043734450498737,1.229970175055255,1.2702190003210754,0.41792377909475464,0.27128778987899543,0.649132218479215,0.5870579407189149,0.07894833438248254,5.6207073804593766e-08,5.548704728925223e-08,-7.200265153415329e-10,7.200265153415329e-10,12.249999016376224,12.249999028976692
19.200000000000003,1.34,0.0,0.0,0.0,1e-30,1e-30,1e-30,1.0057161736535278e-30,1.0057161736535278e-30,1.0057161736535278e-30,1e-30,1e-30,5.716173653527695e-33,5.716173653527695e-33,1.0057161736535278e-30,1.0057161736535278e-30,1.0057161736535276,1.5704009692603986,1.0,0.4513309811859851,1.0,1.0,0.0,0.0,action_absolute,0.0,0.0,0.10217329191624851,0.0,0.0,0.26851220272081255,0.7341536078101636,0.0,0.0,-0.0,1.1342561013604062,1.3459310085035026,0.0,0.0,0.0,-0.0,-0.0,5.6207073804593766e-08,5.548704728925223e-08,-7.200265153415329e-10,7.200265153415329e-10,12.249999016376224,12.249999028976692
20.0,1.34,0.0,0.0,0.0,1e-30,1e-30,1e-30,1.0055641423643005e-30,1.0055641423643005e-30,1.0055641423643005e-30,1e-30,1e-30,5.564142364300414e-33,5.564142364300414e-33,1.0055641423643005e-30,1.0055641423643005e-30,1.0055641423643005,1.5516627094173834,1.0,0.43932707173589636,1.0,1.0,0.0,0.0,action_absolute,0.0,0.0,0.11002090405486509,0.0,0.0,0.3261537967964966,0.9680363122799913,0.0,0.0,-0.0,1.1630768983982482,1.409016545507328,0.0,0.0,0.0,-0.0,-0.0,5.6207073804593766e-08,5.548704728925223e-08,-7.200265153415329e-10,7.200265153415329e-10,12.249999016376224,12.249999028976692
4.0,1.53,0.00017387333880179367,0.0015026456270817725,0.0003321607154432916,0.00017397504721278434,0.0015035246100245617,0.00033235501514900884,0.00017452056169589764,0.0015082390473167243,0.00033339714433479594,8.789829427891752e-07,8.789829427891752e-07,4.714437292162614e-06,4.714437292162614e-06,5.593420234951789e-06,5.593420234951789e-06,0.003722381467821222,1.280917082806759,1.0,0.24757629233153006,1.0005849569099643,1.0,0.0,0.0,action_absolute,0.09237269268849638,6.185329482748912e-32,0.07718149434815945,0.7337934177862434,2.8770304892944045e-29,0.052928468881864164,0.11177290657100736,0.09029178776792637,0.8850803758025219,0.758827091095509,1.270307275333544,1.0767321020559757,0.539600367380543,0.38641474918236335,0.7161128356123814,0.5434058199438998,0.025870065605243832,2.669646112893075,2.669615356033369,-3.075685970621578e-05,3.075685970621578e-05,10.075007824903096,10.074519701723364
4.8,1.53,0.00019655889291713153,0.0015689295309817973,0.00015160543605118862,0.00019669597837648298,0.0015700237446408828,0.0001517111697604745,0.0001974624938490563,0.0015761420572902207,0.00015230238143619577,1.0942136590855276e-06,1.0942136590855276e-06,6.118312649337895e-06,6.118312649337895e-06,7.2125263084234226e-06,7.2125263084234226e-06,0.004597100230441836,1.3602809677586774,1.0,0.30769127235057525,1.0006974268999838,1.0,0.0,0.0,action_absolute,0.11013324162427973,3.021336452559745e-31,0.07111786048012514,0.748601741785833,2.993657567633182e-29,0.3330127461264275,0.9985580509745398,0.1957340473559828,1.02936026305976,0.8337829122749575,1.4727799506671495,1.4163259993902102,0.5498560085537688,0.39655821796729324,0.7212037547981345,0.601327367019223,0.10019707844583225,13.825682714850911,13.82516784686463,-0.0005148679862809757,0.0005148679862809757,964.9849433134043,964.9049751422413
5.6,1.53,0.00015719530462393548,0.0013021553945598374,5.951824722330873e-05,0.00015736410065739177,0.0013035536466645759,5.9582157809401614e-05,0.00015807772426636255,0.0013094650753445207,5.985235434284595e-05,1.3982521047384549e-06,1.3982521047384549e-06,5.911428679944777e-06,5.911428679944777e-06,7.309680784683232e-06,7.309680784683232e-06,0.005613524173245157,1.4305484675437201,1.0,0.35805791447458585,1.0010737981892024,1.0,0.0,0.0,action_absolute,0.16956741334453643,1.1189063317223338e-31,0.1092096338293002,0.767456507209771,3.368039023572999e-29,0.04896323098045846,0.10296811348511037,0.28060102967778355,1.1143287106132855,0.8790115572234122,1.3732140505629964,1.0711593535980681,0.5468306312049689,0.3979721845492114,0.727779611892369,0.6397266899649617,0.02839890410443983,57.99940089845018,57.99340537285903,-0.005995525591153239,0.005995525591153239,20021.826137896765,20017.58457310468
6.4,1.53,0.00010403474215719093,0.000672273208373244,2.722622148192537e-05,0.00010417339069352421,0.0006731691561539979,2.7262506242958863e-05,0.0001046884564531111,0.0006764975145806232,2.7397300583363726e-05,8.959477807538333e-07,8.959477807538333e-07,3.328358426625327e-06,3.328358426625327e-06,4.2243062073791604e-06,4.2243062073791604e-06,0.006283615284329223,1.4775528482269376,1.0,0.3903872383399466,1.0013327137978945,1.0,0.0,0.0,action_absolute,0.2104537274414557,7.238230809090493e-31,0.1316552460415761,0.7152868432258086,4.490444037620735e-29,0.23684225745303278,0.6206901777936342,0.28047183716500834,1.0740854675977176,0.9010341357676511,1.457060454917198,1.309910589913548,0.524981691757917,0.37265507381530816,0.7098439424953306,0.6395936232561824,0.0934680790074162,59.89480439295721,59.88964795885441,-0.0051564341028011995,0.0051564341028011995,21385.26338106454,21381.493239692016
7.2,1.53,7.600608727404467e-05,0.00012096542439756656,1.756794575258709e-05,7.610429295463717e-05,0.00012112172098192158,1.7590644882763654e-05,7.649004562676922e-05,0.00012173565517285953,1.7679807241477068e-05,1.5629658435501945e-07,1.5629658435501945e-07,6.139341909379474e-07,6.139341909379474e-07,7.702307752929669e-07,7.702307752929669e-07,0.0063673630636926154,1.4921401916441892,1.0,0.40021145959540433,1.0012920765180084,1.0,0.0,0.0,action_absolute,0.20403654541888117,1.8967069509708634e-30,0.14069871838435052,0.6301151946548642,8.30051397693748e-29,0.5397550802947837,2.3455123877977533,0.05673892634684577,0.591936281666024,0.910327908669056,1.4320463421506093,1.6204236024415644,0.508580939613542,0.3470600897724526,0.6824087627746627,0.6212157418740967,0.10022511166259859,3.5328021094317967,3.532500645127707,-0.0003014643040897269,0.0003014643040897269,28.430280237479515,28.42224375918804
8.0,1.53,6.313931741925957e-05,8.59108246442703e-05,1.3492970193872364e-05,6.322632268540191e-05,8.602920879012747e-05,1.3511563354374453e-05,6.353255334187781e-05,8.644588304801508e-05,1.3577005321268744e-05,1.183841458571609e-07,1.183841458571609e-07,4.166742578876184e-07,4.166742578876184e-07,5.350584037447793e-07,5.350584037447793e-07,0.006228067370558807,1.4658274448318904,1.0,0.38241989178356733,1.0013779887033718,1.0,0.0,0.0,action_absolute,0.21760325394318863,2.3146618410606882e-30,0.1520636193182569,0.6058619325518196,9.732597834640713e-29,0.5891268740470006,2.8676826827286432,0.04473497088292337,0.558045041471163,0.9133806465813729,1.4452584401120219,1.665287061215118,0.5340456129865254,0.36050632728269466,0.6750478208530676,0.6165756150841216,0.09391702849620776,2.3263362881363197,2.325715989415777,-0.0006202987205425892,0.0006202987205425892,5.363118241988591,5.355938081625196
8.8,1.53,2.2146857972329627e-05,5.8482307540217285e-05,7.0477502321363354e-06,2.216711961883109e-05,5.8535811646463426e-05,7.054198055299899e-06,2.2289841881771713e-05,5.885987933734274e-05,7.093251715110637e-06,5.3504106246140854e-08,5.3504106246140854e-08,3.240676908793154e-07,3.240676908793154e-07,3.7757179712545624e-07,3.7757179712545624e-07,0.006456171327812374,1.5482467554553723,1.0,0.43712316521321565,1.000914876797728,1.0,0.0,0.0,action_absolute,0.14447155310898013,1.196152734697988e-30,0.11517223325097901,0.5937428216360034,1.2483365524023064e-28,0.1526414316992487,0.36027589124483117,0.08885835383790645,0.7386124217557754,0.9135092958654363,1.2831884097480448,1.2087482232265034,0.4659139785675425,0.31283738935039446,0.6714488161789357,0.6133747352773004,0.06882897680057708,1.583685400999389,1.5836564736041256,-2.89273952633895e-05,2.89273952633895e-05,0.2108770408769149,0.21081062685439333
9.600000000000001,1.53,1.097514713937607e-05,4.35798382909594e-05,3.956029595148473e-06,1.0985331379752502e-05,4.362027761656342e-05,3.95970053967629e-06,1.1046127029130659e-05,4.3861683452407596e-05,3.981614540932216e-06,4.0439325604019086e-08,4.0439325604019086e-08,2.4140583584417847e-07,2.4140583584417847e-07,2.8184516144819755e-07,2.8184516144819755e-07,0.006467329216929795,1.5480056645464257,1.0,0.4369674344285572,1.0009279365686037,1.0,0.0,0.0,action_absolute,0.14653386946276054,1.0543896952415486e-30,0.11485685465158924,0.5829075328868677,1.5205403539119413e-28,0.1066533286499557,0.23877254389671365,0.18728807642891,0.885161524419776,0.9126874963258197,1.3214390645371494,1.1497013156171452,0.46541039152544417,0.31102291462909704,0.66827668718285,0.6099277764778284,0.0525123259454888,0.9999999985710005,0.9999999985699323,-1.0682565942943256e-12,1.0682565942943256e-12,1.0000000071449966,1.000000007150338
10.4,1.53,7.422066698272933e-06,2.996797587290715e-05,2.109988139363075e-06,7.4298571240723626e-06,2.9999431167219084e-05,2.1122028467627284e-06,7.469441075141496e-06,3.0159258738004746e-05,2.123456001801666e-06,3.1455294311932873e-08,3.1455294311932873e-08,1.5982757078566244e-07,1.5982757078566244e-07,1.9128286509759531e-07,1.9128286509759531e-07,0.006382909072965669,1.5229622419775668,1.0,0.42065728173279693,1.0010496302601595,1.0,0.0,0.0,action_absolute,0.16575096696299452,2.335944853477211e-30,0.12533762689732517,0.577057590811015,1.8818072705910408e-28,0.19108966093919896,0.472461907610346,0.220824975839357,0.9172112553117598,0.9115432859529183,1.3800538882573787,1.2559774722814012,0.48447216554816286,0.32294051892662273,0.6665821937597326,0.6076185232574516,0.0788540722103142,0.4952546155615997,0.495173105607943,-8.15099536567443e-05,8.15099536567443e-05,5.116026316641176,5.11694818009484
11.2,1.53,4.55850826933179e-06,1.6473387521730898e-05,7.956065666794266e-07,4.563824961828628e-06,1.649260081052178e-05,7.965345008222596e-07,4.587239074422402e-06,1.6577213961896232e-05,8.006210178651053e-07,1.9213288790882803e-08,1.9213288790882803e-08,8.461315137445205e-08,8.461315137445205e-08,1.0382644016533485e-07,1.0382644016533485e-07,0.00630267697086419,1.499419168235305,1.0,0.40507781194222237,1.0011663228808,1.0,0.0,0.0,action_absolute,0.18417832699898665,4.356708022550928e-30,0.1353663151635882,0.5744380203614855,2.5787377246665034e-28,0.26361689275729705,0.7159775670150244,0.25761164719784035,0.9184677763506895,0.9102765313075124,1.425828302265781,1.3404293458524341,0.5036498122243913,0.3353439281233069,0.6658275650739267,0.606087206384421,0.09311009022393167,0.15211174530907887,0.15206211678661669,-4.9628522462180635e-05,4.9628522462180635e-05,9.732656851222206,9.733431002244371
12.0,1.53,2.510495040651734e-06,8.24875566999673e-06,4.85995059390614e-07,2.5136405239907805e-06,8.259090812312368e-06,4.866039788815584e-07,2.526077706168194e-06,8.29995577135172e-06,4.8901163513783e-07,1.033514231563786e-08,1.033514231563786e-08,4.086495903935098e-08,4.086495903935098e-08,5.120010135498884e-08,5.120010135498884e-08,0.006207009081529643,1.4779687035454037,1.0,0.3906686474340275,1.0012529335004103,1.0,0.0,0.0,action_absolute,0.19785532783876889,7.455237995907067e-30,0.14464355018632655,0.5733931288894097,3.6558279026691803e-28,0.324701506182844,0.9616532811955605,0.21985478162960875,0.8771174609399315,0.9093091761411265,1.4365938137338072,1.407463712250409,0.5221458532405683,0.3475023093377522,0.6655272797458136,0.6051700624451108,0.10017041882800688,0.03820531857701918,0.03818557791349963,-1.9740663519549062e-05,1.9740663519549062e-05,11.590529714699482,11.590865751267428
12.8,1.53,6.987852418857462e-07,2.0494063235063287e-06,2.0546643992315397e-07,6.993128318339883e-07,2.0509536460760323e-06,2.05621569170177e-07,7.033536680543688e-07,2.0628046623910782e-06,2.0680971136716098e-07,1.5473225697035977e-09,1.5473225697035977e-09,1.1851016315045881e-08,1.1851016315045881e-08,1.3398338884749479e-08,1.3398338884749479e-08,0.006537668363307411,1.5781226258875372,1.0,0.4562359290923607,1.0007550101470637,1.0,0.0,0.0,action_absolute,0.11922642352523616,4.075091062074552e-30,0.10063809092004923,0.533832135936488,6.464044596535675e-28,0.11428700520012199,0.2580678072267517,0.17569428045847932,0.7916629950631761,0.908535452845318,1.298982821480475,1.1597086448540501,0.4340747036053441,0.28408708123440124,0.6544658762070826,0.5946054512116097,0.05401590908239011,0.002360305954272825,0.0023606358159521607,3.2986167933582444e-07,3.2986167933582444e-07,12.20872946482646,12.20872370197993
13.600000000000001,1.53,2.232610521873227e-07,5.624688831972289e-07,8.96475643025798e-08,2.2341976529086182e-07,5.628687343186932e-07,8.971129347977299e-08,2.247204020465589e-07,5.661454711084509e-07,9.023354720942408e-08,3.9985112146433183e-10,3.9985112146433183e-10,3.27673678975767e-09,3.27673678975767e-09,3.6765879112220018e-09,3.6765879112220018e-09,0.006536517878683809,1.5835144599575646,1.0,0.4596467185984162,1.000710885763478,1.0,0.0,0.0,action_absolute,0.1122585801583418,7.260781436784933e-30,0.09808481357269962,0.528022204735102,1.1763492076420526e-27,0.11527755794505871,0.2605959846057573,0.14219344601157302,0.6820541640823212,0.9078245806981249,1.263700681496003,1.1610009932696252,0.4287134432423762,0.27990396673854645,0.652892908189727,0.5927122306181183,0.054201678685493956,0.0001778169474603173,0.00017784139517685357,2.4447716536260804e-08,2.4447716536260804e-08,12.246888401037362,12.246887973256664
14.4,1.53,1.1132123591249421e-07,2.7938770589495537e-07,4.078620812271061e-08,1.1141130856907516e-07,2.7961376512507204e-07,4.081920921264069e-08,1.1203960708360765e-07,2.811906329989647e-07,4.104940710585359e-08,2.2605923011666393e-10,2.2605923011666393e-10,1.5768678738926884e-09,1.5768678738926884e-09,1.8029271040093523e-09,1.8029271040093523e-09,0.006453136863105994,1.5609164733916419,1.0,0.4452731317042589,1.0008091237565109,1.0,0.0,0.0,action_absolute,0.12777170221255885,1.809218168993836e-29,0.10740742647090296,0.5324615394485438,1.7068996890526815e-27,0.19599958236239193,0.48756089689181237,0.14358465010708318,0.6958445880980939,0.9074246974636635,1.3078571007324904,1.2618790978739667,0.4446132180506422,0.29081865794496187,0.6540935944730216,0.5935406820776018,0.07820434514336386,4.387353593329951e-05,4.387229861559336e-05,-1.2373177061449363e-09,1.2373177061449363e-09,12.249232225151708,12.249232246804091
15.200000000000001,1.53,4.969943543930482e-08,1.4682169477065802e-07,1.1758004737706234e-08,4.97458062680403e-08,1.4695868312078076e-07,1.1768975253148587e-08,5.0017818782498427e-08,1.4776226042540312e-07,1.1833328588462023e-08,1.3698835012274228e-10,1.3698835012274228e-10,8.035773046223624e-10,8.035773046223624e-10,9.405656547451047e-10,9.405656547451047e-10,0.006406176254907763,1.5399344597018174,1.0,0.4317398568847099,1.000933025261265,1.0,0.0,0.0,action_absolute,0.14733744359854375,3.553204571719707e-29,0.11619019864791928,0.5367952764117886,2.4989116779549847e-27,0.26351295792832896,0.7155942817054621,0.20614409899481195,0.8192355631069402,0.9071601771312148,1.3881013944896026,1.3403122806873127,0.46017609729386155,0.3015410953061833,0.6552732683845238,0.5944378142170547,0.09130484310840066,1.2116337699854602e-05,1.2114865367921933e-05,-1.4723319326692599e-09,1.4723319326692599e-09,12.249787965007787,12.24978799077337
16.0,1.53,2.0165899259331023e-08,5.592745925340518e-08,5.235984898689021e-09,2.01863664014668e-08,5.5984222170005725e-08,5.241299099943531e-09,2.0293436251362177e-08,5.628116626311484e-08,5.2690993041371365e-09,5.676291660054607e-11,5.676291660054607e-11,2.9694409310911863e-10,2.9694409310911863e-10,3.537070097096647e-10,3.537070097096647e-10,0.006324389028778007,1.520124718640573,1.0,0.4187923832293445,1.0010149382317433,1.0,0.0,0.0,action_absolute,0.16027262142156468,6.994178411470745e-29,0.12459912372608362,0.5407907963487949,4.066279029378257e-27,0.3217878591111364,0.9489298103375201,0.18083051406094844,0.7845588602554318,0.9070493063017797,1.4022412731346634,1.4043428740235022,0.4754926416048454,0.31209789232068375,0.6563674492781117,0.5953576395467799,0.0982995176219506,1.7580902120904716e-06,1.7575908833486544e-06,-4.993287418171966e-10,4.993287418171966e-10,12.249969233440604,12.249969242178846
16.8,1.53,9.37282974009124e-09,2.4970186065191604e-08,2.229373390522328e-09,9.383173758177012e-09,2.499774359727379e-08,2.231833765810365e-09,9.431465178363696e-09,2.5126396926188533e-08,2.2433201162658976e-09,2.755753208218505e-11,2.755753208218505e-11,1.2865332891474453e-10,1.2865332891474453e-10,1.5621086099692958e-10,1.5621086099692958e-10,0.006255894953649835,1.5013415333766713,1.0,0.40635906399495303,1.0011036174103884,1.0,0.0,0.0,action_absolute,0.17427627601100676,1.211151717224774e-28,0.13268580337603814,0.5463407869798486,6.168787517735958e-27,0.3729068193667717,1.1893186878231288,0.1777839621892827,0.7788930551818256,0.9056192077685916,1.425622664026163,1.4580718575681215,0.4913478489597752,0.3232566327408648,0.6578977264787591,0.5958048178464515,0.10148348014488263,3.504568338471491e-07,3.5030960635761315e-07,-1.472274895359793e-10,1.472274895359793e-10,12.249993867006175,12.249993869582653
17.6,1.53,3.484410888318046e-09,7.139226485334225e-09,8.222198924376402e-10,3.4872487590033526e-09,7.145041012440204e-09,8.228895475972678e-10,3.506883785009399e-09,7.185271313112423e-09,8.275228441538902e-10,5.814527105978884e-12,5.814527105978884e-12,4.023030067221956e-11,4.023030067221956e-11,4.6044827778198445e-11,4.6044827778198445e-11,0.006449554146066966,1.559816346703205,1.0,0.44456808785883606,1.0008144477721674,1.0,0.0,0.0,action_absolute,0.12861243706624276,1.372085350547977e-28,0.10702376707827714,0.5253311760113416,1.0452097502090277e-26,0.2679119024066777,0.7319116463917812,0.1320001313909301,0.6787167217905434,0.9037860142270192,1.3366351644987071,1.345257621215382,0.4410367983505292,0.28763048613156583,0.6521689056498219,0.5894211358400495,0.09117840286518317,5.6207073804593766e-08,5.548704728925223e-08,-7.200265153415329e-10,7.200265153415329e-10,12.249999016376224,12.249999028976692
18.4,1.53,1.7949803590232282e-09,1.9969300124387082e-09,3.8732741948561017e-10,1.796151055786763e-09,1.9982324219557905e-09,3.875800367101612e-10,1.8066953247695973e-09,2.0099630055720405e-09,3.898553175927363e-10,1.3024095170822066e-12,1.3024095170822066e-12,1.1730583616250023e-11,1.1730583616250023e-11,1.303299313333223e-11,1.303299313333223e-11,0.006526514726180095,1.5896510516836373,1.0,0.463514527796402,1.0006522058905267,1.0,0.0,0.0,action_absolute,0.10299222604095098,1.5929984900300025e-28,0.09421603304878111,0.5139240325215798,1.686044268142297e-26,0.20297833384972,0.5093420730458487,0.0,0.5139240325215797,0.9043734450498737,1.229970175055255,1.2702190003210754,0.41792377909475464,0.27128778987899543,0.649132218479215,0.5870579407189149,0.07894833438248254,5.6207073804593766e-08,5.548704728925223e-08,-7.200265153415329e-10,7.200265153415329e-10,12.249999016376224,12.249999028976692
19.200000000000003,1.53,0.0,0.0,0.0,1e-30,1e-30,1e-30,1.0057161736535278e-30,1.0057161736535278e-30,1.0057161736535278e-30,1e-30,1e-30,5.716173653527695e-33,5.716173653527695e-33,1.0057161736535278e-30,1.0057161736535278e-30,1.0057161736535276,1.5704009692603986,1.0,0.4513309811859851,1.0,1.0,0.0,0.0,action_absolute,0.0,0.0,0.10217329191624851,0.0,0.0,0.26851220272081255,0.7341536078101636,0.0,0.0,-0.0,1.1342561013604062,1.3459310085035026,0.0,0.0,0.0,-0.0,-0.0,5.6207073804593766e-08,5.548704728925223e-08,-7.200265153415329e-10,7.200265153415329e-10,12.249999016376224,12.249999028976692
20.0,1.53,0.0,0.0,0.0,1e-30,1e-30,1e-30,1.0055641423643005e-30,1.0055641423643005e-30,1.0055641423643005e-30,1e-30,1e-30,5.564142364300414e-33,5.564142364300414e-33,1.0055641423643005e-30,1.0055641423643005e-30,1.0055641423643005,1.5516627094173834,1.0,0.43932707173589636,1.0,1.0,0.0,0.0,action_absolute,0.0,0.0,0.11002090405486509,0.0,0.0,0.3261537967964966,0.9680363122799913,0.0,0.0,-0.0,1.1630768983982482,1.409016545507328,0.0,0.0,0.0,-0.0,-0.0,5.6207073804593766e-08,5.548704728925223e-08,-7.200265153415329e-10,7.200265153415329e-10,12.249999016376224,12.249999028976692
4.0,1.72,0.00017546967634369186,0.0015062102895496698,0.00033058115034984557,0.00017557241628445613,0.001507092196664058,0.0003307747102202029,0.00017612293946265206,0.0015118178204465407,0.00033181188421706946,8.819071143880471e-07,8.819071143880471e-07,4.725623782482827e-06,4.725623782482827e-06,5.607530896870874e-06,5.607530896870874e-06,0.0037229402400028922,1.280917082806759,1.0,0.24757629233153006,1.000585513935542,1.0,0.0,0.0,action_absolute,0.09246065464200236,6.187405497071567e-32,0.07718149434815945,0.7345538063160009,2.8769160575943875e-29,0.052928468881864164,0.11177290657100736,0.09029178776792637,0.8857814836599387,0.758836664738964,1.2704825522978982,1.0767321020559757,0.5403587428329503,0.387098221205988,0.7163726438042622,0.5436098277346603,0.02587977785847568,2.70794422947878,2.70791273987974,-3.148959903986892e-05,3.148959903986892e-05,10.691988171417746,10.691473344623303
4.8,1.72,0.00019669403916908887,0.0015690153031258096,0.00015154556176445792,0.00019683121931215344,0.001570109580027451,0.00015165125404639727,0.00019759826181263334,0.0015762282271734698,0.0001522422322332477,1.094276901641468e-06,1.094276901641468e-06,6.118647146018683e-06,6.118647146018683e-06,7.212924047660151e-06,7.212924047660151e-06,0.004597102420410103,1.3602809677586774,1.0,0.30769127235057525,1.000697429081451,1.0,0.0,0.0,action_absolute,0.11013358610779173,3.02137859610249e-31,0.07111786048012514,0.7485747237184399,2.9936195735108464e-29,0.3330127461264275,0.9985580509745398,0.1957340473559828,1.0293127753474058,0.8338159323800195,1.472768078739061,1.4163259993902102,0.5498921393244803,0.39657913519758364,0.7211944067517762,0.6013433866929873,0.10019974774810732,13.837975432668275,13.83745970572505,-0.000515726943223882,0.000515726943223882,966.8952053978721,966.815024572089
5.6,1.72,0.00015720305812159702,0.0013021505570288893,5.951635142517858e-05,0.00015737186138385035,0.0013035487948532543,5.958025956028759e-05,0.00015808552018660167,0.001309460201530931,5.985044748544466e-05,1.3982378243649132e-06,1.3982378243649132e-06,5.911406677676714e-06,5.911406677676714e-06,7.309644502041628e-06,7.309644502041628e-06,0.005613517164036705,1.4305484675437201,1.0,0.35805791447458585,1.0010737912116363,1.0,0.0,0.0,action_absolute,0.16956631149148574,1.1189048891951172e-31,0.1092096338293002,0.7674488081443888,3.3680373512349457e-29,0.04896323098045846,0.10296811348511037,0.28060102967778355,1.1143212989839744,0.8790141290584583,1.3732121976556688,1.0711593535980681,0.5468320513442106,0.3979717382287375,0.7277769056339182,0.6397261828546584,0.028398881592674886,58.00239842037685,57.996402181251035,-0.005996239125813929,0.005996239125813929,20023.946918369245,20019.704624136975
6.4,1.72,0.0001040351322255933,0.0006722726984645482,2.722614820498002e-05,0.00010417378115128873,0.000673168644722533,2.7262432834207573e-05,0.00010468884884142068,0.0006764970006204815,2.7397226811656657e-05,8.959462579848348e-07,8.959462579848348e-07,3.328355897948515e-06,3.328355897948515e-06,4.22430215593335e-06,4.22430215593335e-06,0.006283614023864923,1.4775528482269376,1.0,0.3903872383399466,1.0013327125436318,1.0,0.0,0.0,action_absolute,0.21045352937624973,7.238228705800355e-31,0.1316552460415761,0.715285972843389,4.4904440376924884e-29,0.23684225745303278,0.6206901777936342,0.28047183716500834,1.0740846335117982,0.9010342450245737,1.4570602463957183,1.309910589913548,0.5249817592466957,0.37265496824235295,0.7098436501433522,0.6395934373924029,0.09346805184590333,59.894956870581844,59.88980036701929,-0.005156503562552928,0.005156503562552928,21385.374870570184,21381.604668586064
7.2,1.72,7.600611083566206e-05,0.00012096541293186556,1.7567941492032634e-05,7.61043165384311e-05,0.00012112170948824911,1.7590640614793444e-05,7.649006933010322e-05,0.00012173564362092865,1.767980295187364e-05,1.5629655638355207e-07,1.5629655638355207e-07,6.139341326795363e-07,6.139341326795363e-07,7.702306890630884e-07,7.702306890630884e-07,0.006367362954375439,1.4921401916441892,1.0,0.40021145959540433,1.0012920764092426,1.0,0.0,0.0,action_absolute,0.20403652824325436,1.8967068523836317e-30,0.14069871838435052,0.630115124386121,8.300513818182094e-29,0.5397550802947837,2.3455123877977533,0.05673892634684577,0.5919362345779086,0.910327907614417,1.4320463303785804,1.6204236024415644,0.5085809474957474,0.3470600841517522,0.682408741146667,0.6212157214658337,0.10022510836998975,3.5328024164102216,3.532500951666915,-0.00030146474330683404,0.00030146474330683404,28.430288421533007,28.42225193037686
8.0,1.72,6.313931918440703e-05,8.591082371023913e-05,1.3492969877840782e-05,6.322632445233413e-05,8.602920785392805e-05,1.3511563037768989e-05,6.353255511736801e-05,8.644588210728128e-05,1.3577005003129832e-05,1.1838414368891919e-07,1.1838414368891919e-07,4.166742533532274e-07,4.166742533532274e-07,5.350583970421466e-07,5.350583970421466e-07,0.0062280673602524966,1.4658274448318904,1.0,0.38241989178356733,1.0013779886931151,1.0,0.0,0.0,action_absolute,0.21760325232352615,2.3146618293242447e-30,0.1520636193182569,0.605861926937138,9.73259782039683e-29,0.5891268740470006,2.8676826827286432,0.04473497088292337,0.5580450395063701,0.9133806455596446,1.4452584396208237,1.665287061215118,0.5340456136973406,0.3605063268654692,0.6750478191733239,0.6165756128601608,0.09391702815745322,2.3263362853869025,2.3257159866276202,-0.0006202987592822673,0.0006202987592822673,5.363118210152532,5.3559380493621775
8.8,1.72,2.2146858031798164e-05,5.848230747383244e-05,7.047750213527136e-06,2.2167119678334957e-05,5.853581157996748e-05,7.0541980366676045e-06,2.228984194160501e-05,5.885987927047866e-05,7.0932516963751895e-06,5.3504106135037236e-08,5.3504106135037236e-08,3.240676905111813e-07,3.240676905111813e-07,3.7757179664621855e-07,3.7757179664621855e-07,0.006456171326946373,1.5482467554553723,1.0,0.43712316521321565,1.0009148767968667,1.0,0.0,0.0,action_absolute,0.1444715529729754,1.1961527341821427e-30,0.11517223325097901,0.5937428211290104,1.2483365524436778e-28,0.1526414316992487,0.36027589124483117,0.08885835383790645,0.7386124209402581,0.9135092956445207,1.2831884095441657,1.2087482232265034,0.4659139785683167,0.3128373892812882,0.6714488160294959,0.6133747349924521,0.06882897676861324,1.583685398875857,1.5836564714783607,-2.8927397496270046e-05,2.8927397496270046e-05,0.21087703600114205,0.2108106219742623
9.600000000000001,1.72,1.0975147126460696e-05,4.3579838326135254e-05,3.9560295976674344e-06,1.098533136683068e-05,4.3620277651793896e-05,3.959700542199585e-06,1.1046127016137324e-05,4.386168348783305e-05,3.981614543469475e-06,4.0439325658642546e-08,4.0439325658642546e-08,2.414058360391519e-07,2.414058360391519e-07,2.8184516169779445e-07,2.8184516169779445e-07,0.006467329217436981,1.5480056645464257,1.0,0.4369674344285572,1.0009279365691082,1.0,0.0,0.0,action_absolute,0.14653386954243278,1.0543896953953194e-30,0.11485685465158924,0.5829075332674515,1.5205403538261085e-28,0.1066533286499557,0.23877254389671365,0.18728807642891,0.8851615249535911,0.9126874963593192,1.3214390646706031,1.1497013156171452,0.46541039157360503,0.311022914712782,0.6682766872935054,0.6099277766012091,0.052512325956111376,1.000000000104734,1.0000000001046099,-1.241229341530925e-13,1.241229341530925e-13,0.9999999994763296,0.9999999994769502
10.4,1.72,7.422066713765913e-06,2.9967975834253866e-05,2.1099881392735357e-06,7.429857139574412e-06,2.9999431128496187e-05,2.1122028466710502e-06,7.469441090726136e-06,3.0159258699075546e-05,2.123456001709499e-06,3.145529424232032e-08,3.145529424232032e-08,1.598275705793591e-07,1.598275705793591e-07,1.9128286482167941e-07,1.9128286482167941e-07,0.006382909071991446,1.5229622419775668,1.0,0.42065728173279693,1.0010496302591905,1.0,0.0,0.0,action_absolute,0.1657509668099569,2.3359448530676294e-30,0.12533762689732517,0.5770575901020123,1.8818072708095983e-28,0.19108966093919896,0.472461907610346,0.220824975839357,0.9172112543057322,0.9115432859670002,1.3800538880058717,1.2559774722814012,0.48447216556969463,0.32294051884185554,0.666582193555139,0.6076185230803424,0.07885407218732973,0.49525461428494955,0.4951731043305623,-8.150995438727104e-05,8.150995438727104e-05,5.116026331079219,5.116948194542445
11.2,1.72,4.558508463204259e-06,1.6473386745956647e-05,7.956065592201136e-07,4.563825155803701e-06,1.6492600033396377e-05,7.965344933326895e-07,4.587239269392639e-06,1.657721318078389e-05,8.00621010337111e-07,1.9213287439729727e-08,1.9213287439729727e-08,8.461314738751201e-08,8.461314738751201e-08,1.0382643482724174e-07,1.0382643482724174e-07,0.006302676943630046,1.499419168235305,1.0,0.40507781194222237,1.0011663228537049,1.0,0.0,0.0,action_absolute,0.18417832272028184,4.3567080044163735e-30,0.1353663151635882,0.5744380030992003,2.578737733178877e-28,0.26361689275729705,0.7159775670150244,0.25761164719784035,0.9184677489531516,0.9102765313006054,1.4258282954163966,1.3404293458524341,0.5036498070834016,0.3353439222000231,0.6658275601096221,0.6060872018609321,0.09311008952901112,0.15211173099062797,0.15206210246462662,-4.962852600134959e-05,4.962852600134959e-05,9.732657074570042,9.733431225656295
12.0,1.72,2.510495903196621e-06,8.248754468793814e-06,4.859948668798594e-07,2.5136413872879745e-06,8.259089608525385e-06,4.866037860660264e-07,2.5260785737368762e-06,8.299954561608546e-06,4.890114413682708e-07,1.033513973157073e-08,1.033513973157073e-08,4.0864953083160984e-08,4.0864953083160984e-08,5.1200092814731714e-08,5.1200092814731714e-08,0.006207008950069831,1.4779687035454037,1.0,0.3906686474340275,1.0012529333695979,1.0,0.0,0.0,action_absolute,0.1978553071816726,7.455237588388667e-30,0.14464355018632655,0.5733931122694725,3.6558279716753496e-28,0.324701506182844,0.9616532811955605,0.21985478162960875,0.8771173442640625,0.9093091157940293,1.43659378456484,1.407463712250409,0.5221458667156461,0.34750231581356295,0.6655272749727773,0.605170017942306,0.10017041146170626,0.038205307480708266,0.038185566812938665,-1.974066776960076e-05,1.974066776960076e-05,11.590529903585699,11.59086594022873
12.8,1.72,6.987844758669166e-07,2.0494078504462116e-06,2.0546678754952487e-07,6.993120654002803e-07,2.050955174648209e-06,2.0562191710707624e-07,7.033528971919804e-07,2.0628061997957965e-06,2.0681006131454245e-07,1.547324201997497e-09,1.547324201997497e-09,1.1851025147587394e-08,1.1851025147587394e-08,1.3398349349584891e-08,1.3398349349584891e-08,0.006537668598599204,1.5781226258875372,1.0,0.4562359290923607,1.0007550103810037,1.0,0.0,0.0,action_absolute,0.1192264604675544,4.0750917509461516e-30,0.10063809092004923,0.533832109370819,6.464044055353213e-28,0.11428700520012199,0.2580678072267517,0.17569428045847932,0.7916633816583125,0.9085356925196222,1.2989829181292591,1.1597086448540501,0.43407474902540744,0.2840871078249638,0.6544658689840894,0.594605601507916,0.05401592273579945,0.002360309469983995,0.002360639333257924,3.298632739292054e-07,3.298632739292054e-07,12.20872940340524,12.208723640530868
13.600000000000001,1.72,2.2326097685107758e-07,5.624671636841482e-07,8.964892113695143e-08,2.2341968957320475e-07,5.628670127572579e-07,8.971265114705033e-08,2.2472032588811198e-07,5.661437395249565e-07,9.023491278035291e-08,3.9984907310964883e-10,3.9984907310964883e-10,3.2767267676986723e-09,3.2767267676986723e-09,3.676575840808321e-09,3.676575840808321e-09,0.006536516401645255,1.5835144599575646,1.0,0.4596467185984162,1.0007108842949883,1.0,0.0,0.0,action_absolute,0.11225834826372473,7.26078497718263e-30,0.09808481357269962,0.5280188698716575,1.176348742105466e-27,0.11527755794505871,0.2605959846057573,0.14219344601157302,0.6820502890714052,0.9078266326762775,1.263699712743274,1.1610009932696252,0.4287133180164623,0.2799034995605971,0.6528920091767455,0.5927127541921742,0.05420172656470292,0.00017781586007442477,0.00017784030711950858,2.4447045083810957e-08,2.4447045083810957e-08,12.246888420064193,12.246887992295248
14.4,1.72,1.1131778408205825e-07,2.793856995637378e-07,4.079043472895838e-08,1.1140785358329546e-07,2.7961175626096743e-07,4.082343910594613e-08,1.1203613261360807e-07,2.8118861280597126e-07,4.1053660853431225e-08,2.2605669722964777e-10,2.2605669722964777e-10,1.576856545003837e-09,1.576856545003837e-09,1.8029132422334847e-09,1.8029132422334847e-09,0.006453133589330961,1.5609164733916419,1.0,0.4452731317042589,1.0008091205010945,1.0,0.0,0.0,action_absolute,0.12777118813783828,1.8092290052032113e-29,0.10740742647090296,0.5324438879238529,1.706893269656828e-27,0.19599958236239193,0.48756089689181237,0.14358465010708318,0.6958327902085736,0.9074401899535026,1.3078541512601103,1.2618790978739667,0.4446100689419889,0.29081446860689136,0.6540888048237967,0.5935464692957656,0.07820510766162145,4.3872905743734615e-05,4.3871668158394735e-05,-1.2375853398791212e-09,1.2375853398791212e-09,12.249232236179681,12.249232257836749
15.200000000000001,1.72,4.969935956280208e-08,1.468265967665568e-07,1.1755841992615058e-08,4.974573118797807e-08,1.4696359225243466e-07,1.1766810695296644e-08,5.0017743291894726e-08,1.4776719640043027e-07,1.1831152194701323e-08,1.3699548587784986e-10,1.3699548587784986e-10,8.036041479956128e-10,8.036041479956128e-10,9.405996338734627e-10,9.405996338734627e-10,0.006406193799948555,1.5399344597018174,1.0,0.4317398568847099,1.0009330427108902,1.0,0.0,0.0,action_absolute,0.1473401991329126,3.553162715542589e-29,0.11619019864791928,0.5368322698384808,2.498910152906394e-27,0.26351295792832896,0.7155942817054621,0.20614409899481195,0.819267767925276,0.9071360599156532,1.3881094456941865,1.3403122806873127,0.4601762766948497,0.3015458614971727,0.655283370240167,0.5944311746079153,0.09130382327343009,1.2117146782239154e-05,1.2115674774423066e-05,-1.4720078160879754e-09,1.4720078160879754e-09,12.249787950848967,12.24978797660888
16.0,1.72,2.0163442579738157e-08,5.5954599010270144e-08,5.232202680327354e-09,2.0183910691963924e-08,5.601139908335096e-08,5.237513941597615e-09,2.0290967516610347e-08,5.63084873246428e-08,5.265294069055871e-09,5.6800073080819046e-11,5.6800073080819046e-11,2.970882412918347e-10,2.970882412918347e-10,3.5388831437265376e-10,3.5388831437265376e-10,0.006324561709533467,1.520124718640573,1.0,0.4187923832293445,1.0010151100014208,1.0,0.0,0.0,action_absolute,0.16029974620180498,6.993900796668707e-29,0.12459912372608362,0.5410010517338844,4.066207721591245e-27,0.3217878591111364,0.9489298103375201,0.18083051406094844,0.7848669895243352,0.9069494082524172,1.4023183054518893,1.4043428740235022,0.47555511649693755,0.3121663634708123,0.6564252021307452,0.5953444486344527,0.09829733967002285,1.7597969128265041e-06,1.7592977031265144e-06,-4.992096999897486e-10,4.992096999897486e-10,12.249969203573379,12.249969212309537
16.8,1.72,9.348980993281208e-09,2.483174332190512e-08,2.2738595152411433e-09,9.35928074995247e-09,2.4859100411851357e-08,2.276364622453197e-09,9.407449202438734e-09,2.4987040200071257e-08,2.2880801553117025e-09,2.7357089946238905e-11,2.7357089946238905e-11,1.2793978821989943e-10,1.2793978821989943e-10,1.5529687816613834e-10,1.5529687816613834e-10,0.006253965988330125,1.5013415333766713,1.0,0.40635906399495303,1.0011016983218455,1.0,0.0,0.0,action_absolute,0.1739732256953495,1.2128503638022002e-28,0.13268580337603814,0.5423449736543797,6.1682262088517e-27,0.3729068193667717,1.1893186878231288,0.1777839621892827,0.7752129959106623,0.908494963437385,1.424702649208372,1.4580718575681215,0.49024154226377054,0.32198807611279334,0.6567947600400421,0.5966947315084441,0.10163505920692165,3.465815158913538e-07,3.4643458821395383e-07,-1.4692767739996954e-10,1.4692767739996954e-10,12.24999393482422,12.249993937395457
17.6,1.72,3.227814287789553e-09,7.558267951327627e-09,8.704806150528686e-10,3.2304999206321298e-09,7.564556644180828e-09,8.712048795613491e-10,3.248689317012407e-09,7.607149036263333e-09,8.761102165903228e-10,6.288692853200438e-12,6.288692853200438e-12,4.2592392082505e-11,4.2592392082505e-11,4.888108493570544e-11,4.888108493570544e-11,0.006467233663913617,1.559816346703205,1.0,0.44456808785883606,1.0008320283024759,1.0,0.0,0.0,action_absolute,0.13138864313513993,1.382926177687845e-28,0.10702376707827714,0.5290214211051341,1.0402931653621079e-26,0.2679119024066777,0.7319116463917812,0.1320001313909301,0.7128011676893717,0.9138397708486983,1.3451562759734141,1.345257621215382,0.44182869080897014,0.2885859220878304,0.6531624769759552,0.596885848286675,0.09233312996495224,5.6207073804593766e-08,5.548704728925223e-08,-7.200265153415329e-10,7.200265153415329e-10,12.249999016376224,12.249999028976692
18.4,1.72,1.7949803590232282e-09,1.9969300124387082e-09,3.8732741948561017e-10,1.796151055786763e-09,1.9982324219557905e-09,3.875800367101612e-10,1.8066953247695973e-09,2.0099630055720405e-09,3.898553175927363e-10,1.3024095170822066e-12,1.3024095170822066e-12,1.1730583616250023e-11,1.1730583616250023e-11,1.303299313333223e-11,1.303299313333223e-11,0.006526514726180095,1.5896510516836373,1.0,0.463514527796402,1.0006522058905267,1.0,0.0,0.0,action_absolute,0.10299222604095098,1.5929984900300025e-28,0.09421603304878111,0.5139240325215798,1.686044268142297e-26,0.20297833384972,0.5093420730458487,0.0,0.5139240325215797,0.9043734450498737,1.229970175055255,1.2702190003210754,0.41792377909475464,0.27128778987899543,0.649132218479215,0.5870579407189149,0.07894833438248254,5.6207073804593766e-08,5.548704728925223e-08,-7.200265153415329e-10,7.200265153415329e-10,12.249999016376224,12.249999028976692
19.200000000000003,1.72,0.0,0.0,0.0,1e-30,1e-30,1e-30,1.0057161736535278e-30,1.0057161736535278e-30,1.0057161736535278e-30,1e-30,1e-30,5.716173653527695e-33,5.716173653527695e-33,1.0057161736535278e-30,1.0057161736535278e-30,1.0057161736535276,1.5704009692603986,1.0,0.4513309811859851,1.0,1.0,0.0,0.0,action_absolute,0.0,0.0,0.10217329191624851,0.0,0.0,0.26851220272081255,0.7341536078101636,0.0,0.0,-0.0,1.1342561013604062,1.3459310085035026,0.0,0.0,0.0,-0.0,-0.0,5.6207073804593766e-08,5.548704728925223e-08,-7.200265153415329e-10,7.200265153415329e-10,12.249999016376224,12.249999028976692
20.0,1.72,0.0,0.0,0.0,1e-30,1e-30,1e-30,1.0055641423643005e-30,1.0055641423643005e-30,1.0055641423643005e-30,1e-30,1e-30,5.564142364300414e-33,5.564142364300414e-33,1.0055641423643005e-30,1.0055641423643005e-30,1.0055641423643005,1.5516627094173834,1.0,0.43932707173589636,1.0,1.0,0.0,0.0,action_absolute,0.0,0.0,0.11002090405486509,0.0,0.0,0.3261537967964966,0.9680363122799913,0.0,0.0,-0.0,1.1630768983982482,1.409016545507328,0.0,0.0,0.0,-0.0,-0.0,5.6207073804593766e-08,5.548704728925223e-08,-7.200265153415329e-10,7.200265153415329e-10,12.249999016376224,12.249999028976692
4.0,1.91,0.0001770686030823247,0.0015097107933558257,0.00032901266865519187,0.00017717237540804682,0.001510595570202015,0.0003292054888911008,0.00017772791540266724,0.001515332179128835,0.00033023774245267534,8.847768461891971e-07,8.847768461891971e-07,4.736608926819968e-06,4.736608926819968e-06,5.621385773009165e-06,5.621385773009165e-06,0.003723485185208087,1.280917082806759,1.0,0.24757629233153006,1.0005860571773635,1.0,0.0,0.0,action_absolute,0.0925464399519439,6.18943031812306e-32,0.07718149434815945,0.7352936315472478,2.876799555709119e-29,0.052928468881864164,0.11177290657100736,0.09029178776792637,0.8864586998918419,0.7588477860489768,1.270651856355874,1.0767321020559757,0.5411066020431751,0.38777083993868144,0.7166255936898384,0.5438097451975674,0.02588929538237996,2.746467375141842,2.7464351396988733,-3.223544296870884e-05,3.223544296870884e-05,11.331089952008512,11.33054740884953
4.8,1.91,0.0001968291957807986,0.001569100759423203,0.00015148572824697445,0.0001969664705956891,0.0015701950991904307,0.0001515913791145765,0.00019773404016440075,0.001576314079600821,0.00015218212397148274,1.0943397672276856e-06,1.0943397672276856e-06,6.118980410390294e-06,6.118980410390294e-06,7.21332017761798e-06,7.21332017761798e-06,0.004597104509891115,1.3602809677586774,1.0,0.30769127235057525,1.000697431162821,1.0,0.0,0.0,action_absolute,0.11013391478455692,3.021420554495001e-31,0.07111786048012514,0.7485475970287769,2.9935815942550487e-29,0.3330127461264275,0.9985580509745398,0.1957340473559828,1.0292652002783464,0.8338489418684651,1.472756184971796,1.4163259993902102,0.5499282239310364,0.39659999791143036,0.7211850213404685,0.6013593669361361,0.10020241048019668,13.850270229616779,13.849753642704943,-0.0005165869118357591,0.0005165869118357591,968.8076799405114,968.7272860252812
5.6,1.91,0.00015721081154981964,0.001302145718377103,5.951445574389357e-05,0.00015737962204058142,0.0013035439419190821,5.957836142813058e-05,0.0001580933160367971,0.001309455326589399,5.9848540745530764e-05,1.3982235419790923e-06,1.3982235419790923e-06,5.911384670316804e-06,5.911384670316804e-06,7.3096082122958966e-06,7.3096082122958966e-06,0.0056135101541523675,1.4305484675437201,1.0,0.35805791447458585,1.0010737842333972,1.0,0.0,0.0,action_absolute,0.1695652095321218,1.1189034462156506e-31,0.1092096338293002,0.767441108820373,3.368035679090121e-29,0.04896323098045846,0.10296811348511037,0.28060102967778355,1.1143138871399212,0.8790167005953854,1.3732103446946553,1.0711593535980681,0.5468334712442358,0.3979712916861118,0.7277741993016431,0.6397256754485787,0.02839885906777976,58.00539587965784,57.99939892694258,-0.005996952715257464,0.005996952715257464,20026.067766829903,20021.82474306993
6.4,1.91,0.00010403552229313707,0.0006722721885536273,2.722607492848957e-05,0.0001041741716081925,0.0006731681332888413,2.7262359425911964e-05,0.00010468924122886525,0.000676496486658102,2.739715304040752e-05,8.959447352139931e-07,8.959447352139931e-07,3.3283533692607522e-06,3.3283533692607522e-06,4.224298104474745e-06,4.224298104474745e-06,0.006283612763400478,1.4775528482269376,1.0,0.3903872383399466,1.0013327112893686,1.0,0.0,0.0,action_absolute,0.21045333131096197,7.238226602499012e-31,0.1316552460415761,0.7152851024629905,4.4904440377666726e-29,0.23684225745303278,0.6206901777936342,0.28047183716500834,1.074083799425876,0.9010343542785427,1.4570600378742378,1.309910589913548,0.5249818267341633,0.3726548626689076,0.709843357792288,0.6395932515272869,0.09346802468419516,59.895109346967295,59.88995277394456,-0.005156573022738087,0.005156573022738087,21385.48635946038,21381.716096864155
7.2,1.91,7.600613439744054e-05,0.000120965401465862,1.7567937231564875e-05,7.610434012238616e-05,0.00012112169799427344,1.7590636346910007e-05,7.649009303359914e-05,0.00012173563206869304,1.767979866235742e-05,1.5629652841144773e-07,1.5629652841144773e-07,6.139340744195938e-07,6.139340744195938e-07,7.702306028310415e-07,7.702306028310415e-07,0.006367362845056242,1.4921401916441892,1.0,0.40021145959540433,1.0012920763004747,1.0,0.0,0.0,action_absolute,0.2040365110673146,1.8967067537959957e-30,0.14069871838435052,0.6301150541151511,8.300513659423665e-29,0.5397550802947837,2.3455123877977533,0.05673892634684577,0.591936187487939,0.910327906560828,1.4320463186060879,1.6204236024415644,0.5085809553777434,0.3470600785305608,0.6824087195179879,0.6212157010576651,0.10022510507739617,3.5328027233511197,3.5325012581685957,-0.00030146518252394117,0.00030146518252394117,28.430296604587205,28.422260100566522
8.0,1.91,6.313932095074384e-05,8.591082277430941e-05,1.3492969562109996e-05,6.322632622045636e-05,8.602920691582615e-05,1.351156272146453e-05,6.353255689405396e-05,8.644588116463577e-05,1.3577004685293381e-05,1.1838414151673369e-07,1.1838414151673369e-07,4.166742488096207e-07,4.166742488096207e-07,5.350583903263544e-07,5.350583903263544e-07,0.006228067349930644,1.4658274448318904,1.0,0.38241989178356733,1.0013779886828431,1.0,0.0,0.0,action_absolute,0.21760325070144948,2.314661817581394e-30,0.1520636193182569,0.6058619213077692,9.73259780612615e-29,0.5891268740470006,2.8676826827286432,0.04473497088292337,0.5580450375304004,0.9133806445438482,1.445258439126831,1.665287061215118,0.5340456144057576,0.3605063264442782,0.6750478174891863,0.6165756106361909,0.09391702781869729,2.3263362824892138,2.325715983691202,-0.0006202987980117314,0.0006202987980117314,5.3631181765996025,5.355938015383561
8.8,1.91,2.2146858093062132e-05,5.848230740181678e-05,7.047750195432859e-06,2.2167119739634677e-05,5.853581150783232e-05,7.0541980185503134e-06,2.22898420032441e-05,5.8859879197944144e-05,7.093251678157597e-06,5.3504106015544604e-08,5.3504106015544604e-08,3.240676901118222e-07,3.240676901118222e-07,3.775717961273668e-07,3.775717961273668e-07,0.006456171326024619,1.5482467554553723,1.0,0.43712316521321565,1.0009148767959501,1.0,0.0,0.0,action_absolute,0.14447155282823118,1.1961527336548959e-30,0.11517223325097901,0.5937428205589284,1.2483365524817828e-28,0.1526414316992487,0.36027589124483117,0.08885835383790645,0.7386124200529219,0.9135092954425877,1.2831884093223316,1.2087482232265034,0.4659139785589525,0.31283738919671045,0.6714488158614603,0.6133747347033625,0.06882897673617346,1.583685396406778,1.5836564690069106,-2.8927399867484382e-05,2.8927399867484382e-05,0.21087703033197022,0.21081061630053965
9.600000000000001,1.91,1.0975147142881639e-05,4.3579838312784185e-05,3.956029585909805e-06,1.098533138326364e-05,4.362027763841765e-05,3.959700530429883e-06,1.1046127032661228e-05,4.3861683474382775e-05,3.981614531634637e-06,4.043932563346195e-08,4.043932563346195e-08,2.41405835965128e-07,2.41405835965128e-07,2.8184516159858995e-07,2.8184516159858995e-07,0.006467329217141919,1.5480056645464257,1.0,0.4369674344285572,1.0009279365688146,1.0,0.0,0.0,action_absolute,0.146533869496061,1.0543896951009395e-30,0.11485685465158924,0.5829075333828638,1.5205403539520765e-28,0.1066533286499557,0.23877254389671365,0.18728807642891,0.8851615248091295,0.9126874959830619,1.3214390646344878,1.1497013156171452,0.4654103916120142,0.31102291475406735,0.6682766873270617,0.6099277763803915,0.052512325937099875,0.9999999998666329,0.9999999998659594,-6.7346128673762e-13,6.7346128673762e-13,1.000000000666835,1.0000000006702021
10.4,1.91,7.422066627137991e-06,2.9967976066891604e-05,2.109988157761444e-06,7.429857052893729e-06,2.9999431361532216e-05,2.112202865189214e-06,7.469441003583645e-06,3.015925893335312e-05,2.1234560203263218e-06,3.145529464061215e-08,3.145529464061215e-08,1.5982757182090272e-07,1.5982757182090272e-07,1.9128286646151487e-07,1.9128286646151487e-07,0.0063829090771612956,1.5229622419775668,1.0,0.42065728173279693,1.0010496302643328,1.0,0.0,0.0,action_absolute,0.165750967621994,2.335944856603162e-30,0.12533762689732517,0.5770575928966478,1.88180726947382e-28,0.19108966093919896,0.472461907610346,0.220824975839357,0.9172112592944093,0.9115432868909099,1.380053889253041,1.2559774722814012,0.4844721659430788,0.32294051948144203,0.666582194361574,0.6076185244313045,0.07885407236265168,0.49525462181040975,0.4951731118598022,-8.150995060757227e-05,8.150995060757227e-05,5.116026245971404,5.116948109384212
11.2,1.91,4.558508325247046e-06,1.647338704653586e-05,7.956065947750324e-07,4.563825017742902e-06,1.649260033453329e-05,7.965345289390805e-07,4.587239130623536e-06,1.6577213483465745e-05,8.006210461261758e-07,1.9213287997429772e-08,1.9213287997429772e-08,8.461314893245606e-08,8.461314893245606e-08,1.0382643692988583e-07,1.0382643692988583e-07,0.00630267695626803,1.499419168235305,1.0,0.40507781194222237,1.0011663228662784,1.0,0.0,0.0,action_absolute,0.1841783247057914,4.35670802891429e-30,0.1353663151635882,0.5744380053513664,2.578737728815223e-28,0.26361689275729705,0.7159775670150244,0.25761164719784035,0.9184677605577247,0.9102765370739945,1.4258282983175399,1.3404293458524341,0.5036498080985664,0.3353439232021518,0.6658275607573021,0.6060872062945816,0.0931100902101301,0.15211173650453153,0.15206210798055222,-4.96285239793004e-05,4.96285239793004e-05,9.732656988560846,9.73343113961214
12.0,1.91,2.510496352409041e-06,8.248753478481527e-06,4.859947199334832e-07,2.5136418368656928e-06,8.25908861632326e-06,4.866036388972964e-07,2.526079025539049e-06,8.299953564497129e-06,4.89011293471368e-07,1.0335137841733499e-08,1.0335137841733499e-08,4.0864948173868136e-08,4.0864948173868136e-08,5.1200086015601635e-08,5.1200086015601635e-08,0.006207008870996932,1.4779687035454037,1.0,0.3906686474340275,1.0012529332909141,1.0,0.0,0.0,action_absolute,0.19785529475642574,7.45523732395858e-30,0.14464355018632655,0.573393106385483,3.655828014053595e-28,0.324701506182844,0.9616532811955605,0.21985478162960875,0.877117275313428,0.9093090753098111,1.4365937673271814,1.407463712250409,0.5221458575734037,0.34750230884682526,0.6655272732829698,0.6051699894623972,0.10017040674758611,0.03820529833066001,0.03818555766161061,-1.9740669049403414e-05,1.9740669049403414e-05,11.590530059341788,11.590866096008863
12.8,1.91,6.987855075059003e-07,2.049404607100038e-06,2.0546663607679254e-07,6.99313097453833e-07,2.0509519277847677e-06,2.056217654128553e-07,7.033539352090435e-07,2.0628029341710187e-06,2.0680990874378749e-07,1.5473206847296059e-09,1.5473206847296059e-09,1.1851006386251034e-08,1.1851006386251034e-08,1.339832707098064e-08,1.339832707098064e-08,0.00653766807421187,1.5781226258875372,1.0,0.4562359290923607,1.000755009859629,1.0,0.0,0.0,action_absolute,0.11922637813537218,4.075091138464577e-30,0.10063809092004923,0.5338317353981821,6.464044797676025e-28,0.11428700520012199,0.2580678072267517,0.17569428045847932,0.7916624380790367,0.9085355927859897,1.2989826822344401,1.1597086448540501,0.43407461971515027,0.28408697905904506,0.6544657673039476,0.5946054438556296,0.05401590841414877,0.0023603019998810148,0.0023606318596518117,3.298597707969593e-07,3.298597707969593e-07,12.208729533911647,12.208723771098443
13.600000000000001,1.91,2.232639218051859e-07,5.624585271907594e-07,8.964888708497929e-08,2.234226355498734e-07,5.628583674262979e-07,8.971261664083981e-08,2.2472328901476525e-07,5.661350438652569e-07,9.02348780732647e-08,3.9984023553856e-10,3.9984023553856e-10,3.276676438958969e-09,3.276676438958969e-09,3.676516674497529e-09,3.676516674497529e-09,0.006536511576880455,1.5835144599575646,1.0,0.4596467185984162,1.0007108794981483,1.0,0.0,0.0,action_absolute,0.11225759077709437,7.260776119907669e-30,0.09808481357269962,0.5280146183561462,1.1763496268072915e-27,0.11527755794505871,0.2605959846057573,0.14219344601157302,0.6820402128294519,0.9078264361280733,1.2636971936827857,1.1610009932696252,0.42871223506769324,0.2799023011573001,0.6528908630590022,0.592711585391436,0.054201619681532996,0.0001778103995162375,0.00017783484410575657,2.444458951906094e-08,2.444458951906094e-08,12.246888515611825,12.246888087885845
14.4,1.91,1.1132089718854054e-07,2.7939621165334673e-07,4.078353493040418e-08,1.1141097077759857e-07,2.796222807938982e-07,4.081653429942142e-08,1.1203926738717289e-07,2.8119919669148027e-07,4.1046717107594714e-08,2.260691405514893e-10,2.260691405514893e-10,1.5769158975820447e-09,1.5769158975820447e-09,1.802985038133534e-09,1.802985038133534e-09,0.006453147762685268,1.5609164733916419,1.0,0.4452731317042589,1.0008091345949672,1.0,0.0,0.0,action_absolute,0.1277734137530052,1.8092146306474096e-29,0.10740742647090296,0.5324793388731935,1.7069012966495154e-27,0.19599958236239193,0.48756089689181237,0.14358465010708318,0.6958690603131275,0.9074153676881317,1.307863218786249,1.2618790978739667,0.44461690575259083,0.29082321750521295,0.654098424379398,0.5935389622624591,0.07820411854218712,4.387620741174047e-05,4.387497096899055e-05,-1.2364427499230953e-09,1.2364427499230953e-09,12.249232178402302,12.24923220003937
15.200000000000001,1.91,4.9699298783675594e-08,1.468305233974076e-07,1.1754109575495389e-08,4.974567104662718e-08,1.4696752459877142e-07,1.176507682600669e-08,5.001768282168797e-08,1.4777115024903014e-07,1.1829408844528845e-08,1.3700120136381922e-10,1.3700120136381922e-10,8.036256502587246e-10,8.036256502587246e-10,9.406268516225438e-10,9.406268516225438e-10,0.006406207850098498,1.5399344597018174,1.0,0.4317398568847099,1.000933056684631,1.0,0.0,0.0,action_absolute,0.1473424057776137,3.553129174434373e-29,0.11619019864791928,0.5368619028162445,2.4989089318285435e-27,0.26351295792832896,0.7155942817054621,0.20614409899481195,0.8192935642591993,0.9071167377140325,1.3881158947776673,1.3403122806873127,0.46017642039985507,0.3015496795575044,0.6552914625557797,0.594425853765456,0.09130300599923531,1.2117794898523485e-05,1.2116323150277935e-05,-1.4717482455501007e-09,1.4717482455501007e-09,12.249787939507028,12.2497879652624
16.0,1.91,2.0161477666986808e-08,5.5976306055213045e-08,5.229177569071968e-09,2.0181946553916654e-08,5.6033135852032496e-08,5.2344864777822e-09,2.02889929606423e-08,5.6330339386612566e-08,5.262250547368037e-09,5.682979681945129e-11,5.682979681945129e-11,2.972035345800701e-10,2.972035345800701e-10,3.5403333139952137e-10,3.5403333139952137e-10,0.006324699794415077,1.520124718640573,1.0,0.4187923832293445,1.0010152473577552,1.0,0.0,0.0,action_absolute,0.16032143664472534,6.993678426314407e-29,0.12459912372608362,0.5411693095367239,4.0661507990163114e-27,0.3217878591111364,0.9489298103375201,0.18083051406094844,0.7851133408181694,0.9068694006882028,1.4023798932753477,1.4043428740235022,0.4756050854519726,0.3122211513305756,0.6564714316161453,0.5953338537586602,0.09829559034976477,1.7611625700198853e-06,1.760663456103596e-06,-4.991139162892161e-10,4.991139162892161e-10,12.249969179674409,12.24996918840889
16.8,1.91,9.280470634419696e-09,2.5161429443196977e-08,2.246447868739097e-09,9.290742719145765e-09,2.5189279360000865e-08,2.2489343485470065e-09,9.338558433962476e-09,2.531891844642549e-08,2.260508708821781e-09,2.7849916803888385e-11,2.7849916803888385e-11,1.2963908642462374e-10,1.2963908642462374e-10,1.5748900322851212e-10,1.5748900322851212e-10,0.006259143725679434,1.5013415333766713,1.0,0.40635906399495303,1.0011068495479067,1.0,0.0,0.0,action_absolute,0.17478667470982806,1.2122868565775928e-28,0.13268580337603814,0.5467997386889124,6.163589550707377e-27,0.3729068193667717,1.1893186878231288,0.1777839621892827,0.7837300268086972,0.9070572320234289,1.4268319069328808,1.4580718575681215,0.49146487466623046,0.3233960810855746,0.6580248106341338,0.5968661633365383,0.1016642592032988,3.5584559683205615e-07,3.556984023007634e-07,-1.47194531292731e-10,1.47194531292731e-10,12.249993772702846,12.249993775278748
17.6,1.91,3.2578028990600144e-09,7.509294303181091e-09,8.648403530729403e-10,3.260505747278562e-09,7.515524416959846e-09,8.655578710689816e-10,3.2788640920841604e-09,7.557840732076482e-09,8.704314125002601e-10,6.23011377875518e-12,6.23011377875518e-12,4.231631511663592e-11,4.231631511663592e-11,4.85464288953911e-11,4.85464288953911e-11,0.006464845687939789,1.559816346703205,1.0,0.44456808785883606,1.0008296536967682,1.0,0.0,0.0,action_absolute,0.13101366043207094,1.3815804032703182e-28,0.10702376707827714,0.5280583930704796,1.04079902407468e-26,0.2679119024066777,0.7319116463917812,0.1320001313909301,0.7086688811554653,0.9128698788395936,1.3441232043399376,1.345257621215382,0.44173614182330434,0.28841070383984757,0.6529026641320479,0.5960151759002704,0.09219844440180552,5.6207073804593766e-08,5.548704728925223e-08,-7.200265153415329e-10,7.200265153415329e-10,12.249999016376224,12.249999028976692
18.4,1.91,1.7949803590232282e-09,1.9969300124387082e-09,3.8732741948561017e-10,1.796151055786763e-09,1.9982324219557905e-09,3.875800367101612e-10,1.8066953247695973e-09,2.0099630055720405e-09,3.898553175927363e-10,1.3024095170822066e-12,1.3024095170822066e-12,1.1730583616250023e-11,1.1730583616250023e-11,1.303299313333223e-11,1.303299313333223e-11,0.006526514726180095,1.5896510516836373,1.0,0.463514527796402,1.0006522058905267,1.0,0.0,0.0,action_absolute,0.10299222604095098,1.5929984900300025e-28,0.09421603304878111,0.5139240325215798,1.686044268142297e-26,0.20297833384972,0.5093420730458487,0.0,0.5139240325215797,0.9043734450498737,1.229970175055255,1.2702190003210754,0.41792377909475464,0.27128778987899543,0.649132218479215,0.5870579407189149,0.07894833438248254,5.6207073804593766e-08,5.548704728925223e-08,-7.200265153415329e-10,7.200265153415329e-10,12.249999016376224,12.249999028976692
19.200000000000003,1.91,0.0,0.0,0.0,1e-30,1e-30,1e-30,1.0057161736535278e-30,1.0057161736535278e-30,1.0057161736535278e-30,1e-30,1e-30,5.716173653527695e-33,5.716173653527695e-33,1.0057161736535278e-30,1.0057161736535278e-30,1.0057161736535276,1.5704009692603986,1.0,0.4513309811859851,1.0,1.0,0.0,0.0,action_absolute,0.0,0.0,0.10217329191624851,0.0,0.0,0.26851220272081255,0.7341536078101636,0.0,0.0,-0.0,1.1342561013604062,1.3459310085035026,0.0,0.0,0.0,-0.0,-0.0,5.6207073804593766e-08,5.548704728925223e-08,-7.200265153415329e-10,7.200265153415329e-10,12.249999016376224,12.249999028976692
20.0,1.91,0.0,0.0,0.0,1e-30,1e-30,1e-30,1.0055641423643005e-30,1.0055641423643005e-30,1.0055641423643005e-30,1e-30,1e-30,5.564142364300414e-33,5.564142364300414e-33,1.0055641423643005e-30,1.0055641423643005e-30,1.0055641423643005,1.5516627094173834,1.0,0.43932707173589636,1.0,1.0,0.0,0.0,action_absolute,0.0,0.0,0.11002090405486509,0.0,0.0,0.3261537967964966,0.9680363122799913,0.0,0.0,-0.0,1.1630768983982482,1.409016545507328,0.0,0.0,0.0,-0.0,-0.0,5.6207073804593766e-08,5.548704728925223e-08,-7.200265153415329e-10,7.200265153415329e-10,12.249999016376224,12.249999028976692
4.0,2.1,0.00017867004889645144,0.0015131477053595807,0.0003274553896409661,0.00017877485437620122,0.0015140352977242326,0.0003276474706272307,0.00017933541908844649,0.0015187826922275556,0.0003286748388817367,8.875923646518846e-07,8.875923646518846e-07,4.747394503323062e-06,4.747394503323062e-06,5.634986867974947e-06,5.634986867974947e-06,0.003724016398409607,1.280917082806759,1.0,0.24757629233153006,1.0005865867301045,1.0,0.0,0.0,action_absolute,0.09263006356894606,6.191404922662764e-32,0.07718149434815945,0.7360128699223083,2.876680915585937e-29,0.052928468881864164,0.11177290657100736,0.09029178776792637,0.8871122031007128,0.7588606145996815,1.2708152321580917,1.0767321020559757,0.5418441046355835,0.38843268450964824,0.7168716632450732,0.5440056709592521,0.02589862287230096,2.7852099722037846,2.785176977743515,-3.299446026971964e-05,3.299446026971964e-05,11.992541669330063,11.991970372941614
4.8,2.1,0.00019696436268688123,0.0015691859001470418,0.0001514259355000746,0.0001971017321616448,0.001570280302403212,0.00015153154496638349,0.00019786982883865834,0.00157639961484673,0.00015212205665227752,1.0944022561700916e-06,1.0944022561700916e-06,6.119312443518066e-06,6.119312443518066e-06,7.213714699688158e-06,7.213714699688158e-06,0.004597106498989183,1.3602809677586774,1.0,0.30769127235057525,1.0006974331441976,1.0,0.0,0.0,action_absolute,0.1101342276710236,3.021462327953212e-31,0.07111786048012514,0.7485203618253095,2.993543629866562e-29,0.3330127461264275,0.9985580509745398,0.1957340473559828,1.0292175379602544,0.8338819407555509,1.472744269392273,1.4163259993902102,0.5499642624141616,0.396620806157541,0.7211755986043648,0.6013753077897538,0.10020506664894606,13.862567092007044,13.862049644114874,-0.0005174478921698977,0.0005174478921698977,970.7223657673555,970.6417583273977
5.6,2.1,0.00015721856490857018,0.0013021408786046036,5.951256017945483e-05,0.00015738738262755176,0.0013035390878621842,5.9576463412931686e-05,0.0001581011118169154,0.0013094504505200496,5.984663412310538e-05,1.3982092575805585e-06,1.3982092575805585e-06,5.911362657865481e-06,5.911362657865481e-06,7.309571915446039e-06,7.309571915446039e-06,0.005613503143591576,1.4305484675437201,1.0,0.35805791447458585,1.0010737772544849,1.0,0.0,0.0,action_absolute,0.1695641074664653,1.1189020027840053e-31,0.1092096338293002,0.7674334092377953,3.3680340071385254e-29,0.04896323098045846,0.10296811348511037,0.28060102967778355,1.1143064750811715,0.8790192718342125,1.373208491679968,1.0711593535980681,0.5468348909050605,0.39797084492136275,0.7277714928955713,0.6397251677467628,0.028398836529756243,58.00839327626287,58.002395609903424,-0.005997666359448317,0.005997666359448317,20028.18868325027,20023.944929875088
6.4,2.1,0.00010403591235969695,0.0006722716786411398,2.7226001652426842e-05,0.00010417456206411012,0.0006731676218535824,2.726228601804484e-05,0.00010468963361531881,0.0006764959726941476,2.7397079269588993e-05,8.959432124426093e-07,8.959432124426093e-07,3.3283508405651833e-06,3.3283508405651833e-06,4.2242940530077926e-06,4.2242940530077926e-06,0.006283611502936346,1.4775528482269376,1.0,0.3903872383399466,1.001332710035106,1.0,0.0,0.0,action_absolute,0.21045313324572307,7.23822449918625e-31,0.1316552460415761,0.7152842320855273,4.49044403784322e-29,0.23684225745303278,0.6206901777936342,0.28047183716500834,1.074082965340543,0.9010344635291564,1.4570598293529045,1.309910589913548,0.5249818942204559,0.3726547570952299,0.7098430654424451,0.6395930656608254,0.09346799752229035,59.89526182231915,59.89010517983573,-0.005156642483420626,0.005156642483420626,21385.597847885427,21381.827524676537
7.2,2.1,7.600615795903163e-05,0.00012096539000020388,1.7567932971004495e-05,7.610436370615376e-05,0.00012112168650064394,1.759063207893387e-05,7.649011673690668e-05,0.00012173562051680534,1.7679794372748036e-05,1.5629650044006167e-07,1.5629650044006167e-07,6.139340161613995e-07,6.139340161613995e-07,7.702305166014612e-07,7.702305166014612e-07,0.0063673627357392305,1.4921401916441892,1.0,0.40021145959540433,1.001292076191709,1.0,0.0,0.0,action_absolute,0.20403649389174522,1.8967066552088435e-30,0.14069871838435052,0.6301149838467967,8.300513500668875e-29,0.5397550802947837,2.3455123877977533,0.05673892634684577,0.5919361404002053,0.9103279055059946,1.4320463068341547,1.6204236024415644,0.5085809632599883,0.3470600729099493,0.6824086978901156,0.621215680649382,0.1002251017847841,3.532803030333397,3.5325015647116538,-0.00030146562174326874,0.00030146562174326874,28.43030478874576,28.42226827186032
8.0,2.1,6.313932271671021e-05,8.591082183901177e-05,1.3492969246333974e-05,6.322632798820796e-05,8.602920597835762e-05,1.3511562405114838e-05,6.35325586703675e-05,8.64458802226267e-05,1.357700436741148e-05,1.1838413934584923e-07,1.1838413934584923e-07,4.166742442690769e-07,4.166742442690769e-07,5.350583836149261e-07,5.350583836149261e-07,0.0062280673396137645,1.4658274448318904,1.0,0.38241989178356733,1.001377988672576,1.0,0.0,0.0,action_absolute,0.2176032490801084,2.31466180584099e-30,0.1520636193182569,0.6058619156825935,9.73259779186339e-29,0.5891268740470006,2.8676826827286432,0.04473497088292337,0.5580450355574684,0.9133806435265764,1.4452584386335983,1.665287061215118,0.5340456151152255,0.36050632602446664,0.6750478158063031,0.616575608412371,0.09391702747996421,2.3263362796325815,2.3257159807958407,-0.0006202988367407514,0.0006202988367407514,5.363118143522076,5.355937981880033
8.8,2.1,2.2146858152989757e-05,5.8482307325780445e-05,7.04775018007721e-06,2.216711979959613e-05,5.853581143167098e-05,7.054198003173934e-06,2.2289842063537513e-05,5.885987912136116e-05,7.0932516626960905e-06,5.3504105890536094e-08,5.3504105890536094e-08,3.24067689690176e-07,3.24067689690176e-07,3.775717955807121e-07,3.775717955807121e-07,0.00645617132507132,1.5482467554553723,1.0,0.43712316521321565,1.000914876795002,1.0,0.0,0.0,action_absolute,0.14447155267851655,1.1961527331506709e-30,0.11517223325097901,0.5937428199115691,1.2483365525099918e-28,0.1526414316992487,0.36027589124483117,0.08885835383790645,0.7386124190983983,0.9135092952964682,1.2831884090837007,1.2087482232265034,0.4659139785382343,0.31283738909389647,0.6714488156706466,0.6133747344309406,0.06882897670560402,1.5836853935035984,1.5836564661012902,-2.892740230819868e-05,2.892740230819868e-05,0.21087702366607386,0.21081060963008988
9.600000000000001,2.1,1.0975147144544976e-05,4.3579838283542114e-05,3.956029593335701e-06,1.0985331384924636e-05,4.3620277609133014e-05,3.95970053786127e-06,1.1046127034331416e-05,4.3861683444936074e-05,3.981614539107151e-06,4.043932559090024e-08,4.043932559090024e-08,2.414058358030601e-07,2.414058358030601e-07,2.8184516139396034e-07,2.8184516139396034e-07,0.006467329216785986,1.5480056645464257,1.0,0.4369674344285572,1.0009279365684607,1.0,0.0,0.0,action_absolute,0.14653386944017707,1.0543896951730393e-30,0.11485685465158924,0.5829075328199743,1.5205403539455173e-28,0.1066533286499557,0.23877254389671365,0.18728807642891,0.8851615242886848,0.9126874962729261,1.3214390645043765,1.1497013156171452,0.4654103915378921,0.3110229146283638,0.6682766871634008,0.6099277764247298,0.052512325940917225,0.9999999982884127,0.9999999982870764,-1.3362644324388384e-12,1.3362644324388384e-12,1.0000000085579361,1.0000000085646175
10.4,2.1,7.422066645988048e-06,2.9967976016569573e-05,2.109988155945185e-06,7.429857071754877e-06,2.9999431311122257e-05,2.112202863368577e-06,7.469441022545279e-06,3.015925888267459e-05,2.123456018495985e-06,3.1455294552683354e-08,3.1455294552683354e-08,1.598275715523323e-07,1.598275715523323e-07,1.9128286610501564e-07,1.9128286610501564e-07,0.006382909075983429,1.5229622419775668,1.0,0.42065728173279693,1.0010496302631613,1.0,0.0,0.0,action_absolute,0.16575096743702508,2.3359448559848697e-30,0.12533762689732517,0.5770575921272406,1.8818072697539107e-28,0.19108966093919896,0.472461907610346,0.220824975839357,0.9172112581100901,0.9115432868175776,1.3800538889569611,1.2559774722814012,0.48447216590700404,0.32294051934983065,0.6665821941395496,0.6076185241800376,0.07885407233004336,0.495254620163338,0.4951731102118616,-8.15099514763773e-05,8.15099514763773e-05,5.116026264598659,5.1169481280229725
11.2,2.1,4.558508211110759e-06,1.6473387288594874e-05,7.956066236967553e-07,4.5638249035204395e-06,1.6492600577044267e-05,7.965345579027287e-07,4.58723901581507e-06,1.6577213727220892e-05,8.006210752384183e-07,1.9213288449393e-08,1.9213288449393e-08,8.461315017662549e-08,8.461315017662549e-08,1.0382643862601849e-07,1.0382643862601849e-07,0.00630267696661884,1.499419168235305,1.0,0.40507781194222237,1.0011663228765766,1.0,0.0,0.0,action_absolute,0.18417832633201833,4.3567080489792496e-30,0.1353663151635882,0.5744380071959989,2.5787377252411833e-28,0.26361689275729705,0.7159775670150244,0.25761164719784035,0.9184677700624222,0.910276541802674,1.4258283006937142,1.3404293458524341,0.5036498088037761,0.3353439239388765,0.6658275612877832,0.6060872099259513,0.09311009076799893,0.15211174094462554,0.1520621124223271,-4.9628522298450495e-05,4.9628522298450495e-05,9.732656919301581,9.733431070323899
12.0,2.1,2.510495772666222e-06,8.248755203639351e-06,4.859947408958648e-07,2.513641256734526e-06,8.259090344753265e-06,4.866036599513803e-07,2.526078442537465e-06,8.29995530147919e-06,4.890113146296249e-07,1.0335141113913254e-08,1.0335141113913254e-08,4.0864956725926123e-08,4.0864956725926123e-08,5.120009783983938e-08,5.120009783983938e-08,0.006207009006310418,1.4779687035454037,1.0,0.3906686474340275,1.0012529334255613,1.0,0.0,0.0,action_absolute,0.19785531601907297,7.455237484727968e-30,0.14464355018632655,0.5733931785992615,3.655827954694409e-28,0.324701506182844,0.9616532811955605,0.21985478162960875,0.8771174118893031,0.909309081347533,1.4365938014711501,1.407463712250409,0.5221458706675841,0.3475023283900836,0.6655272940218567,0.605170012338724,0.10017041053417665,0.038205314307823125,0.03818557364077993,-1.9740667043195714e-05,1.9740667043195714e-05,11.59052978737159,11.59086582400057
12.8,2.1,6.987848556003396e-07,2.0494060116657032e-06,2.0546690291538923e-07,6.993124452081425e-07,2.050953333856873e-06,2.0562203249763024e-07,7.033532791944846e-07,2.062804348367824e-06,2.0681017737185717e-07,1.5473221911696557e-09,1.5473221911696557e-09,1.1851014510951254e-08,1.1851014510951254e-08,1.339833670212091e-08,1.339833670212091e-08,0.006537668293083172,1.5781226258875372,1.0,0.4562359290923607,1.0007550100772429,1.0,0.0,0.0,action_absolute,0.1192264124995535,4.075091695771373e-30,0.10063809092004923,0.5338317498779482,6.464044336221679e-28,0.11428700520012199,0.2580678072267517,0.17569428045847932,0.7916628051135104,0.9085357764298652,1.2989827739930586,1.1597086448540501,0.4340746642168769,0.28408700989282354,0.6544657712408781,0.5946055676211017,0.054015919657410115,0.002360305234048747,0.002360635095297824,3.298612490771312e-07,3.298612490771312e-07,12.208729477409127,12.208723714570118
13.600000000000001,2.1,2.2326099502214796e-07,5.624660370309668e-07,8.964903371074366e-08,2.2341970764982236e-07,5.628658850326563e-07,8.971276375775564e-08,2.247203440699625e-07,5.661426052353132e-07,9.023502604662074e-08,3.998480016894153e-10,3.998480016894153e-10,3.2767202026569474e-09,3.2767202026569474e-09,3.6765682043463627e-09,3.6765682043463627e-09,0.006536515917927232,1.5835144599575646,1.0,0.4596467185984162,1.00071088381407,1.0,0.0,0.0,action_absolute,0.11225827232012116,7.260784896610017e-30,0.09808481357269962,0.5280181810143497,1.1763487356956012e-27,0.11527755794505871,0.2605959846057573,0.14219344601157302,0.6820491768022422,0.9078268857615499,1.2636994346759833,1.1610009932696252,0.4287129463086926,0.2799031772628408,0.6528918234750437,0.5927127508445285,0.05420172625857119,0.00017781514770952173,0.00017783959448573858,2.444677621685101e-08,2.444677621685101e-08,12.246888432529,12.246888004764756
14.4,2.1,1.113204398240118e-07,2.79399669298023e-07,4.078264730589272e-08,1.1141051354755991e-07,2.796257425026525e-07,4.081564614154948e-08,1.1203880757860824e-07,2.8120267792236835e-07,4.104582394100078e-08,2.2607320462954627e-10,2.2607320462954627e-10,1.5769354197158275e-09,1.5769354197158275e-09,1.8030086243453737e-09,1.8030086243453737e-09,0.006453152320743036,1.5609164733916419,1.0,0.4452731317042589,1.000809139127464,1.0,0.0,0.0,action_absolute,0.12777412949622166,1.8092138663586735e-29,0.10740742647090296,0.5324858816699405,1.7069015343996204e-27,0.19599958236239193,0.48756089689181237,0.14358465010708318,0.695878968506294,0.9074123949596693,1.3078656958345405,1.2618790978739667,0.4446180764716878,0.2908247726596504,0.6541001998108582,0.593538628853969,0.07820407461260753,4.387729340484206e-05,4.3876057328899973e-05,-1.2360759420884464e-09,1.2360759420884464e-09,12.249232159398018,12.249232181028669
15.200000000000001,2.1,4.970030974615742e-08,1.4683687333572945e-07,1.1752941512646323e-08,4.974668352108289e-08,1.4697388214210529e-07,1.1763907807770104e-08,5.001870083240378e-08,1.4777754255572354e-07,1.1828233434043065e-08,1.3700880637584132e-10,1.3700880637584132e-10,8.036604136182543e-10,8.036604136182543e-10,9.406692199940956e-10,9.406692199940956e-10,0.006406219355020855,1.5399344597018174,1.0,0.4317398568847099,1.000933068126986,1.0,0.0,0.0,action_absolute,0.1473442126818525,3.5531016944922706e-29,0.11619019864791928,0.5368861733046687,2.4989079320773075e-27,0.26351295792832896,0.7155942817054621,0.20614409899481195,0.8193146918614107,0.9071009098063043,1.38812117667822,1.3403122806873127,0.4601863597520658,0.30155924291879715,0.6552980907153962,0.5944214942822701,0.09130233638852281,1.211884303234542e-05,1.211737143384407e-05,-1.4715985013499068e-09,1.4715985013499068e-09,12.249787921164845,12.249787946917598
16.0,2.1,2.0159870295921887e-08,5.599406321818235e-08,5.226702916547713e-09,2.0180339815793447e-08,5.605091733345738e-08,5.232009900057159e-09,2.028737770027164e-08,5.634821518221511e-08,5.259760833707582e-09,5.6854115275034756e-11,5.6854115275034756e-11,2.9729784875772933e-10,2.9729784875772933e-10,3.541519640327641e-10,3.541519640327641e-10,0.006324812733321417,1.520124718640573,1.0,0.4187923832293445,1.0010153597007865,1.0,0.0,0.0,action_absolute,0.16033917714513396,6.993496302375941e-29,0.12459912372608362,0.5413070102228134,4.066104307630001e-27,0.3217878591111364,0.9489298103375201,0.18083051406094844,0.7853148004652234,0.9068038810732858,1.4024302581871113,1.4043428740235022,0.475645961899241,0.3122659849792609,0.6565092736883364,0.5953251573411875,0.09829415448401649,1.762280121831144e-06,1.7617810866465032e-06,-4.990351846407198e-10,4.990351846407198e-10,12.249969160117274,12.249969168850383
16.8,2.1,9.294449758160438e-09,2.5099727876293256e-08,2.2409390659192237e-09,9.304730427083539e-09,2.512749089605992e-08,2.2434177874372273e-09,9.35261813100531e-09,2.5256811982120086e-08,2.254963756191456e-09,2.7763019766664474e-11,2.7763019766664474e-11,1.2932108606016585e-10,1.2932108606016585e-10,1.5708410582683033e-10,1.5708410582683033e-10,0.006258398760378457,1.5013415333766713,1.0,0.40635906399495303,1.0011061083970112,1.0,0.0,0.0,action_absolute,0.17466963685156942,1.2120285429279436e-28,0.13268580337603814,0.5466807642513158,6.1647499034724284e-27,0.3729068193667717,1.1893186878231288,0.1777839621892827,0.7826368076195724,0.906738670104343,1.4265586021355996,1.4580718575681215,0.49107572950750017,0.32312383197830424,0.6579918586128561,0.5966266628181061,0.10162346506169574,3.541025074655474e-07,3.539555098688927e-07,-1.4699759665469018e-10,1.4699759665469018e-10,12.2499938032069,12.24999380577936
17.6,2.1,3.484410888318046e-09,7.139226485334225e-09,8.222198924376402e-10,3.4872487590033526e-09,7.145041012440204e-09,8.228895475972678e-10,3.506883785009399e-09,7.185271313112423e-09,8.275228441538902e-10,5.814527105978884e-12,5.814527105978884e-12,4.023030067221956e-11,4.023030067221956e-11,4.6044827778198445e-11,4.6044827778198445e-11,0.006449554146066966,1.559816346703205,1.0,0.44456808785883606,1.0008144477721674,1.0,0.0,0.0,action_absolute,0.12861243706624276,1.372085350547977e-28,0.10702376707827714,0.5253311760113416,1.0452097502090277e-26,0.2679119024066777,0.7319116463917812,0.1320001313909301,0.6787167217905434,0.9037860142270192,1.3366351644987071,1.345257621215382,0.4410367983505292,0.28763048613156583,0.6521689056498219,0.5894211358400495,0.09117840286518317,5.6207073804593766e-08,5.548704728925223e-08,-7.200265153415329e-10,7.200265153415329e-10,12.249999016376224,12.249999028976692
18.4,2.1,1.7949803590232282e-09,1.9969300124387082e-09,3.8732741948561017e-10,1.796151055786763e-09,1.9982324219557905e-09,3.875800367101612e-10,1.8066953247695973e-09,2.0099630055720405e-09,3.898553175927363e-10,1.3024095170822066e-12,1.3024095170822066e-12,1.1730583616250023e-11,1.1730583616250023e-11,1.303299313333223e-11,1.303299313333223e-11,0.006526514726180095,1.5896510516836373,1.0,0.463514527796402,1.0006522058905267,1.0,0.0,0.0,action_absolute,0.10299222604095098,1.5929984900300025e-28,0.09421603304878111,0.5139240325215798,1.686044268142297e-26,0.20297833384972,0.5093420730458487,0.0,0.5139240325215797,0.9043734450498737,1.229970175055255,1.2702190003210754,0.41792377909475464,0.27128778987899543,0.649132218479215,0.5870579407189149,0.07894833438248254,5.6207073804593766e-08,5.548704728925223e-08,-7.200265153415329e-10,7.200265153415329e-10,12.249999016376224,12.249999028976692
19.200000000000003,2.1,0.0,0.0,0.0,1e-30,1e-30,1e-30,1.0057161736535278e-30,1.0057161736535278e-30,1.0057161736535278e-30,1e-30,1e-30,5.716173653527695e-33,5.716173653527695e-33,1.0057161736535278e-30,1.0057161736535278e-30,1.0057161736535276,1.5704009692603986,1.0,0.4513309811859851,1.0,1.0,0.0,0.0,action_absolute,0.0,0.0,0.10217329191624851,0.0,0.0,0.26851220272081255,0.7341536078101636,0.0,0.0,-0.0,1.1342561013604062,1.3459310085035026,0.0,0.0,0.0,-0.0,-0.0,5.6207073804593766e-08,5.548704728925223e-08,-7.200265153415329e-10,7.200265153415329e-10,12.249999016376224,12.249999028976692
20.0,2.1,0.0,0.0,0.0,1e-30,1e-30,1e-30,1.0055641423643005e-30,1.0055641423643005e-30,1.0055641423643005e-30,1e-30,1e-30,5.564142364300414e-33,5.564142364300414e-33,1.0055641423643005e-30,1.0055641423643005e-30,1.0055641423643005,1.5516627094173834,1.0,0.43932707173589636,1.0,1.0,0.0,0.0,action_absolute,0.0,0.0,0.11002090405486509,0.0,0.0,0.3261537967964966,0.9680363122799913,0.0,0.0,-0.0,1.1630768983982482,1.409016545507328,0.0,0.0,0.0,-0.0,-0.0,5.6207073804593766e-08,5.548704728925223e-08,-7.200265153415329e-10,7.200265153415329e-10,12.249999016376224,12.249999028976692
4.0,2.29,0.00018027394449992678,0.0015165215975457566,0.000325909424527153,0.0001803797838181041,0.0015174119514586898,0.0003261007668277567,0.0001809453809316561,0.0015221699337649543,0.0003271232852527198,8.903539129331665e-07,8.903539129331665e-07,4.757982306264523e-06,4.757982306264523e-06,5.64833621919769e-06,5.64833621919769e-06,0.0037245339785062096,1.280917082806759,1.0,0.24757629233153006,1.0005871026923547,1.0,0.0,0.0,action_absolute,0.09271154106168705,6.193330287330583e-32,0.07718149434815945,0.7367115082067348,2.8765600733876015e-29,0.052928468881864164,0.11177290657100736,0.09029178776792637,0.8877421752199498,0.7588753045844556,1.270972725187901,1.0767321020559757,0.5425714087112334,0.38908383560769794,0.7171108343727259,0.5441977028554155,0.025907764985928967,2.8241663412123734,2.82413257449763,-3.3766714743421744e-05,3.3766714743421744e-05,12.676561046513992,12.6759599359078
4.8,2.29,0.00019709953982198963,0.0015692707255705526,0.00015136618352501425,0.00019723700394460797,0.0015703651899393483,0.00015147175160310893,0.0001980056277697386,0.0015764848331858163,0.00015206203027692776,1.0944643687956813e-06,1.0944643687956813e-06,6.119643246467986e-06,6.119643246467986e-06,7.214107615263667e-06,7.214107615263667e-06,0.004597108387809105,1.3602809677586774,1.0,0.30769127235057525,1.0006974350256854,1.0,0.0,0.0,action_absolute,0.11013452478365082,3.021503916693053e-31,0.07111786048012514,0.7484930182166264,2.9935056803461914e-29,0.3330127461264275,0.9985580509745398,0.1957340473559828,1.029169788500792,0.8339149290564595,1.4727323320274075,1.4163259993902102,0.5500002548145826,0.396641559984666,0.7211661385836681,0.6013912092949204,0.1002077162612005,13.874866006142947,13.874347696258676,-0.0005183098842707068,0.0005183098842707068,972.6392616951304,972.5584402947133
5.6,2.29,0.0001572263181977874,0.001302136037711578,5.9510664731866635e-05,0.00015739514314470012,0.0013035342326827484,5.9574565514695235e-05,0.00015810890752689512,0.001309445573323072,5.9844727618172845e-05,1.398194971170396e-06,1.398194971170396e-06,5.911340640323611e-06,5.911340640323611e-06,7.309535611494007e-06,7.309535611494007e-06,0.005613496132355,1.4305484675437201,1.0,0.35805791447458585,1.0010737702748997,1.0,0.0,0.0,action_absolute,0.16956300529454255,1.11890055890025e-31,0.1092096338293002,0.767425709396783,3.368032335380165e-29,0.04896323098045846,0.10296811348511037,0.28060102967778355,1.1142990628078095,0.8790218427749333,1.3732066386116275,1.0711593535980681,0.5468363103267052,0.39797039793453204,0.7277687864157488,0.6397246597492484,0.028398813978606007,58.0113906101614,58.00539223010297,-0.00599838005842912,0.00599838005842912,20030.30966760169,20026.065184523763
6.4,2.29,0.00010403630242541177,0.0006722711687264393,2.722592837681373e-05,0.00010417495251918051,0.0006731671104161083,2.72622126106281e-05,0.00010469002600092094,0.000676495458727967,2.7397005499223068e-05,8.95941689669057e-07,8.95941689669057e-07,3.328348311858664e-06,3.328348311858664e-06,4.224290001527721e-06,4.224290001527721e-06,0.006283610242471472,1.4775528482269376,1.0,0.3903872383399466,1.0013327087808426,1.0,0.0,0.0,action_absolute,0.21045293518039931,7.2382223958621545e-31,0.1316552460415761,0.7152833617100905,4.4904440379221904e-29,0.23684225745303278,0.6206901777936342,0.28047183716500834,1.074082131255197,0.9010345727767999,1.4570596208315678,1.309910589913548,0.5249819617054499,0.37265465152107174,0.7098427730935183,0.6395928797930172,0.09346797036018874,59.89541429645133,59.890257584506784,-0.0051567119445437015,0.0051567119445437015,21385.709335709264,21381.938951887212
7.2,2.29,7.600618152035305e-05,0.0001209653785345788,1.7567928710557628e-05,7.61043872896514e-05,0.00012112167500704759,1.7590627811071406e-05,7.649014043994287e-05,0.00012173560896495097,1.7679790083252895e-05,1.562964724687976e-07,1.562964724687976e-07,6.139339579033814e-07,6.139339579033814e-07,7.70230430372179e-07,7.70230430372179e-07,0.006367362626422925,1.4921401916441892,1.0,0.40021145959540433,1.001292076082944,1.0,0.0,0.0,action_absolute,0.20403647671627975,1.8967065566229963e-30,0.14069871838435052,0.6301149135783836,8.300513341914979e-29,0.5397550802947837,2.3455123877977533,0.05673892634684577,0.5919360933122609,0.9103279044517103,1.4320462950621684,1.6204236024415644,0.5085809711420645,0.34706006728921396,0.6824086762622268,0.6212156602414585,0.10022509849223003,3.5328033372915923,3.532501871230638,-0.0003014660609541586,0.0003014660609541586,28.430312972263458,28.42227644251358
8.0,2.29,6.313932448353328e-05,8.59108209023412e-05,1.349296893076647e-05,6.322632975681674e-05,8.602920503951332e-05,1.3511562088973803e-05,6.353256044754235e-05,8.64458792792352e-05,1.3577004049739247e-05,1.1838413717211874e-07,1.1838413717211874e-07,4.1667423972187876e-07,4.1667423972187876e-07,5.350583768939975e-07,5.350583768939975e-07,0.006228067329285831,1.4658274448318904,1.0,0.38241989178356733,1.0013779886622978,1.0,0.0,0.0,action_absolute,0.21760324745703216,2.3146617940958976e-30,0.1520636193182569,0.6058619100469087,9.73259777758141e-29,0.5891268740470006,2.8676826827286432,0.04473497088292337,0.5580450335765653,0.9133806425135125,1.4452584381383724,1.665287061215118,0.53404561582292,0.36050632560177887,0.6750478141202761,0.6165756061885199,0.09391702714122636,2.326336276670088,2.325715977794627,-0.0006202988754613337,0.0006202988754613337,5.363118109218763,5.355937947151638
8.8,2.29,2.2146858212243307e-05,5.8482307259025914e-05,7.047750161940811e-06,2.216711985888473e-05,5.8535811364804784e-05,7.054197985014845e-06,2.2289842123154345e-05,5.885987905412477e-05,7.093251644436468e-06,5.3504105778870046e-08,5.3504105778870046e-08,3.240676893199887e-07,3.240676893199887e-07,3.7757179509885876e-07,3.7757179509885876e-07,0.006456171324201405,1.5482467554553723,1.0,0.43712316521321565,1.000914876794137,1.0,0.0,0.0,action_absolute,0.14447155254190158,1.1961527326390633e-30,0.11517223325097901,0.5937428193931094,1.248336552549764e-28,0.1526414316992487,0.36027589124483117,0.08885835383790645,0.7386124182733728,0.9135092950845572,1.2831884088774443,1.2087482232265034,0.4659139785386467,0.3128373890229726,0.671448815517827,0.6133747341490511,0.0688289766739722,1.5836853913226883,1.583656463918139,-2.8927404549294877e-05,2.8927404549294877e-05,0.2108770186585572,0.21081060461821696
9.600000000000001,2.29,1.0975147148612469e-05,4.357983826979479e-05,3.956029592150136e-06,1.0985331388994014e-05,4.3620277595365435e-05,3.959700536673925e-06,1.1046127038423315e-05,4.3861683431092296e-05,3.981614537913234e-06,4.043932557064599e-08,4.043932557064599e-08,2.41405835726861e-07,2.41405835726861e-07,2.81845161297507e-07,2.81845161297507e-07,0.006467329216612859,1.5480056645464257,1.0,0.4369674344285572,1.0009279365682886,1.0,0.0,0.0,action_absolute,0.146533869413024,1.054389695117497e-30,0.11485685465158924,0.5829075326954241,1.5205403539759331e-28,0.1066533286499557,0.23877254389671365,0.18728807642891,0.8851615241092997,0.9126874962560492,1.3214390644595304,1.1497013156171452,0.4654103915025452,0.3110229145878883,0.6682766871271876,0.6099277763804,0.052512325937100604,0.9999999976954087,0.9999999976937505,-1.6582291095801338e-12,1.6582291095801338e-12,1.000000011522956,1.000000011531247
10.4,2.29,7.422066674332488e-06,2.9967976025562966e-05,2.109988126980817e-06,7.4298571001276195e-06,2.999943132011924e-05,2.1122028343733956e-06,7.469441051069182e-06,3.0159258891719505e-05,2.1234559893463264e-06,3.1455294556274774e-08,3.1455294556274774e-08,1.598275716002642e-07,1.598275716002642e-07,1.9128286615653896e-07,1.9128286615653896e-07,0.006382909075787196,1.5229622419775668,1.0,0.42065728173279693,1.0010496302629661,1.0,0.0,0.0,action_absolute,0.1657509674062015,2.3359448533490893e-30,0.12533762689732517,0.5770575937977077,1.8818072701279693e-28,0.19108966093919896,0.472461907610346,0.220824975839357,0.9172112585624159,0.9115432849486551,1.3800538890700427,1.2559774722814012,0.4844721661030459,0.32294051971404314,0.6665821946215886,0.6076185233736466,0.07885407222539348,0.4952546207157742,0.49517311076397547,-8.150995179873055e-05,8.150995179873055e-05,5.116026258350984,5.11694812177838
11.2,2.29,4.5585081660190835e-06,1.6473387671554577e-05,7.956065792357084e-07,4.563824858435113e-06,1.6492600960663622e-05,7.965345134001128e-07,4.587238970498439e-06,1.657721411280836e-05,8.006210305074876e-07,1.921328910904532e-08,1.921328910904532e-08,8.461315214473703e-08,8.461315214473703e-08,1.0382644125378235e-07,1.0382644125378235e-07,0.006302676979615108,1.499419168235305,1.0,0.40507781194222237,1.0011663228895062,1.0,0.0,0.0,action_absolute,0.18417832837378362,4.3567080352602524e-30,0.1353663151635882,0.574438023443826,2.578737721754412e-28,0.26361689275729705,0.7159775670150244,0.25761164719784035,0.9184677846791968,0.9102765337790458,1.4258283043479079,1.3404293458524341,0.5036498110268487,0.3353439277723966,0.6658275659603493,0.6060872088369258,0.0931100906006975,0.1521117480628422,0.1520621195421232,-4.962852071899171e-05,4.962852071899171e-05,9.732656808267343,9.73343095926061
12.0,2.29,2.510495990417262e-06,8.24875376551266e-06,4.859948941395019e-07,2.5136414745152593e-06,8.259088904025828e-06,4.866038133399542e-07,2.5260786613957506e-06,8.299953853623212e-06,4.890114687771466e-07,1.0335138513168046e-08,1.0335138513168046e-08,4.086494959738493e-08,4.086494959738493e-08,5.120008811055298e-08,5.120008811055298e-08,0.00620700890898407,1.4779687035454037,1.0,0.3906686474340275,1.0012529333287143,1.0,0.0,0.0,action_absolute,0.19785530072561153,7.455237595081214e-30,0.14464355018632655,0.5733930785188157,3.6558279871948243e-28,0.324701506182844,0.9616532811955605,0.21985478162960875,0.8771172992589951,0.909309125993386,1.436593773313573,1.407463712250409,0.5221458522321835,0.3475023011133877,0.6655272652800147,0.6051700159165385,0.1001704111263923,0.0382053009617196,0.03818556029420535,-1.9740667514249466e-05,1.9740667514249466e-05,11.590530014554753,11.590866051195043
12.8,2.29,6.987843054667026e-07,2.049407164373645e-06,2.0546712359160915e-07,6.993118947859809e-07,2.050954487807095e-06,2.0562225337775592e-07,7.033527255918211e-07,2.0628055089859117e-06,2.068103995282935e-07,1.547323433450199e-09,1.547323433450199e-09,1.1851021178816637e-08,1.1851021178816637e-08,1.3398344612266836e-08,1.3398344612266836e-08,0.006537668475635362,1.5781226258875372,1.0,0.4562359290923607,1.0007550102587464,1.0,0.0,0.0,action_absolute,0.11922644116143405,4.075092160598787e-30,0.10063809092004923,0.533831761956101,6.464043951341822e-28,0.11428700520012199,0.2580678072267517,0.17569428045847932,0.7916631112425582,0.9085359295993752,1.2989828505253205,1.1597086448540501,0.4340746973553115,0.28408703300627497,0.6544657745248297,0.5946056708488913,0.05401592903496103,0.0023603078882808537,0.0023606377507568673,3.298624760136523e-07,3.298624760136523e-07,12.20872943103838,12.208723668177944
13.600000000000001,2.29,2.232615842182344e-07,5.624665966500286e-07,8.964824685951624e-08,2.234202973463169e-07,5.628664452550129e-07,8.971197637991721e-08,2.2472093719937147e-07,5.661431687190008e-07,9.023423408506718e-08,3.998486049842909e-10,3.998486049842909e-10,3.2767234639879043e-09,3.2767234639879043e-09,3.676572068972195e-09,3.676572068972195e-09,0.006536516285356922,1.5835144599575646,1.0,0.4596467185984162,1.000710884179373,1.0,0.0,0.0,action_absolute,0.11225833000647253,7.260781605492713e-30,0.09808481357269962,0.5280197945307815,1.1763491354089637e-27,0.11527755794505871,0.2605959846057573,0.14219344601157302,0.6820504454706652,0.9078255609830228,1.263699751843089,1.1610009932696252,0.4287132700889307,0.2799035751341509,0.6528922584460441,0.5927122807852527,0.0542016832731214,0.00017781550164771938,0.00017783994860244616,2.4446954726781373e-08,2.4446954726781373e-08,12.246888426335868,12.2468879985685
14.4,2.29,1.1131786841462659e-07,2.7939705681149466e-07,4.0786100514704094e-08,1.1140793964360106e-07,2.796231268632956e-07,4.081910199282037e-08,1.1203621915924647e-07,2.8120004753224376e-07,4.1049299281372445e-08,2.2607005180091596e-10,2.2607005180091596e-10,1.5769206689481768e-09,1.5769206689481768e-09,1.8029907207490928e-09,1.8029907207490928e-09,0.0064531485811804585,1.5609164733916419,1.0,0.4452731317042589,1.0008091354088724,1.0,0.0,0.0,action_absolute,0.1277735422797467,1.8092223640951348e-29,0.10740742647090296,0.5324706060175548,1.7068965601937106e-27,0.19599958236239193,0.48756089689181237,0.14358465010708318,0.695867255817441,0.9074250518596708,1.3078627676623271,1.2618790978739667,0.4446151283567453,0.2908210013124604,0.6540960546873581,0.593543146345882,0.07820466983296465,4.3876472818902545e-05,4.38752364400368e-05,-1.2363788657427602e-09,1.2363788657427602e-09,12.249232173757822,12.249232195393775
15.200000000000001,2.29,4.967571039074503e-08,1.468720582307213e-07,1.1762280000545826e-08,4.97220657498006e-08,1.4700911328118686e-07,1.1773256083392928e-08,4.999394844993777e-08,1.4781296634040577e-07,1.1837632826496609e-08,1.3705505046554554e-10,1.3705505046554554e-10,8.038530592189135e-10,8.038530592189135e-10,9.40908109684459e-10,9.40908109684459e-10,0.006406311186886116,1.5399344597018174,1.0,0.4317398568847099,1.0009331594594408,1.0,0.0,0.0,action_absolute,0.14735863532505442,3.5533660362578913e-29,0.11619019864791928,0.5368226415498417,2.498812114529351e-27,0.26351295792832896,0.7155942817054621,0.20614409899481195,0.8194617171975535,0.9072272012461313,1.3881579330122558,1.3403122806873127,0.46017874220757127,0.3015462671749917,0.6552807409755887,0.5944885126657745,0.0913126303214539,1.2124651525205085e-05,1.212318143379018e-05,-1.470091414905469e-09,1.470091414905469e-09,12.249787819517099,12.249787845243477
16.0,2.29,2.011529603474338e-08,5.610123846147463e-08,5.233258414591782e-09,2.0135735443614594e-08,5.615824364544583e-08,5.238575995216985e-09,2.024253674349213e-08,5.645611076020646e-08,5.266361755879322e-09,5.700518397119861e-11,5.700518397119861e-11,2.9786711476063047e-10,2.9786711476063047e-10,3.548722987318291e-10,3.548722987318291e-10,0.0063255697817709315,1.520124718640573,1.0,0.4187923832293445,1.0010161127549857,1.0,0.0,0.0,action_absolute,0.16045809469775255,6.994759956061764e-29,0.12459912372608362,0.5415392062573733,4.065316595002466e-27,0.3217878591111364,0.9489298103375201,0.18083051406094844,0.7865284897150572,0.9070552828249248,1.4027336804995698,1.4043428740235022,0.4757099087102277,0.3123383300643215,0.6565731012649101,0.595548100063081,0.09833096456347752,1.7690327504325792e-06,1.7685344639663764e-06,-4.982864662028718e-10,4.982864662028718e-10,12.249969041946422,12.249969050666426
16.8,2.29,9.393468799889236e-09,2.4786835692657357e-08,2.2555613727029972e-09,9.403810030755953e-09,2.4814123417332206e-08,2.2580445108691077e-09,9.452207657534979e-09,2.494183172705698e-08,2.2696657574840485e-09,2.728772467484886e-11,2.728772467484886e-11,1.277083097247729e-10,1.277083097247729e-10,1.5499603439962176e-10,1.5499603439962176e-10,0.006253159391601425,1.5013415333766713,1.0,0.40635906399495303,1.0011008958550902,1.0,0.0,0.0,action_absolute,0.17384650522462858,1.2119772370177503e-28,0.13268580337603814,0.5432180507548596,6.170586853108524e-27,0.3729068193667717,1.1893186878231288,0.1777839621892827,0.7741202161518419,0.9071615083644379,1.424429454268667,1.4580718575681215,0.4904708457083839,0.32225662122098897,0.6570352224617058,0.596037063456925,0.10152303855745878,3.4532908022367857e-07,3.4518213011093127e-07,-1.4695011274729684e-10,1.4695011274729684e-10,12.24999395674184,12.249993959313464
17.6,2.29,3.4844108883180457e-09,7.139226485334225e-09,8.222198924376402e-10,3.487248759003352e-09,7.145041012440204e-09,8.228895475972678e-10,3.5068837850093984e-09,7.185271313112423e-09,8.275228441538902e-10,5.814527105978884e-12,5.814527105978884e-12,4.023030067221956e-11,4.023030067221956e-11,4.6044827778198445e-11,4.6044827778198445e-11,0.006449554146066966,1.559816346703205,1.0,0.44456808785883606,1.0008144477721674,1.0,0.0,0.0,action_absolute,0.12861243706624276,1.372085350547977e-28,0.10702376707827714,0.5253311760113416,1.0452097502090277e-26,0.2679119024066777,0.7319116463917812,0.1320001313909301,0.6787167217905434,0.9037860142270192,1.3366351644987071,1.345257621215382,0.4410367983505292,0.28763048613156583,0.6521689056498219,0.5894211358400495,0.09117840286518317,5.6207073804593766e-08,5.548704728925223e-08,-7.200265153415329e-10,7.200265153415329e-10,12.249999016376224,12.249999028976692
18.4,2.29,1.7949803590232282e-09,1.9969300124387082e-09,3.8732741948561017e-10,1.796151055786763e-09,1.9982324219557905e-09,3.875800367101612e-10,1.8066953247695973e-09,2.0099630055720405e-09,3.898553175927363e-10,1.3024095170822066e-12,1.3024095170822066e-12,1.1730583616250023e-11,1.1730583616250023e-11,1.303299313333223e-11,1.303299313333223e-11,0.006526514726180095,1.5896510516836373,1.0,0.463514527796402,1.0006522058905267,1.0,0.0,0.0,action_absolute,0.10299222604095098,1.5929984900300025e-28,0.09421603304878111,0.5139240325215798,1.686044268142297e-26,0.20297833384972,0.5093420730458487,0.0,0.5139240325215797,0.9043734450498737,1.229970175055255,1.2702190003210754,0.41792377909475464,0.27128778987899543,0.649132218479215,0.5870579407189149,0.07894833438248254,5.6207073804593766e-08,5.548704728925223e-08,-7.200265153415329e-10,7.200265153415329e-10,12.249999016376224,12.249999028976692
19.200000000000003,2.29,0.0,0.0,0.0,1e-30,1e-30,1e-30,1.0057161736535278e-30,1.0057161736535278e-30,1.0057161736535278e-30,1e-30,1e-30,5.716173653527695e-33,5.716173653527695e-33,1.0057161736535278e-30,1.0057161736535278e-30,1.0057161736535276,1.5704009692603986,1.0,0.4513309811859851,1.0,1.0,0.0,0.0,action_absolute,0.0,0.0,0.10217329191624851,0.0,0.0,0.26851220272081255,0.7341536078101636,0.0,0.0,-0.0,1.1342561013604062,1.3459310085035026,0.0,0.0,0.0,-0.0,-0.0,5.6207073804593766e-08,5.548704728925223e-08,-7.200265153415329e-10,7.200265153415329e-10,12.249999016376224,12.249999028976692
20.0,2.29,0.0,0.0,0.0,1e-30,1e-30,1e-30,1.0055641423643005e-30,1.0055641423643005e-30,1.0055641423643005e-30,1e-30,1e-30,5.564142364300414e-33,5.564142364300414e-33,1.0055641423643005e-30,1.0055641423643005e-30,1.0055641423643005,1.5516627094173834,1.0,0.43932707173589636,1.0,1.0,0.0,0.0,action_absolute,0.0,0.0,0.11002090405486509,0.0,0.0,0.3261537967964966,0.9680363122799913,0.0,0.0,-0.0,1.1630768983982482,1.409016545507328,0.0,0.0,0.0,-0.0,-0.0,5.6207073804593766e-08,5.548704728925223e-08,-7.200265153415329e-10,7.200265153415329e-10,12.249999016376224,12.249999028976692
4.0,2.4800000000000004,0.00018188022143403752,0.0015198330466008035,0.0003243748766724725,0.00018198709519181777,0.0015207261083510484,0.00032456548102585497,0.00018255773217543895,0.0015254944824957578,0.00032558318542343843,8.930617502449657e-07,8.930617502449657e-07,4.768374144709401e-06,4.768374144709401e-06,5.661435894954367e-06,5.661435894954367e-06,0.0037250380281021677,1.280917082806759,1.0,0.24757629233153006,1.000587605166398,1.0,0.0,0.0,action_absolute,0.09279088858215778,6.195207387696454e-32,0.07718149434815945,0.7373895431433497,2.876436969381539e-29,0.052928468881864164,0.11177290657100736,0.09029178776792637,0.8883488013290995,0.7588920048651987,1.2711243817151885,1.0767321020559757,0.5432886708183449,0.3897243754046939,0.7173430927938547,0.5443859378665307,0.025916726340239185,2.863330704368112,2.8632961521030365,-3.455226507576015e-05,3.455226507576015e-05,13.383354689665474,13.382722679747207
4.8,2.4800000000000004,0.00019723472712080903,0.0015693552359671088,0.00015130647232297316,0.0001973722858791983,0.00157044976207254,0.00015141199902596732,0.00019814143689200647,0.0015765697348928466,0.00015200204484665266,1.0945261054312334e-06,1.0945261054312334e-06,6.119972820306475e-06,6.119972820306475e-06,7.2144989257377085e-06,7.2144989257377085e-06,0.004597110176455239,1.3602809677586774,1.0,0.30769127235057525,1.0006974368073884,1.0,0.0,0.0,action_absolute,0.11013480613890769,3.0215453209304653e-31,0.07111786048012514,0.7484655663114287,2.993467745694783e-29,0.3330127461264275,0.9985580509745398,0.1957340473559828,1.029121952007604,0.8339479067863083,1.4727203729041105,1.4163259993902102,0.5500362011730254,0.39666225944159555,0.7211566413186268,0.6014070714927133,0.10021035932380458,13.88716695832063,13.886647785432439,-0.000519172888191477,0.000519172888191477,974.5583665310905,974.4773307340301
5.6,2.4800000000000004,0.00015723407141749095,0.001302131195698094,5.95087694011172e-05,0.0001574029035920461,0.0013035293763808424,5.957266773340941e-05,0.00015811670316675592,0.001309440694998534,5.984282123072129e-05,1.398180682748388e-06,1.398180682748388e-06,5.911318617691629e-06,5.911318617691629e-06,7.309499300440017e-06,7.309499300440017e-06,0.005613489120442487,1.4305484675437201,1.0,0.35805791447458585,1.0010737632946416,1.0,0.0,0.0,action_absolute,0.1695619030163657,1.1188991145644463e-31,0.1092096338293002,0.7674180092973474,3.368030663815032e-29,0.04896323098045846,0.10296811348511037,0.28060102967778355,1.1142916503198257,0.8790244134175882,1.3732047854896314,1.0711593535980681,0.5468377295091886,0.39796995072563845,0.727766079862182,0.6397241514560722,0.028398791414330677,58.01438788134137,58.008388787529235,-0.005999093812135925,0.005999093812135925,20032.43071986858,20028.18550700041
6.4,2.4800000000000004,0.0001040366924901613,0.000672270658810036,2.7225855101631526e-05,0.00010417534297328337,0.0006731665989769307,2.7262139203643032e-05,0.00010469041838555076,0.0006764949447600743,2.7396931729290953e-05,8.959401668946375e-07,8.959401668946375e-07,3.328345783143688e-06,3.328345783143688e-06,4.224285950038325e-06,4.224285950038325e-06,0.0062836089820067316,1.4775528482269376,1.0,0.3903872383399466,1.0013327075265794,1.0,0.0,0.0,action_absolute,0.21045273711510193,7.2382202925266725e-31,0.1316552460415761,0.7152824913374339,4.490444038003538e-29,0.23684225745303278,0.6206901777936342,0.28047183716500834,1.0740812971703386,0.9010346820211551,1.4570594123103533,1.309910589913548,0.5249820291892272,0.37265454594662434,0.7098424807457606,0.6395926939238643,0.09346794319789063,59.895566769515405,59.890409988109226,-0.005156781406178368,0.005156781406178368,21385.820823042715,21382.050378606924
7.2,2.4800000000000004,7.600620508195545e-05,0.0001209653670688274,1.7567924450041457e-05,7.61044108734303e-05,0.00012112166351332468,1.7590623543139532e-05,7.649016414326175e-05,0.00012173559741296941,1.7679785793687997e-05,1.56296444497276e-07,1.56296444497276e-07,6.139338996447263e-07,6.139338996447263e-07,7.702303441420023e-07,7.702303441420023e-07,0.006367362517105853,1.4921401916441892,1.0,0.40021145959540433,1.0012920759741781,1.0,0.0,0.0,action_absolute,0.20403645954063654,1.896706458035893e-30,0.14069871838435052,0.6301148433093944,8.300513183159487e-29,0.5397550802947837,2.3455123877977533,0.05673892634684577,0.5919360462240219,0.9103279033972314,1.4320462832901086,1.6204236024415644,0.5085809790242124,0.34706006166843795,0.6824086546341624,0.6212156398332425,0.10022509519962879,3.53280364425829,3.5325021777581194,-0.00030146650017082166,0.00030146650017082166,28.430321156009022,28.422284613394506
8.0,2.4800000000000004,6.313932625028321e-05,8.59108199667477e-05,1.3492968614758651e-05,6.322633152535272e-05,8.60292041017482e-05,1.3511561772391943e-05,6.353256222464408e-05,8.64458783369281e-05,1.3577003731624051e-05,1.1838413500050245e-07,1.1838413500050245e-07,4.1667423517989836e-07,4.1667423517989836e-07,5.350583701804008e-07,5.350583701804008e-07,0.006228067318965159,1.4658274448318904,1.0,0.38241989178356733,1.0013779886520269,1.0,0.0,0.0,action_absolute,0.2176032458351355,2.3146617823498086e-30,0.1520636193182569,0.605861904420752,9.732597763314594e-29,0.5891268740470006,2.8676826827286432,0.04473497088292337,0.5580450316041937,0.9133806414947753,1.4452584376452795,1.665287061215118,0.5340456165328311,0.36050632518210973,0.6750478124370994,0.6165756039634426,0.09391702680230175,2.326336273832506,2.325715974918291,-0.0006202989142147786,0.0006202989142147786,5.363118076361823,5.3559379138682655
8.8,2.4800000000000004,2.2146858270532902e-05,5.848230718768981e-05,7.047750146085177e-06,2.2167119917207728e-05,5.85358112933508e-05,7.054197969138364e-06,2.2289842181800236e-05,5.88598789822752e-05,7.093251628472092e-06,5.3504105660990165e-08,5.3504105660990165e-08,3.24067688924404e-07,3.24067688924404e-07,3.7757179458539417e-07,3.7757179458539417e-07,0.006456171323296747,1.5482467554553723,1.0,0.43712316521321565,1.0009148767932372,1.0,0.0,0.0,action_absolute,0.14447155239983225,1.1961527321445531e-30,0.11517223325097901,0.5937428188013033,1.2483365525809008e-28,0.1526414316992487,0.36027589124483117,0.08885835383790645,0.7386124173819069,0.9135092949214365,1.2831884086545777,1.2087482232265034,0.46591397852499256,0.312837388932531,0.6714488153433881,0.6133747338801723,0.06882897664380035,1.5836853887134927,1.5836564613066226,-2.8927406870105088e-05,2.8927406870105088e-05,0.21087701266766848,0.2108105986229438
9.600000000000001,2.4800000000000004,1.0975147142501783e-05,4.3579838309926065e-05,3.9560295877021215e-06,1.0985331382883013e-05,4.362027763555521e-05,3.959700532223712e-06,1.1046127032278496e-05,4.3861683471504496e-05,3.981614533438393e-06,4.043932562914547e-08,4.043932562914547e-08,2.414058359492851e-07,2.414058359492851e-07,2.8184516157843056e-07,2.8184516157843056e-07,0.0064673292171034845,1.5480056645464257,1.0,0.4369674344285572,1.0009279365687764,1.0,0.0,0.0,action_absolute,0.1465338694900579,1.0543896951268331e-30,0.11485685465158924,0.5829075332925521,1.520540353944639e-28,0.1066533286499557,0.23877254389671365,0.18728807642891,0.8851615247384971,0.912687496045802,1.3214390646168297,1.1497013156171452,0.4654103916079277,0.3110229147391156,0.6682766873008035,0.6099277763983537,0.05251232593864634,0.9999999996784092,0.9999999996776642,-7.450706718259426e-13,7.450706718259426e-13,1.0000000016079533,1.0000000016116783
10.4,2.4800000000000004,7.422066686678523e-06,2.996797598611787e-05,2.1099881278010496e-06,7.429857112480029e-06,2.999943128060616e-05,2.112202835192617e-06,7.469441063487402e-06,3.0159258851995913e-05,2.1234559901699126e-06,3.145529448828852e-08,3.145529448828852e-08,1.5982757138975279e-07,1.5982757138975279e-07,1.912828658780413e-07,1.912828658780413e-07,0.006382909074895471,1.5229622419775668,1.0,0.42065728173279693,1.001049630262079,1.0,0.0,0.0,action_absolute,0.1657509672661072,2.3359448530748415e-30,0.12533762689732517,0.5770575930771609,1.8818072703150271e-28,0.19108966093919896,0.472461907610346,0.220824975839357,0.917211257615645,0.9115432850353611,1.38005388883335,1.2559774722814012,0.48447216606024307,0.32294051958477776,0.6665821944136638,0.6076185232419109,0.07885407220829739,0.4952546194049395,0.49517310945249665,-8.150995244282644e-05,8.150995244282644e-05,5.11602627317563,5.116948136611646
11.2,2.4800000000000004,4.558508082537998e-06,1.6473387832136306e-05,7.956066050852777e-07,4.5638247748883e-06,1.6492601121546976e-05,7.965345392853531e-07,4.587238886523e-06,1.6577214274517103e-05,8.006210565255287e-07,1.9213289410670363e-08,1.9213289410670363e-08,8.46131529701266e-08,8.46131529701266e-08,1.0382644238079696e-07,1.0382644238079696e-07,0.006302676986591198,1.499419168235305,1.0,0.40507781194222237,1.001166322896447,1.0,0.0,0.0,action_absolute,0.18417832946981516,4.356708051764561e-30,0.1353663151635882,0.5744380236196981,2.578737719268957e-28,0.26361689275729705,0.7159775670150244,0.25761164719784035,0.9184677908795132,0.9102765380356049,1.425828305897987,1.3404293458524341,0.5036498115065705,0.33534392811728186,0.6658275660109267,0.6060872117170996,0.09311009104316392,0.15211175100148555,0.1520621224819191,-4.962851956644143e-05,4.962851956644143e-05,9.732656762428611,9.733430913402076
12.0,2.4800000000000004,2.51049571798009e-06,8.248755831060166e-06,4.859946604585267e-07,2.5136412020773164e-06,8.259090973280356e-06,4.866035794321225e-07,2.5260783876098187e-06,8.299955933116156e-06,4.890112337119678e-07,1.0335142220190799e-08,1.0335142220190799e-08,4.086495983579912e-08,4.086495983579912e-08,5.120010205598992e-08,5.120010205598992e-08,0.00620700904531556,1.4779687035454037,1.0,0.3906686474340275,1.0012529334643747,1.0,0.0,0.0,action_absolute,0.19785532214823826,7.455237412834197e-30,0.14464355018632655,0.573393224602195,3.6558279429173075e-28,0.324701506182844,0.9616532811955605,0.21985478162960875,0.8771174587906886,0.909309057457207,1.4365938131964964,1.407463712250409,0.5221458808632652,0.34750234207389896,0.6655273072333203,0.6051700084523636,0.10017040989088913,0.03820532013257955,0.038185579465477563,-1.9740667101988962e-05,1.9740667101988962e-05,11.590529688220059,11.590865724848603
12.8,2.4800000000000004,6.987841025928219e-07,2.049408911684897e-06,2.0546668407898788e-07,6.993116919976821e-07,2.050956237137807e-06,2.0562181360349996e-07,7.033525216317515e-07,2.0628072684247735e-06,2.0680995721289192e-07,1.547325452910153e-09,1.547325452910153e-09,1.1851031286966476e-08,1.1851031286966476e-08,1.3398356739876628e-08,1.3398356739876628e-08,0.006537668819279863,1.5781226258875372,1.0,0.4562359290923607,1.0007550106004166,1.0,0.0,0.0,action_absolute,0.11922649511586514,4.075091800866121e-30,0.10063809092004923,0.5338323643152548,6.4640438474176565e-28,0.11428700520012199,0.2580678072267517,0.17569428045847932,0.7916637972139454,0.9085356366479935,1.2989830220181673,1.1597086448540501,0.43407475306767007,0.2840871405594054,0.6544659383014558,0.5946056279191396,0.05401592513508161,0.0023603119148784086,0.0023606417795290218,3.298646506131285e-07,3.298646506131285e-07,12.20872936069172,12.20872359779331
13.600000000000001,2.4800000000000004,2.2326194978907245e-07,5.624667345886857e-07,8.964752703803287e-08,2.2342066324609263e-07,5.628665834657101e-07,8.97112560744538e-08,2.2472130522923045e-07,5.661433077342907e-07,9.023350958635005e-08,3.998488770243803e-10,3.998488770243803e-10,3.2767242685805833e-09,3.2767242685805833e-09,3.6765731456049636e-09,3.6765731456049636e-09,0.006536516596476636,1.5835144599575646,1.0,0.4596467185984162,1.000710884488692,1.0,0.0,0.0,action_absolute,0.112258378852197,7.260778818607303e-30,0.09808481357269962,0.5280211608046792,1.1763494738739079e-27,0.11527755794505871,0.2605959846057573,0.14219344601157302,0.6820515197401089,0.9078244391942292,1.26370002041045,1.1610009932696252,0.4287132882100464,0.27990374486908853,0.6528926267663315,0.5927118827481921,0.0542016468738778,0.00017781558896087508,0.00017784003603755637,2.4447076681284076e-08,2.4447076681284076e-08,12.24688842480808,12.246887997038582
14.4,2.4800000000000004,1.1131775215698983e-07,2.794000179578865e-07,4.0785166673063826e-08,1.1140782371223863e-07,2.79626091460687e-07,4.0818167549583e-08,1.1203610257409491e-07,2.8120302884833423e-07,4.104835956838907e-08,2.2607350280049617e-10,2.2607350280049617e-10,1.5769373876472203e-09,1.5769373876472203e-09,1.8030108904477165e-09,1.8030108904477165e-09,0.006453152378535213,1.5609164733916419,1.0,0.4452731317042589,1.0008091391849323,1.0,0.0,0.0,action_absolute,0.1277741385712209,1.8092211249943532e-29,0.10740742647090296,0.5324768155223147,1.7068971243440566e-27,0.19599958236239193,0.48756089689181237,0.14358465010708318,0.6958757842244063,0.9074217929250221,1.3078648997640685,1.2618790978739667,0.4446164117813267,0.29082258996007276,0.6540977396558777,0.5935425436667409,0.07820459042454499,4.3877402874174614e-05,4.3876166800188575e-05,-1.2360739860386495e-09,1.2360739860386495e-09,12.249232157482366,12.24923217911298
15.200000000000001,2.4800000000000004,4.967747595064845e-08,1.4687159898936166e-07,1.176045210847181e-08,4.97238330478617e-08,1.4700865387916684e-07,1.1771426507054496e-08,4.9995725411671566e-08,1.478125044263529e-07,1.1835793245944807e-08,1.3705488980518007e-10,1.3705488980518007e-10,8.038505471860602e-10,8.038505471860602e-10,9.409054369912403e-10,9.409054369912403e-10,0.0064063130207998404,1.5399344597018174,1.0,0.4317398568847099,1.0009331612833814,1.0,0.0,0.0,action_absolute,0.14735892335020073,3.553324655458571e-29,0.11619019864791928,0.5368461997978402,2.4988186859965714e-27,0.26351295792832896,0.7155942817054621,0.20614409899481195,0.8194667197465321,0.9072053437120633,1.3881591836495004,1.3403122806873127,0.46017866395708423,0.301549176357824,0.6552871742570537,0.5944800261519771,0.09131132680442945,1.2124575704544754e-05,1.2123105666505076e-05,-1.4700380396782573e-09,1.4700380396782573e-09,12.249787820843952,12.249787846569395
16.0,2.4800000000000004,2.014453801101653e-08,5.599354655929196e-08,5.237878715422869e-09,2.0164992180453014e-08,5.6050400754113755e-08,5.243197102902116e-09,2.0271948660037455e-08,5.634769586289978e-08,5.271007374231523e-09,5.685419482179142e-11,5.685419482179142e-11,2.9729510878602697e-10,2.9729510878602697e-10,3.541493036078184e-10,3.541493036078184e-10,0.006324823580031802,1.520124718640573,1.0,0.4187923832293445,1.0010153704902687,1.0,0.0,0.0,action_absolute,0.16034088095186763,6.994669022431885e-29,0.12459912372608362,0.54098728248732,4.065868177220089e-27,0.3217878591111364,0.9489298103375201,0.18083051406094844,0.7852718264453679,0.9071300054581891,1.4024195146821474,1.4043428740235022,0.475576376979209,0.3121785204426075,0.6564214194689808,0.5954595658257688,0.09831634667291439,1.7622476007587655e-06,1.7617486127614557e-06,-4.989879973097898e-10,4.989879973097898e-10,12.249969160686396,12.249969169418671
16.8,2.4800000000000004,9.337349222530798e-09,2.5043653789138157e-08,2.2359326924194416e-09,9.347665529667555e-09,2.50713231006481e-08,2.238403047532267e-09,9.395774203288181e-09,2.520035511366336e-08,2.249923207437793e-09,2.7669311509944378e-11,2.7669311509944378e-11,1.2903201301525777e-10,1.2903201301525777e-10,1.5670132452520215e-10,1.5670132452520215e-10,0.006257127088746374,1.5013415333766713,1.0,0.40635906399495303,1.0011048432366505,1.0,0.0,0.0,action_absolute,0.17446985073534074,1.2115849080463623e-28,0.13268580337603814,0.5464962461447119,6.166773348968587e-27,0.3729068193667717,1.1893186878231288,0.1777839621892827,0.780749074955125,0.9061797356278646,1.4260866689694878,1.4580718575681215,0.4913928052645493,0.3233073577511732,0.6579407640637217,0.5962125876380585,0.10155293560464179,3.5252210824165994e-07,3.5237487607377475e-07,-1.4723216788518834e-10,1.4723216788518834e-10,12.249993830863879,12.24999383344044
17.6,2.4800000000000004,3.484410888318046e-09,7.139226485334225e-09,8.222198924376402e-10,3.4872487590033526e-09,7.145041012440204e-09,8.228895475972678e-10,3.506883785009399e-09,7.185271313112423e-09,8.275228441538902e-10,5.814527105978884e-12,5.814527105978884e-12,4.023030067221956e-11,4.023030067221956e-11,4.6044827778198445e-11,4.6044827778198445e-11,0.006449554146066966,1.559816346703205,1.0,0.44456808785883606,1.0008144477721674,1.0,0.0,0.0,action_absolute,0.12861243706624279,1.372085350547977e-28,0.10702376707827714,0.5253311760113417,1.0452097502090277e-26,0.2679119024066777,0.7319116463917812,0.1320001313909301,0.6787167217905434,0.9037860142270192,1.3366351644987071,1.345257621215382,0.4410367983505292,0.28763048613156583,0.6521689056498219,0.5894211358400495,0.09117840286518317,5.6207073804593766e-08,5.548704728925223e-08,-7.200265153415329e-10,7.200265153415329e-10,12.249999016376224,12.249999028976692
18.4,2.4800000000000004,1.7949803590232282e-09,1.9969300124387082e-09,3.8732741948561017e-10,1.796151055786763e-09,1.9982324219557905e-09,3.875800367101612e-10,1.8066953247695973e-09,2.0099630055720405e-09,3.898553175927363e-10,1.3024095170822066e-12,1.3024095170822066e-12,1.1730583616250023e-11,1.1730583616250023e-11,1.303299313333223e-11,1.303299313333223e-11,0.006526514726180095,1.5896510516836373,1.0,0.463514527796402,1.0006522058905267,1.0,0.0,0.0,action_absolute,0.10299222604095098,1.5929984900300025e-28,0.09421603304878111,0.5139240325215798,1.686044268142297e-26,0.20297833384972,0.5093420730458487,0.0,0.5139240325215797,0.9043734450498737,1.229970175055255,1.2702190003210754,0.41792377909475464,0.27128778987899543,0.649132218479215,0.5870579407189149,0.07894833438248254,5.6207073804593766e-08,5.548704728925223e-08,-7.200265153415329e-10,7.200265153415329e-10,12.249999016376224,12.249999028976692
19.200000000000003,2.4800000000000004,0.0,0.0,0.0,1e-30,1e-30,1e-30,1.0057161736535278e-30,1.0057161736535278e-30,1.0057161736535278e-30,1e-30,1e-30,5.716173653527695e-33,5.716173653527695e-33,1.0057161736535278e-30,1.0057161736535278e-30,1.0057161736535276,1.5704009692603986,1.0,0.4513309811859851,1.0,1.0,0.0,0.0,action_absolute,0.0,0.0,0.10217329191624851,0.0,0.0,0.26851220272081255,0.7341536078101636,0.0,0.0,-0.0,1.1342561013604062,1.3459310085035026,0.0,0.0,0.0,-0.0,-0.0,5.6207073804593766e-08,5.548704728925223e-08,-7.200265153415329e-10,7.200265153415329e-10,12.249999016376224,12.249999028976692
20.0,2.4800000000000004,0.0,0.0,0.0,1e-30,1e-30,1e-30,1.0055641423643005e-30,1.0055641423643005e-30,1.0055641423643005e-30,1e-30,1e-30,5.564142364300414e-33,5.564142364300414e-33,1.0055641423643005e-30,1.0055641423643005e-30,1.0055641423643005,1.5516627094173834,1.0,0.43932707173589636,1.0,1.0,0.0,0.0,action_absolute,0.0,0.0,0.11002090405486509,0.0,0.0,0.3261537967964966,0.9680363122799913,0.0,0.0,-0.0,1.1630768983982482,1.409016545507328,0.0,0.0,0.0,-0.0,-0.0,5.6207073804593766e-08,5.548704728925223e-08,-7.200265153415329e-10,7.200265153415329e-10,12.249999016376224,12.249999028976692
4.0,2.6700000000000004,0.0001834888120595809,0.0015230826335008037,0.0003228518417737125,0.00018359672077635983,0.0015239783496520205,0.00032304170908804337,0.0001841724048864674,0.0015287569214932426,0.0003240546355610086,8.957161512167765e-07,8.957161512167765e-07,4.778571841222148e-06,4.778571841222148e-06,5.6742879924389245e-06,5.6742879924389245e-06,0.003725528653292159,1.280917082806759,1.0,0.24757629233153006,1.000588094257997,1.0,0.0,0.0,action_absolute,0.09286812283173232,6.197037197346892e-32,0.07718149434815945,0.7380469811128293,2.876311547830275e-29,0.052928468881864164,0.11177290657100736,0.09029178776792637,0.8889322694743258,0.7589108590241562,1.271270248751495,1.0767321020559757,0.5439960459251542,0.3903543874802041,0.7175684279402118,0.5445704720567195,0.02592551150858186,2.9026971890451216,2.9026618378803923,-3.535116472930255e-05,3.535116472930255e-05,14.113117762275687,14.112453743887992
4.8,2.6700000000000004,0.00019736992451803879,0.0015694394316102679,0.00015124680189505335,0.0001975075779000498,0.001570534019076672,0.00015135228723609528,0.00019827725613984126,0.0015766543202427733,0.00015194210036259333,1.0945874664041767e-06,1.0945874664041767e-06,6.120301166101256e-06,6.120301166101256e-06,7.214888632505433e-06,7.214888632505433e-06,0.004597111865032505,1.3602809677586774,1.0,0.30769127235057525,1.000697438489411,1.0,0.0,0.0,action_absolute,0.11013507175327507,3.0215865408813763e-31,0.07111786048012514,0.7484380062185624,2.9934298259132183e-29,0.3330127461264275,0.9985580509745398,0.1957340473559828,1.0290740285883435,0.8339808739601283,1.4727083920492954,1.4163259993902102,0.5500721015302176,0.3966829045771668,0.7211471068495473,0.6014228944242035,0.10021299584360181,13.899469934829549,13.898949897925588,-0.0005200369039606301,0.0005200369039606301,976.4796790731738,976.3984284428377
5.6,2.6700000000000004,0.00015724182456759554,0.001302126352564385,5.950687418721459e-05,0.0001574106639695044,0.0013035245189567004,5.957077006908231e-05,0.00015812449873641208,0.0013094358155466708,5.9840914960758853e-05,1.3981663923154017e-06,1.3981663923154017e-06,5.911296589970402e-06,5.911296589970402e-06,7.309462982285804e-06,7.309462982285804e-06,0.005613482107854337,1.4305484675437201,1.0,0.35805791447458585,1.0010737563137109,1.0,0.0,0.0,action_absolute,0.1695608006319662,1.1188976697766656e-31,0.1092096338293002,0.7674103089396564,3.3680289924431367e-29,0.04896323098045846,0.10296811348511037,0.28060102967778355,1.1142842376173367,0.8790269837621539,1.3732029323140094,1.0711593535980681,0.5468391484525335,0.39796950329473324,0.7277633732349316,0.6397236428672726,0.028398768836931956,58.01738508976949,58.011385282148886,-0.005999807620604258,0.005999807620604258,20034.55184002033,20030.305897274397
6.4,2.6700000000000004,0.00010403708255399988,0.0006722701488916236,2.7225781826902705e-05,0.00010417573342647306,0.0006731660875357423,2.7262065797112127e-05,0.0001046908107692629,0.0006764944307901612,2.739685795981525e-05,8.959386441187e-07,8.959386441187e-07,3.3283432544188455e-06,3.3283432544188455e-06,4.2242818985375455e-06,4.2242818985375455e-06,0.006283607721541924,1.4775528482269376,1.0,0.3903872383399466,1.001332706272316,1.0,0.0,0.0,action_absolute,0.2104525390497675,7.2382181891800475e-31,0.1316552460415761,0.7152816209670805,4.4904440380872964e-29,0.23684225745303278,0.6206901777936342,0.28047183716500834,1.0740804630856768,0.9010347912624492,1.4570592037891879,1.309910589913548,0.5249820966717388,0.37265444037176854,0.7098421883990116,0.6395925080533835,0.09346791603539845,59.89571924138318,59.89056239051493,-0.005156850868253571,0.005156850868253571,21385.93230979204,21382.161804741994
7.2,2.6700000000000004,7.600622864338473e-05,0.0001209653556031762,1.756792018956085e-05,7.61044344570359e-05,0.00012112165201970215,1.759061927524328e-05,7.649018784640645e-05,0.00012173558586108873,1.76797815041589e-05,1.562964165259577e-07,1.562964165259577e-07,6.139338413865727e-07,6.139338413865727e-07,7.702302579125304e-07,7.702302579125304e-07,0.006367362407789312,1.4921401916441892,1.0,0.40021145959540433,1.001292075865413,1.0,0.0,0.0,action_absolute,0.20403644236513155,1.896706359449544e-30,0.14069871838435052,0.6301147730409906,8.300513024405297e-29,0.5397550802947837,2.3455123877977533,0.05673892634684577,0.5919359991362121,0.9103279023427275,1.4320462715181563,1.6204236024415644,0.508580986906354,0.34706005604774987,0.6824086330062801,0.6212156194251751,0.10022509190705152,3.532803951222684,3.5325024842832984,-0.00030146693938570834,0.00030146693938570834,28.430329339694335,28.422292784215248
8.0,2.6700000000000004,6.313932801633746e-05,8.591081903113288e-05,1.3492968299093392e-05,6.322633329319217e-05,8.602920316396185e-05,1.3511561456153134e-05,6.353256400104589e-05,8.644587739459967e-05,1.3577003413853571e-05,1.1838413282896747e-07,1.1838413282896747e-07,4.166742306378231e-07,4.166742306378231e-07,5.350583634667906e-07,5.350583634667906e-07,0.006228067308645875,1.4658274448318904,1.0,0.38241989178356733,1.0013779886417573,1.0,0.0,0.0,action_absolute,0.21760324421341662,2.314661770609271e-30,0.1520636193182569,0.6058618987927822,9.732597749047201e-29,0.5891268740470006,2.8676826827286432,0.04473497088292337,0.5580450296288668,0.9133806404790165,1.4452584371514479,1.665287061215118,0.5340456172417759,0.36050632476149863,0.6750478107533805,0.6165756017398806,0.09391702646360796,2.326336270941947,2.3257159719890104,-0.0006202989529366931,0.0006202989529366931,5.363118042891453,5.35593787997224
8.8,2.6700000000000004,2.2146858335423456e-05,5.848230710570905e-05,7.047750129323704e-06,2.2167119982134982e-05,5.8535811211235183e-05,7.054197952354344e-06,2.228984224708694e-05,5.8859878899704975e-05,7.093251611595152e-06,5.3504105526135744e-08,5.3504105526135744e-08,3.2406768846979125e-07,3.2406768846979125e-07,3.77571793995927e-07,3.77571793995927e-07,0.006456171322267627,1.5482467554553723,1.0,0.43712316521321565,1.0009148767922138,1.0,0.0,0.0,action_absolute,0.14447155223821173,1.1961527315979457e-30,0.11517223325097901,0.5937428181056691,1.2483365526119756e-28,0.1526414316992487,0.36027589124483117,0.08885835383790645,0.7386124163535156,0.9135092947602114,1.28318840839748,1.2087482232265034,0.4659139785033694,0.3128373888224797,0.6714488151383449,0.6133747335846089,0.06882897661063411,1.583685385599573,1.5836564581900676,-2.892740950533046e-05,2.892740950533046e-05,0.21087700551789895,0.21081059146825054
9.600000000000001,2.6700000000000004,1.0975147146615624e-05,4.3579838298163136e-05,3.956029587259143e-06,1.0985331386998808e-05,4.3620277623773965e-05,3.95970053177965e-06,1.1046127036417067e-05,4.386168345965805e-05,3.981614532991874e-06,4.043932561082923e-08,4.043932561082923e-08,2.414058358840839e-07,2.414058358840839e-07,2.818451614949131e-07,2.818451614949131e-07,0.006467329216932701,1.5480056645464257,1.0,0.4369674344285572,1.0009279365686066,1.0,0.0,0.0,action_absolute,0.14653386946321972,1.0543896950824841e-30,0.11485685465158924,0.582907533152099,1.5205403539707882e-28,0.1066533286499557,0.23877254389671365,0.18728807642891,0.8851615245526332,0.9126874960474894,1.3214390645703638,1.1497013156171452,0.465410391592976,0.3110229147101177,0.6682766872599665,0.60992777636221,0.052512325935534516,0.9999999991528034,0.9999999991517405,-1.0628165014736624e-12,1.0628165014736624e-12,1.0000000042359827,1.0000000042412966
10.4,2.6700000000000004,7.4220666266363025e-06,2.9967976141729828e-05,2.1099881418428763e-06,7.429857052400564e-06,2.9999431436485528e-05,2.1122028492565107e-06,7.469441003087852e-06,3.0159259008705756e-05,2.1234560043087343e-06,3.145529475570021e-08,3.145529475570021e-08,1.5982757222022793e-07,1.5982757222022793e-07,1.9128286697592814e-07,1.9128286697592814e-07,0.00638290907838686,1.5229622419775668,1.0,0.42065728173279693,1.001049630265552,1.0,0.0,0.0,action_absolute,0.16575096781454246,2.335944855603491e-30,0.12533762689732517,0.577057594864605,1.881807269394664e-28,0.19108966093919896,0.472461907610346,0.220824975839357,0.9172112609487872,0.9115432857625818,1.3800538896666354,1.2559774722814012,0.48447216629243767,0.32294051998944256,0.6665821949294581,0.607618524196832,0.07885407233222287,0.4952546244239773,0.4951731144740998,-8.150994987748961e-05,8.150994987748961e-05,5.116026216413737,5.116948079815626
11.2,2.6700000000000004,4.558508269691014e-06,1.6473387263908685e-05,7.956065931607407e-07,4.563824962157979e-06,1.6492600552289394e-05,7.965345273291726e-07,4.5872390747534425e-06,1.657721370233902e-05,8.006210445080085e-07,1.9213288380708792e-08,1.9213288380708792e-08,8.461315004962475e-08,8.461315004962475e-08,1.0382643843033355e-07,1.0382643843033355e-07,0.006302676964184861,1.499419168235305,1.0,0.40507781194222237,1.001166322874155,1.0,0.0,0.0,action_absolute,0.184178325949631,4.356708032627082e-30,0.1353663151635882,0.5744380109277872,2.578737726380723e-28,0.26361689275729705,0.7159775670150244,0.25761164719784035,0.9184677686298309,0.9102765365166572,1.4258283003355663,1.3404293458524341,0.5036498093007141,0.3353439248102642,0.6658275623609746,0.6060872073832766,0.09311009037738077,0.15211174052042012,0.1520621119975161,-4.9628522904021644e-05,4.9628522904021644e-05,9.732656925918592,9.733431076950623
12.0,2.6700000000000004,2.510495908428932e-06,8.248754552295914e-06,4.859947975769274e-07,2.5136413925493138e-06,8.259089692205945e-06,4.866037166806128e-07,2.5260785790242478e-06,8.299954645703147e-06,4.890113716395467e-07,1.0335139910030408e-08,1.0335139910030408e-08,4.086495349720255e-08,4.086495349720255e-08,5.1200093407232955e-08,5.1200093407232955e-08,0.006207008959065487,1.4779687035454037,1.0,0.3906686474340275,1.0012529333785491,1.0,0.0,0.0,action_absolute,0.1978553085952175,7.45523751259783e-30,0.14464355018632655,0.5733931354917831,3.655827971630258e-28,0.324701506182844,0.9616532811955605,0.21985478162960875,0.8771173588526153,0.9093090974490416,1.4365937882119781,1.407463712250409,0.5221458642838845,0.3475023176774308,0.6655272816419319,0.6051700117975393,0.10017041044459737,0.03820530826525387,0.038185567597755266,-1.974066749860226e-05,1.974066749860226e-05,11.590529890230824,11.590865926869046
12.8,2.6700000000000004,6.987846283852094e-07,2.049405815783449e-06,2.0546716650296852e-07,6.993122177935041e-07,2.0509531377447284e-06,2.0562229627600002e-07,7.033530504657772e-07,2.0628041511224855e-06,2.0681044267441634e-07,1.5473219612794081e-09,1.5473219612794081e-09,1.1851013377757119e-08,1.1851013377757119e-08,1.3398335339036527e-08,1.3398335339036527e-08,0.006537668252841664,1.5781226258875372,1.0,0.4562359290923607,1.0007550100372327,1.0,0.0,0.0,action_absolute,0.11922640618140838,4.0750920589002224e-30,0.10063809092004923,0.533831528653012,6.464044187052792e-28,0.11428700520012199,0.2580678072267517,0.17569428045847932,0.7916626962657767,0.9085359618547285,1.298982746781125,1.1597086448540501,0.43407463800567864,0.28408696662922756,0.6544657110916282,0.5946056343275713,0.05401592571724456,0.0023603047817545657,0.002360634642751558,3.2986099699231983e-07,3.2986099699231983e-07,12.208729485310933,12.208723722476323
13.600000000000001,2.6700000000000004,2.232609622322112e-07,5.62464405988497e-07,8.964987572463278e-08,2.2341967458717045e-07,5.628642522023745e-07,8.971360627007073e-08,2.2472031081483657e-07,5.661409628995202e-07,9.023587346361596e-08,3.998462138774082e-10,3.998462138774082e-10,3.276710697145746e-09,3.276710697145746e-09,3.6765569110231542e-09,3.6765569110231542e-09,0.006536514794321658,1.5835144599575646,1.0,0.4596467185984162,1.0007108826969677,1.0,0.0,0.0,action_absolute,0.11225809591442949,7.260786879076445e-30,0.09808481357269962,0.5280158752682667,1.1763484652542217e-27,0.11527755794505871,0.2605959846057573,0.14219344601157302,0.6820463188937917,0.9078282066310701,1.2636987201988708,1.1610009932696252,0.4287126614851135,0.2799027248245785,0.6528912018949031,0.5927130489414538,0.05420175351860216,0.00017781411633678793,0.0001778385625741597,2.4446237371759418e-08,2.4446237371759418e-08,12.246888450575726,12.246888022820915
14.4,2.6700000000000004,1.1131761379376522e-07,2.7940246074760616e-07,4.078435155091121e-08,1.11407685597582e-07,2.796285371318611e-07,4.081735189997092e-08,1.1203596368054757e-07,2.812054883117489e-07,4.104753931896171e-08,2.2607638425496383e-10,2.2607638425496383e-10,1.576951179887771e-09,1.576951179887771e-09,1.8030275641427348e-09,1.8030275641427348e-09,0.006453155635488377,1.5609164733916419,1.0,0.4452731317042589,1.000809142423621,1.0,0.0,0.0,action_absolute,0.12777465000442892,1.8092200620835852e-29,0.10740742647090296,0.5324821414728227,1.7068976082370074e-27,0.19599958236239193,0.48756089689181237,0.14358465010708318,0.6958830990376567,0.9074189976332864,1.307866728467381,1.2618790978739667,0.4446173582169245,0.2908238515938058,0.6540991848813866,0.5935420266978175,0.07820452230922058,4.3878170128867925e-05,4.387693431724279e-05,-1.235811625131995e-09,1.235811625131995e-09,12.24923214405583,12.249232165681855
15.200000000000001,2.6700000000000004,4.9679824267115945e-08,1.4687367107938247e-07,1.175908186933793e-08,4.9726183633276156e-08,1.4701072813216616e-07,1.1770055007631605e-08,4.9998088850202634e-08,1.478145900214696e-07,1.183441424709564e-08,1.3705705278369668e-10,1.3705705278369668e-10,8.038618893034487e-10,8.038618893034487e-10,9.409189420871454e-10,9.409189420871454e-10,0.0064063145911195775,1.5399344597018174,1.0,0.4317398568847099,1.0009331628451612,1.0,0.0,0.0,action_absolute,0.1473591699765764,3.553289155268722e-29,0.11619019864791928,0.5368664051904894,2.4988243223099502e-27,0.26351295792832896,0.7155942817054621,0.20614409899481195,0.8194710105760393,0.907186594855863,1.3881602563568773,1.3403122806873127,0.4601863231991076,0.3015567346041367,0.6552926921160647,0.5944727459947041,0.09131020858213316,1.2124917819874882e-05,1.2123447778188388e-05,-1.4700416864939084e-09,1.4700416864939084e-09,12.249787814856985,12.249787840582492
16.0,2.6700000000000004,2.014448588713063e-08,5.600629786329342e-08,5.235305944933229e-09,2.016494161372026e-08,5.606316948180024e-08,5.240622138536911e-09,2.0271897825095338e-08,5.6360532316779755e-08,5.268418752081524e-09,5.68716185068201e-11,5.68716185068201e-11,2.973628349795118e-10,2.973628349795118e-10,3.542344534863319e-10,3.542344534863319e-10,0.006324903930464889,1.520124718640573,1.0,0.4187923832293445,1.0010154504167663,1.0,0.0,0.0,action_absolute,0.1603535024384804,6.994455606147294e-29,0.12459912372608362,0.541108961317197,4.065851895891567e-27,0.3217878591111364,0.9489298103375201,0.18083051406094844,0.785419151663009,0.907059765803724,1.4024563459865578,1.4043428740235022,0.47561063156861183,0.3122169055333523,0.6564548494293104,0.5954437819840692,0.09831374060234063,1.763050318746437e-06,1.7625513849193671e-06,-4.989338270699476e-10,4.989338270699476e-10,12.249969146638843,12.249969155370179
16.8,2.6700000000000004,9.324480311993152e-09,2.4949645705093543e-08,2.264056559517541e-09,9.334770130077788e-09,2.4977178318922043e-08,2.266555007618804e-09,9.382812436264951e-09,2.510572580662317e-08,2.278220054336474e-09,2.753261382849964e-11,2.753261382849964e-11,1.285474877011283e-10,1.285474877011283e-10,1.5608010152962794e-10,1.5608010152962794e-10,0.006255804325821097,1.5013415333766713,1.0,0.40635906399495303,1.0011035272465965,1.0,0.0,0.0,action_absolute,0.17426203791567577,1.2126470486611306e-28,0.13268580337603814,0.5439150395864337,6.1665410325744335e-27,0.3729068193667717,1.1893186878231288,0.1777839621892827,0.7782665071082377,0.9079927890077516,1.425466027007766,1.4580718575681215,0.490679030518103,0.32248770400396143,0.6572274011046486,0.5967577409413262,0.10164579160843855,3.498805026322921e-07,3.497334542633701e-07,-1.470483689220205e-10,1.470483689220205e-10,12.249993877091967,12.249993879665315
17.6,2.6700000000000004,3.484410888318046e-09,7.139226485334223e-09,8.222198924376402e-10,3.4872487590033526e-09,7.145041012440202e-09,8.228895475972678e-10,3.506883785009399e-09,7.1852713131124215e-09,8.275228441538902e-10,5.814527105978884e-12,5.814527105978884e-12,4.023030067221956e-11,4.023030067221956e-11,4.6044827778198445e-11,4.6044827778198445e-11,0.006449554146066968,1.559816346703205,1.0,0.44456808785883606,1.0008144477721674,1.0,0.0,0.0,action_absolute,0.12861243706624276,1.3720853505479772e-28,0.10702376707827714,0.5253311760113416,1.0452097502090278e-26,0.2679119024066777,0.7319116463917812,0.1320001313909301,0.6787167217905432,0.9037860142270192,1.3366351644987071,1.345257621215382,0.44103679835052917,0.28763048613156583,0.652168905649822,0.5894211358400495,0.09117840286518317,5.6207073804593766e-08,5.548704728925223e-08,-7.200265153415329e-10,7.200265153415329e-10,12.249999016376224,12.249999028976692
18.4,2.6700000000000004,1.7949803590232282e-09,1.9969300124387082e-09,3.8732741948561017e-10,1.796151055786763e-09,1.9982324219557905e-09,3.875800367101612e-10,1.8066953247695973e-09,2.0099630055720405e-09,3.898553175927363e-10,1.3024095170822066e-12,1.3024095170822066e-12,1.1730583616250023e-11,1.1730583616250023e-11,1.303299313333223e-11,1.303299313333223e-11,0.006526514726180095,1.5896510516836373,1.0,0.463514527796402,1.0006522058905267,1.0,0.0,0.0,action_absolute,0.10299222604095098,1.5929984900300025e-28,0.09421603304878111,0.5139240325215798,1.686044268142297e-26,0.20297833384972,0.5093420730458487,0.0,0.5139240325215797,0.9043734450498737,1.229970175055255,1.2702190003210754,0.41792377909475464,0.27128778987899543,0.649132218479215,0.5870579407189149,0.07894833438248254,5.6207073804593766e-08,5.548704728925223e-08,-7.200265153415329e-10,7.200265153415329e-10,12.249999016376224,12.249999028976692
19.200000000000003,2.6700000000000004,0.0,0.0,0.0,1e-30,1e-30,1e-30,1.0057161736535278e-30,1.0057161736535278e-30,1.0057161736535278e-30,1e-30,1e-30,5.716173653527695e-33,5.716173653527695e-33,1.0057161736535278e-30,1.0057161736535278e-30,1.0057161736535276,1.5704009692603986,1.0,0.4513309811859851,1.0,1.0,0.0,0.0,action_absolute,0.0,0.0,0.10217329191624851,0.0,0.0,0.26851220272081255,0.7341536078101636,0.0,0.0,-0.0,1.1342561013604062,1.3459310085035026,0.0,0.0,0.0,-0.0,-0.0,5.6207073804593766e-08,5.548704728925223e-08,-7.200265153415329e-10,7.200265153415329e-10,12.249999016376224,12.249999028976692
20.0,2.6700000000000004,0.0,0.0,0.0,1e-30,1e-30,1e-30,1.0055641423643005e-30,1.0055641423643005e-30,1.0055641423643005e-30,1e-30,1e-30,5.564142364300414e-33,5.564142364300414e-33,1.0055641423643005e-30,1.0055641423643005e-30,1.0055641423643005,1.5516627094173834,1.0,0.43932707173589636,1.0,1.0,0.0,0.0,action_absolute,0.0,0.0,0.11002090405486509,0.0,0.0,0.3261537967964966,0.9680363122799913,0.0,0.0,-0.0,1.1630768983982482,1.409016545507328,0.0,0.0,0.0,-0.0,-0.0,5.6207073804593766e-08,5.548704728925223e-08,-7.200265153415329e-10,7.200265153415329e-10,12.249999016376224,12.249999028976692
4.0,2.8600000000000003,0.00018509964954869804,0.0015262709431112347,0.000321340408063833,0.00018520859366353453,0.0015271692605164989,0.00032152953941228803,0.00018578933194674898,0.0015319578377471074,0.0003225377243405762,8.983174052642259e-07,8.983174052642259e-07,4.7885772306085084e-06,4.7885772306085084e-06,5.686894635872734e-06,5.686894635872734e-06,0.0037260059634498808,1.280917082806759,1.0,0.24757629233153006,1.0005885700761838,1.0,0.0,0.0,action_absolute,0.09294326102806344,6.198820687008591e-32,0.07718149434815945,0.7386838378008587,2.8761837568831e-29,0.052928468881864164,0.11177290657100736,0.09029178776792637,0.8894927704940255,0.7589320054181632,1.27141037400642,1.0767321020559757,0.5446936873950653,0.39097395674738966,0.7177868328476092,0.544751400515788,0.025934125017922707,2.942259831401674,2.942223667939831,-3.616346184331931e-05,3.616346184331931e-05,14.866033672219503,14.86533651221116
4.8,2.8600000000000003,0.00019750513194841799,0.0015695233127737242,0.00015118717224227974,0.00019764287994183637,0.0015706179612257677,0.00015129261623455237,0.0001984130854476622,0.0015767385895106875,0.00015188219682581343,1.0946484520434584e-06,1.0946484520434584e-06,6.120628284919834e-06,6.120628284919834e-06,7.215276736963292e-06,7.215276736963292e-06,0.004597113453646106,1.3602809677586774,1.0,0.30769127235057525,1.0006974400718578,1.0,0.0,0.0,action_absolute,0.11013532164324352,3.0216275767617227e-31,0.07111786048012514,0.748410338046976,2.9933919210024115e-29,0.3330127461264275,0.9985580509745398,0.1957340473559828,1.029026018350639,0.8340138305928899,1.4726963894898693,1.4163259993902102,0.5501079559268862,0.3967034954402546,0.7211375352167779,0.60143867813046,0.10021562582743539,13.911774921951649,13.911254020020001,-0.0005209019316474439,0.0005209019316474439,978.4031981098636,978.3217322091664
5.6,2.8600000000000003,0.00015724957764809235,0.0013021215083105515,5.950497909015321e-05,0.0001574184242770662,0.001303519660410423,5.9568872521708336e-05,0.00015813229423585477,0.0013094309349675833,5.9839008808279905e-05,1.3981520998714372e-06,1.3981520998714372e-06,5.911274557160364e-06,5.911274557160364e-06,7.309426657031801e-06,7.309426657031801e-06,0.005613475094590426,1.4305484675437201,1.0,0.35805791447458585,1.0010737493321076,1.0,0.0,0.0,action_absolute,0.1695596981413609,1.1188962245369737e-31,0.1092096338293002,0.767402608323758,3.368027321264476e-29,0.04896323098045846,0.10296811348511037,0.28060102967778355,1.1142768247003636,0.8790295538086572,1.373201079084766,1.0711593535980681,0.5468405671567568,0.39796905564184076,0.7277606665340162,0.6397231339828872,0.028398746246411526,58.02038223542545,58.014381713941596,-0.006000521483855437,0.006000521483855437,20036.67302803551,20032.426355324274
6.4,2.8600000000000003,0.00010403747261701672,0.0006722696389710111,2.72257085526094e-05,0.0001041761238788389,0.0006731655760923519,2.726199239101749e-05,0.0001046912031521471,0.0006764939168180349,2.7396784190777964e-05,8.95937121340811e-07,8.95937121340811e-07,3.3283407256830527e-06,3.3283407256830527e-06,4.224277847023864e-06,4.224277847023864e-06,0.006283606461076579,1.4775528482269376,1.0,0.3903872383399466,1.0013327050180523,1.0,0.0,0.0,action_absolute,0.21045234098434487,7.238216085821816e-31,0.1316552460415761,0.7152807505987905,4.490444038173469e-29,0.23684225745303278,0.6206901777936342,0.28047183716500834,1.0740796290009924,0.9010349005007249,1.4570589952680169,1.309910589913548,0.5249821641529593,0.3726543347964444,0.7098418960531914,0.6395923221815332,0.09346788887270614,59.89587171208015,59.89071479174933,-0.005156920330819048,0.005156920330819048,21386.043795975864,21382.27323031102
7.2,2.8600000000000003,7.600625220486701e-05,0.00012096534413756391,1.7567915929035053e-05,7.610445804069458e-05,0.00012112164052611863,1.7590615007301788e-05,7.64902115496045e-05,0.00012173557430924724,1.7679777214584332e-05,1.5629638855472073e-07,1.5629638855472073e-07,6.139337831286088e-07,6.139337831286088e-07,7.702301716833296e-07,7.702301716833296e-07,0.006367362298472944,1.4921401916441892,1.0,0.40021145959540433,1.001292075756648,1.0,0.0,0.0,action_absolute,0.20403642518965545,1.8967062608628744e-30,0.14069871838435052,0.6301147027730263,8.300512865651452e-29,0.5397550802947837,2.3455123877977533,0.05673892634684577,0.5919359520488577,0.9103279012878486,1.4320462597463177,1.6204236024415644,0.5085809947885837,0.34706005042719107,0.6824086113785345,0.6212155990169763,0.10022508861445303,3.5328042581996972,3.532502790821097,-0.00030146737860015094,0.00030146737860015094,28.430337523717252,28.422300955373547
8.0,2.8600000000000003,6.313932978333899e-05,8.59108180948319e-05,1.3492967983253393e-05,6.322633506197978e-05,8.602920222548785e-05,1.3511561139739258e-05,6.353256577840046e-05,8.644587645158026e-05,1.3577003095907174e-05,1.1838413065594171e-07,1.1838413065594171e-07,4.166742260924139e-07,4.166742260924139e-07,5.350583567483556e-07,5.350583567483556e-07,0.006228067298320174,1.4658274448318904,1.0,0.38241989178356733,1.0013779886314813,1.0,0.0,0.0,action_absolute,0.21760324259070837,2.3146617588620383e-30,0.1520636193182569,0.6058618931611132,9.732597734770872e-29,0.5891268740470006,2.8676826827286432,0.04473497088292337,0.5580450276519876,0.913380639462952,1.4452584366572279,1.665287061215118,0.5340456179504225,0.3605063243400951,0.6750478090685547,0.6165755995151012,0.09391702612472874,2.3263362680406803,2.325715969049002,-0.0006202989916781476,0.0006202989916781476,5.363118009297095,5.3559378459520826
8.8,2.8600000000000003,2.214685839297915e-05,5.8482307040463055e-05,7.047750111672346e-06,2.2167120039724678e-05,5.853581114588024e-05,7.0541979346809015e-06,2.2289842304995466e-05,5.8859878833988215e-05,7.0932515938238645e-06,5.350410541718698e-08,5.350410541718698e-08,3.2406768810797266e-07,3.2406768810797266e-07,3.7757179352515964e-07,3.7757179352515964e-07,0.006456171321420737,1.5482467554553723,1.0,0.43712316521321565,1.0009148767913716,1.0,0.0,0.0,action_absolute,0.1444715521052173,1.1961527311003108e-30,0.11517223325097901,0.5937428176003673,1.2483365526505803e-28,0.1526414316992487,0.36027589124483117,0.08885835383790645,0.7386124155499847,0.9135092945545495,1.2831884081965972,1.2087482232265034,0.4659139785017077,0.3128373887519701,0.6714488149894036,0.6133747333104583,0.0688289765798707,1.5836853834620066,1.583656456050319,-2.8927411687584836e-05,2.8927411687584836e-05,0.21087700060990275,0.21081058655601745
9.600000000000001,2.8600000000000003,1.097514715022593e-05,4.3579838288134076e-05,3.95602958689054e-06,1.0985331390610844e-05,4.362027761372917e-05,3.959700531410122e-06,1.1046127040049093e-05,4.386168344955766e-05,3.981614532620301e-06,4.0439325595094746e-08,4.0439325595094746e-08,2.414058358284914e-07,2.414058358284914e-07,2.8184516142358616e-07,2.8184516142358616e-07,0.006467329216784336,1.5480056645464257,1.0,0.4369674344285572,1.0009279365684591,1.0,0.0,0.0,action_absolute,0.1465338694399475,1.0543896950440279e-30,0.11485685465158924,0.5829075330303074,1.5205403539934637e-28,0.1066533286499557,0.23877254389671365,0.18728807642891,0.8851615243914643,0.9126874960489528,1.3214390645300715,1.1497013156171452,0.46541039158183667,0.3110229146861929,0.6682766872245554,0.6099277763308687,0.05251232593283616,0.9999999987043833,0.9999999987030441,-1.3391510123028638e-12,1.3391510123028638e-12,1.000000006478083,1.000000006484779
10.4,2.8600000000000003,7.4220666386167255e-06,2.9967976092161507e-05,2.1099881410283906e-06,7.429857064386577e-06,2.999943138683698e-05,2.1122028484391845e-06,7.4694410151377236e-06,3.0159258958792696e-05,2.1234560034870535e-06,3.145529467547264e-08,3.145529467547264e-08,1.5982757195571648e-07,1.5982757195571648e-07,1.9128286663118912e-07,1.9128286663118912e-07,0.006382909077440885,1.5229622419775668,1.0,0.42065728173279693,1.001049630264611,1.0,0.0,0.0,action_absolute,0.16575096766593453,2.335944855215913e-30,0.12533762689732517,0.5770575941689172,1.8818072696055838e-28,0.19108966093919896,0.472461907610346,0.220824975839357,0.9172112599692759,0.9115432857836954,1.3800538894217578,1.2559774722814012,0.48447216611911925,0.3229405197766531,0.6665821947287067,0.6076185240279124,0.07885407231030123,0.4952546227929876,0.4951731128424641,-8.150995052347287e-05,8.150995052347287e-05,5.116026234859118,5.116948098269975
11.2,2.8600000000000003,4.558508237569585e-06,1.647338760064315e-05,7.956065609638946e-07,4.5638249300470136e-06,1.64926008895898e-05,7.965344951031394e-07,4.587239042477736e-06,1.65772140413699e-05,8.006210121166438e-07,1.9213288946648774e-08,1.9213288946648774e-08,8.461315178009951e-08,8.461315178009951e-08,1.0382644072674829e-07,1.0382644072674829e-07,0.0063026769747525834,1.499419168235305,1.0,0.40507781194222237,1.0011663228846688,1.0,0.0,0.0,action_absolute,0.18417832760987415,4.35670802272862e-30,0.1353663151635882,0.5744380236894945,2.5787377235131635e-28,0.26361689275729705,0.7159775670150244,0.25761164719784035,0.9184677804286436,0.9102765304433126,1.4258283032852694,1.3404293458524341,0.5036498119178036,0.3353439284012014,0.6658275660309987,0.6060872066802131,0.09311009026937271,0.15211174677227632,0.15206211825050675,-4.9628521769568e-05,4.9628521769568e-05,9.732656828398367,9.733430979408826
12.0,2.8600000000000003,2.5104955122388165e-06,8.248755747682928e-06,4.859948078107491e-07,2.5136409960963877e-06,8.259090889858206e-06,4.866037269724762e-07,2.5260781806097217e-06,8.299955849281242e-06,4.890113819823329e-07,1.0335142175277724e-08,1.0335142175277724e-08,4.0864959423036576e-08,4.0864959423036576e-08,5.12001015983143e-08,5.12001015983143e-08,0.006207009052570915,1.4779687035454037,1.0,0.3906686474340275,1.0012529334715943,1.0,0.0,0.0,action_absolute,0.19785532328829605,7.455237618113335e-30,0.14464355018632655,0.5733931865822898,3.655827930863193e-28,0.324701506182844,0.9616532811955605,0.21985478162960875,0.8771174535857978,0.9093091004115298,1.4365938118952737,1.407463712250409,0.5221458734526919,0.34750233144073367,0.6655272963144819,0.6051700271110392,0.10017041297935543,0.03820531933674835,0.03818557867061982,-1.9740666128531537e-05,1.9740666128531537e-05,11.590529701767043,11.590865738379215
12.8,2.8600000000000003,6.987844310137842e-07,2.049407420527687e-06,2.0546678253598966e-07,6.993120204903765e-07,2.0509547443379095e-06,2.0562191208302033e-07,7.033528520225738e-07,2.062805766999037e-06,2.0681005626145607e-07,1.5473238102223124e-09,1.5473238102223124e-09,1.1851022661127683e-08,1.1851022661127683e-08,1.3398346471349996e-08,1.3398346471349996e-08,0.006537668565628669,1.5781226258875372,1.0,0.4562359290923607,1.0007550103482226,1.0,0.0,0.0,action_absolute,0.11922645529095147,4.0750917537202826e-30,0.10063809092004923,0.5338320664777271,6.464044081276889e-28,0.11428700520012199,0.2580678072267517,0.17569428045847932,0.7916633186634047,0.9085357056841792,1.2989829023805322,1.1597086448540501,0.43407469025855405,0.28408706430175984,0.6544658573218011,0.5946055995280639,0.0540159225559432,0.0023603084797284716,0.0023606383427093864,3.2986298091489466e-07,3.2986298091489466e-07,12.208729420705495,12.208723657836243
13.600000000000001,2.8600000000000003,2.2326133162687658e-07,5.624646990331373e-07,8.964914776742822e-08,2.2342004432630814e-07,5.628645456616063e-07,8.971287782825078e-08,2.2472068270640833e-07,5.661412580671231e-07,9.023514078117654e-08,3.998466284690133e-10,3.998466284690133e-10,3.2767124055168624e-09,3.2767124055168624e-09,3.6765590339858757e-09,3.6765590339858757e-09,0.006536515163184087,1.5835144599575646,1.0,0.4596467185984162,1.000710883063695,1.0,0.0,0.0,action_absolute,0.11225815382567353,7.260784112253037e-30,0.09808481357269962,0.5280173204045973,1.1763488032724562e-27,0.11527755794505871,0.2605959846057573,0.14219344601157302,0.6820475245908052,0.9078270581334522,1.263699021623124,1.1610009932696252,0.4287127388912641,0.279902942379336,0.6528915914726965,0.5927126527667258,0.054201717289663054,0.00017781430171929963,0.00017783874811251143,2.44463932118084e-08,2.44463932118084e-08,12.246888447331946,12.246888019574403
14.4,2.8600000000000003,1.1131574477949525e-07,2.79400188998256e-07,4.0787004209623966e-08,1.1140581471517219e-07,2.796262626511884e-07,4.082000657467927e-08,1.1203408224738978e-07,2.8120320100425594e-07,4.105020896457559e-08,2.260736529324274e-10,2.260736529324274e-10,1.5769383530675274e-09,1.5769383530675274e-09,1.8030120059999548e-09,1.8030120059999548e-09,0.006453152420778102,1.5609164733916419,1.0,0.4452731317042589,1.0008091392269383,1.0,0.0,0.0,action_absolute,0.12777414520453134,1.8092264542587552e-29,0.10740742647090296,0.5324701586074787,1.7068938861634625e-27,0.19599958236239193,0.48756089689181237,0.14358465010708318,0.695873446239674,0.9074286933097725,1.3078643152678855,1.2618790978739667,0.4446150541942246,0.2908208988243215,0.6540959332818271,0.5935454180371645,0.07820496914880681,4.387745656680714e-05,4.387622049499244e-05,-1.2360718147001824e-09,1.2360718147001824e-09,12.249232156542774,12.24923217817335
15.200000000000001,2.8600000000000003,4.9681081829448864e-08,1.4687316568925102e-07,1.1757709405128321e-08,4.9727442436305554e-08,1.4701022246904685e-07,1.1768681278589886e-08,4.999935453642889e-08,1.478140815933595e-07,1.1833033006435981e-08,1.370567797958304e-10,1.370567797958304e-10,8.038591243126496e-10,8.038591243126496e-10,9.4091590410848e-10,9.4091590410848e-10,0.0064063159508608684,1.5399344597018174,1.0,0.4317398568847099,1.0009331641975077,1.0,0.0,0.0,action_absolute,0.1473593835305608,3.5532583653141673e-29,0.11619019864791928,0.5368839259533508,2.4988292098255975e-27,0.26351295792832896,0.7155942817054621,0.20614409899481195,0.8194747314850082,0.9071703355125598,1.3881611865841195,1.3403122806873127,0.46018575157642705,0.3015585619429237,0.6552974769642368,0.5944664320381806,0.09130923876696329,1.2124834378374299e-05,1.212336437956355e-05,-1.4699988107482977e-09,1.4699988107482977e-09,12.2497878163172,12.249787842041957
16.0,2.8600000000000003,2.0144425275140493e-08,5.6017300783413826e-08,5.233073247952434e-09,2.0164882334088003e-08,5.6074187450993316e-08,5.238387536468877e-09,2.0271838231039912e-08,5.6371608726025103e-08,5.266172297533294e-09,5.688666757949008e-11,5.688666757949008e-11,2.974212750317877e-10,2.974212750317877e-10,3.543079426112778e-10,3.543079426112778e-10,0.006324973493120984,1.520124718640573,1.0,0.4187923832293445,1.001015519612404,1.0,0.0,0.0,action_absolute,0.1603644293756126,6.994270508679049e-29,0.12459912372608362,0.5412143713516117,4.065837813847434e-27,0.3217878591111364,0.9489298103375201,0.18083051406094844,0.785546744716231,0.90699888356511,1.4024882442498632,1.4043428740235022,0.4756399398367395,0.3122499219910469,0.6564838144126937,0.595430086750878,0.09831147938197998,1.7637431196663038e-06,1.7632442335503287e-06,-4.988861159751358e-10,4.988861159751358e-10,12.249969134514844,12.249969143245343
16.8,2.8600000000000003,9.280470634419696e-09,2.5161429443196974e-08,2.246447868739097e-09,9.290742719145765e-09,2.5189279360000862e-08,2.2489343485470065e-09,9.338558433962476e-09,2.5318918446425486e-08,2.260508708821781e-09,2.7849916803888385e-11,2.7849916803888385e-11,1.2963908642462374e-10,1.2963908642462374e-10,1.5748900322851212e-10,1.5748900322851212e-10,0.006259143725679434,1.5013415333766713,1.0,0.40635906399495303,1.0011068495479067,1.0,0.0,0.0,action_absolute,0.1747866747098281,1.2122868565775928e-28,0.13268580337603814,0.5467997386889124,6.163589550707376e-27,0.3729068193667717,1.1893186878231288,0.1777839621892827,0.7837300268086972,0.9070572320234288,1.4268319069328808,1.4580718575681215,0.4914648746662304,0.3233960810855746,0.6580248106341339,0.5968661633365384,0.10166425920329882,3.5584559683205604e-07,3.556984023007634e-07,-1.4719453129262512e-10,1.4719453129262512e-10,12.249993772702846,12.249993775278748
17.6,2.8600000000000003,3.3299913471321764e-09,7.391405161058225e-09,8.512631401977156e-10,3.3327362044200473e-09,7.397497775185108e-09,8.519648224517191e-10,3.3515012443031735e-09,7.439149538862828e-09,8.567618279426199e-10,6.092614126883249e-12,6.092614126883249e-12,4.165176367771959e-11,4.165176367771959e-11,4.774437780460284e-11,4.774437780460284e-11,0.006459445364481588,1.559816346703205,1.0,0.44456808785883606,1.000824283609696,1.0,0.0,0.0,action_absolute,0.13016565027202456,1.3784239107621977e-28,0.10702376707827714,0.5263128392387885,1.0420899903806001e-26,0.2679119024066777,0.7319116463917812,0.1320001313909301,0.6988719916427447,0.9103112232164436,1.3416739819617574,1.345257621215382,0.4415133583277431,0.2880577435113298,0.652432679732194,0.5939167907533958,0.09187384218676047,5.6207073804593766e-08,5.548704728925223e-08,-7.200265153415329e-10,7.200265153415329e-10,12.249999016376224,12.249999028976692
18.4,2.8600000000000003,1.7949803590232282e-09,1.996930012438708e-09,3.8732741948561017e-10,1.796151055786763e-09,1.99823242195579e-09,3.875800367101612e-10,1.8066953247695973e-09,2.00996300557204e-09,3.898553175927363e-10,1.3024095170822066e-12,1.3024095170822066e-12,1.1730583616250023e-11,1.1730583616250023e-11,1.303299313333223e-11,1.303299313333223e-11,0.006526514726180097,1.5896510516836373,1.0,0.463514527796402,1.0006522058905267,1.0,0.0,0.0,action_absolute,0.10299222604095094,1.5929984900300022e-28,0.09421603304878111,0.5139240325215796,1.686044268142297e-26,0.20297833384972,0.5093420730458487,0.0,0.5139240325215797,0.9043734450498737,1.229970175055255,1.2702190003210754,0.4179237790947546,0.2712877898789954,0.6491322184792149,0.5870579407189148,0.07894833438248253,5.6207073804593766e-08,5.548704728925223e-08,-7.200265153415329e-10,7.200265153415329e-10,12.249999016376224,12.249999028976692
19.200000000000003,2.8600000000000003,1.8603064690849132e-09,2.063041699959558e-09,3.88760954464617e-10,1.8616671120336053e-09,2.064550625068703e-09,3.890452973189851e-10,1.8723087245310508e-09,2.076351954958095e-09,3.912691477975487e-10,1.5089251091452375e-12,1.5089251091452375e-12,1.1801329889391715e-11,1.1801329889391715e-11,1.3310254998536952e-11,1.3310254998536952e-11,0.006451762462580312,1.5704009692603986,1.0,0.4513309811859851,1.0007314079541751,1.0,0.0,0.0,action_absolute,0.11549931461629442,2.1148905266644166e-28,0.10217329191624851,0.5190615771644347,1.6870931452033958e-26,0.26851220272081255,0.7341536078101636,0.0,0.5190615771644347,0.9050431796499754,1.264021495651515,1.3459310085035026,0.43121091235090875,0.280499844820054,0.6504933822078004,0.5887245989746144,0.0911567107750155,5.6207073804593766e-08,5.548704728925223e-08,-7.200265153415329e-10,7.200265153415329e-10,12.249999016376224,12.249999028976692
20.0,2.8600000000000003,0.0,0.0,0.0,1e-30,1e-30,1e-30,1.0055641423643005e-30,1.0055641423643005e-30,1.0055641423643005e-30,1e-30,1e-30,5.564142364300414e-33,5.564142364300414e-33,1.0055641423643005e-30,1.0055641423643005e-30,1.0055641423643005,1.5516627094173834,1.0,0.43932707173589636,1.0,1.0,0.0,0.0,action_absolute,0.0,0.0,0.11002090405486509,0.0,0.0,0.3261537967964966,0.9680363122799913,0.0,0.0,-0.0,1.1630768983982482,1.409016545507328,0.0,0.0,0.0,-0.0,-0.0,5.6207073804593766e-08,5.548704728925223e-08,-7.200265153415329e-10,7.200265153415329e-10,12.249999016376224,12.249999028976692
4.0,3.0500000000000003,0.00018671266787649598,0.0015293985637984202,0.0003198406565086706,0.00018682264774955138,0.0015302994296143857,0.0003200290531247162,0.00018740844704521881,0.0015350978217730823,0.00032103253314264685,9.0086581596544e-07,9.0086581596544e-07,4.79839215869666e-06,4.79839215869666e-06,5.6992579746621e-06,5.6992579746621e-06,0.0037264700710241292,1.280917082806759,1.0,0.24757629233153006,1.0005890327330556,1.0,0.0,0.0,action_absolute,0.09301632087281507,6.200558823709016e-32,0.07718149434815945,0.7393001378718861,2.8760535484690263e-29,0.052928468881864164,0.11177290657100736,0.09029178776792637,0.8900304978494885,0.758955577235188,1.2715448058452856,1.0767321020559757,0.5453817469640302,0.39158316938017224,0.717998304050316,0.5449288173043936,0.025942571346232502,2.982012580075873,2.9819755908767327,-3.6989199140524676e-05,3.6989199140524676e-05,15.64227377198951,15.641542313311172
4.8,3.0500000000000003,0.0001976403493467016,0.0015696068797313428,0.00015112758336560206,0.00019777819193924772,0.0015707015887940193,0.00015123298602232274,0.00019854892474990458,0.0015768225429718503,0.00015182233423730095,1.0947090626765073e-06,1.0947090626765073e-06,6.120954177831015e-06,6.120954177831015e-06,7.2156632405075225e-06,7.2156632405075225e-06,0.0045971149424004635,1.3602809677586774,1.0,0.30769127235057525,1.000697441554833,1.0,0.0,0.0,action_absolute,0.11013555582531472,3.021668428787434e-31,0.07111786048012514,0.7483825619057544,2.9933540309633163e-29,0.3330127461264275,0.9985580509745398,0.1957340473559828,1.0289779214021215,0.834046776699482,1.4726843652527397,1.4163259993902102,0.5501437644037583,0.3967240320797781,0.7211279264607218,0.6014544226525461,0.10021824928214755,13.924081905961664,13.923560137990384,-0.0005217679712803402,0.0005217679712803402,980.328922420227,980.2472408116356
5.6,3.0500000000000003,0.00015725733065896852,0.0013021166629367071,5.9503084109928965e-05,0.00015742618451471853,0.0013035148007421238,5.956697509128339e-05,0.000158140089665071,0.001309426053261386,5.9837102773280334e-05,1.3981378054167114e-06,1.3981378054167114e-06,5.911252519262165e-06,5.911252519262165e-06,7.3093903246788765e-06,7.3093903246788765e-06,0.005613468080650903,1.4305484675437201,1.0,0.35805791447458585,1.0010737423498317,1.0,0.0,0.0,action_absolute,0.16955859554456731,1.1188947788454375e-31,0.1092096338293002,0.7673949074497046,3.368025650279049e-29,0.04896323098045846,0.10296811348511037,0.28060102967778355,1.114269411568932,0.8790321235571225,1.3731992258019081,1.0711593535980681,0.5468419856218789,0.3979686077669887,0.7277579597594567,0.639722624802954,0.028398723642771066,58.02337931828732,58.01737808288546,-0.006001235401861038,0.006001235401861038,20038.794283891544,20034.546881127488
6.4,3.0500000000000003,0.00010403786267907357,0.0006722691290486461,2.722563527875625e-05,0.00010417651433024246,0.0006731650646472078,2.7261918985363775e-05,0.00010469159553406427,0.0006764934028441465,2.7396710422183788e-05,8.959355985617293e-07,8.959355985617293e-07,3.3283381969386946e-06,3.3283381969386946e-06,4.224273795500424e-06,4.224273795500424e-06,0.006283605200611184,1.4775528482269376,1.0,0.3903872383399466,1.0013327037637882,1.0,0.0,0.0,action_absolute,0.21045214291893732,7.23821398245233e-31,0.1316552460415761,0.7152798802331769,4.4904440382620277e-29,0.23684225745303278,0.6206901777936342,0.28047183716500834,1.0740787949167427,0.9010350097357711,1.4570587867469542,1.309910589913548,0.5249822316329619,0.37265422922081165,0.7098416037085052,0.6395921363083484,0.09346786170981883,59.89602418166961,59.89086719187579,-0.0051569897938179565,0.0051569897938179565,21386.155281640473,21382.384655360325
7.2,3.0500000000000003,7.600627576635856e-05,0.0001209653326717909,1.7567911668568938e-05,7.61044816243625e-05,0.0001211216290323741,1.7590610739420042e-05,7.649023525281184e-05,0.00012173556275724395,1.7679772925069815e-05,1.5629636058319915e-07,1.5629636058319915e-07,6.139337248698453e-07,6.139337248698453e-07,7.702300854530445e-07,7.702300854530445e-07,0.006367362189156051,1.4921401916441892,1.0,0.40021145959540433,1.0012920756478823,1.0,0.0,0.0,action_absolute,0.2040364080140535,1.896706162276264e-30,0.14069871838435052,0.6301146325040131,8.300512706896367e-29,0.5397550802947837,2.3455123877977533,0.05673892634684577,0.5919359049606092,0.9103279002335604,1.4320462479742555,1.6204236024415644,0.5085810026705819,0.3470600448063108,0.682408589750468,0.6212155786088887,0.10022508532187249,3.5328045651536537,3.5325030973358413,-0.0003014678178123731,0.0003014678178123731,28.430345707126666,28.422309125918478
8.0,3.0500000000000003,6.313933154975131e-05,8.59108171586698e-05,1.349296766770325e-05,6.322633683017749e-05,8.602920128715306e-05,1.3511560823615661e-05,6.353256755516225e-05,8.644587550870074e-05,1.3577002778252464e-05,1.1838412848325477e-07,1.1838412848325477e-07,4.1667422154768234e-07,4.1667422154768234e-07,5.350583500309371e-07,5.350583500309371e-07,0.006228067287996236,1.4658274448318904,1.0,0.38241989178356733,1.001377988621207,1.0,0.0,0.0,action_absolute,0.217603240968257,2.3146617471198063e-30,0.1520636193182569,0.6058618875285434,9.73259772049522e-29,0.5891268740470006,2.8676826827286432,0.04473497088292337,0.5580450256730829,0.9133806384491616,1.4452584361625018,1.665287061215118,0.5340456186588123,0.3605063239183745,0.6750478073834597,0.6165755972916112,0.0939170257860459,2.326336265103081,2.325715966072686,-0.0006202990303947331,0.0006202990303947331,5.363117975282033,5.355937811511791
8.8,3.0500000000000003,2.214685845572753e-05,5.848230696335134e-05,7.0477500947404865e-06,2.2167120102508952e-05,5.8535811068641164e-05,7.054197917726705e-06,2.228984236812733e-05,5.885987875632153e-05,7.093251576775806e-06,5.3504105289827104e-08,5.3504105289827104e-08,3.240676876803633e-07,3.240676876803633e-07,3.7757179297019043e-07,3.7757179297019043e-07,0.006456171320443984,1.5482467554553723,1.0,0.43712316521321565,1.0009148767904001,1.0,0.0,0.0,action_absolute,0.1444715519518128,1.1961527305686527e-30,0.11517223325097901,0.5937428169581063,1.248336552683573e-28,0.1526414316992487,0.36027589124483117,0.08885835383790645,0.7386124145853323,0.9135092943819342,1.283188407955434,1.2087482232265034,0.46591397848636784,0.31283738865346755,0.6714488148000927,0.6133747330216186,0.06882897654745895,1.5836853806251638,1.5836564532109716,-2.892741419224798e-05,2.892741419224798e-05,0.21087699409632094,0.21081058003771144
9.600000000000001,3.0500000000000003,1.097514716161622e-05,4.3579838239086545e-05,3.956029589534321e-06,1.0985331402004637e-05,4.362027756460806e-05,3.959700534053809e-06,1.1046127051505942e-05,4.3861683400164704e-05,3.981614535278618e-06,4.0439325521518076e-08,4.0439325521518076e-08,2.414058355566413e-07,2.414058355566413e-07,2.8184516107815935e-07,2.8184516107815935e-07,0.006467329216136782,1.5480056645464257,1.0,0.4369674344285572,1.0009279365678152,1.0,0.0,0.0,action_absolute,0.14653386933824178,1.0543896949645284e-30,0.11485685465158924,0.5829075323524004,1.5205403540597014e-28,0.1066533286499557,0.23877254389671365,0.18728807642891,0.885161523615255,0.9126874962095687,1.3214390643360192,1.1497013156171452,0.46541039148158964,0.31102291452746655,0.6682766870274528,0.6099277762583114,0.05251232592658927,0.9999999963697461,0.9999999963672016,-2.5445201501383963e-12,2.5445201501383963e-12,1.000000018151269,1.0000000181639912
10.4,3.0500000000000003,7.422066650879911e-06,2.996797605593746e-05,2.1099881408201052e-06,7.42985707665652e-06,2.999943135055022e-05,2.112202848228942e-06,7.469441027473036e-06,3.0159258922312614e-05,2.123456003275691e-06,3.145529461276171e-08,3.145529461276171e-08,1.5982757176239307e-07,1.5982757176239307e-07,1.9128286637515478e-07,1.9128286637515478e-07,0.006382909076612684,1.5229622419775668,1.0,0.42065728173279693,1.0010496302637872,1.0,0.0,0.0,action_absolute,0.16575096753584162,2.335944854876623e-30,0.12533762689732517,0.5770575935599054,1.881807269790225e-28,0.19108966093919896,0.472461907610346,0.220824975839357,0.9172112591118021,0.9115432858021782,1.3800538892073893,1.2559774722814012,0.4844721660832837,0.32294051966762477,0.6665821945529671,0.6076185238800385,0.07885407229111079,0.4952546215976669,0.49517311164654,-8.15099511269346e-05,8.15099511269346e-05,5.116026248377378,5.116948111796278
11.2,3.0500000000000003,4.558508157061265e-06,1.64733877061025e-05,7.956065816946357e-07,4.563824849471895e-06,1.6492600995270078e-05,7.96534515862789e-07,4.587238961489236e-06,1.6577214147592356e-05,8.006210329827982e-07,1.9213289167578683e-08,1.9213289167578683e-08,8.461315232227853e-08,8.461315232227853e-08,1.0382644148985721e-07,1.0382644148985721e-07,0.006302676980727839,1.499419168235305,1.0,0.40507781194222237,1.0011663228906136,1.0,0.0,0.0,action_absolute,0.18417832854866142,4.3567080369291786e-30,0.1353663151635882,0.5744380238171944,2.5787377213826423e-28,0.26361689275729705,0.7159775670150244,0.25761164719784035,0.918467785735001,0.9102765341121836,1.425828304611859,1.3404293458524341,0.5036498113495502,0.33534392804133883,0.6658275660677229,0.6060872091564777,0.09311009064978863,0.1521117486982866,0.15206212017769655,-4.9628520590039304e-05,4.9628520590039304e-05,9.7326567983553,9.73343094934616
12.0,3.0500000000000003,2.510495662816609e-06,8.24875453828118e-06,4.859949130600825e-07,2.513641146673095e-06,8.259089678317698e-06,4.866038323169475e-07,2.526078331931464e-06,8.299954631746182e-06,4.890114878480356e-07,1.0335140036517838e-08,1.0335140036517838e-08,4.086495342848446e-08,4.086495342848446e-08,5.1200093465002296e-08,5.1200093465002296e-08,0.006207008976614672,1.4779687035454037,1.0,0.3906686474340275,1.001252933396012,1.0,0.0,0.0,action_absolute,0.1978553113528244,7.455237692659447e-30,0.14464355018632655,0.5733931109425972,3.655827956749699e-28,0.324701506182844,0.9616532811955605,0.21985478162960875,0.8771173664232618,0.9093091327449306,1.4365937901046397,1.407463712250409,0.5221458533774038,0.347502306737629,0.6655272745917153,0.60517002887709,0.10017041327167997,0.03820530811702282,0.03818556745094094,-1.9740666081881353e-05,1.9740666081881353e-05,11.590529892754075,11.590865929368219
12.8,3.0500000000000003,6.987840444124497e-07,2.0494081982394568e-06,2.0546695572333468e-07,6.99311633680586e-07,2.050955522881551e-06,2.0562208542565553e-07,7.03352462977682e-07,2.0628065500413337e-06,2.0681023060571625e-07,1.547324642094217e-09,1.547324642094217e-09,1.185102715978277e-08,1.185102715978277e-08,1.3398351801876987e-08,1.3398351801876987e-08,0.006537668685714654,1.5781226258875372,1.0,0.4562359290923607,1.0007550104676186,1.0,0.0,0.0,action_absolute,0.11922647414521946,4.0750920991128094e-30,0.10063809092004923,0.5338320558240495,6.464043808183648e-28,0.11428700520012199,0.2580678072267517,0.17569428045847932,0.7916635165194551,0.9085358250939559,1.2989829518445448,1.1597086448540501,0.4340747135174888,0.2840870782665762,0.6544658544251516,0.594605675045976,0.05401592941623797,0.002360310270391981,0.002360640134186222,3.2986379424086373e-07,3.2986379424086373e-07,12.208729389421716,12.208723626538259
13.600000000000001,3.0500000000000003,2.2326174268397465e-07,5.624651764779447e-07,8.96485457214287e-08,2.2342045574729303e-07,5.628650236263883e-07,8.971227538304665e-08,2.2472109652247787e-07,5.661417388143741e-07,9.023453482884145e-08,3.9984714844358724e-10,3.9984714844358724e-10,3.2767151879857893e-09,3.2767151879857893e-09,3.6765623364293765e-09,3.6765623364293765e-09,0.0065365154860810145,1.5835144599575646,1.0,0.4596467185984162,1.0007108833847231,1.0,0.0,0.0,action_absolute,0.11225820452039596,7.260781690105417e-30,0.09808481357269962,0.5280185854825669,1.1763490991754191e-27,0.11527755794505871,0.2605959846057573,0.14219344601157302,0.6820485800640658,0.9078260527267962,1.2636992854914393,1.1610009932696252,0.42871297503320693,0.2799032427620982,0.6528919325112977,0.5927123059489012,0.05420168557425831,0.00017781460367511482,0.00017783905022394927,2.444654883444774e-08,2.444654883444774e-08,12.246888442048391,12.246888014288125
14.4,3.0500000000000003,1.1131574868254139e-07,2.794023168151319e-07,4.078617618956065e-08,1.1140581893670946e-07,2.796283929812497e-07,4.0819178000170704e-08,1.120340864927342e-07,2.812053433482073e-07,4.1049375717362437e-08,2.2607616611782777e-10,2.2607616611782777e-10,1.5769503669575877e-09,1.5769503669575877e-09,1.8030265330754155e-09,1.8030265330754155e-09,0.006453155269533424,1.5609164733916419,1.0,0.4452731317042589,1.0008091420597183,1.0,0.0,0.0,action_absolute,0.12777459253924878,1.8092251921219502e-29,0.10740742647090296,0.5324752357596022,1.7068945114664225e-27,0.19599958236239193,0.48756089689181237,0.14358465010708318,0.6958799953963969,0.9074258165716932,1.3078659525570662,1.2618790978739667,0.44461596728681235,0.2908221086214657,0.6540973109808773,0.5935447865341713,0.07820488594258433,4.3878124893673016e-05,4.3876889051414924e-05,-1.235842258092085e-09,1.235842258092085e-09,12.249232144847419,12.249232166473982
15.200000000000001,3.0500000000000003,4.968291868509314e-08,1.468748991201615e-07,1.1756682147134828e-08,4.972928106478234e-08,1.4701195769119638e-07,1.1767653075896994e-08,5.000120321861658e-08,1.4781582630378906e-07,1.1831999181480213e-08,1.3705857103487985e-10,1.3705857103487985e-10,8.038686125926862e-10,8.038686125926862e-10,9.40927183627566e-10,9.40927183627566e-10,0.006406317139716116,1.5399344597018174,1.0,0.4317398568847099,1.0009331653798976,1.0,0.0,0.0,action_absolute,0.1473595702461144,3.553231406472949e-29,0.11619019864791928,0.5368992638035482,2.498833488468189e-27,0.26351295792832896,0.7155942817054621,0.20614409899481195,0.8194779889499156,0.9071561007082257,1.3881620009503464,1.3403122806873127,0.4601920685803426,0.30156462911366805,0.6553016657674521,0.5944609039052068,0.09130838965322625,1.2125120581493763e-05,1.2123650576627e-05,-1.47000486676282e-09,1.47000486676282e-09,12.249787811308686,12.24978783703355
16.0,3.0500000000000003,2.0144386751795708e-08,5.6026964667139175e-08,5.2311242070818925e-09,2.016484499015292e-08,5.6083864537644744e-08,5.236436832739019e-09,2.0271800689030075e-08,5.63813371405973e-08,5.264211247139188e-09,5.6899870505569606e-11,5.6899870505569606e-11,2.9747260295255276e-10,2.9747260295255276e-10,3.5437247345812236e-10,3.5437247345812236e-10,0.0063250343038120755,1.520124718640573,1.0,0.4187923832293445,1.0010155801022529,1.0,0.0,0.0,action_absolute,0.1603739815496448,6.994108444339741e-29,0.12459912372608362,0.5413065708996393,4.065825513687288e-27,0.3217878591111364,0.9489298103375201,0.18083051406094844,0.7856583210612964,0.9069456056293598,1.4025161383361295,1.4043428740235022,0.47566591614539244,0.3122790276931101,0.6565091529443506,0.5954180913183321,0.09830949881575456,1.7643517201671897e-06,1.7638528750785242e-06,-4.988450886654802e-10,4.988450886654802e-10,12.249969123864352,12.249969132594126
16.8,3.0500000000000003,9.368112729891527e-09,2.4957619463042163e-08,2.2282514265782826e-09,9.378451542202718e-09,2.4985163126403426e-08,2.2307105636473773e-09,9.42671865904368e-09,2.511375170869612e-08,2.2421911334332768e-09,2.7543663361262748e-11,2.7543663361262748e-11,1.2858858229269542e-10,1.2858858229269542e-10,1.5613224565395817e-10,1.5613224565395817e-10,0.006255894953649827,1.5013415333766713,1.0,0.40635906399495303,1.0011036174103884,1.0,0.0,0.0,action_absolute,0.1742762760110067,1.2111517172247739e-28,0.13268580337603814,0.5463407869798484,6.168787517735957e-27,0.3729068193667717,1.1893186878231288,0.1777839621892827,0.7788930551818256,0.9056192077685916,1.425622664026163,1.4580718575681215,0.49110057114940003,0.3230939492316103,0.657897726478759,0.5958048178464513,0.10148348014488262,3.501041778125648e-07,3.499570984744062e-07,-1.4707933815858452e-10,1.4707933815858452e-10,12.249993873177651,12.249993875751542
17.6,3.0500000000000003,3.3413821856759894e-09,7.372803068620281e-09,8.491207497756073e-10,3.3441337507504067e-09,7.37887443259389e-09,8.498199846638105e-10,3.362962964753037e-09,7.420421337157343e-09,8.546049136013437e-10,6.0713639736090065e-12,6.0713639736090065e-12,4.154690456345284e-11,4.154690456345284e-11,4.7618268537061845e-11,4.7618268537061845e-11,0.006458638335225866,1.559816346703205,1.0,0.44456808785883606,1.0008234810989933,1.0,0.0,0.0,action_absolute,0.13003892286140006,1.377936835999091e-28,0.10702376707827714,0.5261118315756542,1.0423032796427978e-26,0.2679119024066777,0.7319116463917812,0.1320001313909301,0.697346542744771,0.90987871267412,1.341292619737264,1.345257621215382,0.4414782046307744,0.28801094954681944,0.6523786373275082,0.5935854347076498,0.09182258424368081,5.6207073804593766e-08,5.548704728925223e-08,-7.200265153415329e-10,7.200265153415329e-10,12.249999016376224,12.249999028976692
18.4,3.0500000000000003,1.7949803590232282e-09,1.996930012438708e-09,3.8732741948561017e-10,1.796151055786763e-09,1.99823242195579e-09,3.875800367101612e-10,1.8066953247695973e-09,2.00996300557204e-09,3.898553175927363e-10,1.3024095170822066e-12,1.3024095170822066e-12,1.1730583616250023e-11,1.1730583616250023e-11,1.303299313333223e-11,1.303299313333223e-11,0.006526514726180097,1.5896510516836373,1.0,0.463514527796402,1.0006522058905267,1.0,0.0,0.0,action_absolute,0.10299222604095094,1.5929984900300022e-28,0.09421603304878111,0.5139240325215796,1.686044268142297e-26,0.20297833384972,0.5093420730458487,0.0,0.5139240325215797,0.9043734450498737,1.229970175055255,1.2702190003210754,0.4179237790947546,0.2712877898789954,0.6491322184792149,0.5870579407189148,0.07894833438248253,5.6207073804593766e-08,5.548704728925223e-08,-7.200265153415329e-10,7.200265153415329e-10,12.249999016376224,12.249999028976692
19.200000000000003,3.0500000000000003,1.8603064690849132e-09,2.063041699959558e-09,3.88760954464617e-10,1.8616671120336053e-09,2.064550625068703e-09,3.890452973189851e-10,1.8723087245310508e-09,2.076351954958095e-09,3.912691477975487e-10,1.5089251091452375e-12,1.5089251091452375e-12,1.1801329889391715e-11,1.1801329889391715e-11,1.3310254998536952e-11,1.3310254998536952e-11,0.006451762462580312,1.5704009692603986,1.0,0.4513309811859851,1.0007314079541751,1.0,0.0,0.0,action_absolute,0.11549931461629442,2.1148905266644166e-28,0.10217329191624851,0.5190615771644347,1.6870931452033958e-26,0.26851220272081255,0.7341536078101636,0.0,0.5190615771644347,0.9050431796499754,1.264021495651515,1.3459310085035026,0.43121091235090875,0.280499844820054,0.6504933822078004,0.5887245989746144,0.0911567107750155,5.6207073804593766e-08,5.548704728925223e-08,-7.200265153415329e-10,7.200265153415329e-10,12.249999016376224,12.249999028976692
20.0,3.0500000000000003,0.0,0.0,0.0,1e-30,1e-30,1e-30,1.0055641423643005e-30,1.0055641423643005e-30,1.0055641423643005e-30,1e-30,1e-30,5.564142364300414e-33,5.564142364300414e-33,1.0055641423643005e-30,1.0055641423643005e-30,1.0055641423643005,1.5516627094173834,1.0,0.43932707173589636,1.0,1.0,0.0,0.0,action_absolute,0.0,0.0,0.11002090405486509,0.0,0.0,0.3261537967964966,0.9680363122799913,0.0,0.0,-0.0,1.1630768983982482,1.409016545507328,0.0,0.0,0.0,-0.0,-0.0,5.6207073804593766e-08,5.548704728925223e-08,-7.200265153415329e-10,7.200265153415329e-10,12.249999016376224,12.249999028976692
4.0,3.24,0.00018832780181246675,0.001532466087052544,0.0003183526610020889,0.00018843881772643954,0.0015333694487529893,0.0003185403242747798,0.00018902968466912699,0.0015381774672341406,0.0003195391362488612,9.033617004454344e-07,9.033617004454344e-07,4.808018481151314e-06,4.808018481151314e-06,5.711380181596748e-06,5.711380181596748e-06,0.0037269210913382657,1.280917082806759,1.0,0.24757629233153006,1.0005894823435753,1.0,0.0,0.0,action_absolute,0.09308732052024063,6.202252569973783e-32,0.07718149434815945,0.7398959146494888,2.8759208781910693e-29,0.052928468881864164,0.11177290657100736,0.09029178776792637,0.8905456474605103,0.7589817025530448,1.2716735932480412,1.0767321020559757,0.546060374720069,0.3921821127417072,0.7182028414765574,0.5451028154023121,0.02595085492002419,3.021949299961463,3.0219114715476416,-3.782841382138358e-05,3.782841382138358e-05,16.44199707278425,16.441230134611477
4.8,3.24,0.00019777557664767852,0.0015696901327571409,0.0001510680352658912,0.00019791351382700764,0.0015707849020557736,0.00015117339660031162,0.00019868477398103776,0.0015769061809016774,0.00015176251259796465,1.0947692986327043e-06,1.0947692986327043e-06,6.1212788459038235e-06,6.1212788459038235e-06,7.216048144536528e-06,7.216048144536528e-06,0.0045971163314007905,1.3602809677586774,1.0,0.30769127235057525,1.0006974429384414,1.0,0.0,0.0,action_absolute,0.11013577431600051,3.0217090971744366e-31,0.07111786048012514,0.7483546779040979,2.99331615579692e-29,0.3330127461264275,0.9985580509745398,0.1957340473559828,1.028929737850407,0.8340797122947241,1.4726723193648112,1.4163259993902102,0.5501795270015617,0.39674451454469695,0.7211182806218284,0.6014701280315208,0.10022086621457978,13.936390873127614,13.935868238104737,-0.0005226350228770826,0.0005226350228770826,982.2568507739832,982.1749530195196
5.6,3.24,0.00015726508360014907,0.001302111816443075,5.950118924654633e-05,0.00015743394468238647,0.001303509939952027,5.9565077777811985e-05,0.00015814788502398544,0.0013094211704283037,5.9835196855764666e-05,1.3981235089520917e-06,1.3981235089520917e-06,5.9112304762766726e-06,5.9112304762766726e-06,7.309353985228764e-06,7.309353985228764e-06,0.005613461066036114,1.4305484675437201,1.0,0.35805791447458585,1.0010737353668837,1.0,0.0,0.0,action_absolute,0.16955749284161567,1.1188933327021247e-31,0.1092096338293002,0.7673872063176571,3.3680239794868636e-29,0.04896323098045846,0.10296811348511037,0.28060102967778355,1.1142619982231503,0.8790346930075283,1.3731973724654627,1.0711593535980681,0.546843403847922,0.3979681596702266,0.7277552529113109,0.6397221153275103,0.02839870102601223,58.026376338327395,58.02037438895278,-0.006001949374613957,0.006001949374613957,20040.91560756178,20036.667474657374
6.4,3.24,0.00010403825274016762,0.0006722686191245088,2.722556200534418e-05,0.000104176904780681,0.0006731645532002907,2.726184558015192e-05,0.00010469198791501166,0.0006764928888684761,2.7396636654033654e-05,8.959340757818887e-07,8.959340757818887e-07,3.328335668185446e-06,3.328335668185446e-06,4.224269743967335e-06,4.224269743967335e-06,0.006283603940146091,1.4775528482269376,1.0,0.3903872383399466,1.0013327025095247,1.0,0.0,0.0,action_absolute,0.21045194485354435,7.238211879071615e-31,0.1316552460415761,0.7152790098702286,4.49044403835297e-29,0.23684225745303278,0.6206901777936342,0.28047183716500834,1.0740779608329225,0.9010351189675962,1.4570585782259993,1.309910589913548,0.5249822991117343,0.3726541236448598,0.7098413113649498,0.639591950433832,0.09346783454673689,59.89617665014505,59.891019590887744,-0.005157059257307139,0.005157059257307139,21386.266766781093,21382.496079885084
7.2,3.24,7.600629932787529e-05,0.00012096532120601364,1.7567907408103097e-05,7.61045052080556e-05,0.00012112161753862529,1.759060647153857e-05,7.649025895604448e-05,0.00012173555120523633,1.7679768635555572e-05,1.5629633261165046e-07,1.5629633261165046e-07,6.139336666110412e-07,6.139336666110412e-07,7.702299992226917e-07,7.702299992226917e-07,0.006367362079838801,1.4921401916441892,1.0,0.40021145959540433,1.0012920755391164,1.0,0.0,0.0,action_absolute,0.2040363908384409,1.8967060636895713e-30,0.14069871838435052,0.6301145622349632,8.300512548141207e-29,0.5397550802947837,2.3455123877977533,0.05673892634684577,0.5919358578723675,0.9103278991792528,1.432046236202195,1.6204236024415644,0.5085810105526215,0.34706003918545353,0.6824085681223919,0.6212155582007791,0.10022508202928843,3.5328048721072967,3.5325034038502654,-0.00030146825703125657,0.00030146825703125657,28.43035389052889,28.42231729645605
8.0,3.24,6.313933331610834e-05,8.591081622320735e-05,1.349296735180378e-05,6.322633859832015e-05,8.602920034951931e-05,1.3511560507142324e-05,6.353256933186875e-05,8.644587456652565e-05,1.3577002460246317e-05,1.1838412631196373e-07,1.1838412631196373e-07,4.166742170063389e-07,4.166742170063389e-07,5.350583433183026e-07,5.350583433183026e-07,0.0062280672776772635,1.4658274448318904,1.0,0.38241989178356733,1.001377988610938,1.0,0.0,0.0,action_absolute,0.21760323934663475,2.3146617353764736e-30,0.1520636193182569,0.6058618819029009,9.732597706230434e-29,0.5891268740470006,2.8676826827286432,0.04473497088292337,0.5580450237004745,0.9133806374311134,1.4452584356693496,1.665287061215118,0.5340456193684134,0.36050632349857825,0.6750478057004369,0.6165755950671394,0.09391702544721353,2.3263362622561985,2.3257159631870614,-0.0006202990691370758,0.0006202990691370758,5.363117942317404,5.35593777812093
8.8,3.24,2.2146858517965734e-05,5.848230688563102e-05,7.047750078199941e-06,2.2167120164782557e-05,5.853581099079287e-05,7.054197901164173e-06,2.2289842430745696e-05,5.885987867804224e-05,7.09325156012158e-06,5.3504105161843814e-08,5.3504105161843814e-08,3.2406768724937263e-07,3.2406768724937263e-07,3.7757179241121644e-07,3.7757179241121644e-07,0.00645617131946594,1.5482467554553723,1.0,0.43712316521321565,1.0009148767894276,1.0,0.0,0.0,action_absolute,0.14447155179823984,1.1961527300418969e-30,0.11517223325097901,0.5937428163074436,1.248336552715107e-28,0.1526414316992487,0.36027589124483117,0.08885835383790645,0.7386124136147232,0.9135092942174989,1.2831884077127818,1.2087482232265034,0.4659139784670104,0.3128373885511136,0.6714488146083053,0.6133747327360093,0.0688289765154097,1.5836853777244484,1.583656450307749,-2.8927416699353614e-05,2.8927416699353614e-05,0.2108769874360832,0.21081057337276704
9.600000000000001,3.24,1.0975147166603606e-05,4.3579838244340494e-05,3.956029584143238e-06,1.0985331406996688e-05,4.362027756986703e-05,3.959700528657736e-06,1.104612705652562e-05,4.3861683405452785e-05,3.9816145298526824e-06,4.043932552653929e-08,4.043932552653929e-08,2.414058355857521e-07,2.414058355857521e-07,2.818451611122914e-07,2.818451611122914e-07,0.006467329216140293,1.5480056645464257,1.0,0.4369674344285572,1.0009279365678185,1.0,0.0,0.0,action_absolute,0.1465338693387804,1.0543896948557402e-30,0.11485685465158924,0.5829075325355851,1.5205403540998682e-28,0.1066533286499557,0.23877254389671365,0.18728807642891,0.8851615237079763,0.9126874960185503,1.3214390643591996,1.1497013156171452,0.46541039153032643,0.3110229145848246,0.6682766870807142,0.6099277761792693,0.05251232591978406,0.9999999967825182,0.9999999967799801,-2.5380808565955704e-12,2.5380808565955704e-12,1.0000000160874087,1.000000016100099
10.4,3.24,7.4220666618838015e-06,2.9967976024684562e-05,2.109988140687129e-06,7.429857087666564e-06,2.9999431319242728e-05,2.112202848094292e-06,7.4694410385417386e-06,3.0159258890838323e-05,2.1234560031403235e-06,3.145529455816535e-08,3.145529455816535e-08,1.5982757159559535e-07,1.5982757159559535e-07,1.912828661537607e-07,1.912828661537607e-07,0.0063829090758815805,1.5229622419775668,1.0,0.42065728173279693,1.00104963026306,1.0,0.0,0.0,action_absolute,0.1657509674210066,2.335944854577127e-30,0.12533762689732517,0.5770575930223208,1.8818072699532112e-28,0.19108966093919896,0.472461907610346,0.220824975839357,0.9172112583548963,0.9115432858184935,1.3800538890181628,1.2559774722814012,0.4844721660633337,0.32294051957917114,0.6665821943978387,0.6076185237495078,0.07885407227417109,0.49525462056597236,0.4951731106143093,-8.15099516630613e-05,8.15099516630613e-05,5.116026260045139,5.116948123471154
11.2,3.24,4.558508231890119e-06,1.6473387158152945e-05,7.956066254573462e-07,4.563824924305847e-06,1.6492600446384475e-05,7.965345596621986e-07,4.587239036707115e-06,1.657721359589077e-05,8.00621077006915e-07,1.921328823152935e-08,1.921328823152935e-08,8.461314950629378e-08,8.461314950629378e-08,1.0382643773782313e-07,1.0382643773782313e-07,0.006302676962608613,1.499419168235305,1.0,0.40507781194222237,1.0011663228725867,1.0,0.0,0.0,action_absolute,0.18417832570194545,4.356708047983893e-30,0.1353663151635882,0.5744380040542331,2.5787377264516254e-28,0.26361689275729705,0.7159775670150244,0.25761164719784035,0.9184677659124011,0.9102765424026532,1.4258282996562088,1.3404293458524341,0.5036498075977955,0.3353439226808478,0.6658275603842712,0.6060872095029881,0.09311009070302126,0.1521117385339342,0.15206211001121417,-4.962852272002993e-05,4.962852272002993e-05,9.732656956905,9.733431107935388
12.0,3.24,2.5104955036188607e-06,8.248756172977229e-06,4.859947389150256e-07,2.5136409875266623e-06,8.2590913158859e-06,4.866036580022455e-07,2.5260781719975943e-06,8.29995627741687e-06,4.890113126708461e-07,1.0335142908671037e-08,1.0335142908671037e-08,4.0864961530969544e-08,4.0864961530969544e-08,5.120010443964058e-08,5.120010443964058e-08,0.00620700907700135,1.4779687035454037,1.0,0.3906686474340275,1.0012529334959044,1.0,0.0,0.0,action_absolute,0.19785532712719478,7.455237547439604e-30,0.14464355018632655,0.5733932208581378,3.65582792464364e-28,0.324701506182844,0.9616532811955605,0.21985478162960875,0.8771174845952986,0.9093090798892074,1.4365938196476489,1.407463712250409,0.5221458814905892,0.3475023419299649,0.6655273061580742,0.6051700224037413,0.10017041220018272,0.038205323287323824,0.03818558262100076,-1.9740666323063427e-05,1.9740666323063427e-05,11.590529634518637,11.590865671133143
12.8,3.24,6.98784889936532e-07,2.049406352410618e-06,2.054668547155631e-07,6.993124795983421e-07,2.0509536749414155e-06,2.0562198426967013e-07,7.033533137834009e-07,2.062804691423254e-06,2.0681012886522165e-07,1.5473225307976803e-09,1.5473225307976803e-09,1.1851016481838527e-08,1.1851016481838527e-08,1.3398339012636207e-08,1.3398339012636207e-08,0.006537668333503693,1.5781226258875372,1.0,0.4562359290923607,1.0007550101174312,1.0,0.0,0.0,action_absolute,0.11922641884585691,4.075091638171989e-30,0.10063809092004923,0.5338318279052563,6.464044331680594e-28,0.11428700520012199,0.2580678072267517,0.17569428045847932,0.7916628871580557,0.9085357347755688,1.298982794504195,1.1597086448540501,0.4340747004357998,0.28408704280575986,0.6544657924558694,0.5946055596343682,0.05401591893186906,0.0023603060191225394,0.002360635880670924,3.29861548384585e-07,3.29861548384585e-07,12.208729463693501,12.208723700849262
13.600000000000001,3.24,2.2326211527453968e-07,5.624656224767778e-07,8.96480182022092e-08,2.2342082866599227e-07,5.628654701016604e-07,8.971174751422608e-08,2.2472147161212096e-07,5.661421878887992e-07,9.023400388703586e-08,3.9984762488257353e-10,3.9984762488257353e-10,3.276717787138787e-09,3.276717787138787e-09,3.6765654120213605e-09,3.6765654120213605e-09,0.0065365157711005754,1.5835144599575646,1.0,0.4596467185984162,1.0007108836680931,1.0,0.0,0.0,action_absolute,0.11225824926839366,7.260779552003343e-30,0.09808481357269962,0.5280197021805321,1.176349360372532e-27,0.11527755794505871,0.2605959846057573,0.14219344601157302,0.6820495117427807,0.9078251652377821,1.263699518411118,1.1610009932696252,0.4287132021927234,0.2799035201320997,0.6528922335502793,0.5927119998052469,0.054201657578379164,0.0001778148857386508,0.0001778393324269878,2.444668833700655e-08,2.444668833700655e-08,12.246888437112904,12.246888009350203
14.4,3.24,1.1132169039458345e-07,2.7939305690538995e-07,4.0783819388463294e-08,1.1141176419718238e-07,2.7961912241846297e-07,4.0816818830744546e-08,1.1204006528120685e-07,2.8119602050454435e-07,4.1047003243518036e-08,2.2606551307301804e-10,2.2606551307301804e-10,1.5768980860813797e-09,1.5768980860813797e-09,1.8029635991543977e-09,1.8029635991543977e-09,0.006453143893854635,1.5609164733916419,1.0,0.4452731317042589,1.0008091307478324,1.0,0.0,0.0,action_absolute,0.12777280623783016,1.8092140021381087e-29,0.10740742647090296,0.5324753932111872,1.7069018703702914e-27,0.19599958236239193,0.48756089689181237,0.14358465010708318,0.6958612317982025,0.9074162327807836,1.3078612616575176,1.2618790978739667,0.44461594249633746,0.29082211140233444,0.6540973537059573,0.5935385565717396,0.07820406508877102,4.3875216573652976e-05,4.387397982152236e-05,-1.2367521306179863e-09,1.2367521306179863e-09,12.249232195741424,12.24923221738391
15.200000000000001,3.24,4.968072209073952e-08,1.4686514252036288e-07,1.1760469559737243e-08,4.972708119931707e-08,1.4700218837641795e-07,1.1771443733668272e-08,4.999899132417879e-08,1.478060035699171e-07,1.1835810566754554e-08,1.370458560550667e-10,1.370458560550667e-10,8.03815193499147e-10,8.03815193499147e-10,9.408610495542137e-10,9.408610495542137e-10,0.00640629242179616,1.5399344597018174,1.0,0.4317398568847099,1.0009331407964015,1.0,0.0,0.0,action_absolute,0.14735568817599506,3.5533138901304493e-29,0.11619019864791928,0.5368346191281693,2.4988313437013022e-27,0.26351295792832896,0.7155942817054621,0.20614409899481195,0.8194316042526251,0.907202378048137,1.3881504047760238,1.3403122806873127,0.46018099909806226,0.3015492512351958,0.6552840117828012,0.5944752137862807,0.09131058763157673,1.212350973633273e-05,1.212203933131122e-05,-1.4704050215104143e-09,1.4704050215104143e-09,12.249787839498232,12.249787865230099
16.0,3.24,2.0144352772881984e-08,5.603548854462583e-08,5.229405086067076e-09,2.01648120510242e-08,5.6092400060170414e-08,5.234716244701976e-09,2.0271767575189995e-08,5.638991793611055e-08,5.2624815329870635e-09,5.691151554458489e-11,5.691151554458489e-11,2.975178759401389e-10,2.975178759401389e-10,3.544293914847238e-10,3.544293914847238e-10,0.006325087916427489,1.520124718640573,1.0,0.4187923832293445,1.0010156334320037,1.0,0.0,0.0,action_absolute,0.1603824030463535,6.993965365784941e-29,0.12459912372608362,0.541387896914829,4.0658146773448926e-27,0.3217878591111364,0.9489298103375201,0.18083051406094844,0.7857567184443418,0.9068985910661264,1.4025407376818908,1.4043428740235022,0.47568882814214297,0.3123047027050726,0.6565315059527764,0.5954074977390951,0.09830774970957078,1.7648886138578105e-06,1.7643898049681666e-06,-4.988088896439472e-10,4.988088896439472e-10,12.24996911446872,12.249969123197868
16.8,3.24,9.360227759608055e-09,2.489703116263711e-08,2.252880423405211e-09,9.370548496320055e-09,2.4924483027072384e-08,2.255364485362968e-09,9.418774939363503e-09,2.5052759313307338e-08,2.2669719389648873e-09,2.745186443527457e-11,2.745186443527457e-11,1.2827628623495355e-10,1.2827628623495355e-10,1.5572815067022813e-10,1.5572815067022813e-10,0.00625488837014145,1.5013415333766713,1.0,0.40635906399495303,1.0011026159808352,1.0,0.0,0.0,action_absolute,0.17411813659458275,1.2120597549953422e-28,0.13268580337603814,0.5442312517835555,6.168488800387125e-27,0.3729068193667717,1.1893186878231288,0.1777839621892827,0.776951396729753,0.9071460426097926,1.4251372494131447,1.4580718575681215,0.4907632624612678,0.3225858831060226,0.6573146520548323,0.5962803853609739,0.1015644835959659,3.484063821364904e-07,3.4825931929862e-07,-1.4706283787037465e-10,1.4706283787037465e-10,12.249993902889068,12.249993905462667
17.6,3.24,3.443625237570766e-09,7.055660566339771e-09,8.706382092728511e-10,3.4464154427408528e-09,7.061377431338839e-09,8.713436458593542e-10,3.465820555918152e-09,7.1011366624934505e-09,8.762497642148286e-10,5.71686499906844e-12,5.71686499906844e-12,3.975923115461133e-11,3.975923115461133e-11,4.547609615367977e-11,4.547609615367977e-11,0.00644533502229844,1.559816346703205,1.0,0.44456808785883606,1.0008102522712532,1.0,0.0,0.0,action_absolute,0.12794991011766324,1.3770801421834318e-28,0.10702376707827714,0.5133442987796378,1.0443300414358878e-26,0.2679119024066777,0.7319116463917812,0.1320001313909301,0.6693643435866846,0.9123020153852035,1.3342970699477423,1.345257621215382,0.4386002545769712,0.28464248322198915,0.6489792932211726,0.5920651171489407,0.09158740413488911,5.6207073804593766e-08,5.548704728925223e-08,-7.200265153415329e-10,7.200265153415329e-10,12.249999016376224,12.249999028976692
18.4,3.24,1.7949803590232282e-09,1.996930012438708e-09,3.8732741948561017e-10,1.796151055786763e-09,1.99823242195579e-09,3.875800367101612e-10,1.8066953247695973e-09,2.00996300557204e-09,3.898553175927363e-10,1.3024095170822066e-12,1.3024095170822066e-12,1.1730583616250023e-11,1.1730583616250023e-11,1.303299313333223e-11,1.303299313333223e-11,0.006526514726180097,1.5896510516836373,1.0,0.463514527796402,1.0006522058905267,1.0,0.0,0.0,action_absolute,0.10299222604095094,1.5929984900300022e-28,0.09421603304878111,0.5139240325215796,1.686044268142297e-26,0.20297833384972,0.5093420730458487,0.0,0.5139240325215797,0.9043734450498737,1.229970175055255,1.2702190003210754,0.4179237790947546,0.2712877898789954,0.6491322184792149,0.5870579407189148,0.07894833438248253,5.6207073804593766e-08,5.548704728925223e-08,-7.200265153415329e-10,7.200265153415329e-10,12.249999016376224,12.249999028976692
19.200000000000003,3.24,1.8603064690849132e-09,2.063041699959558e-09,3.88760954464617e-10,1.8616671120336053e-09,2.064550625068703e-09,3.890452973189851e-10,1.8723087245310508e-09,2.076351954958095e-09,3.912691477975487e-10,1.5089251091452375e-12,1.5089251091452375e-12,1.1801329889391715e-11,1.1801329889391715e-11,1.3310254998536952e-11,1.3310254998536952e-11,0.006451762462580312,1.5704009692603986,1.0,0.4513309811859851,1.0007314079541751,1.0,0.0,0.0,action_absolute,0.11549931461629442,2.1148905266644166e-28,0.10217329191624851,0.5190615771644347,1.6870931452033958e-26,0.26851220272081255,0.7341536078101636,0.0,0.5190615771644347,0.9050431796499754,1.264021495651515,1.3459310085035026,0.43121091235090875,0.280499844820054,0.6504933822078004,0.5887245989746144,0.0911567107750155,5.6207073804593766e-08,5.548704728925223e-08,-7.200265153415329e-10,7.200265153415329e-10,12.249999016376224,12.249999028976692
20.0,3.24,0.0,0.0,0.0,1e-30,1e-30,1e-30,1.0055641423643005e-30,1.0055641423643005e-30,1.0055641423643005e-30,1e-30,1e-30,5.564142364300414e-33,5.564142364300414e-33,1.0055641423643005e-30,1.0055641423643005e-30,1.0055641423643005,1.5516627094173834,1.0,0.43932707173589636,1.0,1.0,0.0,0.0,action_absolute,0.0,0.0,0.11002090405486509,0.0,0.0,0.3261537967964966,0.9680363122799913,0.0,0.0,-0.0,1.1630768983982482,1.409016545507328,0.0,0.0,0.0,-0.0,-0.0,5.6207073804593766e-08,5.548704728925223e-08,-7.200265153415329e-10,7.200265153415329e-10,12.249999016376224,12.249999028976692
4.0,3.43,0.00018994498691173587,0.0015354741071221191,0.0003168764885594256,0.0001900570390732904,0.0015363799125108868,0.000317063420028722,0.00019065298009525377,0.0015411973705732143,0.0003180576010360682,9.058053887676595e-07,9.058053887676595e-07,4.817458062327494e-06,4.817458062327494e-06,5.7232634510951536e-06,5.7232634510951536e-06,0.0037273591423967736,1.280917082806759,1.0,0.24757629233153006,1.0005899190253786,1.0,0.0,0.0,action_absolute,0.09315627854661471,6.203902883060676e-32,0.07718149434815945,0.7404712098033445,2.8757857052219016e-29,0.052928468881864164,0.11177290657100736,0.09029178776792637,0.8910384175458508,0.7590105044001653,1.2717967857693764,1.0767321020559757,0.5467297190848623,0.3927708753141946,0.7184004483451711,0.5452734866597733,0.025958980112036133,3.0620637760588956,3.0620250949214136,-3.868113748195512e-05,3.868113748195512e-05,17.265349973044717,17.264546350928335
4.8,3.43,0.00019791081378615956,0.0015697730721252953,0.00015100852794394307,0.0001980488455398619,0.0015708679012855368,0.00015111384796934923,0.00019882063307555327,0.0015769895035757445,0.00015170273190863798,1.0948291602414298e-06,1.0948291602414298e-06,6.121602290207716e-06,6.121602290207716e-06,7.216431450449146e-06,7.216431450449146e-06,0.0045971176207519684,1.3602809677586774,1.0,0.30769127235057525,1.0006974442227876,1.0,0.0,0.0,action_absolute,0.11013597713182337,3.0217495821386554e-31,0.07111786048012514,0.7483266861513331,2.993278295504248e-29,0.3330127461264275,0.9985580509745398,0.1957340473559828,1.0288814678031082,0.8341126373933606,1.4726602518529865,1.4163259993902102,0.5502152437610232,0.3967649428840129,0.7211085977405983,0.6014857943084384,0.10022347663157286,13.948701809710291,13.948178306623795,-0.0005235030864962908,0.0005235030864962908,984.1869819314145,984.1048675926498
5.6,3.43,0.00015727283647164777,0.0013021069688296935,5.94992944999995e-05,0.00015744170478008377,0.0013035050780401713,5.956318058128831e-05,0.00015815568031261193,0.0013094162864683756,5.9833291055727074e-05,1.3981092104777947e-06,1.3981092104777947e-06,5.91120842820432e-06,5.91120842820432e-06,7.309317638682115e-06,7.309317638682115e-06,0.005613454050746366,1.4305484675437201,1.0,0.35805791447458585,1.0010737283832636,1.0,0.0,0.0,action_absolute,0.16955639003251652,1.1188918861071026e-31,0.1092096338293002,0.767379504927606,3.368022308887913e-29,0.04896323098045846,0.10296811348511037,0.28060102967778355,1.1142545846630012,0.879037262159928,1.3731955190754255,1.0711593535980681,0.5468448218348994,0.397967711351565,0.7277525459895777,0.6397216055565954,0.02839867839613676,58.02937329552027,58.023370632118166,-0.006002663402107089,0.006002663402107089,20043.03699902115,20038.788135888888
6.4,3.43,0.00010403864280038917,0.0006722681091982096,2.7225488732385953e-05,0.00010417729523024484,0.0006731640417512096,2.7261772175394683e-05,0.00010469238029508,0.0006764923748906311,2.7396562886340383e-05,8.959325529999881e-07,8.959325529999881e-07,3.3283331394215725e-06,3.3283331394215725e-06,4.224265692421561e-06,4.224265692421561e-06,0.006283602679680423,1.4775528482269376,1.0,0.3903872383399466,1.0013327012552604,1.0,0.0,0.0,action_absolute,0.21045174678808234,7.238209775679703e-31,0.1316552460415761,0.715278139509384,4.490444038446338e-29,0.23684225745303278,0.6206901777936342,0.28047183716500834,1.0740771267491565,0.9010352281964351,1.4570583697050576,1.309910589913548,0.5249823665892096,0.3726540180684422,0.7098410190223362,0.6395917645579807,0.0934678073834599,59.89632911739576,59.89117198867452,-0.005157128721236859,0.005157128721236859,21386.378251316768,21382.607503804396
7.2,3.43,7.600632288932138e-05,0.00012096530974034708,1.7567903147612367e-05,7.610452879167802e-05,0.00012112160604498742,1.759060220363219e-05,7.64902826592061e-05,0.00012173553965334024,1.7679764346016294e-05,1.5629630464034571e-07,1.5629630464034571e-07,6.139336083528198e-07,6.139336083528198e-07,7.702299129931655e-07,7.702299129931655e-07,0.006367361970522538,1.4921401916441892,1.0,0.40021145959540433,1.0012920754303514,1.0,0.0,0.0,action_absolute,0.2040363736629547,1.896705965103079e-30,0.14069871838435052,0.6301144919667779,8.300512389387293e-29,0.5397550802947837,2.3455123877977533,0.05673892634684577,0.5919358107848772,0.9103278981245463,1.4320462244303225,1.6204236024415644,0.5085810184347319,0.34706003356478043,0.6824085464945836,0.621215537792641,0.10022507873669975,3.5328051790730988,3.5325037103768526,-0.00030146869624614325,0.00030146869624614325,28.430362074256458,28.42232546731902
8.0,3.43,6.31393350830356e-05,8.59108152869024e-05,1.3492967036065942e-05,6.322634036703338e-05,8.602919941104131e-05,1.3511560190830746e-05,6.353257110914858e-05,8.644587362350222e-05,1.3577002142402714e-05,1.1838412413891087e-07,1.1838412413891087e-07,4.1667421246091617e-07,4.1667421246091617e-07,5.35058336599827e-07,5.35058336599827e-07,0.006228067267351376,1.4658274448318904,1.0,0.38241989178356733,1.0013779886006617,1.0,0.0,0.0,action_absolute,0.21760323772388535,2.314661723630335e-30,0.1520636193182569,0.6058618762702935,9.732597691953039e-29,0.5891268740470006,2.8676826827286432,0.04473497088292337,0.5580450217225088,0.9133806364159601,1.4452584351748583,1.665287061215118,0.5340456200771644,0.3605063230770954,0.6750478040153307,0.6165755928427191,0.093917025108389,2.3263362593392602,2.3257159602313884,-0.0006202991078718689,0.0006202991078718689,5.363117908541583,5.355937743919509
8.8,3.43,2.2146858575592215e-05,5.848230682026327e-05,7.047750060653474e-06,2.2167120222443057e-05,5.8535810925315926e-05,7.0541978835957015e-06,2.2289842488725416e-05,5.88598786122028e-05,7.093251542455845e-06,5.350410505265788e-08,5.350410505265788e-08,3.240676868868764e-07,3.240676868868764e-07,3.775717919395343e-07,3.775717919395343e-07,0.00645617131861685,1.5482467554553723,1.0,0.43712316521321565,1.0009148767885832,1.0,0.0,0.0,action_absolute,0.14447155166486442,1.1961527295445482e-30,0.11517223325097901,0.5937428157982927,1.2483365527533563e-28,0.1526414316992487,0.36027589124483117,0.08885835383790645,0.738612412807362,0.9135092940138594,1.2831884075109417,1.2087482232265034,0.4659139784659171,0.31283738848045706,0.6714488144582295,0.6133747324621801,0.06882897648468235,1.5836853755720006,1.583656448153114,-2.8927418886715017e-05,2.8927418886715017e-05,0.21087698249391848,0.21081056842635906
9.600000000000001,3.43,1.0975147156171564e-05,4.357983827228935e-05,3.956029587034062e-06,1.0985331396559263e-05,4.362027759785889e-05,3.959700531552793e-06,1.1046127046030433e-05,4.3861683433599555e-05,3.981614532763761e-06,4.0439325569541456e-08,4.0439325569541456e-08,2.4140583574066427e-07,2.4140583574066427e-07,2.818451613102057e-07,2.818451613102057e-07,0.006467329216534051,1.5480056645464257,1.0,0.4369674344285572,1.0009279365682102,1.0,0.0,0.0,action_absolute,0.14653386940062044,1.0543896949915207e-30,0.11485685465158924,0.5829075328039723,1.5205403540271514e-28,0.1066533286499557,0.23877254389671365,0.18728807642891,0.8851615241089844,0.9126874960731569,1.3214390644594516,1.1497013156171452,0.465410391575379,0.31102291465125,0.6682766871587481,0.6099277762869822,0.052512325929057704,0.9999999979728135,0.9999999979710085,-1.8050005934355795e-12,1.8050005934355795e-12,1.000000010135932,1.0000000101449569
10.4,3.43,7.422066626525578e-06,2.9967976184084518e-05,2.109988133026544e-06,7.429857052294763e-06,2.9999431478905026e-05,2.112202840432357e-06,7.469441002981487e-06,3.0159259051351253e-05,2.123455995437568e-06,3.1455294820508396e-08,3.1455294820508396e-08,1.598275724462265e-07,1.598275724462265e-07,1.9128286726673488e-07,1.9128286726673488e-07,0.006382909079069609,1.5229622419775668,1.0,0.42065728173279693,1.001049630266231,1.0,0.0,0.0,action_absolute,0.16575096792176333,2.3359448550468226e-30,0.12533762689732517,0.5770575959604645,1.881807269350586e-28,0.19108966093919896,0.472461907610346,0.220824975839357,0.9172112618700298,0.9115432851342707,1.380053889896946,1.2559774722814012,0.4844721664979867,0.3229405202796611,0.6665821952456852,0.6076185240662657,0.07885407231527854,0.49525462590142705,0.49517311595195285,-8.15099494742011e-05,8.15099494742011e-05,5.116026199704791,5.1169480631006135
11.2,3.43,4.558508207901971e-06,1.647338744732148e-05,7.95606596944386e-07,4.563824900330078e-06,1.6492600736036112e-05,7.965345311230267e-07,4.587239012608341e-06,1.6577213887028427e-05,8.006210483213265e-07,1.9213288714632897e-08,1.9213288714632897e-08,8.461315099231483e-08,8.461315099231483e-08,1.0382643970694772e-07,1.0382643970694772e-07,0.006302676971507131,1.499419168235305,1.0,0.40507781194222237,1.0011663228814398,1.0,0.0,0.0,action_absolute,0.1841783271000085,4.3567080388796985e-30,0.1353663151635882,0.5744380150759414,2.5787377240566718e-28,0.26361689275729705,0.7159775670150244,0.25761164719784035,0.9184677759010066,0.9102765370125353,1.4258283021533602,1.3404293458524341,0.5036498099517994,0.3353439258445938,0.6658275635539048,0.6060872087993422,0.09311009059492371,0.15211174390357135,0.15206211538177175,-4.9628521799599534e-05,4.9628521799599534e-05,9.73265687314616,9.733431024158861
12.0,3.43,2.5104956379856614e-06,8.248755073982043e-06,4.859948363192252e-07,2.5136411218897077e-06,8.259090214948249e-06,4.866037554951686e-07,2.5260783070254512e-06,8.299955171031916e-06,4.89011410646152e-07,1.0335140966205954e-08,1.0335140966205954e-08,4.086495608366678e-08,4.086495608366678e-08,5.1200097049872734e-08,5.1200097049872734e-08,0.006207009008106742,1.4779687035454037,1.0,0.3906686474340275,1.001252933427349,1.0,0.0,0.0,action_absolute,0.1978553163013707,7.455237617641867e-30,0.14464355018632655,0.5733931516996877,3.6558279480067733e-28,0.324701506182844,0.9616532811955605,0.21985478162960875,0.8771174053715285,0.9093091097772936,1.4365937998417064,1.407463712250409,0.5221458631928058,0.3475023193817236,0.6655272862966379,0.6051700242348939,0.10017041250328317,0.03820531309156795,0.03818557242529724,-1.9740666270709473e-05,1.9740666270709473e-05,11.59052980807521,11.590865844691344
12.8,3.43,6.987847108646833e-07,2.0494076607145626e-06,2.054665518246095e-07,6.993123005693887e-07,2.050954984755467e-06,2.056216812023972e-07,7.033531337199653e-07,2.0628060088057983e-06,2.0680982404673645e-07,1.5473240409045358e-09,1.5473240409045358e-09,1.1851024050331173e-08,1.1851024050331173e-08,1.3398348091235709e-08,1.3398348091235709e-08,0.006537668589842265,1.5781226258875372,1.0,0.4562359290923607,1.000755010372297,1.0,0.0,0.0,action_absolute,0.11922645909267357,4.075091407011736e-30,0.10063809092004923,0.5338322597762198,6.46404423547135e-28,0.11428700520012199,0.2580678072267517,0.17569428045847932,0.7916633955499216,0.9085355337544835,1.2989829216021613,1.1597086448540501,0.4340747405396182,0.28408712002236997,0.6544659098781197,0.5946055347552311,0.05401591667176665,0.002360309033937482,0.0023606388971095416,3.2986317205973767e-07,3.2986317205973767e-07,12.208729411023189,12.208723648150594
13.600000000000001,3.43,2.2326033684335225e-07,5.624696091711972e-07,8.964812133016587e-08,2.2341904950893457e-07,5.628694609865389e-07,8.97118509316792e-08,2.2471968209771168e-07,5.661462020065888e-07,9.023410790653304e-08,3.99851815341652e-10,3.99851815341652e-10,3.276741020049955e-09,3.276741020049955e-09,3.676592835391607e-09,3.676592835391607e-09,0.006536518196617043,1.5835144599575646,1.0,0.4596467185984162,1.0007108860795713,1.0,0.0,0.0,action_absolute,0.11225863007376059,7.260784735503311e-30,0.09808481357269962,0.5280216019097187,1.1763488295712893e-27,0.11527755794505871,0.2605959846057573,0.14219344601157302,0.6820544847944048,0.907825510874757,1.263700761674024,1.1610009932696252,0.4287134178022261,0.279903880458599,0.6528927456796422,0.592712690393044,0.05420172073047211,0.0001778174063980317,0.00017784185429000135,2.444789196965908e-08,2.444789196965908e-08,12.246888393006971,12.246887965223204
14.4,3.43,1.1131990432277677e-07,2.793916789710462e-07,4.078605998630762e-08,1.1140997645547146e-07,2.796177428051392e-07,4.081906115918438e-08,1.1203826745761576e-07,2.811946331109601e-07,4.1049258217457196e-08,2.2606383409299208e-10,2.2606383409299208e-10,1.5768903058209142e-09,1.5768903058209142e-09,1.8029541399139063e-09,1.8029541399139063e-09,0.006453141863615592,1.5609164733916419,1.0,0.4452731317042589,1.0008091287289784,1.0,0.0,0.0,action_absolute,0.12777248743318123,1.8092196677917015e-29,0.10740742647090296,0.5324657751502841,1.706898530707589e-27,0.19599958236239193,0.48756089689181237,0.14358465010708318,0.6958543941494896,0.9074244704977343,1.3078595522453393,1.2618790978739667,0.44461409239700567,0.2908197408683011,0.654094743827017,0.5935415765725821,0.07820446300115572,4.38747837652474e-05,4.387354684831365e-05,-1.2369169337459992e-09,1.2369169337459992e-09,12.249232203315335,12.249232224960705
15.200000000000001,3.43,4.968179652929179e-08,1.4686541744463403e-07,1.1759266312241004e-08,4.972815675731905e-08,1.4700246390264682e-07,1.1770239391029477e-08,5.0000072763384805e-08,1.4780628060273695e-07,1.1834599638710997e-08,1.3704645801279495e-10,1.3704645801279495e-10,8.038167000901275e-10,8.038167000901275e-10,9.408631581029225e-10,9.408631581029225e-10,0.00640629478656957,1.5399344597018174,1.0,0.4317398568847099,1.0009331431483144,1.0,0.0,0.0,action_absolute,0.14735605957519582,3.5532868563382034e-29,0.11619019864791928,0.5368509890678882,2.4988350297655963e-27,0.26351295792832896,0.7155942817054621,0.20614409899481195,0.819436890048869,0.9071879489454665,1.3881517262250846,1.3403122806873127,0.4601815186523479,0.30155164886507135,0.6552884821367277,0.594469814077206,0.09130975824357668,1.2123555127068707e-05,1.212208477350877e-05,-1.4703535599373065e-09,1.4703535599373065e-09,12.2497878387039,12.249787864434866
16.0,3.43,2.01636996184475e-08,5.5960813627127475e-08,5.232906218205755e-09,2.0184168307130426e-08,5.601762088443898e-08,5.238218275532249e-09,2.029122649818508e-08,5.6314742126583736e-08,5.266002138825234e-09,5.680725731150308e-11,5.680725731150308e-11,2.971212421447578e-10,2.971212421447578e-10,3.5392849945626086e-10,3.5392849945626086e-10,0.006324577441180931,1.520124718640573,1.0,0.4187923832293445,1.0010151256500668,1.0,0.0,0.0,action_absolute,0.16030221733691202,6.993947015383794e-29,0.12459912372608362,0.5410001788740852,4.0661872638707335e-27,0.3217878591111364,0.9489298103375201,0.18083051406094844,0.7848913475230797,0.9069602961348278,1.4023243949515753,1.4043428740235022,0.47558929210726414,0.31218868315992226,0.6564249623381163,0.5953513782324711,0.09829848381615834,1.7601878394377281e-06,1.759688573859422e-06,-4.992655783060456e-10,4.992655783060456e-10,12.249969196732172,12.249969205469307
16.8,3.43,9.321563122595514e-09,2.5076341003148622e-08,2.2388510529368596e-09,9.331867131666636e-09,2.5104060264582428e-08,2.241325867649258e-09,9.379894497288943e-09,2.523326076260926e-08,2.2528610701339834e-09,2.7719261433805918e-11,2.7719261433805918e-11,1.2920049802683353e-10,1.2920049802683353e-10,1.5691975946063944e-10,1.5691975946063944e-10,0.006257681670580902,1.5013415333766713,1.0,0.40635906399495303,1.0011053949788897,1.0,0.0,0.0,action_absolute,0.17455697837746764,1.21177880257788e-28,0.13268580337603814,0.5465737798382388,6.165884165804564e-27,0.3729068193667717,1.1893186878231288,0.1777839621892827,0.7815757281669996,0.9064258802929617,1.4262933322724565,1.4580718575681215,0.4914128043047492,0.3233310656273478,0.6579622321498044,0.5963939954759084,0.10158383481552281,3.534429391742062e-07,3.532957118436193e-07,-1.472273305868586e-10,1.472273305868586e-10,12.249993814749343,12.249993817325821
17.6,3.43,3.4844108883180457e-09,7.139226485334223e-09,8.222198924376399e-10,3.487248759003352e-09,7.145041012440202e-09,8.228895475972675e-10,3.5068837850093984e-09,7.1852713131124215e-09,8.275228441538899e-10,5.814527105978884e-12,5.814527105978884e-12,4.023030067221956e-11,4.023030067221956e-11,4.6044827778198445e-11,4.6044827778198445e-11,0.006449554146066968,1.559816346703205,1.0,0.44456808785883606,1.0008144477721674,1.0,0.0,0.0,action_absolute,0.1286124370662428,1.372085350547977e-28,0.10702376707827714,0.5253311760113417,1.0452097502090276e-26,0.2679119024066777,0.7319116463917812,0.1320001313909301,0.6787167217905433,0.9037860142270192,1.3366351644987071,1.345257621215382,0.4410367983505291,0.28763048613156583,0.6521689056498221,0.5894211358400496,0.09117840286518318,5.6207073804593766e-08,5.548704728925223e-08,-7.200265153415329e-10,7.200265153415329e-10,12.249999016376224,12.249999028976692
18.4,3.43,1.7949803590232282e-09,1.996930012438708e-09,3.8732741948561017e-10,1.796151055786763e-09,1.99823242195579e-09,3.875800367101612e-10,1.8066953247695973e-09,2.00996300557204e-09,3.898553175927363e-10,1.3024095170822066e-12,1.3024095170822066e-12,1.1730583616250023e-11,1.1730583616250023e-11,1.303299313333223e-11,1.303299313333223e-11,0.006526514726180097,1.5896510516836373,1.0,0.463514527796402,1.0006522058905267,1.0,0.0,0.0,action_absolute,0.10299222604095094,1.5929984900300022e-28,0.09421603304878111,0.5139240325215796,1.686044268142297e-26,0.20297833384972,0.5093420730458487,0.0,0.5139240325215797,0.9043734450498737,1.229970175055255,1.2702190003210754,0.4179237790947546,0.2712877898789954,0.6491322184792149,0.5870579407189148,0.07894833438248253,5.6207073804593766e-08,5.548704728925223e-08,-7.200265153415329e-10,7.200265153415329e-10,12.249999016376224,12.249999028976692
19.200000000000003,3.43,1.8603064690849132e-09,2.063041699959558e-09,3.88760954464617e-10,1.8616671120336053e-09,2.064550625068703e-09,3.890452973189851e-10,1.8723087245310508e-09,2.076351954958095e-09,3.912691477975487e-10,1.5089251091452375e-12,1.5089251091452375e-12,1.1801329889391715e-11,1.1801329889391715e-11,1.3310254998536952e-11,1.3310254998536952e-11,0.006451762462580312,1.5704009692603986,1.0,0.4513309811859851,1.0007314079541751,1.0,0.0,0.0,action_absolute,0.11549931461629442,2.1148905266644166e-28,0.10217329191624851,0.5190615771644347,1.6870931452033958e-26,0.26851220272081255,0.7341536078101636,0.0,0.5190615771644347,0.9050431796499754,1.264021495651515,1.3459310085035026,0.43121091235090875,0.280499844820054,0.6504933822078004,0.5887245989746144,0.0911567107750155,5.6207073804593766e-08,5.548704728925223e-08,-7.200265153415329e-10,7.200265153415329e-10,12.249999016376224,12.249999028976692
20.0,3.43,0.0,0.0,0.0,1e-30,1e-30,1e-30,1.0055641423643005e-30,1.0055641423643005e-30,1.0055641423643005e-30,1e-30,1e-30,5.564142364300414e-33,5.564142364300414e-33,1.0055641423643005e-30,1.0055641423643005e-30,1.0055641423643005,1.5516627094173834,1.0,0.43932707173589636,1.0,1.0,0.0,0.0,action_absolute,0.0,0.0,0.11002090405486509,0.0,0.0,0.3261537967964966,0.9680363122799913,0.0,0.0,-0.0,1.1630768983982482,1.409016545507328,0.0,0.0,0.0,-0.0,-0.0,5.6207073804593766e-08,5.548704728925223e-08,-7.200265153415329e-10,7.200265153415329e-10,12.249999016376224,12.249999028976692
4.0,3.62,0.00019156415950615622,0.0015384232206597922,0.0003154121995091015,0.0001916772480473442,0.001539331417883128,0.00031559840086120897,0.00019227826938096823,0.0015441581306572855,0.00031658798816855784,9.081972233357383e-07,9.081972233357383e-07,4.826712774157497e-06,4.826712774157497e-06,5.734909997493235e-06,5.734909997493235e-06,0.0037277843446965604,1.280917082806759,1.0,0.24757629233153006,1.0005903428985856,1.0,0.0,0.0,action_absolute,0.09322321392052361,6.205510714229928e-32,0.07718149434815945,0.7410260730428088,2.875647992200912e-29,0.052928468881864164,0.11177290657100736,0.09029178776792637,0.891509008468447,0.7590421008183054,1.2719144335000254,1.0767321020559757,0.5473899267973392,0.3933495466300519,0.7185911310634734,0.545440921751821,0.025966951239059288,3.1023497173965704,3.1023101700005427,-3.954739602773927e-05,3.954739602773927e-05,18.112466002001145,18.111624468045477
4.8,3.62,0.00019804606069698686,0.0015698556981101385,0.00015094906140047544,0.00019818418701258775,0.0015709505867579708,0.00015105434013018752,0.0001989565019679741,0.0015770725112697842,0.00015164299217007582,1.0948886478322813e-06,1.0948886478322813e-06,6.12192451181345e-06,6.12192451181345e-06,7.216813159645731e-06,7.216813159645731e-06,0.004597118810559244,1.3602809677586774,1.0,0.30769127235057525,1.0006974454079762,1.0,0.0,0.0,action_absolute,0.11013616428931604,3.0217898838960113e-31,0.07111786048012514,0.7482985867569051,2.993240450086358e-29,0.3330127461264275,0.9985580509745398,0.1957340473559828,1.0288331113678246,0.8341455520100647,1.4726481627441657,1.4163259993902102,0.5502509147228709,0.3967853171467689,0.7210988778575795,0.6015014215243489,0.10022608053996679,13.961014701963862,13.96049032980171,-0.0005243721621521757,0.0005243721621521757,986.1193146434515,986.036983281514
5.6,3.62,0.00015728058927339057,0.0013021021200968039,5.949739987029108e-05,0.00015744946480773624,0.0013035002150067977,5.9561283501714964e-05,0.00015816347553087594,0.0013094114013818437,5.983138537317017e-05,1.3980949099938206e-06,1.3980949099938206e-06,5.911186375045976e-06,5.911186375045976e-06,7.309281285039796e-06,7.309281285039796e-06,0.00561344703478126,1.4305484675437201,1.0,0.35805791447458585,1.0010737213989713,1.0,0.0,0.0,action_absolute,0.16955528711730114,1.1188904390604397e-31,0.1092096338293002,0.7673718032797228,3.368020638482206e-29,0.04896323098045846,0.10296811348511037,0.28060102967778355,1.1142471708885975,0.879039831014294,1.3731936656318244,1.0711593535980681,0.5468462395828367,0.39796726281105843,0.7277498389943193,0.6397210954902461,0.028398655753146297,58.03237018984317,58.02636681235881,-0.006003377484361749,0.006003377484361749,20045.15845824648,20040.90886479882
6.4,3.62,0.00010403903285972952,0.0006722675992700525,2.722541545984829e-05,0.00010417768567892529,0.0006731635303002693,2.7261698771058745e-05,0.00010469277267426061,0.0006764918609109177,2.7396489119070495e-05,8.959310302167865e-07,8.959310302167865e-07,3.328330610648483e-06,3.328330610648483e-06,4.22426164086527e-06,4.22426164086527e-06,0.006283601419214565,1.4775528482269376,1.0,0.3903872383399466,1.001332700000996,1.0,0.0,0.0,action_absolute,0.21045154872259741,7.238207672276039e-31,0.1316552460415761,0.715277269151068,4.490444038542087e-29,0.23684225745303278,0.6206901777936342,0.28047183716500834,1.0740762926656664,0.9010353374220468,1.4570581611841853,1.309910589913548,0.52498243406547,0.3726539124916921,0.7098407266808071,0.6395915786807519,0.0934677802199816,59.896481583585164,59.8913243853995,-0.005157198185663958,0.005157198185663958,21386.489735366988,21382.71892723769
7.2,3.62,7.600634645080238e-05,0.0001209652982746507,1.756789888712088e-05,7.610455237533539e-05,0.00012112159455131968,1.759059793572505e-05,7.649030636240282e-05,0.00012173552810141412,1.7679760056476257e-05,1.5629627666898676e-07,1.5629627666898676e-07,6.139335500944358e-07,6.139335500944358e-07,7.702298267634226e-07,7.702298267634226e-07,0.006367361861206031,1.4921401916441892,1.0,0.40021145959540433,1.0012920753215862,1.0,0.0,0.0,action_absolute,0.2040363564874396,1.8967058665164436e-30,0.14069871838435052,0.630114421698452,8.300512230633132e-29,0.5397550802947837,2.3455123877977533,0.05673892634684577,0.591935763697312,0.9103278970698527,1.4320462126584312,1.6204236024415644,0.5085810263168361,0.3470600279440816,0.6824085248667336,0.6212155173844739,0.10022507544410637,3.532805486037329,3.5325040169018695,-0.0003014691354592536,0.0003014691354592536,28.43037025794329,28.422333638141307
8.0,3.62,6.313933684809059e-05,8.591081435204948e-05,1.3492966720466841e-05,6.322634213387267e-05,8.602919847401855e-05,1.3511559874658287e-05,6.353257288454539e-05,8.644587268194108e-05,1.3577001824698904e-05,1.1838412196906996e-07,1.1838412196906996e-07,4.166742079225272e-07,4.166742079225272e-07,5.350583298915972e-07,5.350583298915972e-07,0.006228067257039484,1.4658274448318904,1.0,0.38241989178356733,1.0013779885903997,1.0,0.0,0.0,action_absolute,0.2176032361033434,2.314661711896023e-30,0.1520636193182569,0.6058618706477157,9.732597677697152e-29,0.5891268740470006,2.8676826827286432,0.04473497088292337,0.5580450197503236,0.9133806353993956,1.445258434681812,1.665287061215118,0.5340456207861755,0.3605063226573905,0.6750478023332248,0.6165755906200865,0.09391702476983677,2.32633625647993,2.325715957333351,-0.0006202991465791285,0.0006202991465791285,5.363117875432819,5.355937710385016
8.8,3.62,2.2146858636429218e-05,5.8482306745953826e-05,7.047750043925818e-06,2.216712028331498e-05,5.8535810850883725e-05,7.054197866846141e-06,2.2289842549934338e-05,5.885987853735853e-05,7.093251525613556e-06,5.350410492989909e-08,5.350410492989909e-08,3.2406768647480505e-07,3.2406768647480505e-07,3.7757179140470413e-07,3.7757179140470413e-07,0.006456171317675101,1.5482467554553723,1.0,0.43712316521321565,1.0009148767876466,1.0,0.0,0.0,action_absolute,0.14447155151696656,1.1961527290272468e-30,0.11517223325097901,0.5937428151857201,1.2483365527864527e-28,0.1526414316992487,0.36027589124483117,0.08885835383790645,0.7386124118815585,0.9135092938402267,1.2831884072794906,1.2087482232265034,0.4659139784512514,0.31283738838648434,0.6714488142776693,0.6133747321806513,0.068828976453091,1.5836853728707379,1.583656445449435,-2.8927421302782363e-05,2.8927421302782363e-05,0.21087697629163768,0.21081056221950845
9.600000000000001,3.62,1.097514716750559e-05,4.357983823993369e-05,3.956029584713497e-06,1.098533140789885e-05,4.362027756545353e-05,3.959700529228287e-06,1.1046127057432777e-05,4.3861683401014854e-05,3.981614530426391e-06,4.043932551983756e-08,4.043932551983756e-08,2.4140583556132367e-07,2.4140583556132367e-07,2.8184516108116124e-07,2.8184516108116124e-07,0.006467329216079946,1.5480056645464257,1.0,0.4369674344285572,1.0009279365677586,1.0,0.0,0.0,action_absolute,0.14653386932930212,1.0543896948541187e-30,0.11485685465158924,0.5829075324628912,1.5205403541038937e-28,0.1066533286499557,0.23877254389671365,0.18728807642891,0.8851615236309429,0.9126874960435966,1.3214390643399412,1.1497013156171452,0.46541039152300856,0.31102291457009734,0.6682766870595782,0.6099277761767166,0.05251232591956428,0.9999999965621593,0.999999996559509,-2.6503244043851737e-12,2.6503244043851737e-12,1.000000017189203,1.0000000172024546
10.4,3.62,7.422066635836792e-06,2.9967976142054584e-05,2.109988132800364e-06,7.429857061609967e-06,2.9999431436807624e-05,2.1122028402042955e-06,7.46944101234632e-06,3.015925900902957e-05,2.1234559952082916e-06,3.145529475304053e-08,3.145529475304053e-08,1.5982757222194572e-07,1.5982757222194572e-07,1.9128286697498624e-07,1.9128286697498624e-07,0.006382909078286259,1.5229622419775668,1.0,0.42065728173279693,1.001049630265452,1.0,0.0,0.0,action_absolute,0.16575096779872728,2.335944854769833e-30,0.12533762689732517,0.5770575953533154,1.8818072695195378e-28,0.19108966093919896,0.472461907610346,0.220824975839357,0.9172112610478093,0.9115432851839292,1.380053889691391,1.2559774722814012,0.4844721663398367,0.3229405200893606,0.6665821950704831,0.607618523939663,0.0788540722988486,0.49525462451438723,0.4951731145643847,-8.150995000255623e-05,8.150995000255623e-05,5.116026215391265,5.116948078794473
11.2,3.62,4.558508140962937e-06,1.6473387541821005e-05,7.956066124064262e-07,4.563824833336578e-06,1.6492600830731163e-05,7.965345466072207e-07,4.5872389452711395e-06,1.65772139822093e-05,8.006210638849603e-07,1.9213288910158594e-08,1.9213288910158594e-08,8.461315147813566e-08,8.461315147813566e-08,1.0382644038829425e-07,1.0382644038829425e-07,0.006302676976712287,1.499419168235305,1.0,0.40507781194222237,1.0011663228866183,1.0,0.0,0.0,action_absolute,0.18417832791773658,4.356708049996547e-30,0.1353663151635882,0.5744380156356265,2.578737722233092e-28,0.26361689275729705,0.7159775670150244,0.25761164719784035,0.9184677806094712,0.9102765397589176,1.4258283033304764,1.3404293458524341,0.5036498095027844,0.3353439256266921,0.6658275637148596,0.6060872107744727,0.09311009089835295,0.15211174563265198,0.15206211711186224,-4.962852078974067e-05,4.962852078974067e-05,9.732656846174915,9.733430997170792
12.0,3.62,2.5104953637235645e-06,8.248756071704569e-06,4.859948471246432e-07,2.5136408474620967e-06,8.2590912145061e-06,4.866037663486061e-07,2.5260780312400067e-06,8.299956175535455e-06,4.89011421553291e-07,1.0335142801531534e-08,1.0335142801531534e-08,4.086496102935494e-08,4.086496102935494e-08,5.120010383088647e-08,5.120010383088647e-08,0.006207009079407314,1.4779687035454037,1.0,0.3906686474340275,1.0012529334982985,1.0,0.0,0.0,action_absolute,0.1978553275052502,7.455237695491596e-30,0.14464355018632655,0.5733931912133362,3.6558279170384534e-28,0.324701506182844,0.9616532811955605,0.21985478162960875,0.8771174777743775,0.9093091114707529,1.4365938179424187,1.407463712250409,0.5221458756011065,0.3475023335650048,0.6655272976444601,0.6051700356806152,0.10017041439782948,0.038205322331963304,0.0381855816663252,-1.9740665638104393e-05,1.9740665638104393e-05,11.590529650781196,11.590865687384278
12.8,3.62,6.987850667582667e-07,2.049405442966268e-06,2.0546691458996626e-07,6.993126564497766e-07,2.050952764505993e-06,2.0562204415875757e-07,7.033534916567353e-07,2.0628037757270666e-06,2.0681018910036595e-07,1.5473215397250863e-09,1.5473215397250863e-09,1.1851011221073592e-08,1.1851011221073592e-08,1.3398332760798679e-08,1.3398332760798679e-08,0.00653766818409841,1.5781226258875372,1.0,0.4562359290923607,1.0007550099688842,1.0,0.0,0.0,action_absolute,0.11922639538824281,4.0750916180027544e-30,0.10063809092004923,0.5338316489059117,6.464044465609094e-28,0.11428700520012199,0.2580678072267517,0.17569428045847932,0.7916626046068637,0.9085357790169561,1.298982723866397,1.1597086448540501,0.4340746563380275,0.2840869928195295,0.6544657437874052,0.5946055443718018,0.05401591754536747,0.0023603039240562753,0.00236063378461116,3.2986055488459787e-07,3.2986055488459787e-07,12.20872950029535,12.208723737468459
13.600000000000001,3.62,2.2326160079887397e-07,5.624641090358495e-07,8.964924360862648e-08,2.2342031359247e-07,5.628639550000599e-07,8.971297369855678e-08,2.2472095354010146e-07,5.661406639670443e-07,9.023523720959092e-08,3.9984596421042357e-10,3.9984596421042357e-10,3.2767089669843895e-09,3.2767089669843895e-09,3.676554931194813e-09,3.676554931194813e-09,0.006536514725351983,1.5835144599575646,1.0,0.4596467185984162,1.000710882628397,1.0,0.0,0.0,action_absolute,0.1122580850861531,7.260783657242344e-30,0.09808481357269962,0.5280168211599038,1.1763488424750079e-27,0.11527755794505871,0.2605959846057573,0.14219344601157302,0.6820465661265575,0.9078271581265422,1.2636987820070622,1.1610009932696252,0.4287127604796886,0.27990289877560093,0.652891456886929,0.5927125958707586,0.054201712086704906,0.00017781392866979316,0.0001778383748570052,2.4446187212040374e-08,2.4446187212040374e-08,12.24688845385948,12.246888026105548
14.4,3.62,1.1131969109529625e-07,2.793939226895787e-07,4.078541255036925e-08,1.1140976338245248e-07,2.796199891598194e-07,4.0818413319189905e-08,1.1203805318298213e-07,2.8119689213384545e-07,4.1048606724001404e-08,2.2606647024073605e-10,2.2606647024073605e-10,1.5769029740260328e-09,1.5769029740260328e-09,1.8029694442667688e-09,1.8029694442667688e-09,0.006453144817577018,1.5609164733916419,1.0,0.4452731317042589,1.0008091316663745,1.0,0.0,0.0,action_absolute,0.12777295128818192,1.809218960364508e-29,0.10740742647090296,0.5324702825682148,1.706898813754625e-27,0.19599958236239193,0.48756089689181237,0.14358465010708318,0.6958609118495571,0.9074222684207751,1.3078611816703563,1.2618790978739667,0.44461491919153145,0.2908208254751038,0.6540959669187886,0.5935412460663274,0.07820441945397186,4.387548847092167e-05,4.387425179166248e-05,-1.2366792591944641e-09,1.2366792591944641e-09,12.249232190983372,12.24923221262458
15.200000000000001,3.62,4.9683301627579994e-08,1.468672700196202e-07,1.1758318010469981e-08,4.972966336459783e-08,1.4700431851531433e-07,1.1769290229093046e-08,5.000158760886626e-08,1.478081453565177e-07,1.1833645286710432e-08,1.3704849569412166e-10,1.3704849569412166e-10,8.038268412033647e-10,8.038268412033647e-10,9.408753368974863e-10,9.408753368974863e-10,0.006406296901765747,1.5399344597018174,1.0,0.4317398568847099,1.0009331452520076,1.0,0.0,0.0,action_absolute,0.14735639177712304,3.5532626558339374e-29,0.11619019864791928,0.5368656406129076,2.498838328969772e-27,0.26351295792832896,0.7155942817054621,0.20614409899481195,0.8194416210480321,0.9071750333850779,1.3881529089748754,1.3403122806873127,0.4601870174368383,0.30155709344589393,0.6552924833158364,0.5944649804290345,0.09130901580176462,1.2123860985619731e-05,1.2122390645920905e-05,-1.4703396988258833e-09,1.4703396988258833e-09,12.249787833351425,12.249787859082145
16.0,3.62,2.013529281264465e-08,5.6030361354393594e-08,5.236733354301586e-09,2.0155742471710993e-08,5.608726650088056e-08,5.242051847194303e-09,2.0262649890215946e-08,5.6384757148075736e-08,5.269856044010135e-09,5.690514648696773e-11,5.690514648696773e-11,2.974906471951738e-10,2.974906471951738e-10,3.5439579368214156e-10,3.5439579368214156e-10,0.006325067072842495,1.520124718640573,1.0,0.4187923832293445,1.0010156126983911,1.0,0.0,0.0,action_absolute,0.1603791289254864,6.994719981860012e-29,0.12459912372608362,0.5411609326050772,4.0656831729720804e-27,0.3217878591111364,0.9489298103375201,0.18083051406094844,0.7856815930065508,0.9071119614525196,1.4025219563224431,1.4043428740235022,0.4756326967585287,0.3122381825258021,0.6564691297585888,0.5954909999283421,0.09832153675852778,1.7645656576059786e-06,1.7640668669164306e-06,-4.987906895480182e-10,4.987906895480182e-10,12.24996912012045,12.249969128849274
16.8,3.62,9.31288741848198e-09,2.500543312410231e-08,2.2594181325096426e-09,9.323172551217631e-09,2.503304907039663e-08,2.2619134290115716e-09,9.371155169332472e-09,2.516188410237703e-08,2.2735545873916037e-09,2.7615946294318025e-11,2.7615946294318025e-11,1.2883503198040163e-10,1.2883503198040163e-10,1.5645097827471965e-10,1.5645097827471965e-10,0.0062566793983631986,1.5013415333766713,1.0,0.40635906399495303,1.001104397838552,1.0,0.0,0.0,action_absolute,0.1743995162868341,1.2125515738834205e-28,0.13268580337603814,0.5446669460632896,6.165754199781417e-27,0.3729068193667717,1.1893186878231288,0.1777839621892827,0.7797083632377199,0.9077505210087013,1.4258264910401366,1.4580718575681215,0.49088603515953483,0.3227256287243582,0.6574349352176508,0.5967869049731443,0.10165075912020635,3.5144691785126237e-07,3.512998221492475e-07,-1.4709570201487995e-10,1.4709570201487995e-10,12.249993849679708,12.249993852253882
17.6,3.62,3.484410888318046e-09,7.139226485334225e-09,8.222198924376402e-10,3.4872487590033526e-09,7.145041012440204e-09,8.228895475972678e-10,3.506883785009399e-09,7.185271313112423e-09,8.275228441538902e-10,5.814527105978884e-12,5.814527105978884e-12,4.023030067221956e-11,4.023030067221956e-11,4.6044827778198445e-11,4.6044827778198445e-11,0.006449554146066966,1.559816346703205,1.0,0.44456808785883606,1.0008144477721674,1.0,0.0,0.0,action_absolute,0.12861243706624276,1.372085350547977e-28,0.10702376707827714,0.5253311760113416,1.0452097502090277e-26,0.2679119024066777,0.7319116463917812,0.1320001313909301,0.6787167217905434,0.9037860142270192,1.3366351644987071,1.345257621215382,0.4410367983505292,0.28763048613156583,0.6521689056498219,0.5894211358400495,0.09117840286518317,5.6207073804593766e-08,5.548704728925223e-08,-7.200265153415329e-10,7.200265153415329e-10,12.249999016376224,12.249999028976692
18.4,3.62,1.7949803590232282e-09,1.996930012438708e-09,3.8732741948561017e-10,1.796151055786763e-09,1.99823242195579e-09,3.875800367101612e-10,1.8066953247695973e-09,2.00996300557204e-09,3.898553175927363e-10,1.3024095170822066e-12,1.3024095170822066e-12,1.1730583616250023e-11,1.1730583616250023e-11,1.303299313333223e-11,1.303299313333223e-11,0.006526514726180097,1.5896510516836373,1.0,0.463514527796402,1.0006522058905267,1.0,0.0,0.0,action_absolute,0.10299222604095094,1.5929984900300022e-28,0.09421603304878111,0.5139240325215796,1.686044268142297e-26,0.20297833384972,0.5093420730458487,0.0,0.5139240325215797,0.9043734450498737,1.229970175055255,1.2702190003210754,0.4179237790947546,0.2712877898789954,0.6491322184792149,0.5870579407189148,0.07894833438248253,5.6207073804593766e-08,5.548704728925223e-08,-7.200265153415329e-10,7.200265153415329e-10,12.249999016376224,12.249999028976692
19.200000000000003,3.62,1.8603064690849132e-09,2.063041699959558e-09,3.88760954464617e-10,1.8616671120336053e-09,2.064550625068703e-09,3.890452973189851e-10,1.8723087245310508e-09,2.076351954958095e-09,3.912691477975487e-10,1.5089251091452375e-12,1.5089251091452375e-12,1.1801329889391715e-11,1.1801329889391715e-11,1.3310254998536952e-11,1.3310254998536952e-11,0.006451762462580312,1.5704009692603986,1.0,0.4513309811859851,1.0007314079541751,1.0,0.0,0.0,action_absolute,0.11549931461629442,2.1148905266644166e-28,0.10217329191624851,0.5190615771644347,1.6870931452033958e-26,0.26851220272081255,0.7341536078101636,0.0,0.5190615771644347,0.9050431796499754,1.264021495651515,1.3459310085035026,0.43121091235090875,0.280499844820054,0.6504933822078004,0.5887245989746144,0.0911567107750155,5.6207073804593766e-08,5.548704728925223e-08,-7.200265153415329e-10,7.200265153415329e-10,12.249999016376224,12.249999028976692
20.0,3.62,0.0,0.0,0.0,1e-30,1e-30,1e-30,1.0055641423643005e-30,1.0055641423643005e-30,1.0055641423643005e-30,1e-30,1e-30,5.564142364300414e-33,5.564142364300414e-33,1.0055641423643005e-30,1.0055641423643005e-30,1.0055641423643005,1.5516627094173834,1.0,0.43932707173589636,1.0,1.0,0.0,0.0,action_absolute,0.0,0.0,0.11002090405486509,0.0,0.0,0.3261537967964966,0.9680363122799913,0.0,0.0,-0.0,1.1630768983982482,1.409016545507328,0.0,0.0,0.0,-0.0,-0.0,5.6207073804593766e-08,5.548704728925223e-08,-7.200265153415329e-10,7.200265153415329e-10,12.249999016376224,12.249999028976692
4.0,3.81,0.00019318525669526364,0.0015413140263793401,0.00031395984768226053,0.0001932993816749375,0.0015422245639376438,0.00031414532074499875,0.00019390548935514727,0.0015470603484327163,0.0003151303517883246,9.105375583036597e-07,9.105375583036597e-07,4.835784495072545e-06,4.835784495072545e-06,5.746322053376204e-06,5.746322053376204e-06,0.0037281968210428457,1.280917082806759,1.0,0.24757629233153006,1.0005907540856178,1.0,0.0,0.0,action_absolute,0.09328814597401804,6.207077008050531e-32,0.07718149434815945,0.7415605618170809,2.875507705132703e-29,0.052928468881864164,0.11177290657100736,0.09029178776792637,0.8919576225852838,0.7590766049270692,1.2720265870292344,1.0767321020559757,0.5480411428991812,0.39391821720447145,0.7187748991263919,0.5456052101356582,0.025974772559906545,3.142800761017072,3.1427603338074714,-4.0427209600402136e-05,4.0427209600402136e-05,18.983465578760526,18.98258488182956
4.8,3.81,0.0001981813173150269,0.0015699380109861526,0.00015088963563613146,0.00019831953817998676,0.0015710329587478881,0.0001509948730835037,0.00019909238059284784,0.0015771552042596797,0.000151583293382958,1.094947761735507e-06,1.094947761735507e-06,6.122245511791568e-06,6.122245511791568e-06,7.2171932735270745e-06,7.2171932735270745e-06,0.004597119900927561,1.3602809677586774,1.0,0.30769127235057525,1.000697446494112,1.0,0.0,0.0,action_absolute,0.11013633580502151,3.021830002662421e-31,0.07111786048012514,0.7482703798303796,2.9932026195443457e-29,0.3330127461264275,0.9985580509745398,0.1957340473559828,1.028784668652148,0.8341784561594365,1.4726360520652464,1.4163259993902102,0.550286539927831,0.39680563738204805,0.7210891210133693,0.6015170097202975,0.10022867794660077,13.973329536135248,13.972804293885373,-0.0005252422498749354,0.0005252422498749354,988.0538476515687,987.9712988271402
5.6,3.81,0.00015728834200537633,0.001302097270244497,5.94955053574147e-05,0.0001574572247653428,0.0013034953508519978,5.9559386539085594e-05,0.00015817127067877643,0.0013094065151688001,5.9829479808087554e-05,1.39808060750082e-06,1.39808060750082e-06,5.911164316802289e-06,5.911164316802289e-06,7.309244924303109e-06,7.309244924303109e-06,0.005613440018141379,1.4305484675437201,1.0,0.35805791447458585,1.0010737144140072,1.0,0.0,0.0,action_absolute,0.16955418409598463,1.1188889915621987e-31,0.1092096338293002,0.7673641013740413,3.368018968269737e-29,0.04896323098045846,0.10296811348511037,0.28060102967778355,1.11423975689995,0.8790423995706582,1.3731918121346627,1.0711593535980681,0.5468476570917526,0.39796681404872947,0.7277471319255496,0.6397205851284995,0.028398633097042478,58.03536702127631,58.02936292965497,-0.006004091621335306,0.006004091621335306,20047.279985216697,20043.02966136613
6.4,3.81,0.00010403942291816903,0.0006722670893398038,2.722534218776579e-05,0.00010417807612670274,0.0006731630188472358,2.7261625367178762e-05,0.00010469316505253374,0.0006764913469291008,2.739641535225882e-05,8.959295074319586e-07,8.959295074319586e-07,3.3283280818649855e-06,3.3283280818649855e-06,4.224257589296944e-06,4.224257589296944e-06,0.006283600158748442,1.4775528482269376,1.0,0.3903872383399466,1.0013326987467315,1.0,0.0,0.0,action_absolute,0.21045135065706272,7.238205568861265e-31,0.1316552460415761,0.7152763987949655,4.4904440386402544e-29,0.23684225745303278,0.6206901777936342,0.28047183716500834,1.0740754585823138,0.9010354466446373,1.4570579526633471,1.309910589913548,0.5249825015404376,0.37265380691449884,0.709840434340257,0.6395913928021968,0.09346775305630949,59.89663404855779,59.89147678090721,-0.005157267650581332,0.005157267650581332,21386.60121881807,21382.830350071297
7.2,3.81,7.600637001217099e-05,0.00012096528680893696,1.7567894626679354e-05,7.610457595888023e-05,0.00012112158305763458,1.759059366786794e-05,7.649033006548647e-05,0.00012173551654947054,1.76797557669865e-05,1.562962486976278e-07,1.562962486976278e-07,6.139334918359569e-07,6.139334918359569e-07,7.702297405335847e-07,7.702297405335847e-07,0.006367361751889633,1.4921401916441892,1.0,0.40021145959540433,1.0012920752128212,1.0,0.0,0.0,action_absolute,0.20403633931195442,1.8967057679303263e-30,0.14069871838435052,0.6301143514300085,8.300512071879224e-29,0.5397550802947837,2.3455123877977533,0.05673892634684577,0.5919357166095981,0.9103278960154241,1.4320462008865027,1.6204236024415644,0.508581034198798,0.3470600223232678,0.6824085032388495,0.6212154969764566,0.1002250721515372,3.5328057929890972,3.5325043234144236,-0.00030146957467369617,0.00030146957467369617,28.43037844129907,28.422341808632552
8.0,3.81,6.313933861523411e-05,8.591081341528643e-05,1.3492966404811948e-05,6.322634390280223e-05,8.602919753508151e-05,1.351155955842972e-05,6.353257466204258e-05,8.64458717384564e-05,1.3577001506938716e-05,1.1838411979508197e-07,1.1838411979508197e-07,4.1667420337488184e-07,4.1667420337488184e-07,5.350583231699638e-07,5.350583231699638e-07,0.00622806724671005,1.4658274448318904,1.0,0.38241989178356733,1.00137798858012,1.0,0.0,0.0,action_absolute,0.21760323448005328,2.3146617001487186e-30,0.1520636193182569,0.605861865011666,9.732597663413621e-29,0.5891268740470006,2.8676826827286432,0.04473497088292337,0.5580450177696549,0.9133806343857518,1.4452584341866448,1.665287061215118,0.5340456214941776,0.36050632223485213,0.6750478006470887,0.6165755883957443,0.09391702443102413,2.326336253525646,2.325715954340336,-0.000620299185310369,0.000620299185310369,5.363117841224565,5.355937675751493
8.8,3.81,2.2146858698122385e-05,5.848230666985641e-05,7.047750027298096e-06,2.2167120345043396e-05,5.8535810774660735e-05,7.054197850196463e-06,2.22898426120045e-05,5.8859878460713555e-05,7.093251508871701e-06,5.350410480432137e-08,5.350410480432137e-08,3.2406768605282e-07,3.2406768605282e-07,3.775717908571414e-07,3.775717908571414e-07,0.006456171316713018,1.5482467554553723,1.0,0.43712316521321565,1.0009148767866898,1.0,0.0,0.0,action_absolute,0.14447155136587367,1.1961527285043745e-30,0.11517223325097901,0.5937428145520505,1.2483365528187368e-28,0.1526414316992487,0.36027589124483117,0.08885835383790645,0.7386124109307508,0.9135092936713943,1.2831884070417887,1.2087482232265034,0.46591397843499066,0.3128373882885433,0.6714488140908906,0.6133747318966649,0.06882897642122386,1.5836853700647764,1.5836564426410067,-2.8927423769697924e-05,2.8927423769697924e-05,0.21087696984896176,0.21081055577218383
9.600000000000001,3.81,1.0975147166600044e-05,4.357983824079388e-05,3.956029585346656e-06,1.0985331406992654e-05,4.362027756631527e-05,3.959700529862103e-06,1.1046127056521565e-05,4.386168340188136e-05,3.981614531063714e-06,4.043932552138933e-08,4.043932552138933e-08,2.4140583556609416e-07,2.4140583556609416e-07,2.818451610874835e-07,2.818451610874835e-07,0.006467329216097366,1.5480056645464257,1.0,0.4369674344285572,1.000927936567776,1.0,0.0,0.0,action_absolute,0.14653386933203302,1.0543896948702196e-30,0.11485685465158924,0.5829075324581264,1.5205403540969338e-28,0.1066533286499557,0.23877254389671365,0.18728807642891,0.885161523640453,0.912687496063603,1.3214390643423186,1.1497013156171452,0.46541039152147806,0.31102291456842984,0.6682766870581929,0.6099277761888221,0.05251232592060652,0.9999999965814609,0.9999999965788428,-2.618127936671044e-12,2.618127936671044e-12,1.0000000170926948,1.0000000171057857
10.4,3.81,7.4220666459446125e-06,2.9967976111182754e-05,2.109988133087216e-06,7.429857071723191e-06,2.999943140588237e-05,2.1122028404899688e-06,7.469441022513425e-06,3.0159258977939554e-05,2.123455995495487e-06,3.1455294699616465e-08,3.1455294699616465e-08,1.5982757205718426e-07,1.5982757205718426e-07,1.9128286675680072e-07,1.9128286675680072e-07,0.006382909077581059,1.5229622419775668,1.0,0.42065728173279693,1.0010496302647505,1.0,0.0,0.0,action_absolute,0.16575096768796244,2.3359448545204683e-30,0.12533762689732517,0.5770575948067216,1.8818072696716388e-28,0.19108966093919896,0.472461907610346,0.220824975839357,0.9172112603075948,0.9115432852286349,1.3800538895063375,1.2559774722814012,0.4844721663100773,0.32294051999310863,0.666582194912755,0.607618523825687,0.0788540722840573,0.49525462349158716,0.4951731135410725,-8.15099505146466e-05,8.15099505146466e-05,5.116026226958434,5.116948090368479
11.2,3.81,4.558508311773896e-06,1.6473387311930208e-05,7.9560656463635e-07,4.563825004289671e-06,1.6492600600365944e-05,7.965344987714657e-07,4.587239117101285e-06,1.657721375066222e-05,8.0062101580379e-07,1.921328843573544e-08,1.921328843573544e-08,8.461315029627736e-08,8.461315029627736e-08,1.038264387320128e-07,1.038264387320128e-07,0.006302676964125074,1.499419168235305,1.0,0.40507781194222237,1.0011663228740952,1.0,0.0,0.0,action_absolute,0.1841783259401912,4.356708018368797e-30,0.1353663151635882,0.5744380159804688,2.578737726765097e-28,0.26361689275729705,0.7159775670150244,0.25761164719784035,0.9184677695499166,0.9102765314153722,1.4258283005655878,1.3404293458524341,0.5036498104155631,0.3353439262843923,0.6658275638140296,0.6060872053093823,0.09311009005877896,0.15211174143681816,0.1520621129135875,-4.962852323064926e-05,4.962852323064926e-05,9.732656911624062,9.73343106266062
12.0,3.81,2.510495491665348e-06,8.248755087370793e-06,4.859949294177157e-07,2.5136409754089408e-06,8.259090228428939e-06,4.866038487147338e-07,2.526078159819916e-06,8.299955184579306e-06,4.890115043269561e-07,1.0335141058146299e-08,1.0335141058146299e-08,4.0864956150367236e-08,4.0864956150367236e-08,5.1200097208513535e-08,5.1200097208513535e-08,0.006207009017264088,1.4779687035454037,1.0,0.3906686474340275,1.0012529334364613,1.0,0.0,0.0,action_absolute,0.19785531774031181,7.455237751308854e-30,0.14464355018632655,0.5733931304309209,3.6558279384506653e-28,0.324701506182844,0.9616532811955605,0.21985478162960875,0.8771174067923397,0.9093091368029413,1.4365938001969092,1.407463712250409,0.522145859422,0.3475023136828189,0.6655272801885161,0.605170036667029,0.10017041456110504,0.03820531320074965,0.03818557253512452,-1.974066562512866e-05,1.974066562512866e-05,11.590529806216676,11.590865842821788
12.8,3.81,6.987848928897525e-07,2.0494066548784325e-06,2.0546663779377115e-07,6.993124826155001e-07,2.0509539778185737e-06,2.056217672022442e-07,7.033533168179929e-07,2.062804996050526e-06,2.0680991054351598e-07,1.5473229401411752e-09,1.5473229401411752e-09,1.1851018231952168e-08,1.1851018231952168e-08,1.3398341172093343e-08,1.3398341172093343e-08,0.0065376684223210505,1.5781226258875372,1.0,0.4562359290923607,1.0007550102057383,1.0,0.0,0.0,action_absolute,0.11922643279077028,4.075091410903694e-30,0.10063809092004923,0.5338320466297329,6.464044372316281e-28,0.11428700520012199,0.2580678072267517,0.17569428045847932,0.791663076383987,0.9085355958389866,1.2989828418106777,1.1597086448540501,0.43407469225649203,0.2840870632668534,0.6544658519252906,0.5946055227352138,0.05401591557982886,0.002360306716731944,0.002360636578794481,3.2986206253667397e-07,3.2986206253667397e-07,12.20872945150592,12.2087236886527
13.600000000000001,3.81,2.2326184624019438e-07,5.624643438203928e-07,8.964872868927619e-08,2.2342055927049384e-07,5.628641901082672e-07,8.971245843814453e-08,2.2472120064833837e-07,5.661409004439325e-07,9.023471894959343e-08,3.998462878744182e-10,3.998462878744182e-10,3.2767103356653302e-09,3.2767103356653302e-09,3.6765566235397484e-09,3.6765566235397484e-09,0.0065365150056760826,1.5835144599575646,1.0,0.4596467185984162,1.0007108829070988,1.0,0.0,0.0,action_absolute,0.11225812909698783,7.26078174095617e-30,0.09808481357269962,0.528017858785936,1.1763490773977074e-27,0.11527755794505871,0.2605959846057573,0.14219344601157302,0.6820474588601673,0.9078263482874943,1.2636990051904646,1.1610009932696252,0.42871281364793257,0.2799030534091224,0.6528917366089839,0.5927123210728145,0.05420168695729285,0.0001778140771870308,0.00017783852349372492,2.4446306694128443e-08,2.4446306694128443e-08,12.24688845126076,12.246888023504738
14.4,3.81,1.1131952287319686e-07,2.7939600226011797e-07,4.0784838374191554e-08,1.1140959531861944e-07,2.7962207115185703e-07,4.081783878628201e-08,1.1203788417136149e-07,2.8119898586717325e-07,4.104802895104385e-08,2.2606889173905505e-10,2.2606889173905505e-10,1.576914715316221e-09,1.576914715316221e-09,1.802983607055276e-09,1.802983607055276e-09,0.006453147476951715,1.5609164733916419,1.0,0.4452731317042589,1.0008091343108358,1.0,0.0,0.0,action_absolute,0.12777336888475455,1.8092183234206955e-29,0.10740742647090296,0.5324743405386847,1.7068990685894808e-27,0.19599958236239193,0.48756089689181237,0.14358465010708318,0.6958667795845692,0.9074202858826242,1.3078626486041092,1.2618790978739667,0.4446157583696738,0.2908218639626553,0.6540970680595013,0.593540948493539,0.0782043802460696,4.387614162575498e-05,4.3874905159947355e-05,-1.2364658076235925e-09,1.2364658076235925e-09,12.249232179553522,12.249232201190996
15.200000000000001,3.81,4.969224196206486e-08,1.468313065721416e-07,1.1759259294986577e-08,4.973860769041689e-08,1.4696830865144595e-07,1.1770231362266388e-08,5.001058084269865e-08,1.4777193858894325e-07,1.1834591566046236e-08,1.3700207930433697e-10,1.3700207930433697e-10,8.036299374972995e-10,8.036299374972995e-10,9.406320168016365e-10,9.406320168016365e-10,0.00640620885805087,1.5399344597018174,1.0,0.4317398568847099,1.0009330576871018,1.0,0.0,0.0,action_absolute,0.14734256408145457,3.5532539562941643e-29,0.11619019864791928,0.5367963456007591,2.4988857075370825e-27,0.26351295792832896,0.7155942817054621,0.20614409899481195,0.8192897873818173,0.9071818092581382,1.3881149505583217,1.3403122806873127,0.46016786917061747,0.3015358379864792,0.6552735603421239,0.5944522540301898,0.09130706104413974,1.2117924162016547e-05,1.2116452422342383e-05,-1.4717396741645153e-09,1.4717396741645153e-09,12.249787937244935,12.249787963000161
16.0,3.81,2.0135720478409012e-08,5.6037446620935115e-08,5.234988356504235e-09,2.0156171454839173e-08,5.6094361420744735e-08,5.240305306727389e-09,2.0263081148699595e-08,5.6391889699873745e-08,5.268100239774699e-09,5.69147998096205e-11,5.69147998096205e-11,2.975282791290095e-10,2.975282791290095e-10,3.5444307893863e-10,3.5444307893863e-10,0.006325111158905179,1.520124718640573,1.0,0.4187923832293445,1.0010156565518522,1.0,0.0,0.0,action_absolute,0.16038605398650793,6.994567916586886e-29,0.12459912372608362,0.5412375132626528,4.065681110315112e-27,0.3217878591111364,0.9489298103375201,0.18083051406094844,0.7857641869473085,0.9070636235217329,1.4025426048076326,1.4043428740235022,0.47565386809533183,0.3122620906401941,0.65649017402211,0.5954783560549081,0.098319449128208,1.7650119587968977e-06,1.7645131965541544e-06,-4.98762242743331e-10,4.98762242743331e-10,12.249969112310188,12.24996912103852
16.8,3.81,9.322817905947147e-09,2.498901233124378e-08,2.2566985275275577e-09,9.33311135636806e-09,2.5016603040629528e-08,2.2591901791550374e-09,9.381145125514316e-09,2.5145353431511473e-08,2.2708173220637076e-09,2.759070938574598e-11,2.759070938574598e-11,1.2875039088194563e-10,1.2875039088194563e-10,1.563411002676916e-10,1.563411002676916e-10,0.006256393737987724,1.5013415333766713,1.0,0.40635906399495303,1.001104113640828,1.0,0.0,0.0,action_absolute,0.17435463758109693,1.2124006641032221e-28,0.13268580337603814,0.5447098498557116,6.166298276749138e-27,0.3729068193667717,1.1893186878231288,0.1777839621892827,0.7792952368923434,0.9075411051156882,1.4257232094537924,1.4580718575681215,0.4908985142487087,0.3227396493579111,0.6574467837855349,0.5966599807114793,0.10162914010101959,3.509854867597506e-07,3.508383849915254e-07,-1.471017682251908e-10,1.471017682251908e-10,12.249993857754749,12.24999386032903
17.6,3.81,3.484410888318046e-09,7.139226485334225e-09,8.222198924376402e-10,3.4872487590033526e-09,7.145041012440204e-09,8.228895475972678e-10,3.506883785009399e-09,7.185271313112423e-09,8.275228441538902e-10,5.814527105978884e-12,5.814527105978884e-12,4.023030067221956e-11,4.023030067221956e-11,4.6044827778198445e-11,4.6044827778198445e-11,0.006449554146066966,1.559816346703205,1.0,0.44456808785883606,1.0008144477721674,1.0,0.0,0.0,action_absolute,0.12861243706624276,1.372085350547977e-28,0.10702376707827714,0.5253311760113416,1.0452097502090277e-26,0.2679119024066777,0.7319116463917812,0.1320001313909301,0.6787167217905434,0.9037860142270192,1.3366351644987071,1.345257621215382,0.4410367983505292,0.28763048613156583,0.6521689056498219,0.5894211358400495,0.09117840286518317,5.6207073804593766e-08,5.548704728925223e-08,-7.200265153415329e-10,7.200265153415329e-10,12.249999016376224,12.249999028976692
18.4,3.81,1.7949803590232282e-09,1.996930012438708e-09,3.8732741948561017e-10,1.796151055786763e-09,1.99823242195579e-09,3.875800367101612e-10,1.8066953247695973e-09,2.00996300557204e-09,3.898553175927363e-10,1.3024095170822066e-12,1.3024095170822066e-12,1.1730583616250023e-11,1.1730583616250023e-11,1.303299313333223e-11,1.303299313333223e-11,0.006526514726180097,1.5896510516836373,1.0,0.463514527796402,1.0006522058905267,1.0,0.0,0.0,action_absolute,0.10299222604095094,1.5929984900300022e-28,0.09421603304878111,0.5139240325215796,1.686044268142297e-26,0.20297833384972,0.5093420730458487,0.0,0.5139240325215797,0.9043734450498737,1.229970175055255,1.2702190003210754,0.4179237790947546,0.2712877898789954,0.6491322184792149,0.5870579407189148,0.07894833438248253,5.6207073804593766e-08,5.548704728925223e-08,-7.200265153415329e-10,7.200265153415329e-10,12.249999016376224,12.249999028976692
19.200000000000003,3.81,1.8603064690849132e-09,2.063041699959558e-09,3.88760954464617e-10,1.8616671120336053e-09,2.064550625068703e-09,3.890452973189851e-10,1.8723087245310508e-09,2.076351954958095e-09,3.912691477975487e-10,1.5089251091452375e-12,1.5089251091452375e-12,1.1801329889391715e-11,1.1801329889391715e-11,1.3310254998536952e-11,1.3310254998536952e-11,0.006451762462580312,1.5704009692603986,1.0,0.4513309811859851,1.0007314079541751,1.0,0.0,0.0,action_absolute,0.11549931461629442,2.1148905266644166e-28,0.10217329191624851,0.5190615771644347,1.6870931452033958e-26,0.26851220272081255,0.7341536078101636,0.0,0.5190615771644347,0.9050431796499754,1.264021495651515,1.3459310085035026,0.43121091235090875,0.280499844820054,0.6504933822078004,0.5887245989746144,0.0911567107750155,5.6207073804593766e-08,5.548704728925223e-08,-7.200265153415329e-10,7.200265153415329e-10,12.249999016376224,12.249999028976692
20.0,3.81,0.0,0.0,0.0,1e-30,1e-30,1e-30,1.0055641423643005e-30,1.0055641423643005e-30,1.0055641423643005e-30,1e-30,1e-30,5.564142364300414e-33,5.564142364300414e-33,1.0055641423643005e-30,1.0055641423643005e-30,1.0055641423643005,1.5516627094173834,1.0,0.43932707173589636,1.0,1.0,0.0,0.0,action_absolute,0.0,0.0,0.11002090405486509,0.0,0.0,0.3261537967964966,0.9680363122799913,0.0,0.0,-0.0,1.1630768983982482,1.409016545507328,0.0,0.0,0.0,-0.0,-0.0,5.6207073804593766e-08,5.548704728925223e-08,-7.200265153415329e-10,7.200265153415329e-10,12.249999016376224,12.249999028976692
4.0,4.0,0.00019480821633711745,0.0015441471247237223,0.0003125194806003243,0.0001949233777423344,0.0015450599514827189,0.00031270422733852823,0.00019553457760897825,0.0015499046265916804,0.0003136847397032427,9.128267589965985e-07,9.128267589965985e-07,4.844675108961515e-06,4.844675108961515e-06,5.757501867958113e-06,5.757501867958113e-06,0.0037285966963725957,1.280917082806759,1.0,0.24757629233153006,1.0005911527110216,1.0,0.0,0.0,action_absolute,0.09335109437462934,6.208602701742052e-32,0.07718149434815945,0.7420747410219293,2.8753648132870665e-29,0.052928468881864164,0.11177290657100736,0.09029178776792637,0.8923844641018234,0.7591141249901384,1.2721332974083694,1.0767321020559757,0.5486835107221755,0.39447697846937924,0.7189517650169036,0.5457664400109223,0.025982448273521534,3.183410476023147,3.1833691554306425,-4.1320592504501263e-05,4.1320592504501263e-05,19.87845578743192,19.877534653383766
4.8,4.0,0.0001983165835751726,0.0015700200110279794,0.00015083025065147775,0.00019845489897688716,0.0015711150175302618,0.0001509354468298985,0.00019922826888474872,0.0015772375828214758,0.00015152363554788765,1.0950065022824387e-06,1.0950065022824387e-06,6.122565291213911e-06,6.122565291213911e-06,7.217571793496349e-06,7.217571793496349e-06,0.004597120891962774,1.3602809677586774,1.0,0.30769127235057525,1.0006974474813002,1.0,0.0,0.0,action_absolute,0.11013649169549303,3.0218699386537906e-31,0.07111786048012514,0.7482420654814449,2.993164803879341e-29,0.3330127461264275,0.9985580509745398,0.1957340473559828,1.0287361397636623,0.8342113498560021,1.472623919843125,1.4163259993902102,0.5503221194166308,0.3968259036389752,0.7210793272486133,0.6015325589373236,0.10023126885831307,13.985646298464742,13.985120185115042,-0.0005261133497000969,0.0005261133497000969,989.9905796878702,989.9078129611877
5.6,4.0,0.00015729609466754992,0.0013020924192729552,5.949361096137269e-05,0.0001574649846528483,0.001303490485575955,5.955748969340256e-05,0.00015817906575625793,0.0013094016278294286,5.9827574360481615e-05,1.39806630299966e-06,1.39806630299966e-06,5.911142253473695e-06,5.911142253473695e-06,7.3092085564733546e-06,7.3092085564733546e-06,0.005613433000826909,1.4305484675437201,1.0,0.35805791447458585,1.0010737074283715,1.0,0.0,0.0,action_absolute,0.16955308096859292,1.1188875436124503e-31,0.1092096338293002,0.7673563992106843,3.368017298250513e-29,0.04896323098045846,0.10296811348511037,0.28060102967778355,1.1142323426971383,0.8790449678290165,1.3731899585839598,1.0711593535980681,0.5468490743616677,0.3979663650646193,0.7277444247833135,0.6397200744713939,0.028398610427827015,58.038363789792285,58.032358983979194,-0.006004805813091707,0.006004805813091707,20049.401579905338,20045.150525564302
6.4,4.0,0.00010403981297564763,0.0006722665794077904,2.7225268916124186e-05,0.00010417846657351698,0.0006731625073924364,2.726155196374044e-05,0.00010469355742983891,0.0006764908329455092,2.7396341585890985e-05,8.959279846459381e-07,8.959279846459381e-07,3.328325553072814e-06,3.328325553072814e-06,4.224253537718752e-06,4.224253537718752e-06,0.006283598898282225,1.4775528482269376,1.0,0.3903872383399466,1.0013326974924668,1.0,0.0,0.0,action_absolute,0.21045115259154237,7.2382034654352545e-31,0.1316552460415761,0.7152755284415293,4.4904440387408065e-29,0.23684225745303278,0.6206901777936342,0.28047183716500834,1.0740746244993904,0.901035555864005,1.4570577441426162,1.309910589913548,0.5249825690141809,0.3726537013369909,0.7098401420008379,0.6395912069223092,0.09346772589244264,59.89678651241825,59.891629175302306,-0.005157337115946348,0.005157337115946348,21386.712701746485,21382.941772381724
7.2,4.0,7.600639357362384e-05,0.00012096527534324826,1.756789036619665e-05,7.610459954250939e-05,0.00012112157156397454,1.75905893999696e-05,7.649035376865484e-05,0.00012173550499755216,1.7679751477455304e-05,1.562962207262824e-07,1.562962207262824e-07,6.139334335776136e-07,6.139334335776136e-07,7.70229654303896e-07,7.70229654303896e-07,0.006367361642573129,1.4921401916441892,1.0,0.40021145959540433,1.001292075104056,1.0,0.0,0.0,action_absolute,0.20403632213646852,1.8967056693438033e-30,0.14069871838435052,0.6301142811618257,8.300511913125378e-29,0.5397550802947837,2.3455123877977533,0.05673892634684577,0.5919356695221963,0.910327894960684,1.4320461891146523,1.6204236024415644,0.5085810420808873,0.3470600167025823,0.6824084816110471,0.6212154765683011,0.10022506885894569,3.5328060999517574,3.5325046299378666,-0.0003014700138908033,0.0003014700138908033,28.430386624946415,28.422349979415234
8.0,4.0,6.313934038138954e-05,8.59108124798996e-05,1.3492966088972667e-05,6.32263456707431e-05,8.602919659752359e-05,1.3511559242016672e-05,6.35325764385463e-05,8.64458707963575e-05,1.357700118899315e-05,1.1838411762399423e-07,1.1838411762399423e-07,4.1667419883390433e-07,4.1667419883390433e-07,5.350583164578986e-07,5.350583164578986e-07,0.00622806723639222,1.4658274448318904,1.0,0.38241989178356733,1.001377988569852,1.0,0.0,0.0,action_absolute,0.21760323285857355,2.3146616884068513e-30,0.1520636193182569,0.6058618593862702,9.73259764914987e-29,0.5891268740470006,2.8676826827286432,0.04473497088292337,0.5580450157968982,0.9133806333680847,1.4452584336934555,1.665287061215118,0.5340456222036648,0.36050632181501835,0.6750477989641396,0.6165755861715974,0.09391702409224123,2.326336250673749,2.3257159514497037,-0.0006202992240451621,0.0006202992240451621,5.363117808201865,5.355937642302688
8.8,4.0,2.214685876105627e-05,5.8482306593563485e-05,7.047750009770255e-06,2.216712040801351e-05,5.853581069824164e-05,7.054197832645793e-06,2.228984267532323e-05,5.885987838387138e-05,7.093251491223866e-06,5.350410467815412e-08,5.350410467815412e-08,3.24067685629744e-07,3.24067685629744e-07,3.775717903078981e-07,3.775717903078981e-07,0.006456171315743784,1.5482467554553723,1.0,0.43712316521321565,1.0009148767857259,1.0,0.0,0.0,action_absolute,0.14447155121369132,1.1961527279681908e-30,0.11517223325097901,0.5937428139271986,1.2483365528538534e-28,0.1526414316992487,0.36027589124483117,0.08885835383790645,0.7386124099816057,0.9135092934867869,1.2831884068045025,1.2087482232265034,0.4659139784211253,0.31283738819342166,0.6714488139067113,0.6133747316044609,0.0688289763884346,1.5836853673193614,1.5836564398931035,-2.8927426257929767e-05,2.8927426257929767e-05,0.21087696354530466,0.2108105494638072
9.600000000000001,4.0,1.0975147177031381e-05,4.357983821566606e-05,3.956029583567981e-06,1.0985331417429411e-05,4.3620277541147216e-05,3.959700528080241e-06,1.1046127067016081e-05,4.3861683376574024e-05,3.981614529271991e-06,4.043932548115865e-08,4.043932548115865e-08,2.4140583542680807e-07,2.4140583542680807e-07,2.818451609079667e-07,2.818451609079667e-07,0.00646732921570712,1.5480056645464257,1.0,0.4369674344285572,1.0009279365673878,1.0,0.0,0.0,action_absolute,0.14653386927074785,1.0543896947516323e-30,0.11485685465158924,0.5829075321658758,1.5205403541630708e-28,0.1066533286499557,0.23877254389671365,0.18728807642891,0.8851615232300806,0.9126874960373046,1.3214390642397256,1.1497013156171452,0.4654103915050293,0.3110229145178905,0.6682766869732206,0.6099277760936943,0.05251232591241639,0.9999999954851798,0.9999999954818355,-3.344324817078359e-12,3.344324817078359e-12,1.0000000225741006,1.0000000225908223
10.4,4.0,7.4220666549472285e-06,2.9967976082658448e-05,2.109988133305607e-06,7.429857080730545e-06,2.99994313773091e-05,2.1122028407072496e-06,7.469441031568766e-06,3.0159258949214055e-05,2.1234559957139253e-06,3.1455294650651185e-08,3.1455294650651185e-08,1.598275719049555e-07,1.598275719049555e-07,1.9128286655560668e-07,1.9128286655560668e-07,0.0063829090769428444,1.5229622419775668,1.0,0.42065728173279693,1.0010496302641156,1.0,0.0,0.0,action_absolute,0.16575096758772026,2.335944854294794e-30,0.12533762689732517,0.5770575943120544,1.8818072698092905e-28,0.19108966093919896,0.472461907610346,0.220824975839357,0.917211259637701,0.9115432852690935,1.3800538893388639,1.2559774722814012,0.48447216627368284,0.3229405198996933,0.6665821947700112,0.6076185237225388,0.07885407227067118,0.49525462254697283,0.4951731125959978,-8.150995097505609e-05,8.150995097505609e-05,5.1160262376413765,5.1169481010575915
11.2,4.0,4.558508246860103e-06,1.6473387406051435e-05,7.956065802688383e-07,4.563824939323121e-06,1.6492600694679894e-05,7.965345144261926e-07,4.587239051801433e-06,1.6577213845460034e-05,8.006210315388316e-07,1.9213288628459153e-08,1.9213288628459153e-08,8.461315078013985e-08,8.461315078013985e-08,1.03826439408599e-07,1.03826439408599e-07,0.0063026769691859955,1.499419168235305,1.0,0.40507781194222237,1.0011663228791305,1.0,0.0,0.0,action_absolute,0.18417832673532633,4.356708029403813e-30,0.1353663151635882,0.5744380164440182,2.578737724986107e-28,0.26361689275729705,0.7159775670150244,0.25761164719784035,0.9184677741127536,0.9102765341667138,1.425828301706297,1.3404293458524341,0.5036498100534615,0.3353439261104357,0.6658275639473378,0.6060872072626486,0.09311009035884932,0.15211174315873593,0.1520621146364741,-4.962852226184089e-05,4.962852226184089e-05,9.73265688476455,9.73343103578493
12.0,4.0,2.5104953464504985e-06,8.248756305240155e-06,4.85994782860837e-07,2.5136408302104543e-06,8.259091448475793e-06,4.866037020126186e-07,2.5260780139030053e-06,8.299956410662801e-06,4.89011356898977e-07,1.0335143235637613e-08,1.0335143235637613e-08,4.086496218700842e-08,4.086496218700842e-08,5.1200105422646034e-08,5.1200105422646034e-08,0.006207009096646526,1.4779687035454037,1.0,0.3906686474340275,1.0012529335154527,1.0,0.0,0.0,action_absolute,0.19785533021414844,7.455237630894957e-30,0.14464355018632655,0.5733932185368268,3.6558279133139662e-28,0.324701506182844,0.9616532811955605,0.21985478162960875,0.8771175005941602,0.9093090937970459,1.4365938236473643,1.407463712250409,0.5221458768328981,0.34750233848205503,0.6655273054914228,0.6051700310535955,0.10017041363194476,0.03820532450549825,0.038185583840038916,-1.974066545933767e-05,1.974066545933767e-05,11.59052961378234,11.590865650381845
12.8,4.0,6.987845798336386e-07,2.0494072950044106e-06,2.054667778023314e-07,6.993121693913718e-07,2.0509546186283005e-06,2.0562190733660848e-07,7.033530017839631e-07,2.0628056405630407e-06,2.0681005148761806e-07,1.5473236238898871e-09,1.5473236238898871e-09,1.185102193474018e-08,1.185102193474018e-08,1.3398345558630067e-08,1.3398345558630067e-08,0.006537668520693556,1.5781226258875372,1.0,0.4562359290923607,1.0007550103035456,1.0,0.0,0.0,action_absolute,0.11922644823586935,4.07509169054919e-30,0.10063809092004923,0.5338320394486294,6.464044150258063e-28,0.11428700520012199,0.2580678072267517,0.17569428045847932,0.7916632387573583,0.9085356921067652,1.2989828824040206,1.1597086448540501,0.43407471217400023,0.2840870754546583,0.6544658499728062,0.5946055839652858,0.054015921142169396,0.002360308190617311,0.0023606380533470906,3.298627297794107e-07,3.298627297794107e-07,12.20872942575641,12.208723662891538
13.600000000000001,4.0,2.2326214311954813e-07,5.624647446325398e-07,8.964829270715869e-08,2.234208564172054e-07,5.6286459134721e-07,8.971202216870595e-08,2.2472149952488763e-07,5.661413040186852e-07,9.023428014041506e-08,3.998467146701799e-10,3.998467146701799e-10,3.276712671475255e-09,3.276712671475255e-09,3.676559386145435e-09,3.676559386145435e-09,0.006536515259365001,1.5835144599575646,1.0,0.4596467185984162,1.0007108831593194,1.0,0.0,0.0,action_absolute,0.11225816892606166,7.260780006694062e-30,0.09808481357269962,0.5280187978328652,1.1763492900019763e-27,0.11527755794505871,0.2605959846057573,0.14219344601157302,0.6820482667808319,0.9078256153828259,1.2636992071706308,1.1610009932696252,0.42871300531334117,0.2799032870735446,0.6528919897565661,0.5927120723792724,0.05420166421504668,0.00017781433066749706,0.0001778387770986909,2.4446431193849956e-08,2.4446431193849956e-08,12.246888446825418,12.246888019067212
14.4,4.0,1.1131809583969892e-07,2.7939468474501134e-07,4.078671190518418e-08,1.1140816691890402e-07,2.7962075203972493e-07,4.081971375569928e-08,1.1203644771625715e-07,2.8119765931597413e-07,4.1049914494257574e-08,2.2606729471359603e-10,2.2606729471359603e-10,1.5769072762492028e-09,1.5769072762492028e-09,1.8029745709627989e-09,1.8029745709627989e-09,0.006453145565772942,1.5609164733916419,1.0,0.4452731317042589,1.0008091324103747,1.0,0.0,0.0,action_absolute,0.12777306877599168,1.8092229763201433e-29,0.10740742647090296,0.532466143070815,1.7068963378979146e-27,0.19599958236239193,0.48756089689181237,0.14358465010708318,0.6958606528090651,0.9074271571564725,1.3078611169102332,1.2618790978739667,0.44461418698476207,0.29081984712582537,0.6540948436622703,0.5935434244951613,0.07820470648164417,4.387572779472405e-05,4.3874491173951826e-05,-1.2366207722267538e-09,1.2366207722267538e-09,12.249232186795336,12.249232208435524
15.200000000000001,4.0,4.969310806488475e-08,1.4683460382002564e-07,1.1758401285242486e-08,4.973947489788128e-08,1.4697160985201997e-07,1.1769372622112524e-08,5.001145279209609e-08,1.477752578406443e-07,1.1833728130258991e-08,1.3700603199433207e-10,1.3700603199433207e-10,8.036479886243264e-10,8.036479886243264e-10,9.406540206186585e-10,9.406540206186585e-10,0.00640621485771578,1.5399344597018174,1.0,0.4317398568847099,1.0009330636541387,1.0,0.0,0.0,action_absolute,0.14734350635812418,3.5532336159481434e-29,0.11619019864791928,0.5368122063074404,2.4988862859392633e-27,0.26351295792832896,0.7155942817054621,0.20614409899481195,0.8193010614035178,0.9071704102133357,1.388117769063747,1.3403122806873127,0.4601734946787464,0.30154151726748596,0.6552778913918028,0.5944487135376314,0.09130651722927832,1.211846841005734e-05,1.2116996748753573e-05,-1.4716613037675242e-09,1.4716613037675242e-09,12.249787927720678,12.249787953474526
16.0,4.0,2.01361072523426e-08,5.6043854424628775e-08,5.233410207626961e-09,2.015655941975136e-08,5.6100777954016086e-08,5.2387257624332484e-09,2.0263471171403862e-08,5.639834026687066e-08,5.266512317471009e-09,5.6923529387310685e-11,5.6923529387310685e-11,2.9756231285457683e-10,2.9756231285457683e-10,3.544858422418875e-10,3.544858422418875e-10,0.006325151006853426,1.520124718640573,1.0,0.4187923832293445,1.0010156961895593,1.0,0.0,0.0,action_absolute,0.16039231332230816,6.994430275196508e-29,0.12459912372608362,0.5413067695156821,4.0656792509449235e-27,0.3217878591111364,0.9489298103375201,0.18083051406094844,0.7858388735956685,0.9070198917735229,1.4025612764697226,1.4043428740235022,0.4756730151147514,0.3122837141974174,0.6565092075321575,0.5954669103641388,0.0983175593298637,1.765415635176153e-06,1.7649168986339067e-06,-4.987365422462517e-10,4.987365422462517e-10,12.24996910524586,12.249969113973739
16.8,4.0,9.34728425409749e-09,2.5006055676432366e-08,2.2325758799479075e-09,9.35760714911151e-09,2.5033671706976147e-08,2.2350414780610102e-09,9.405766988247587e-09,2.516250994341652e-08,2.246544337320933e-09,2.7616030543781762e-11,2.7616030543781762e-11,1.2883823644037191e-10,1.2883823644037191e-10,1.5645426698415368e-10,1.5645426698415368e-10,0.006256655148201091,1.5013415333766713,1.0,0.40635906399495303,1.0011043737125567,1.0,0.0,0.0,action_absolute,0.17439570646233993,1.2114193813159498e-28,0.13268580337603814,0.546433925493272,6.1675384450814685e-27,0.3729068193667717,1.1893186878231288,0.1777839621892827,0.7800413726494058,0.9059672936403784,1.425909743393058,1.4580718575681215,0.49118714925939544,0.323163573294922,0.6579235099741171,0.5960571817536294,0.10152646530847355,3.514644177937844e-07,3.5131729783422966e-07,-1.4711995955475228e-10,1.4711995955475228e-10,12.249993849373459,12.249993851948055
17.6,4.0,3.373969309809473e-09,7.319585854357583e-09,8.429917591522123e-10,3.376740192074226e-09,7.325597085867665e-09,8.43684068625205e-10,3.3957529973167143e-09,7.366844011232386e-09,8.484344491610281e-10,6.011231510081862e-12,6.011231510081862e-12,4.124692536472119e-11,4.124692536472119e-11,4.725815687480305e-11,4.725815687480305e-11,0.006456397645321526,1.559816346703205,1.0,0.44456808785883606,1.0008212529547014,1.0,0.0,0.0,action_absolute,0.12968706841803607,1.3765603196733684e-28,0.10702376707827714,0.5256494824568092,1.0429280855287378e-26,0.2679119024066777,0.7319116463917812,0.1320001313909301,0.6930149040286594,0.9085982602094113,1.3402097100582362,1.345257621215382,0.4413776362764375,0.28789050210285383,0.6522543927045417,0.5926372064252926,0.09167590144749349,5.6207073804593766e-08,5.548704728925223e-08,-7.200265153415329e-10,7.200265153415329e-10,12.249999016376224,12.249999028976692
18.4,4.0,1.7949803590232282e-09,1.9969300124387082e-09,3.8732741948561017e-10,1.796151055786763e-09,1.9982324219557905e-09,3.875800367101612e-10,1.8066953247695973e-09,2.0099630055720405e-09,3.898553175927363e-10,1.3024095170822066e-12,1.3024095170822066e-12,1.1730583616250023e-11,1.1730583616250023e-11,1.303299313333223e-11,1.303299313333223e-11,0.006526514726180095,1.5896510516836373,1.0,0.463514527796402,1.0006522058905267,1.0,0.0,0.0,action_absolute,0.10299222604095098,1.5929984900300025e-28,0.09421603304878111,0.5139240325215798,1.686044268142297e-26,0.20297833384972,0.5093420730458487,0.0,0.5139240325215797,0.9043734450498737,1.229970175055255,1.2702190003210754,0.41792377909475464,0.27128778987899543,0.649132218479215,0.5870579407189149,0.07894833438248254,5.6207073804593766e-08,5.548704728925223e-08,-7.200265153415329e-10,7.200265153415329e-10,12.249999016376224,12.249999028976692
19.200000000000003,4.0,1.8603064690849132e-09,2.063041699959558e-09,3.88760954464617e-10,1.8616671120336053e-09,2.064550625068703e-09,3.890452973189851e-10,1.8723087245310508e-09,2.076351954958095e-09,3.912691477975487e-10,1.5089251091452375e-12,1.5089251091452375e-12,1.1801329889391715e-11,1.1801329889391715e-11,1.3310254998536952e-11,1.3310254998536952e-11,0.006451762462580312,1.5704009692603986,1.0,0.4513309811859851,1.0007314079541751,1.0,0.0,0.0,action_absolute,0.11549931461629442,2.1148905266644166e-28,0.10217329191624851,0.5190615771644347,1.6870931452033958e-26,0.26851220272081255,0.7341536078101636,0.0,0.5190615771644347,0.9050431796499754,1.264021495651515,1.3459310085035026,0.43121091235090875,0.280499844820054,0.6504933822078004,0.5887245989746144,0.0911567107750155,5.6207073804593766e-08,5.548704728925223e-08,-7.200265153415329e-10,7.200265153415329e-10,12.249999016376224,12.249999028976692
20.0,4.0,0.0,0.0,0.0,1e-30,1e-30,1e-30,1.0055641423643005e-30,1.0055641423643005e-30,1.0055641423643005e-30,1e-30,1e-30,5.564142364300414e-33,5.564142364300414e-33,1.0055641423643005e-30,1.0055641423643005e-30,1.0055641423643005,1.5516627094173834,1.0,0.43932707173589636,1.0,1.0,0.0,0.0,action_absolute,0.0,0.0,0.11002090405486509,0.0,0.0,0.3261537967964966,0.9680363122799913,0.0,0.0,-0.0,1.1630768983982482,1.409016545507328,0.0,0.0,0.0,-0.0,-0.0,5.6207073804593766e-08,5.548704728925223e-08,-7.200265153415329e-10,7.200265153415329e-10,12.249999016376224,12.249999028976692
