channel,layer_N,mu_ref,mu_min,mu_p10,mu_p50,mu_p90,mu_max,mu_mean,mu_std,f_mu_gt_0p8,f_mu_gt_1p0,f_mu_gt_1p2,obs_mu,obs_sigma,f_chi2_le_1,f_chi2_le_4,best_chi2,best_D,best_eta,obs_source
ee,1,1.0,0.0003228997463611808,0.0059236480965868124,0.3984822245405263,108.21218157195202,496.0086236928816,32.52839564465829,78.70809098020345,0.44555555555555554,0.4286111111111111,0.41444444444444445,nan,nan,nan,nan,nan,nan,nan,
mumu,2,1.0,0.00018403396438184137,0.0035907979751340626,0.31700888812756617,220.1476455841404,2301.4836949710007,84.96125979200215,267.1166567980981,0.43583333333333335,0.4197222222222222,0.4063888888888889,1.4,0.4,0.04388888888888889,0.0961111111111111,7.283863987103455e-08,11.050847457627118,3.1627118644067798,"ATLAS Collaboration, arXiv:2507.03595"
tautau,3,1.0,0.00023514644931527592,0.004623507073322503,0.33205064766583825,219.8723701055813,3814.645069362871,110.6824229944997,391.61967718520776,0.43222222222222223,0.41555555555555557,0.4038888888888889,nan,nan,nan,nan,nan,nan,nan,
