channel,layer_N,mu_ref,mu_min,mu_p10,mu_p50,mu_p90,mu_max,mu_mean,mu_std,f_mu_gt_0p8,f_mu_gt_1p0,f_mu_gt_1p2,obs_mu,obs_sigma,f_chi2_le_1,f_chi2_le_4,best_chi2,best_D,best_eta,obs_source
ee,1,1.0,0.00029779158040027607,0.005821359558316081,0.3690866114561766,69.80155621118011,285.7275655624569,19.86965709857373,47.253378123110856,0.43777777777777777,0.41944444444444445,0.405,nan,nan,nan,nan,nan,nan,nan,
mumu,2,1.0,0.00024584338685484637,0.004829018581452893,0.33881358051175137,170.1551103400497,2022.2913585350304,70.34193783314987,225.66519985800778,0.4330555555555556,0.41694444444444445,0.4036111111111111,1.4,0.4,0.0425,0.09416666666666666,3.045043359054686e-07,9.966101694915254,1.359322033898305,"ATLAS Collaboration, arXiv:2507.03595"
tautau,3,1.0,0.00023514644931527592,0.004623507073322503,0.33205064766583825,219.8723701055813,3814.645069362871,110.6824229944997,391.61967718520776,0.43222222222222223,0.41555555555555557,0.4038888888888889,nan,nan,nan,nan,nan,nan,nan,
