point,D,eta,chi_interp,chi_direct,delta_chi_rel,winner_surrogate,winner_direct,winner_match,R3_surrogate,R3_direct,delta_R3_abs,P1_surrogate,P2_surrogate,P3_surrogate,P1_direct,P2_direct,P3_direct,mu_mumu_surrogate,mu_mumu_direct,delta_mu_abs,delta_mu_rel,solve_s_direct,build_s_direct
gen3_zone,4.0,0.2,0.0004018269779724134,0.00052658181469949,0.310469041567541,3,3,1,0.8678185285370914,0.8678185285641957,2.7104318789383797e-11,0.008994756050091797,0.3890966763679331,0.46972709611906655,0.00899475603921762,0.3890966769737864,0.46972709555119174,114.15143293894306,114.15143325468853,3.157454671054438e-07,2.7660228082667057e-09,0.11215996742248535,0.005399227142333984
gen2_zone,5.0,2.0,0.0004018269779724134,0.0003311295553755475,-0.17593996041181548,2,2,1,0.8996681715357631,0.8996681715357779,1.4876988529977098e-14,0.025292939673607386,0.45916478542520767,0.41521044643694793,0.025292939673607805,0.4591647854252153,0.41521044643695487,395.59830534263267,395.59830534263267,0.0,0.0,0.12967586517333984,0.0034008026123046875
gen1_zone,11.0,1.4,0.00025148276173943523,0.0003064312992693082,0.2184982268757089,2,2,1,0.9262176370417814,0.9262176370417814,0.0,0.09123474526074929,0.48061700025946236,0.3543658915215698,0.09123474526074929,0.48061700025946236,0.3543658915215698,0.5811779105203089,0.5811779105203089,0.0,0.0,0.1626598834991455,0.0039789676666259766
